Rhodotorula_pacifica_TFCN_1A-1-3.scaffolds.fa	/bigdata/stajichlab/shared/projects/Rhodotorula/Rhodotorula_Metabolites/Rhodotorula_pheno_MS/BFD/input/dna/Rhodotorula_mucilaginosa_TFCN_98C-8.scaffolds.fa	99.9986	6339	6349
Rhodotorula_pacifica_TFCN_1A-1-3.scaffolds.fa	/bigdata/stajichlab/shared/projects/Rhodotorula/Rhodotorula_Metabolites/Rhodotorula_pheno_MS/BFD/input/dna/Rhodotorula_mucilaginosa_TFCN_4M-1-3.scaffolds.fa	99.9979	6336	6349
Rhodotorula_pacifica_TFCN_1A-1-3.scaffolds.fa	/bigdata/stajichlab/shared/projects/Rhodotorula/Rhodotorula_Metabolites/Rhodotorula_pheno_MS/BFD/input/dna/Rhodotorula_mucilaginosa_TFCN_4M-1-5.scaffolds.fa	99.9974	6340	6349
Rhodotorula_pacifica_TFCN_1A-1-3.scaffolds.fa	/bigdata/stajichlab/shared/projects/Rhodotorula/Rhodotorula_Metabolites/Rhodotorula_pheno_MS/BFD/input/dna/Rhodotorula_mucilaginosa_TFCN_181A-1.scaffolds.fa	99.997	6332	6349
Rhodotorula_pacifica_TFCN_1A-1-3.scaffolds.fa	/bigdata/stajichlab/shared/projects/Rhodotorula/Rhodotorula_Metabolites/Rhodotorula_pheno_MS/BFD/input/dna/Rhodotorula_mucilaginosa_TFCN_152A-12.scaffolds.fa	99.9965	6331	6349
Rhodotorula_pacifica_TFCN_1A-1-3.scaffolds.fa	/bigdata/stajichlab/shared/projects/Rhodotorula/Rhodotorula_Metabolites/Rhodotorula_pheno_MS/BFD/input/dna/Rhodotorula_mucilaginosa_TFCN_86A-3.scaffolds.fa	99.9942	6281	6349
Rhodotorula_pacifica_TFCN_1A-1-3.scaffolds.fa	/bigdata/stajichlab/shared/projects/Rhodotorula/Rhodotorula_Metabolites/Rhodotorula_pheno_MS/BFD/input/dna/Rhodotorula_mucilaginosa_TFCN_98D-7.scaffolds.fa	99.9934	6327	6349
Rhodotorula_pacifica_TFCN_1A-1-3.scaffolds.fa	/bigdata/stajichlab/shared/projects/Rhodotorula/Rhodotorula_Metabolites/Rhodotorula_pheno_MS/BFD/input/dna/Rhodotorula_mucilaginosa_TFCN_209-6-4.scaffolds.fa	99.9933	6333	6349
Rhodotorula_pacifica_TFCN_1A-1-3.scaffolds.fa	/bigdata/stajichlab/shared/projects/Rhodotorula/Rhodotorula_Metabolites/Rhodotorula_pheno_MS/BFD/input/dna/Rhodotorula_mucilaginosa_TFCN_98C-3.scaffolds.fa	99.993	6309	6349
Rhodotorula_pacifica_TFCN_1A-1-3.scaffolds.fa	/bigdata/stajichlab/shared/projects/Rhodotorula/Rhodotorula_Metabolites/Rhodotorula_pheno_MS/BFD/input/dna/Rhodotorula_mucilaginosa_TFCN_110C-1.scaffolds.fa	99.993	6336	6349
Rhodotorula_pacifica_TFCN_1A-1-3.scaffolds.fa	/bigdata/stajichlab/shared/projects/Rhodotorula/Rhodotorula_Metabolites/Rhodotorula_pheno_MS/BFD/input/dna/Rhodotorula_mucilaginosa_TFCN_209-6-2.scaffolds.fa	99.9927	6338	6349
Rhodotorula_pacifica_TFCN_1A-1-3.scaffolds.fa	/bigdata/stajichlab/shared/projects/Rhodotorula/Rhodotorula_Metabolites/Rhodotorula_pheno_MS/BFD/input/dna/Rhodotorula_mucilaginosa_DBVPG_4203.scaffolds.fa	99.9927	6324	6349
Rhodotorula_pacifica_TFCN_1A-1-3.scaffolds.fa	/bigdata/stajichlab/shared/projects/Rhodotorula/Rhodotorula_Metabolites/Rhodotorula_pheno_MS/BFD/input/dna/Rhodotorula_mucilaginosa_TFCN_209-6-5.scaffolds.fa	99.9926	6329	6349
Rhodotorula_pacifica_TFCN_1A-1-3.scaffolds.fa	/bigdata/stajichlab/shared/projects/Rhodotorula/Rhodotorula_Metabolites/Rhodotorula_pheno_MS/BFD/input/dna/Rhodotorula_mucilaginosa_TFCN_98A-5.scaffolds.fa	99.9925	6318	6349
Rhodotorula_pacifica_TFCN_1A-1-3.scaffolds.fa	/bigdata/stajichlab/shared/projects/Rhodotorula/Rhodotorula_Metabolites/Rhodotorula_pheno_MS/BFD/input/dna/Rhodotorula_mucilaginosa_TFCN_98C-5.scaffolds.fa	99.9925	6279	6349
Rhodotorula_pacifica_TFCN_1A-1-3.scaffolds.fa	/bigdata/stajichlab/shared/projects/Rhodotorula/Rhodotorula_Metabolites/Rhodotorula_pheno_MS/BFD/input/dna/Rhodotorula_mucilaginosa_TFCN_212C-2.scaffolds.fa	99.9924	6333	6349
Rhodotorula_pacifica_TFCN_1A-1-3.scaffolds.fa	/bigdata/stajichlab/shared/projects/Rhodotorula/Rhodotorula_Metabolites/Rhodotorula_pheno_MS/BFD/input/dna/Rhodotorula_mucilaginosa_TFCN_25-325Y-1.scaffolds.fa	99.9921	6323	6349
Rhodotorula_pacifica_TFCN_1A-1-3.scaffolds.fa	/bigdata/stajichlab/shared/projects/Rhodotorula/Rhodotorula_Metabolites/Rhodotorula_pheno_MS/BFD/input/dna/Rhodotorula_mucilaginosa_TFCN_213-6-4.scaffolds.fa	99.992	6319	6349
Rhodotorula_pacifica_TFCN_1A-1-3.scaffolds.fa	/bigdata/stajichlab/shared/projects/Rhodotorula/Rhodotorula_Metabolites/Rhodotorula_pheno_MS/BFD/input/dna/Rhodotorula_mucilaginosa_TFCN_17-338D-3.scaffolds.fa	99.9914	6327	6349
Rhodotorula_pacifica_TFCN_1A-1-3.scaffolds.fa	/bigdata/stajichlab/shared/projects/Rhodotorula/Rhodotorula_Metabolites/Rhodotorula_pheno_MS/BFD/input/dna/Rhodotorula_mucilaginosa_TFCN_25-332C-1.scaffolds.fa	99.9914	6212	6349
Rhodotorula_pacifica_TFCN_1A-1-3.scaffolds.fa	/bigdata/stajichlab/shared/projects/Rhodotorula/Rhodotorula_Metabolites/Rhodotorula_pheno_MS/BFD/input/dna/Rhodotorula_mucilaginosa_TFCN_130D-4.scaffolds.fa	99.9913	6291	6349
Rhodotorula_pacifica_TFCN_1A-1-3.scaffolds.fa	/bigdata/stajichlab/shared/projects/Rhodotorula/Rhodotorula_Metabolites/Rhodotorula_pheno_MS/BFD/input/dna/Rhodotorula_mucilaginosa_TFCN_106A-1.scaffolds.fa	99.9913	6309	6349
Rhodotorula_pacifica_TFCN_1A-1-3.scaffolds.fa	/bigdata/stajichlab/shared/projects/Rhodotorula/Rhodotorula_Metabolites/Rhodotorula_pheno_MS/BFD/input/dna/Rhodotorula_mucilaginosa_DBVPG_4201.scaffolds.fa	99.9912	6310	6349
Rhodotorula_pacifica_TFCN_1A-1-3.scaffolds.fa	/bigdata/stajichlab/shared/projects/Rhodotorula/Rhodotorula_Metabolites/Rhodotorula_pheno_MS/BFD/input/dna/Rhodotorula_mucilaginosa_TFCN_17-334Y-2.scaffolds.fa	99.9911	6338	6349
Rhodotorula_pacifica_TFCN_1A-1-3.scaffolds.fa	/bigdata/stajichlab/shared/projects/Rhodotorula/Rhodotorula_Metabolites/Rhodotorula_pheno_MS/BFD/input/dna/Rhodotorula_mucilaginosa_TFCN_17-332P-1.scaffolds.fa	99.9909	6234	6349
Rhodotorula_pacifica_TFCN_1A-1-3.scaffolds.fa	/bigdata/stajichlab/shared/projects/Rhodotorula/Rhodotorula_Metabolites/Rhodotorula_pheno_MS/BFD/input/dna/Rhodotorula_mucilaginosa_TFCN_122C-2.scaffolds.fa	99.9909	6325	6349
Rhodotorula_pacifica_TFCN_1A-1-3.scaffolds.fa	/bigdata/stajichlab/shared/projects/Rhodotorula/Rhodotorula_Metabolites/Rhodotorula_pheno_MS/BFD/input/dna/Rhodotorula_mucilaginosa_TFCN_98D-11.scaffolds.fa	99.9909	6309	6349
Rhodotorula_pacifica_TFCN_1A-1-3.scaffolds.fa	/bigdata/stajichlab/shared/projects/Rhodotorula/Rhodotorula_Metabolites/Rhodotorula_pheno_MS/BFD/input/dna/Rhodotorula_mucilaginosa_TFCN_105A-2.scaffolds.fa	99.9908	6330	6349
Rhodotorula_pacifica_TFCN_1A-1-3.scaffolds.fa	/bigdata/stajichlab/shared/projects/Rhodotorula/Rhodotorula_Metabolites/Rhodotorula_pheno_MS/BFD/input/dna/Rhodotorula_mucilaginosa_TFCN_25-332D-1.scaffolds.fa	99.9908	6210	6349
Rhodotorula_pacifica_TFCN_1A-1-3.scaffolds.fa	/bigdata/stajichlab/shared/projects/Rhodotorula/Rhodotorula_Metabolites/Rhodotorula_pheno_MS/BFD/input/dna/Rhodotorula_mucilaginosa_TFCN_25-0-2E333-7.scaffolds.fa	99.9907	6315	6349
Rhodotorula_pacifica_TFCN_1A-1-3.scaffolds.fa	/bigdata/stajichlab/shared/projects/Rhodotorula/Rhodotorula_Metabolites/Rhodotorula_pheno_MS/BFD/input/dna/Rhodotorula_mucilaginosa_TFCN_209-6-17.scaffolds.fa	99.9906	6321	6349
Rhodotorula_pacifica_TFCN_1A-1-3.scaffolds.fa	/bigdata/stajichlab/shared/projects/Rhodotorula/Rhodotorula_Metabolites/Rhodotorula_pheno_MS/BFD/input/dna/Rhodotorula_mucilaginosa_TFCN_17-334C-1.scaffolds.fa	99.9905	6313	6349
Rhodotorula_pacifica_TFCN_1A-1-3.scaffolds.fa	/bigdata/stajichlab/shared/projects/Rhodotorula/Rhodotorula_Metabolites/Rhodotorula_pheno_MS/BFD/input/dna/Rhodotorula_mucilaginosa_TFCN_25-332M-1.scaffolds.fa	99.9904	6207	6349
Rhodotorula_pacifica_TFCN_1A-1-3.scaffolds.fa	/bigdata/stajichlab/shared/projects/Rhodotorula/Rhodotorula_Metabolites/Rhodotorula_pheno_MS/BFD/input/dna/Rhodotorula_mucilaginosa_DH4148.scaffolds.fa	99.9903	6339	6349
Rhodotorula_pacifica_TFCN_1A-1-3.scaffolds.fa	/bigdata/stajichlab/shared/projects/Rhodotorula/Rhodotorula_Metabolites/Rhodotorula_pheno_MS/BFD/input/dna/Rhodotorula_mucilaginosa_TFCN_342-3.scaffolds.fa	99.9903	6321	6349
Rhodotorula_pacifica_TFCN_1A-1-3.scaffolds.fa	/bigdata/stajichlab/shared/projects/Rhodotorula/Rhodotorula_Metabolites/Rhodotorula_pheno_MS/BFD/input/dna/Rhodotorula_mucilaginosa_TFCN_4M-1-4.scaffolds.fa	99.9901	6313	6349
Rhodotorula_pacifica_TFCN_1A-1-3.scaffolds.fa	/bigdata/stajichlab/shared/projects/Rhodotorula/Rhodotorula_Metabolites/Rhodotorula_pheno_MS/BFD/input/dna/Rhodotorula_mucilaginosa_DBVPG_4202.scaffolds.fa	99.9898	6314	6349
Rhodotorula_pacifica_TFCN_1A-1-3.scaffolds.fa	/bigdata/stajichlab/shared/projects/Rhodotorula/Rhodotorula_Metabolites/Rhodotorula_pheno_MS/BFD/input/dna/Rhodotorula_mucilaginosa_TFCN_209-6-1.scaffolds.fa	99.9898	6300	6349
Rhodotorula_pacifica_TFCN_1A-1-3.scaffolds.fa	/bigdata/stajichlab/shared/projects/Rhodotorula/Rhodotorula_Metabolites/Rhodotorula_pheno_MS/BFD/input/dna/Rhodotorula_mucilaginosa_TFCN_25-337Y-1.scaffolds.fa	99.9897	6016	6349
Rhodotorula_pacifica_TFCN_1A-1-3.scaffolds.fa	/bigdata/stajichlab/shared/projects/Rhodotorula/Rhodotorula_Metabolites/Rhodotorula_pheno_MS/BFD/input/dna/Rhodotorula_mucilaginosa_TFCN_209-6-14.scaffolds.fa	99.9893	6322	6349
Rhodotorula_pacifica_TFCN_1A-1-3.scaffolds.fa	/bigdata/stajichlab/shared/projects/Rhodotorula/Rhodotorula_Metabolites/Rhodotorula_pheno_MS/BFD/input/dna/Rhodotorula_mucilaginosa_DBVPG_4466.scaffolds.fa	99.9889	6313	6349
Rhodotorula_pacifica_TFCN_1A-1-3.scaffolds.fa	/bigdata/stajichlab/shared/projects/Rhodotorula/Rhodotorula_Metabolites/Rhodotorula_pheno_MS/BFD/input/dna/Rhodotorula_mucilaginosa_TFCN_98D-9.scaffolds.fa	99.9889	6306	6349
Rhodotorula_pacifica_TFCN_1A-1-3.scaffolds.fa	/bigdata/stajichlab/shared/projects/Rhodotorula/Rhodotorula_Metabolites/Rhodotorula_pheno_MS/BFD/input/dna/Rhodotorula_mucilaginosa_TFCN_172A-1.scaffolds.fa	99.9887	6315	6349
Rhodotorula_pacifica_TFCN_1A-1-3.scaffolds.fa	/bigdata/stajichlab/shared/projects/Rhodotorula/Rhodotorula_Metabolites/Rhodotorula_pheno_MS/BFD/input/dna/Rhodotorula_mucilaginosa_TFCN_17-325D-2.scaffolds.fa	99.9884	6315	6349
Rhodotorula_pacifica_TFCN_1A-1-3.scaffolds.fa	/bigdata/stajichlab/shared/projects/Rhodotorula/Rhodotorula_Metabolites/Rhodotorula_pheno_MS/BFD/input/dna/Rhodotorula_mucilaginosa_DBVPG_4304.scaffolds.fa	99.9882	6318	6349
Rhodotorula_pacifica_TFCN_1A-1-3.scaffolds.fa	/bigdata/stajichlab/shared/projects/Rhodotorula/Rhodotorula_Metabolites/Rhodotorula_pheno_MS/BFD/input/dna/Rhodotorula_mucilaginosa_DBVPG_5236.scaffolds.fa	99.9881	6317	6349
Rhodotorula_pacifica_TFCN_1A-1-3.scaffolds.fa	/bigdata/stajichlab/shared/projects/Rhodotorula/Rhodotorula_Metabolites/Rhodotorula_pheno_MS/BFD/input/dna/Rhodotorula_mucilaginosa_DBVPG_6742.scaffolds.fa	99.9881	6318	6349
Rhodotorula_pacifica_TFCN_1A-1-3.scaffolds.fa	/bigdata/stajichlab/shared/projects/Rhodotorula/Rhodotorula_Metabolites/Rhodotorula_pheno_MS/BFD/input/dna/Rhodotorula_mucilaginosa_TFCN_17-332C-2.scaffolds.fa	99.988	6220	6349
Rhodotorula_pacifica_TFCN_1A-1-3.scaffolds.fa	/bigdata/stajichlab/shared/projects/Rhodotorula/Rhodotorula_Metabolites/Rhodotorula_pheno_MS/BFD/input/dna/Rhodotorula_mucilaginosa_TFCN_17-333D-2.scaffolds.fa	99.9879	6277	6349
Rhodotorula_pacifica_TFCN_1A-1-3.scaffolds.fa	/bigdata/stajichlab/shared/projects/Rhodotorula/Rhodotorula_Metabolites/Rhodotorula_pheno_MS/BFD/input/dna/Rhodotorula_mucilaginosa_DBVPG_6803.scaffolds.fa	99.9869	6315	6349
Rhodotorula_pacifica_TFCN_1A-1-3.scaffolds.fa	/bigdata/stajichlab/shared/projects/Rhodotorula/Rhodotorula_Metabolites/Rhodotorula_pheno_MS/BFD/input/dna/Rhodotorula_mucilaginosa_TFCN_102C-1.scaffolds.fa	99.9867	6304	6349
Rhodotorula_pacifica_TFCN_1A-1-3.scaffolds.fa	/bigdata/stajichlab/shared/projects/Rhodotorula/Rhodotorula_Metabolites/Rhodotorula_pheno_MS/BFD/input/dna/Rhodotorula_mucilaginosa_DBVPG_7019.scaffolds.fa	99.9863	6318	6349
Rhodotorula_pacifica_TFCN_1A-1-3.scaffolds.fa	/bigdata/stajichlab/shared/projects/Rhodotorula/Rhodotorula_Metabolites/Rhodotorula_pheno_MS/BFD/input/dna/Rhodotorula_mucilaginosa_TFCN_209-6-11.scaffolds.fa	99.9856	6299	6349
Rhodotorula_pacifica_TFCN_1A-1-3.scaffolds.fa	/bigdata/stajichlab/shared/projects/Rhodotorula/Rhodotorula_Metabolites/Rhodotorula_pheno_MS/BFD/input/dna/Rhodotorula_mucilaginosa_TFCN_17-332C-1.scaffolds.fa	99.9854	6203	6349
Rhodotorula_pacifica_TFCN_1A-1-3.scaffolds.fa	/bigdata/stajichlab/shared/projects/Rhodotorula/Rhodotorula_Metabolites/Rhodotorula_pheno_MS/BFD/input/dna/Rhodotorula_mucilaginosa_TFCN_209-6-12.scaffolds.fa	99.9852	6302	6349
Rhodotorula_pacifica_TFCN_1A-1-3.scaffolds.fa	/bigdata/stajichlab/shared/projects/Rhodotorula/Rhodotorula_Metabolites/Rhodotorula_pheno_MS/BFD/input/dna/Rhodotorula_mucilaginosa_DBVPG_6741.scaffolds.fa	99.9851	6304	6349
Rhodotorula_pacifica_TFCN_1A-1-3.scaffolds.fa	/bigdata/stajichlab/shared/projects/Rhodotorula/Rhodotorula_Metabolites/Rhodotorula_pheno_MS/BFD/input/dna/Rhodotorula_mucilaginosa_TFCN_54D-2.scaffolds.fa	99.985	6061	6349
Rhodotorula_pacifica_TFCN_1A-1-3.scaffolds.fa	/bigdata/stajichlab/shared/projects/Rhodotorula/Rhodotorula_Metabolites/Rhodotorula_pheno_MS/BFD/input/dna/Rhodotorula_mucilaginosa_TFCN_138A-1.scaffolds.fa	99.9841	6307	6349
Rhodotorula_pacifica_TFCN_1A-1-3.scaffolds.fa	/bigdata/stajichlab/shared/projects/Rhodotorula/Rhodotorula_Metabolites/Rhodotorula_pheno_MS/BFD/input/dna/Rhodotorula_mucilaginosa_TFCN_25-332P-2.scaffolds.fa	99.9841	6192	6349
Rhodotorula_pacifica_TFCN_1A-1-3.scaffolds.fa	/bigdata/stajichlab/shared/projects/Rhodotorula/Rhodotorula_Metabolites/Rhodotorula_pheno_MS/BFD/input/dna/Rhodotorula_mucilaginosa_TFCN_86A-12.scaffolds.fa	99.9839	6305	6349
Rhodotorula_pacifica_TFCN_1A-1-3.scaffolds.fa	/bigdata/stajichlab/shared/projects/Rhodotorula/Rhodotorula_Metabolites/Rhodotorula_pheno_MS/BFD/input/dna/Rhodotorula_mucilaginosa_TFCN_213-6-2.scaffolds.fa	99.9839	6303	6349
Rhodotorula_pacifica_TFCN_1A-1-3.scaffolds.fa	/bigdata/stajichlab/shared/projects/Rhodotorula/Rhodotorula_Metabolites/Rhodotorula_pheno_MS/BFD/input/dna/Rhodotorula_mucilaginosa_TFCN_17-332P-2.scaffolds.fa	99.9838	6189	6349
Rhodotorula_pacifica_TFCN_1A-1-3.scaffolds.fa	/bigdata/stajichlab/shared/projects/Rhodotorula/Rhodotorula_Metabolites/Rhodotorula_pheno_MS/BFD/input/dna/Rhodotorula_mucilaginosa_TFCN_17-325D-4.scaffolds.fa	99.9835	6303	6349
Rhodotorula_pacifica_TFCN_1A-1-3.scaffolds.fa	/bigdata/stajichlab/shared/projects/Rhodotorula/Rhodotorula_Metabolites/Rhodotorula_pheno_MS/BFD/input/dna/Rhodotorula_mucilaginosa_TFCN_25-335Y-1.scaffolds.fa	99.9829	6181	6349
Rhodotorula_pacifica_TFCN_1A-1-3.scaffolds.fa	/bigdata/stajichlab/shared/projects/Rhodotorula/Rhodotorula_Metabolites/Rhodotorula_pheno_MS/BFD/input/dna/Rhodotorula_mucilaginosa_TFCN_141C-2.scaffolds.fa	99.9828	6253	6349
Rhodotorula_pacifica_TFCN_1A-1-3.scaffolds.fa	/bigdata/stajichlab/shared/projects/Rhodotorula/Rhodotorula_Metabolites/Rhodotorula_pheno_MS/BFD/input/dna/Rhodotorula_mucilaginosa_TFCN_137C-3.scaffolds.fa	99.9824	6290	6349
Rhodotorula_pacifica_TFCN_1A-1-3.scaffolds.fa	/bigdata/stajichlab/shared/projects/Rhodotorula/Rhodotorula_Metabolites/Rhodotorula_pheno_MS/BFD/input/dna/Rhodotorula_mucilaginosa_TFCN_25-332Y-1.scaffolds.fa	99.981	6129	6349
Rhodotorula_pacifica_TFCN_1A-1-3.scaffolds.fa	/bigdata/stajichlab/shared/projects/Rhodotorula/Rhodotorula_Metabolites/Rhodotorula_pheno_MS/BFD/input/dna/Rhodotorula_mucilaginosa_TFCN_152A-5.scaffolds.fa	99.9806	6190	6349
Rhodotorula_pacifica_TFCN_1A-1-3.scaffolds.fa	/bigdata/stajichlab/shared/projects/Rhodotorula/Rhodotorula_Metabolites/Rhodotorula_pheno_MS/BFD/input/dna/Rhodotorula_mucilaginosa_TFCN_102D-2.scaffolds.fa	99.9803	6304	6349
Rhodotorula_pacifica_TFCN_1A-1-3.scaffolds.fa	/bigdata/stajichlab/shared/projects/Rhodotorula/Rhodotorula_Metabolites/Rhodotorula_pheno_MS/BFD/input/dna/Rhodotorula_mucilaginosa_TFCN_102C-2.scaffolds.fa	99.9779	6035	6349
Rhodotorula_pacifica_TFCN_1A-1-3.scaffolds.fa	/bigdata/stajichlab/shared/projects/Rhodotorula/Rhodotorula_Metabolites/Rhodotorula_pheno_MS/BFD/input/dna/Rhodotorula_mucilaginosa_TFCN_137D-4.scaffolds.fa	99.9764	6279	6349
Rhodotorula_pacifica_TFCN_1A-1-3.scaffolds.fa	/bigdata/stajichlab/shared/projects/Rhodotorula/Rhodotorula_Metabolites/Rhodotorula_pheno_MS/BFD/input/dna/Rhodotorula_mucilaginosa_TFCN_25-337M-3.scaffolds.fa	99.9752	6177	6349
Rhodotorula_pacifica_TFCN_1A-1-3.scaffolds.fa	/bigdata/stajichlab/shared/projects/Rhodotorula/Rhodotorula_Metabolites/Rhodotorula_pheno_MS/BFD/input/dna/Rhodotorula_mucilaginosa_TFCN_17-325P-1.scaffolds.fa	99.9728	6054	6349
Rhodotorula_pacifica_TFCN_1A-1-3.scaffolds.fa	/bigdata/stajichlab/shared/projects/Rhodotorula/Rhodotorula_Metabolites/Rhodotorula_pheno_MS/BFD/input/dna/Rhodotorula_mucilaginosa_TFCN_17-332M-2.scaffolds.fa	99.9704	6149	6349
Rhodotorula_pacifica_TFCN_1A-1-3.scaffolds.fa	/bigdata/stajichlab/shared/projects/Rhodotorula/Rhodotorula_Metabolites/Rhodotorula_pheno_MS/BFD/input/dna/Rhodotorula_mucilaginosa_DBVPG_10886.scaffolds.fa	99.9689	5995	6349
Rhodotorula_pacifica_TFCN_1A-1-3.scaffolds.fa	/bigdata/stajichlab/shared/projects/Rhodotorula/Rhodotorula_Metabolites/Rhodotorula_pheno_MS/BFD/input/dna/Rhodotorula_mucilaginosa_TFCN_25-0-2E332-1.scaffolds.fa	99.9183	5928	6349
Rhodotorula_pacifica_TFCN_1A-1-3.scaffolds.fa	/bigdata/stajichlab/shared/projects/Rhodotorula/Rhodotorula_Metabolites/Rhodotorula_pheno_MS/BFD/input/dna/Rhodotorula_mucilaginosa_TFCN_25-0-2E333-1.scaffolds.fa	99.6923	6278	6349
Rhodotorula_pacifica_TFCN_1A-1-3.scaffolds.fa	/bigdata/stajichlab/shared/projects/Rhodotorula/Rhodotorula_Metabolites/Rhodotorula_pheno_MS/BFD/input/dna/Rhodotorula_mucilaginosa_TFCN_17-337P-5.scaffolds.fa	99.6859	6272	6349
Rhodotorula_pacifica_TFCN_1A-1-3.scaffolds.fa	/bigdata/stajichlab/shared/projects/Rhodotorula/Rhodotorula_Metabolites/Rhodotorula_pheno_MS/BFD/input/dna/Rhodotorula_mucilaginosa_TFCN_17-0-2E334-4.scaffolds.fa	99.6847	6303	6349
Rhodotorula_pacifica_TFCN_1A-1-3.scaffolds.fa	/bigdata/stajichlab/shared/projects/Rhodotorula/Rhodotorula_Metabolites/Rhodotorula_pheno_MS/BFD/input/dna/Rhodotorula_mucilaginosa_TFCN_17-333P-6.scaffolds.fa	99.682	6267	6349
Rhodotorula_pacifica_TFCN_1A-1-3.scaffolds.fa	/bigdata/stajichlab/shared/projects/Rhodotorula/Rhodotorula_Metabolites/Rhodotorula_pheno_MS/BFD/input/dna/Rhodotorula_mucilaginosa_TFCN_211A-3.scaffolds.fa	99.6628	6303	6349
Rhodotorula_pacifica_TFCN_1A-1-3.scaffolds.fa	/bigdata/stajichlab/shared/projects/Rhodotorula/Rhodotorula_Metabolites/Rhodotorula_pheno_MS/BFD/input/dna/Rhodotorula_mucilaginosa_TFCN_25-333Y-9.scaffolds.fa	99.6618	6316	6349
Rhodotorula_pacifica_TFCN_1A-1-3.scaffolds.fa	/bigdata/stajichlab/shared/projects/Rhodotorula/Rhodotorula_Metabolites/Rhodotorula_pheno_MS/BFD/input/dna/Rhodotorula_mucilaginosa_TFCN_17-334Y-3.scaffolds.fa	99.6609	6308	6349
Rhodotorula_pacifica_TFCN_1A-1-3.scaffolds.fa	/bigdata/stajichlab/shared/projects/Rhodotorula/Rhodotorula_Metabolites/Rhodotorula_pheno_MS/BFD/input/dna/Rhodotorula_mucilaginosa_DBVPG_4964.scaffolds.fa	99.6607	6305	6349
Rhodotorula_pacifica_TFCN_1A-1-3.scaffolds.fa	/bigdata/stajichlab/shared/projects/Rhodotorula/Rhodotorula_Metabolites/Rhodotorula_pheno_MS/BFD/input/dna/Rhodotorula_mucilaginosa_TFCN_2M-1-4.scaffolds.fa	99.6604	6298	6349
Rhodotorula_pacifica_TFCN_1A-1-3.scaffolds.fa	/bigdata/stajichlab/shared/projects/Rhodotorula/Rhodotorula_Metabolites/Rhodotorula_pheno_MS/BFD/input/dna/Rhodotorula_mucilaginosa_TFCN_340-1.scaffolds.fa	99.6602	6311	6349
Rhodotorula_pacifica_TFCN_1A-1-3.scaffolds.fa	/bigdata/stajichlab/shared/projects/Rhodotorula/Rhodotorula_Metabolites/Rhodotorula_pheno_MS/BFD/input/dna/Rhodotorula_mucilaginosa_TFCN_25-327D-1.scaffolds.fa	99.66	6316	6349
Rhodotorula_pacifica_TFCN_1A-1-3.scaffolds.fa	/bigdata/stajichlab/shared/projects/Rhodotorula/Rhodotorula_Metabolites/Rhodotorula_pheno_MS/BFD/input/dna/Rhodotorula_mucilaginosa_TFCN_100D-1.scaffolds.fa	99.6599	6279	6349
Rhodotorula_pacifica_TFCN_1A-1-3.scaffolds.fa	/bigdata/stajichlab/shared/projects/Rhodotorula/Rhodotorula_Metabolites/Rhodotorula_pheno_MS/BFD/input/dna/Rhodotorula_mucilaginosa_DBVPG_4957.scaffolds.fa	99.6598	6303	6349
Rhodotorula_pacifica_TFCN_1A-1-3.scaffolds.fa	/bigdata/stajichlab/shared/projects/Rhodotorula/Rhodotorula_Metabolites/Rhodotorula_pheno_MS/BFD/input/dna/Rhodotorula_mucilaginosa_TFCN_152A-2.scaffolds.fa	99.6595	6304	6349
Rhodotorula_pacifica_TFCN_1A-1-3.scaffolds.fa	/bigdata/stajichlab/shared/projects/Rhodotorula/Rhodotorula_Metabolites/Rhodotorula_pheno_MS/BFD/input/dna/Rhodotorula_mucilaginosa_TFCN_25-333C-2.scaffolds.fa	99.6588	6314	6349
Rhodotorula_pacifica_TFCN_1A-1-3.scaffolds.fa	/bigdata/stajichlab/shared/projects/Rhodotorula/Rhodotorula_Metabolites/Rhodotorula_pheno_MS/BFD/input/dna/Rhodotorula_mucilaginosa_TFCN_102D-1.scaffolds.fa	99.6578	6292	6349
Rhodotorula_pacifica_TFCN_1A-1-3.scaffolds.fa	/bigdata/stajichlab/shared/projects/Rhodotorula/Rhodotorula_Metabolites/Rhodotorula_pheno_MS/BFD/input/dna/Rhodotorula_mucilaginosa_TFCN_98C-7.scaffolds.fa	99.6578	6292	6349
Rhodotorula_pacifica_TFCN_1A-1-3.scaffolds.fa	/bigdata/stajichlab/shared/projects/Rhodotorula/Rhodotorula_Metabolites/Rhodotorula_pheno_MS/BFD/input/dna/Rhodotorula_mucilaginosa_TFCN_98A-10.scaffolds.fa	99.6577	6310	6349
Rhodotorula_pacifica_TFCN_1A-1-3.scaffolds.fa	/bigdata/stajichlab/shared/projects/Rhodotorula/Rhodotorula_Metabolites/Rhodotorula_pheno_MS/BFD/input/dna/Rhodotorula_mucilaginosa_TFCN_118C-2.scaffolds.fa	99.6575	6305	6349
Rhodotorula_pacifica_TFCN_1A-1-3.scaffolds.fa	/bigdata/stajichlab/shared/projects/Rhodotorula/Rhodotorula_Metabolites/Rhodotorula_pheno_MS/BFD/input/dna/Rhodotorula_mucilaginosa_TFCN_273H-1.scaffolds.fa	99.6572	6301	6349
Rhodotorula_pacifica_TFCN_1A-1-3.scaffolds.fa	/bigdata/stajichlab/shared/projects/Rhodotorula/Rhodotorula_Metabolites/Rhodotorula_pheno_MS/BFD/input/dna/Rhodotorula_mucilaginosa_TFCN_17-0-2E334-10.scaffolds.fa	99.6569	6275	6349
Rhodotorula_pacifica_TFCN_1A-1-3.scaffolds.fa	/bigdata/stajichlab/shared/projects/Rhodotorula/Rhodotorula_Metabolites/Rhodotorula_pheno_MS/BFD/input/dna/Rhodotorula_mucilaginosa_DBVPG_3238.scaffolds.fa	99.6561	6288	6349
Rhodotorula_pacifica_TFCN_1A-1-3.scaffolds.fa	/bigdata/stajichlab/shared/projects/Rhodotorula/Rhodotorula_Metabolites/Rhodotorula_pheno_MS/BFD/input/dna/Rhodotorula_mucilaginosa_DBVPG_10780.scaffolds.fa	99.656	6294	6349
Rhodotorula_pacifica_TFCN_1A-1-3.scaffolds.fa	/bigdata/stajichlab/shared/projects/Rhodotorula/Rhodotorula_Metabolites/Rhodotorula_pheno_MS/BFD/input/dna/Rhodotorula_mucilaginosa_TFCN_25-333P-2.scaffolds.fa	99.6557	6297	6349
Rhodotorula_pacifica_TFCN_1A-1-3.scaffolds.fa	/bigdata/stajichlab/shared/projects/Rhodotorula/Rhodotorula_Metabolites/Rhodotorula_pheno_MS/BFD/input/dna/Rhodotorula_mucilaginosa_TFCN_25-0-2E333-5.scaffolds.fa	99.6557	6297	6349
Rhodotorula_pacifica_TFCN_1A-1-3.scaffolds.fa	/bigdata/stajichlab/shared/projects/Rhodotorula/Rhodotorula_Metabolites/Rhodotorula_pheno_MS/BFD/input/dna/Rhodotorula_mucilaginosa_DBVPG_4950.scaffolds.fa	99.6554	6303	6349
Rhodotorula_pacifica_TFCN_1A-1-3.scaffolds.fa	/bigdata/stajichlab/shared/projects/Rhodotorula/Rhodotorula_Metabolites/Rhodotorula_pheno_MS/BFD/input/dna/Rhodotorula_mucilaginosa_TFCN_107C-3.scaffolds.fa	99.6547	6294	6349
Rhodotorula_pacifica_TFCN_1A-1-3.scaffolds.fa	/bigdata/stajichlab/shared/projects/Rhodotorula/Rhodotorula_Metabolites/Rhodotorula_pheno_MS/BFD/input/dna/Rhodotorula_mucilaginosa_TFCN_340-3.scaffolds.fa	99.6547	6314	6349
Rhodotorula_pacifica_TFCN_1A-1-3.scaffolds.fa	/bigdata/stajichlab/shared/projects/Rhodotorula/Rhodotorula_Metabolites/Rhodotorula_pheno_MS/BFD/input/dna/Rhodotorula_mucilaginosa_DBVPG_4956.scaffolds.fa	99.6543	6286	6349
Rhodotorula_pacifica_TFCN_1A-1-3.scaffolds.fa	/bigdata/stajichlab/shared/projects/Rhodotorula/Rhodotorula_Metabolites/Rhodotorula_pheno_MS/BFD/input/dna/Rhodotorula_mucilaginosa_DBVPG_4949.scaffolds.fa	99.6534	6263	6349
Rhodotorula_pacifica_TFCN_1A-1-3.scaffolds.fa	/bigdata/stajichlab/shared/projects/Rhodotorula/Rhodotorula_Metabolites/Rhodotorula_pheno_MS/BFD/input/dna/Rhodotorula_mucilaginosa_DBVPG_10619.scaffolds.fa	99.6534	6287	6349
Rhodotorula_pacifica_TFCN_1A-1-3.scaffolds.fa	/bigdata/stajichlab/shared/projects/Rhodotorula/Rhodotorula_Metabolites/Rhodotorula_pheno_MS/BFD/input/dna/Rhodotorula_mucilaginosa_TFCN_270H-2.scaffolds.fa	99.6532	6280	6349
Rhodotorula_pacifica_TFCN_1A-1-3.scaffolds.fa	/bigdata/stajichlab/shared/projects/Rhodotorula/Rhodotorula_Metabolites/Rhodotorula_pheno_MS/BFD/input/dna/Rhodotorula_mucilaginosa_TFCN_152C-5.scaffolds.fa	99.6526	6270	6349
Rhodotorula_pacifica_TFCN_1A-1-3.scaffolds.fa	/bigdata/stajichlab/shared/projects/Rhodotorula/Rhodotorula_Metabolites/Rhodotorula_pheno_MS/BFD/input/dna/Rhodotorula_mucilaginosa_TFCN_89D-3.scaffolds.fa	99.6525	6235	6349
Rhodotorula_pacifica_TFCN_1A-1-3.scaffolds.fa	/bigdata/stajichlab/shared/projects/Rhodotorula/Rhodotorula_Metabolites/Rhodotorula_pheno_MS/BFD/input/dna/Rhodotorula_mucilaginosa_TFCN_140A-3.scaffolds.fa	99.6509	6282	6349
Rhodotorula_pacifica_TFCN_1A-1-3.scaffolds.fa	/bigdata/stajichlab/shared/projects/Rhodotorula/Rhodotorula_Metabolites/Rhodotorula_pheno_MS/BFD/input/dna/Rhodotorula_mucilaginosa_TFCN_107A-6.scaffolds.fa	99.6499	6288	6349
Rhodotorula_pacifica_TFCN_1A-1-3.scaffolds.fa	/bigdata/stajichlab/shared/projects/Rhodotorula/Rhodotorula_Metabolites/Rhodotorula_pheno_MS/BFD/input/dna/Rhodotorula_mucilaginosa_TFCN_363-1-2.scaffolds.fa	99.6493	6253	6349
Rhodotorula_pacifica_TFCN_1A-1-3.scaffolds.fa	/bigdata/stajichlab/shared/projects/Rhodotorula/Rhodotorula_Metabolites/Rhodotorula_pheno_MS/BFD/input/dna/Rhodotorula_mucilaginosa_DBVPG_4669.scaffolds.fa	99.6488	6039	6349
Rhodotorula_pacifica_TFCN_1A-1-3.scaffolds.fa	/bigdata/stajichlab/shared/projects/Rhodotorula/Rhodotorula_Metabolites/Rhodotorula_pheno_MS/BFD/input/dna/Rhodotorula_mucilaginosa_TFCN_25-0-2E333-9.scaffolds.fa	99.6434	6253	6349
Rhodotorula_pacifica_TFCN_1A-1-3.scaffolds.fa	/bigdata/stajichlab/shared/projects/Rhodotorula/Rhodotorula_Metabolites/Rhodotorula_pheno_MS/BFD/input/dna/Rhodotorula_mucilaginosa_DBVPG_6093.scaffolds.fa	99.6382	6165	6349
Rhodotorula_pacifica_TFCN_1A-1-3.scaffolds.fa	/bigdata/stajichlab/shared/projects/Rhodotorula/Rhodotorula_Metabolites/Rhodotorula_pheno_MS/BFD/input/dna/Rhodotorula_mucilaginosa_TFCN_4M-1-2.scaffolds.fa	99.6359	6020	6349
Rhodotorula_pacifica_TFCN_1A-1-3.scaffolds.fa	/bigdata/stajichlab/shared/projects/Rhodotorula/Rhodotorula_Metabolites/Rhodotorula_pheno_MS/BFD/input/dna/Rhodotorula_mucilaginosa_TFCN_17-267M-1.scaffolds.fa	99.4012	6292	6349
Rhodotorula_pacifica_TFCN_1A-1-3.scaffolds.fa	/bigdata/stajichlab/shared/projects/Rhodotorula/Rhodotorula_Metabolites/Rhodotorula_pheno_MS/BFD/input/dna/Rhodotorula_mucilaginosa_DBVPG_4947.scaffolds.fa	99.3991	6244	6349
Rhodotorula_pacifica_TFCN_1A-1-3.scaffolds.fa	/bigdata/stajichlab/shared/projects/Rhodotorula/Rhodotorula_Metabolites/Rhodotorula_pheno_MS/BFD/input/dna/Rhodotorula_mucilaginosa_DBVPG_10842.scaffolds.fa	99.3983	6265	6349
Rhodotorula_pacifica_TFCN_1A-1-3.scaffolds.fa	/bigdata/stajichlab/shared/projects/Rhodotorula/Rhodotorula_Metabolites/Rhodotorula_pheno_MS/BFD/input/dna/Rhodotorula_mucilaginosa_DBVPG_5235.scaffolds.fa	99.3946	6263	6349
Rhodotorula_pacifica_TFCN_1A-1-3.scaffolds.fa	/bigdata/stajichlab/shared/projects/Rhodotorula/Rhodotorula_Metabolites/Rhodotorula_pheno_MS/BFD/input/dna/Rhodotorula_mucilaginosa_DBVPG_4945.scaffolds.fa	99.3899	6183	6349
Rhodotorula_pacifica_TFCN_1A-1-3.scaffolds.fa	/bigdata/stajichlab/shared/projects/Rhodotorula/Rhodotorula_Metabolites/Rhodotorula_pheno_MS/BFD/input/dna/Rhodotorula_mucilaginosa_DBVPG_5226.scaffolds.fa	99.3888	6259	6349
Rhodotorula_pacifica_TFCN_1A-1-3.scaffolds.fa	/bigdata/stajichlab/shared/projects/Rhodotorula/Rhodotorula_Metabolites/Rhodotorula_pheno_MS/BFD/input/dna/Rhodotorula_mucilaginosa_DBVPG_5227.scaffolds.fa	99.3884	6263	6349
Rhodotorula_pacifica_TFCN_1A-1-3.scaffolds.fa	/bigdata/stajichlab/shared/projects/Rhodotorula/Rhodotorula_Metabolites/Rhodotorula_pheno_MS/BFD/input/dna/Rhodotorula_mucilaginosa_DBVPG_5228.scaffolds.fa	99.3877	6264	6349
Rhodotorula_pacifica_TFCN_1A-1-3.scaffolds.fa	/bigdata/stajichlab/shared/projects/Rhodotorula/Rhodotorula_Metabolites/Rhodotorula_pheno_MS/BFD/input/dna/Rhodotorula_mucilaginosa_DBVPG_10882.scaffolds.fa	99.3872	6250	6349
Rhodotorula_pacifica_TFCN_1A-1-3.scaffolds.fa	/bigdata/stajichlab/shared/projects/Rhodotorula/Rhodotorula_Metabolites/Rhodotorula_pheno_MS/BFD/input/dna/Rhodotorula_mucilaginosa_DBVPG_5225.scaffolds.fa	99.3855	6261	6349
Rhodotorula_pacifica_TFCN_1A-1-3.scaffolds.fa	/bigdata/stajichlab/shared/projects/Rhodotorula/Rhodotorula_Metabolites/Rhodotorula_pheno_MS/BFD/input/dna/Rhodotorula_mucilaginosa_DBVPG_4378.scaffolds.fa	99.3849	6266	6349
Rhodotorula_pacifica_TFCN_1A-1-3.scaffolds.fa	/bigdata/stajichlab/shared/projects/Rhodotorula/Rhodotorula_Metabolites/Rhodotorula_pheno_MS/BFD/input/dna/Rhodotorula_mucilaginosa_DBVPG_5229.scaffolds.fa	99.3689	6130	6349
Rhodotorula_pacifica_TFCN_1A-1-3.scaffolds.fa	/bigdata/stajichlab/shared/projects/Rhodotorula/Rhodotorula_Metabolites/Rhodotorula_pheno_MS/BFD/input/dna/Rhodotorula_mucilaginosa_DBVPG_3855.scaffolds.fa	99.3249	5191	6349
Rhodotorula_pacifica_TFCN_1A-1-3.scaffolds.fa	/bigdata/stajichlab/shared/projects/Rhodotorula/Rhodotorula_Metabolites/Rhodotorula_pheno_MS/BFD/input/dna/Rhodotorula_mucilaginosa_DBVPG_3857.scaffolds.fa	99.257	6166	6349
Rhodotorula_pacifica_TFCN_1A-1-3.scaffolds.fa	/bigdata/stajichlab/shared/projects/Rhodotorula/Rhodotorula_Metabolites/Rhodotorula_pheno_MS/BFD/input/dna/Rhodotorula_mucilaginosa_DBVPG_3856.scaffolds.fa	99.2502	6128	6349
Rhodotorula_pacifica_TFCN_1A-1-3.scaffolds.fa	/bigdata/stajichlab/shared/projects/Rhodotorula/Rhodotorula_Metabolites/Rhodotorula_pheno_MS/BFD/input/dna/Rhodotorula_mucilaginosa_DBVPG_3777.scaffolds.fa	99.241	6233	6349
Rhodotorula_pacifica_TFCN_1A-1-3.scaffolds.fa	/bigdata/stajichlab/shared/projects/Rhodotorula/Rhodotorula_Metabolites/Rhodotorula_pheno_MS/BFD/input/dna/Rhodotorula_mucilaginosa_DBVPG_3858.scaffolds.fa	99.2393	6257	6349
Rhodotorula_pacifica_TFCN_1A-1-3.scaffolds.fa	/bigdata/stajichlab/shared/projects/Rhodotorula/Rhodotorula_Metabolites/Rhodotorula_pheno_MS/BFD/input/dna/Rhodotorula_mucilaginosa_DBVPG_3775.scaffolds.fa	99.2388	6254	6349
Rhodotorula_pacifica_TFCN_1A-1-3.scaffolds.fa	/bigdata/stajichlab/shared/projects/Rhodotorula/Rhodotorula_Metabolites/Rhodotorula_pheno_MS/BFD/input/dna/Rhodotorula_mucilaginosa_DBVPG_3776.scaffolds.fa	99.2362	6236	6349
Rhodotorula_pacifica_TFCN_1A-1-3.scaffolds.fa	/bigdata/stajichlab/shared/projects/Rhodotorula/Rhodotorula_Metabolites/Rhodotorula_pheno_MS/BFD/input/dna/Rhodotorula_mucilaginosa_DBVPG_4962.scaffolds.fa	99.2358	6227	6349
Rhodotorula_pacifica_TFCN_1A-1-3.scaffolds.fa	/bigdata/stajichlab/shared/projects/Rhodotorula/Rhodotorula_Metabolites/Rhodotorula_pheno_MS/BFD/input/dna/Rhodotorula_mucilaginosa_DBVPG_4920.scaffolds.fa	99.2356	6222	6349
Rhodotorula_pacifica_TFCN_1A-1-3.scaffolds.fa	/bigdata/stajichlab/shared/projects/Rhodotorula/Rhodotorula_Metabolites/Rhodotorula_pheno_MS/BFD/input/dna/Rhodotorula_mucilaginosa_DBVPG_3442.scaffolds.fa	99.235	6225	6349
Rhodotorula_pacifica_TFCN_1A-1-3.scaffolds.fa	/bigdata/stajichlab/shared/projects/Rhodotorula/Rhodotorula_Metabolites/Rhodotorula_pheno_MS/BFD/input/dna/Rhodotorula_mucilaginosa_DBVPG_3443.scaffolds.fa	99.2343	6230	6349
Rhodotorula_pacifica_TFCN_1A-1-3.scaffolds.fa	/bigdata/stajichlab/shared/projects/Rhodotorula/Rhodotorula_Metabolites/Rhodotorula_pheno_MS/BFD/input/dna/Rhodotorula_mucilaginosa_DBVPG_6092.scaffolds.fa	99.2301	6224	6349
Rhodotorula_pacifica_TFCN_1A-1-3.scaffolds.fa	/bigdata/stajichlab/shared/projects/Rhodotorula/Rhodotorula_Metabolites/Rhodotorula_pheno_MS/BFD/input/dna/Rhodotorula_mucilaginosa_DBVPG_4958.scaffolds.fa	99.2287	6269	6349
Rhodotorula_pacifica_TFCN_1A-1-3.scaffolds.fa	/bigdata/stajichlab/shared/projects/Rhodotorula/Rhodotorula_Metabolites/Rhodotorula_pheno_MS/BFD/input/dna/Rhodotorula_mucilaginosa_DBVPG_4963.scaffolds.fa	99.2286	6244	6349
Rhodotorula_pacifica_TFCN_1A-1-3.scaffolds.fa	/bigdata/stajichlab/shared/projects/Rhodotorula/Rhodotorula_Metabolites/Rhodotorula_pheno_MS/BFD/input/dna/Rhodotorula_mucilaginosa_DBVPG_6091.scaffolds.fa	99.2274	6234	6349
Rhodotorula_pacifica_TFCN_1A-1-3.scaffolds.fa	/bigdata/stajichlab/shared/projects/Rhodotorula/Rhodotorula_Metabolites/Rhodotorula_pheno_MS/BFD/input/dna/Rhodotorula_mucilaginosa_DBVPG_3778.scaffolds.fa	99.2266	6191	6349
Rhodotorula_pacifica_TFCN_1A-1-3.scaffolds.fa	/bigdata/stajichlab/shared/projects/Rhodotorula/Rhodotorula_Metabolites/Rhodotorula_pheno_MS/BFD/input/dna/Rhodotorula_mucilaginosa_DBVPG_6743.scaffolds.fa	99.2255	6238	6349
Rhodotorula_pacifica_TFCN_1A-1-3.scaffolds.fa	/bigdata/stajichlab/shared/projects/Rhodotorula/Rhodotorula_Metabolites/Rhodotorula_pheno_MS/BFD/input/dna/Rhodotorula_mucilaginosa_DBVPG_10937.scaffolds.fa	99.2253	6273	6349
Rhodotorula_pacifica_TFCN_1A-1-3.scaffolds.fa	/bigdata/stajichlab/shared/projects/Rhodotorula/Rhodotorula_Metabolites/Rhodotorula_pheno_MS/BFD/input/dna/Rhodotorula_mucilaginosa_DBVPG_3780.scaffolds.fa	99.2252	6238	6349
Rhodotorula_pacifica_TFCN_1A-1-3.scaffolds.fa	/bigdata/stajichlab/shared/projects/Rhodotorula/Rhodotorula_Metabolites/Rhodotorula_pheno_MS/BFD/input/dna/Rhodotorula_mucilaginosa_DBVPG_6593.scaffolds.fa	99.2232	6245	6349
Rhodotorula_pacifica_TFCN_1A-1-3.scaffolds.fa	/bigdata/stajichlab/shared/projects/Rhodotorula/Rhodotorula_Metabolites/Rhodotorula_pheno_MS/BFD/input/dna/Rhodotorula_mucilaginosa_DBVPG_4946.scaffolds.fa	99.2227	6241	6349
Rhodotorula_pacifica_TFCN_1A-1-3.scaffolds.fa	/bigdata/stajichlab/shared/projects/Rhodotorula/Rhodotorula_Metabolites/Rhodotorula_pheno_MS/BFD/input/dna/Rhodotorula_mucilaginosa_DBVPG_4618.scaffolds.fa	99.1772	6271	6349
Rhodotorula_pacifica_TFCN_1A-1-3.scaffolds.fa	/bigdata/stajichlab/shared/projects/Rhodotorula/Rhodotorula_Metabolites/Rhodotorula_pheno_MS/BFD/input/dna/Rhodotorula_mucilaginosa_DBVPG_3383.scaffolds.fa	99.17	6251	6349
Rhodotorula_pacifica_TFCN_1A-1-3.scaffolds.fa	/bigdata/stajichlab/shared/projects/Rhodotorula/Rhodotorula_Metabolites/Rhodotorula_pheno_MS/BFD/input/dna/Rhodotorula_mucilaginosa_DBVPG_3237.scaffolds.fa	99.1682	6233	6349
Rhodotorula_pacifica_TFCN_1A-1-3.scaffolds.fa	/bigdata/stajichlab/shared/projects/Rhodotorula/Rhodotorula_Metabolites/Rhodotorula_pheno_MS/BFD/input/dna/Rhodotorula_mucilaginosa_DBVPG_3384.scaffolds.fa	99.1661	6206	6349
Rhodotorula_pacifica_TFCN_1A-1-3.scaffolds.fa	/bigdata/stajichlab/shared/projects/Rhodotorula/Rhodotorula_Metabolites/Rhodotorula_pheno_MS/BFD/input/dna/Rhodotorula_mucilaginosa_DBVPG_3381.scaffolds.fa	99.166	6263	6349
Rhodotorula_pacifica_TFCN_1A-1-3.scaffolds.fa	/bigdata/stajichlab/shared/projects/Rhodotorula/Rhodotorula_Metabolites/Rhodotorula_pheno_MS/BFD/input/dna/Rhodotorula_mucilaginosa_DBVPG_3774.scaffolds.fa	99.1658	6260	6349
Rhodotorula_pacifica_TFCN_1A-1-3.scaffolds.fa	/bigdata/stajichlab/shared/projects/Rhodotorula/Rhodotorula_Metabolites/Rhodotorula_pheno_MS/BFD/input/dna/Rhodotorula_mucilaginosa_DBVPG_3382.scaffolds.fa	99.1644	6251	6349
Rhodotorula_pacifica_TFCN_1A-1-3.scaffolds.fa	/bigdata/stajichlab/shared/projects/Rhodotorula/Rhodotorula_Metabolites/Rhodotorula_pheno_MS/BFD/input/dna/Rhodotorula_mucilaginosa_DBVPG_4377.scaffolds.fa	99.151	6217	6349
Rhodotorula_pacifica_TFCN_1A-1-3.scaffolds.fa	/bigdata/stajichlab/shared/projects/Rhodotorula/Rhodotorula_Metabolites/Rhodotorula_pheno_MS/BFD/input/dna/Rhodotorula_mucilaginosa_TFCN_25-334D-3.scaffolds.fa	99.13	5980	6349
Rhodotorula_pacifica_TFCN_1A-1-3.scaffolds.fa	/bigdata/stajichlab/shared/projects/Rhodotorula/Rhodotorula_Metabolites/Rhodotorula_pheno_MS/BFD/input/dna/Rhodotorula_mucilaginosa_TFCN_404D-1.scaffolds.fa	99.1019	6093	6349
Rhodotorula_pacifica_TFCN_1A-1-3.scaffolds.fa	/bigdata/stajichlab/shared/projects/Rhodotorula/Rhodotorula_Metabolites/Rhodotorula_pheno_MS/BFD/input/dna/Rhodotorula_mucilaginosa_DBVPG_3045.scaffolds.fa	99.077	6275	6349
Rhodotorula_pacifica_TFCN_1A-1-3.scaffolds.fa	/bigdata/stajichlab/shared/projects/Rhodotorula/Rhodotorula_Metabolites/Rhodotorula_pheno_MS/BFD/input/dna/Rhodotorula_mucilaginosa_DBVPG_3444.scaffolds.fa	99.0388	6155	6349
Rhodotorula_pacifica_TFCN_1A-1-3.scaffolds.fa	/bigdata/stajichlab/shared/projects/Rhodotorula/Rhodotorula_Metabolites/Rhodotorula_pheno_MS/BFD/input/dna/Rhodotorula_mucilaginosa_TFCN_17-390M-1.scaffolds.fa	98.9721	6219	6349
Rhodotorula_pacifica_TFCN_1A-1-3.scaffolds.fa	/bigdata/stajichlab/shared/projects/Rhodotorula/Rhodotorula_Metabolites/Rhodotorula_pheno_MS/BFD/input/dna/Rhodotorula_mucilaginosa_DBVPG_4408.scaffolds.fa	98.9406	6172	6349
Rhodotorula_pacifica_TFCN_1A-1-3.scaffolds.fa	/bigdata/stajichlab/shared/projects/Rhodotorula/Rhodotorula_Metabolites/Rhodotorula_pheno_MS/BFD/input/dna/Rhodotorula_mucilaginosa_DBVPG_5758.scaffolds.fa	98.9363	6130	6349
Rhodotorula_pacifica_TFCN_1A-1-3.scaffolds.fa	/bigdata/stajichlab/shared/projects/Rhodotorula/Rhodotorula_Metabolites/Rhodotorula_pheno_MS/BFD/input/dna/Rhodotorula_mucilaginosa_DBVPG_5757.scaffolds.fa	98.9343	6140	6349
Rhodotorula_pacifica_TFCN_1A-1-3.scaffolds.fa	/bigdata/stajichlab/shared/projects/Rhodotorula/Rhodotorula_Metabolites/Rhodotorula_pheno_MS/BFD/input/dna/Rhodotorula_mucilaginosa_DBVPG_5759.scaffolds.fa	98.9233	6009	6349
Rhodotorula_pacifica_TFCN_1A-1-3.scaffolds.fa	/bigdata/stajichlab/shared/projects/Rhodotorula/Rhodotorula_Metabolites/Rhodotorula_pheno_MS/BFD/input/dna/Rhodotorula_mucilaginosa_DBVPG_4376.scaffolds.fa	98.9206	6210	6349
Rhodotorula_pacifica_TFCN_1A-1-3.scaffolds.fa	/bigdata/stajichlab/shared/projects/Rhodotorula/Rhodotorula_Metabolites/Rhodotorula_pheno_MS/BFD/input/dna/Rhodotorula_mucilaginosa_NRRL_Y-2510.scaffolds.fa	98.915	6269	6349
Rhodotorula_pacifica_TFCN_1A-1-3.scaffolds.fa	/bigdata/stajichlab/shared/projects/Rhodotorula/Rhodotorula_Metabolites/Rhodotorula_pheno_MS/BFD/input/dna/Rhodotorula_mucilaginosa_DBVPG_3090.scaffolds.fa	98.8833	6217	6349
Rhodotorula_pacifica_TFCN_1A-1-3.scaffolds.fa	/bigdata/stajichlab/shared/projects/Rhodotorula/Rhodotorula_Metabolites/Rhodotorula_pheno_MS/BFD/input/dna/Rhodotorula_mucilaginosa_DBVPG_3984.scaffolds.fa	98.8788	6215	6349
Rhodotorula_pacifica_TFCN_1A-1-3.scaffolds.fa	/bigdata/stajichlab/shared/projects/Rhodotorula/Rhodotorula_Metabolites/Rhodotorula_pheno_MS/BFD/input/dna/Rhodotorula_mucilaginosa_DBVPG_3235.scaffolds.fa	98.8785	6187	6349
Rhodotorula_pacifica_TFCN_1A-1-3.scaffolds.fa	/bigdata/stajichlab/shared/projects/Rhodotorula/Rhodotorula_Metabolites/Rhodotorula_pheno_MS/BFD/input/dna/Rhodotorula_mucilaginosa_DBVPG_3236.scaffolds.fa	98.8719	5835	6349
Rhodotorula_pacifica_TFCN_1A-1-3.scaffolds.fa	/bigdata/stajichlab/shared/projects/Rhodotorula/Rhodotorula_Metabolites/Rhodotorula_pheno_MS/BFD/input/dna/Rhodotorula_mucilaginosa_DBVPG_3983.scaffolds.fa	98.8713	6220	6349
Rhodotorula_pacifica_TFCN_1A-1-3.scaffolds.fa	/bigdata/stajichlab/shared/projects/Rhodotorula/Rhodotorula_Metabolites/Rhodotorula_pheno_MS/BFD/input/dna/Rhodotorula_mucilaginosa_DBVPG_3044.scaffolds.fa	98.8643	6145	6349
Rhodotorula_pacifica_TFCN_1A-1-3.scaffolds.fa	/bigdata/stajichlab/shared/projects/Rhodotorula/Rhodotorula_Metabolites/Rhodotorula_pheno_MS/BFD/input/dna/Rhodotorula_mucilaginosa_DBVPG_3854.scaffolds.fa	98.8621	6179	6349
Rhodotorula_pacifica_TFCN_1A-1-3.scaffolds.fa	/bigdata/stajichlab/shared/projects/Rhodotorula/Rhodotorula_Metabolites/Rhodotorula_pheno_MS/BFD/input/dna/Rhodotorula_mucilaginosa_TFCN_17-0-2E390-2.scaffolds.fa	98.8404	6184	6349
Rhodotorula_pacifica_TFCN_1A-1-3.scaffolds.fa	/bigdata/stajichlab/shared/projects/Rhodotorula/Rhodotorula_Metabolites/Rhodotorula_pheno_MS/BFD/input/dna/Rhodotorula_mucilaginosa_TFCN_17-0-2E390-1.scaffolds.fa	98.826	6217	6349
Rhodotorula_pacifica_TFCN_1A-1-3.scaffolds.fa	/bigdata/stajichlab/shared/projects/Rhodotorula/Rhodotorula_Metabolites/Rhodotorula_pheno_MS/BFD/input/dna/Rhodotorula_mucilaginosa_TFCN_17Y-278-1.scaffolds.fa	98.7663	6262	6349
Rhodotorula_pacifica_TFCN_1A-1-3.scaffolds.fa	/bigdata/stajichlab/shared/projects/Rhodotorula/Rhodotorula_Metabolites/Rhodotorula_pheno_MS/BFD/input/dna/Rhodotorula_mucilaginosa_TFCN_17-329Y-4.scaffolds.fa	98.7591	6225	6349
Rhodotorula_pacifica_TFCN_1A-1-3.scaffolds.fa	/bigdata/stajichlab/shared/projects/Rhodotorula/Rhodotorula_Metabolites/Rhodotorula_pheno_MS/BFD/input/dna/Rhodotorula_mucilaginosa_TFCN_152A-1.scaffolds.fa	98.7365	6193	6349
Rhodotorula_pacifica_TFCN_1A-1-3.scaffolds.fa	/bigdata/stajichlab/shared/projects/Rhodotorula/Rhodotorula_Metabolites/Rhodotorula_pheno_MS/BFD/input/dna/Rhodotorula_mucilaginosa_TFCN_17-334Y-5.scaffolds.fa	98.7355	6214	6349
Rhodotorula_pacifica_TFCN_1A-1-3.scaffolds.fa	/bigdata/stajichlab/shared/projects/Rhodotorula/Rhodotorula_Metabolites/Rhodotorula_pheno_MS/BFD/input/dna/Rhodotorula_mucilaginosa_TFCN_17-334D-6.scaffolds.fa	98.7321	6199	6349
Rhodotorula_pacifica_TFCN_1A-1-3.scaffolds.fa	/bigdata/stajichlab/shared/projects/Rhodotorula/Rhodotorula_Metabolites/Rhodotorula_pheno_MS/BFD/input/dna/Rhodotorula_mucilaginosa_TFCN_17-291Y-1.scaffolds.fa	98.7282	6229	6349
Rhodotorula_pacifica_TFCN_1A-1-3.scaffolds.fa	/bigdata/stajichlab/shared/projects/Rhodotorula/Rhodotorula_Metabolites/Rhodotorula_pheno_MS/BFD/input/dna/Rhodotorula_mucilaginosa_TFCN_54D-1.scaffolds.fa	98.726	6224	6349
Rhodotorula_pacifica_TFCN_1A-1-3.scaffolds.fa	/bigdata/stajichlab/shared/projects/Rhodotorula/Rhodotorula_Metabolites/Rhodotorula_pheno_MS/BFD/input/dna/Rhodotorula_mucilaginosa_TFCN_25-0-2E334-1.scaffolds.fa	98.7254	6160	6349
Rhodotorula_pacifica_TFCN_1A-1-3.scaffolds.fa	/bigdata/stajichlab/shared/projects/Rhodotorula/Rhodotorula_Metabolites/Rhodotorula_pheno_MS/BFD/input/dna/Rhodotorula_mucilaginosa_TFCN_17-0-2E337-3.scaffolds.fa	98.5978	6190	6349
Rhodotorula_pacifica_TFCN_1A-1-3.scaffolds.fa	/bigdata/stajichlab/shared/projects/Rhodotorula/Rhodotorula_Metabolites/Rhodotorula_pheno_MS/BFD/input/dna/Rhodotorula_mucilaginosa_TFCN_25-331D-1.scaffolds.fa	98.4114	6192	6349
Rhodotorula_pacifica_TFCN_1A-1-3.scaffolds.fa	/bigdata/stajichlab/shared/projects/Rhodotorula/Rhodotorula_Metabolites/Rhodotorula_pheno_MS/BFD/input/dna/Rhodotorula_mucilaginosa_TFCN_25-0-2E390-1.scaffolds.fa	98.3286	6178	6349
Rhodotorula_pacifica_TFCN_1A-1-3.scaffolds.fa	/bigdata/stajichlab/shared/projects/Rhodotorula/Rhodotorula_Metabolites/Rhodotorula_pheno_MS/BFD/input/dna/Rhodotorula_mucilaginosa_TFCN_22C-4.scaffolds.fa	98.2607	6173	6349
Rhodotorula_pacifica_TFCN_1A-1-3.scaffolds.fa	/bigdata/stajichlab/shared/projects/Rhodotorula/Rhodotorula_Metabolites/Rhodotorula_pheno_MS/BFD/input/dna/Rhodotorula_mucilaginosa_TFCN_3M-1-1.scaffolds.fa	91.3665	5134	6349
Rhodotorula_pacifica_TFCN_1A-1-3.scaffolds.fa	/bigdata/stajichlab/shared/projects/Rhodotorula/Rhodotorula_Metabolites/Rhodotorula_pheno_MS/BFD/input/dna/Rhodotorula_mucilaginosa_TFCN_1A-14.scaffolds.fa	90.7619	5674	6349
Rhodotorula_pacifica_TFCN_1A-1-3.scaffolds.fa	/bigdata/stajichlab/shared/projects/Rhodotorula/Rhodotorula_Metabolites/Rhodotorula_pheno_MS/BFD/input/dna/Rhodotorula_mucilaginosa_TFCN_134A-3.scaffolds.fa	90.7553	5706	6349
Rhodotorula_pacifica_TFCN_1A-1-3.scaffolds.fa	/bigdata/stajichlab/shared/projects/Rhodotorula/Rhodotorula_Metabolites/Rhodotorula_pheno_MS/BFD/input/dna/Rhodotorula_mucilaginosa_TFCN_17-332M-1.scaffolds.fa	90.7365	5856	6349
Rhodotorula_pacifica_TFCN_1A-1-3.scaffolds.fa	/bigdata/stajichlab/shared/projects/Rhodotorula/Rhodotorula_Metabolites/Rhodotorula_pheno_MS/BFD/input/dna/Rhodotorula_mucilaginosa_DBVPG_6660.scaffolds.fa	90.7241	5781	6349
Rhodotorula_pacifica_TFCN_1A-1-3.scaffolds.fa	/bigdata/stajichlab/shared/projects/Rhodotorula/Rhodotorula_Metabolites/Rhodotorula_pheno_MS/BFD/input/dna/Rhodotorula_mucilaginosa_TFCN_25-395P-1.scaffolds.fa	89.2556	5739	6349
Rhodotorula_pacifica_TFCN_1A-1-3.scaffolds.fa	/bigdata/stajichlab/shared/projects/Rhodotorula/Rhodotorula_Metabolites/Rhodotorula_pheno_MS/BFD/input/dna/Rhodotorula_mucilaginosa_TFCN_33A-4.scaffolds.fa	89.2455	5729	6349
Rhodotorula_pacifica_TFCN_1A-1-3.scaffolds.fa	/bigdata/stajichlab/shared/projects/Rhodotorula/Rhodotorula_Metabolites/Rhodotorula_pheno_MS/BFD/input/dna/Rhodotorula_mucilaginosa_DBVPG_8043.scaffolds.fa	89.2226	5744	6349
Rhodotorula_pacifica_TFCN_1A-1-3.scaffolds.fa	/bigdata/stajichlab/shared/projects/Rhodotorula/Rhodotorula_Metabolites/Rhodotorula_pheno_MS/BFD/input/dna/Rhodotorula_mucilaginosa_TFCN_25-334Y-6.scaffolds.fa	89.2213	5759	6349
Rhodotorula_pacifica_TFCN_1A-1-3.scaffolds.fa	/bigdata/stajichlab/shared/projects/Rhodotorula/Rhodotorula_Metabolites/Rhodotorula_pheno_MS/BFD/input/dna/Rhodotorula_mucilaginosa_TFCN_25-333Y-10.scaffolds.fa	89.213	5703	6349
Rhodotorula_pacifica_TFCN_1A-1-3.scaffolds.fa	/bigdata/stajichlab/shared/projects/Rhodotorula/Rhodotorula_Metabolites/Rhodotorula_pheno_MS/BFD/input/dna/Rhodotorula_mucilaginosa_DBVPG_4534.scaffolds.fa	89.2099	5783	6349
Rhodotorula_pacifica_TFCN_1A-1-3.scaffolds.fa	/bigdata/stajichlab/shared/projects/Rhodotorula/Rhodotorula_Metabolites/Rhodotorula_pheno_MS/BFD/input/dna/Rhodotorula_mucilaginosa_DBVPG_4380.scaffolds.fa	89.0285	5607	6349
Rhodotorula_pacifica_TFCN_1A-1-3.scaffolds.fa	/bigdata/stajichlab/shared/projects/Rhodotorula/Rhodotorula_Metabolites/Rhodotorula_pheno_MS/BFD/input/dna/Rhodotorula_paludigena_TFCN_342-2.scaffolds.fa	77.9333	1702	6349
Rhodotorula_pacifica_TFCN_1A-1-3.scaffolds.fa	/bigdata/stajichlab/shared/projects/Rhodotorula/Rhodotorula_Metabolites/Rhodotorula_pheno_MS/BFD/input/dna/Rhodotorula_paludigena_TFCN_43A-4.scaffolds.fa	77.9309	1724	6349
Rhodotorula_pacifica_TFCN_1A-1-3.scaffolds.fa	/bigdata/stajichlab/shared/projects/Rhodotorula/Rhodotorula_Metabolites/Rhodotorula_pheno_MS/BFD/input/dna/Rhodotorula_paludigena_TFCN_48D-10.scaffolds.fa	77.9033	1687	6349
Rhodotorula_pacifica_TFCN_1A-1-3.scaffolds.fa	/bigdata/stajichlab/shared/projects/Rhodotorula/Rhodotorula_Metabolites/Rhodotorula_pheno_MS/BFD/input/dna/Rhodotorula_paludigena_NRRL_Y-12923.scaffolds.fa	77.9027	1718	6349
Rhodotorula_pacifica_TFCN_1A-1-3.scaffolds.fa	/bigdata/stajichlab/shared/projects/Rhodotorula/Rhodotorula_Metabolites/Rhodotorula_pheno_MS/BFD/input/dna/Rhodotorula_paludigena_TFCN_48A-15.scaffolds.fa	77.8871	1707	6349
Rhodotorula_pacifica_TFCN_1A-1-3.scaffolds.fa	/bigdata/stajichlab/shared/projects/Rhodotorula/Rhodotorula_Metabolites/Rhodotorula_pheno_MS/BFD/input/dna/Rhodotorula_paludigena_TFCN_48C-3.scaffolds.fa	77.8852	1722	6349
Rhodotorula_pacifica_TFCN_1A-1-3.scaffolds.fa	/bigdata/stajichlab/shared/projects/Rhodotorula/Rhodotorula_Metabolites/Rhodotorula_pheno_MS/BFD/input/dna/Rhodotorula_paludigena_TFCN_48A-3.scaffolds.fa	77.8745	1703	6349
Rhodotorula_pacifica_TFCN_1A-1-3.scaffolds.fa	/bigdata/stajichlab/shared/projects/Rhodotorula/Rhodotorula_Metabolites/Rhodotorula_pheno_MS/BFD/input/dna/Rhodotorula_paludigena_TFCN_48D-4.scaffolds.fa	77.8743	1732	6349
Rhodotorula_pacifica_TFCN_1A-1-3.scaffolds.fa	/bigdata/stajichlab/shared/projects/Rhodotorula/Rhodotorula_Metabolites/Rhodotorula_pheno_MS/BFD/input/dna/Rhodotorula_paludigena_DBVPG_7323.scaffolds.fa	77.8737	1714	6349
Rhodotorula_pacifica_TFCN_1A-1-3.scaffolds.fa	/bigdata/stajichlab/shared/projects/Rhodotorula/Rhodotorula_Metabolites/Rhodotorula_pheno_MS/BFD/input/dna/Rhodotorula_paludigena_TFCN_48A-2.scaffolds.fa	77.8727	1724	6349
Rhodotorula_pacifica_TFCN_1A-1-3.scaffolds.fa	/bigdata/stajichlab/shared/projects/Rhodotorula/Rhodotorula_Metabolites/Rhodotorula_pheno_MS/BFD/input/dna/Rhodotorula_paludigena_TFCN_48A-10.scaffolds.fa	77.872	1719	6349
Rhodotorula_pacifica_TFCN_1A-1-3.scaffolds.fa	/bigdata/stajichlab/shared/projects/Rhodotorula/Rhodotorula_Metabolites/Rhodotorula_pheno_MS/BFD/input/dna/Rhodotorula_paludigena_TFCN_25-333P-5.scaffolds.fa	77.8709	1726	6349
Rhodotorula_pacifica_TFCN_1A-1-3.scaffolds.fa	/bigdata/stajichlab/shared/projects/Rhodotorula/Rhodotorula_Metabolites/Rhodotorula_pheno_MS/BFD/input/dna/Rhodotorula_paludigena_DBVPG_7316.scaffolds.fa	77.8678	1732	6349
Rhodotorula_pacifica_TFCN_1A-1-3.scaffolds.fa	/bigdata/stajichlab/shared/projects/Rhodotorula/Rhodotorula_Metabolites/Rhodotorula_pheno_MS/BFD/input/dna/Rhodotorula_paludigena_TFCN_49A-1.scaffolds.fa	77.8611	1728	6349
Rhodotorula_pacifica_TFCN_1A-1-3.scaffolds.fa	/bigdata/stajichlab/shared/projects/Rhodotorula/Rhodotorula_Metabolites/Rhodotorula_pheno_MS/BFD/input/dna/Rhodotorula_paludigena_DBVPG_4610.scaffolds.fa	77.7938	1696	6349
Rhodotorula_pacifica_TFCN_1B-1-2.scaffolds.fa	/bigdata/stajichlab/shared/projects/Rhodotorula/Rhodotorula_Metabolites/Rhodotorula_pheno_MS/BFD/input/dna/Rhodotorula_mucilaginosa_TFCN_152A-12.scaffolds.fa	99.9936	6364	6401
Rhodotorula_pacifica_TFCN_1B-1-2.scaffolds.fa	/bigdata/stajichlab/shared/projects/Rhodotorula/Rhodotorula_Metabolites/Rhodotorula_pheno_MS/BFD/input/dna/Rhodotorula_mucilaginosa_TFCN_4M-1-3.scaffolds.fa	99.9933	6348	6401
Rhodotorula_pacifica_TFCN_1B-1-2.scaffolds.fa	/bigdata/stajichlab/shared/projects/Rhodotorula/Rhodotorula_Metabolites/Rhodotorula_pheno_MS/BFD/input/dna/Rhodotorula_mucilaginosa_TFCN_4M-1-5.scaffolds.fa	99.9922	6356	6401
Rhodotorula_pacifica_TFCN_1B-1-2.scaffolds.fa	/bigdata/stajichlab/shared/projects/Rhodotorula/Rhodotorula_Metabolites/Rhodotorula_pheno_MS/BFD/input/dna/Rhodotorula_mucilaginosa_TFCN_98C-8.scaffolds.fa	99.9916	6352	6401
Rhodotorula_pacifica_TFCN_1B-1-2.scaffolds.fa	/bigdata/stajichlab/shared/projects/Rhodotorula/Rhodotorula_Metabolites/Rhodotorula_pheno_MS/BFD/input/dna/Rhodotorula_mucilaginosa_TFCN_98A-5.scaffolds.fa	99.9913	6354	6401
Rhodotorula_pacifica_TFCN_1B-1-2.scaffolds.fa	/bigdata/stajichlab/shared/projects/Rhodotorula/Rhodotorula_Metabolites/Rhodotorula_pheno_MS/BFD/input/dna/Rhodotorula_mucilaginosa_TFCN_181A-1.scaffolds.fa	99.9913	6339	6401
Rhodotorula_pacifica_TFCN_1B-1-2.scaffolds.fa	/bigdata/stajichlab/shared/projects/Rhodotorula/Rhodotorula_Metabolites/Rhodotorula_pheno_MS/BFD/input/dna/Rhodotorula_mucilaginosa_TFCN_54D-2.scaffolds.fa	99.9912	6095	6401
Rhodotorula_pacifica_TFCN_1B-1-2.scaffolds.fa	/bigdata/stajichlab/shared/projects/Rhodotorula/Rhodotorula_Metabolites/Rhodotorula_pheno_MS/BFD/input/dna/Rhodotorula_mucilaginosa_TFCN_25-332D-1.scaffolds.fa	99.9898	6231	6401
Rhodotorula_pacifica_TFCN_1B-1-2.scaffolds.fa	/bigdata/stajichlab/shared/projects/Rhodotorula/Rhodotorula_Metabolites/Rhodotorula_pheno_MS/BFD/input/dna/Rhodotorula_mucilaginosa_DH4148.scaffolds.fa	99.9894	6388	6401
Rhodotorula_pacifica_TFCN_1B-1-2.scaffolds.fa	/bigdata/stajichlab/shared/projects/Rhodotorula/Rhodotorula_Metabolites/Rhodotorula_pheno_MS/BFD/input/dna/Rhodotorula_mucilaginosa_TFCN_106A-1.scaffolds.fa	99.9893	6328	6401
Rhodotorula_pacifica_TFCN_1B-1-2.scaffolds.fa	/bigdata/stajichlab/shared/projects/Rhodotorula/Rhodotorula_Metabolites/Rhodotorula_pheno_MS/BFD/input/dna/Rhodotorula_mucilaginosa_TFCN_17-332P-1.scaffolds.fa	99.9887	6254	6401
Rhodotorula_pacifica_TFCN_1B-1-2.scaffolds.fa	/bigdata/stajichlab/shared/projects/Rhodotorula/Rhodotorula_Metabolites/Rhodotorula_pheno_MS/BFD/input/dna/Rhodotorula_mucilaginosa_TFCN_17-334Y-2.scaffolds.fa	99.9885	6357	6401
Rhodotorula_pacifica_TFCN_1B-1-2.scaffolds.fa	/bigdata/stajichlab/shared/projects/Rhodotorula/Rhodotorula_Metabolites/Rhodotorula_pheno_MS/BFD/input/dna/Rhodotorula_mucilaginosa_TFCN_209-6-4.scaffolds.fa	99.9884	6361	6401
Rhodotorula_pacifica_TFCN_1B-1-2.scaffolds.fa	/bigdata/stajichlab/shared/projects/Rhodotorula/Rhodotorula_Metabolites/Rhodotorula_pheno_MS/BFD/input/dna/Rhodotorula_mucilaginosa_TFCN_212C-2.scaffolds.fa	99.9884	6362	6401
Rhodotorula_pacifica_TFCN_1B-1-2.scaffolds.fa	/bigdata/stajichlab/shared/projects/Rhodotorula/Rhodotorula_Metabolites/Rhodotorula_pheno_MS/BFD/input/dna/Rhodotorula_mucilaginosa_TFCN_209-6-2.scaffolds.fa	99.9883	6362	6401
Rhodotorula_pacifica_TFCN_1B-1-2.scaffolds.fa	/bigdata/stajichlab/shared/projects/Rhodotorula/Rhodotorula_Metabolites/Rhodotorula_pheno_MS/BFD/input/dna/Rhodotorula_mucilaginosa_TFCN_4M-1-4.scaffolds.fa	99.9882	6334	6401
Rhodotorula_pacifica_TFCN_1B-1-2.scaffolds.fa	/bigdata/stajichlab/shared/projects/Rhodotorula/Rhodotorula_Metabolites/Rhodotorula_pheno_MS/BFD/input/dna/Rhodotorula_mucilaginosa_TFCN_130D-4.scaffolds.fa	99.988	6331	6401
Rhodotorula_pacifica_TFCN_1B-1-2.scaffolds.fa	/bigdata/stajichlab/shared/projects/Rhodotorula/Rhodotorula_Metabolites/Rhodotorula_pheno_MS/BFD/input/dna/Rhodotorula_mucilaginosa_TFCN_98C-3.scaffolds.fa	99.9875	6329	6401
Rhodotorula_pacifica_TFCN_1B-1-2.scaffolds.fa	/bigdata/stajichlab/shared/projects/Rhodotorula/Rhodotorula_Metabolites/Rhodotorula_pheno_MS/BFD/input/dna/Rhodotorula_mucilaginosa_TFCN_105A-2.scaffolds.fa	99.9874	6357	6401
Rhodotorula_pacifica_TFCN_1B-1-2.scaffolds.fa	/bigdata/stajichlab/shared/projects/Rhodotorula/Rhodotorula_Metabolites/Rhodotorula_pheno_MS/BFD/input/dna/Rhodotorula_mucilaginosa_TFCN_110C-1.scaffolds.fa	99.9872	6354	6401
Rhodotorula_pacifica_TFCN_1B-1-2.scaffolds.fa	/bigdata/stajichlab/shared/projects/Rhodotorula/Rhodotorula_Metabolites/Rhodotorula_pheno_MS/BFD/input/dna/Rhodotorula_mucilaginosa_DBVPG_4466.scaffolds.fa	99.9871	6330	6401
Rhodotorula_pacifica_TFCN_1B-1-2.scaffolds.fa	/bigdata/stajichlab/shared/projects/Rhodotorula/Rhodotorula_Metabolites/Rhodotorula_pheno_MS/BFD/input/dna/Rhodotorula_mucilaginosa_TFCN_213-6-4.scaffolds.fa	99.987	6334	6401
Rhodotorula_pacifica_TFCN_1B-1-2.scaffolds.fa	/bigdata/stajichlab/shared/projects/Rhodotorula/Rhodotorula_Metabolites/Rhodotorula_pheno_MS/BFD/input/dna/Rhodotorula_mucilaginosa_DBVPG_4203.scaffolds.fa	99.987	6357	6401
Rhodotorula_pacifica_TFCN_1B-1-2.scaffolds.fa	/bigdata/stajichlab/shared/projects/Rhodotorula/Rhodotorula_Metabolites/Rhodotorula_pheno_MS/BFD/input/dna/Rhodotorula_mucilaginosa_TFCN_98D-7.scaffolds.fa	99.987	6342	6401
Rhodotorula_pacifica_TFCN_1B-1-2.scaffolds.fa	/bigdata/stajichlab/shared/projects/Rhodotorula/Rhodotorula_Metabolites/Rhodotorula_pheno_MS/BFD/input/dna/Rhodotorula_mucilaginosa_DBVPG_5236.scaffolds.fa	99.9868	6359	6401
Rhodotorula_pacifica_TFCN_1B-1-2.scaffolds.fa	/bigdata/stajichlab/shared/projects/Rhodotorula/Rhodotorula_Metabolites/Rhodotorula_pheno_MS/BFD/input/dna/Rhodotorula_mucilaginosa_TFCN_17-334C-1.scaffolds.fa	99.9867	6338	6401
Rhodotorula_pacifica_TFCN_1B-1-2.scaffolds.fa	/bigdata/stajichlab/shared/projects/Rhodotorula/Rhodotorula_Metabolites/Rhodotorula_pheno_MS/BFD/input/dna/Rhodotorula_mucilaginosa_TFCN_25-325Y-1.scaffolds.fa	99.9865	6344	6401
Rhodotorula_pacifica_TFCN_1B-1-2.scaffolds.fa	/bigdata/stajichlab/shared/projects/Rhodotorula/Rhodotorula_Metabolites/Rhodotorula_pheno_MS/BFD/input/dna/Rhodotorula_mucilaginosa_TFCN_25-332M-1.scaffolds.fa	99.9865	6230	6401
Rhodotorula_pacifica_TFCN_1B-1-2.scaffolds.fa	/bigdata/stajichlab/shared/projects/Rhodotorula/Rhodotorula_Metabolites/Rhodotorula_pheno_MS/BFD/input/dna/Rhodotorula_mucilaginosa_TFCN_209-6-14.scaffolds.fa	99.9861	6364	6401
Rhodotorula_pacifica_TFCN_1B-1-2.scaffolds.fa	/bigdata/stajichlab/shared/projects/Rhodotorula/Rhodotorula_Metabolites/Rhodotorula_pheno_MS/BFD/input/dna/Rhodotorula_mucilaginosa_DBVPG_4201.scaffolds.fa	99.986	6341	6401
Rhodotorula_pacifica_TFCN_1B-1-2.scaffolds.fa	/bigdata/stajichlab/shared/projects/Rhodotorula/Rhodotorula_Metabolites/Rhodotorula_pheno_MS/BFD/input/dna/Rhodotorula_mucilaginosa_TFCN_122C-2.scaffolds.fa	99.986	6357	6401
Rhodotorula_pacifica_TFCN_1B-1-2.scaffolds.fa	/bigdata/stajichlab/shared/projects/Rhodotorula/Rhodotorula_Metabolites/Rhodotorula_pheno_MS/BFD/input/dna/Rhodotorula_mucilaginosa_TFCN_98D-11.scaffolds.fa	99.986	6331	6401
Rhodotorula_pacifica_TFCN_1B-1-2.scaffolds.fa	/bigdata/stajichlab/shared/projects/Rhodotorula/Rhodotorula_Metabolites/Rhodotorula_pheno_MS/BFD/input/dna/Rhodotorula_mucilaginosa_TFCN_17-338D-3.scaffolds.fa	99.9859	6335	6401
Rhodotorula_pacifica_TFCN_1B-1-2.scaffolds.fa	/bigdata/stajichlab/shared/projects/Rhodotorula/Rhodotorula_Metabolites/Rhodotorula_pheno_MS/BFD/input/dna/Rhodotorula_mucilaginosa_TFCN_342-3.scaffolds.fa	99.9858	6339	6401
Rhodotorula_pacifica_TFCN_1B-1-2.scaffolds.fa	/bigdata/stajichlab/shared/projects/Rhodotorula/Rhodotorula_Metabolites/Rhodotorula_pheno_MS/BFD/input/dna/Rhodotorula_mucilaginosa_TFCN_17-332P-2.scaffolds.fa	99.9858	6220	6401
Rhodotorula_pacifica_TFCN_1B-1-2.scaffolds.fa	/bigdata/stajichlab/shared/projects/Rhodotorula/Rhodotorula_Metabolites/Rhodotorula_pheno_MS/BFD/input/dna/Rhodotorula_mucilaginosa_TFCN_209-6-1.scaffolds.fa	99.9858	6330	6401
Rhodotorula_pacifica_TFCN_1B-1-2.scaffolds.fa	/bigdata/stajichlab/shared/projects/Rhodotorula/Rhodotorula_Metabolites/Rhodotorula_pheno_MS/BFD/input/dna/Rhodotorula_mucilaginosa_TFCN_17-332C-2.scaffolds.fa	99.9854	6249	6401
Rhodotorula_pacifica_TFCN_1B-1-2.scaffolds.fa	/bigdata/stajichlab/shared/projects/Rhodotorula/Rhodotorula_Metabolites/Rhodotorula_pheno_MS/BFD/input/dna/Rhodotorula_mucilaginosa_DBVPG_4304.scaffolds.fa	99.9853	6359	6401
Rhodotorula_pacifica_TFCN_1B-1-2.scaffolds.fa	/bigdata/stajichlab/shared/projects/Rhodotorula/Rhodotorula_Metabolites/Rhodotorula_pheno_MS/BFD/input/dna/Rhodotorula_mucilaginosa_TFCN_17-332C-1.scaffolds.fa	99.9851	6236	6401
Rhodotorula_pacifica_TFCN_1B-1-2.scaffolds.fa	/bigdata/stajichlab/shared/projects/Rhodotorula/Rhodotorula_Metabolites/Rhodotorula_pheno_MS/BFD/input/dna/Rhodotorula_mucilaginosa_TFCN_86A-12.scaffolds.fa	99.985	6324	6401
Rhodotorula_pacifica_TFCN_1B-1-2.scaffolds.fa	/bigdata/stajichlab/shared/projects/Rhodotorula/Rhodotorula_Metabolites/Rhodotorula_pheno_MS/BFD/input/dna/Rhodotorula_mucilaginosa_TFCN_17-325D-2.scaffolds.fa	99.985	6357	6401
Rhodotorula_pacifica_TFCN_1B-1-2.scaffolds.fa	/bigdata/stajichlab/shared/projects/Rhodotorula/Rhodotorula_Metabolites/Rhodotorula_pheno_MS/BFD/input/dna/Rhodotorula_mucilaginosa_DBVPG_7019.scaffolds.fa	99.9847	6353	6401
Rhodotorula_pacifica_TFCN_1B-1-2.scaffolds.fa	/bigdata/stajichlab/shared/projects/Rhodotorula/Rhodotorula_Metabolites/Rhodotorula_pheno_MS/BFD/input/dna/Rhodotorula_mucilaginosa_TFCN_209-6-12.scaffolds.fa	99.9845	6328	6401
Rhodotorula_pacifica_TFCN_1B-1-2.scaffolds.fa	/bigdata/stajichlab/shared/projects/Rhodotorula/Rhodotorula_Metabolites/Rhodotorula_pheno_MS/BFD/input/dna/Rhodotorula_mucilaginosa_TFCN_25-332C-1.scaffolds.fa	99.9843	6226	6401
Rhodotorula_pacifica_TFCN_1B-1-2.scaffolds.fa	/bigdata/stajichlab/shared/projects/Rhodotorula/Rhodotorula_Metabolites/Rhodotorula_pheno_MS/BFD/input/dna/Rhodotorula_mucilaginosa_TFCN_98D-9.scaffolds.fa	99.9842	6336	6401
Rhodotorula_pacifica_TFCN_1B-1-2.scaffolds.fa	/bigdata/stajichlab/shared/projects/Rhodotorula/Rhodotorula_Metabolites/Rhodotorula_pheno_MS/BFD/input/dna/Rhodotorula_mucilaginosa_TFCN_17-333D-2.scaffolds.fa	99.9841	6292	6401
Rhodotorula_pacifica_TFCN_1B-1-2.scaffolds.fa	/bigdata/stajichlab/shared/projects/Rhodotorula/Rhodotorula_Metabolites/Rhodotorula_pheno_MS/BFD/input/dna/Rhodotorula_mucilaginosa_DBVPG_6803.scaffolds.fa	99.984	6353	6401
Rhodotorula_pacifica_TFCN_1B-1-2.scaffolds.fa	/bigdata/stajichlab/shared/projects/Rhodotorula/Rhodotorula_Metabolites/Rhodotorula_pheno_MS/BFD/input/dna/Rhodotorula_mucilaginosa_TFCN_98C-5.scaffolds.fa	99.9838	6295	6401
Rhodotorula_pacifica_TFCN_1B-1-2.scaffolds.fa	/bigdata/stajichlab/shared/projects/Rhodotorula/Rhodotorula_Metabolites/Rhodotorula_pheno_MS/BFD/input/dna/Rhodotorula_mucilaginosa_DBVPG_10886.scaffolds.fa	99.9836	6029	6401
Rhodotorula_pacifica_TFCN_1B-1-2.scaffolds.fa	/bigdata/stajichlab/shared/projects/Rhodotorula/Rhodotorula_Metabolites/Rhodotorula_pheno_MS/BFD/input/dna/Rhodotorula_mucilaginosa_DBVPG_6742.scaffolds.fa	99.9836	6354	6401
Rhodotorula_pacifica_TFCN_1B-1-2.scaffolds.fa	/bigdata/stajichlab/shared/projects/Rhodotorula/Rhodotorula_Metabolites/Rhodotorula_pheno_MS/BFD/input/dna/Rhodotorula_mucilaginosa_TFCN_172A-1.scaffolds.fa	99.9835	6349	6401
Rhodotorula_pacifica_TFCN_1B-1-2.scaffolds.fa	/bigdata/stajichlab/shared/projects/Rhodotorula/Rhodotorula_Metabolites/Rhodotorula_pheno_MS/BFD/input/dna/Rhodotorula_mucilaginosa_DBVPG_6741.scaffolds.fa	99.9833	6336	6401
Rhodotorula_pacifica_TFCN_1B-1-2.scaffolds.fa	/bigdata/stajichlab/shared/projects/Rhodotorula/Rhodotorula_Metabolites/Rhodotorula_pheno_MS/BFD/input/dna/Rhodotorula_mucilaginosa_TFCN_25-0-2E333-7.scaffolds.fa	99.9833	6348	6401
Rhodotorula_pacifica_TFCN_1B-1-2.scaffolds.fa	/bigdata/stajichlab/shared/projects/Rhodotorula/Rhodotorula_Metabolites/Rhodotorula_pheno_MS/BFD/input/dna/Rhodotorula_mucilaginosa_TFCN_17-325D-4.scaffolds.fa	99.9828	6330	6401
Rhodotorula_pacifica_TFCN_1B-1-2.scaffolds.fa	/bigdata/stajichlab/shared/projects/Rhodotorula/Rhodotorula_Metabolites/Rhodotorula_pheno_MS/BFD/input/dna/Rhodotorula_mucilaginosa_DBVPG_4202.scaffolds.fa	99.9827	6337	6401
Rhodotorula_pacifica_TFCN_1B-1-2.scaffolds.fa	/bigdata/stajichlab/shared/projects/Rhodotorula/Rhodotorula_Metabolites/Rhodotorula_pheno_MS/BFD/input/dna/Rhodotorula_mucilaginosa_TFCN_25-337Y-1.scaffolds.fa	99.9824	6048	6401
Rhodotorula_pacifica_TFCN_1B-1-2.scaffolds.fa	/bigdata/stajichlab/shared/projects/Rhodotorula/Rhodotorula_Metabolites/Rhodotorula_pheno_MS/BFD/input/dna/Rhodotorula_mucilaginosa_TFCN_209-6-5.scaffolds.fa	99.9823	6338	6401
Rhodotorula_pacifica_TFCN_1B-1-2.scaffolds.fa	/bigdata/stajichlab/shared/projects/Rhodotorula/Rhodotorula_Metabolites/Rhodotorula_pheno_MS/BFD/input/dna/Rhodotorula_mucilaginosa_TFCN_209-6-17.scaffolds.fa	99.9816	6327	6401
Rhodotorula_pacifica_TFCN_1B-1-2.scaffolds.fa	/bigdata/stajichlab/shared/projects/Rhodotorula/Rhodotorula_Metabolites/Rhodotorula_pheno_MS/BFD/input/dna/Rhodotorula_mucilaginosa_TFCN_138A-1.scaffolds.fa	99.9814	6338	6401
Rhodotorula_pacifica_TFCN_1B-1-2.scaffolds.fa	/bigdata/stajichlab/shared/projects/Rhodotorula/Rhodotorula_Metabolites/Rhodotorula_pheno_MS/BFD/input/dna/Rhodotorula_mucilaginosa_TFCN_209-6-11.scaffolds.fa	99.9812	6311	6401
Rhodotorula_pacifica_TFCN_1B-1-2.scaffolds.fa	/bigdata/stajichlab/shared/projects/Rhodotorula/Rhodotorula_Metabolites/Rhodotorula_pheno_MS/BFD/input/dna/Rhodotorula_mucilaginosa_TFCN_213-6-2.scaffolds.fa	99.9808	6330	6401
Rhodotorula_pacifica_TFCN_1B-1-2.scaffolds.fa	/bigdata/stajichlab/shared/projects/Rhodotorula/Rhodotorula_Metabolites/Rhodotorula_pheno_MS/BFD/input/dna/Rhodotorula_mucilaginosa_TFCN_102C-2.scaffolds.fa	99.9805	6072	6401
Rhodotorula_pacifica_TFCN_1B-1-2.scaffolds.fa	/bigdata/stajichlab/shared/projects/Rhodotorula/Rhodotorula_Metabolites/Rhodotorula_pheno_MS/BFD/input/dna/Rhodotorula_mucilaginosa_TFCN_86A-3.scaffolds.fa	99.9796	6292	6401
Rhodotorula_pacifica_TFCN_1B-1-2.scaffolds.fa	/bigdata/stajichlab/shared/projects/Rhodotorula/Rhodotorula_Metabolites/Rhodotorula_pheno_MS/BFD/input/dna/Rhodotorula_mucilaginosa_TFCN_102C-1.scaffolds.fa	99.9795	6333	6401
Rhodotorula_pacifica_TFCN_1B-1-2.scaffolds.fa	/bigdata/stajichlab/shared/projects/Rhodotorula/Rhodotorula_Metabolites/Rhodotorula_pheno_MS/BFD/input/dna/Rhodotorula_mucilaginosa_TFCN_102D-2.scaffolds.fa	99.9789	6330	6401
Rhodotorula_pacifica_TFCN_1B-1-2.scaffolds.fa	/bigdata/stajichlab/shared/projects/Rhodotorula/Rhodotorula_Metabolites/Rhodotorula_pheno_MS/BFD/input/dna/Rhodotorula_mucilaginosa_TFCN_152A-5.scaffolds.fa	99.9783	6214	6401
Rhodotorula_pacifica_TFCN_1B-1-2.scaffolds.fa	/bigdata/stajichlab/shared/projects/Rhodotorula/Rhodotorula_Metabolites/Rhodotorula_pheno_MS/BFD/input/dna/Rhodotorula_mucilaginosa_TFCN_25-332Y-1.scaffolds.fa	99.9776	6145	6401
Rhodotorula_pacifica_TFCN_1B-1-2.scaffolds.fa	/bigdata/stajichlab/shared/projects/Rhodotorula/Rhodotorula_Metabolites/Rhodotorula_pheno_MS/BFD/input/dna/Rhodotorula_mucilaginosa_TFCN_141C-2.scaffolds.fa	99.9766	6290	6401
Rhodotorula_pacifica_TFCN_1B-1-2.scaffolds.fa	/bigdata/stajichlab/shared/projects/Rhodotorula/Rhodotorula_Metabolites/Rhodotorula_pheno_MS/BFD/input/dna/Rhodotorula_mucilaginosa_TFCN_25-332P-2.scaffolds.fa	99.9763	6216	6401
Rhodotorula_pacifica_TFCN_1B-1-2.scaffolds.fa	/bigdata/stajichlab/shared/projects/Rhodotorula/Rhodotorula_Metabolites/Rhodotorula_pheno_MS/BFD/input/dna/Rhodotorula_mucilaginosa_TFCN_17-325P-1.scaffolds.fa	99.976	6095	6401
Rhodotorula_pacifica_TFCN_1B-1-2.scaffolds.fa	/bigdata/stajichlab/shared/projects/Rhodotorula/Rhodotorula_Metabolites/Rhodotorula_pheno_MS/BFD/input/dna/Rhodotorula_mucilaginosa_TFCN_137C-3.scaffolds.fa	99.9745	6315	6401
Rhodotorula_pacifica_TFCN_1B-1-2.scaffolds.fa	/bigdata/stajichlab/shared/projects/Rhodotorula/Rhodotorula_Metabolites/Rhodotorula_pheno_MS/BFD/input/dna/Rhodotorula_mucilaginosa_TFCN_137D-4.scaffolds.fa	99.9743	6301	6401
Rhodotorula_pacifica_TFCN_1B-1-2.scaffolds.fa	/bigdata/stajichlab/shared/projects/Rhodotorula/Rhodotorula_Metabolites/Rhodotorula_pheno_MS/BFD/input/dna/Rhodotorula_mucilaginosa_TFCN_25-337M-3.scaffolds.fa	99.9698	6183	6401
Rhodotorula_pacifica_TFCN_1B-1-2.scaffolds.fa	/bigdata/stajichlab/shared/projects/Rhodotorula/Rhodotorula_Metabolites/Rhodotorula_pheno_MS/BFD/input/dna/Rhodotorula_mucilaginosa_TFCN_25-335Y-1.scaffolds.fa	99.9695	6191	6401
Rhodotorula_pacifica_TFCN_1B-1-2.scaffolds.fa	/bigdata/stajichlab/shared/projects/Rhodotorula/Rhodotorula_Metabolites/Rhodotorula_pheno_MS/BFD/input/dna/Rhodotorula_mucilaginosa_TFCN_17-332M-2.scaffolds.fa	99.9606	6165	6401
Rhodotorula_pacifica_TFCN_1B-1-2.scaffolds.fa	/bigdata/stajichlab/shared/projects/Rhodotorula/Rhodotorula_Metabolites/Rhodotorula_pheno_MS/BFD/input/dna/Rhodotorula_mucilaginosa_TFCN_25-0-2E332-1.scaffolds.fa	99.9026	5961	6401
Rhodotorula_pacifica_TFCN_1B-1-2.scaffolds.fa	/bigdata/stajichlab/shared/projects/Rhodotorula/Rhodotorula_Metabolites/Rhodotorula_pheno_MS/BFD/input/dna/Rhodotorula_mucilaginosa_TFCN_17-0-2E334-4.scaffolds.fa	99.6935	6349	6401
Rhodotorula_pacifica_TFCN_1B-1-2.scaffolds.fa	/bigdata/stajichlab/shared/projects/Rhodotorula/Rhodotorula_Metabolites/Rhodotorula_pheno_MS/BFD/input/dna/Rhodotorula_mucilaginosa_TFCN_17-333P-6.scaffolds.fa	99.6771	6298	6401
Rhodotorula_pacifica_TFCN_1B-1-2.scaffolds.fa	/bigdata/stajichlab/shared/projects/Rhodotorula/Rhodotorula_Metabolites/Rhodotorula_pheno_MS/BFD/input/dna/Rhodotorula_mucilaginosa_TFCN_25-0-2E333-1.scaffolds.fa	99.6732	6306	6401
Rhodotorula_pacifica_TFCN_1B-1-2.scaffolds.fa	/bigdata/stajichlab/shared/projects/Rhodotorula/Rhodotorula_Metabolites/Rhodotorula_pheno_MS/BFD/input/dna/Rhodotorula_mucilaginosa_TFCN_17-337P-5.scaffolds.fa	99.6667	6293	6401
Rhodotorula_pacifica_TFCN_1B-1-2.scaffolds.fa	/bigdata/stajichlab/shared/projects/Rhodotorula/Rhodotorula_Metabolites/Rhodotorula_pheno_MS/BFD/input/dna/Rhodotorula_mucilaginosa_TFCN_211A-3.scaffolds.fa	99.6584	6331	6401
Rhodotorula_pacifica_TFCN_1B-1-2.scaffolds.fa	/bigdata/stajichlab/shared/projects/Rhodotorula/Rhodotorula_Metabolites/Rhodotorula_pheno_MS/BFD/input/dna/Rhodotorula_mucilaginosa_DBVPG_4957.scaffolds.fa	99.6562	6347	6401
Rhodotorula_pacifica_TFCN_1B-1-2.scaffolds.fa	/bigdata/stajichlab/shared/projects/Rhodotorula/Rhodotorula_Metabolites/Rhodotorula_pheno_MS/BFD/input/dna/Rhodotorula_mucilaginosa_TFCN_25-333P-2.scaffolds.fa	99.6561	6325	6401
Rhodotorula_pacifica_TFCN_1B-1-2.scaffolds.fa	/bigdata/stajichlab/shared/projects/Rhodotorula/Rhodotorula_Metabolites/Rhodotorula_pheno_MS/BFD/input/dna/Rhodotorula_mucilaginosa_DBVPG_4949.scaffolds.fa	99.6561	6296	6401
Rhodotorula_pacifica_TFCN_1B-1-2.scaffolds.fa	/bigdata/stajichlab/shared/projects/Rhodotorula/Rhodotorula_Metabolites/Rhodotorula_pheno_MS/BFD/input/dna/Rhodotorula_mucilaginosa_TFCN_17-334Y-3.scaffolds.fa	99.6559	6333	6401
Rhodotorula_pacifica_TFCN_1B-1-2.scaffolds.fa	/bigdata/stajichlab/shared/projects/Rhodotorula/Rhodotorula_Metabolites/Rhodotorula_pheno_MS/BFD/input/dna/Rhodotorula_mucilaginosa_DBVPG_4950.scaffolds.fa	99.6554	6346	6401
Rhodotorula_pacifica_TFCN_1B-1-2.scaffolds.fa	/bigdata/stajichlab/shared/projects/Rhodotorula/Rhodotorula_Metabolites/Rhodotorula_pheno_MS/BFD/input/dna/Rhodotorula_mucilaginosa_TFCN_25-333Y-9.scaffolds.fa	99.6543	6350	6401
Rhodotorula_pacifica_TFCN_1B-1-2.scaffolds.fa	/bigdata/stajichlab/shared/projects/Rhodotorula/Rhodotorula_Metabolites/Rhodotorula_pheno_MS/BFD/input/dna/Rhodotorula_mucilaginosa_TFCN_25-327D-1.scaffolds.fa	99.6541	6352	6401
Rhodotorula_pacifica_TFCN_1B-1-2.scaffolds.fa	/bigdata/stajichlab/shared/projects/Rhodotorula/Rhodotorula_Metabolites/Rhodotorula_pheno_MS/BFD/input/dna/Rhodotorula_mucilaginosa_TFCN_100D-1.scaffolds.fa	99.654	6319	6401
Rhodotorula_pacifica_TFCN_1B-1-2.scaffolds.fa	/bigdata/stajichlab/shared/projects/Rhodotorula/Rhodotorula_Metabolites/Rhodotorula_pheno_MS/BFD/input/dna/Rhodotorula_mucilaginosa_TFCN_107C-3.scaffolds.fa	99.6538	6327	6401
Rhodotorula_pacifica_TFCN_1B-1-2.scaffolds.fa	/bigdata/stajichlab/shared/projects/Rhodotorula/Rhodotorula_Metabolites/Rhodotorula_pheno_MS/BFD/input/dna/Rhodotorula_mucilaginosa_DBVPG_4964.scaffolds.fa	99.6537	6346	6401
Rhodotorula_pacifica_TFCN_1B-1-2.scaffolds.fa	/bigdata/stajichlab/shared/projects/Rhodotorula/Rhodotorula_Metabolites/Rhodotorula_pheno_MS/BFD/input/dna/Rhodotorula_mucilaginosa_TFCN_118C-2.scaffolds.fa	99.6535	6337	6401
Rhodotorula_pacifica_TFCN_1B-1-2.scaffolds.fa	/bigdata/stajichlab/shared/projects/Rhodotorula/Rhodotorula_Metabolites/Rhodotorula_pheno_MS/BFD/input/dna/Rhodotorula_mucilaginosa_TFCN_98A-10.scaffolds.fa	99.6531	6336	6401
Rhodotorula_pacifica_TFCN_1B-1-2.scaffolds.fa	/bigdata/stajichlab/shared/projects/Rhodotorula/Rhodotorula_Metabolites/Rhodotorula_pheno_MS/BFD/input/dna/Rhodotorula_mucilaginosa_TFCN_25-333C-2.scaffolds.fa	99.6523	6352	6401
Rhodotorula_pacifica_TFCN_1B-1-2.scaffolds.fa	/bigdata/stajichlab/shared/projects/Rhodotorula/Rhodotorula_Metabolites/Rhodotorula_pheno_MS/BFD/input/dna/Rhodotorula_mucilaginosa_TFCN_340-3.scaffolds.fa	99.6521	6345	6401
Rhodotorula_pacifica_TFCN_1B-1-2.scaffolds.fa	/bigdata/stajichlab/shared/projects/Rhodotorula/Rhodotorula_Metabolites/Rhodotorula_pheno_MS/BFD/input/dna/Rhodotorula_mucilaginosa_TFCN_98C-7.scaffolds.fa	99.6512	6331	6401
Rhodotorula_pacifica_TFCN_1B-1-2.scaffolds.fa	/bigdata/stajichlab/shared/projects/Rhodotorula/Rhodotorula_Metabolites/Rhodotorula_pheno_MS/BFD/input/dna/Rhodotorula_mucilaginosa_TFCN_107A-6.scaffolds.fa	99.6501	6320	6401
Rhodotorula_pacifica_TFCN_1B-1-2.scaffolds.fa	/bigdata/stajichlab/shared/projects/Rhodotorula/Rhodotorula_Metabolites/Rhodotorula_pheno_MS/BFD/input/dna/Rhodotorula_mucilaginosa_TFCN_152A-2.scaffolds.fa	99.6501	6337	6401
Rhodotorula_pacifica_TFCN_1B-1-2.scaffolds.fa	/bigdata/stajichlab/shared/projects/Rhodotorula/Rhodotorula_Metabolites/Rhodotorula_pheno_MS/BFD/input/dna/Rhodotorula_mucilaginosa_TFCN_273H-1.scaffolds.fa	99.6501	6323	6401
Rhodotorula_pacifica_TFCN_1B-1-2.scaffolds.fa	/bigdata/stajichlab/shared/projects/Rhodotorula/Rhodotorula_Metabolites/Rhodotorula_pheno_MS/BFD/input/dna/Rhodotorula_mucilaginosa_TFCN_340-1.scaffolds.fa	99.6501	6345	6401
Rhodotorula_pacifica_TFCN_1B-1-2.scaffolds.fa	/bigdata/stajichlab/shared/projects/Rhodotorula/Rhodotorula_Metabolites/Rhodotorula_pheno_MS/BFD/input/dna/Rhodotorula_mucilaginosa_TFCN_102D-1.scaffolds.fa	99.6501	6328	6401
Rhodotorula_pacifica_TFCN_1B-1-2.scaffolds.fa	/bigdata/stajichlab/shared/projects/Rhodotorula/Rhodotorula_Metabolites/Rhodotorula_pheno_MS/BFD/input/dna/Rhodotorula_mucilaginosa_TFCN_2M-1-4.scaffolds.fa	99.65	6339	6401
Rhodotorula_pacifica_TFCN_1B-1-2.scaffolds.fa	/bigdata/stajichlab/shared/projects/Rhodotorula/Rhodotorula_Metabolites/Rhodotorula_pheno_MS/BFD/input/dna/Rhodotorula_mucilaginosa_DBVPG_4956.scaffolds.fa	99.6493	6319	6401
Rhodotorula_pacifica_TFCN_1B-1-2.scaffolds.fa	/bigdata/stajichlab/shared/projects/Rhodotorula/Rhodotorula_Metabolites/Rhodotorula_pheno_MS/BFD/input/dna/Rhodotorula_mucilaginosa_DBVPG_10780.scaffolds.fa	99.649	6338	6401
Rhodotorula_pacifica_TFCN_1B-1-2.scaffolds.fa	/bigdata/stajichlab/shared/projects/Rhodotorula/Rhodotorula_Metabolites/Rhodotorula_pheno_MS/BFD/input/dna/Rhodotorula_mucilaginosa_TFCN_25-0-2E333-5.scaffolds.fa	99.6483	6328	6401
Rhodotorula_pacifica_TFCN_1B-1-2.scaffolds.fa	/bigdata/stajichlab/shared/projects/Rhodotorula/Rhodotorula_Metabolites/Rhodotorula_pheno_MS/BFD/input/dna/Rhodotorula_mucilaginosa_TFCN_270H-2.scaffolds.fa	99.6481	6319	6401
Rhodotorula_pacifica_TFCN_1B-1-2.scaffolds.fa	/bigdata/stajichlab/shared/projects/Rhodotorula/Rhodotorula_Metabolites/Rhodotorula_pheno_MS/BFD/input/dna/Rhodotorula_mucilaginosa_DBVPG_3238.scaffolds.fa	99.6478	6324	6401
Rhodotorula_pacifica_TFCN_1B-1-2.scaffolds.fa	/bigdata/stajichlab/shared/projects/Rhodotorula/Rhodotorula_Metabolites/Rhodotorula_pheno_MS/BFD/input/dna/Rhodotorula_mucilaginosa_DBVPG_10619.scaffolds.fa	99.6469	6327	6401
Rhodotorula_pacifica_TFCN_1B-1-2.scaffolds.fa	/bigdata/stajichlab/shared/projects/Rhodotorula/Rhodotorula_Metabolites/Rhodotorula_pheno_MS/BFD/input/dna/Rhodotorula_mucilaginosa_TFCN_140A-3.scaffolds.fa	99.6466	6316	6401
Rhodotorula_pacifica_TFCN_1B-1-2.scaffolds.fa	/bigdata/stajichlab/shared/projects/Rhodotorula/Rhodotorula_Metabolites/Rhodotorula_pheno_MS/BFD/input/dna/Rhodotorula_mucilaginosa_DBVPG_4669.scaffolds.fa	99.6463	6076	6401
Rhodotorula_pacifica_TFCN_1B-1-2.scaffolds.fa	/bigdata/stajichlab/shared/projects/Rhodotorula/Rhodotorula_Metabolites/Rhodotorula_pheno_MS/BFD/input/dna/Rhodotorula_mucilaginosa_TFCN_17-0-2E334-10.scaffolds.fa	99.6462	6304	6401
Rhodotorula_pacifica_TFCN_1B-1-2.scaffolds.fa	/bigdata/stajichlab/shared/projects/Rhodotorula/Rhodotorula_Metabolites/Rhodotorula_pheno_MS/BFD/input/dna/Rhodotorula_mucilaginosa_TFCN_152C-5.scaffolds.fa	99.6441	6312	6401
Rhodotorula_pacifica_TFCN_1B-1-2.scaffolds.fa	/bigdata/stajichlab/shared/projects/Rhodotorula/Rhodotorula_Metabolites/Rhodotorula_pheno_MS/BFD/input/dna/Rhodotorula_mucilaginosa_TFCN_363-1-2.scaffolds.fa	99.6418	6293	6401
Rhodotorula_pacifica_TFCN_1B-1-2.scaffolds.fa	/bigdata/stajichlab/shared/projects/Rhodotorula/Rhodotorula_Metabolites/Rhodotorula_pheno_MS/BFD/input/dna/Rhodotorula_mucilaginosa_TFCN_89D-3.scaffolds.fa	99.6401	6274	6401
Rhodotorula_pacifica_TFCN_1B-1-2.scaffolds.fa	/bigdata/stajichlab/shared/projects/Rhodotorula/Rhodotorula_Metabolites/Rhodotorula_pheno_MS/BFD/input/dna/Rhodotorula_mucilaginosa_TFCN_25-0-2E333-9.scaffolds.fa	99.6389	6287	6401
Rhodotorula_pacifica_TFCN_1B-1-2.scaffolds.fa	/bigdata/stajichlab/shared/projects/Rhodotorula/Rhodotorula_Metabolites/Rhodotorula_pheno_MS/BFD/input/dna/Rhodotorula_mucilaginosa_DBVPG_6093.scaffolds.fa	99.6358	6209	6401
Rhodotorula_pacifica_TFCN_1B-1-2.scaffolds.fa	/bigdata/stajichlab/shared/projects/Rhodotorula/Rhodotorula_Metabolites/Rhodotorula_pheno_MS/BFD/input/dna/Rhodotorula_mucilaginosa_TFCN_4M-1-2.scaffolds.fa	99.6298	6059	6401
Rhodotorula_pacifica_TFCN_1B-1-2.scaffolds.fa	/bigdata/stajichlab/shared/projects/Rhodotorula/Rhodotorula_Metabolites/Rhodotorula_pheno_MS/BFD/input/dna/Rhodotorula_mucilaginosa_TFCN_17-267M-1.scaffolds.fa	99.3958	6320	6401
Rhodotorula_pacifica_TFCN_1B-1-2.scaffolds.fa	/bigdata/stajichlab/shared/projects/Rhodotorula/Rhodotorula_Metabolites/Rhodotorula_pheno_MS/BFD/input/dna/Rhodotorula_mucilaginosa_DBVPG_10842.scaffolds.fa	99.3956	6302	6401
Rhodotorula_pacifica_TFCN_1B-1-2.scaffolds.fa	/bigdata/stajichlab/shared/projects/Rhodotorula/Rhodotorula_Metabolites/Rhodotorula_pheno_MS/BFD/input/dna/Rhodotorula_mucilaginosa_DBVPG_4947.scaffolds.fa	99.393	6280	6401
Rhodotorula_pacifica_TFCN_1B-1-2.scaffolds.fa	/bigdata/stajichlab/shared/projects/Rhodotorula/Rhodotorula_Metabolites/Rhodotorula_pheno_MS/BFD/input/dna/Rhodotorula_mucilaginosa_DBVPG_5235.scaffolds.fa	99.3916	6310	6401
Rhodotorula_pacifica_TFCN_1B-1-2.scaffolds.fa	/bigdata/stajichlab/shared/projects/Rhodotorula/Rhodotorula_Metabolites/Rhodotorula_pheno_MS/BFD/input/dna/Rhodotorula_mucilaginosa_DBVPG_10882.scaffolds.fa	99.3877	6293	6401
Rhodotorula_pacifica_TFCN_1B-1-2.scaffolds.fa	/bigdata/stajichlab/shared/projects/Rhodotorula/Rhodotorula_Metabolites/Rhodotorula_pheno_MS/BFD/input/dna/Rhodotorula_mucilaginosa_DBVPG_5226.scaffolds.fa	99.3844	6307	6401
Rhodotorula_pacifica_TFCN_1B-1-2.scaffolds.fa	/bigdata/stajichlab/shared/projects/Rhodotorula/Rhodotorula_Metabolites/Rhodotorula_pheno_MS/BFD/input/dna/Rhodotorula_mucilaginosa_DBVPG_5227.scaffolds.fa	99.384	6308	6401
Rhodotorula_pacifica_TFCN_1B-1-2.scaffolds.fa	/bigdata/stajichlab/shared/projects/Rhodotorula/Rhodotorula_Metabolites/Rhodotorula_pheno_MS/BFD/input/dna/Rhodotorula_mucilaginosa_DBVPG_5225.scaffolds.fa	99.3832	6309	6401
Rhodotorula_pacifica_TFCN_1B-1-2.scaffolds.fa	/bigdata/stajichlab/shared/projects/Rhodotorula/Rhodotorula_Metabolites/Rhodotorula_pheno_MS/BFD/input/dna/Rhodotorula_mucilaginosa_DBVPG_5228.scaffolds.fa	99.3831	6307	6401
Rhodotorula_pacifica_TFCN_1B-1-2.scaffolds.fa	/bigdata/stajichlab/shared/projects/Rhodotorula/Rhodotorula_Metabolites/Rhodotorula_pheno_MS/BFD/input/dna/Rhodotorula_mucilaginosa_DBVPG_4378.scaffolds.fa	99.381	6306	6401
Rhodotorula_pacifica_TFCN_1B-1-2.scaffolds.fa	/bigdata/stajichlab/shared/projects/Rhodotorula/Rhodotorula_Metabolites/Rhodotorula_pheno_MS/BFD/input/dna/Rhodotorula_mucilaginosa_DBVPG_4945.scaffolds.fa	99.3771	6221	6401
Rhodotorula_pacifica_TFCN_1B-1-2.scaffolds.fa	/bigdata/stajichlab/shared/projects/Rhodotorula/Rhodotorula_Metabolites/Rhodotorula_pheno_MS/BFD/input/dna/Rhodotorula_mucilaginosa_DBVPG_5229.scaffolds.fa	99.3748	6175	6401
Rhodotorula_pacifica_TFCN_1B-1-2.scaffolds.fa	/bigdata/stajichlab/shared/projects/Rhodotorula/Rhodotorula_Metabolites/Rhodotorula_pheno_MS/BFD/input/dna/Rhodotorula_mucilaginosa_DBVPG_3855.scaffolds.fa	99.3269	5223	6401
Rhodotorula_pacifica_TFCN_1B-1-2.scaffolds.fa	/bigdata/stajichlab/shared/projects/Rhodotorula/Rhodotorula_Metabolites/Rhodotorula_pheno_MS/BFD/input/dna/Rhodotorula_mucilaginosa_DBVPG_3857.scaffolds.fa	99.2509	6204	6401
Rhodotorula_pacifica_TFCN_1B-1-2.scaffolds.fa	/bigdata/stajichlab/shared/projects/Rhodotorula/Rhodotorula_Metabolites/Rhodotorula_pheno_MS/BFD/input/dna/Rhodotorula_mucilaginosa_DBVPG_4962.scaffolds.fa	99.242	6266	6401
Rhodotorula_pacifica_TFCN_1B-1-2.scaffolds.fa	/bigdata/stajichlab/shared/projects/Rhodotorula/Rhodotorula_Metabolites/Rhodotorula_pheno_MS/BFD/input/dna/Rhodotorula_mucilaginosa_DBVPG_3856.scaffolds.fa	99.2381	6172	6401
Rhodotorula_pacifica_TFCN_1B-1-2.scaffolds.fa	/bigdata/stajichlab/shared/projects/Rhodotorula/Rhodotorula_Metabolites/Rhodotorula_pheno_MS/BFD/input/dna/Rhodotorula_mucilaginosa_DBVPG_3776.scaffolds.fa	99.2367	6283	6401
Rhodotorula_pacifica_TFCN_1B-1-2.scaffolds.fa	/bigdata/stajichlab/shared/projects/Rhodotorula/Rhodotorula_Metabolites/Rhodotorula_pheno_MS/BFD/input/dna/Rhodotorula_mucilaginosa_DBVPG_4920.scaffolds.fa	99.2341	6241	6401
Rhodotorula_pacifica_TFCN_1B-1-2.scaffolds.fa	/bigdata/stajichlab/shared/projects/Rhodotorula/Rhodotorula_Metabolites/Rhodotorula_pheno_MS/BFD/input/dna/Rhodotorula_mucilaginosa_DBVPG_4946.scaffolds.fa	99.2336	6267	6401
Rhodotorula_pacifica_TFCN_1B-1-2.scaffolds.fa	/bigdata/stajichlab/shared/projects/Rhodotorula/Rhodotorula_Metabolites/Rhodotorula_pheno_MS/BFD/input/dna/Rhodotorula_mucilaginosa_DBVPG_3442.scaffolds.fa	99.2326	6262	6401
Rhodotorula_pacifica_TFCN_1B-1-2.scaffolds.fa	/bigdata/stajichlab/shared/projects/Rhodotorula/Rhodotorula_Metabolites/Rhodotorula_pheno_MS/BFD/input/dna/Rhodotorula_mucilaginosa_DBVPG_3777.scaffolds.fa	99.2303	6283	6401
Rhodotorula_pacifica_TFCN_1B-1-2.scaffolds.fa	/bigdata/stajichlab/shared/projects/Rhodotorula/Rhodotorula_Metabolites/Rhodotorula_pheno_MS/BFD/input/dna/Rhodotorula_mucilaginosa_DBVPG_3780.scaffolds.fa	99.2303	6289	6401
Rhodotorula_pacifica_TFCN_1B-1-2.scaffolds.fa	/bigdata/stajichlab/shared/projects/Rhodotorula/Rhodotorula_Metabolites/Rhodotorula_pheno_MS/BFD/input/dna/Rhodotorula_mucilaginosa_DBVPG_6092.scaffolds.fa	99.23	6260	6401
Rhodotorula_pacifica_TFCN_1B-1-2.scaffolds.fa	/bigdata/stajichlab/shared/projects/Rhodotorula/Rhodotorula_Metabolites/Rhodotorula_pheno_MS/BFD/input/dna/Rhodotorula_mucilaginosa_DBVPG_3858.scaffolds.fa	99.2294	6299	6401
Rhodotorula_pacifica_TFCN_1B-1-2.scaffolds.fa	/bigdata/stajichlab/shared/projects/Rhodotorula/Rhodotorula_Metabolites/Rhodotorula_pheno_MS/BFD/input/dna/Rhodotorula_mucilaginosa_DBVPG_3443.scaffolds.fa	99.2278	6284	6401
Rhodotorula_pacifica_TFCN_1B-1-2.scaffolds.fa	/bigdata/stajichlab/shared/projects/Rhodotorula/Rhodotorula_Metabolites/Rhodotorula_pheno_MS/BFD/input/dna/Rhodotorula_mucilaginosa_DBVPG_10937.scaffolds.fa	99.227	6309	6401
Rhodotorula_pacifica_TFCN_1B-1-2.scaffolds.fa	/bigdata/stajichlab/shared/projects/Rhodotorula/Rhodotorula_Metabolites/Rhodotorula_pheno_MS/BFD/input/dna/Rhodotorula_mucilaginosa_DBVPG_4963.scaffolds.fa	99.2258	6290	6401
Rhodotorula_pacifica_TFCN_1B-1-2.scaffolds.fa	/bigdata/stajichlab/shared/projects/Rhodotorula/Rhodotorula_Metabolites/Rhodotorula_pheno_MS/BFD/input/dna/Rhodotorula_mucilaginosa_DBVPG_3775.scaffolds.fa	99.2258	6297	6401
Rhodotorula_pacifica_TFCN_1B-1-2.scaffolds.fa	/bigdata/stajichlab/shared/projects/Rhodotorula/Rhodotorula_Metabolites/Rhodotorula_pheno_MS/BFD/input/dna/Rhodotorula_mucilaginosa_DBVPG_6091.scaffolds.fa	99.2254	6269	6401
Rhodotorula_pacifica_TFCN_1B-1-2.scaffolds.fa	/bigdata/stajichlab/shared/projects/Rhodotorula/Rhodotorula_Metabolites/Rhodotorula_pheno_MS/BFD/input/dna/Rhodotorula_mucilaginosa_DBVPG_3778.scaffolds.fa	99.2221	6223	6401
Rhodotorula_pacifica_TFCN_1B-1-2.scaffolds.fa	/bigdata/stajichlab/shared/projects/Rhodotorula/Rhodotorula_Metabolites/Rhodotorula_pheno_MS/BFD/input/dna/Rhodotorula_mucilaginosa_DBVPG_6743.scaffolds.fa	99.2217	6283	6401
Rhodotorula_pacifica_TFCN_1B-1-2.scaffolds.fa	/bigdata/stajichlab/shared/projects/Rhodotorula/Rhodotorula_Metabolites/Rhodotorula_pheno_MS/BFD/input/dna/Rhodotorula_mucilaginosa_DBVPG_6593.scaffolds.fa	99.2193	6290	6401
Rhodotorula_pacifica_TFCN_1B-1-2.scaffolds.fa	/bigdata/stajichlab/shared/projects/Rhodotorula/Rhodotorula_Metabolites/Rhodotorula_pheno_MS/BFD/input/dna/Rhodotorula_mucilaginosa_DBVPG_4958.scaffolds.fa	99.2173	6329	6401
Rhodotorula_pacifica_TFCN_1B-1-2.scaffolds.fa	/bigdata/stajichlab/shared/projects/Rhodotorula/Rhodotorula_Metabolites/Rhodotorula_pheno_MS/BFD/input/dna/Rhodotorula_mucilaginosa_DBVPG_4618.scaffolds.fa	99.168	6314	6401
Rhodotorula_pacifica_TFCN_1B-1-2.scaffolds.fa	/bigdata/stajichlab/shared/projects/Rhodotorula/Rhodotorula_Metabolites/Rhodotorula_pheno_MS/BFD/input/dna/Rhodotorula_mucilaginosa_DBVPG_3383.scaffolds.fa	99.1633	6287	6401
Rhodotorula_pacifica_TFCN_1B-1-2.scaffolds.fa	/bigdata/stajichlab/shared/projects/Rhodotorula/Rhodotorula_Metabolites/Rhodotorula_pheno_MS/BFD/input/dna/Rhodotorula_mucilaginosa_DBVPG_3382.scaffolds.fa	99.1617	6286	6401
Rhodotorula_pacifica_TFCN_1B-1-2.scaffolds.fa	/bigdata/stajichlab/shared/projects/Rhodotorula/Rhodotorula_Metabolites/Rhodotorula_pheno_MS/BFD/input/dna/Rhodotorula_mucilaginosa_DBVPG_3381.scaffolds.fa	99.1614	6294	6401
Rhodotorula_pacifica_TFCN_1B-1-2.scaffolds.fa	/bigdata/stajichlab/shared/projects/Rhodotorula/Rhodotorula_Metabolites/Rhodotorula_pheno_MS/BFD/input/dna/Rhodotorula_mucilaginosa_DBVPG_3237.scaffolds.fa	99.1605	6261	6401
Rhodotorula_pacifica_TFCN_1B-1-2.scaffolds.fa	/bigdata/stajichlab/shared/projects/Rhodotorula/Rhodotorula_Metabolites/Rhodotorula_pheno_MS/BFD/input/dna/Rhodotorula_mucilaginosa_DBVPG_3774.scaffolds.fa	99.1588	6294	6401
Rhodotorula_pacifica_TFCN_1B-1-2.scaffolds.fa	/bigdata/stajichlab/shared/projects/Rhodotorula/Rhodotorula_Metabolites/Rhodotorula_pheno_MS/BFD/input/dna/Rhodotorula_mucilaginosa_DBVPG_3384.scaffolds.fa	99.1551	6242	6401
Rhodotorula_pacifica_TFCN_1B-1-2.scaffolds.fa	/bigdata/stajichlab/shared/projects/Rhodotorula/Rhodotorula_Metabolites/Rhodotorula_pheno_MS/BFD/input/dna/Rhodotorula_mucilaginosa_DBVPG_4377.scaffolds.fa	99.1422	6242	6401
Rhodotorula_pacifica_TFCN_1B-1-2.scaffolds.fa	/bigdata/stajichlab/shared/projects/Rhodotorula/Rhodotorula_Metabolites/Rhodotorula_pheno_MS/BFD/input/dna/Rhodotorula_mucilaginosa_TFCN_25-334D-3.scaffolds.fa	99.1255	6016	6401
Rhodotorula_pacifica_TFCN_1B-1-2.scaffolds.fa	/bigdata/stajichlab/shared/projects/Rhodotorula/Rhodotorula_Metabolites/Rhodotorula_pheno_MS/BFD/input/dna/Rhodotorula_mucilaginosa_TFCN_404D-1.scaffolds.fa	99.086	6127	6401
Rhodotorula_pacifica_TFCN_1B-1-2.scaffolds.fa	/bigdata/stajichlab/shared/projects/Rhodotorula/Rhodotorula_Metabolites/Rhodotorula_pheno_MS/BFD/input/dna/Rhodotorula_mucilaginosa_DBVPG_3045.scaffolds.fa	99.0798	6316	6401
Rhodotorula_pacifica_TFCN_1B-1-2.scaffolds.fa	/bigdata/stajichlab/shared/projects/Rhodotorula/Rhodotorula_Metabolites/Rhodotorula_pheno_MS/BFD/input/dna/Rhodotorula_mucilaginosa_DBVPG_3444.scaffolds.fa	99.0296	6189	6401
Rhodotorula_pacifica_TFCN_1B-1-2.scaffolds.fa	/bigdata/stajichlab/shared/projects/Rhodotorula/Rhodotorula_Metabolites/Rhodotorula_pheno_MS/BFD/input/dna/Rhodotorula_mucilaginosa_TFCN_17-390M-1.scaffolds.fa	98.9815	6241	6401
Rhodotorula_pacifica_TFCN_1B-1-2.scaffolds.fa	/bigdata/stajichlab/shared/projects/Rhodotorula/Rhodotorula_Metabolites/Rhodotorula_pheno_MS/BFD/input/dna/Rhodotorula_mucilaginosa_DBVPG_5758.scaffolds.fa	98.9453	6157	6401
Rhodotorula_pacifica_TFCN_1B-1-2.scaffolds.fa	/bigdata/stajichlab/shared/projects/Rhodotorula/Rhodotorula_Metabolites/Rhodotorula_pheno_MS/BFD/input/dna/Rhodotorula_mucilaginosa_DBVPG_5757.scaffolds.fa	98.9396	6176	6401
Rhodotorula_pacifica_TFCN_1B-1-2.scaffolds.fa	/bigdata/stajichlab/shared/projects/Rhodotorula/Rhodotorula_Metabolites/Rhodotorula_pheno_MS/BFD/input/dna/Rhodotorula_mucilaginosa_DBVPG_5759.scaffolds.fa	98.937	6039	6401
Rhodotorula_pacifica_TFCN_1B-1-2.scaffolds.fa	/bigdata/stajichlab/shared/projects/Rhodotorula/Rhodotorula_Metabolites/Rhodotorula_pheno_MS/BFD/input/dna/Rhodotorula_mucilaginosa_DBVPG_4408.scaffolds.fa	98.9281	6220	6401
Rhodotorula_pacifica_TFCN_1B-1-2.scaffolds.fa	/bigdata/stajichlab/shared/projects/Rhodotorula/Rhodotorula_Metabolites/Rhodotorula_pheno_MS/BFD/input/dna/Rhodotorula_mucilaginosa_DBVPG_4376.scaffolds.fa	98.9231	6241	6401
Rhodotorula_pacifica_TFCN_1B-1-2.scaffolds.fa	/bigdata/stajichlab/shared/projects/Rhodotorula/Rhodotorula_Metabolites/Rhodotorula_pheno_MS/BFD/input/dna/Rhodotorula_mucilaginosa_NRRL_Y-2510.scaffolds.fa	98.9161	6311	6401
Rhodotorula_pacifica_TFCN_1B-1-2.scaffolds.fa	/bigdata/stajichlab/shared/projects/Rhodotorula/Rhodotorula_Metabolites/Rhodotorula_pheno_MS/BFD/input/dna/Rhodotorula_mucilaginosa_DBVPG_3236.scaffolds.fa	98.8767	5866	6401
Rhodotorula_pacifica_TFCN_1B-1-2.scaffolds.fa	/bigdata/stajichlab/shared/projects/Rhodotorula/Rhodotorula_Metabolites/Rhodotorula_pheno_MS/BFD/input/dna/Rhodotorula_mucilaginosa_DBVPG_3984.scaffolds.fa	98.8743	6249	6401
Rhodotorula_pacifica_TFCN_1B-1-2.scaffolds.fa	/bigdata/stajichlab/shared/projects/Rhodotorula/Rhodotorula_Metabolites/Rhodotorula_pheno_MS/BFD/input/dna/Rhodotorula_mucilaginosa_DBVPG_3090.scaffolds.fa	98.8718	6262	6401
Rhodotorula_pacifica_TFCN_1B-1-2.scaffolds.fa	/bigdata/stajichlab/shared/projects/Rhodotorula/Rhodotorula_Metabolites/Rhodotorula_pheno_MS/BFD/input/dna/Rhodotorula_mucilaginosa_DBVPG_3235.scaffolds.fa	98.8695	6240	6401
Rhodotorula_pacifica_TFCN_1B-1-2.scaffolds.fa	/bigdata/stajichlab/shared/projects/Rhodotorula/Rhodotorula_Metabolites/Rhodotorula_pheno_MS/BFD/input/dna/Rhodotorula_mucilaginosa_DBVPG_3044.scaffolds.fa	98.8663	6186	6401
Rhodotorula_pacifica_TFCN_1B-1-2.scaffolds.fa	/bigdata/stajichlab/shared/projects/Rhodotorula/Rhodotorula_Metabolites/Rhodotorula_pheno_MS/BFD/input/dna/Rhodotorula_mucilaginosa_DBVPG_3983.scaffolds.fa	98.8649	6254	6401
Rhodotorula_pacifica_TFCN_1B-1-2.scaffolds.fa	/bigdata/stajichlab/shared/projects/Rhodotorula/Rhodotorula_Metabolites/Rhodotorula_pheno_MS/BFD/input/dna/Rhodotorula_mucilaginosa_DBVPG_3854.scaffolds.fa	98.857	6200	6401
Rhodotorula_pacifica_TFCN_1B-1-2.scaffolds.fa	/bigdata/stajichlab/shared/projects/Rhodotorula/Rhodotorula_Metabolites/Rhodotorula_pheno_MS/BFD/input/dna/Rhodotorula_mucilaginosa_TFCN_17-0-2E390-1.scaffolds.fa	98.8244	6243	6401
Rhodotorula_pacifica_TFCN_1B-1-2.scaffolds.fa	/bigdata/stajichlab/shared/projects/Rhodotorula/Rhodotorula_Metabolites/Rhodotorula_pheno_MS/BFD/input/dna/Rhodotorula_mucilaginosa_TFCN_17-0-2E390-2.scaffolds.fa	98.8188	6231	6401
Rhodotorula_pacifica_TFCN_1B-1-2.scaffolds.fa	/bigdata/stajichlab/shared/projects/Rhodotorula/Rhodotorula_Metabolites/Rhodotorula_pheno_MS/BFD/input/dna/Rhodotorula_mucilaginosa_TFCN_17Y-278-1.scaffolds.fa	98.7751	6285	6401
Rhodotorula_pacifica_TFCN_1B-1-2.scaffolds.fa	/bigdata/stajichlab/shared/projects/Rhodotorula/Rhodotorula_Metabolites/Rhodotorula_pheno_MS/BFD/input/dna/Rhodotorula_mucilaginosa_TFCN_17-329Y-4.scaffolds.fa	98.7497	6260	6401
Rhodotorula_pacifica_TFCN_1B-1-2.scaffolds.fa	/bigdata/stajichlab/shared/projects/Rhodotorula/Rhodotorula_Metabolites/Rhodotorula_pheno_MS/BFD/input/dna/Rhodotorula_mucilaginosa_TFCN_17-334Y-5.scaffolds.fa	98.7235	6244	6401
Rhodotorula_pacifica_TFCN_1B-1-2.scaffolds.fa	/bigdata/stajichlab/shared/projects/Rhodotorula/Rhodotorula_Metabolites/Rhodotorula_pheno_MS/BFD/input/dna/Rhodotorula_mucilaginosa_TFCN_17-291Y-1.scaffolds.fa	98.7212	6250	6401
Rhodotorula_pacifica_TFCN_1B-1-2.scaffolds.fa	/bigdata/stajichlab/shared/projects/Rhodotorula/Rhodotorula_Metabolites/Rhodotorula_pheno_MS/BFD/input/dna/Rhodotorula_mucilaginosa_TFCN_152A-1.scaffolds.fa	98.7192	6223	6401
Rhodotorula_pacifica_TFCN_1B-1-2.scaffolds.fa	/bigdata/stajichlab/shared/projects/Rhodotorula/Rhodotorula_Metabolites/Rhodotorula_pheno_MS/BFD/input/dna/Rhodotorula_mucilaginosa_TFCN_17-334D-6.scaffolds.fa	98.7145	6242	6401
Rhodotorula_pacifica_TFCN_1B-1-2.scaffolds.fa	/bigdata/stajichlab/shared/projects/Rhodotorula/Rhodotorula_Metabolites/Rhodotorula_pheno_MS/BFD/input/dna/Rhodotorula_mucilaginosa_TFCN_25-0-2E334-1.scaffolds.fa	98.7102	6190	6401
Rhodotorula_pacifica_TFCN_1B-1-2.scaffolds.fa	/bigdata/stajichlab/shared/projects/Rhodotorula/Rhodotorula_Metabolites/Rhodotorula_pheno_MS/BFD/input/dna/Rhodotorula_mucilaginosa_TFCN_54D-1.scaffolds.fa	98.709	6255	6401
Rhodotorula_pacifica_TFCN_1B-1-2.scaffolds.fa	/bigdata/stajichlab/shared/projects/Rhodotorula/Rhodotorula_Metabolites/Rhodotorula_pheno_MS/BFD/input/dna/Rhodotorula_mucilaginosa_TFCN_17-0-2E337-3.scaffolds.fa	98.597	6222	6401
Rhodotorula_pacifica_TFCN_1B-1-2.scaffolds.fa	/bigdata/stajichlab/shared/projects/Rhodotorula/Rhodotorula_Metabolites/Rhodotorula_pheno_MS/BFD/input/dna/Rhodotorula_mucilaginosa_TFCN_25-331D-1.scaffolds.fa	98.3813	6230	6401
Rhodotorula_pacifica_TFCN_1B-1-2.scaffolds.fa	/bigdata/stajichlab/shared/projects/Rhodotorula/Rhodotorula_Metabolites/Rhodotorula_pheno_MS/BFD/input/dna/Rhodotorula_mucilaginosa_TFCN_25-0-2E390-1.scaffolds.fa	98.3254	6221	6401
Rhodotorula_pacifica_TFCN_1B-1-2.scaffolds.fa	/bigdata/stajichlab/shared/projects/Rhodotorula/Rhodotorula_Metabolites/Rhodotorula_pheno_MS/BFD/input/dna/Rhodotorula_mucilaginosa_TFCN_22C-4.scaffolds.fa	98.2313	6222	6401
Rhodotorula_pacifica_TFCN_1B-1-2.scaffolds.fa	/bigdata/stajichlab/shared/projects/Rhodotorula/Rhodotorula_Metabolites/Rhodotorula_pheno_MS/BFD/input/dna/Rhodotorula_mucilaginosa_TFCN_3M-1-1.scaffolds.fa	91.3793	5151	6401
Rhodotorula_pacifica_TFCN_1B-1-2.scaffolds.fa	/bigdata/stajichlab/shared/projects/Rhodotorula/Rhodotorula_Metabolites/Rhodotorula_pheno_MS/BFD/input/dna/Rhodotorula_mucilaginosa_DBVPG_6660.scaffolds.fa	90.7536	5785	6401
Rhodotorula_pacifica_TFCN_1B-1-2.scaffolds.fa	/bigdata/stajichlab/shared/projects/Rhodotorula/Rhodotorula_Metabolites/Rhodotorula_pheno_MS/BFD/input/dna/Rhodotorula_mucilaginosa_TFCN_17-332M-1.scaffolds.fa	90.7444	5858	6401
Rhodotorula_pacifica_TFCN_1B-1-2.scaffolds.fa	/bigdata/stajichlab/shared/projects/Rhodotorula/Rhodotorula_Metabolites/Rhodotorula_pheno_MS/BFD/input/dna/Rhodotorula_mucilaginosa_TFCN_134A-3.scaffolds.fa	90.7274	5716	6401
Rhodotorula_pacifica_TFCN_1B-1-2.scaffolds.fa	/bigdata/stajichlab/shared/projects/Rhodotorula/Rhodotorula_Metabolites/Rhodotorula_pheno_MS/BFD/input/dna/Rhodotorula_mucilaginosa_TFCN_1A-14.scaffolds.fa	90.726	5729	6401
Rhodotorula_pacifica_TFCN_1B-1-2.scaffolds.fa	/bigdata/stajichlab/shared/projects/Rhodotorula/Rhodotorula_Metabolites/Rhodotorula_pheno_MS/BFD/input/dna/Rhodotorula_mucilaginosa_TFCN_25-333Y-10.scaffolds.fa	89.2159	5735	6401
Rhodotorula_pacifica_TFCN_1B-1-2.scaffolds.fa	/bigdata/stajichlab/shared/projects/Rhodotorula/Rhodotorula_Metabolites/Rhodotorula_pheno_MS/BFD/input/dna/Rhodotorula_mucilaginosa_DBVPG_4534.scaffolds.fa	89.2143	5775	6401
Rhodotorula_pacifica_TFCN_1B-1-2.scaffolds.fa	/bigdata/stajichlab/shared/projects/Rhodotorula/Rhodotorula_Metabolites/Rhodotorula_pheno_MS/BFD/input/dna/Rhodotorula_mucilaginosa_TFCN_25-334Y-6.scaffolds.fa	89.2111	5785	6401
Rhodotorula_pacifica_TFCN_1B-1-2.scaffolds.fa	/bigdata/stajichlab/shared/projects/Rhodotorula/Rhodotorula_Metabolites/Rhodotorula_pheno_MS/BFD/input/dna/Rhodotorula_mucilaginosa_DBVPG_8043.scaffolds.fa	89.2078	5789	6401
Rhodotorula_pacifica_TFCN_1B-1-2.scaffolds.fa	/bigdata/stajichlab/shared/projects/Rhodotorula/Rhodotorula_Metabolites/Rhodotorula_pheno_MS/BFD/input/dna/Rhodotorula_mucilaginosa_TFCN_33A-4.scaffolds.fa	89.2061	5756	6401
Rhodotorula_pacifica_TFCN_1B-1-2.scaffolds.fa	/bigdata/stajichlab/shared/projects/Rhodotorula/Rhodotorula_Metabolites/Rhodotorula_pheno_MS/BFD/input/dna/Rhodotorula_mucilaginosa_TFCN_25-395P-1.scaffolds.fa	89.1978	5798	6401
Rhodotorula_pacifica_TFCN_1B-1-2.scaffolds.fa	/bigdata/stajichlab/shared/projects/Rhodotorula/Rhodotorula_Metabolites/Rhodotorula_pheno_MS/BFD/input/dna/Rhodotorula_mucilaginosa_DBVPG_4380.scaffolds.fa	89.0513	5618	6401
Rhodotorula_pacifica_TFCN_1B-1-2.scaffolds.fa	/bigdata/stajichlab/shared/projects/Rhodotorula/Rhodotorula_Metabolites/Rhodotorula_pheno_MS/BFD/input/dna/Rhodotorula_paludigena_TFCN_43A-4.scaffolds.fa	77.9808	1706	6401
Rhodotorula_pacifica_TFCN_1B-1-2.scaffolds.fa	/bigdata/stajichlab/shared/projects/Rhodotorula/Rhodotorula_Metabolites/Rhodotorula_pheno_MS/BFD/input/dna/Rhodotorula_paludigena_NRRL_Y-12923.scaffolds.fa	77.9438	1728	6401
Rhodotorula_pacifica_TFCN_1B-1-2.scaffolds.fa	/bigdata/stajichlab/shared/projects/Rhodotorula/Rhodotorula_Metabolites/Rhodotorula_pheno_MS/BFD/input/dna/Rhodotorula_paludigena_TFCN_48D-10.scaffolds.fa	77.9419	1669	6401
Rhodotorula_pacifica_TFCN_1B-1-2.scaffolds.fa	/bigdata/stajichlab/shared/projects/Rhodotorula/Rhodotorula_Metabolites/Rhodotorula_pheno_MS/BFD/input/dna/Rhodotorula_paludigena_TFCN_48A-15.scaffolds.fa	77.9294	1691	6401
Rhodotorula_pacifica_TFCN_1B-1-2.scaffolds.fa	/bigdata/stajichlab/shared/projects/Rhodotorula/Rhodotorula_Metabolites/Rhodotorula_pheno_MS/BFD/input/dna/Rhodotorula_paludigena_TFCN_342-2.scaffolds.fa	77.924	1719	6401
Rhodotorula_pacifica_TFCN_1B-1-2.scaffolds.fa	/bigdata/stajichlab/shared/projects/Rhodotorula/Rhodotorula_Metabolites/Rhodotorula_pheno_MS/BFD/input/dna/Rhodotorula_paludigena_TFCN_25-333P-5.scaffolds.fa	77.924	1717	6401
Rhodotorula_pacifica_TFCN_1B-1-2.scaffolds.fa	/bigdata/stajichlab/shared/projects/Rhodotorula/Rhodotorula_Metabolites/Rhodotorula_pheno_MS/BFD/input/dna/Rhodotorula_paludigena_TFCN_48A-10.scaffolds.fa	77.9194	1709	6401
Rhodotorula_pacifica_TFCN_1B-1-2.scaffolds.fa	/bigdata/stajichlab/shared/projects/Rhodotorula/Rhodotorula_Metabolites/Rhodotorula_pheno_MS/BFD/input/dna/Rhodotorula_paludigena_TFCN_48D-4.scaffolds.fa	77.9171	1713	6401
Rhodotorula_pacifica_TFCN_1B-1-2.scaffolds.fa	/bigdata/stajichlab/shared/projects/Rhodotorula/Rhodotorula_Metabolites/Rhodotorula_pheno_MS/BFD/input/dna/Rhodotorula_paludigena_TFCN_48C-3.scaffolds.fa	77.9165	1715	6401
Rhodotorula_pacifica_TFCN_1B-1-2.scaffolds.fa	/bigdata/stajichlab/shared/projects/Rhodotorula/Rhodotorula_Metabolites/Rhodotorula_pheno_MS/BFD/input/dna/Rhodotorula_paludigena_TFCN_48A-3.scaffolds.fa	77.91	1698	6401
Rhodotorula_pacifica_TFCN_1B-1-2.scaffolds.fa	/bigdata/stajichlab/shared/projects/Rhodotorula/Rhodotorula_Metabolites/Rhodotorula_pheno_MS/BFD/input/dna/Rhodotorula_paludigena_TFCN_49A-1.scaffolds.fa	77.9052	1708	6401
Rhodotorula_pacifica_TFCN_1B-1-2.scaffolds.fa	/bigdata/stajichlab/shared/projects/Rhodotorula/Rhodotorula_Metabolites/Rhodotorula_pheno_MS/BFD/input/dna/Rhodotorula_paludigena_TFCN_48A-2.scaffolds.fa	77.8968	1709	6401
Rhodotorula_pacifica_TFCN_1B-1-2.scaffolds.fa	/bigdata/stajichlab/shared/projects/Rhodotorula/Rhodotorula_Metabolites/Rhodotorula_pheno_MS/BFD/input/dna/Rhodotorula_paludigena_DBVPG_7316.scaffolds.fa	77.8931	1726	6401
Rhodotorula_pacifica_TFCN_1B-1-2.scaffolds.fa	/bigdata/stajichlab/shared/projects/Rhodotorula/Rhodotorula_Metabolites/Rhodotorula_pheno_MS/BFD/input/dna/Rhodotorula_paludigena_DBVPG_7323.scaffolds.fa	77.8561	1708	6401
Rhodotorula_pacifica_TFCN_1B-1-2.scaffolds.fa	/bigdata/stajichlab/shared/projects/Rhodotorula/Rhodotorula_Metabolites/Rhodotorula_pheno_MS/BFD/input/dna/Rhodotorula_paludigena_DBVPG_4610.scaffolds.fa	77.8369	1679	6401
Rhodotorula_paludigena_TFCN_1A-1-2.scaffolds.fa	/bigdata/stajichlab/shared/projects/Rhodotorula/Rhodotorula_Metabolites/Rhodotorula_pheno_MS/BFD/input/dna/Rhodotorula_mucilaginosa_TFCN_98A-10.scaffolds.fa	99.999	6382	6398
Rhodotorula_paludigena_TFCN_1A-1-2.scaffolds.fa	/bigdata/stajichlab/shared/projects/Rhodotorula/Rhodotorula_Metabolites/Rhodotorula_pheno_MS/BFD/input/dna/Rhodotorula_mucilaginosa_TFCN_118C-2.scaffolds.fa	99.9977	6377	6398
Rhodotorula_paludigena_TFCN_1A-1-2.scaffolds.fa	/bigdata/stajichlab/shared/projects/Rhodotorula/Rhodotorula_Metabolites/Rhodotorula_pheno_MS/BFD/input/dna/Rhodotorula_mucilaginosa_TFCN_4M-1-2.scaffolds.fa	99.995	6089	6398
Rhodotorula_paludigena_TFCN_1A-1-2.scaffolds.fa	/bigdata/stajichlab/shared/projects/Rhodotorula/Rhodotorula_Metabolites/Rhodotorula_pheno_MS/BFD/input/dna/Rhodotorula_mucilaginosa_TFCN_107C-3.scaffolds.fa	99.9934	6363	6398
Rhodotorula_paludigena_TFCN_1A-1-2.scaffolds.fa	/bigdata/stajichlab/shared/projects/Rhodotorula/Rhodotorula_Metabolites/Rhodotorula_pheno_MS/BFD/input/dna/Rhodotorula_mucilaginosa_TFCN_211A-3.scaffolds.fa	99.9928	6383	6398
Rhodotorula_paludigena_TFCN_1A-1-2.scaffolds.fa	/bigdata/stajichlab/shared/projects/Rhodotorula/Rhodotorula_Metabolites/Rhodotorula_pheno_MS/BFD/input/dna/Rhodotorula_mucilaginosa_TFCN_98C-7.scaffolds.fa	99.9928	6362	6398
Rhodotorula_paludigena_TFCN_1A-1-2.scaffolds.fa	/bigdata/stajichlab/shared/projects/Rhodotorula/Rhodotorula_Metabolites/Rhodotorula_pheno_MS/BFD/input/dna/Rhodotorula_mucilaginosa_TFCN_100D-1.scaffolds.fa	99.9917	6346	6398
Rhodotorula_paludigena_TFCN_1A-1-2.scaffolds.fa	/bigdata/stajichlab/shared/projects/Rhodotorula/Rhodotorula_Metabolites/Rhodotorula_pheno_MS/BFD/input/dna/Rhodotorula_mucilaginosa_TFCN_25-327D-1.scaffolds.fa	99.9911	6386	6398
Rhodotorula_paludigena_TFCN_1A-1-2.scaffolds.fa	/bigdata/stajichlab/shared/projects/Rhodotorula/Rhodotorula_Metabolites/Rhodotorula_pheno_MS/BFD/input/dna/Rhodotorula_mucilaginosa_TFCN_2M-1-4.scaffolds.fa	99.9894	6373	6398
Rhodotorula_paludigena_TFCN_1A-1-2.scaffolds.fa	/bigdata/stajichlab/shared/projects/Rhodotorula/Rhodotorula_Metabolites/Rhodotorula_pheno_MS/BFD/input/dna/Rhodotorula_mucilaginosa_TFCN_25-333Y-9.scaffolds.fa	99.9891	6380	6398
Rhodotorula_paludigena_TFCN_1A-1-2.scaffolds.fa	/bigdata/stajichlab/shared/projects/Rhodotorula/Rhodotorula_Metabolites/Rhodotorula_pheno_MS/BFD/input/dna/Rhodotorula_mucilaginosa_TFCN_152A-2.scaffolds.fa	99.9888	6378	6398
Rhodotorula_paludigena_TFCN_1A-1-2.scaffolds.fa	/bigdata/stajichlab/shared/projects/Rhodotorula/Rhodotorula_Metabolites/Rhodotorula_pheno_MS/BFD/input/dna/Rhodotorula_mucilaginosa_TFCN_25-333C-2.scaffolds.fa	99.9888	6377	6398
Rhodotorula_paludigena_TFCN_1A-1-2.scaffolds.fa	/bigdata/stajichlab/shared/projects/Rhodotorula/Rhodotorula_Metabolites/Rhodotorula_pheno_MS/BFD/input/dna/Rhodotorula_mucilaginosa_TFCN_340-1.scaffolds.fa	99.9882	6377	6398
Rhodotorula_paludigena_TFCN_1A-1-2.scaffolds.fa	/bigdata/stajichlab/shared/projects/Rhodotorula/Rhodotorula_Metabolites/Rhodotorula_pheno_MS/BFD/input/dna/Rhodotorula_mucilaginosa_TFCN_273H-1.scaffolds.fa	99.9882	6355	6398
Rhodotorula_paludigena_TFCN_1A-1-2.scaffolds.fa	/bigdata/stajichlab/shared/projects/Rhodotorula/Rhodotorula_Metabolites/Rhodotorula_pheno_MS/BFD/input/dna/Rhodotorula_mucilaginosa_TFCN_107A-6.scaffolds.fa	99.9881	6336	6398
Rhodotorula_paludigena_TFCN_1A-1-2.scaffolds.fa	/bigdata/stajichlab/shared/projects/Rhodotorula/Rhodotorula_Metabolites/Rhodotorula_pheno_MS/BFD/input/dna/Rhodotorula_mucilaginosa_DBVPG_4950.scaffolds.fa	99.9874	6366	6398
Rhodotorula_paludigena_TFCN_1A-1-2.scaffolds.fa	/bigdata/stajichlab/shared/projects/Rhodotorula/Rhodotorula_Metabolites/Rhodotorula_pheno_MS/BFD/input/dna/Rhodotorula_mucilaginosa_TFCN_17-334Y-3.scaffolds.fa	99.9873	6369	6398
Rhodotorula_paludigena_TFCN_1A-1-2.scaffolds.fa	/bigdata/stajichlab/shared/projects/Rhodotorula/Rhodotorula_Metabolites/Rhodotorula_pheno_MS/BFD/input/dna/Rhodotorula_mucilaginosa_TFCN_25-333P-2.scaffolds.fa	99.9868	6351	6398
Rhodotorula_paludigena_TFCN_1A-1-2.scaffolds.fa	/bigdata/stajichlab/shared/projects/Rhodotorula/Rhodotorula_Metabolites/Rhodotorula_pheno_MS/BFD/input/dna/Rhodotorula_mucilaginosa_TFCN_340-3.scaffolds.fa	99.9864	6372	6398
Rhodotorula_paludigena_TFCN_1A-1-2.scaffolds.fa	/bigdata/stajichlab/shared/projects/Rhodotorula/Rhodotorula_Metabolites/Rhodotorula_pheno_MS/BFD/input/dna/Rhodotorula_mucilaginosa_DBVPG_4964.scaffolds.fa	99.9863	6366	6398
Rhodotorula_paludigena_TFCN_1A-1-2.scaffolds.fa	/bigdata/stajichlab/shared/projects/Rhodotorula/Rhodotorula_Metabolites/Rhodotorula_pheno_MS/BFD/input/dna/Rhodotorula_mucilaginosa_TFCN_17-0-2E334-10.scaffolds.fa	99.9862	6340	6398
Rhodotorula_paludigena_TFCN_1A-1-2.scaffolds.fa	/bigdata/stajichlab/shared/projects/Rhodotorula/Rhodotorula_Metabolites/Rhodotorula_pheno_MS/BFD/input/dna/Rhodotorula_mucilaginosa_TFCN_102D-1.scaffolds.fa	99.9857	6354	6398
Rhodotorula_paludigena_TFCN_1A-1-2.scaffolds.fa	/bigdata/stajichlab/shared/projects/Rhodotorula/Rhodotorula_Metabolites/Rhodotorula_pheno_MS/BFD/input/dna/Rhodotorula_mucilaginosa_DBVPG_4949.scaffolds.fa	99.9856	6328	6398
Rhodotorula_paludigena_TFCN_1A-1-2.scaffolds.fa	/bigdata/stajichlab/shared/projects/Rhodotorula/Rhodotorula_Metabolites/Rhodotorula_pheno_MS/BFD/input/dna/Rhodotorula_mucilaginosa_DBVPG_4669.scaffolds.fa	99.9852	6096	6398
Rhodotorula_paludigena_TFCN_1A-1-2.scaffolds.fa	/bigdata/stajichlab/shared/projects/Rhodotorula/Rhodotorula_Metabolites/Rhodotorula_pheno_MS/BFD/input/dna/Rhodotorula_mucilaginosa_TFCN_25-0-2E333-5.scaffolds.fa	99.9846	6351	6398
Rhodotorula_paludigena_TFCN_1A-1-2.scaffolds.fa	/bigdata/stajichlab/shared/projects/Rhodotorula/Rhodotorula_Metabolites/Rhodotorula_pheno_MS/BFD/input/dna/Rhodotorula_mucilaginosa_DBVPG_4957.scaffolds.fa	99.9838	6359	6398
Rhodotorula_paludigena_TFCN_1A-1-2.scaffolds.fa	/bigdata/stajichlab/shared/projects/Rhodotorula/Rhodotorula_Metabolites/Rhodotorula_pheno_MS/BFD/input/dna/Rhodotorula_mucilaginosa_TFCN_270H-2.scaffolds.fa	99.9834	6337	6398
Rhodotorula_paludigena_TFCN_1A-1-2.scaffolds.fa	/bigdata/stajichlab/shared/projects/Rhodotorula/Rhodotorula_Metabolites/Rhodotorula_pheno_MS/BFD/input/dna/Rhodotorula_mucilaginosa_DBVPG_4956.scaffolds.fa	99.9826	6341	6398
Rhodotorula_paludigena_TFCN_1A-1-2.scaffolds.fa	/bigdata/stajichlab/shared/projects/Rhodotorula/Rhodotorula_Metabolites/Rhodotorula_pheno_MS/BFD/input/dna/Rhodotorula_mucilaginosa_DBVPG_3238.scaffolds.fa	99.9822	6351	6398
Rhodotorula_paludigena_TFCN_1A-1-2.scaffolds.fa	/bigdata/stajichlab/shared/projects/Rhodotorula/Rhodotorula_Metabolites/Rhodotorula_pheno_MS/BFD/input/dna/Rhodotorula_mucilaginosa_TFCN_140A-3.scaffolds.fa	99.9811	6343	6398
Rhodotorula_paludigena_TFCN_1A-1-2.scaffolds.fa	/bigdata/stajichlab/shared/projects/Rhodotorula/Rhodotorula_Metabolites/Rhodotorula_pheno_MS/BFD/input/dna/Rhodotorula_mucilaginosa_DBVPG_10780.scaffolds.fa	99.9792	6354	6398
Rhodotorula_paludigena_TFCN_1A-1-2.scaffolds.fa	/bigdata/stajichlab/shared/projects/Rhodotorula/Rhodotorula_Metabolites/Rhodotorula_pheno_MS/BFD/input/dna/Rhodotorula_mucilaginosa_TFCN_152C-5.scaffolds.fa	99.9783	6331	6398
Rhodotorula_paludigena_TFCN_1A-1-2.scaffolds.fa	/bigdata/stajichlab/shared/projects/Rhodotorula/Rhodotorula_Metabolites/Rhodotorula_pheno_MS/BFD/input/dna/Rhodotorula_mucilaginosa_DBVPG_10619.scaffolds.fa	99.9783	6346	6398
Rhodotorula_paludigena_TFCN_1A-1-2.scaffolds.fa	/bigdata/stajichlab/shared/projects/Rhodotorula/Rhodotorula_Metabolites/Rhodotorula_pheno_MS/BFD/input/dna/Rhodotorula_mucilaginosa_TFCN_89D-3.scaffolds.fa	99.9767	6288	6398
Rhodotorula_paludigena_TFCN_1A-1-2.scaffolds.fa	/bigdata/stajichlab/shared/projects/Rhodotorula/Rhodotorula_Metabolites/Rhodotorula_pheno_MS/BFD/input/dna/Rhodotorula_mucilaginosa_TFCN_25-0-2E333-9.scaffolds.fa	99.9754	6306	6398
Rhodotorula_paludigena_TFCN_1A-1-2.scaffolds.fa	/bigdata/stajichlab/shared/projects/Rhodotorula/Rhodotorula_Metabolites/Rhodotorula_pheno_MS/BFD/input/dna/Rhodotorula_mucilaginosa_TFCN_363-1-2.scaffolds.fa	99.9748	6311	6398
Rhodotorula_paludigena_TFCN_1A-1-2.scaffolds.fa	/bigdata/stajichlab/shared/projects/Rhodotorula/Rhodotorula_Metabolites/Rhodotorula_pheno_MS/BFD/input/dna/Rhodotorula_mucilaginosa_DBVPG_6093.scaffolds.fa	99.9709	6230	6398
Rhodotorula_paludigena_TFCN_1A-1-2.scaffolds.fa	/bigdata/stajichlab/shared/projects/Rhodotorula/Rhodotorula_Metabolites/Rhodotorula_pheno_MS/BFD/input/dna/Rhodotorula_mucilaginosa_TFCN_212C-2.scaffolds.fa	99.6633	6337	6398
Rhodotorula_paludigena_TFCN_1A-1-2.scaffolds.fa	/bigdata/stajichlab/shared/projects/Rhodotorula/Rhodotorula_Metabolites/Rhodotorula_pheno_MS/BFD/input/dna/Rhodotorula_mucilaginosa_TFCN_110C-1.scaffolds.fa	99.6625	6341	6398
Rhodotorula_paludigena_TFCN_1A-1-2.scaffolds.fa	/bigdata/stajichlab/shared/projects/Rhodotorula/Rhodotorula_Metabolites/Rhodotorula_pheno_MS/BFD/input/dna/Rhodotorula_mucilaginosa_TFCN_4M-1-3.scaffolds.fa	99.6616	6333	6398
Rhodotorula_paludigena_TFCN_1A-1-2.scaffolds.fa	/bigdata/stajichlab/shared/projects/Rhodotorula/Rhodotorula_Metabolites/Rhodotorula_pheno_MS/BFD/input/dna/Rhodotorula_mucilaginosa_DBVPG_4203.scaffolds.fa	99.6609	6331	6398
Rhodotorula_paludigena_TFCN_1A-1-2.scaffolds.fa	/bigdata/stajichlab/shared/projects/Rhodotorula/Rhodotorula_Metabolites/Rhodotorula_pheno_MS/BFD/input/dna/Rhodotorula_mucilaginosa_DBVPG_4201.scaffolds.fa	99.66	6317	6398
Rhodotorula_paludigena_TFCN_1A-1-2.scaffolds.fa	/bigdata/stajichlab/shared/projects/Rhodotorula/Rhodotorula_Metabolites/Rhodotorula_pheno_MS/BFD/input/dna/Rhodotorula_mucilaginosa_DBVPG_4466.scaffolds.fa	99.6599	6316	6398
Rhodotorula_paludigena_TFCN_1A-1-2.scaffolds.fa	/bigdata/stajichlab/shared/projects/Rhodotorula/Rhodotorula_Metabolites/Rhodotorula_pheno_MS/BFD/input/dna/Rhodotorula_mucilaginosa_TFCN_25-325Y-1.scaffolds.fa	99.6599	6322	6398
Rhodotorula_paludigena_TFCN_1A-1-2.scaffolds.fa	/bigdata/stajichlab/shared/projects/Rhodotorula/Rhodotorula_Metabolites/Rhodotorula_pheno_MS/BFD/input/dna/Rhodotorula_mucilaginosa_TFCN_17-334Y-2.scaffolds.fa	99.6599	6342	6398
Rhodotorula_paludigena_TFCN_1A-1-2.scaffolds.fa	/bigdata/stajichlab/shared/projects/Rhodotorula/Rhodotorula_Metabolites/Rhodotorula_pheno_MS/BFD/input/dna/Rhodotorula_mucilaginosa_DBVPG_4304.scaffolds.fa	99.6595	6319	6398
Rhodotorula_paludigena_TFCN_1A-1-2.scaffolds.fa	/bigdata/stajichlab/shared/projects/Rhodotorula/Rhodotorula_Metabolites/Rhodotorula_pheno_MS/BFD/input/dna/Rhodotorula_mucilaginosa_TFCN_122C-2.scaffolds.fa	99.6592	6329	6398
Rhodotorula_paludigena_TFCN_1A-1-2.scaffolds.fa	/bigdata/stajichlab/shared/projects/Rhodotorula/Rhodotorula_Metabolites/Rhodotorula_pheno_MS/BFD/input/dna/Rhodotorula_mucilaginosa_TFCN_209-6-2.scaffolds.fa	99.659	6341	6398
Rhodotorula_paludigena_TFCN_1A-1-2.scaffolds.fa	/bigdata/stajichlab/shared/projects/Rhodotorula/Rhodotorula_Metabolites/Rhodotorula_pheno_MS/BFD/input/dna/Rhodotorula_mucilaginosa_TFCN_98D-7.scaffolds.fa	99.6589	6335	6398
Rhodotorula_paludigena_TFCN_1A-1-2.scaffolds.fa	/bigdata/stajichlab/shared/projects/Rhodotorula/Rhodotorula_Metabolites/Rhodotorula_pheno_MS/BFD/input/dna/Rhodotorula_mucilaginosa_TFCN_213-6-4.scaffolds.fa	99.6588	6318	6398
Rhodotorula_paludigena_TFCN_1A-1-2.scaffolds.fa	/bigdata/stajichlab/shared/projects/Rhodotorula/Rhodotorula_Metabolites/Rhodotorula_pheno_MS/BFD/input/dna/Rhodotorula_mucilaginosa_TFCN_17-338D-3.scaffolds.fa	99.6588	6328	6398
Rhodotorula_paludigena_TFCN_1A-1-2.scaffolds.fa	/bigdata/stajichlab/shared/projects/Rhodotorula/Rhodotorula_Metabolites/Rhodotorula_pheno_MS/BFD/input/dna/Rhodotorula_mucilaginosa_TFCN_98C-8.scaffolds.fa	99.6586	6330	6398
Rhodotorula_paludigena_TFCN_1A-1-2.scaffolds.fa	/bigdata/stajichlab/shared/projects/Rhodotorula/Rhodotorula_Metabolites/Rhodotorula_pheno_MS/BFD/input/dna/Rhodotorula_mucilaginosa_TFCN_4M-1-5.scaffolds.fa	99.6585	6335	6398
Rhodotorula_paludigena_TFCN_1A-1-2.scaffolds.fa	/bigdata/stajichlab/shared/projects/Rhodotorula/Rhodotorula_Metabolites/Rhodotorula_pheno_MS/BFD/input/dna/Rhodotorula_mucilaginosa_TFCN_209-6-14.scaffolds.fa	99.6583	6324	6398
Rhodotorula_paludigena_TFCN_1A-1-2.scaffolds.fa	/bigdata/stajichlab/shared/projects/Rhodotorula/Rhodotorula_Metabolites/Rhodotorula_pheno_MS/BFD/input/dna/Rhodotorula_mucilaginosa_TFCN_105A-2.scaffolds.fa	99.658	6343	6398
Rhodotorula_paludigena_TFCN_1A-1-2.scaffolds.fa	/bigdata/stajichlab/shared/projects/Rhodotorula/Rhodotorula_Metabolites/Rhodotorula_pheno_MS/BFD/input/dna/Rhodotorula_mucilaginosa_TFCN_17-325D-2.scaffolds.fa	99.6578	6325	6398
Rhodotorula_paludigena_TFCN_1A-1-2.scaffolds.fa	/bigdata/stajichlab/shared/projects/Rhodotorula/Rhodotorula_Metabolites/Rhodotorula_pheno_MS/BFD/input/dna/Rhodotorula_mucilaginosa_DBVPG_6742.scaffolds.fa	99.6577	6327	6398
Rhodotorula_paludigena_TFCN_1A-1-2.scaffolds.fa	/bigdata/stajichlab/shared/projects/Rhodotorula/Rhodotorula_Metabolites/Rhodotorula_pheno_MS/BFD/input/dna/Rhodotorula_mucilaginosa_TFCN_209-6-4.scaffolds.fa	99.657	6344	6398
Rhodotorula_paludigena_TFCN_1A-1-2.scaffolds.fa	/bigdata/stajichlab/shared/projects/Rhodotorula/Rhodotorula_Metabolites/Rhodotorula_pheno_MS/BFD/input/dna/Rhodotorula_mucilaginosa_TFCN_172A-1.scaffolds.fa	99.6569	6320	6398
Rhodotorula_paludigena_TFCN_1A-1-2.scaffolds.fa	/bigdata/stajichlab/shared/projects/Rhodotorula/Rhodotorula_Metabolites/Rhodotorula_pheno_MS/BFD/input/dna/Rhodotorula_mucilaginosa_TFCN_17-334C-1.scaffolds.fa	99.6564	6323	6398
Rhodotorula_paludigena_TFCN_1A-1-2.scaffolds.fa	/bigdata/stajichlab/shared/projects/Rhodotorula/Rhodotorula_Metabolites/Rhodotorula_pheno_MS/BFD/input/dna/Rhodotorula_mucilaginosa_DBVPG_5236.scaffolds.fa	99.6564	6322	6398
Rhodotorula_paludigena_TFCN_1A-1-2.scaffolds.fa	/bigdata/stajichlab/shared/projects/Rhodotorula/Rhodotorula_Metabolites/Rhodotorula_pheno_MS/BFD/input/dna/Rhodotorula_mucilaginosa_TFCN_98C-5.scaffolds.fa	99.6562	6286	6398
Rhodotorula_paludigena_TFCN_1A-1-2.scaffolds.fa	/bigdata/stajichlab/shared/projects/Rhodotorula/Rhodotorula_Metabolites/Rhodotorula_pheno_MS/BFD/input/dna/Rhodotorula_mucilaginosa_TFCN_342-3.scaffolds.fa	99.6557	6333	6398
Rhodotorula_paludigena_TFCN_1A-1-2.scaffolds.fa	/bigdata/stajichlab/shared/projects/Rhodotorula/Rhodotorula_Metabolites/Rhodotorula_pheno_MS/BFD/input/dna/Rhodotorula_mucilaginosa_TFCN_17-325D-4.scaffolds.fa	99.6556	6303	6398
Rhodotorula_paludigena_TFCN_1A-1-2.scaffolds.fa	/bigdata/stajichlab/shared/projects/Rhodotorula/Rhodotorula_Metabolites/Rhodotorula_pheno_MS/BFD/input/dna/Rhodotorula_mucilaginosa_TFCN_181A-1.scaffolds.fa	99.6556	6329	6398
Rhodotorula_paludigena_TFCN_1A-1-2.scaffolds.fa	/bigdata/stajichlab/shared/projects/Rhodotorula/Rhodotorula_Metabolites/Rhodotorula_pheno_MS/BFD/input/dna/Rhodotorula_mucilaginosa_TFCN_152A-12.scaffolds.fa	99.6554	6330	6398
Rhodotorula_paludigena_TFCN_1A-1-2.scaffolds.fa	/bigdata/stajichlab/shared/projects/Rhodotorula/Rhodotorula_Metabolites/Rhodotorula_pheno_MS/BFD/input/dna/Rhodotorula_mucilaginosa_DBVPG_6741.scaffolds.fa	99.6553	6304	6398
Rhodotorula_paludigena_TFCN_1A-1-2.scaffolds.fa	/bigdata/stajichlab/shared/projects/Rhodotorula/Rhodotorula_Metabolites/Rhodotorula_pheno_MS/BFD/input/dna/Rhodotorula_mucilaginosa_TFCN_102D-2.scaffolds.fa	99.6552	6299	6398
Rhodotorula_paludigena_TFCN_1A-1-2.scaffolds.fa	/bigdata/stajichlab/shared/projects/Rhodotorula/Rhodotorula_Metabolites/Rhodotorula_pheno_MS/BFD/input/dna/Rhodotorula_mucilaginosa_DBVPG_4202.scaffolds.fa	99.6551	6327	6398
Rhodotorula_paludigena_TFCN_1A-1-2.scaffolds.fa	/bigdata/stajichlab/shared/projects/Rhodotorula/Rhodotorula_Metabolites/Rhodotorula_pheno_MS/BFD/input/dna/Rhodotorula_mucilaginosa_TFCN_25-0-2E333-7.scaffolds.fa	99.6549	6325	6398
Rhodotorula_paludigena_TFCN_1A-1-2.scaffolds.fa	/bigdata/stajichlab/shared/projects/Rhodotorula/Rhodotorula_Metabolites/Rhodotorula_pheno_MS/BFD/input/dna/Rhodotorula_mucilaginosa_TFCN_102C-1.scaffolds.fa	99.6546	6306	6398
Rhodotorula_paludigena_TFCN_1A-1-2.scaffolds.fa	/bigdata/stajichlab/shared/projects/Rhodotorula/Rhodotorula_Metabolites/Rhodotorula_pheno_MS/BFD/input/dna/Rhodotorula_mucilaginosa_TFCN_98C-3.scaffolds.fa	99.6545	6317	6398
Rhodotorula_paludigena_TFCN_1A-1-2.scaffolds.fa	/bigdata/stajichlab/shared/projects/Rhodotorula/Rhodotorula_Metabolites/Rhodotorula_pheno_MS/BFD/input/dna/Rhodotorula_mucilaginosa_TFCN_98A-5.scaffolds.fa	99.6545	6313	6398
Rhodotorula_paludigena_TFCN_1A-1-2.scaffolds.fa	/bigdata/stajichlab/shared/projects/Rhodotorula/Rhodotorula_Metabolites/Rhodotorula_pheno_MS/BFD/input/dna/Rhodotorula_mucilaginosa_TFCN_209-6-12.scaffolds.fa	99.6544	6310	6398
Rhodotorula_paludigena_TFCN_1A-1-2.scaffolds.fa	/bigdata/stajichlab/shared/projects/Rhodotorula/Rhodotorula_Metabolites/Rhodotorula_pheno_MS/BFD/input/dna/Rhodotorula_mucilaginosa_TFCN_86A-12.scaffolds.fa	99.6542	6299	6398
Rhodotorula_paludigena_TFCN_1A-1-2.scaffolds.fa	/bigdata/stajichlab/shared/projects/Rhodotorula/Rhodotorula_Metabolites/Rhodotorula_pheno_MS/BFD/input/dna/Rhodotorula_mucilaginosa_DBVPG_6803.scaffolds.fa	99.6539	6319	6398
Rhodotorula_paludigena_TFCN_1A-1-2.scaffolds.fa	/bigdata/stajichlab/shared/projects/Rhodotorula/Rhodotorula_Metabolites/Rhodotorula_pheno_MS/BFD/input/dna/Rhodotorula_mucilaginosa_TFCN_130D-4.scaffolds.fa	99.6539	6300	6398
Rhodotorula_paludigena_TFCN_1A-1-2.scaffolds.fa	/bigdata/stajichlab/shared/projects/Rhodotorula/Rhodotorula_Metabolites/Rhodotorula_pheno_MS/BFD/input/dna/Rhodotorula_mucilaginosa_TFCN_209-6-1.scaffolds.fa	99.6539	6313	6398
Rhodotorula_paludigena_TFCN_1A-1-2.scaffolds.fa	/bigdata/stajichlab/shared/projects/Rhodotorula/Rhodotorula_Metabolites/Rhodotorula_pheno_MS/BFD/input/dna/Rhodotorula_mucilaginosa_TFCN_98D-11.scaffolds.fa	99.6529	6315	6398
Rhodotorula_paludigena_TFCN_1A-1-2.scaffolds.fa	/bigdata/stajichlab/shared/projects/Rhodotorula/Rhodotorula_Metabolites/Rhodotorula_pheno_MS/BFD/input/dna/Rhodotorula_mucilaginosa_TFCN_209-6-5.scaffolds.fa	99.6525	6321	6398
Rhodotorula_paludigena_TFCN_1A-1-2.scaffolds.fa	/bigdata/stajichlab/shared/projects/Rhodotorula/Rhodotorula_Metabolites/Rhodotorula_pheno_MS/BFD/input/dna/Rhodotorula_mucilaginosa_TFCN_17-332P-1.scaffolds.fa	99.6525	6243	6398
Rhodotorula_paludigena_TFCN_1A-1-2.scaffolds.fa	/bigdata/stajichlab/shared/projects/Rhodotorula/Rhodotorula_Metabolites/Rhodotorula_pheno_MS/BFD/input/dna/Rhodotorula_mucilaginosa_TFCN_25-332P-2.scaffolds.fa	99.6513	6193	6398
Rhodotorula_paludigena_TFCN_1A-1-2.scaffolds.fa	/bigdata/stajichlab/shared/projects/Rhodotorula/Rhodotorula_Metabolites/Rhodotorula_pheno_MS/BFD/input/dna/Rhodotorula_mucilaginosa_DH4148.scaffolds.fa	99.6512	6368	6398
Rhodotorula_paludigena_TFCN_1A-1-2.scaffolds.fa	/bigdata/stajichlab/shared/projects/Rhodotorula/Rhodotorula_Metabolites/Rhodotorula_pheno_MS/BFD/input/dna/Rhodotorula_mucilaginosa_TFCN_209-6-11.scaffolds.fa	99.6508	6302	6398
Rhodotorula_paludigena_TFCN_1A-1-2.scaffolds.fa	/bigdata/stajichlab/shared/projects/Rhodotorula/Rhodotorula_Metabolites/Rhodotorula_pheno_MS/BFD/input/dna/Rhodotorula_mucilaginosa_TFCN_138A-1.scaffolds.fa	99.6499	6302	6398
Rhodotorula_paludigena_TFCN_1A-1-2.scaffolds.fa	/bigdata/stajichlab/shared/projects/Rhodotorula/Rhodotorula_Metabolites/Rhodotorula_pheno_MS/BFD/input/dna/Rhodotorula_mucilaginosa_TFCN_209-6-17.scaffolds.fa	99.6497	6311	6398
Rhodotorula_paludigena_TFCN_1A-1-2.scaffolds.fa	/bigdata/stajichlab/shared/projects/Rhodotorula/Rhodotorula_Metabolites/Rhodotorula_pheno_MS/BFD/input/dna/Rhodotorula_mucilaginosa_TFCN_106A-1.scaffolds.fa	99.6495	6306	6398
Rhodotorula_paludigena_TFCN_1A-1-2.scaffolds.fa	/bigdata/stajichlab/shared/projects/Rhodotorula/Rhodotorula_Metabolites/Rhodotorula_pheno_MS/BFD/input/dna/Rhodotorula_mucilaginosa_TFCN_98D-9.scaffolds.fa	99.648	6322	6398
Rhodotorula_paludigena_TFCN_1A-1-2.scaffolds.fa	/bigdata/stajichlab/shared/projects/Rhodotorula/Rhodotorula_Metabolites/Rhodotorula_pheno_MS/BFD/input/dna/Rhodotorula_mucilaginosa_TFCN_86A-3.scaffolds.fa	99.648	6272	6398
Rhodotorula_paludigena_TFCN_1A-1-2.scaffolds.fa	/bigdata/stajichlab/shared/projects/Rhodotorula/Rhodotorula_Metabolites/Rhodotorula_pheno_MS/BFD/input/dna/Rhodotorula_mucilaginosa_TFCN_25-332C-1.scaffolds.fa	99.6478	6215	6398
Rhodotorula_paludigena_TFCN_1A-1-2.scaffolds.fa	/bigdata/stajichlab/shared/projects/Rhodotorula/Rhodotorula_Metabolites/Rhodotorula_pheno_MS/BFD/input/dna/Rhodotorula_mucilaginosa_DBVPG_7019.scaffolds.fa	99.6478	6322	6398
Rhodotorula_paludigena_TFCN_1A-1-2.scaffolds.fa	/bigdata/stajichlab/shared/projects/Rhodotorula/Rhodotorula_Metabolites/Rhodotorula_pheno_MS/BFD/input/dna/Rhodotorula_mucilaginosa_TFCN_141C-2.scaffolds.fa	99.6476	6254	6398
Rhodotorula_paludigena_TFCN_1A-1-2.scaffolds.fa	/bigdata/stajichlab/shared/projects/Rhodotorula/Rhodotorula_Metabolites/Rhodotorula_pheno_MS/BFD/input/dna/Rhodotorula_mucilaginosa_TFCN_25-332M-1.scaffolds.fa	99.6476	6217	6398
Rhodotorula_paludigena_TFCN_1A-1-2.scaffolds.fa	/bigdata/stajichlab/shared/projects/Rhodotorula/Rhodotorula_Metabolites/Rhodotorula_pheno_MS/BFD/input/dna/Rhodotorula_mucilaginosa_TFCN_17-332C-2.scaffolds.fa	99.6473	6222	6398
Rhodotorula_paludigena_TFCN_1A-1-2.scaffolds.fa	/bigdata/stajichlab/shared/projects/Rhodotorula/Rhodotorula_Metabolites/Rhodotorula_pheno_MS/BFD/input/dna/Rhodotorula_mucilaginosa_TFCN_17-332P-2.scaffolds.fa	99.6473	6196	6398
Rhodotorula_paludigena_TFCN_1A-1-2.scaffolds.fa	/bigdata/stajichlab/shared/projects/Rhodotorula/Rhodotorula_Metabolites/Rhodotorula_pheno_MS/BFD/input/dna/Rhodotorula_mucilaginosa_TFCN_4M-1-4.scaffolds.fa	99.6472	6313	6398
Rhodotorula_paludigena_TFCN_1A-1-2.scaffolds.fa	/bigdata/stajichlab/shared/projects/Rhodotorula/Rhodotorula_Metabolites/Rhodotorula_pheno_MS/BFD/input/dna/Rhodotorula_mucilaginosa_TFCN_213-6-2.scaffolds.fa	99.6465	6313	6398
Rhodotorula_paludigena_TFCN_1A-1-2.scaffolds.fa	/bigdata/stajichlab/shared/projects/Rhodotorula/Rhodotorula_Metabolites/Rhodotorula_pheno_MS/BFD/input/dna/Rhodotorula_mucilaginosa_TFCN_25-332D-1.scaffolds.fa	99.6459	6222	6398
Rhodotorula_paludigena_TFCN_1A-1-2.scaffolds.fa	/bigdata/stajichlab/shared/projects/Rhodotorula/Rhodotorula_Metabolites/Rhodotorula_pheno_MS/BFD/input/dna/Rhodotorula_mucilaginosa_TFCN_137D-4.scaffolds.fa	99.6459	6268	6398
Rhodotorula_paludigena_TFCN_1A-1-2.scaffolds.fa	/bigdata/stajichlab/shared/projects/Rhodotorula/Rhodotorula_Metabolites/Rhodotorula_pheno_MS/BFD/input/dna/Rhodotorula_mucilaginosa_TFCN_137C-3.scaffolds.fa	99.6457	6306	6398
Rhodotorula_paludigena_TFCN_1A-1-2.scaffolds.fa	/bigdata/stajichlab/shared/projects/Rhodotorula/Rhodotorula_Metabolites/Rhodotorula_pheno_MS/BFD/input/dna/Rhodotorula_mucilaginosa_TFCN_17-333D-2.scaffolds.fa	99.6448	6279	6398
Rhodotorula_paludigena_TFCN_1A-1-2.scaffolds.fa	/bigdata/stajichlab/shared/projects/Rhodotorula/Rhodotorula_Metabolites/Rhodotorula_pheno_MS/BFD/input/dna/Rhodotorula_mucilaginosa_TFCN_17-332C-1.scaffolds.fa	99.6446	6212	6398
Rhodotorula_paludigena_TFCN_1A-1-2.scaffolds.fa	/bigdata/stajichlab/shared/projects/Rhodotorula/Rhodotorula_Metabolites/Rhodotorula_pheno_MS/BFD/input/dna/Rhodotorula_mucilaginosa_TFCN_25-332Y-1.scaffolds.fa	99.6433	6125	6398
Rhodotorula_paludigena_TFCN_1A-1-2.scaffolds.fa	/bigdata/stajichlab/shared/projects/Rhodotorula/Rhodotorula_Metabolites/Rhodotorula_pheno_MS/BFD/input/dna/Rhodotorula_mucilaginosa_TFCN_152A-5.scaffolds.fa	99.6411	6192	6398
Rhodotorula_paludigena_TFCN_1A-1-2.scaffolds.fa	/bigdata/stajichlab/shared/projects/Rhodotorula/Rhodotorula_Metabolites/Rhodotorula_pheno_MS/BFD/input/dna/Rhodotorula_mucilaginosa_TFCN_25-337Y-1.scaffolds.fa	99.6403	6022	6398
Rhodotorula_paludigena_TFCN_1A-1-2.scaffolds.fa	/bigdata/stajichlab/shared/projects/Rhodotorula/Rhodotorula_Metabolites/Rhodotorula_pheno_MS/BFD/input/dna/Rhodotorula_mucilaginosa_TFCN_17-325P-1.scaffolds.fa	99.6386	6061	6398
Rhodotorula_paludigena_TFCN_1A-1-2.scaffolds.fa	/bigdata/stajichlab/shared/projects/Rhodotorula/Rhodotorula_Metabolites/Rhodotorula_pheno_MS/BFD/input/dna/Rhodotorula_mucilaginosa_TFCN_102C-2.scaffolds.fa	99.6375	6042	6398
Rhodotorula_paludigena_TFCN_1A-1-2.scaffolds.fa	/bigdata/stajichlab/shared/projects/Rhodotorula/Rhodotorula_Metabolites/Rhodotorula_pheno_MS/BFD/input/dna/Rhodotorula_mucilaginosa_TFCN_54D-2.scaffolds.fa	99.6354	6055	6398
Rhodotorula_paludigena_TFCN_1A-1-2.scaffolds.fa	/bigdata/stajichlab/shared/projects/Rhodotorula/Rhodotorula_Metabolites/Rhodotorula_pheno_MS/BFD/input/dna/Rhodotorula_mucilaginosa_DBVPG_10886.scaffolds.fa	99.6341	5998	6398
Rhodotorula_paludigena_TFCN_1A-1-2.scaffolds.fa	/bigdata/stajichlab/shared/projects/Rhodotorula/Rhodotorula_Metabolites/Rhodotorula_pheno_MS/BFD/input/dna/Rhodotorula_mucilaginosa_TFCN_25-335Y-1.scaffolds.fa	99.6329	6185	6398
Rhodotorula_paludigena_TFCN_1A-1-2.scaffolds.fa	/bigdata/stajichlab/shared/projects/Rhodotorula/Rhodotorula_Metabolites/Rhodotorula_pheno_MS/BFD/input/dna/Rhodotorula_mucilaginosa_TFCN_25-337M-3.scaffolds.fa	99.6296	6174	6398
Rhodotorula_paludigena_TFCN_1A-1-2.scaffolds.fa	/bigdata/stajichlab/shared/projects/Rhodotorula/Rhodotorula_Metabolites/Rhodotorula_pheno_MS/BFD/input/dna/Rhodotorula_mucilaginosa_TFCN_17-332M-2.scaffolds.fa	99.6247	6140	6398
Rhodotorula_paludigena_TFCN_1A-1-2.scaffolds.fa	/bigdata/stajichlab/shared/projects/Rhodotorula/Rhodotorula_Metabolites/Rhodotorula_pheno_MS/BFD/input/dna/Rhodotorula_mucilaginosa_TFCN_17-0-2E334-4.scaffolds.fa	99.6061	6326	6398
Rhodotorula_paludigena_TFCN_1A-1-2.scaffolds.fa	/bigdata/stajichlab/shared/projects/Rhodotorula/Rhodotorula_Metabolites/Rhodotorula_pheno_MS/BFD/input/dna/Rhodotorula_mucilaginosa_TFCN_25-0-2E333-1.scaffolds.fa	99.5962	6313	6398
Rhodotorula_paludigena_TFCN_1A-1-2.scaffolds.fa	/bigdata/stajichlab/shared/projects/Rhodotorula/Rhodotorula_Metabolites/Rhodotorula_pheno_MS/BFD/input/dna/Rhodotorula_mucilaginosa_TFCN_17-333P-6.scaffolds.fa	99.5902	6292	6398
Rhodotorula_paludigena_TFCN_1A-1-2.scaffolds.fa	/bigdata/stajichlab/shared/projects/Rhodotorula/Rhodotorula_Metabolites/Rhodotorula_pheno_MS/BFD/input/dna/Rhodotorula_mucilaginosa_TFCN_25-0-2E332-1.scaffolds.fa	99.5885	5943	6398
Rhodotorula_paludigena_TFCN_1A-1-2.scaffolds.fa	/bigdata/stajichlab/shared/projects/Rhodotorula/Rhodotorula_Metabolites/Rhodotorula_pheno_MS/BFD/input/dna/Rhodotorula_mucilaginosa_TFCN_17-337P-5.scaffolds.fa	99.5858	6302	6398
Rhodotorula_paludigena_TFCN_1A-1-2.scaffolds.fa	/bigdata/stajichlab/shared/projects/Rhodotorula/Rhodotorula_Metabolites/Rhodotorula_pheno_MS/BFD/input/dna/Rhodotorula_mucilaginosa_TFCN_17-267M-1.scaffolds.fa	99.5079	6339	6398
Rhodotorula_paludigena_TFCN_1A-1-2.scaffolds.fa	/bigdata/stajichlab/shared/projects/Rhodotorula/Rhodotorula_Metabolites/Rhodotorula_pheno_MS/BFD/input/dna/Rhodotorula_mucilaginosa_DBVPG_3855.scaffolds.fa	99.4776	5217	6398
Rhodotorula_paludigena_TFCN_1A-1-2.scaffolds.fa	/bigdata/stajichlab/shared/projects/Rhodotorula/Rhodotorula_Metabolites/Rhodotorula_pheno_MS/BFD/input/dna/Rhodotorula_mucilaginosa_DBVPG_3857.scaffolds.fa	99.3896	6207	6398
Rhodotorula_paludigena_TFCN_1A-1-2.scaffolds.fa	/bigdata/stajichlab/shared/projects/Rhodotorula/Rhodotorula_Metabolites/Rhodotorula_pheno_MS/BFD/input/dna/Rhodotorula_mucilaginosa_DBVPG_3856.scaffolds.fa	99.3803	6164	6398
Rhodotorula_paludigena_TFCN_1A-1-2.scaffolds.fa	/bigdata/stajichlab/shared/projects/Rhodotorula/Rhodotorula_Metabolites/Rhodotorula_pheno_MS/BFD/input/dna/Rhodotorula_mucilaginosa_DBVPG_10937.scaffolds.fa	99.3629	6320	6398
Rhodotorula_paludigena_TFCN_1A-1-2.scaffolds.fa	/bigdata/stajichlab/shared/projects/Rhodotorula/Rhodotorula_Metabolites/Rhodotorula_pheno_MS/BFD/input/dna/Rhodotorula_mucilaginosa_DBVPG_4958.scaffolds.fa	99.3555	6325	6398
Rhodotorula_paludigena_TFCN_1A-1-2.scaffolds.fa	/bigdata/stajichlab/shared/projects/Rhodotorula/Rhodotorula_Metabolites/Rhodotorula_pheno_MS/BFD/input/dna/Rhodotorula_mucilaginosa_TFCN_404D-1.scaffolds.fa	99.2828	6123	6398
Rhodotorula_paludigena_TFCN_1A-1-2.scaffolds.fa	/bigdata/stajichlab/shared/projects/Rhodotorula/Rhodotorula_Metabolites/Rhodotorula_pheno_MS/BFD/input/dna/Rhodotorula_mucilaginosa_DBVPG_4947.scaffolds.fa	99.2647	6286	6398
Rhodotorula_paludigena_TFCN_1A-1-2.scaffolds.fa	/bigdata/stajichlab/shared/projects/Rhodotorula/Rhodotorula_Metabolites/Rhodotorula_pheno_MS/BFD/input/dna/Rhodotorula_mucilaginosa_DBVPG_10842.scaffolds.fa	99.2643	6297	6398
Rhodotorula_paludigena_TFCN_1A-1-2.scaffolds.fa	/bigdata/stajichlab/shared/projects/Rhodotorula/Rhodotorula_Metabolites/Rhodotorula_pheno_MS/BFD/input/dna/Rhodotorula_mucilaginosa_DBVPG_4945.scaffolds.fa	99.2507	6217	6398
Rhodotorula_paludigena_TFCN_1A-1-2.scaffolds.fa	/bigdata/stajichlab/shared/projects/Rhodotorula/Rhodotorula_Metabolites/Rhodotorula_pheno_MS/BFD/input/dna/Rhodotorula_mucilaginosa_DBVPG_4378.scaffolds.fa	99.2467	6307	6398
Rhodotorula_paludigena_TFCN_1A-1-2.scaffolds.fa	/bigdata/stajichlab/shared/projects/Rhodotorula/Rhodotorula_Metabolites/Rhodotorula_pheno_MS/BFD/input/dna/Rhodotorula_mucilaginosa_TFCN_25-334D-3.scaffolds.fa	99.2407	6033	6398
Rhodotorula_paludigena_TFCN_1A-1-2.scaffolds.fa	/bigdata/stajichlab/shared/projects/Rhodotorula/Rhodotorula_Metabolites/Rhodotorula_pheno_MS/BFD/input/dna/Rhodotorula_mucilaginosa_DBVPG_5228.scaffolds.fa	99.2375	6280	6398
Rhodotorula_paludigena_TFCN_1A-1-2.scaffolds.fa	/bigdata/stajichlab/shared/projects/Rhodotorula/Rhodotorula_Metabolites/Rhodotorula_pheno_MS/BFD/input/dna/Rhodotorula_mucilaginosa_DBVPG_5235.scaffolds.fa	99.2354	6291	6398
Rhodotorula_paludigena_TFCN_1A-1-2.scaffolds.fa	/bigdata/stajichlab/shared/projects/Rhodotorula/Rhodotorula_Metabolites/Rhodotorula_pheno_MS/BFD/input/dna/Rhodotorula_mucilaginosa_DBVPG_5226.scaffolds.fa	99.2341	6287	6398
Rhodotorula_paludigena_TFCN_1A-1-2.scaffolds.fa	/bigdata/stajichlab/shared/projects/Rhodotorula/Rhodotorula_Metabolites/Rhodotorula_pheno_MS/BFD/input/dna/Rhodotorula_mucilaginosa_DBVPG_10882.scaffolds.fa	99.2327	6278	6398
Rhodotorula_paludigena_TFCN_1A-1-2.scaffolds.fa	/bigdata/stajichlab/shared/projects/Rhodotorula/Rhodotorula_Metabolites/Rhodotorula_pheno_MS/BFD/input/dna/Rhodotorula_mucilaginosa_DBVPG_5225.scaffolds.fa	99.232	6289	6398
Rhodotorula_paludigena_TFCN_1A-1-2.scaffolds.fa	/bigdata/stajichlab/shared/projects/Rhodotorula/Rhodotorula_Metabolites/Rhodotorula_pheno_MS/BFD/input/dna/Rhodotorula_mucilaginosa_DBVPG_5227.scaffolds.fa	99.2313	6279	6398
Rhodotorula_paludigena_TFCN_1A-1-2.scaffolds.fa	/bigdata/stajichlab/shared/projects/Rhodotorula/Rhodotorula_Metabolites/Rhodotorula_pheno_MS/BFD/input/dna/Rhodotorula_mucilaginosa_DBVPG_3383.scaffolds.fa	99.2183	6285	6398
Rhodotorula_paludigena_TFCN_1A-1-2.scaffolds.fa	/bigdata/stajichlab/shared/projects/Rhodotorula/Rhodotorula_Metabolites/Rhodotorula_pheno_MS/BFD/input/dna/Rhodotorula_mucilaginosa_DBVPG_3237.scaffolds.fa	99.218	6253	6398
Rhodotorula_paludigena_TFCN_1A-1-2.scaffolds.fa	/bigdata/stajichlab/shared/projects/Rhodotorula/Rhodotorula_Metabolites/Rhodotorula_pheno_MS/BFD/input/dna/Rhodotorula_mucilaginosa_DBVPG_3382.scaffolds.fa	99.2163	6288	6398
Rhodotorula_paludigena_TFCN_1A-1-2.scaffolds.fa	/bigdata/stajichlab/shared/projects/Rhodotorula/Rhodotorula_Metabolites/Rhodotorula_pheno_MS/BFD/input/dna/Rhodotorula_mucilaginosa_DBVPG_3774.scaffolds.fa	99.2159	6293	6398
Rhodotorula_paludigena_TFCN_1A-1-2.scaffolds.fa	/bigdata/stajichlab/shared/projects/Rhodotorula/Rhodotorula_Metabolites/Rhodotorula_pheno_MS/BFD/input/dna/Rhodotorula_mucilaginosa_DBVPG_5229.scaffolds.fa	99.2125	6158	6398
Rhodotorula_paludigena_TFCN_1A-1-2.scaffolds.fa	/bigdata/stajichlab/shared/projects/Rhodotorula/Rhodotorula_Metabolites/Rhodotorula_pheno_MS/BFD/input/dna/Rhodotorula_mucilaginosa_DBVPG_3381.scaffolds.fa	99.2104	6300	6398
Rhodotorula_paludigena_TFCN_1A-1-2.scaffolds.fa	/bigdata/stajichlab/shared/projects/Rhodotorula/Rhodotorula_Metabolites/Rhodotorula_pheno_MS/BFD/input/dna/Rhodotorula_mucilaginosa_DBVPG_3384.scaffolds.fa	99.2046	6242	6398
Rhodotorula_paludigena_TFCN_1A-1-2.scaffolds.fa	/bigdata/stajichlab/shared/projects/Rhodotorula/Rhodotorula_Metabolites/Rhodotorula_pheno_MS/BFD/input/dna/Rhodotorula_mucilaginosa_TFCN_17-390M-1.scaffolds.fa	99.1629	6250	6398
Rhodotorula_paludigena_TFCN_1A-1-2.scaffolds.fa	/bigdata/stajichlab/shared/projects/Rhodotorula/Rhodotorula_Metabolites/Rhodotorula_pheno_MS/BFD/input/dna/Rhodotorula_mucilaginosa_DBVPG_4618.scaffolds.fa	99.1517	6325	6398
Rhodotorula_paludigena_TFCN_1A-1-2.scaffolds.fa	/bigdata/stajichlab/shared/projects/Rhodotorula/Rhodotorula_Metabolites/Rhodotorula_pheno_MS/BFD/input/dna/Rhodotorula_mucilaginosa_DBVPG_4377.scaffolds.fa	99.1434	6246	6398
Rhodotorula_paludigena_TFCN_1A-1-2.scaffolds.fa	/bigdata/stajichlab/shared/projects/Rhodotorula/Rhodotorula_Metabolites/Rhodotorula_pheno_MS/BFD/input/dna/Rhodotorula_mucilaginosa_DBVPG_3045.scaffolds.fa	99.1266	6307	6398
Rhodotorula_paludigena_TFCN_1A-1-2.scaffolds.fa	/bigdata/stajichlab/shared/projects/Rhodotorula/Rhodotorula_Metabolites/Rhodotorula_pheno_MS/BFD/input/dna/Rhodotorula_mucilaginosa_DBVPG_3444.scaffolds.fa	99.0783	6202	6398
Rhodotorula_paludigena_TFCN_1A-1-2.scaffolds.fa	/bigdata/stajichlab/shared/projects/Rhodotorula/Rhodotorula_Metabolites/Rhodotorula_pheno_MS/BFD/input/dna/Rhodotorula_mucilaginosa_TFCN_17-0-2E390-2.scaffolds.fa	99.0273	6229	6398
Rhodotorula_paludigena_TFCN_1A-1-2.scaffolds.fa	/bigdata/stajichlab/shared/projects/Rhodotorula/Rhodotorula_Metabolites/Rhodotorula_pheno_MS/BFD/input/dna/Rhodotorula_mucilaginosa_TFCN_17-0-2E390-1.scaffolds.fa	98.9979	6260	6398
Rhodotorula_paludigena_TFCN_1A-1-2.scaffolds.fa	/bigdata/stajichlab/shared/projects/Rhodotorula/Rhodotorula_Metabolites/Rhodotorula_pheno_MS/BFD/input/dna/Rhodotorula_mucilaginosa_DBVPG_3854.scaffolds.fa	98.9758	6220	6398
Rhodotorula_paludigena_TFCN_1A-1-2.scaffolds.fa	/bigdata/stajichlab/shared/projects/Rhodotorula/Rhodotorula_Metabolites/Rhodotorula_pheno_MS/BFD/input/dna/Rhodotorula_mucilaginosa_DBVPG_3776.scaffolds.fa	98.9694	6258	6398
Rhodotorula_paludigena_TFCN_1A-1-2.scaffolds.fa	/bigdata/stajichlab/shared/projects/Rhodotorula/Rhodotorula_Metabolites/Rhodotorula_pheno_MS/BFD/input/dna/Rhodotorula_mucilaginosa_DBVPG_3442.scaffolds.fa	98.9675	6251	6398
Rhodotorula_paludigena_TFCN_1A-1-2.scaffolds.fa	/bigdata/stajichlab/shared/projects/Rhodotorula/Rhodotorula_Metabolites/Rhodotorula_pheno_MS/BFD/input/dna/Rhodotorula_mucilaginosa_DBVPG_3777.scaffolds.fa	98.9652	6257	6398
Rhodotorula_paludigena_TFCN_1A-1-2.scaffolds.fa	/bigdata/stajichlab/shared/projects/Rhodotorula/Rhodotorula_Metabolites/Rhodotorula_pheno_MS/BFD/input/dna/Rhodotorula_mucilaginosa_DBVPG_3858.scaffolds.fa	98.9641	6278	6398
Rhodotorula_paludigena_TFCN_1A-1-2.scaffolds.fa	/bigdata/stajichlab/shared/projects/Rhodotorula/Rhodotorula_Metabolites/Rhodotorula_pheno_MS/BFD/input/dna/Rhodotorula_mucilaginosa_DBVPG_4920.scaffolds.fa	98.9641	6232	6398
Rhodotorula_paludigena_TFCN_1A-1-2.scaffolds.fa	/bigdata/stajichlab/shared/projects/Rhodotorula/Rhodotorula_Metabolites/Rhodotorula_pheno_MS/BFD/input/dna/Rhodotorula_mucilaginosa_DBVPG_4962.scaffolds.fa	98.9638	6253	6398
Rhodotorula_paludigena_TFCN_1A-1-2.scaffolds.fa	/bigdata/stajichlab/shared/projects/Rhodotorula/Rhodotorula_Metabolites/Rhodotorula_pheno_MS/BFD/input/dna/Rhodotorula_mucilaginosa_DBVPG_3775.scaffolds.fa	98.9636	6273	6398
Rhodotorula_paludigena_TFCN_1A-1-2.scaffolds.fa	/bigdata/stajichlab/shared/projects/Rhodotorula/Rhodotorula_Metabolites/Rhodotorula_pheno_MS/BFD/input/dna/Rhodotorula_mucilaginosa_DBVPG_4963.scaffolds.fa	98.9634	6255	6398
Rhodotorula_paludigena_TFCN_1A-1-2.scaffolds.fa	/bigdata/stajichlab/shared/projects/Rhodotorula/Rhodotorula_Metabolites/Rhodotorula_pheno_MS/BFD/input/dna/Rhodotorula_mucilaginosa_DBVPG_3780.scaffolds.fa	98.9625	6259	6398
Rhodotorula_paludigena_TFCN_1A-1-2.scaffolds.fa	/bigdata/stajichlab/shared/projects/Rhodotorula/Rhodotorula_Metabolites/Rhodotorula_pheno_MS/BFD/input/dna/Rhodotorula_mucilaginosa_DBVPG_3778.scaffolds.fa	98.9606	6191	6398
Rhodotorula_paludigena_TFCN_1A-1-2.scaffolds.fa	/bigdata/stajichlab/shared/projects/Rhodotorula/Rhodotorula_Metabolites/Rhodotorula_pheno_MS/BFD/input/dna/Rhodotorula_mucilaginosa_DBVPG_3443.scaffolds.fa	98.96	6264	6398
Rhodotorula_paludigena_TFCN_1A-1-2.scaffolds.fa	/bigdata/stajichlab/shared/projects/Rhodotorula/Rhodotorula_Metabolites/Rhodotorula_pheno_MS/BFD/input/dna/Rhodotorula_mucilaginosa_DBVPG_6092.scaffolds.fa	98.9572	6234	6398
Rhodotorula_paludigena_TFCN_1A-1-2.scaffolds.fa	/bigdata/stajichlab/shared/projects/Rhodotorula/Rhodotorula_Metabolites/Rhodotorula_pheno_MS/BFD/input/dna/Rhodotorula_mucilaginosa_DBVPG_6593.scaffolds.fa	98.9566	6269	6398
Rhodotorula_paludigena_TFCN_1A-1-2.scaffolds.fa	/bigdata/stajichlab/shared/projects/Rhodotorula/Rhodotorula_Metabolites/Rhodotorula_pheno_MS/BFD/input/dna/Rhodotorula_mucilaginosa_DBVPG_6743.scaffolds.fa	98.9549	6256	6398
Rhodotorula_paludigena_TFCN_1A-1-2.scaffolds.fa	/bigdata/stajichlab/shared/projects/Rhodotorula/Rhodotorula_Metabolites/Rhodotorula_pheno_MS/BFD/input/dna/Rhodotorula_mucilaginosa_DBVPG_4946.scaffolds.fa	98.9547	6270	6398
Rhodotorula_paludigena_TFCN_1A-1-2.scaffolds.fa	/bigdata/stajichlab/shared/projects/Rhodotorula/Rhodotorula_Metabolites/Rhodotorula_pheno_MS/BFD/input/dna/Rhodotorula_mucilaginosa_DBVPG_6091.scaffolds.fa	98.9482	6243	6398
Rhodotorula_paludigena_TFCN_1A-1-2.scaffolds.fa	/bigdata/stajichlab/shared/projects/Rhodotorula/Rhodotorula_Metabolites/Rhodotorula_pheno_MS/BFD/input/dna/Rhodotorula_mucilaginosa_DBVPG_5758.scaffolds.fa	98.8958	6167	6398
Rhodotorula_paludigena_TFCN_1A-1-2.scaffolds.fa	/bigdata/stajichlab/shared/projects/Rhodotorula/Rhodotorula_Metabolites/Rhodotorula_pheno_MS/BFD/input/dna/Rhodotorula_mucilaginosa_DBVPG_4408.scaffolds.fa	98.8952	6215	6398
Rhodotorula_paludigena_TFCN_1A-1-2.scaffolds.fa	/bigdata/stajichlab/shared/projects/Rhodotorula/Rhodotorula_Metabolites/Rhodotorula_pheno_MS/BFD/input/dna/Rhodotorula_mucilaginosa_DBVPG_4376.scaffolds.fa	98.8915	6241	6398
Rhodotorula_paludigena_TFCN_1A-1-2.scaffolds.fa	/bigdata/stajichlab/shared/projects/Rhodotorula/Rhodotorula_Metabolites/Rhodotorula_pheno_MS/BFD/input/dna/Rhodotorula_mucilaginosa_DBVPG_5757.scaffolds.fa	98.8884	6177	6398
Rhodotorula_paludigena_TFCN_1A-1-2.scaffolds.fa	/bigdata/stajichlab/shared/projects/Rhodotorula/Rhodotorula_Metabolites/Rhodotorula_pheno_MS/BFD/input/dna/Rhodotorula_mucilaginosa_DBVPG_5759.scaffolds.fa	98.883	6060	6398
Rhodotorula_paludigena_TFCN_1A-1-2.scaffolds.fa	/bigdata/stajichlab/shared/projects/Rhodotorula/Rhodotorula_Metabolites/Rhodotorula_pheno_MS/BFD/input/dna/Rhodotorula_mucilaginosa_NRRL_Y-2510.scaffolds.fa	98.8772	6301	6398
Rhodotorula_paludigena_TFCN_1A-1-2.scaffolds.fa	/bigdata/stajichlab/shared/projects/Rhodotorula/Rhodotorula_Metabolites/Rhodotorula_pheno_MS/BFD/input/dna/Rhodotorula_mucilaginosa_DBVPG_3235.scaffolds.fa	98.8555	6213	6398
Rhodotorula_paludigena_TFCN_1A-1-2.scaffolds.fa	/bigdata/stajichlab/shared/projects/Rhodotorula/Rhodotorula_Metabolites/Rhodotorula_pheno_MS/BFD/input/dna/Rhodotorula_mucilaginosa_DBVPG_3984.scaffolds.fa	98.8548	6252	6398
Rhodotorula_paludigena_TFCN_1A-1-2.scaffolds.fa	/bigdata/stajichlab/shared/projects/Rhodotorula/Rhodotorula_Metabolites/Rhodotorula_pheno_MS/BFD/input/dna/Rhodotorula_mucilaginosa_DBVPG_3090.scaffolds.fa	98.8498	6261	6398
Rhodotorula_paludigena_TFCN_1A-1-2.scaffolds.fa	/bigdata/stajichlab/shared/projects/Rhodotorula/Rhodotorula_Metabolites/Rhodotorula_pheno_MS/BFD/input/dna/Rhodotorula_mucilaginosa_DBVPG_3983.scaffolds.fa	98.8457	6260	6398
Rhodotorula_paludigena_TFCN_1A-1-2.scaffolds.fa	/bigdata/stajichlab/shared/projects/Rhodotorula/Rhodotorula_Metabolites/Rhodotorula_pheno_MS/BFD/input/dna/Rhodotorula_mucilaginosa_DBVPG_3044.scaffolds.fa	98.845	6177	6398
Rhodotorula_paludigena_TFCN_1A-1-2.scaffolds.fa	/bigdata/stajichlab/shared/projects/Rhodotorula/Rhodotorula_Metabolites/Rhodotorula_pheno_MS/BFD/input/dna/Rhodotorula_mucilaginosa_DBVPG_3236.scaffolds.fa	98.8308	5870	6398
Rhodotorula_paludigena_TFCN_1A-1-2.scaffolds.fa	/bigdata/stajichlab/shared/projects/Rhodotorula/Rhodotorula_Metabolites/Rhodotorula_pheno_MS/BFD/input/dna/Rhodotorula_mucilaginosa_TFCN_17-329Y-4.scaffolds.fa	98.7876	6244	6398
Rhodotorula_paludigena_TFCN_1A-1-2.scaffolds.fa	/bigdata/stajichlab/shared/projects/Rhodotorula/Rhodotorula_Metabolites/Rhodotorula_pheno_MS/BFD/input/dna/Rhodotorula_mucilaginosa_TFCN_17Y-278-1.scaffolds.fa	98.7859	6304	6398
Rhodotorula_paludigena_TFCN_1A-1-2.scaffolds.fa	/bigdata/stajichlab/shared/projects/Rhodotorula/Rhodotorula_Metabolites/Rhodotorula_pheno_MS/BFD/input/dna/Rhodotorula_mucilaginosa_TFCN_17-334Y-5.scaffolds.fa	98.7516	6261	6398
Rhodotorula_paludigena_TFCN_1A-1-2.scaffolds.fa	/bigdata/stajichlab/shared/projects/Rhodotorula/Rhodotorula_Metabolites/Rhodotorula_pheno_MS/BFD/input/dna/Rhodotorula_mucilaginosa_TFCN_54D-1.scaffolds.fa	98.7489	6250	6398
Rhodotorula_paludigena_TFCN_1A-1-2.scaffolds.fa	/bigdata/stajichlab/shared/projects/Rhodotorula/Rhodotorula_Metabolites/Rhodotorula_pheno_MS/BFD/input/dna/Rhodotorula_mucilaginosa_TFCN_17-291Y-1.scaffolds.fa	98.7464	6251	6398
Rhodotorula_paludigena_TFCN_1A-1-2.scaffolds.fa	/bigdata/stajichlab/shared/projects/Rhodotorula/Rhodotorula_Metabolites/Rhodotorula_pheno_MS/BFD/input/dna/Rhodotorula_mucilaginosa_TFCN_17-334D-6.scaffolds.fa	98.7405	6238	6398
Rhodotorula_paludigena_TFCN_1A-1-2.scaffolds.fa	/bigdata/stajichlab/shared/projects/Rhodotorula/Rhodotorula_Metabolites/Rhodotorula_pheno_MS/BFD/input/dna/Rhodotorula_mucilaginosa_TFCN_152A-1.scaffolds.fa	98.7365	6219	6398
Rhodotorula_paludigena_TFCN_1A-1-2.scaffolds.fa	/bigdata/stajichlab/shared/projects/Rhodotorula/Rhodotorula_Metabolites/Rhodotorula_pheno_MS/BFD/input/dna/Rhodotorula_mucilaginosa_TFCN_25-0-2E334-1.scaffolds.fa	98.7264	6187	6398
Rhodotorula_paludigena_TFCN_1A-1-2.scaffolds.fa	/bigdata/stajichlab/shared/projects/Rhodotorula/Rhodotorula_Metabolites/Rhodotorula_pheno_MS/BFD/input/dna/Rhodotorula_mucilaginosa_TFCN_17-0-2E337-3.scaffolds.fa	98.6123	6228	6398
Rhodotorula_paludigena_TFCN_1A-1-2.scaffolds.fa	/bigdata/stajichlab/shared/projects/Rhodotorula/Rhodotorula_Metabolites/Rhodotorula_pheno_MS/BFD/input/dna/Rhodotorula_mucilaginosa_TFCN_25-331D-1.scaffolds.fa	98.6052	6219	6398
Rhodotorula_paludigena_TFCN_1A-1-2.scaffolds.fa	/bigdata/stajichlab/shared/projects/Rhodotorula/Rhodotorula_Metabolites/Rhodotorula_pheno_MS/BFD/input/dna/Rhodotorula_mucilaginosa_TFCN_25-0-2E390-1.scaffolds.fa	98.5191	6223	6398
Rhodotorula_paludigena_TFCN_1A-1-2.scaffolds.fa	/bigdata/stajichlab/shared/projects/Rhodotorula/Rhodotorula_Metabolites/Rhodotorula_pheno_MS/BFD/input/dna/Rhodotorula_mucilaginosa_TFCN_22C-4.scaffolds.fa	98.4807	6189	6398
Rhodotorula_paludigena_TFCN_1A-1-2.scaffolds.fa	/bigdata/stajichlab/shared/projects/Rhodotorula/Rhodotorula_Metabolites/Rhodotorula_pheno_MS/BFD/input/dna/Rhodotorula_mucilaginosa_TFCN_3M-1-1.scaffolds.fa	91.3656	5152	6398
Rhodotorula_paludigena_TFCN_1A-1-2.scaffolds.fa	/bigdata/stajichlab/shared/projects/Rhodotorula/Rhodotorula_Metabolites/Rhodotorula_pheno_MS/BFD/input/dna/Rhodotorula_mucilaginosa_DBVPG_6660.scaffolds.fa	90.7915	5752	6398
Rhodotorula_paludigena_TFCN_1A-1-2.scaffolds.fa	/bigdata/stajichlab/shared/projects/Rhodotorula/Rhodotorula_Metabolites/Rhodotorula_pheno_MS/BFD/input/dna/Rhodotorula_mucilaginosa_TFCN_17-332M-1.scaffolds.fa	90.7762	5836	6398
Rhodotorula_paludigena_TFCN_1A-1-2.scaffolds.fa	/bigdata/stajichlab/shared/projects/Rhodotorula/Rhodotorula_Metabolites/Rhodotorula_pheno_MS/BFD/input/dna/Rhodotorula_mucilaginosa_TFCN_1A-14.scaffolds.fa	90.7658	5677	6398
Rhodotorula_paludigena_TFCN_1A-1-2.scaffolds.fa	/bigdata/stajichlab/shared/projects/Rhodotorula/Rhodotorula_Metabolites/Rhodotorula_pheno_MS/BFD/input/dna/Rhodotorula_mucilaginosa_TFCN_134A-3.scaffolds.fa	90.7549	5713	6398
Rhodotorula_paludigena_TFCN_1A-1-2.scaffolds.fa	/bigdata/stajichlab/shared/projects/Rhodotorula/Rhodotorula_Metabolites/Rhodotorula_pheno_MS/BFD/input/dna/Rhodotorula_mucilaginosa_TFCN_25-333Y-10.scaffolds.fa	89.2373	5698	6398
Rhodotorula_paludigena_TFCN_1A-1-2.scaffolds.fa	/bigdata/stajichlab/shared/projects/Rhodotorula/Rhodotorula_Metabolites/Rhodotorula_pheno_MS/BFD/input/dna/Rhodotorula_mucilaginosa_DBVPG_8043.scaffolds.fa	89.2302	5743	6398
Rhodotorula_paludigena_TFCN_1A-1-2.scaffolds.fa	/bigdata/stajichlab/shared/projects/Rhodotorula/Rhodotorula_Metabolites/Rhodotorula_pheno_MS/BFD/input/dna/Rhodotorula_mucilaginosa_TFCN_33A-4.scaffolds.fa	89.2283	5764	6398
Rhodotorula_paludigena_TFCN_1A-1-2.scaffolds.fa	/bigdata/stajichlab/shared/projects/Rhodotorula/Rhodotorula_Metabolites/Rhodotorula_pheno_MS/BFD/input/dna/Rhodotorula_mucilaginosa_TFCN_25-395P-1.scaffolds.fa	89.2236	5781	6398
Rhodotorula_paludigena_TFCN_1A-1-2.scaffolds.fa	/bigdata/stajichlab/shared/projects/Rhodotorula/Rhodotorula_Metabolites/Rhodotorula_pheno_MS/BFD/input/dna/Rhodotorula_mucilaginosa_DBVPG_4534.scaffolds.fa	89.2211	5758	6398
Rhodotorula_paludigena_TFCN_1A-1-2.scaffolds.fa	/bigdata/stajichlab/shared/projects/Rhodotorula/Rhodotorula_Metabolites/Rhodotorula_pheno_MS/BFD/input/dna/Rhodotorula_mucilaginosa_TFCN_25-334Y-6.scaffolds.fa	89.2101	5769	6398
Rhodotorula_paludigena_TFCN_1A-1-2.scaffolds.fa	/bigdata/stajichlab/shared/projects/Rhodotorula/Rhodotorula_Metabolites/Rhodotorula_pheno_MS/BFD/input/dna/Rhodotorula_mucilaginosa_DBVPG_4380.scaffolds.fa	89.0315	5625	6398
Rhodotorula_paludigena_TFCN_1A-1-2.scaffolds.fa	/bigdata/stajichlab/shared/projects/Rhodotorula/Rhodotorula_Metabolites/Rhodotorula_pheno_MS/BFD/input/dna/Rhodotorula_paludigena_TFCN_43A-4.scaffolds.fa	77.98	1693	6398
Rhodotorula_paludigena_TFCN_1A-1-2.scaffolds.fa	/bigdata/stajichlab/shared/projects/Rhodotorula/Rhodotorula_Metabolites/Rhodotorula_pheno_MS/BFD/input/dna/Rhodotorula_paludigena_TFCN_342-2.scaffolds.fa	77.944	1694	6398
Rhodotorula_paludigena_TFCN_1A-1-2.scaffolds.fa	/bigdata/stajichlab/shared/projects/Rhodotorula/Rhodotorula_Metabolites/Rhodotorula_pheno_MS/BFD/input/dna/Rhodotorula_paludigena_TFCN_48A-15.scaffolds.fa	77.9262	1682	6398
Rhodotorula_paludigena_TFCN_1A-1-2.scaffolds.fa	/bigdata/stajichlab/shared/projects/Rhodotorula/Rhodotorula_Metabolites/Rhodotorula_pheno_MS/BFD/input/dna/Rhodotorula_paludigena_TFCN_48A-2.scaffolds.fa	77.9255	1698	6398
Rhodotorula_paludigena_TFCN_1A-1-2.scaffolds.fa	/bigdata/stajichlab/shared/projects/Rhodotorula/Rhodotorula_Metabolites/Rhodotorula_pheno_MS/BFD/input/dna/Rhodotorula_paludigena_TFCN_48D-10.scaffolds.fa	77.9146	1677	6398
Rhodotorula_paludigena_TFCN_1A-1-2.scaffolds.fa	/bigdata/stajichlab/shared/projects/Rhodotorula/Rhodotorula_Metabolites/Rhodotorula_pheno_MS/BFD/input/dna/Rhodotorula_paludigena_TFCN_48A-10.scaffolds.fa	77.9139	1701	6398
Rhodotorula_paludigena_TFCN_1A-1-2.scaffolds.fa	/bigdata/stajichlab/shared/projects/Rhodotorula/Rhodotorula_Metabolites/Rhodotorula_pheno_MS/BFD/input/dna/Rhodotorula_paludigena_DBVPG_7316.scaffolds.fa	77.9084	1711	6398
Rhodotorula_paludigena_TFCN_1A-1-2.scaffolds.fa	/bigdata/stajichlab/shared/projects/Rhodotorula/Rhodotorula_Metabolites/Rhodotorula_pheno_MS/BFD/input/dna/Rhodotorula_paludigena_TFCN_48D-4.scaffolds.fa	77.9041	1726	6398
Rhodotorula_paludigena_TFCN_1A-1-2.scaffolds.fa	/bigdata/stajichlab/shared/projects/Rhodotorula/Rhodotorula_Metabolites/Rhodotorula_pheno_MS/BFD/input/dna/Rhodotorula_paludigena_TFCN_25-333P-5.scaffolds.fa	77.8939	1714	6398
Rhodotorula_paludigena_TFCN_1A-1-2.scaffolds.fa	/bigdata/stajichlab/shared/projects/Rhodotorula/Rhodotorula_Metabolites/Rhodotorula_pheno_MS/BFD/input/dna/Rhodotorula_paludigena_TFCN_48C-3.scaffolds.fa	77.8918	1713	6398
Rhodotorula_paludigena_TFCN_1A-1-2.scaffolds.fa	/bigdata/stajichlab/shared/projects/Rhodotorula/Rhodotorula_Metabolites/Rhodotorula_pheno_MS/BFD/input/dna/Rhodotorula_paludigena_TFCN_49A-1.scaffolds.fa	77.8904	1700	6398
Rhodotorula_paludigena_TFCN_1A-1-2.scaffolds.fa	/bigdata/stajichlab/shared/projects/Rhodotorula/Rhodotorula_Metabolites/Rhodotorula_pheno_MS/BFD/input/dna/Rhodotorula_paludigena_NRRL_Y-12923.scaffolds.fa	77.8887	1697	6398
Rhodotorula_paludigena_TFCN_1A-1-2.scaffolds.fa	/bigdata/stajichlab/shared/projects/Rhodotorula/Rhodotorula_Metabolites/Rhodotorula_pheno_MS/BFD/input/dna/Rhodotorula_paludigena_TFCN_48A-3.scaffolds.fa	77.8874	1689	6398
Rhodotorula_paludigena_TFCN_1A-1-2.scaffolds.fa	/bigdata/stajichlab/shared/projects/Rhodotorula/Rhodotorula_Metabolites/Rhodotorula_pheno_MS/BFD/input/dna/Rhodotorula_paludigena_DBVPG_7323.scaffolds.fa	77.8763	1689	6398
Rhodotorula_paludigena_TFCN_1A-1-2.scaffolds.fa	/bigdata/stajichlab/shared/projects/Rhodotorula/Rhodotorula_Metabolites/Rhodotorula_pheno_MS/BFD/input/dna/Rhodotorula_paludigena_DBVPG_4610.scaffolds.fa	77.8391	1655	6398
