row ID,row m/z,row retention time,adduct
190,447.3299,5.167,[M-H2O+H]1+
1793,636.4293,5.634988,[M+H]1+
234,513.34,5.409,[M-H2O+H]1+
1114,566.3878,5.427561,[M+NH3+H]1+
539,454.3226,5.409,[M+H]1+
1371,411.3089,5.409,[M+H]1+
777,532.3539,5.409,[M+H]1+
433,530.336,5.324225,[M+Na]1+
5563,599.3744,5.555955,[M+H]1+
406,502.3049,5.14,[M+Na]1+
1104,543.3503,5.530306,[M-H2O+H]1+
726,538.3566,5.264594,[M+NH3+H]1+
674,443.2986,5.088,[M-H2O+H]1+
664,486.3125,5.255,[M-2H2O+H]1+
2518,583.3427,5.81,[M+H]1+
5166,247.2412,5.409,[M+H]1+
27130,478.3487,5.702132,[M+H]1+
258,489.3404,5.272875,[M-H2O+H]1+
25047,463.3011,5.682696,[M+H]1+
3093,566.3878,5.264013,[M+H]1+
6120,601.2961,5.36,[M+K]1+
6487,576.3208,5.419,[M+H]1+
11582,599.3159,5.553,[M+K]1+
490,499.3225,5.377,[M+H]1+
16070,396.3458,5.701,[M+H]1+
2519,588.3307,5.376,[M+Na]1+
184,501.3015,5.088,[M+H]1+
7974,450.3174,5.553,[M+Na]1+
9222,628.3615,5.605814,[M+Na]1+
361,411.3089,5.326,[M-H2O+H]1+
5808,546.3199,5.246,[M+Na]1+
101,529.3326,5.324225,[M+Na]1+
239,486.3124,5.334,[M+H]1+
4246,459.3299,5.325,[M+H]1+
439,574.3644,5.477,[M-H2O+H]1+
14265,1394.9125,5.504,[M+H]1+
874,550.3564,5.451,[M+NH3+H]1+
971,342.2991,5.272875,[M+H]1+
740,556.3538,5.501,[M+H]1+
3611,559.2857,5.273,[M+K]1+
7040,553.3327,5.476,[M+Na]1+
1711,601.2961,5.376,[M+H]1+
873,594.4189,5.413878,[M+H]1+
26926,832.5594,6.289438,[M+H]1+
177,515.3193,5.409,[M-H2O+H]1+
3982,616.3622,5.468,[M+Na]1+
155,546.3333,5.341676,[M-H2O+H]1+
1120,545.3176,5.261,[M+Na]1+
219,572.3467,5.401,[M+Na]1+
529,550.3566,5.409,[M+NH3+H]1+
140,453.3192,5.409,[M+H]1+
118,513.3401,5.476,[M-H2O+H]1+
173,471.3298,5.401,[M-H2O+H]1+
340,503.3195,5.2,[M+2Na-H]1+
14315,677.4271,5.545,[M+H]1+
461,514.3435,5.476,[M-H2O+H]1+
19750,501.3403,5.701568,[M+H]1+
2249,231.0856,5.485,[M+H]1+
7125,606.419,5.718317,[M+H]1+
994,637.4326,5.477,[M+3Na-2H]1+
41,571.3432,5.401,[M+Na]1+
4198,513.34,5.554,[M+H]1+
477,542.3361,5.469,[M+Na]1+
10740,538.3491,5.12,[M+H]1+
166,513.3013,5.325,[M+Na]1+
19409,793.5598,6.061703,[M+Na]1+
1681,482.315,5.601884,[M+Na]1+
2235,579.3909,5.561,[M+NH3+H]1+
123,573.3611,5.485,[M-H2O+H]1+
3909,525.3283,5.70142,[M+Na]1+
20467,873.5657,6.396653,[M+H]1+
4540,688.424,5.676,[M+NH3+H]1+
4680,604.356,5.129,[M+Na]1+
1335,587.3281,5.363,[M+ACN+Na]1+
2122,524.3256,6.035339,[M+H]1+
1924,439.2673,5.196239,[M+ACN+H]1+
3318,611.3377,5.551,[M+Na]1+
4648,641.3268,5.612177,[M+H]1+
2794,614.3567,5.807,[M+H]1+
8010,423.3088,5.553,[M-H2O+H]1+
1037,495.2909,5.808,[M+H]1+
3703,607.4221,5.553,[M+H]1+
582,483.3295,5.530306,[M+H]1+
478,444.302,5.228,[M-H2O+H]1+
1332,1414.7532,2.661519,[M+H]1+
1574,483.3295,5.605814,[M+H]1+
2555,707.8802,2.661822,[M+2H]2+
121,541.3326,5.469,[M+Na]1+
143,614.3566,5.476,[M+Na]1+
1858,237.2206,5.255,[M-H2O+H]1+
9255,481.3117,5.929646,[M+H]1+
790,578.3875,5.561,[M+NH3+H]1+
26,545.3299,5.341676,[M-H2O+H]1+
1798,627.3589,5.605814,[M+Na]1+
117,529.3326,5.278,[M+Na]1+
4207,708.3815,2.650287,[M+2H]2+
203,487.3223,5.167,[M+Na]1+
2904,629.3267,5.476,[M+K]1+
334,636.4292,5.477,[M+3Na-2H]1+
3176,431.3502,5.258896,[M+H]1+
24,613.3531,5.476,[M+Na]1+
7015,228.1339,0.569651,[M+H]1+
7384,505.3619,5.657922,[M+H]1+
633,383.278,5.271,[M-H2O+H]1+
1999,641.348,5.485,[M+H]1+
10781,792.5563,6.071691,[M+Na]1+
706,615.3592,5.476,[M+Na]1+
438,518.3666,5.690667,[M+NH3+H]1+
746,613.3535,5.627096,[M+H]1+
82,501.3015,5.14,[M+Na]1+
533,490.3353,5.569,[M+NH3+H]1+
16323,513.3013,5.274,[M+H]1+
3535,211.1074,0.695,[M-NH3+H]1+
204,580.3668,5.376,[M+NH3+H]1+
256,555.3504,5.501,[M+H]1+
16996,801.4328,2.663356,[M+H]1+
1535,606.4187,5.553,[M+H]1+
953,441.3194,5.469,[M+H]1+
1572,641.3843,5.628,[M+H]1+
2926,368.3146,5.553,[M+H]1+
255,528.3228,5.3665,[M+H]1+
25945,501.3402,5.564458,[M+H]1+
16723,557.2908,5.14,[M+H]1+
1066,613.3532,5.807,[M+H]1+
162,503.3197,5.240311,[M-H2O+H]1+
4396,525.3016,5.376,[M+H]1+
770,524.3255,5.682696,[M+Na]1+
863,584.3463,5.553,[M+Na]1+
3132,201.123,0.725964,[M+H]1+
3297,547.4015,5.701568,[M+H]1+
5866,347.2568,5.255,[M-3H2O+H]1+
823,609.4016,5.376,[M+H]1+
6645,411.2704,5.369,[M+H]1+
498,495.3297,5.501,[M+ACN+H]1+
148,485.3091,5.255,[M-2H2O+H]1+
568,621.401,5.605814,[M+NH3+H]1+
514,481.3116,5.601884,[M+Na]1+
2510,231.0855,5.275,[M+H]1+
2258,585.3218,5.322776,[M+H]1+
200,544.3153,5.273,[M+Na]1+
18301,546.3977,5.969581,[M+H]1+
222,523.3218,5.70142,[M+Na]1+
274,583.3428,5.553,[M+Na]1+
15067,740.5916,6.358,[M-H2O+H]1+
4823,471.3297,5.485,[M+NH3+H]1+
90,443.2986,5.228,[M-H2O+H]1+
1021,546.3979,5.701568,[M+H]1+
271,608.3979,5.501,[M+NH3+H]1+
346,413.2881,5.301,[M+H]1+
604,578.3878,5.409,[M+H]1+
51,527.3194,5.3665,[M+H]1+
727,502.3048,5.097,[M-NH3+H2O+H]1+
1302,778.5765,6.330239,[M+Na]1+
135,467.2985,5.3665,[M+ACN+H]1+
932,547.336,5.341676,[M-H2O+H]1+
3443,511.2939,5.583152,[M+H]1+
7927,497.2981,5.583,[M+Na]1+
862,609.4011,5.477,[M+NH3+H]1+
13679,831.5559,6.289438,[M+H]1+
302,525.3401,5.6,[M-H2O+H]1+
580,555.3116,5.4605,[M+Na]1+
1237,453.3192,5.485,[M+H]1+
66,586.3255,5.377,[M+Na]1+
1447,381.2986,5.682696,[M+H]1+
5425,265.2517,5.326,[M-H2O+H]1+
12,585.3221,5.376,[M+Na]1+
328,429.3194,5.167,[M-2H2O+H]1+
29,555.3118,5.401,[M+Na]1+
459,425.2882,5.3665,[M+H]1+
127,625.3529,5.605814,[M+Na]1+
10225,283.2623,5.318,[M+H]1+
33114,640.3238,4.753,[M+H]1+
450,495.2911,5.555,[M+Na]1+
412,626.3563,5.605814,[M+Na]1+
581,453.2807,5.475,[M+3Na-2H]1+
286,608.3982,5.376,[M+H]1+
1571,353.2672,5.569,[M+H]1+
284,456.3019,5.409,[M+K]1+
194,620.3975,5.605814,[M+NH3+H]1+
1639,496.2941,5.569,[M+Na]1+
1647,501.3402,5.459,[M+H]1+
2738,237.2206,5.14,[M-H2O+H]1+
146,401.2882,5.14,[M-H2O+H]1+
45901,381.2986,5.569,[M+H]1+
245,499.2883,5.299,[M+K]1+
902,430.3227,5.326,[M+H]1+
2480,273.0961,5.305829,[M+H]1+
1048,499.2883,5.224628,[M-2H2O+H]1+
12662,453.318,5.592166,[M+H]1+
1429,585.361,5.6,[M+H]1+
2909,384.3094,5.394,[M+NH3+H]1+
5764,381.2985,5.384,[M+H]1+
1699,579.3912,5.409,[M+H]1+
47486,812.5793,5.764,[M+H]1+
15963,611.4067,5.509,[M+NH3+H]1+
3330,648.4292,5.917,[M+H]1+
9876,159.0646,5.569,[M+H]1+
31687,399.1436,0.532976,[M+H]1+
5504,618.3821,5.493,[M+H]1+
5039,211.1073,0.570349,[M-3H2O+H]1+
4359,739.5886,6.358,[M-H2O+H]1+
2105,738.5852,6.358,[M-H2O+H]1+
23744,250.1156,0.67469,[M+Na]1+
10329,247.2412,5.542,[M+H]1+
153,513.301,5.332,[M+Na]1+
13586,558.5225,6.358,[M-H2O+H]1+
2527,779.5801,6.330239,[M+Na]1+
8294,255.2312,5.276696,[M+H]1+
418,625.3531,5.926067,[M+K]1+
3577,443.2986,5.377,[M+NH3+H]1+
22471,439.3556,4.769283,[M+H]1+
11563,756.5956,6.358,[M+H]1+
306,597.3608,5.631,[M-H2O+H]1+
22944,255.2309,5.435,[M+H]1+
1455,649.4323,5.605814,[M+H]1+
7676,375.2879,5.501,[M-H2O+H]1+
1902,634.3773,5.843893,[M+H]1+
547,648.4289,5.605814,[M+H]1+
7742,576.533,6.358,[M+H]1+
40,527.3192,5.425,[M-H2O+H]1+
8146,255.231,5.149,[M+H]1+
1095,495.3298,5.543,[M-H2O+H]1+
233,429.3193,5.326,[M+H]1+
1758,265.2515,5.409,[M+H]1+
14638,734.59,5.690685,[M-H2O+H]1+
886,518.3666,5.564458,[M+NH3+H]1+
1225,311.2571,5.376,[M+H]1+
3073,377.3189,4.988,[M-H2O+H]1+
296,473.3089,5.301,[M-H2O+H]1+
42161,739.5306,6.295729,[M+H]1+
5929,650.4348,5.605814,[M+H]1+
2746,613.2959,5.501,[M+K]1+
2,520.3372,4.951,[M+H]1+
20,521.3406,4.951,[M+H]1+
540,557.33,5.501,[M-H2O+H]1+
3940,228.1338,0.687,[M+H]1+
1449,489.312,5.577,[M+H]1+
52738,657.5045,6.28025,[M+H]1+
386,498.3124,5.493,[M-H2O+H]1+
376,593.3702,5.501,[M+NH3+H]1+
3429,503.3306,4.951,[M-H2O+H]1+
6980,235.1073,0.961,[M+H]1+
97,592.3667,5.501,[M+NH3+H]1+
126,557.2911,5.224628,[M+Na]1+
88,497.3089,5.5,[M-H2O+H]1+
2189,597.3225,5.545,[M+H]1+
12759,594.5434,5.89605,[M+H]1+
925,616.3745,5.544,[M-H2O+H]1+
43,597.3221,5.501,[M+Na]1+
198,497.3089,5.567,[M+K]1+
3424,671.3375,5.54364,[M+K]1+
6626,273.0959,5.571,[M+H]1+
3410,548.2893,5.261,[M+Na]1+
5318,441.3193,5.564458,[M+H]1+
576,371.2779,5.209269,[M+H]1+
2227,695.3948,5.819006,[M+H]1+
1172,579.3614,5.583,[M+H]1+
1193,626.3566,5.926067,[M+K]1+
1152,439.2674,5.299,[M-H2O+H]1+
728,582.374,5.129,[M+H]1+
3156,333.1171,1.628606,[M-H2O+H]1+
4713,755.358,5.694,[M+H]1+
4924,523.3723,5.547,[M+H]1+
8388,567.3115,5.4222,[M+Na]1+
920,489.3403,5.326,[M-H2O+H]1+
11123,291.1067,0.59549,[M-H2O+H]1+
13215,737.4368,5.587,[M+H]1+
2008,624.3845,5.231833,[M+H]1+
1684,427.2672,5.266,[M-H2O+H]1+
1065,598.3254,5.793,[M+Na]1+
7204,365.2675,5.275114,[M-2H2O+H]1+
742,273.0961,5.461,[M-H2O+H]1+
2071,706.4343,5.654275,[M+H]1+
3885,790.4915,5.79,[M+H]1+
784,514.3436,5.418,[M-H2O+H]1+
13574,705.4138,5.501,[M+H]1+
1943,566.3879,5.276696,[M+H]1+
25348,623.4406,6.188336,[M+H]1+
11037,629.3389,5.711879,[M+H]1+
244,600.3049,5.299,[M+Na]1+
1329,545.33,5.318,[M+H]1+
1468,331.099,0.655439,[M+Na]1+
3946,333.1165,5.515333,[M+H]1+
5394,790.4914,5.837,[M+H]1+
5023,543.3505,5.605814,[M+H]1+
4695,660.3924,5.57,[M+H]1+
5822,648.3925,5.614,[M+H]1+
3151,549.2899,5.261,[M+2Na-H]1+
1835,353.2675,5.200462,[M-H2O+H]1+
592,634.377,5.46836,[M+H]1+
4506,602.3,5.376,[M+H]1+
5470,676.4237,5.545,[M+H]1+
3423,610.404,5.376,[M+H]1+
11165,706.4694,5.64595,[M+H]1+
8590,333.1168,5.618704,[M+H]1+
8090,375.2879,5.409,[M-2H2O+H]1+
1981,518.3021,5.196239,[M-H2O+H]1+
196,515.2808,5.104,[M+Na]1+
36719,219.0857,0.924,[M+H]1+
2354,711.3896,5.654275,[M+K]1+
5377,734.465,5.654275,[M+K]1+
13862,757.4293,5.200632,[M+H]1+
25483,684.3979,5.674,[M+H]1+
21720,637.3528,5.638544,[M+Na]1+
7112,483.2906,5.24563,[M+Na]1+
30086,651.4719,6.656,[M+H]1+
2498,655.3065,5.567,[M+K]1+
20609,453.2831,4.978009,[M+H]1+
1127,668.3672,5.939657,[M+H]1+
5617,678.4037,5.562,[M+NH3+H]1+
19040,703.4344,5.669,[M+CH3OH+H]1+
39436,398.2289,4.534127,[M+H]1+
3601,718.4344,5.64,[M+NH3+H]1+
7405,670.3718,5.677,[M+Na]1+
5309,654.3878,5.736,[M+3Na-2H]1+
12534,669.3432,5.217097,[M+H]1+
163,569.2908,5.384,[M+Na]1+
120,611.3009,5.46836,[M+Na]1+
4820,667.3959,5.515333,[M+NH3+H]1+
10492,383.2778,5.377,[M+H]1+
13817,765.4693,5.701,[M-3H2O+H]1+
25505,328.0906,0.983158,[M+H]1+
2888,683.3948,5.64605,[M+H]1+
13560,527.3857,5.659,[M-H2O+H]1+
483,664.3876,5.781,[M+H]1+
2720,585.3607,5.668644,[M+H]1+
5177,644.3097,5.467,[M+K]1+
973,636.383,5.567,[M+NH3+H]1+
49739,737.5728,6.06,[M-H2O+H]1+
1899,748.4807,5.746,[M+K]1+
47515,870.6329,6.232,[M+H]1+
18988,583.3065,5.24575,[M+H]1+
6000,457.2779,5.096,[M-2H2O+H]1+
192,664.3876,5.393,[M+H]1+
5903,672.3516,5.517,[M+Na]1+
1041,395.2776,5.409,[M+H]1+
30151,774.4963,5.638457,[M+H]1+
23454,626.314,0.882433,[M+2H]2+
555,762.46,5.654576,[M+3Na-2H]1+
6161,695.4273,5.638457,[M+NH3+H]1+
1665,557.3297,5.567,[M+NH3+H]1+
17628,354.1749,0.535229,[M+H]1+
14213,851.5455,6.538,[M+H]1+
2660,523.3243,5.359,[M+H]1+
4930,748.4809,5.711,[M+H]1+
773,711.3531,5.814989,[M+H]1+
1405,739.3846,6.015397,[M+H]1+
9848,695.4276,5.509,[M+H]1+
563,569.3295,5.587,[M+H]1+
19,641.3117,5.393,[M+Na]1+
2818,630.3411,5.459,[M+2Na-H]1+
11834,609.3228,5.501,[M+Na]1+
6366,776.4758,5.737,[M+3Na-2H]1+
320,559.3091,5.299,[M-H2O+H]1+
8960,527.3246,5.799,[M+H]1+
647,630.3534,5.515333,[M-H2O+H]1+
2035,303.1063,5.668644,[M+H]1+
1634,658.3849,5.618704,[M-H2O+H]1+
2587,690.4394,5.931921,[M+H]1+
34769,733.4452,5.621025,[M+CH3OH+H]1+
11316,640.3316,1.714554,[M+H]1+
17465,998.6137,5.282,[M+H]1+
1099,685.3376,5.14,[M+Na]1+
558,331.0991,0.983158,[M+Na]1+
495,720.4499,5.914,[M+H]1+
2895,353.2672,5.326,[M+H]1+
11887,255.231,5.375667,[M+H]1+
707,725.4051,5.746,[M+Na]1+
3417,764.4663,5.701,[M-3H2O+H]1+
6111,732.4133,5.553,[M+NH3+H]1+
26397,408.1539,4.593253,[M+H]1+
2237,485.3092,5.468,[M+H]1+
322,707.4013,5.578,[M+NH3+H]1+
9760,653.4172,5.57,[M+NH3+H]1+
17578,497.2703,5.196239,[M+H]1+
6220,615.3325,5.301,[M+NH3+H]1+
17089,862.4327,5.207202,[M+H]1+
4810,342.2379,1.348737,[M+H]1+
991,597.3608,5.691,[M+H]1+
5658,706.3979,5.560545,[M+H]1+
8455,700.3822,5.638457,[M+Na]1+
1977,527.3195,5.518702,[M+H]1+
1032,303.1064,5.567,[M+H]1+
11885,663.4038,5.467,[M+NH3+H]1+
26658,330.1803,1.45062,[M+H]1+
659,656.3672,5.870815,[M+NH3+H]1+
428,667.3638,5.939657,[M+H]1+
49,599.3015,5.299,[M+Na]1+
1375,670.3464,5.79,[M+Na]1+
24312,494.2495,5.067,[M+H]1+
16816,527.3828,4.583192,[M+H]1+
89,557.291,5.196239,[M+Na]1+
5462,678.4397,5.718317,[M+H]1+
30566,296.1962,1.1705,[M+H]1+
3678,617.3774,5.544,[M-H2O+H]1+
1031,526.3433,5.668644,[M+H]1+
4038,499.3543,5.48756,[M-H2O+H]1+
169,739.3842,5.654576,[M+3Na-2H]1+
224,629.3506,5.507,[M-H2O+H]1+
3857,683.3947,5.66243,[M+H]1+
3183,683.3375,5.666,[M+K]1+
4691,676.4239,5.729,[M+NH3+H]1+
5608,219.2101,5.426,[M-H2O+H]1+
20356,576.5328,5.856,[M+H]1+
9707,685.413,5.701,[M+H]1+
22425,838.6365,6.162933,[M+H]1+
4719,540.3641,4.995,[M+2H]2+
15647,792.5948,5.986035,[M+NH3+H]1+
43532,499.3514,4.582,[M+H]1+
7319,665.4165,5.668644,[M+NH3+H]1+
3101,694.4247,5.501,[M+H]1+
3411,641.3478,5.254854,[M+2ACN+H]1+
335,570.3326,5.515333,[M-H2O+H]1+
2980,685.3167,5.501,[M+K]1+
1092,671.3489,5.501,[M+Na]1+
7062,669.379,5.594188,[M+Na]1+
767,516.2842,5.104,[M+Na]1+
697,657.3817,5.618704,[M-H2O+H]1+
329,597.322,5.793,[M+Na]1+
1824,643.3068,5.468,[M+K]1+
4842,817.5402,6.632478,[M+H]1+
42422,273.0958,5.62536,[M+H]1+
9914,685.413,5.746,[M-H2O+H]1+
359,467.2986,5.434,[M-H2O+H]1+
236,588.3436,5.434,[M-H2O+H]1+
1970,678.4395,5.835909,[M+H]1+
18634,723.4579,5.638457,[M-3H2O+H]1+
1088,560.3125,5.299,[M-H2O+H]1+
2181,237.2207,5.358,[M+H]1+
11992,353.1232,3.170294,[M-NH3+H]1+
1607,237.2205,5.418,[M+H]1+
926,621.4014,5.493,[M+H]1+
516,669.343,5.79,[M+Na]1+
347,525.3398,5.668644,[M+H]1+
17767,366.107,3.621046,[M+H]1+
47358,840.6525,6.456225,[M+H]1+
424,762.4602,5.701,[M-3H2O+H]1+
18369,335.2657,5.077,[M+H]1+
741,556.3538,5.553,[M-H2O+H]1+
207,665.3904,5.515333,[M+NH3+H]1+
748,457.2779,5.190745,[M+H]1+
249,639.3324,5.808,[M-NH3+H2O+H]1+
8240,661.351,2.951396,[M+H]1+
53,587.3401,5.434,[M-H2O+H]1+
44404,248.1819,3.961616,[M+H]1+
95,706.3979,5.578,[M+NH3+H]1+
267,623.3806,5.469,[M+NH3+H]1+
3972,680.4457,5.553,[M+3Na-2H]1+
996,231.0856,5.367,[M-H2O+H]1+
559,734.4289,5.587,[M+H]1+
10820,678.4034,5.225531,[M+H]1+
2178,653.3843,5.736,[M+3Na-2H]1+
2932,722.456,5.64,[M-3H2O+H]1+
5512,409.2868,5.3,[M+H]1+
6852,467.2979,5.514,[M+H]1+
208,734.429,5.683,[M+NH3+H]1+
221,655.3637,5.870815,[M+NH3+H]1+
4320,219.2101,5.255,[M-2H2O+H]1+
15661,201.0752,2.144,[M+H]1+
161,739.3843,5.7,[M+Na]1+
1424,669.3695,5.677,[M+Na]1+
307,693.4218,5.638457,[M+NH3+H]1+
1433,532.354,5.359,[M+H]1+
315,615.371,5.544,[M-H2O+H]1+
119,711.353,5.587,[M+Na]1+
3415,692.4459,5.676,[M+H]1+
13388,797.591,5.898491,[M+Na]1+
14543,738.5847,5.847,[M+H]1+
4526,473.2745,1.998408,[M+H]1+
8704,683.3585,5.57,[M+Na]1+
109,628.3356,5.467,[M+2Na-H]1+
39610,781.4707,4.559446,[M+H]1+
9958,748.5689,6.005931,[M+H]1+
33555,244.081,1.410193,[M+H]1+
16053,495.3298,5.623,[M+H]1+
216,635.3803,5.567,[M+NH3+H]1+
827,663.4117,5.58264,[M+H]1+
1339,499.2883,5.393,[M+H]1+
5353,658.3725,5.553,[M+Na]1+
855,691.4429,5.676,[M+H]1+
5452,709.4065,5.587,[M+NH3+H]1+
3366,495.2932,5.233,[M+H]1+
70,622.3771,5.469,[M+NH3+H]1+
362,663.4117,5.674,[M+NH3+H]1+
85,569.3292,5.515333,[M-H2O+H]1+
760,607.3928,5.729,[M+H]1+
18508,679.4363,5.615849,[M+H]1+
262,640.3357,5.567,[M+Na]1+
45,664.387,5.515333,[M+NH3+H]1+
18785,681.4483,5.54364,[M+3Na-2H]1+
14334,285.2415,5.047,[M+H]1+
6835,796.5876,5.888543,[M+Na]1+
158,650.4084,5.461,[M+Na]1+
243,555.3503,5.543,[M-H2O+H]1+
343,668.3668,5.677,[M+Na]1+
291,650.4086,5.426,[M+H]1+
154,628.3354,5.4222,[M+H]1+
3241,273.0962,1.628606,[M-H2O+H]1+
47292,411.0022,3.702,[M+H]1+
13162,710.5538,5.626526,[M+H]1+
116,662.408,5.668644,[M+NH3+H]1+
47,634.3769,5.567,[M+NH3+H]1+
2896,711.5573,5.991633,[M-H2O+H]1+
12195,549.5053,5.991633,[M+H]1+
10295,712.5605,6.002315,[M-H2O+H]1+
14058,729.5679,5.991633,[M+H]1+
8173,530.4913,5.991633,[M-H2O+H]1+
52278,204.1226,1.693745,[M+H]1+
1027,679.4431,5.578,[M+3Na-2H]1+
6900,409.3086,5.554605,[M-H2O+H]1+
28,627.332,5.4222,[M+Na]1+
8887,509.3356,4.603068,[M+H]1+
11921,545.3962,5.659,[M+H]1+
332,692.4188,5.501,[M+H]1+
312,662.4082,5.567,[M+H]1+
16113,728.5645,5.637355,[M-H2O+H]1+
6647,566.5122,5.653454,[M+NH3+H]1+
12560,548.5016,5.629298,[M+H]1+
96,692.4184,5.638457,[M+NH3+H]1+
1254,657.3697,5.553,[M+Na]1+
18,627.3322,5.467,[M+2Na-H]1+
6300,872.4681,5.367,[M+2H]2+
15601,567.5156,5.653454,[M+NH3+H]1+
26715,746.5753,5.654475,[M+H]1+
32580,530.4912,5.637355,[M-H2O+H]1+
26300,244.1325,4.902958,[M+H]1+
3698,231.0856,5.088,[M+ACN+H]1+
42232,713.5634,5.991633,[M-H2O+H]1+
67,639.3322,5.567,[M+Na]1+
33596,276.2678,5.991633,[M+H]1+
105,667.3634,5.677,[M+Na]1+
404,678.4397,5.578,[M+3Na-2H]1+
62,669.3431,5.501,[M+Na]1+
308,620.3979,5.493,[M+H]1+
147,650.4081,5.553,[M+NH3+H]1+
21869,757.5991,6.338,[M+H]1+
2418,411.3242,5.568033,[M+H]1+
524,1096.8655,5.587899,[M+H]1+
316,690.4395,5.676,[M+H]1+
298,720.4499,5.64,[M-3H2O+H]1+
32476,559.526,6.338,[M-H2O+H]1+
2221,282.1351,5.448231,[M+H]1+
14594,231.0857,1.628606,[M+H]1+
26348,1457.1259,6.002315,[2M+H]1+
1803,699.38,5.628725,[M+Na]1+
29156,756.5955,5.875,[M-H2O+H]1+
2604,409.3084,5.477,[M+Na]1+
50422,203.1789,4.570667,[M+H]1+
266,656.3669,5.553,[M+Na]1+
170,697.3738,5.619776,[M+Na]1+
11747,201.0753,1.428,[M+H]1+
46445,518.491,5.983257,[M+H]1+
68,655.3635,5.553,[M+Na]1+
19380,246.0966,7.650095,[M+ACN+H]1+
21105,515.3171,5.192887,[M+H]1+
1739,301.0885,0.924,[M+Na]1+
4944,745.4752,5.394,[M+NH3+H]1+
702,1097.869,5.587899,[M+H]1+
300,563.2628,5.454462,[M+H]1+
46186,581.3815,4.648048,[M-2H2O+H]1+
32948,328.3197,5.238,[M+H]1+
9100,745.4747,5.450841,[M+H]1+
16817,769.5598,5.639,[M+Na]1+
28771,343.1289,1.481,[M+H]1+
5542,415.3337,5.659,[M+H]1+
3600,457.3119,5.233564,[M+Na]1+
7106,308.0886,4.81698,[M+ACN+H]1+
6736,357.1144,3.09635,[M+Na]1+
1113,799.5643,5.631,[M+H]1+
3704,800.5674,5.631,[M+H]1+
13869,289.6404,5.055813,[M+H]1+
15953,554.7648,7.618413,[M+H+Na]2+
18100,428.0353,0.547349,[M+H]1+
40052,153.0543,0.983158,[M+H]1+
7037,485.2621,5.059057,[M+H]1+
5103,637.3855,5.567,[M+NH3+H]1+
25896,519.3257,4.540923,[M+H]1+
52546,536.3327,4.723,[M+H]1+
19166,577.5365,6.358,[M+H]1+
7971,273.0961,2.159152,[M+H]1+
42082,617.403,4.557696,[M+H]1+
4213,449.3008,5.554605,[M+Na]1+
35091,553.3116,5.131,[M+K]1+
122,697.3741,5.929582,[M+Na]1+
646,807.5671,5.469,[M+Na]1+
1670,520.3575,4.942,[M+H]1+
6372,521.3668,4.951,[M+H]1+
19724,572.3666,5.210971,[M+Na]1+
14275,537.3364,4.553,[M+H]1+
3207,1065.6816,5.056,[2M+Na]1+
8895,548.7994,4.951,[M+H]1+
22,519.325,4.864,[M+H]1+
18253,464.0798,0.792494,[M+H]1+
8485,596.4731,5.468,[M+Na]1+
3,518.3217,4.864,[M+H]1+
1895,387.3025,5.48756,[M+H]1+
29511,736.5694,6.06,[M-H2O+H]1+
2250,455.2987,5.503,[M+H]1+
6764,536.3331,4.483,[M+H]1+
178,778.5348,5.478,[M-H2O+H]1+
24450,257.0716,3.03724,[M+H]1+
32459,555.3594,4.753,[M+H]1+
9881,1023.6343,5.039,[M+Na]1+
505,1094.8489,5.562352,[M+H]1+
6742,753.5205,5.385,[M+H]1+
39516,777.5649,6.06,[M+Na]1+
4817,547.3545,5.176,[M+Na]1+
20561,441.3001,4.679057,[M+Na]1+
268,520.328,4.864,[M+H]1+
26484,1096.8569,5.556629,[M+H]1+
2037,521.3305,4.864,[M+H]1+
36917,153.0543,1.628606,[M+H]1+
16680,260.2,4.986,[M+H]1+
43156,707.4742,5.729,[M+H]1+
541,524.3596,5.047,[M+H]1+
4219,536.3329,4.553,[M+H]1+
3564,522.3789,5.055,[M+H]1+
3491,525.3618,5.047,[M+H]1+
15877,1024.6378,5.047,[M+Na]1+
8896,247.2412,5.485,[M-H2O+H]1+
7209,927.5424,4.882,[M+H]1+
22399,1063.6656,5.055,[M+H]1+
4099,549.3724,5.095,[M+H]1+
1363,502.3268,4.951,[M-H2O+H]1+
4331,772.5092,5.434,[M+H]1+
1257,270.2782,5.579699,[M+H]1+
14452,1067.6885,5.039,[2M+Na]1+
12250,773.3557,1.926607,[M+NH3+H]1+
782,184.0728,4.926,[M+H]1+
10107,538.3486,4.713,[M+H]1+
44925,570.3369,3.068,[M+H]1+
16308,357.1147,2.995436,[M+H]1+
5229,522.379,5.046,[M+H]1+
21964,425.3034,5.583839,[M+H]1+
10978,486.233,2.692302,[M+H]1+
14070,804.9404,4.873,[M+H]1+
25884,380.1903,3.107346,[M+H]1+
1064,1070.8497,5.572,[M+NH3+H]1+
2636,518.3475,4.864,[M+H]1+
4357,501.3148,4.864,[M-H2O+H]1+
14488,1043.8219,5.586652,[M-3H2O+H]1+
1859,523.3462,4.951,[M+H]1+
6595,393.726,0.975398,[M+H]1+
1843,526.3754,5.176,[M+H]1+
72,524.3691,5.176,[M+H]1+
1355,500.3115,4.872,[M-H2O+H]1+
36973,444.0302,0.53823,[M+H]1+
304,525.3726,5.176,[M+H]1+
12147,524.349,4.95,[M+H]1+
26139,1143.6245,5.055,[M+H]1+
27572,558.3147,4.553,[M+Na]1+
10957,550.3129,5.055,[M+H]1+
5414,818.5065,7.544,[M+ACN+H]1+
19474,481.3634,5.419,[M+H]1+
2013,411.3026,5.393,[M+H]1+
1276,548.369,5.095,[M+H]1+
731,521.3301,5.276696,[M-NH3+H]1+
10575,1090.8184,5.482,[M+Na]1+
8456,307.0824,0.538343,[M+2K-H]1+
23241,563.5526,0.768489,[M+2H]2+
12960,728.858,2.138638,[M+2H]2+
4306,1110.8447,5.719,[M+Na]1+
27206,904.6316,6.329185,[M+H]1+
11435,310.1767,4.986,[M+Na]1+
42785,564.0542,0.768489,[M+2H]2+
15281,808.4645,4.958,[M+H]1+
3427,509.341,4.975733,[M+H]1+
20803,376.3111,6.071691,[M-H2O+H]1+
14370,520.0287,4.934,[M+H]1+
17156,764.3669,2.178613,[M+2H]2+
4764,520.3038,4.951,[M+H]1+
48169,303.1697,1.190712,[M+H]1+
40325,613.4781,6.796,[M+H]1+
1170,1092.8341,5.554,[M+H]1+
7094,578.4155,5.423105,[M+H]1+
15882,553.3256,5.139,[M+H]1+
21268,1273.5969,2.822651,[M+2H]2+
2799,809.5834,5.476,[M+Na]1+
19196,537.0972,0.742526,[M+2H]2+
11717,551.3101,5.013,[M+H]1+
16412,522.3328,4.855,[M+H]1+
47856,581.3815,4.558066,[M-2H2O+H]1+
102,1041.673,4.951,[2M+H]1+
10803,201.0752,0.924,[M+H]1+
17451,549.2955,4.935,[M+2H]2+
690,360.3096,5.111222,[M+H]1+
21745,526.3651,5.047,[M+H]1+
1885,518.3476,4.864,[M+H]1+
1921,1046.7083,5.047,[2M+H]1+
9,1039.6669,4.951,[2M+H]1+
10775,766.541,5.577143,[M+H]1+
16,1040.67,4.951,[2M+H]1+
7550,522.3436,5.220229,[M+H]1+
43512,537.5987,0.742526,[M+2H]2+
142,1044.7024,5.047,[2M+H]1+
10248,819.5104,7.553,[M+ACN+H]1+
48006,642.2448,5.233,[M+H]1+
58,1043.699,5.047,[2M+H]1+
1115,1038.6558,4.917,[M+H]1+
288,802.5323,7.544,[M+2H]2+
10398,1124.4944,7.601272,[M+H]1+
14271,570.3508,5.095,[M+Na]1+
17219,832.5659,5.576953,[M+ACN+Na]1+
2622,1043.6788,4.951,[2M+H]1+
24856,409.3448,5.328,[M+H]1+
534,1042.676,4.951,[2M+H]1+
8578,1047.7114,5.047,[2M+H]1+
2461,496.2652,5.258,[M+H]1+
22726,311.1753,4.924773,[M+H]1+
637,803.536,7.544,[M+2H]2+
18947,744.4626,7.544,[M+H]1+
23372,698.3805,4.808,[M+H]1+
18749,423.3605,5.420923,[M-H2O+H]1+
19562,171.1375,2.684702,[M+H]1+
41575,217.1945,4.708045,[M+H]1+
1605,736.4882,5.485,[M+Na]1+
8454,405.1017,7.637,[M-H2O+H]1+
31430,664.1142,0.538343,[M+H]1+
9450,1126.4955,7.576066,[M+H]1+
6502,230.2109,2.684702,[M+H]1+
28286,442.3404,4.712,[M+H]1+
16133,258.109,4.944,[M+H]1+
5843,798.5615,7.558,[M+H]1+
735,1037.652,4.916,[M+H]1+
22085,776.5615,6.06,[M+Na]1+
1416,1098.8733,5.587899,[M+H]1+
7731,1059.6338,4.917472,[M+H]1+
3659,1099.8837,5.566907,[M+NH3+H]1+
7884,311.2571,5.258,[M+H]1+
40610,496.3329,5.615,[M+H]1+
3927,595.4701,5.468,[M+Na]1+
5114,713.348,5.625615,[M+K]1+
18987,171.1374,4.370788,[M+H]1+
4907,736.445,5.282,[M+H]1+
31770,766.5259,5.818994,[M+H]1+
52762,277.6306,4.252,[M+H]1+
3787,496.3329,5.544,[M-H2O+H]1+
9497,750.5846,6.211649,[M+H]1+
5960,299.182,4.360268,[M-NH3+H]1+
10841,794.6108,6.182817,[M+NH3+H]1+
400,558.2945,5.196239,[M+Na]1+
8471,536.3689,5.131673,[M+H]1+
45725,749.5145,6.874619,[M+H]1+
16156,794.5722,5.821006,[M+H]1+
2103,1070.5753,7.568,[M+H]1+
19442,423.1121,7.640084,[M+H]1+
180,780.5508,7.552,[M+ACN+H]1+
3789,1072.8613,5.587899,[M+NH3+H]1+
15356,448.2443,4.702,[M+H]1+
389,781.5541,7.559,[M+ACN+H]1+
18479,529.2899,5.046,[M+H]1+
3354,737.4916,5.485,[M+Na]1+
40461,766.541,5.636877,[M+H]1+
15772,515.327,5.635,[M+H]1+
6024,426.3351,5.671765,[M+H]1+
52496,380.1904,2.995436,[M+H]1+
7344,901.528,4.831,[M+H]1+
18924,205.0702,7.650095,[M+H]1+
485,1017.6835,5.021,[M+H]1+
25555,575.489,5.592436,[M+H]1+
9599,613.157,0.538343,[M+H]1+
18203,795.9523,4.871,[M+H]1+
10089,518.3737,5.732,[M+H]1+
15924,328.3199,5.554,[M+H]1+
9988,541.3074,5.12,[M+H]1+
17583,627.3324,5.141,[M+H]1+
14584,318.6912,3.961616,[M+2H]2+
5698,576.3298,5.452,[M+H]1+
41725,782.471,5.961178,[M+H]1+
39344,202.0858,1.201235,[M+H]1+
30129,376.1923,7.594129,[M+ACN+H]1+
4937,531.2725,5.459,[M+H]1+
10226,438.3181,4.633043,[M+H]1+
3508,522.325,5.275,[M+NH3+H]1+
7814,604.382,5.295357,[M+H]1+
15196,512.3328,4.713,[M+H]1+
45785,297.18,1.433613,[M+H]1+
1922,355.0679,5.515,[M+H]1+
20731,353.2672,5.272644,[M+H]1+
1464,302.305,4.537729,[M+H]1+
9300,755.5385,5.57,[M-3H2O+H]1+
23678,346.331,4.567662,[M+H]1+
9441,593.3328,3.961616,[M+H]1+
40718,395.1666,4.062,[M+H]1+
32452,505.2229,4.713,[M+H]1+
19211,333.1505,7.594129,[M+H]1+
8179,632.4164,5.298516,[M+H]1+
10511,636.3748,3.961616,[M+H]1+
14076,438.2961,5.084,[M+H]1+
11658,417.2537,5.720769,[M+H]1+
13708,517.2543,7.618164,[M+H+Na]2+
319,523.322,5.564458,[M+Na]1+
3142,540.3041,5.12,[M+H]1+
15078,544.7774,4.873,[M+2H]2+
22252,666.476,6.054676,[M+Na]1+
40624,440.1386,7.640084,[M+NH3+H]1+
10132,593.5962,5.569,[M+NH3+H]1+
25848,726.4988,5.709931,[M+H]1+
1309,262.0969,1.514886,[M+H]1+
6134,321.1795,2.678,[M+H]1+
7931,769.5544,5.474226,[M+NH3+H]1+
17981,520.3378,7.56,[M+H]1+
3063,473.3159,5.727,[M+H]1+
25547,275.1118,3.107346,[M+H]1+
36690,1186.3481,7.650095,[M+H]1+
47303,589.338,3.989731,[M+H]1+
21818,180.0651,1.364248,[M+H]1+
40176,548.5019,6.438368,[M-H2O+H]1+
36568,310.3102,5.494,[M+H]1+
24249,520.338,4.713,[M-H2O+H]1+
8304,780.5833,6.330239,[M+Na]1+
10766,611.2479,7.619,[M+H]1+
13867,425.3148,4.763282,[M+H]1+
1975,270.2783,5.496145,[M+H]1+
40785,537.311,5.896845,[M+H]1+
7905,452.2392,5.143,[M-H2O+H]1+
45653,299.1129,2.055814,[M-H2O+H]1+
1451,730.5354,5.468,[M-3H2O+H]1+
13202,1091.821,5.482,[M+Na]1+
27676,188.0357,3.04,[M+H]1+
21640,940.1926,5.571937,[M+H]1+
33838,472.2419,4.792,[M+Na]1+
4580,324.2886,5.272875,[M-H2O+H]1+
2666,1002.6553,5.038,[M+H]1+
5798,433.2494,5.577,[M+H]1+
35996,1054.6454,5.67029,[M+H]1+
19786,711.4076,5.375,[M+H]1+
51726,346.7225,4.011574,[M+H]1+
33923,989.2589,7.640084,[M-H2O+H]1+
379,353.2675,5.475,[M+Na]1+
32063,1254.8378,6.198124,[M+H]1+
17809,348.0693,1.409204,[M+H]1+
33202,289.0886,0.564518,[M+H]1+
6014,451.3303,4.663017,[M+H]1+
19294,410.1692,2.439,[M-H2O+H]1+
9020,676.4601,5.736,[M+H]1+
6140,698.4966,5.918968,[M+H]1+
670,254.1604,0.659,[M+H]1+
1584,597.4857,7.561,[M+Na]1+
24538,309.2415,4.792,[M+H]1+
5179,410.3013,5.029,[M+H]1+
10587,277.0464,3.03,[M+Na]1+
16798,439.0998,1.409204,[M+H]1+
24677,196.0332,3.702,[M+H]1+
38385,457.2205,5.074,[M+H]1+
11266,377.1866,5.583152,[M+H]1+
7928,492.2314,5.132,[M+Na]1+
4086,517.3647,5.48756,[M+H]1+
13176,629.3483,5.282,[M+H]1+
22880,306.128,7.61,[M+H]1+
37229,521.3754,5.692551,[M+NH3+H]1+
36791,388.7296,7.61518,[M+H]1+
45561,767.4543,4.644901,[M+H]1+
15861,729.5231,5.577826,[M-H2O+H]1+
3641,450.2599,4.792,[M+H]1+
49785,255.1898,3.920976,[M+H]1+
3882,598.4891,7.567,[M+Na]1+
28552,208.0964,1.418482,[M+H]1+
30991,307.1561,5.482,[M+H]1+
11317,791.5369,7.544,[M+2Na-H]1+
3229,437.3146,4.633043,[M+H]1+
49682,510.3176,4.683,[M+H]1+
2911,285.2415,5.143,[M+H]1+
3264,471.257,5.141,[M+H]1+
18532,361.1914,5.727,[M+H]1+
9339,709.4977,6.025827,[M+Na]1+
8008,497.2686,5.258,[M+H]1+
14910,388.992,7.601272,[M+H]1+
25893,317.1235,2.065804,[M+H]1+
29791,960.5207,4.480158,[M+H]1+
31268,623.4625,6.296716,[M+H]1+
872,470.2494,5.135,[M+H]1+
49883,469.3407,4.663017,[M+H]1+
9325,541.3714,5.603,[M+H]1+
19790,264.1257,0.6543,[M+H]1+
48962,617.4029,4.639093,[M+H]1+
13276,271.0594,2.683291,[M+H]1+
16625,951.5983,7.367554,[M+H]1+
787,995.5542,7.56,[M+NH3+H]1+
47793,391.1223,7.650095,[M+H]1+
5426,743.5393,7.568,[M+K]1+
49578,363.0914,7.647,[M+H]1+
4576,483.3258,4.925,[M+3Na-2H]1+
4812,1426.8126,4.855,[M+H]1+
18215,707.5622,6.240481,[M+NH3+H]1+
6552,693.5326,5.21666,[M-NH3+H]1+
16408,608.3519,3.989731,[M+H]1+
8773,481.3771,4.819,[M+H]1+
12459,204.1237,1.53,[M+H]1+
16560,268.2628,4.683,[M+H]1+
26000,602.1909,7.650095,[M+NH3+H]1+
20925,617.9305,5.765,[M+H+Na]2+
18289,268.1434,3.459697,[M+Na]1+
1731,788.5404,5.478,[M+2Na-H]1+
24878,442.3745,4.5536,[M+H]1+
34938,456.3557,4.732513,[M+NH3+H]1+
5990,607.3484,3.989731,[M+H]1+
9014,325.699,3.989731,[M+2H]2+
443,511.3511,4.683,[M+H]1+
6430,495.3928,4.838,[M+H]1+
10430,326.6413,7.619,[M+2H]2+
12078,666.6042,5.680306,[M+H]1+
18329,732.5428,5.383,[M+H]1+
13301,485.27,5.351,[M+H]1+
3231,509.3412,5.085,[M+H]1+
6860,650.3905,3.989731,[M+H]1+
4559,809.5837,7.544,[M+H]1+
4327,285.2415,4.829,[M+H]1+
1044,508.3377,5.085,[M+H]1+
15996,517.2405,4.733145,[M+H]1+
20859,626.2123,7.619,[M+H]1+
2308,368.3146,5.393,[M+H]1+
2149,411.309,5.167,[M-3H2O+H]1+
39010,313.0695,3.776,[M+H]1+
12150,398.2309,5.411,[M+H]1+
17024,297.1802,1.523073,[M+H]1+
44179,211.0861,1.773723,[M+H]1+
16057,712.5176,6.240481,[M+Na]1+
18598,210.1272,5.141,[M+H]1+
976,426.2599,4.829,[M+H]1+
22650,449.3819,5.595,[M-NH3+H]1+
7862,1099.8754,5.711934,[M+ACN+H]1+
14927,245.0801,3.414,[M+H]1+
3420,272.0621,3.703,[M+H]1+
6796,637.478,6.476,[M+H]1+
10445,335.6274,7.584132,[M+2H]2+
15828,331.1643,1.820778,[M+H]1+
18482,283.1617,1.039514,[M+H]1+
8897,768.5514,7.536,[M+Na]1+
3363,342.2991,5.376,[M+H]1+
21549,668.4901,6.328621,[M+2H]2+
4864,265.0965,2.004365,[M+H]1+
617,271.0588,3.703,[M+H]1+
7403,427.3038,5.149,[M+H]1+
32584,269.149,0.798341,[M+H]1+
8418,704.543,6.025827,[M+NH3+H]1+
14948,519.2383,4.733145,[M+H]1+
52451,651.5146,6.173956,[M+H]1+
6556,455.3526,4.722256,[M+NH3+H]1+
35575,675.5142,5.988685,[M+H]1+
12095,965.577,6.823456,[M+H]1+
15791,392.3729,5.495013,[M+H]1+
14138,448.2418,4.82,[M+Na]1+
3883,311.2571,4.89,[M+H]1+
15230,289.6326,7.618164,[M+2H]2+
20720,662.533,6.282488,[M+H]1+
31067,273.075,3.652,[M+H]1+
1753,608.3254,5.267,[M+NH3+H]1+
30760,311.2935,5.708837,[M+H]1+
900,452.2755,4.89,[M+H]1+
37551,327.0853,4.658908,[M+H]1+
1202,454.3493,4.722256,[M+NH3+H]1+
3317,453.2788,4.89,[M+H]1+
8217,265.2517,5.167,[M+H]1+
809,381.2985,5.564458,[M+Na]1+
385,453.3459,4.722256,[M+NH3+H]1+
30914,233.1892,5.132,[M+H]1+
32418,621.4464,6.094469,[M+H]1+
12810,637.4778,6.407,[M+H]1+
290,255.0644,3.042732,[M+H]1+
3305,567.3777,5.663616,[M+Na]1+
10555,514.2886,4.802,[M+Na]1+
7560,257.0915,1.78371,[M+H]1+
9918,665.4727,6.054676,[M+Na]1+
40061,304.211,1.577,[M+H]1+
1291,313.2727,5.466,[M-H2O+H]1+
502,494.3224,4.978,[M+H]1+
6887,512.3329,4.61306,[M+H]1+
22560,269.1489,0.541231,[M+2ACN+H]1+
52689,275.1119,2.995436,[M+H]1+
1054,492.3067,4.794,[M+H]1+
4152,577.4119,5.124,[M+NH3+H]1+
29434,511.7516,4.567514,[M+H]1+
3465,667.4871,6.308597,[M+2H]2+
7708,935.4934,4.652758,[M+Na]1+
6292,423.361,4.651649,[M-H2O+H]1+
1880,943.5225,4.560932,[M+H]1+
5360,1432.8599,4.933,[M+H]1+
13764,797.4655,4.660952,[M+H]1+
22834,1078.7772,5.599,[M+H]1+
10521,406.276,5.703,[M+H]1+
5908,423.3607,4.563068,[M-H2O+H]1+
8476,945.5288,4.560932,[M+H]1+
4263,462.2599,4.781744,[M+H]1+
1861,620.4344,5.115,[M+NH3+H]1+
6623,943.5746,4.83,[M+H]1+
6588,495.3255,4.961,[M+H]1+
14788,417.2383,5.418,[M+H]1+
1255,935.6058,4.838,[M+H]1+
32799,850.5598,6.298709,[M-H2O+H]1+
23326,324.1644,0.924,[M+H]1+
2320,376.2222,2.187426,[M+H]1+
25181,497.3355,4.683,[M+H]1+
5164,642.3809,1.366442,[M+H]1+
13171,291.1696,2.371,[M+H]1+
3846,419.2209,0.802,[M+2H]2+
50807,318.1904,1.083,[M+H]1+
9639,1478.1033,5.984283,[2M+Na]1+
7926,768.5564,5.639,[M+Na]1+
7041,651.2974,2.486452,[M+2H]2+
6765,1097.8679,5.469,[M+Na]1+
21250,1456.1224,5.991633,[2M+H]1+
3541,752.517,5.476,[M-NH3+H2O+H]1+
275,804.5477,5.476,[M+2Na-H]1+
3734,752.5168,5.38,[M+H]1+
3154,1096.8561,5.477,[M+Na]1+
5457,820.5432,5.715323,[M+H]1+
28018,259.0781,0.55,[M+H]1+
32300,752.6005,6.544709,[M+H]1+
26495,519.3255,4.600949,[M+H]1+
128,804.5478,5.394,[M+2Na-H]1+
4579,1069.8379,5.475,[M+H]1+
35420,518.3223,4.600128,[M+H]1+
3529,545.3389,5.047,[M+Na]1+
719,1095.8524,5.562352,[M+H]1+
642,1094.8492,5.579699,[M+ACN+H]1+
17751,441.371,5.613643,[M+H]1+
19737,280.654,5.048,[M+H]1+
807,544.3352,5.381,[M+H]1+
13168,540.3033,5.398,[M+H]1+
8679,746.4784,5.394,[M+NH3+H]1+
8074,537.2957,4.864,[M+H]1+
1263,1092.8342,5.576643,[M+ACN+H]1+
12744,527.3781,5.176,[M+H]1+
557,798.5608,5.631,[M+H]1+
5601,1091.8219,5.576643,[M-3H2O+H]1+
13899,530.3196,4.97,[M+Na]1+
1622,1093.8373,5.554,[M-NH3+H2O+H]1+
21445,764.8685,2.178613,[M+2H]2+
2004,1092.8341,5.482,[M+Na]1+
24756,484.4131,5.865899,[M+H]1+
3892,525.2691,2.081217,[M+2H]2+
2707,545.3386,5.381,[M+H]1+
14075,1067.6285,4.942,[M+2H]2+
9007,1300.6382,2.679453,[M+3H]3+
7372,552.4001,5.384,[M+H]1+
4142,1090.8186,5.576643,[M-3H2O+H]1+
25936,1064.6694,5.063,[M+H]1+
6001,1305.9274,5.179,[M+H]1+
482,1045.7054,5.047,[2M+H]1+
2006,1042.6871,5.046,[M+H]1+
23365,553.8273,5.149,[M+H]1+
12855,532.3353,5.087,[M+Na]1+
43065,576.299,3.804,[M+H]1+
8736,583.3074,1.168,[M+H]1+
4065,354.3354,5.485,[M-H2O+H]1+
26761,644.2966,4.81698,[2M+NH3+H]1+
20176,1073.1871,0.748477,[M+H]1+
37632,470.2862,4.593077,[M+H]1+
520,541.2936,1.023581,[M+2H]2+
34782,238.1068,2.025108,[M+H]1+
2261,525.3668,4.83,[M+H]1+
11786,520.645,4.942,[M+H]1+
10109,502.3278,7.585159,[M+ACN+H]1+
6171,755.5021,5.416,[M+H]1+
814,1018.687,5.021,[M+H]1+
38706,837.5661,6.828967,[M+H]1+
1740,815.559,5.255,[M+H]1+
8906,1072.8665,5.476091,[M+H]1+
14381,743.4595,5.482,[M+ACN+H]1+
5860,457.2857,5.605,[M+H]1+
7387,1100.887,5.598135,[M+NH3+H]1+
2217,1094.8501,5.721,[M+ACN+H]1+
33183,335.1659,7.594129,[M+H]1+
9184,348.0692,0.535457,[M+3Na-2H]1+
30490,709.5414,5.606763,[M+H]1+
13463,704.4833,5.297015,[M+H]1+
49710,336.69,3.989731,[M+H]1+
3992,1094.5754,7.56,[M+H]1+
14537,540.5342,5.451,[M+H]1+
13832,225.1955,4.364504,[M+H]1+
4527,1092.5586,7.56,[M+H]1+
6714,1073.8696,5.578908,[M+NH3+H]1+
12123,532.2758,5.459,[M+H]1+
5225,479.331,5.013,[M-H2O+H]1+
13450,768.55,5.578,[M+H]1+
21499,522.0416,5.047,[M+H]1+
865,740.5199,7.536,[M-NH3+H2O+H]1+
4661,554.1743,5.515,[M+H]1+
32169,600.3958,4.558796,[M-H2O+H]1+
17401,318.1266,2.248593,[M+H]1+
7534,280.1534,3.575091,[M+H]1+
50859,434.1943,2.357,[M+H]1+
12302,1063.5957,4.855,[M+H]1+
13897,767.5391,7.544,[M+Na]1+
1832,741.5236,7.544,[M-NH3+H2O+H]1+
8767,409.2072,5.554106,[M+H]1+
18835,796.4543,4.88,[M+H]1+
1287,482.3222,4.916,[M+3Na-2H]1+
36243,255.1898,3.989731,[M+H]1+
44724,317.0625,1.428,[M+H]1+
25392,479.3926,5.50148,[M+H]1+
27075,449.1961,7.618164,[M+H]1+
20564,518.247,5.258,[M+Na]1+
910,738.5043,7.544,[M+H]1+
5909,1051.4741,7.576026,[M+H]1+
19651,787.1646,1.408897,[M+H]1+
41551,663.5364,6.282488,[M+H]1+
2492,1017.5359,7.551,[M+H]1+
11202,427.3301,4.977486,[M+H]1+
13710,356.3516,5.442,[M+H]1+
26730,494.2836,4.730265,[M+2Na-H]1+
13657,538.3484,4.89,[M+H]1+
2060,506.3222,4.872,[M+H]1+
1358,904.6898,5.598951,[M+H]1+
2382,393.2388,7.56,[M+K]1+
5584,1092.834,5.718655,[M+H]1+
2236,761.4902,7.544,[M+Na]1+
3738,772.509,5.255,[M+H]1+
22391,533.1901,1.165003,[M+H]1+
27589,309.1299,4.38125,[M+H]1+
20942,189.0753,0.963176,[M+H]1+
10652,299.3048,4.814,[M+H]1+
4548,282.2783,4.764,[M-H2O+H]1+
33730,1212.8722,5.761,[M+H]1+
2126,808.58,7.543,[M+H]1+
261,313.2728,7.568,[M+H]1+
7717,467.3617,4.772513,[M+H]1+
45961,968.5131,4.561331,[M+Na]1+
9597,556.2741,1.623671,[M+H]1+
157,439.3302,4.712,[M+H]1+
19969,371.0996,5.394,[M+H]1+
5770,728.5196,5.475127,[M+H]1+
17672,281.1421,7.586213,[M+H]1+
19999,267.0987,1.165003,[M+H]1+
33649,269.1193,7.618164,[M+2H]2+
15774,729.5225,5.485,[M+H]1+
8860,706.5588,6.240481,[M+NH3+H]1+
463,499.2844,7.56,[M+H]1+
84,498.2809,7.56,[M+H]1+
5199,289.1309,7.618164,[M+2H]2+
1502,326.2679,7.568,[M+ACN+H]1+
8921,268.6177,7.618164,[M+2H]2+
1167,480.2705,7.56,[M-H2O+H]1+
844,732.551,5.469,[M-3H2O+H]1+
8566,297.1171,7.601108,[M+2H]2+
10240,505.3018,5.230455,[M+Na]1+
12402,334.6273,7.593206,[M+2H]2+
29820,1082.8506,5.72,[M+H]1+
29520,910.5673,5.547,[M+NH3+H]1+
1181,482.3224,5.038,[M+K]1+
48408,496.7461,4.649,[M+H]1+
14853,797.4651,4.563068,[M+H]1+
12356,263.0804,3.134,[M-H2O+H]1+
11901,755.5394,7.552023,[M+ACN+H]1+
1146,400.3194,5.417,[M-NH3+H]1+
13998,540.3269,5.103,[M+3Na-2H]1+
780,952.5468,4.855,[M+H]1+
7988,223.0629,5.388564,[M+H]1+
8905,743.5393,5.474,[M+H]1+
6484,499.2842,5.472863,[M+H]1+
7891,297.0749,4.535289,[M+H]1+
2119,787.6011,7.53401,[M+ACN+H]1+
3029,742.536,5.467491,[M+H]1+
9901,441.3711,4.560932,[M+H]1+
9895,338.2679,5.284,[M+H]1+
3632,965.5037,4.566592,[M+Na]1+
6103,639.4937,6.867,[M+H]1+
1503,285.0747,3.124833,[M+H]1+
1656,337.2725,5.418,[M+H]1+
1789,337.2725,5.301605,[M+H]1+
38052,343.2229,5.085185,[M+H]1+
10271,413.2884,5.176,[M+H]1+
9510,319.1391,3.106394,[M+ACN+H]1+
37352,868.61,6.090829,[M+H]1+
9236,820.5215,5.388,[M+Na]1+
3833,534.3171,4.262,[M+H]1+
31235,720.5357,5.985662,[M+Na]1+
1192,790.556,5.57,[M-H2O+H]1+
12175,535.3205,4.262,[M+H]1+
375,779.5382,5.478,[M-H2O+H]1+
35061,680.5433,5.985662,[M-H2O+H]1+
1194,1094.8501,5.496963,[M+Na]1+
14016,534.3169,4.680987,[M-H2O+H]1+
30711,546.4861,5.598816,[M+H]1+
6038,373.1494,3.210381,[M+H]1+
9156,342.1802,2.676816,[M+3Na-2H]1+
42118,566.3069,3.00081,[M+H]1+
8477,807.9624,4.951,[M+H]1+
27194,449.3374,5.650914,[M+Na]1+
2756,1093.8379,5.493928,[M+Na]1+
12253,1068.1294,4.96173,[M+2H]2+
18657,539.8122,4.952,[M+H]1+
34825,796.6264,6.495993,[M+H]1+
29424,409.7531,7.623273,[M+H]1+
30883,364.0642,0.547651,[M+H]1+
1326,414.2915,5.301,[M+H]1+
3462,425.2881,5.088,[M-2H2O+H]1+
25975,615.4939,7.495,[M+H]1+
11593,1303.9115,5.185,[M+H]1+
2033,427.3188,5.487065,[M+H]1+
11,1035.6357,4.864,[2M+H]1+
21,1036.6389,4.864,[2M+H]1+
125,1037.642,4.864,[2M+H]1+
1212,808.5797,5.37798,[M+Na]1+
7843,1305.9216,5.064263,[M+H]1+
5884,467.3154,5.394,[M+Na]1+
44680,508.0012,0.570634,[M+H]1+
41580,734.552,6.093046,[M+H]1+
5356,750.4673,5.211,[M+H]1+
634,1038.6451,4.872,[2M+H]1+
25558,780.5912,7.228695,[M+H]1+
9263,733.5197,6.232245,[M+H]1+
13405,805.6041,5.434,[M+NH3+H]1+
3548,1303.9124,5.047,[M+H]1+
7320,406.2157,1.807,[M+H]1+
12107,754.4994,5.4702,[M+K]1+
10808,1022.657,5.709352,[M+H]1+
16376,582.5911,5.650679,[M+H]1+
2099,285.2978,5.610195,[M+H]1+
29917,417.7392,7.594129,[M+H]1+
30583,926.1766,5.551656,[M+H]1+
27095,566.5682,5.571342,[M+H]1+
24811,1080.8351,5.573336,[M+H]1+
2952,1095.8534,5.721,[M+ACN+H]1+
45778,641.5095,7.505,[M+H]1+
21039,474.3117,5.546629,[M+H]1+
3024,731.5387,5.468,[M-3H2O+H]1+
14223,209.1893,5.204761,[M+H]1+
15039,990.7253,5.618,[M+H]1+
6299,248.0575,5.515,[M+H]1+
31529,946.5319,4.5536,[M+H]1+
1754,830.5505,5.270446,[M+H]1+
1820,371.1006,5.632,[M+H]1+
4780,290.2686,3.976001,[M+H]1+
2974,467.3614,4.882,[M+H]1+
5110,1061.4996,7.552,[M+2Na-H]1+
2529,1039.5179,7.552,[M+Na]1+
32199,610.4869,5.698756,[M+H]1+
6921,428.3223,5.487065,[M+ACN+H]1+
44790,629.473,6.242503,[M+H]1+
1606,546.3979,5.564458,[M+H]1+
4800,765.5206,7.544,[M+H]1+
7538,1093.8376,5.708812,[M-NH3+H2O+H]1+
22492,507.4361,5.98173,[M+H]1+
38809,496.265,5.301,[M+H]1+
1611,599.501,5.474071,[M+H]1+
23153,614.4443,5.579,[M+2H]2+
4905,547.2856,1.833751,[M+H]1+
2098,366.299,5.292,[M+H]1+
800,764.3535,0.873715,[M+2H]2+
3879,803.4267,2.54504,[M+NH3+H]1+
3974,483.3259,5.038,[M+K]1+
38813,405.3504,4.651649,[M-2H2O+H]1+
3075,396.223,1.951803,[M+H]1+
18294,1122.8035,5.589,[M+H]1+
7586,629.2211,7.593206,[M+H]1+
28837,405.3562,5.605,[M+H]1+
20415,259.1436,0.722852,[M-NH3+H]1+
402,951.5434,4.855,[M+H]1+
5315,419.2386,5.159,[M+Na]1+
11711,566.3431,5.149,[M+3Na-2H]1+
7409,405.3177,5.522103,[M+H]1+
39985,304.211,1.68,[M+H]1+
2526,957.5811,4.933,[2M+H]1+
2839,470.3128,4.839,[M+H]1+
427,522.2802,5.418,[M+H]1+
491,469.3102,4.838,[M+H]1+
1566,523.2839,5.412,[M+H]1+
5211,504.2698,5.418,[M-H2O+H]1+
7847,524.2864,5.412,[M+H]1+
6597,284.1387,3.130359,[M+H]1+
640,816.5714,5.57,[M+H]1+
10506,1479.1062,5.987377,[2M+Na]1+
15783,682.5229,5.739,[M-H2O+H]1+
21379,726.5484,5.631,[M+H]1+
7338,753.5204,5.476,[M-NH3+H2O+H]1+
19800,517.3102,4.312,[M+H]1+
8427,485.2619,5.381,[M+H]1+
39017,713.4932,6.591419,[M+H]1+
7023,752.4832,5.47734,[M+H]1+
41783,558.3145,4.540923,[M+Na]1+
11893,712.4133,5.082974,[M+Na]1+
8481,593.4539,5.395,[M+H]1+
14053,464.0798,0.556645,[M+H]1+
17118,427.3554,5.518652,[M+H]1+
12398,1304.9166,5.185,[M+H]1+
265,282.2781,5.466,[M+NH3+H]1+
8904,743.4595,7.545422,[M+H]1+
31354,836.6207,5.966138,[M+H]1+
2515,852.5327,5.139,[M+Na]1+
24960,797.5355,6.085707,[M+H]1+
52825,203.179,4.643435,[M+H]1+
4385,364.2833,5.192634,[M+H]1+
11840,1068.6298,4.951,[M+2H]2+
3467,835.5854,5.293564,[M+H]1+
2339,1019.6901,5.021,[M+H]1+
41740,258.0934,1.165003,[M+H]1+
11060,762.5013,5.48,[M+2Na-H]1+
4878,1304.9169,5.047,[M+H]1+
2137,872.5352,7.544,[M+CH3OH+Na]1+
23,782.5659,5.466,[M+Na]1+
16930,422.1698,4.784023,[M+H]1+
186,804.548,7.543,[M+2H]2+
3837,600.5049,7.574321,[M+Na]1+
1408,1001.6524,5.047,[M+H]1+
4622,518.2885,4.864,[M+3H]3+
167,783.5692,5.56527,[M+ACN+H]1+
9079,1049.4738,7.576026,[M+H]1+
17950,938.5623,5.574138,[M+NH3+H]1+
18187,551.8116,4.987,[M+H]1+
9251,619.3693,5.082,[M+H]1+
91,785.5847,5.576172,[M+H]1+
16431,1066.6271,4.951,[M+H]1+
7495,184.0727,7.557006,[M+H]1+
6720,158.1534,5.475932,[M+H]1+
50652,233.1278,4.714751,[M+H]1+
2376,764.5173,7.544,[M+H]1+
23022,490.2228,7.618413,[M+ACN+H]1+
12901,441.354,5.365,[M+H]1+
6341,175.1185,0.558169,[M+H]1+
36002,569.2488,5.39,[M+H]1+
16317,683.9696,5.741,[M+2H]2+
32143,792.5491,7.544,[M+H]1+
1074,760.4866,7.536,[M+Na]1+
3709,764.5194,5.816971,[M+H]1+
19054,689.3475,2.805145,[M+H]1+
1916,448.3618,5.477,[M+NH3+H]1+
26683,493.4083,5.586,[M+H]1+
22413,498.3196,4.733,[M+H]1+
31061,494.564,5.533347,[M+H]1+
4424,433.2309,7.551,[M+H]1+
7767,577.2748,7.552,[M-H2O+H]1+
10830,291.1698,2.226,[M+H]1+
16540,317.1947,4.012181,[M+H]1+
287,520.2628,7.543,[M+H]1+
4972,770.4933,5.149753,[M-H2O+H]1+
6337,1021.5698,7.56,[M+ACN+H]1+
32283,551.1923,7.618413,[M+H]1+
26669,483.3193,5.230455,[M+H]1+
12672,283.961,7.601108,[M+CH3OH+H]1+
1671,1078.8154,5.838036,[M+H]1+
36453,911.6251,5.17064,[M+Na]1+
1085,613.3168,5.112751,[M+Na]1+
25579,321.2414,4.781744,[M+H]1+
35161,298.0782,4.532,[M+H]1+
24998,394.305,4.778,[M+Na]1+
4849,463.2647,5.157,[M+Na]1+
5420,762.5879,5.468,[M+H]1+
18971,1140.8152,5.563963,[M+H]1+
3534,761.5859,7.53401,[M+H]1+
1523,309.0859,3.133443,[M+H]1+
83,468.3067,4.839,[M+H]1+
50543,773.5143,6.280523,[M+H]1+
2748,415.2328,2.04958,[M+H]1+
5694,1111.8484,5.719,[M+Na]1+
3581,716.4832,5.425,[M+H]1+
18804,516.3066,4.241305,[M+H]1+
1102,803.5356,5.476008,[M+ACN+Na]1+
8421,487.2776,5.176,[M+H]1+
699,807.5671,5.405,[M+Na]1+
16936,463.2541,1.324541,[M+H]1+
1538,1071.8533,5.582,[M+NH3+H]1+
16858,632.3898,5.188,[M+H]1+
7819,810.5858,5.3859,[M+Na]1+
1527,808.5804,5.468,[M+Na]1+
7349,790.5328,5.398,[M+H]1+
8035,1306.9315,5.176,[M+H]1+
12969,1060.6377,4.914167,[M+H]1+
12982,770.4938,5.47734,[M+H]1+
12585,500.3124,7.594129,[M+H]1+
471,512.3328,4.838,[M+H]1+
17078,910.6209,6.298709,[M+H]1+
7362,184.0727,5.578,[M+H]1+
19469,832.6207,5.575466,[M+H]1+
2127,730.5353,5.577826,[M-3H2O+H]1+
4296,873.5386,7.544,[M+CH3OH+Na]1+
414,805.5518,7.543,[M+2H]2+
56,782.5656,5.56527,[M+ACN+H]1+
77,783.5693,5.473,[M+Na]1+
3141,395.3293,5.719,[M+H]1+
7019,834.5726,5.191949,[M+H]1+
33072,228.1013,3.033099,[M+H]1+
227,780.5501,5.56527,[M-2H2O+H]1+
342,806.5636,5.405,[M+Na]1+
4465,1039.5216,5.197248,[2M+H]1+
3700,304.1631,0.706144,[M+2H]2+
28707,680.4833,5.55,[M+H]1+
17616,445.3297,5.442,[M+H]1+
3558,768.5511,5.474226,[M+NH3+H]1+
26512,630.374,5.1,[M+H]1+
18417,788.6064,5.633391,[M+H]1+
15219,1300.884,4.951,[M+H]1+
9340,570.254,0.92705,[M+H]1+
22014,653.4726,6.011771,[M+H]1+
13210,241.0964,3.183403,[M+H]1+
29331,282.278,4.627526,[M+ACN+H]1+
15085,625.1762,5.326,[M+H]1+
5823,313.9715,7.601108,[M+H]1+
40809,713.4195,1.956911,[M+H]1+
48607,270.0825,3.320158,[M+H]1+
33957,508.2648,5.232782,[M+H]1+
36176,781.5867,6.358,[M+Na]1+
15455,784.5823,4.821,[M+H]1+
3498,737.4921,7.561049,[M+Na]1+
13431,268.1322,3.854,[M+H]1+
8029,669.4161,5.105,[M+Na]1+
788,344.3147,5.297562,[M+H]1+
14826,427.3375,5.604,[M+Na]1+
3893,266.1572,0.815,[M+H]1+
11006,1042.8186,5.569,[M-3H2O+H]1+
5655,490.2645,1.677283,[M+H]1+
31391,1061.504,5.195819,[2M+Na]1+
14890,173.0957,5.634,[M-H2O+H]1+
10800,546.7842,4.864,[M+H]1+
10150,539.3116,4.959,[M+H]1+
3091,837.5408,5.405,[M+2ACN+H]1+
2410,833.5696,5.191949,[M+H]1+
9366,1301.3068,2.663091,[M+3H]3+
3246,561.331,5.292,[M+H]1+
45069,577.4183,6.572443,[M+H]1+
23983,734.4014,4.808,[M+H]1+
1280,817.5748,5.57,[M+H]1+
8695,574.3817,5.376,[M+H]1+
6288,820.5429,5.594466,[M+H]1+
1203,1047.7307,5.176,[2M+H]1+
3513,789.5439,5.478,[M+2Na-H]1+
27469,729.3593,2.138638,[M+2H]2+
3702,766.5334,5.494,[M+Na]1+
9313,803.5356,6.934571,[M+H]1+
5604,770.5302,5.451614,[M+H]1+
3645,820.5228,7.544,[M+ACN+H]1+
16749,383.3622,5.567,[M+H]1+
7060,767.5375,5.478,[M+Na]1+
2344,370.175,1.982405,[M+H]1+
6571,330.1523,1.010213,[M-2H2O+H]1+
11796,699.5001,5.918968,[M+H]1+
8142,455.213,7.552,[M+Na]1+
5276,461.2746,1.866381,[M+H]1+
9638,746.4788,7.535,[M-NH3+H]1+
43020,361.1945,4.483171,[M+H]1+
1417,478.3271,5.013,[M-H2O+H]1+
17296,195.1124,1.690834,[M+H]1+
812,740.5198,5.466,[M+Na]1+
27821,427.3551,5.328,[M+H]1+
1409,738.5041,5.466,[M-H2O+H]1+
10758,724.5695,6.155382,[M-H2O+H]1+
18946,551.2337,7.536,[M+2Na-H]1+
1081,806.563,7.555478,[M+H]1+
11630,1020.5573,7.56,[M+ACN+H]1+
8520,773.5121,5.264,[M+H]1+
19508,662.4363,5.072595,[M+H]1+
14631,536.2278,7.610316,[M+H]1+
3362,600.5044,5.469,[M+H]1+
15084,516.3873,5.141,[M+H]1+
23157,283.059,3.936977,[M-H2O+H]1+
5669,552.2003,7.601108,[M+H]1+
7311,595.3548,1.587691,[M+H]1+
10219,298.1171,7.584052,[M+2H]2+
10011,315.9717,7.584052,[M+H]1+
9833,415.2225,5.197248,[M-H2O+H]1+
48621,827.2062,7.66194,[M-H2O+H]1+
52100,785.513,4.82,[M+H]1+
7258,454.13,1.207,[M+H]1+
5821,655.2521,2.707105,[M+H]1+
1149,1020.7733,5.758,[M+H]1+
10323,522.5951,5.711137,[M+H]1+
28428,641.5094,7.356,[M+H]1+
19532,488.2759,4.709853,[M+K]1+
26532,761.5789,5.452,[M+NH3+H]1+
52322,267.0405,1.034884,[M+H]1+
47249,357.1151,2.11621,[M+H]1+
5806,426.2014,1.829,[M+H]1+
43556,872.6055,5.895269,[M-H2O+H]1+
6684,818.5276,5.719,[M+H]1+
1283,777.5225,5.395,[M-H2O+H]1+
3261,1069.8373,5.567847,[M+ACN+H]1+
34128,410.3483,5.650914,[M-H2O+H]1+
5167,483.246,4.951,[M+H]1+
13656,409.3451,5.650914,[M-H2O+H]1+
4438,692.4472,5.184,[M+H]1+
8483,360.1791,3.975756,[M+H]1+
8156,702.4673,5.193,[M+H]1+
10379,728.3565,2.138638,[M+2H]2+
801,807.5667,5.572,[M+Na]1+
366,498.3437,5.004,[M+H]1+
5,496.3376,5.004,[M+H]1+
30,497.341,5.004,[M+H]1+
4821,1003.668,5.039,[M+H]1+
9716,565.5653,5.711,[M+H]1+
12771,1064.099,4.864,[M+H]1+
10024,439.2024,5.534074,[M+H]1+
2691,350.2066,0.919283,[M+H]1+
21261,410.761,7.617451,[M+H]1+
27260,188.0701,2.041256,[M-H2O+H]1+
212,1015.668,4.97,[M+H]1+
7820,728.5195,5.535,[M-H2O+H]1+
41348,210.0755,0.699403,[M+H]1+
6560,743.5023,5.451614,[M+CH3OH+H]1+
8312,342.147,2.961,[M+H]1+
40083,411.3609,5.719674,[M+H]1+
15499,490.3273,5.554605,[M+H]1+
13755,231.1698,0.534218,[M+H]1+
11930,455.3328,5.528166,[M+H]1+
5975,799.5651,7.56,[M+H]1+
12275,1124.8206,5.78,[M+H]1+
2692,742.5359,7.544,[M+K]1+
5127,524.3777,5.286,[M+NH3+H]1+
7102,765.5228,5.816971,[M+H]1+
3929,352.186,1.060174,[M+H]1+
6692,809.5126,5.314166,[M+2ACN+H]1+
4989,806.5638,6.288317,[M+H]1+
2286,243.0873,2.396467,[M+H]1+
13109,356.998,7.576028,[M+ACN+H]1+
16134,747.5335,5.535,[M+H]1+
883,785.5853,5.461,[M+H]1+
3412,597.4852,5.486,[M+H]1+
2073,733.5544,5.469,[M-3H2O+H]1+
6223,348.2518,5.197248,[M+H]1+
3931,542.2469,5.202737,[M+Na]1+
4588,522.2703,5.197248,[M+H]1+
30025,523.2729,5.197248,[M+H]1+
1742,335.2569,5.202737,[M+H]1+
949,521.2679,5.197248,[M+H]1+
10842,1269.6084,2.841506,[M+H]1+
3578,502.2542,5.197248,[M-H2O+H]1+
6581,754.5362,7.552023,[M+ACN+H]1+
2019,506.3223,4.978,[M+H]1+
7099,553.3879,6.116536,[M+Na]1+
2533,953.5491,4.855,[M+H]1+
1071,786.5977,7.53401,[M+H]1+
4089,484.265,5.342,[M+H]1+
22280,536.388,5.174,[M+2H]2+
2482,392.3145,5.379,[M+H]1+
13201,185.0706,2.806546,[M+K]1+
455,955.5749,4.933,[2M+H]1+
16576,552.3277,3.976684,[M+H]1+
29695,427.3555,5.650914,[M+H]1+
26310,731.4658,5.218777,[M+H]1+
4799,546.317,4.92525,[M+H]1+
35370,730.3539,2.102339,[M+2H]2+
5747,459.2463,5.003,[M+H]1+
2934,676.4521,5.29628,[M+H]1+
8654,752.4828,5.578,[M+H]1+
7910,802.5322,7.125282,[M+H]1+
17165,564.4963,5.571,[M+H]1+
36694,562.3635,5.639323,[M+H]1+
3540,1028.6711,4.965533,[M+H]1+
26325,418.7467,7.585084,[M+H]1+
33972,460.2678,5.722,[M+H]1+
1632,599.5018,7.543,[M+Na]1+
10621,846.5202,7.544,[M+K]1+
6054,369.347,5.507,[M+H]1+
25305,688.4891,7.535,[M+H]1+
24352,299.2571,5.225372,[M+H]1+
8434,419.2544,5.039,[M+H]1+
14385,726.5041,5.439,[M+H]1+
45081,362.1547,0.89826,[M+H]1+
4743,556.2944,7.584132,[M-H2O+H]1+
9239,726.5276,6.170895,[M+H]1+
15497,382.2444,0.82299,[M+H]1+
35360,727.6226,5.583152,[M+H]1+
17669,738.503,7.40097,[M+H]1+
28977,567.2745,1.421,[M+H]1+
13829,553.2015,7.601108,[M+H]1+
10891,744.553,7.552,[M+H]1+
942,758.5669,5.468,[M+H]1+
13017,503.2575,5.197248,[M-H2O+H]1+
6312,279.1587,5.242,[M+H]1+
240,520.2645,5.197248,[M+H]1+
6643,336.2602,5.193828,[M+H]1+
19573,286.3097,4.853985,[M+H]1+
32005,161.1069,4.732513,[M+H]1+
43564,516.2683,4.524309,[M+H]1+
8903,551.6299,5.868302,[M+H]1+
33248,720.846,4.722,[M+2H]2+
11478,400.3042,5.155,[M+H]1+
6119,523.2839,5.301605,[M+H]1+
27126,203.1174,2.486455,[M+H]1+
19945,829.5386,5.372,[M+H]1+
30444,534.3174,4.612958,[M+H]1+
4607,754.4988,5.282,[M+H]1+
39209,1068.8345,5.556629,[M+H]1+
16619,499.3378,5.596,[M+H]1+
4459,1127.8429,5.578611,[M+2Na-H]1+
16383,399.3242,5.506218,[M-H2O+H]1+
40069,738.5461,6.082857,[M+H]1+
23226,510.3171,4.781744,[M+H]1+
15344,1307.9368,5.184825,[M+H]1+
18274,288.6401,5.056,[M+H]1+
5987,193.1696,0.893279,[M+H]1+
3054,754.4987,5.413,[M+H]1+
7263,854.5484,5.194791,[M+Na]1+
7163,1301.896,5.064,[M+H]1+
48496,726.4989,5.562,[M+H]1+
9646,776.6002,5.548,[M+ACN+H]1+
6957,790.5329,7.535,[M+2Na-H]1+
195,781.5539,5.476008,[M+ACN+H]1+
27161,808.1438,1.409204,[M+Na]1+
17288,499.3317,5.778,[M+H]1+
8397,264.1125,1.435055,[M+H]1+
35170,211.1687,5.549,[M+H]1+
36463,825.5518,6.803,[M+H]1+
3943,716.5198,7.536,[M-H2O+H]1+
9028,551.4549,5.004,[M+H]1+
21338,1000.6404,5.029,[M+H]1+
14148,1096.7891,5.563963,[M+H]1+
8364,295.1067,3.129447,[M-NH3+H]1+
3764,531.2546,1.658661,[M+Na]1+
20054,625.3291,5.176,[M+H]1+
4135,1043.4761,2.149878,[M+H]1+
19459,908.5482,5.299817,[M+H]1+
36938,344.0765,1.474107,[M+H]1+
12786,816.5723,7.56,[M+2ACN+H]1+
444,288.216,2.654824,[M+H]1+
2944,664.4605,5.105,[M+NH3+H]1+
3681,246.1888,0.936817,[M+H]1+
1051,836.5375,5.39,[M+2ACN+H]1+
27782,912.5977,5.880857,[M+Na]1+
3716,795.5332,5.485362,[M+H]1+
3100,614.3203,5.112751,[M+Na]1+
2651,413.3033,5.525371,[M+H]1+
9787,1126.8403,5.47,[M+2K-Na]1+
6984,677.4555,5.29628,[M+H]1+
12040,514.3871,5.184518,[M+H]1+
8851,1056.8342,5.58137,[M-2H2O+H]1+
17071,714.4676,5.312,[M+H]1+
18425,315.231,5.576,[M+H]1+
4519,754.535,5.57,[M-3H2O+H]1+
29891,1023.4835,3.806441,[M+H]1+
42904,752.412,4.761494,[M+H]1+
41584,954.2087,5.619,[M+H]1+
2154,496.3614,5.004,[M+H]1+
14043,1003.6677,4.996,[M+H]1+
2796,834.5218,5.193,[M+Na]1+
11147,848.5605,5.12137,[M+H]1+
4102,1129.8585,5.57,[M+2Na-H]1+
23277,674.4227,5.169,[M+H]1+
35637,1037.5453,4.791114,[M+H]1+
16573,727.531,6.170895,[M+H]1+
51338,740.5178,7.055739,[M+H]1+
1773,759.5693,5.461,[M+H]1+
2735,313.1364,3.129447,[M+H]1+
14266,261.2202,5.205891,[M+H]1+
13823,543.2501,5.195819,[M+Na]1+
5854,554.2002,7.576026,[M+2H]2+
7992,517.3073,4.891,[M+Na]1+
3758,366.2014,1.4199,[M+H]1+
38201,345.0806,7.674078,[M+H]1+
36682,259.1225,2.555009,[M+H]1+
554,220.1114,5.174,[M+H]1+
17538,310.2367,5.113,[M+H]1+
1322,522.2805,5.300923,[M+H]1+
3338,1110.8447,5.65,[M+H]1+
7064,1300.9724,2.680098,[M+3H]3+
3328,481.2907,5.459,[M+H]1+
11258,750.5012,5.381,[M+H]1+
7825,342.238,1.532,[M+H]1+
21918,803.5363,7.095272,[M+H]1+
2936,846.5455,5.158,[M+H]1+
4829,342.2379,1.472713,[M+H]1+
44904,199.1475,5.115,[M+H]1+
4458,731.5386,5.577826,[M-3H2O+H]1+
2784,1039.6477,4.864,[2M+H]1+
8988,1050.7872,5.554,[M+Na]1+
24897,517.3906,5.5755,[M+H]1+
13781,719.4601,7.549245,[M+H]1+
12474,860.5247,5.113,[M+H]1+
32417,631.4887,6.151609,[M+H]1+
30600,621.4829,7.544,[M+H]1+
413,778.5348,7.552,[M+H]1+
36195,497.2629,4.829,[M+H]1+
487,781.5537,5.56527,[M-2H2O+H]1+
11035,571.4269,5.78,[M+NH3+2H]2+
79,780.5504,5.476008,[M+ACN+H]1+
660,997.6206,4.942,[M+H]1+
5931,410.2651,4.907605,[M+H]1+
33018,981.4985,4.481,[M+Na]1+
7486,263.1002,1.39143,[M+H]1+
1654,846.6481,5.54048,[M+H]1+
8756,537.2807,7.576066,[M-2H2O+H]1+
7779,1257.7838,7.568,[M+H]1+
1597,736.4887,7.561049,[M+Na]1+
15089,790.5198,5.191949,[M+H]1+
17211,965.5773,6.981902,[M+H]1+
49753,230.1167,3.950921,[M+H]1+
64,796.5452,5.478,[M+H]1+
174,797.5487,5.478,[M+H]1+
9990,445.2777,5.132,[M+H]1+
6508,743.459,5.388,[M+2Na-H]1+
7502,1109.8324,5.709635,[M+Na]1+
3817,675.4395,5.193,[M-H2O+H]1+
5631,1082.8501,5.58137,[M+H]1+
3018,772.5457,5.57,[M+3Na-2H]1+
3656,752.4828,5.326,[M-NH3+H]1+
14821,993.5931,5.104,[M+H]1+
37165,551.5115,6.001,[M+H]1+
783,338.3411,5.442,[M-H2O+H]1+
421,806.5634,5.572,[M+Na]1+
26929,720.4632,7.544,[M+H]1+
4976,714.5038,5.474071,[M+H]1+
6056,264.1416,1.171,[M+ACN+Na]1+
9159,386.2471,0.886827,[M+H]1+
30190,573.9047,5.78,[M+H+Na]2+
8634,1117.6073,4.963065,[M+H]1+
19609,301.1185,1.005924,[M+Na]1+
17836,664.4347,5.75,[M+H+Na]2+
39244,297.1438,0.838358,[M+H]1+
1689,760.5825,7.53401,[M+H]1+
4686,183.0913,1.24827,[M+H]1+
26757,229.0787,2.393445,[M+H]1+
36255,479.2022,5.075639,[M+Na]1+
2163,1109.8325,5.478,[M+K]1+
13200,730.4626,5.218777,[M+H]1+
1962,1061.6492,4.959,[2M+Na]1+
5109,691.4349,5.082974,[M+H]1+
5636,1108.8293,5.709635,[M+Na]1+
11917,537.7973,4.871,[M+H]1+
1610,674.4361,5.193,[M-H2O+H]1+
4106,1111.8481,5.631,[M+H]1+
23786,458.3611,5.535452,[M+H]1+
223,756.5505,5.482,[M+NH3+H]1+
28204,732.5443,6.843,[M+NH3+H]1+
382,1016.6713,4.97,[M+H]1+
7248,767.5356,5.388,[M+H]1+
6247,256.263,3.859265,[M-H2O+H]1+
38922,735.5356,7.18599,[M+H]1+
33228,597.4855,4.811,[M+H]1+
19623,800.5771,6.135,[M+H]1+
10633,971.6047,5.004,[M+Na]1+
1529,741.5232,5.466,[M+Na]1+
5275,832.5566,5.130493,[M+H]1+
7183,389.1971,1.000387,[M+H]1+
4987,573.3016,7.576066,[M+H]1+
33173,464.1686,1.665,[M+H]1+
50192,184.0752,4.615944,[M+H]1+
14510,774.492,7.557006,[M-H2O+H]1+
15718,732.5441,7.40097,[M+NH3+H]1+
47645,209.128,1.410795,[M+H]1+
3298,595.47,7.561049,[M+Na]1+
4164,695.3207,2.091,[M+H]1+
51287,267.1693,3.942,[M+H]1+
9357,752.5521,5.984475,[M+Na]1+
623,776.5191,5.395,[M-H2O+H]1+
2393,1068.8341,5.567847,[M+NH3+H]1+
30483,532.3015,4.347923,[M+H]1+
527,802.5323,5.476008,[M+ACN+Na]1+
3238,799.5544,5.478,[M+H]1+
8193,1070.8485,5.481,[M+H]1+
10418,698.4362,5.327,[M+Na]1+
14726,676.4428,5.199898,[M-H2O+H]1+
11686,780.5502,7.13369,[M+H]1+
898,800.5172,7.544,[M+Na]1+
2240,1014.655,5.013,[2M+Na]1+
8726,305.1852,2.143671,[M+H]1+
18538,262.2521,4.731,[M+H]1+
1499,813.5432,5.184,[M+H]1+
4628,745.4753,7.544,[M-NH3+H]1+
25974,879.6423,5.469,[M+H]1+
15491,975.9818,2.662457,[M+H]1+
26248,487.3318,5.81,[M+H]1+
11906,773.549,5.748,[M+H]1+
38228,385.1596,0.993773,[M+H]1+
23336,662.4588,5.75,[M+NH3+2H]2+
25379,595.9178,5.78,[M+H+Na]2+
9742,405.2121,1.948193,[M+H]1+
3181,522.2842,4.936806,[M+H]1+
1486,508.2829,2.361413,[M+Na]1+
4303,595.2892,5.368,[M+H]1+
7207,430.2419,1.818443,[M+H]1+
5245,583.3065,1.148,[M+H]1+
3907,579.2911,7.568,[M-H2O+H]1+
7033,540.2524,2.016607,[M+H]1+
16060,744.5516,7.556991,[M+K]1+
49596,574.2838,2.542286,[M+H]1+
26550,742.5356,4.812,[M+H]1+
12668,1299.881,4.9685,[M+H]1+
11380,1052.7625,5.579783,[M-3H2O+H]1+
12986,762.5884,7.543,[M+H]1+
3950,1068.8348,5.475,[M+H]1+
2971,815.5591,5.470862,[M+NH3+H]1+
15505,541.5367,7.29928,[M+H]1+
15775,1300.3048,2.6851,[M+H]1+
13197,393.3136,5.564,[M+H]1+
1890,834.5821,5.293564,[M+H]1+
2352,809.5828,5.385327,[M+Na]1+
4789,372.3457,5.477,[M+H]1+
16078,700.4517,5.103123,[M+H]1+
29829,496.361,5.708409,[M+H]1+
6172,1301.8978,4.959,[M+H]1+
26992,295.2256,4.948,[M+H]1+
7203,545.3647,4.979,[M+H]1+
9659,786.4887,5.202,[M+H]1+
8606,766.536,7.552,[M+Na]1+
19033,777.5208,7.544,[M-3H2O+H]1+
41856,744.4629,6.538951,[M+H]1+
1206,998.6241,4.942,[M+H]1+
7792,862.6423,5.51844,[M+H]1+
21414,457.1104,1.585694,[M+H]1+
44383,471.2348,5.717,[M+Na]1+
23484,300.2892,4.637504,[M+H]1+
10543,536.2369,7.568,[M+K]1+
1816,619.2833,7.552,[M+NH3+H]1+
2541,751.5491,5.984475,[M+Na]1+
1274,750.5457,5.984475,[M+Na]1+
1427,814.5555,5.470862,[M+H]1+
16116,423.3607,5.711,[M-H2O+H]1+
7625,792.5137,5.467,[M+H]1+
12128,1020.6051,4.942,[M+Na]1+
5704,688.4156,5.014,[M+H]1+
14988,722.5153,5.739,[M+Na]1+
20018,753.5204,5.569,[M+H]1+
513,757.5539,5.482,[M+NH3+H]1+
17259,639.9437,5.761,[M+H+Na]2+
10704,1068.8311,5.718655,[M-H2O+H]1+
12826,653.439,5.918968,[M+H]1+
29356,912.1612,1.132721,[M+H]1+
19554,776.57,7.393956,[M+NH3+H]1+
3165,754.5334,5.468,[M+H]1+
2864,184.0727,5.48756,[M+H]1+
18195,624.1678,5.326,[M+H]1+
20861,784.5096,4.809,[M+Na]1+
486,312.1331,3.129447,[M+H]1+
19827,391.2082,4.577639,[M+H]1+
7149,578.2795,1.395856,[M+H]1+
6047,646.4415,5.409,[M+H]1+
2284,690.4314,5.082974,[M+H]1+
9698,562.515,7.299264,[M+Na]1+
16243,522.5226,7.299264,[M-H2O+H]1+
11576,696.418,5.193,[M+H]1+
1323,283.2814,5.466,[M+NH3+H]1+
13920,607.3246,5.307634,[M+H]1+
9625,1301.897,5.223109,[M+H]1+
6089,643.3694,5.022,[M+H]1+
5785,773.549,5.57,[M+3Na-2H]1+
16195,1056.8346,5.477,[M+Na]1+
25172,492.2358,3.702884,[M+H]1+
6614,548.3328,5.022,[M+H]1+
4837,853.536,5.139,[M+Na]1+
14680,731.3585,2.148878,[M+3H]3+
1920,488.3561,5.141,[M+NH3+H]1+
1495,555.2911,7.584132,[M-H2O+H]1+
1839,846.5456,5.024,[M+H]1+
17603,783.5643,5.182,[M+H]1+
6610,422.2391,1.621,[M+H]1+
3896,550.6265,5.868302,[M+H]1+
30656,423.3245,4.625167,[M+H]1+
9561,298.2729,5.18619,[M+H]1+
965,318.1806,1.521703,[M-H2O+H]1+
14132,708.5378,5.606763,[M+H]1+
2198,816.5623,5.433,[M+H]1+
6910,771.4969,5.352,[M+H]1+
21121,558.4835,6.584386,[M+Na]1+
20917,516.4029,5.211018,[M+H]1+
2265,342.2376,1.421,[M+H]1+
11519,870.5195,6.822636,[M+H]1+
45917,912.1608,5.521492,[M+H]1+
3748,766.5324,5.388,[M+H]1+
10925,447.2574,4.790802,[M-H2O+H]1+
2184,806.5543,5.453,[M+2Na-H]1+
7736,753.486,5.326,[M-NH3+H]1+
2200,733.554,5.558,[M+NH3+H]1+
3545,304.1646,1.047,[M+ACN+H]1+
35903,641.4814,5.272731,[M+H]1+
14773,1300.8849,4.871,[M+H]1+
4618,783.5643,5.187,[M+H]1+
1744,498.2807,5.472863,[M+H]1+
14155,640.497,6.867,[M+H]1+
4726,541.3333,1.698007,[M+H]1+
16689,336.2603,5.120036,[M+H]1+
12440,275.1997,5.082,[M-H2O+H]1+
51882,255.1334,0.550235,[M+H]1+
658,760.5823,5.469,[M+H]1+
2913,261.1573,0.796326,[M+H]1+
6469,450.2962,4.831,[M-H2O+H]1+
15654,565.4707,5.046,[M+H]1+
16212,560.3091,5.047,[M+K]1+
1392,1013.651,5.004,[2M+Na]1+
15756,677.4783,6.157731,[M+Na]1+
7760,602.5206,7.544,[M+H]1+
8266,1302.9001,4.961,[M+H]1+
5641,845.5332,5.094,[M+H]1+
14841,803.5362,5.721,[M+H]1+
8117,800.5784,7.565968,[M+H]1+
13508,810.5859,7.543,[M+H]1+
6405,507.3257,4.978,[M+H]1+
20636,376.1918,5.187396,[M+H]1+
3331,530.3196,5.079943,[M+Na]1+
22366,726.5045,7.544,[M+NH3+H]1+
26271,492.3622,5.204224,[M+2H]2+
573,907.5742,4.995,[2M+H]1+
635,834.5216,5.382,[M+H]1+
41690,532.3016,4.478951,[M+H]1+
7429,1019.6045,4.953,[M+Na]1+
6748,1044.8341,5.589157,[M-3H2O+H]1+
23756,814.556,5.719732,[M+H]1+
13569,713.4421,5.096,[M+Na]1+
858,779.5383,7.552,[M+H]1+
8799,833.5095,5.282,[M+Na]1+
17158,522.6615,5.047,[M+3H]3+
50582,265.2516,4.7535,[M+H]1+
11442,411.3241,4.9848,[M+H]1+
2545,734.4725,5.395,[M-H2O+H]1+
31452,293.2831,5.627721,[M+H]1+
25481,787.5043,5.915062,[M+Na]1+
14379,838.5532,5.709635,[M+H]1+
24449,335.2935,5.3985,[M-NH3+H]1+
6589,260.1849,1.240268,[M+H]1+
25748,746.5673,7.543,[M+H]1+
4843,649.5644,5.281,[M+H]1+
20145,1040.6265,5.268929,[M+NH3+H]1+
8544,1059.6243,4.864,[2M+Na]1+
46687,559.487,6.574355,[M+Na]1+
556,794.5298,5.526,[M-H2O+H]1+
251,802.532,5.389,[M+ACN+Na]1+
6209,836.5378,5.573,[M+Na]1+
9487,1080.7939,5.79,[M+H]1+
28498,366.1078,0.535,[M+Na]1+
34067,540.5439,5.714,[M-2H2O+H]1+
47064,357.176,1.535,[M+H]1+
8127,746.5301,5.53339,[M+H]1+
48601,352.1057,1.16274,[M+H]1+
29867,1091.8215,5.718655,[M+H]1+
998,962.7319,5.678593,[M+H]1+
602,275.2769,3.859265,[M+H]1+
52471,788.5168,6.492901,[M+H]1+
26566,317.283,5.549,[M-NH3+H]1+
13104,913.5123,4.65095,[M+H]1+
26187,300.198,1.372535,[M+H]1+
49734,353.1559,4.383256,[M+H]1+
6879,596.4734,7.561049,[M+Na]1+
40740,416.2894,4.613134,[M+H]1+
18127,661.957,5.75,[M+NH3+2H]2+
36753,520.2303,3.65356,[M+H]1+
1428,576.4082,5.114504,[M+NH3+H]1+
7327,199.0863,0.982191,[M+H]1+
25335,536.1636,6.471385,[M+H]1+
1733,402.3349,5.51,[M+H]1+
15179,696.5383,5.895897,[M-H2O+H]1+
2740,820.5433,7.543,[M+2ACN+H]1+
3158,844.53,5.094,[M+H]1+
2506,380.3378,5.122,[M+H]1+
8873,1112.8503,5.617904,[M+H]1+
12159,848.6262,5.41231,[M+H]1+
44367,517.4064,5.264964,[M+H]1+
2606,742.499,5.442,[M+CH3OH+H]1+
6609,613.329,2.261232,[M+H]1+
11771,815.5248,6.252257,[M+H]1+
6141,507.326,4.872,[M+H]1+
27132,732.478,5.315766,[M+H]1+
18214,755.5385,5.738,[M+Na]1+
37948,672.271,4.751571,[M+H]1+
35431,624.1578,0.693,[M+H]1+
20997,421.3513,5.385,[M+H]1+
18022,265.111,0.644132,[M+H]1+
47668,637.339,5.552,[M+H]1+
24996,657.504,6.179567,[M+H]1+
594,815.559,5.442,[M+H]1+
2969,800.5167,5.486,[M-NH3+H]1+
21591,1225.9629,7.299264,[M+H]1+
19693,463.3531,5.711,[M+Na]1+
5156,296.1348,0.714418,[M+H]1+
9571,397.3284,5.385,[M+H]1+
517,756.5507,5.573,[M+ACN+H]1+
30802,551.5494,6.302,[M+H]1+
1630,663.4529,5.714,[M+H]1+
1560,801.5207,7.544,[M+Na]1+
20709,265.2515,5.029758,[M+H]1+
16147,876.5666,7.549,[M+NH3+H]1+
24942,175.9544,7.611359,[M+H]1+
12305,1031.6993,5.084,[M+H]1+
19161,1299.881,5.257192,[M+H]1+
86,758.566,5.569711,[M+NH3+H]1+
11193,785.4868,7.55,[M+Na]1+
8263,760.5103,4.770138,[M+H]1+
3034,324.2885,5.384403,[M+H]1+
45790,783.4957,4.772,[M+H]1+
13589,308.0247,5.515,[M+H]1+
15081,542.1425,1.690722,[M+H]1+
15007,542.1425,1.761752,[M+H]1+
4402,714.3861,5.461196,[M+NH3+H]1+
35386,416.2267,1.367584,[M+H]1+
8343,304.1898,4.715069,[M+ACN+H]1+
9722,441.3192,5.342,[M+H]1+
22067,440.281,5.640615,[M+H]1+
16688,1225.595,2.952016,[M+H]1+
24426,1431.5515,4.782557,[M+H]1+
30141,399.3102,4.731,[M+H]1+
51897,735.5262,6.232245,[M+H]1+
5170,371.2779,5.34,[M+NH3+H]1+
26823,733.5199,6.280523,[M-NH3+H]1+
48405,691.5098,6.083159,[M+H]1+
45453,271.2257,4.668178,[M+H]1+
8970,733.5198,6.17221,[M+H]1+
8533,568.3813,5.663616,[M+Na]1+
3624,1029.6476,4.838,[M+H]1+
48556,956.375,4.712,[M+H]1+
51539,311.171,0.699,[M+H]1+
21790,1075.2438,0.563759,[M+H]1+
36705,819.5562,7.155783,[M+H]1+
21021,715.5094,7.024884,[M+3K-2H]1+
49621,769.5309,6.280523,[M+H]1+
19116,536.2261,5.038,[M+H]1+
44281,728.2802,0.6,[M+H]1+
16640,647.4834,5.94385,[M+H]1+
12177,395.2753,5.225143,[M+Na]1+
37171,570.0977,0.823648,[M+H]1+
3921,180.1013,1.182,[M+H]1+
44278,777.5464,6.851143,[M+H]1+
26341,648.0952,0.693,[M+H]1+
8162,399.3091,5.233564,[M-2H2O+H]1+
2129,398.3037,5.324684,[M+H]1+
16741,314.2676,5.384,[M+H]1+
34089,329.0645,3.94138,[M+H]1+
18945,1000.212,1.117523,[M+H]1+
28005,817.5406,6.538,[M+H]1+
38338,297.9635,0.683,[M+H]1+
36670,1362.5334,4.643077,[M+2H]2+
5845,413.2882,5.401562,[M+H]1+
14277,436.3345,4.632032,[M+H]1+
35506,1341.8501,4.513326,[M+3H]3+
25584,275.1996,4.582064,[M+H]1+
15815,756.5739,5.487,[M+H]1+
51126,385.3157,4.54209,[M+H]1+
8492,616.3967,5.200462,[M+H]1+
4166,435.331,4.642026,[M+H]1+
1950,252.0721,0.61,[M+H]1+
1141,384.1139,0.6,[M+H]1+
6756,385.1173,0.6,[M+H]1+
14189,199.1476,4.575807,[M+H]1+
15346,770.1757,0.663284,[M+H]1+
19293,418.3051,4.732857,[M-H2O+H]1+
43266,538.1256,0.768523,[M+H]1+
44520,259.1683,5.312105,[M+H]1+
27478,912.3071,0.783,[M+H]1+
1735,560.5184,5.592,[M+Na]1+
14106,588.3124,4.781868,[M+H]1+
6029,538.1253,0.573755,[M+2H]2+
13671,615.3373,5.242538,[M-H2O+H]1+
18616,753.2967,4.733094,[M+2H]2+
43679,188.0563,0.61,[M+H]1+
35151,708.5743,6.584478,[M+H]1+
37433,293.0913,2.754911,[M+H]1+
14873,438.3502,4.741,[M+H]1+
4349,437.3467,4.731,[M+H]1+
4109,413.347,4.781,[M+ACN+H]1+
21618,713.5298,6.584478,[M+H]1+
7173,751.5153,5.243515,[M+H]1+
10682,455.2988,5.334,[M-2H2O+H]1+
3953,533.3857,5.132,[M+NH3+H]1+
6123,515.3558,5.132,[M+H]1+
20460,799.5661,6.182817,[M+Na]1+
17993,660.5173,6.054676,[M+NH3+H]1+
7827,328.2834,5.409,[M+H]1+
5313,561.4854,5.177,[M+H]1+
6392,495.2934,5.122882,[M-H2O+H]1+
23301,372.2919,5.567,[M+H]1+
23565,311.2181,4.714854,[M+Na]1+
22837,1423.7345,4.753283,[M+3H]3+
49843,1474.9122,4.623115,[M+3H]3+
9440,608.4626,5.389729,[M+H]1+
11859,774.5251,5.364,[M+H]1+
28110,1474.5798,4.633096,[M+3H]3+
28513,570.4183,5.609,[M+H]1+
21160,560.4138,5.131,[M+H]1+
8067,561.5219,5.591084,[M+Na]1+
44251,562.5248,5.598542,[M+Na]1+
11547,1303.9072,4.961459,[M+H]1+
683,559.5146,5.592,[M+Na]1+
21044,472.3328,5.141,[M+H]1+
1640,563.3464,5.389357,[M+H]1+
26177,600.2928,3.862577,[M+H]1+
24514,538.3484,4.633043,[M+H]1+
16349,335.2184,4.773,[M+Na]1+
8759,773.5128,5.434,[M+H]1+
2365,751.3965,4.481,[M+Na]1+
17654,244.1537,0.581497,[M+H]1+
28236,471.1581,7.594235,[M-H2O+H]1+
29674,584.2038,0.918632,[M+H]1+
55,274.2737,3.859265,[M+H]1+
2108,274.273,3.888758,[M+H]1+
18509,393.3139,4.855,[M+H]1+
29883,599.4625,6.113176,[M+H]1+
12997,883.5932,5.223366,[M+H]1+
37359,492.1992,1.804844,[M+H]1+
34196,259.1683,5.199,[M-H2O+H]1+
2632,537.3377,5.132,[M+Na]1+
18122,915.5237,5.554106,[M+Na]1+
17415,651.4572,5.873931,[M+H]1+
11808,655.4886,5.953839,[M+Na]1+
4067,581.364,5.113839,[M+Na]1+
3166,644.3236,1.075209,[M+H]1+
14391,504.3041,5.03,[M+H]1+
1655,493.3118,5.133,[M+Na]1+
42473,395.3253,4.693015,[M+H]1+
10118,555.2892,5.409,[M+H]1+
29436,165.1267,3.373311,[M+H]1+
7575,544.2628,5.415,[M+Na]1+
2041,548.245,0.987423,[M+H]1+
1058,230.2474,3.898177,[M+H]1+
9142,231.2508,3.898177,[M+H]1+
42520,642.2643,0.605,[M+H]1+
5900,344.1479,3.114179,[M+Na]1+
1188,539.3466,5.48756,[M+Na]1+
11813,740.2755,5.257257,[M+Na]1+
15781,414.3505,4.781,[M+ACN+H]1+
19580,523.2897,2.8,[M+H]1+
20349,602.3086,4.123076,[M+H]1+
8618,936.5641,5.106109,[M+NH3+H]1+
205,400.7355,2.010054,[M+2H]2+
15235,1314.4164,4.74329,[M+H]1+
2640,318.1803,1.684723,[M+H]1+
33755,525.2965,5.004,[M+3Na-2H]1+
14042,504.2699,7.56,[M-H2O+H]1+
5548,352.1859,0.811829,[M+H]1+
3625,427.3019,5.379,[M+H]1+
3120,601.3329,1.501307,[M-H2O+H]1+
1351,392.2224,2.024,[M+2H]2+
6895,185.1279,8.184552,[M+H]1+
1229,522.2805,7.569042,[M+H]1+
9047,321.1799,2.148193,[M+H]1+
3655,534.3699,5.583152,[M+H]1+
22087,333.1499,5.381,[M+H]1+
15645,220.0272,5.317765,[M+H]1+
24659,293.0913,2.321711,[M+H]1+
2793,382.2703,4.864,[M+H]1+
52930,219.1123,1.218707,[M+H]1+
3572,544.2625,7.544,[M+H]1+
8648,445.3118,5.094149,[M+Na]1+
7134,1094.8505,5.390096,[M+H]1+
18291,461.3242,5.27,[M+H]1+
9461,406.3277,5.574114,[M+Na]1+
18978,562.312,4.943,[M+H]1+
10626,792.5947,5.839016,[M+H]1+
9391,551.3517,5.115,[M+H]1+
12476,539.2893,5.640242,[M+Na]1+
409,784.5814,5.461,[M+H]1+
29042,1124.4844,4.693,[M+H]1+
17622,707.5045,6.599696,[M+H]1+
2053,260.1849,1.460763,[M+H]1+
4745,427.2061,2.076,[M+H]1+
11259,544.3265,4.944,[M+Na]1+
8411,524.2961,4.985592,[M+3Na-2H]1+
11318,503.2921,5.029758,[M+Na]1+
20216,405.3443,5.554106,[M+Na]1+
48892,588.4939,6.444616,[M+Na]1+
42770,724.5671,6.349374,[M+H]1+
12692,391.3286,5.507,[M+Na]1+
2951,392.724,2.015,[M+2H]2+
41699,534.4861,5.895897,[M+H]1+
5240,560.315,5.013,[M+2H]2+
3707,502.2883,5.038,[M+Na]1+
48256,189.0905,8.876226,[M+H]1+
462,537.5335,5.618559,[M+H]1+
22853,423.2726,4.752123,[M+H]1+
31538,642.5142,5.355,[M+H]1+
5368,185.1279,8.985,[M+H]1+
12839,887.8031,5.483,[M+H]1+
16371,442.2572,5.180317,[M+H]1+
35924,374.361,4.814,[M+H]1+
4127,281.2942,5.624,[M-H2O+H]1+
43816,564.2282,5.195819,[M+2Na-H]1+
20919,858.5092,5.199898,[M+H]1+
43799,550.4656,5.679724,[M+H]1+
24028,443.249,0.788677,[M+H]1+
40165,263.2362,4.728037,[M-3H2O+H]1+
10251,279.1558,4.502,[M+H]1+
23027,215.1386,8.976,[M+H]1+
40585,811.514,5.929646,[M+H]1+
4404,523.2839,7.569042,[M+H]1+
928,538.537,5.654,[M+H]1+
12631,906.6682,5.51844,[M+H]1+
6578,471.3297,5.132,[M+H]1+
21304,417.2088,5.181,[M+H]1+
1677,401.7388,2.018062,[M+2H]2+
3636,614.3849,2.024,[M+H]1+
25574,1239.8081,5.038,[M+H]1+
19748,428.3222,5.32931,[M+H]1+
6482,524.3328,5.075,[M+H]1+
7499,307.6966,1.036788,[M+2H]2+
20226,289.1339,4.941,[M+H]1+
372,298.0961,0.903296,[M+H]1+
42392,340.124,0.596,[M+H]1+
31096,540.4084,5.361,[M+H]1+
45677,357.2135,1.956911,[M+H]1+
4259,386.2471,0.991585,[M-3H2O+H]1+
4182,443.2496,0.553676,[M+2H]2+
4981,228.2317,5.251,[M+H]1+
18537,1008.5099,7.548342,[M+H]1+
8854,380.2168,1.259784,[M+H]1+
2508,543.3228,4.951,[M+Na]1+
5280,283.2815,5.624,[M-NH3+H]1+
14092,802.4622,5.283,[M+2H]2+
4098,836.5377,5.256,[M+H]1+
6525,377.2048,5.149,[M+H]1+
5317,386.325,5.421538,[M+Na]1+
6943,787.4821,5.278,[M+2H]2+
8754,441.2833,4.765051,[M-H2O+H]1+
4889,400.3122,5.384,[M+CH3OH+H]1+
1350,399.3089,5.384,[M+CH3OH+H]1+
26797,345.2123,1.314,[M+H]1+
9399,401.2859,5.044,[M+Na]1+
8014,296.2573,5.110988,[M+NH3+H]1+
1555,211.0861,3.894983,[M+H]1+
34326,535.3076,0.975204,[M+H]1+
27695,354.2991,4.908152,[M+H]1+
13528,482.3668,5.175,[M+NH3+H]1+
13756,500.2899,5.157,[M+2H]2+
39955,354.299,4.683,[M+H]1+
3387,540.3499,5.48756,[M+Na]1+
21593,370.3302,4.715,[M+H]1+
42340,401.3724,4.655011,[M+H]1+
45853,755.5245,5.947351,[M+H]1+
7982,342.2991,4.698049,[M-H2O+H]1+
12768,247.2413,5.167,[M+H]1+
46451,488.0931,0.536968,[M+H]1+
46970,225.1016,4.654664,[M+H]1+
4495,425.305,5.243405,[M+H]1+
2215,513.3016,5.58186,[M+H]1+
13022,420.3094,5.359,[M+H]1+
47946,1481.5315,7.672042,[M+H]1+
46658,303.1906,1.233,[M+H]1+
17380,404.3505,5.626371,[M+H]1+
3419,565.3621,5.518,[M+Na]1+
34585,237.1593,0.560282,[M+H]1+
21597,834.3231,4.725067,[M+2H]2+
24204,235.1647,0.534315,[M+H]1+
4670,496.3462,5.149,[M+NH3+H]1+
52025,544.507,6.155382,[M+H]1+
37800,562.5171,6.146352,[M+H]1+
13519,504.3098,5.131,[M+Na]1+
39384,766.5685,6.145429,[M+Na]1+
23147,478.312,5.232,[M+H]1+
6271,466.1112,0.560282,[M+H]1+
20544,288.6366,5.103,[M+H]1+
40194,742.5803,6.145429,[M+H]1+
2975,550.3482,5.115,[M+H]1+
566,326.3043,5.297562,[M-H2O+H]1+
12083,765.5653,6.145429,[M+Na]1+
9492,415.3014,5.220039,[M+H]1+
6234,764.5618,6.145429,[M+Na]1+
24424,389.1919,5.245,[M+H]1+
36591,236.1277,0.709273,[M+H]1+
26253,355.1012,7.66194,[M-H2O+H]1+
11853,645.3847,5.126,[M+ACN+Na]1+
6673,370.3301,5.530379,[M+H]1+
45461,831.2372,7.66194,[M+H]1+
12140,247.0804,7.672042,[M+H]1+
1080,459.2115,1.132235,[M+2H]2+
2262,404.3143,5.522103,[M+H]1+
50841,637.1956,7.674078,[M+H]1+
9836,472.3616,5.149,[M+H]1+
45165,1267.3218,7.66194,[M+H]1+
7298,187.0595,7.66194,[M-H2O+H]1+
20742,234.0906,5.082,[M+H]1+
45594,1007.2687,7.672042,[M+H]1+
14090,306.2782,5.263987,[M-2H2O+H]1+
40307,1059.2999,7.66194,[M+H]1+
47209,845.2162,7.66194,[M+H]1+
17866,406.0956,0.601843,[M+Na]1+
45329,1284.3486,7.672042,[M+H]1+
41123,862.2427,7.672042,[M+NH3+H]1+
40269,1073.2794,7.66194,[M+H]1+
44897,897.2474,7.672042,[M+H]1+
29197,813.2266,7.672042,[M-H2O+H]1+
34478,295.0803,7.66194,[M+H]1+
34976,433.1325,7.66194,[M+H]1+
35641,651.1746,7.66194,[M+H]1+
21825,464.2715,4.756971,[M+H]1+
9381,559.3818,5.114504,[M+H]1+
25451,415.1223,7.663975,[M-H2O+H]1+
30355,373.1116,7.672042,[M+H]1+
35379,1024.295,7.672042,[M+NH3+H]1+
15543,475.143,7.672042,[M+H]1+
12837,550.3118,5.326,[M+H]1+
15366,428.3355,5.157,[M+H]1+
8435,374.3039,5.091,[M+H]1+
35813,330.245,5.236852,[M+H]1+
13467,502.3352,5.149,[M+H]1+
6369,467.325,5.396,[M+H]1+
19117,618.3389,5.204524,[M+H]1+
1736,449.2857,5.149,[M+Na]1+
50119,407.3254,4.573047,[M+H]1+
9439,212.0892,3.894983,[M+H]1+
2621,516.304,4.891,[M+Na]1+
41885,616.2922,0.899384,[M+H]1+
2419,211.0861,4.049843,[M+H]1+
1055,1012.6399,4.89,[M+H]1+
1138,760.5823,5.571783,[M+H]1+
12616,420.3206,4.81,[M+Na]1+
5635,450.2891,5.149,[M+Na]1+
3584,444.3302,5.141,[M+NH3+H]1+
9643,519.3146,4.775047,[M+H]1+
18982,504.3041,5.163021,[M+Na]1+
10392,344.2604,5.377,[M+H]1+
3002,388.3408,5.307437,[M+H]1+
31159,492.2359,3.622039,[M+H]1+
28838,271.1533,5.158,[M+H]1+
2345,261.1438,0.77736,[M+H]1+
411,786.5972,5.461,[M+H]1+
2402,384.3246,5.588119,[M+H]1+
532,428.3141,5.468,[M+H]1+
5767,505.31,4.899,[M-NH3+H2O+H]1+
23299,785.5857,6.305,[M+H]1+
20388,575.789,0.87,[M+2H]2+
1506,787.6007,5.577826,[M+NH3+H]1+
18468,399.2701,5.227495,[M+H]1+
3316,600.5042,5.384,[M+H]1+
7380,744.5154,5.439,[M+H]1+
24091,210.1019,3.693778,[M+H]1+
277,279.1696,1.093894,[M+H]1+
23166,543.341,5.342,[M+H]1+
16960,922.6639,5.204224,[M+H]1+
15254,506.3218,5.095,[M+H]1+
9355,274.2006,2.049582,[M+H]1+
50606,564.8349,2.101054,[M+H]1+
31709,253.2153,4.714854,[M-2H2O+H]1+
4225,300.2888,4.764,[M+H]1+
21520,283.2816,4.764,[M-H2O+H]1+
6844,812.3914,2.452499,[M+H]1+
2751,282.2783,5.111222,[M-H2O+H]1+
12112,310.3102,5.298516,[M+H]1+
15111,1482.8314,1.990315,[M+3H]3+
5123,391.1754,2.162559,[M+H]1+
17262,1482.9973,2.001289,[M+3H]3+
3730,318.2993,4.643034,[M+H]1+
32011,235.2051,4.707223,[M-3H2O+H]1+
24139,490.3308,5.167,[M+Na]1+
51951,620.522,6.078531,[M+H]1+
18016,354.3354,4.829,[M+H]1+
4462,284.2939,5.297562,[M+H]1+
4883,266.2834,5.289662,[M-H2O+H]1+
5570,436.3379,5.5815,[M+Na]1+
4313,370.3302,5.307437,[M-H2O+H]1+
18653,874.5038,4.967,[M+H]1+
38249,474.3407,4.744615,[M+H]1+
19360,300.2885,5.357,[M+H]1+
39391,252.2678,4.764,[M+H]1+
3274,766.5349,6.297438,[M+H]1+
31296,556.5279,6.629698,[M+H]1+
10985,300.2888,5.111222,[M+H]1+
193,330.2992,4.772,[M+H]1+
3829,312.2887,4.764,[M-H2O+H]1+
12779,294.2782,4.764,[M-2H2O+H]1+
17632,313.2921,4.772,[M-H2O+H]1+
20490,301.2921,4.772,[M+H]1+
33109,270.2783,4.764,[M+H]1+
1706,358.3303,4.898814,[M+H]1+
26524,264.2678,4.7535,[M-2H2O+H]1+
6026,772.5326,4.898814,[M+3Na-2H]1+
18163,667.4518,5.63,[M+H]1+
8072,888.6186,5.083,[M+H]1+
5683,750.5035,5.632,[M+H]1+
6745,481.3117,5.470459,[M+H]1+
35276,684.3958,4.742275,[M+H]1+
17868,427.1379,0.547883,[M+H]1+
39576,289.1541,1.241211,[M+H]1+
2872,752.5192,5.898944,[M+Na]1+
8017,484.3015,4.181158,[M+H]1+
5051,439.3627,4.802,[M+ACN+H]1+
6498,767.5383,6.297438,[M+H]1+
21438,768.5414,6.297438,[M+H]1+
35247,562.277,4.748794,[M+H]1+
32997,655.4883,6.279452,[M+H]1+
802,587.3378,4.957979,[M+Na]1+
32264,774.5013,5.955229,[M+H]1+
6084,753.5226,5.908938,[M+Na]1+
13146,786.501,5.915062,[M+Na]1+
14894,914.6342,5.098,[M+H]1+
15845,912.6183,5.038,[M+H]1+
2503,786.4289,2.202712,[M+H]1+
26699,669.5039,6.643136,[M+H]1+
18048,457.821,5.106,[M+H]1+
35340,547.205,2.030568,[M+H]1+
23133,744.5018,4.812,[M+H]1+
36969,547.205,2.066561,[M+H]1+
22936,456.8134,5.057,[M+H]1+
24899,656.4919,5.953839,[M+Na]1+
12125,790.5327,7.111724,[M+H]1+
14240,769.5543,7.121707,[M+H]1+
21424,791.536,7.111724,[M+H]1+
5120,768.551,6.842863,[M+H]1+
4486,669.4675,5.719,[M+H]1+
49663,777.5204,6.610188,[M+H]1+
26042,563.3862,6.374032,[M+H]1+
31509,471.4139,4.771,[M+H]1+
13367,275.1385,1.216,[M+H]1+
4387,754.535,6.409247,[M+H]1+
8902,776.5178,7.544,[M-3H2O+H]1+
17245,448.1373,0.989423,[M+H]1+
13172,299.2571,5.011059,[M+H]1+
7595,769.5177,5.314166,[M+H]1+
12486,564.394,6.364676,[M+H]1+
31737,770.5578,6.842863,[M+H]1+
9671,768.5138,5.485,[M+H]1+
2466,808.5663,5.279389,[M+H]1+
22394,327.2882,5.084,[M+H]1+
3878,1001.6535,4.925,[M+H]1+
10813,508.1581,1.430611,[M+H]1+
9235,508.1581,1.370585,[M+H]1+
27862,315.1793,5.146,[M+H]1+
1314,532.3823,5.132,[M+NH3+H]1+
28077,356.7047,4.758059,[M+H]1+
14319,680.447,5.334,[M+K]1+
16427,427.138,0.761,[M+H]1+
10500,465.3093,5.325,[M+H]1+
48051,808.5447,6.056852,[M+H]1+
38444,560.3175,4.69397,[M+H]1+
12254,386.3402,5.702874,[M+H]1+
22175,372.3459,4.944037,[M+H]1+
3786,572.3174,4.82,[M+H]1+
47797,809.556,6.157731,[M+H]1+
41398,316.2837,4.673941,[M+H]1+
20037,380.3145,5.424,[M+H]1+
9602,526.2886,4.792,[M+Na]1+
11754,352.32,5.3985,[M+H]1+
887,504.3068,4.792,[M+H]1+
47309,340.2837,4.668174,[M-H2O+H]1+
2736,466.2877,4.907955,[M+H]1+
26972,536.465,5.0665,[M+H]1+
31083,372.2915,5.703,[M+H]1+
2955,505.3103,4.792,[M+H]1+
24752,283.2621,5.563317,[M+H]1+
5447,193.1697,0.607355,[M+H]1+
38954,484.2404,4.733,[M+H]1+
11174,653.4727,5.824988,[M+H]1+
27800,687.4781,5.709,[M+H]1+
48395,310.1068,1.201736,[M+H]1+
10446,352.2834,5.325,[M+H]1+
13473,789.5203,6.281592,[M+K]1+
13397,464.2751,4.863,[M+H]1+
11929,788.5042,5.141,[M+H]1+
9210,788.5182,7.544,[M+2Na-H]1+
22898,777.5204,6.436904,[M+Na]1+
35263,755.5386,6.630168,[M+H]1+
11605,776.5171,6.409247,[M+Na]1+
42657,534.4863,6.301425,[M+H]1+
47451,421.1501,1.864417,[M+H]1+
6145,1024.6405,4.872,[M+H]1+
15571,266.2835,4.749625,[M-2H2O+H]1+
17330,254.2835,4.752,[M+H]1+
45298,506.2512,4.042231,[M+H]1+
5143,755.538,6.281722,[M+H]1+
3977,1023.637,4.872,[M+H]1+
44295,487.3228,5.310157,[M+H]1+
9476,790.5327,6.923161,[M+Na]1+
11578,468.3066,5.079556,[M+H]1+
10771,769.5544,6.862822,[M+H]1+
12315,300.2886,4.872,[M+H]1+
32056,1260.994,4.663,[M+2H]2+
16621,222.171,0.586599,[M+H]1+
19951,737.5339,5.899843,[M+Na]1+
8748,736.5306,5.899843,[M+Na]1+
37851,712.4019,4.766397,[M+H]1+
9809,548.3154,5.082974,[M+2H]2+
7314,671.4833,5.796,[M+H]1+
9567,437.2046,5.176,[M+H]1+
43447,505.1586,1.026782,[M+H]1+
19987,1383.0376,6.448253,[M+H]1+
4569,440.2755,4.916,[M+H]1+
9056,398.2652,4.791,[M+2Na-H]1+
35482,765.5308,6.200176,[M+H]1+
35382,1460.0626,7.034285,[M+H]1+
6186,360.3247,5.683748,[M+H]1+
2776,382.309,5.49944,[M+H]1+
14365,732.4568,5.12137,[M+H]1+
43704,806.5317,5.821988,[M+H]1+
22929,615.4962,5.953839,[M-H2O+H]1+
18799,634.4053,5.297239,[M+H]1+
19859,660.4207,5.139616,[M+H]1+
5532,285.1227,1.359205,[M-NH3+H]1+
18070,662.4001,5.244352,[M+H]1+
885,376.3194,5.48756,[M+H]1+
49691,190.1221,1.055451,[M+H]1+
4139,730.5353,6.912144,[M+H]1+
1344,185.1279,1.137163,[M-2H2O+H]1+
16501,472.3979,4.837296,[M+H]1+
41488,393.3076,4.79207,[M+H]1+
33961,519.1738,1.198745,[M+NH3+H]1+
38110,320.1233,1.056,[M+H]1+
52657,505.1585,0.958796,[M+H]1+
11262,702.4308,5.158,[M+H]1+
9101,446.3245,5.382,[M+CH3OH+Na]1+
39904,790.5233,6.281592,[M+K]1+
41409,703.8438,4.788,[M+H]1+
38868,519.174,1.258732,[M+H]1+
47424,702.5043,6.355364,[M+H]1+
2590,308.102,1.677,[M+K]1+
28416,1482.0471,6.321698,[M+H]1+
26002,285.289,4.012,[M+H]1+
45532,814.801,4.722,[M+H]1+
27890,266.1381,0.95739,[M+H]1+
30036,1217.8281,5.761,[M+H]1+
23107,949.4732,4.768859,[M+H]1+
14836,910.6424,5.967838,[M+H]1+
17239,673.4991,5.963827,[M+H]1+
2072,302.1492,1.359205,[M+H]1+
44393,866.5871,6.346374,[M+H]1+
46482,182.1171,3.688766,[M+H]1+
24923,327.077,5.122036,[M+H]1+
50184,561.2206,2.481473,[M+H]1+
7394,415.1961,2.977,[M+H]1+
34980,259.1513,4.999,[M+H]1+
1124,399.2339,0.534218,[M+2H]2+
3277,466.2912,4.81,[M+H]1+
14175,655.3067,2.736197,[M+H]1+
23789,654.4761,5.824988,[M+H]1+
422,185.1281,1.235037,[M+H]1+
12780,410.2884,5.194104,[M+H]1+
32947,1483.0497,6.281722,[M+H]1+
7137,766.5349,6.171212,[M+H]1+
46579,240.268,4.762,[M+H]1+
14382,264.1124,3.134528,[M-H2O+H]1+
43653,510.3172,4.152453,[M+H]1+
13996,744.4783,5.359,[M+H]1+
1386,171.1126,0.660058,[M+H]1+
5509,368.1631,1.43872,[M+H]1+
5306,270.1443,0.564691,[M-NH3+H2O+H]1+
1073,426.2986,5.379,[M+H]1+
6306,756.5162,5.57,[M+H]1+
49162,288.2887,4.282814,[M+H]1+
14771,940.4482,4.838,[M+H]1+
3315,749.3445,1.287263,[M+H]1+
46251,1150.8389,5.758,[M+H]1+
13919,538.2838,4.9589,[M+NH3+H]1+
2714,756.5143,5.378,[M+H]1+
21654,1224.9596,7.299264,[M+H]1+
4270,670.3174,1.964,[M+H]1+
2094,318.2018,0.611624,[M+H]1+
150,622.306,2.748807,[M+H]1+
9668,282.2784,4.804,[M+H]1+
1596,284.2939,4.752,[M-H2O+H]1+
51680,561.2207,2.420486,[M+H]1+
10327,706.4624,5.369,[M+H]1+
19797,830.5646,7.544,[M+Na]1+
37440,716.5051,4.871,[M+H]1+
28403,704.4103,4.867,[M+H]1+
14978,567.3052,4.855,[M+H]1+
18398,877.5228,5.04,[M+H]1+
4753,866.5114,4.96,[M+Na]1+
20039,833.5602,5.12137,[M+H]1+
24671,266.2834,4.864,[M+H]1+
4859,809.5698,5.279389,[M+H]1+
11669,848.5514,5.014,[M+H]1+
19851,568.3124,4.96,[M+H]1+
19982,720.4417,5.022,[M+H]1+
31434,874.505,4.83,[M+H]1+
9723,869.531,5.024,[M+Na]1+
4171,862.5406,5.042,[M+H]1+
13643,756.4777,5.023,[M+H]1+
13926,1121.6296,5.02,[M+H]1+
25582,700.4883,5.764,[M+H]1+
15112,884.523,5.042,[M+Na]1+
20523,1077.5767,5.042,[M+H]1+
8549,808.509,4.941,[M-2H2O+H]1+
24734,744.4417,4.988,[M+H]1+
24510,828.5355,5.721,[M+H]1+
9149,848.501,5.004,[M+H]1+
512,265.1541,0.661484,[M+H]1+
10289,750.5012,6.495595,[M+Na]1+
29083,314.3044,4.90614,[M+H]1+
2703,796.4182,2.80819,[M+Na]1+
28026,576.8114,4.841,[M+2H]2+
3874,650.4367,5.287338,[M+H]1+
45716,902.4573,6.369845,[M+H]1+
8574,240.2315,4.987,[M+H]1+
36109,1385.0455,6.433532,[M+H]1+
13760,317.2076,5.177,[M+H]1+
22808,728.5194,6.640158,[M+H]1+
24953,858.5449,5.094,[M+H]1+
27279,892.5147,4.811,[M+H]1+
4729,363.2006,0.53744,[M+H]1+
10706,876.5195,5.024286,[M+H]1+
4655,845.5328,4.96,[M+H]1+
28895,454.1901,4.855031,[M+K]1+
5416,868.5272,5.014,[M+Na]1+
16263,825.5515,7.40097,[M+Na]1+
10042,550.3019,4.855,[M+2H]2+
698,802.5323,6.726791,[M+H]1+
12579,860.5248,4.988,[M+H]1+
9758,771.4967,5.149753,[M-H2O+H]1+
18868,389.7713,5.247,[M+H]1+
919,803.5356,6.716843,[M+H]1+
12640,770.4937,5.587,[M+H]1+
38535,873.5385,7.300178,[M+H]1+
9242,1095.6232,5.094,[M+H]1+
17448,388.7633,5.184,[M+2H]2+
18935,860.5606,5.083297,[M+H]1+
3250,770.4935,5.359,[M+H]1+
25391,822.545,5.122,[M+NH3+H]1+
25107,710.3976,5.014,[M+Na]1+
1402,781.5536,6.670498,[M+H]1+
3204,672.4206,5.112247,[M+H]1+
5200,752.5178,7.547,[M-3H2O+H]1+
3475,669.4631,6.347644,[M+2H]2+
6855,731.5387,7.534,[M+NH3+H]1+
729,780.5502,6.670498,[M+H]1+
21616,792.4755,5.193,[M+H]1+
12735,865.5596,4.802,[M+H]1+
48895,679.3077,7.421822,[M+K]1+
3039,730.5353,7.534,[M+NH3+H]1+
11083,804.4987,5.004,[M+H]1+
52506,386.112,0.868263,[M+H]1+
7520,1015.5725,4.864,[M+Na]1+
25341,512.3345,4.967,[M+H]1+
49799,256.1326,3.102316,[M+H]1+
280,783.5696,7.536,[M+Na]1+
99,782.566,7.535,[M+Na]1+
9739,753.5206,7.544,[M-3H2O+H]1+
11652,774.5623,7.565968,[M-H2O+H]1+
15466,706.4264,4.829,[M+H]1+
36605,841.6231,7.525,[M+H]1+
26558,1120.7159,7.428344,[M+H]1+
33675,768.5509,6.604609,[M+H]1+
2334,791.5594,5.57,[M-H2O+H]1+
15712,805.05,7.543,[M+2H]2+
38,992.6709,5.004,[2M+H]1+
20173,1151.6132,4.841,[M+H]1+
596,756.5506,7.535,[M+NH3+H]1+
24193,753.5209,7.131381,[M+H]1+
21103,452.3118,5.139,[M+H]1+
3621,334.1751,1.148939,[M+H]1+
9677,840.4981,5.255,[M+H]1+
13,991.6676,5.004,[2M+H]1+
5392,818.5282,7.557983,[M+CH3OH+Na]1+
197,993.674,5.004,[2M+H]1+
762,813.5433,5.351,[M+H]1+
11985,750.5011,7.552,[M+ACN+H]1+
2919,995.5959,4.864,[M+H]1+
13492,467.2946,4.806545,[M+H]1+
4535,1119.6228,5.013,[M+H]1+
10952,828.5352,5.372,[M+H]1+
6378,864.5561,4.802,[M+H]1+
1240,757.5541,7.535,[M+NH3+H]1+
341,985.6216,4.839,[M+H]1+
10776,806.4932,5.226726,[M+H]1+
30716,862.5064,7.540354,[M+H]1+
10616,752.5169,7.099483,[M+Na]1+
35941,648.4213,5.154846,[M+H]1+
14257,431.2151,4.83,[M+H]1+
990,784.5728,7.535,[M+Na]1+
36010,772.5116,5.768,[M+H]1+
20672,1196.3304,7.536405,[M+2H]2+
13688,791.5574,5.723,[M+2H]2+
29034,712.4517,5.221114,[M+H]1+
27494,268.2991,4.849964,[M-H2O+H]1+
905,302.3044,4.752,[M+H]1+
49440,862.5064,7.218895,[M+H]1+
19860,840.6192,7.517052,[M+H]1+
2395,844.5297,4.951,[M+H]1+
4677,731.5387,7.024291,[M+H]1+
11884,1007.6028,4.838,[M+H]1+
13749,312.3251,4.9,[M-H2O+H]1+
8355,826.5193,5.274547,[M+H]1+
1316,994.5924,4.864,[M+H]1+
25165,908.5096,4.692992,[M+H]1+
3782,975.6376,5.024423,[M+H]1+
587,993.5892,4.864,[M+H]1+
22026,632.2823,3.01428,[M+H]1+
357,812.5399,5.351,[M+H]1+
3310,808.509,5.314166,[M+2ACN+H]1+
17334,685.4622,5.595,[M+H]1+
3895,973.6215,4.97,[M+H]1+
34974,695.3673,5.228572,[M+H]1+
36885,1182.8181,7.535,[M+2H]2+
14435,527.2736,4.82,[M+2H]2+
7498,559.3074,4.968,[M-NH3+H2O+H]1+
41779,675.5148,6.134287,[M+H]1+
1561,811.5275,5.273,[M+H]1+
16647,694.4025,5.121482,[M+Na]1+
1575,728.5196,6.30171,[M+H]1+
2316,279.2309,5.392,[M+H]1+
8102,768.4779,5.261503,[M+H]1+
12910,1194.3175,7.544,[M+2H]2+
1653,458.2649,4.855,[M-H2O+H]1+
7065,1120.6262,5.022,[M+H]1+
12242,729.5231,6.281247,[M+H]1+
1282,340.2915,5.038,[M+H]1+
5730,976.6407,5.029346,[M+H]1+
8573,827.523,5.274,[M+H]1+
276,814.5557,5.442,[M+H]1+
9931,940.5232,7.548342,[M+K]1+
356,335.2569,4.83,[M+H]1+
9360,1020.6931,5.038,[M+H]1+
1109,949.6209,5.004,[M+H]1+
20427,559.8093,4.812,[M+H]1+
14866,804.0423,7.545422,[M+2H]2+
1221,832.5662,5.191949,[M+H]1+
22598,416.1317,1.304059,[M+H]1+
13093,1195.3239,7.536405,[M+2H]2+
41748,1257.0441,7.221,[M+H]1+
15860,648.3844,5.072595,[M+H]1+
14400,794.5292,7.56,[M+H]1+
3501,847.5486,5.014,[M+H]1+
10049,771.5332,5.448614,[M+H]1+
348,959.6057,5.038,[M+H]1+
13624,744.538,4.888,[M+K]1+
44930,464.3565,4.681025,[M+H]1+
864,830.5506,5.139,[M+H]1+
14736,751.5052,7.544,[M+ACN+H]1+
11645,567.3047,4.891,[M+H]1+
3240,1013.6522,4.907486,[M+H]1+
41065,575.8045,4.848379,[M+H]1+
3428,999.6274,4.942,[M+H]1+
9664,842.5139,5.174,[M+H]1+
23884,728.4472,5.132,[M+H]1+
31957,1182.3162,7.535,[M+2H]2+
27346,664.4157,5.361,[M+H]1+
10669,862.5409,5.176,[M+H]1+
1006,792.5139,5.425,[M+H]1+
8711,849.5045,5.139616,[M+Na]1+
8863,728.5195,7.552,[M+NH3+H]1+
32506,805.5051,7.305183,[M+H]1+
15066,744.5141,5.575,[M+H]1+
42081,793.5173,5.962818,[M+H]1+
4467,851.5203,5.218777,[M+Na]1+
666,804.5478,7.154167,[M+H]1+
3898,768.5142,5.314166,[M+H]1+
40507,797.5504,5.986035,[M+Na]1+
4568,509.5029,6.864,[M+H]1+
53011,840.6199,7.322505,[M+H]1+
20186,849.5641,5.112247,[M+H]1+
10384,796.5452,5.721,[M+H]1+
17864,1195.8271,7.536405,[M+2H]2+
12407,559.8089,4.978514,[M+H]1+
15945,792.5353,5.31,[M-H2O+H]1+
8440,560.8168,5.014,[M+2H]2+
4555,808.5085,5.168,[M+H]1+
16395,825.5068,5.103123,[M+H]1+
8844,618.3029,3.755594,[M+H]1+
2786,776.519,5.193,[M+H]1+
2177,829.538,5.202,[M+H]1+
9632,1122.6423,5.103,[M+H]1+
18871,972.6075,5.012,[M+Na]1+
34754,1195.3259,7.346786,[M+H]1+
1886,987.6283,4.839,[M+H]1+
12967,996.6089,4.91,[M+H]1+
10294,965.451,4.794,[M+H]1+
19878,405.7663,5.218777,[M+H]1+
17548,807.4968,5.226726,[M+H]1+
229,481.31,5.038,[M+H]1+
6963,844.5296,4.841,[M+H]1+
16428,810.5247,5.269286,[M+H]1+
12848,746.4574,5.062316,[M+H]1+
1871,829.5381,5.094,[M+H]1+
606,1011.6366,4.89,[M+H]1+
17802,716.4469,5.239583,[M+CH3OH+Na]1+
1904,826.5189,5.168,[M+H]1+
12953,476.3112,4.899,[M-H2O+H]1+
52255,821.5926,5.831055,[M+H]1+
2848,1014.656,4.912886,[M+H]1+
24034,619.3063,3.755594,[M+H]1+
5064,762.5254,5.39,[M+H]1+
4765,832.5063,5.282,[M+Na]1+
1100,828.5345,5.202,[M+H]1+
20943,330.2125,0.540227,[M+H]1+
9651,785.5463,7.228695,[M+H]1+
2090,793.5173,5.425,[M+H]1+
992,828.5346,5.094,[M+H]1+
41789,816.4904,6.073382,[M+K]1+
861,810.5243,5.282,[M+H]1+
30951,1221.9606,7.157315,[M+H]1+
32129,864.4958,5.174,[M+Na]1+
6117,561.3231,5.092,[M+H]1+
1173,333.1665,4.734,[M+Na]1+
9029,389.7712,5.489,[M+H]1+
2238,229.1541,0.608248,[M+H]1+
1118,795.5332,5.526,[M-H2O+H]1+
34531,795.5106,7.552,[M+NH3+H]1+
50479,801.0186,6.083359,[M+H]1+
1982,741.4866,5.332051,[M+K]1+
4452,1279.0284,7.190396,[M+H]1+
6657,705.2358,7.561018,[M+H]1+
30652,1090.6693,6.76025,[M+H]1+
28462,726.4286,5.245,[M+Na]1+
12983,576.3101,4.713019,[M+2H]2+
15965,784.4725,5.176,[M+H]1+
956,740.4833,5.332051,[M+K]1+
2409,850.517,5.218777,[M+Na]1+
5251,845.5333,5.252561,[M+H]1+
7849,792.563,5.57,[M-H2O+H]1+
38236,1222.962,7.134961,[M+H]1+
40683,334.1757,0.815834,[M+H]1+
10046,788.5402,5.401265,[M+H]1+
3651,827.5223,5.168,[M+H]1+
8088,762.4651,5.326,[M+K]1+
15912,405.274,5.495075,[M+H]1+
18669,856.5658,5.578,[M+H]1+
1430,796.5451,5.255,[M+H]1+
6143,739.4711,5.238,[M+H]1+
5763,320.0778,0.693,[M+Na]1+
30170,503.2632,4.791114,[M+2H]2+
4007,842.5142,5.332051,[M+H]1+
23467,1084.8291,5.729,[M+Na]1+
4490,848.501,5.139616,[M+Na]1+
11944,856.564,5.293564,[M+Na]1+
4022,812.5394,5.566562,[M+H]1+
32710,227.1021,0.536558,[M+H]1+
3805,826.5193,5.024286,[M-2H2O+H]1+
14125,577.5176,5.245094,[M+H]1+
29953,824.504,5.095,[M+H]1+
26223,816.5714,5.974244,[M+H]1+
1411,263.1382,1.18,[M+H]1+
6507,1121.6388,5.112,[M+H]1+
33031,1130.1218,7.06,[2M+H]1+
4946,835.5251,5.193,[M+Na]1+
687,299.0991,0.683,[M+H]1+
17081,602.3083,3.998438,[M+H]1+
25299,722.4214,4.682987,[M+H]1+
4609,791.5016,5.139616,[M-2H2O+H]1+
21398,355.1538,0.647862,[M+H]1+
14777,732.4413,5.208841,[M+H]1+
969,792.5142,5.218777,[M-2H2O+H]1+
48990,222.1482,2.632,[M+H]1+
9964,874.5512,7.555478,[M+NH3+H]1+
3845,1278.0277,7.190396,[M+H]1+
13100,1256.0421,7.140454,[M+H]1+
6490,860.5248,4.8465,[M+H]1+
2026,811.528,5.399,[M+H]1+
1762,300.0917,0.693,[M+H]1+
10290,817.5638,5.425,[M+H]1+
2532,790.4981,5.139616,[M-2H2O+H]1+
7229,304.2991,4.784979,[M+H]1+
5887,704.4468,5.24542,[M+H]1+
16218,315.1577,4.561932,[M-H2O+H]1+
3162,299.0995,0.919283,[M+H]1+
9163,1280.0309,7.190396,[M+H]1+
5444,506.2963,0.576888,[M+NH3+H]1+
31239,866.5119,5.261,[M+Na]1+
11405,836.5385,7.557983,[M+ACN+H]1+
3290,850.5166,5.072595,[M+Na]1+
2700,738.4675,5.238,[M+H]1+
39748,1105.4038,0.871254,[M+H]1+
10526,1133.6016,4.855,[M+H]1+
13544,263.1422,1.239,[M+H]1+
17761,684.5596,5.85824,[M+H]1+
12742,855.552,5.194791,[M+Na]1+
11109,688.4155,4.829,[M-H2O+H]1+
7953,300.0917,0.89755,[M+H]1+
15362,250.093,0.535109,[M+H]1+
7275,992.7417,5.808,[M+NH3+H]1+
37576,1182.8201,7.276865,[M+H]1+
30561,455.7009,3.299819,[M+2H]2+
9865,561.8245,5.112,[M+H]1+
10615,816.6375,5.837974,[M+H]1+
1979,300.0918,0.621469,[M+H]1+
10856,862.5405,4.771367,[M+H]1+
19367,844.5657,5.255,[M+H]1+
27054,1223.848,6.342,[M+H]1+
1443,779.5384,6.292005,[M+H]1+
26999,777.541,5.485,[M+H]1+
4499,1107.8164,5.578,[M+H]1+
13653,292.1284,0.843,[M+H]1+
49445,790.5562,5.997379,[M+H]1+
1090,810.5245,5.399,[M+H]1+
3886,818.5779,5.57,[M+H]1+
38564,227.1389,0.547447,[M+H]1+
26634,553.2056,0.871254,[M+2H]2+
6257,1195.8287,7.120289,[M+2H]2+
20461,770.5303,5.866,[M+H]1+
1483,299.0993,0.605356,[M+H]1+
7221,517.3706,5.27015,[M+Na]1+
46810,238.0751,0.621469,[M+H]1+
35675,424.362,6.803901,[M+NH3+H]1+
8432,1196.3307,7.120289,[M+2H]2+
3280,575.2817,7.364818,[M+H]1+
39935,382.0478,0.693,[M+H]1+
25390,1281.0345,7.190396,[M+H]1+
8307,904.6895,5.827983,[M+NH3+H]1+
11517,882.507,4.848379,[M+Na]1+
4707,575.4135,5.365,[M+Na]1+
10106,755.5018,5.273,[M+H]1+
22930,677.53,6.183926,[M+H]1+
33725,1149.5983,4.873,[M+H]1+
29222,611.4644,5.552548,[M+H]1+
24984,840.5347,5.23,[M+H]1+
34524,520.353,7.017,[M+H]1+
4271,730.5644,5.546,[M+NH3+H]1+
14065,801.5806,7.543,[M+H]1+
14588,549.4138,5.79,[M+NH3+2H]2+
10630,184.0634,0.537431,[M+H]1+
3121,510.3196,4.985,[M+H]1+
6851,671.3839,6.121,[M+Na]1+
17488,748.4518,5.142,[M+H]1+
14434,936.4971,4.649912,[M+Na]1+
2145,197.1281,8.053366,[M+H]1+
9302,786.525,5.347,[M+NH3+H]1+
17493,484.3037,4.89,[M+H]1+
34826,1466.9923,7.122575,[M+H]1+
231,794.5294,5.395,[M+H]1+
3408,1106.8136,5.578,[M+H]1+
3147,640.4422,6.16843,[M+2H]2+
12565,750.467,5.425,[M+H]1+
7921,816.5623,5.264,[M+H]1+
13047,672.5231,7.520629,[M+H]1+
15043,733.5148,5.504,[M+NH3+H]1+
46094,297.9625,0.621469,[M+H]1+
2565,187.1437,0.727814,[M+2H]2+
5284,783.5593,6.380666,[M+H]1+
5939,777.5224,5.193,[M+H]1+
479,795.5329,5.395,[M+H]1+
4394,255.1638,0.649,[M+H]1+
35994,241.2346,3.947611,[M+H]1+
8190,714.1845,7.590278,[M+H]1+
20458,864.5144,5.199898,[M+H]1+
17772,677.5303,6.252725,[M+H]1+
10058,213.1228,0.535656,[M+H]1+
5773,757.5177,5.378,[M+H]1+
23618,374.3251,4.723,[M+H]1+
2197,320.1595,0.972,[M+H]1+
23876,703.4348,5.158,[M+H]1+
13834,731.5595,6.056376,[M+Na]1+
49510,481.1519,0.587501,[M+H]1+
6636,185.1279,8.123,[M+H]1+
3014,1136.8571,5.938155,[M+H]1+
13159,365.2763,4.345339,[M+Na]1+
15462,599.3922,4.558066,[M-H2O+H]1+
17383,633.4526,7.371,[M+H]1+
9030,575.3035,4.819984,[M-H2O+H]1+
7028,546.3979,5.238545,[M+H]1+
1241,263.1382,1.171,[M+ACN+Na]1+
2753,235.1183,0.578,[M+H]1+
20928,293.2465,5.351,[M+H]1+
2133,324.1452,0.535218,[M+H]1+
7607,843.5172,5.31991,[M+H]1+
23950,640.5334,5.865899,[M+H]1+
24299,772.6033,6.831438,[M+H]1+
5973,784.4833,7.55,[M+Na]1+
18375,557.4447,5.26002,[M+NH3+H]1+
2517,263.1382,0.973,[M+H]1+
32690,453.1869,4.752441,[M+H]1+
3725,256.176,0.687,[M+H]1+
21209,609.449,5.22,[M+H]1+
28987,751.6249,6.831438,[M+H]1+
20205,506.2152,2.235,[M+H]1+
3884,353.2289,3.875754,[M+Na]1+
6311,834.6118,5.223366,[M+NH3+H]1+
36475,303.8826,0.539988,[M+H]1+
8591,1130.8611,5.57,[M+2Na-H]1+
954,814.5558,5.591,[M+H]1+
1873,815.5592,5.591,[M+H]1+
25646,909.6441,5.816,[M+Na]1+
13381,809.5402,5.476386,[M+H]1+
737,336.1657,1.950796,[M+H]1+
35460,800.5685,6.182817,[M+Na]1+
7260,528.2192,0.639869,[M+H]1+
15544,750.6215,6.831438,[M+H]1+
3066,734.4724,5.184,[M+H]1+
50020,380.3358,7.34408,[M+H]1+
20638,576.812,4.723,[M+2H]2+
45237,412.083,0.606839,[M+H]1+
44465,765.2521,1.099466,[M+H]1+
3853,759.5906,6.481579,[M+H]1+
5687,606.9679,6.058299,[M+2H]2+
986,699.4012,1.57232,[M+H]1+
25045,629.5004,7.530604,[M+H]1+
18963,744.5718,6.224,[M+Na]1+
43621,235.1687,4.727203,[M-H2O+H]1+
13251,288.2525,4.864015,[M+H]1+
40177,395.3292,5.06229,[M+H]1+
8129,453.1868,4.855031,[M+K]1+
2463,490.2885,4.838,[M+Na]1+
15646,856.5655,5.403,[M+H]1+
24839,1099.5966,4.949,[M+H]1+
32423,707.4295,4.829,[M+H]1+
17607,295.2257,5.188896,[M+H]1+
17414,548.8169,5.086,[M+2H]2+
1522,336.2603,4.83,[M+H]1+
15520,1192.8044,6.506782,[M+2H]2+
36,476.2751,4.855,[M+H]1+
27507,1075.5614,4.988,[M+H]1+
2259,304.2625,4.855,[M+Na]1+
34,480.3065,5.038,[M+H]1+
285,339.2882,5.038,[M+H]1+
915,800.5164,5.947432,[M+Na]1+
1728,801.5198,6.073382,[M+Na]1+
21364,1192.3032,6.582623,[M+2H]2+
10870,802.5225,6.075454,[M+Na]1+
7364,1036.7677,5.799,[M+NH3+H]1+
21143,854.5389,5.148,[M+Na]1+
1960,933.5895,5.023769,[M+H]1+
22782,741.4432,6.0621,[M+H]1+
39280,298.2312,0.683,[M+H]1+
396,455.2944,4.995,[M+H]1+
69,454.2909,4.994,[M+H]1+
52555,545.4008,5.719,[M+H]1+
11423,291.2307,5.273,[M+H]1+
8110,768.4777,5.072595,[M+H]1+
26974,1184.8403,5.562,[M+H]1+
12246,1194.821,7.543,[M+2H]2+
29101,297.132,4.860053,[M+H]1+
3750,460.2677,5.030923,[M+H]1+
19644,1193.3109,7.540354,[M+2H]2+
27944,190.1254,3.230357,[M+H]1+
15973,566.2971,4.8,[M+H]1+
17989,196.1328,0.540313,[M+H]1+
11464,504.2738,4.844972,[M+2H]2+
18728,826.5193,5.550224,[M+H]1+
10843,589.4263,6.157731,[M+Na]1+
1437,318.1801,1.409275,[M+K]1+
14378,833.5093,5.12137,[M+Na]1+
34604,513.3853,5.594149,[M+H]1+
2062,561.3952,7.530604,[M+Na]1+
51259,376.5693,7.619233,[M+H]1+
20592,863.5441,4.771367,[M+H]1+
1997,343.1874,0.537008,[M+2K-Na]1+
44969,241.1178,0.553935,[M+H]1+
5197,334.1538,3.095263,[M+H]1+
35666,584.4709,6.157731,[M+NH3+H]1+
50769,169.0757,1.28,[M+H]1+
6455,665.0095,6.308597,[M+2H]2+
5194,784.5069,5.39,[M+CH3OH+H]1+
4399,255.1221,4.734,[M+H]1+
21932,527.4009,5.799,[M+H]1+
42991,605.3276,4.27335,[M+H]1+
2401,429.3172,7.364818,[M+Na]1+
8598,512.4138,7.401932,[M+NH3+H]1+
35433,742.4622,5.26415,[M+H]1+
1163,211.1436,0.126026,[M+H]1+
6969,1195.3263,7.120289,[M+2H]2+
2097,605.4213,7.530604,[M+Na]1+
15132,772.6116,5.847965,[M+H]1+
27466,675.3696,7.367,[M+H]1+
7570,681.4919,5.742,[M+2H]2+
8936,277.2152,5.197802,[M-H2O+H]1+
3877,531.2557,7.364818,[M+Na]1+
8525,211.1475,4.724065,[M+H]1+
8637,325.1862,1.363773,[M+H]1+
52488,184.075,3.911996,[M+H]1+
8519,848.5178,5.314166,[M+K]1+
440,211.1435,8.024,[M+H]1+
25245,803.526,6.054994,[M+H]1+
9378,838.5532,5.564,[M+Na]1+
29451,329.3152,4.662974,[M+H]1+
24125,753.5206,6.932074,[M+Na]1+
28840,202.2161,3.156085,[M+H]1+
16086,905.6929,5.827983,[M+NH3+H]1+
10428,501.3744,6.107627,[M+Na]1+
33931,457.3484,5.719,[M+H]1+
6625,537.5345,5.843,[M+H]1+
5927,620.311,7.377707,[M+Na]1+
52622,443.3377,5.738397,[M+H]1+
29552,738.5031,6.843,[M+Na]1+
43087,768.5413,6.171212,[M+H]1+
3574,276.1703,0.533454,[M+H]1+
6146,355.2452,4.647481,[M+H]1+
19300,236.9563,7.589068,[M+H]1+
2245,637.9647,6.16843,[M+2H]2+
12749,424.3627,5.298516,[M+H]1+
6033,727.5048,6.709075,[M+2H]2+
15116,705.9827,5.741,[M+2H]2+
14940,327.2494,5.229779,[M+H]1+
10119,794.5294,5.489,[M+H]1+
7345,703.5051,5.741,[M+2H]2+
6092,785.5753,7.535,[M+Na]1+
8281,615.4528,5.761,[M+NH3+2H]2+
9320,643.2623,7.565316,[M-2H2O+H]1+
7472,795.5413,5.243515,[M+H]1+
18727,752.2571,1.189504,[M+H]1+
2066,240.2314,4.354234,[M+H]1+
42428,679.4476,6.127012,[M+H]1+
22602,608.3946,6.391,[M+H]1+
1869,242.1859,0.535128,[M+H]1+
7009,215.1388,0.536582,[M+H]1+
3254,343.2944,4.357783,[M+H]1+
12591,281.1489,0.572701,[M+2H]2+
4163,635.4869,6.16843,[M+2H]2+
21032,768.1196,0.642,[M+H]1+
13695,466.4082,5.587,[M+H]1+
14505,595.3793,5.229779,[M+H]1+
29135,399.2151,5.111,[M+H]1+
30648,671.5195,6.541115,[M+H]1+
3192,758.5872,6.49696,[M+H]1+
11587,183.1124,0.579887,[M+H]1+
16855,759.5928,5.548,[M+H]1+
28702,795.5433,5.301,[M+Na]1+
37874,356.2785,5.159144,[M+H]1+
46729,1124.8966,5.808,[M+H]1+
4056,195.1012,4.894,[M+H]1+
23851,584.3074,4.845,[M+H]1+
27647,765.5309,5.452,[M+Na]1+
3844,501.3059,4.907955,[M+H]1+
28606,349.1974,4.023718,[M+H]1+
36540,526.2659,4.781241,[M+H]1+
3623,934.5934,5.023769,[M+H]1+
715,960.6091,5.038,[M+H]1+
35407,776.57,6.803,[M+NH3+H]1+
7548,1033.618,4.899,[M+Na]1+
1836,308.2938,5.038,[M+H]1+
1436,436.2805,4.994,[M-H2O+H]1+
16379,715.5078,7.549245,[M+H]1+
45368,496.2554,4.77038,[M+H]1+
34189,632.2799,2.534518,[M+H]1+
42128,675.5145,5.937289,[M+H]1+
8091,567.3046,4.837,[M+2H]2+
33005,384.5556,7.599264,[M+H]1+
9855,831.2321,3.409192,[M+H]1+
26083,1131.5865,4.8,[M+H]1+
15829,455.1991,3.299819,[M+2H]2+
11132,785.5108,5.39,[M+CH3OH+H]1+
3350,295.1645,0.534218,[M+2H]2+
1734,329.1486,0.932,[M+H]1+
26060,424.3619,7.354055,[M+NH3+H]1+
9584,593.4539,5.184,[M+H]1+
14630,386.2946,6.911,[M+H]1+
15849,790.5488,5.15,[M+H]1+
2741,473.343,7.389421,[M+Na]1+
1528,329.1488,1.010213,[M-2H2O+H]1+
35264,584.4713,6.803,[M+H]1+
22871,677.4788,7.371,[M+H]1+
5737,953.5588,4.933,[M+H]1+
37872,407.3257,4.772286,[M+H]1+
31536,1173.802,5.77,[M+H]1+
8721,860.6635,5.827983,[M+NH3+H]1+
2507,661.2729,7.565316,[M-H2O+H]1+
15669,604.3236,4.280257,[M+H]1+
16120,185.1321,4.724065,[M-H2O+H]1+
45723,285.2775,8.51875,[M+H]1+
46642,699.2198,7.619233,[M+H]1+
46229,279.231,0.025978,[M+H]1+
15550,267.1223,4.766212,[M+H]1+
13711,751.5176,5.321,[M+Na]1+
46244,427.3016,7.412445,[M+H]1+
2349,777.4231,1.242489,[M+H]1+
9229,430.3206,7.364818,[M+Na]1+
27479,177.054,3.118824,[M+H]1+
4644,422.3836,5.404,[M+H]1+
17604,259.1413,0.536768,[M+H]1+
2350,318.2998,3.918132,[M+H]1+
27461,596.5071,5.87864,[M+H]1+
8316,677.4814,5.433,[M+Na]1+
15567,589.4266,7.371,[M+H]1+
7768,488.3635,5.385,[M+Na]1+
9879,214.2162,5.22051,[M+NH3+H]1+
5126,466.4095,5.385,[M+H]1+
1253,443.3335,5.394,[M+CH3OH+H]1+
11560,258.2788,4.627526,[M+NH3+H]1+
7647,589.4265,5.47668,[M+H]1+
14414,496.4189,7.520629,[M+H]1+
1854,272.258,3.985978,[M+H]1+
5361,556.441,5.27015,[M+NH3+H]1+
880,304.1763,0.563885,[M+ACN+H]1+
15312,545.4006,7.371,[M+H]1+
9257,363.2129,4.8,[M+Na]1+
6477,225.1592,0.701286,[M-NH3+H]1+
15404,766.5276,5.201532,[M+H]1+
13550,656.5287,5.65,[M+H]1+
2698,237.1116,4.734,[M-H2O+H]1+
6990,468.3889,5.280281,[M+NH3+H]1+
41800,383.2756,7.393956,[M+H]1+
1651,242.1857,0.704576,[M+H]1+
6762,808.5067,7.544,[M+2Na-H]1+
5493,352.1646,1.897551,[M+H]1+
15060,473.2237,1.1031,[M+2H]2+
3179,312.3251,5.797,[M+H]1+
38172,513.3052,4.407512,[M+H]1+
7504,223.1435,1.443,[M+H]1+
10103,746.494,5.478,[M+H]1+
989,813.5436,5.479386,[M+H]1+
1017,324.2031,0.536548,[M-H2O+H]1+
12311,760.5944,6.570159,[M+H]1+
36361,724.606,6.729,[M+H]1+
16593,996.6006,5.279225,[M+NH3+H]1+
30376,226.2157,4.252747,[M+H]1+
3033,363.2976,5.321,[M+Na]1+
12385,502.3719,5.248286,[M+H]1+
9536,507.3272,5.248286,[M+H]1+
27841,451.2079,5.004,[M+Na]1+
50657,507.1059,4.889495,[M+H]1+
27907,495.1265,5.015977,[M+2Na-H]1+
1285,462.2962,5.038,[M-H2O+H]1+
9213,483.3147,5.046,[M+H]1+
38979,603.5204,7.025246,[M+K]1+
38789,742.4471,6.073382,[M+H]1+
43094,600.2927,3.750418,[M-H2O+H]1+
10963,1230.0157,7.099,[M+H]1+
6681,240.2313,3.947611,[M+H]1+
53017,632.2826,2.798204,[M+H]1+
22105,577.5179,4.802101,[M+H]1+
21797,577.5171,4.883,[M+H]1+
9395,788.5165,6.171212,[M+Na]1+
12957,688.5181,7.393956,[M+NH3+H]1+
2528,649.4473,7.530604,[M+Na]1+
34747,257.2468,8.455481,[M+H]1+
7834,747.5312,5.732,[M+2H]2+
12487,715.1896,7.578036,[M+H]1+
11047,545.4004,6.157731,[M+Na]1+
5193,758.5563,7.534,[M+NH3+H]1+
6205,650.4507,7.530604,[M+Na]1+
18845,604.3236,4.391186,[M+H]1+
43555,265.2519,8.465566,[M+H]1+
18310,819.5809,5.57,[M+H]1+
25247,354.3356,5.181,[M-H2O+H]1+
34888,678.4818,6.157731,[M+Na]1+
3604,577.5179,7.561,[M+H]1+
8050,532.3893,5.365,[M+Na]1+
47824,716.5496,7.416,[M+H]1+
37328,628.4973,6.159205,[M+NH3+H]1+
14392,576.4164,5.365,[M+Na]1+
50350,834.5903,6.184903,[M+H]1+
18257,762.5261,4.812,[M+H]1+
4217,1141.8125,5.938155,[M+H]1+
4293,473.3433,6.803,[M+Na]1+
4068,510.4356,5.385,[M+H]1+
4181,332.3301,4.919,[M+H]1+
1133,211.1438,8.583,[M+H]1+
46063,159.0648,0.924,[M+H]1+
2202,457.3493,5.487,[M+Na]1+
6424,760.5093,4.883071,[M+H]1+
4908,352.1647,1.987175,[M+H]1+
31092,177.9571,7.633324,[M+H]1+
9146,320.171,0.545,[M+H]1+
30232,568.3087,4.836,[M+H]1+
8367,556.4398,7.430858,[M+NH3+H]1+
321,537.5338,5.654,[M+H]1+
22499,768.5955,5.543473,[M+H]1+
4956,375.1286,1.697347,[M+H]1+
5561,774.5905,5.53752,[M+ACN+H]1+
5295,444.3372,5.385,[M+CH3OH+H]1+
1787,285.1342,0.538559,[M+Na]1+
4619,548.4246,5.828024,[M+2H]2+
5723,271.1949,0.744761,[M+H]1+
18555,630.4756,5.167,[M+H]1+
504,812.5402,5.479386,[M+H]1+
14347,478.2335,5.177,[M+Na]1+
6006,168.0652,2.705141,[M+H]1+
19246,284.0557,2.329,[M+Na]1+
5916,722.5898,6.215,[M+H]1+
21828,684.4714,5.741,[M+2H]2+
41127,539.4136,5.292342,[M+H]1+
15753,770.5876,6.293738,[M+Na]1+
50991,567.2558,4.998,[M+H]1+
43252,381.2621,4.752123,[M+H]1+
22242,335.1505,5.117,[M+H]1+
36099,415.2397,4.881,[M+H]1+
16690,534.2934,5.003,[M+K]1+
4269,962.4321,4.723,[M+H]1+
23738,1383.0376,6.364692,[M+H]1+
4144,608.3171,4.847,[M+H]1+
1556,338.2759,4.933,[M+H]1+
1583,318.1805,1.559,[M-H2O+H]1+
20806,407.3358,5.317765,[M-NH3+H]1+
21540,794.5062,7.544,[M+NH3+H]1+
5434,1251.9985,7.087,[M+Na]1+
37977,726.5016,6.341,[M+H]1+
19874,833.6354,5.617092,[M+H]1+
27293,451.362,5.307634,[M+H]1+
43303,716.5491,6.157731,[M+NH3+H]1+
250,779.5375,5.928926,[M+H]1+
100,778.5347,5.983193,[M+H]1+
9622,363.3098,5.336,[M+H]1+
52625,349.1973,4.251299,[M+H]1+
3677,496.4202,5.478,[M+NH3+H]1+
47629,210.9323,0.540497,[M+H]1+
12409,633.4523,6.157731,[M+Na]1+
18368,576.5046,4.838,[M+H]1+
9493,587.31,5.951,[M+H]1+
6248,211.1473,4.022648,[M+H]1+
49091,285.278,8.991,[M+H]1+
8911,832.6318,5.617092,[M+H]1+
8735,413.3225,7.408,[M+H]1+
7030,575.501,4.811,[M+H]1+
6139,678.4756,5.211273,[M+H]1+
4159,295.1646,0.83365,[M+H]1+
24721,266.1717,3.760489,[M+Na]1+
20644,327.2005,5.365,[M+H]1+
3728,570.4581,5.365,[M+NH3+H]1+
47053,569.3676,4.407512,[M+H]1+
14596,727.9958,5.732,[M+2H]2+
18309,724.3207,4.848,[M+Na]1+
4210,159.1569,3.966566,[M+H]1+
36571,513.4103,5.894508,[M+H]1+
6701,1102.8402,5.57,[M+H]1+
44984,474.2561,4.725966,[M+Na]1+
2368,378.1476,1.556,[M+H]1+
6164,309.3259,5.084,[M+H]1+
4596,235.1072,0.833341,[M+H]1+
7198,528.276,0.567232,[M+H]1+
509,736.6057,6.448,[M+H]1+
13661,344.2977,4.357783,[M+H]1+
22840,741.2712,2.5446,[M+H]1+
49286,583.4891,6.929338,[M+H]1+
3697,744.5739,5.769,[M+H]1+
22024,481.2778,4.997637,[M+H]1+
45316,577.4781,6.351383,[M+H]1+
11750,516.2724,4.864,[M+H]1+
6431,298.3458,4.855,[M+H]1+
2285,961.6118,5.038,[M+H]1+
51074,1090.8192,6.012274,[M+H]1+
44186,638.6535,7.244894,[M+H]1+
10873,331.1964,1.152235,[M+H]1+
1504,329.1487,1.138,[M+H]1+
2929,263.1385,0.568889,[M+H]1+
2206,1249.9935,7.087,[M+Na]1+
967,437.1918,5.004,[M+H]1+
23388,789.5444,7.577951,[M+H]1+
49862,463.1967,2.965259,[M+H]1+
2501,1251.0,7.087,[M+Na]1+
1368,800.5167,6.292005,[M+H]1+
10198,1154.1118,7.017,[M+H]1+
40504,279.0925,4.293333,[M+H]1+
4254,686.5383,5.554,[M+NH3+H]1+
10705,531.4058,6.119,[M+H]1+
24680,452.393,7.363032,[M+H]1+
8980,600.4659,7.430858,[M+NH3+H]1+
6787,948.7157,5.808,[M+NH3+H]1+
5938,619.4399,5.346,[M+Na]1+
1822,254.2474,3.985978,[M-H2O+H]1+
52636,205.0677,0.653584,[M+H]1+
5564,433.176,5.178,[M+H]1+
49275,725.4668,7.615424,[M+H]1+
9457,721.5041,5.451,[M+Na]1+
9591,839.5672,5.243515,[M+Na]1+
8706,761.5161,5.344,[M+H]1+
12026,166.0857,3.078917,[M+NH3+H]1+
4666,247.2456,3.005198,[M+H]1+
3928,628.5004,5.442,[M+H]1+
29789,472.8264,5.213291,[M+2H]2+
16045,696.4569,5.368,[M+H]1+
3849,658.5114,5.336,[M+NH3+H]1+
9656,378.261,5.064,[M+H]1+
29030,277.1177,0.546893,[M+H]1+
7863,910.6426,6.247555,[M+NH3+H]1+
32782,283.1742,5.375,[M+H]1+
12542,770.0462,5.723,[M+2H]2+
18173,358.1965,0.640262,[M+H]1+
5409,473.3441,5.289399,[M+Na]1+
7128,440.2477,2.646082,[M+NH3+H]1+
6260,592.2961,1.324729,[M+H]1+
27332,835.5834,5.714,[M+2H]2+
19399,201.1229,2.805016,[M+CH3OH+Na]1+
46575,476.2373,3.691017,[M+CH3OH+H]1+
1033,737.6091,6.448,[M+H]1+
27185,551.3271,6.391,[M+H]1+
7603,556.3322,2.604064,[M+H]1+
2497,299.0811,0.578,[M+H]1+
8743,787.6223,7.065745,[M+H]1+
23597,569.2728,5.018,[M+H]1+
1603,482.3127,5.031,[M+H]1+
31981,365.1458,4.934,[M+H]1+
34541,598.3135,4.772462,[M+H]1+
380,337.2726,4.916,[M+H]1+
1986,546.3531,5.005,[M+H]1+
7192,317.1764,0.556886,[M+2H]2+
18663,846.5813,5.322115,[M+H]1+
52815,309.3252,7.248,[M+H]1+
46135,537.535,6.749,[M+H]1+
8899,584.471,7.520629,[M+H]1+
2106,683.2547,7.565316,[M+H]1+
10481,479.2842,4.854,[M+H]1+
4934,1229.0129,7.074146,[M+H]1+
2353,517.3691,7.530604,[M+Na]1+
15048,1253.0024,7.087,[M+Na]1+
7012,308.0902,0.533658,[M+H]1+
9872,191.1062,4.734,[M-H2O+H]1+
43720,661.4375,6.127012,[M-H2O+H]1+
10437,593.4401,5.78,[M+NH3+2H]2+
22977,309.3254,7.017,[M+H]1+
34779,1226.806,6.171,[M+NH3+H]1+
15685,237.1339,0.578,[M+2Na-H]1+
9059,261.2207,4.855,[M+H]1+
6252,606.4247,7.530604,[M+Na]1+
41308,611.6257,7.028,[M+H]1+
7213,174.1273,2.424505,[M+H]1+
35371,526.3928,5.272419,[M+H]1+
43028,672.5234,6.16082,[M+NH3+H]1+
5878,633.4555,5.442,[M+H]1+
51412,842.5949,6.386658,[M+H]1+
4238,606.4661,6.058299,[M+2H]2+
5735,818.6161,5.52692,[M+H]1+
18438,601.4696,5.282605,[M+NH3+H]1+
50210,649.4468,7.025,[M+H]1+
4161,200.2007,5.018,[M+H]1+
7700,471.3637,5.587,[M+ACN+H]1+
14522,787.5289,7.569045,[M+ACN+H]1+
6211,261.1439,1.194269,[M+H]1+
3128,304.1726,0.994424,[M+2H]2+
11002,717.5529,5.451,[M+NH3+H]1+
10508,688.5178,5.257052,[M+NH3+H]1+
11625,728.4443,5.379,[M+H]1+
17606,502.4078,5.273,[M+H]1+
11749,235.1074,0.541,[M+H]1+
42413,319.2987,5.362,[M-NH3+H]1+
32534,426.1947,4.899,[M+H]1+
4592,977.6521,5.029346,[M+H]1+
20597,1135.5602,4.864,[M+H]1+
4671,932.5779,4.986,[M+H]1+
24837,567.2922,5.04736,[M+H]1+
23792,567.8289,5.078227,[M+H]1+
5562,1025.6519,4.97,[M+H]1+
31220,1189.2804,6.073382,[M+2H]2+
13069,430.3206,6.803,[M+Na]1+
46592,315.1042,1.908366,[M+H]1+
2814,593.5956,7.219362,[M+H]1+
14703,459.3273,5.211273,[M+H]1+
3516,1152.1073,7.017,[M+H]1+
33771,584.4712,7.410939,[M+H]1+
8521,561.3971,5.26002,[M+Na]1+
15769,211.1311,0.738453,[M+H]1+
40340,540.4449,6.157731,[M+NH3+H]1+
1644,209.1167,4.734,[M+H]1+
34470,628.4974,7.402436,[M+H]1+
7943,457.3483,6.107627,[M+H]1+
13448,201.123,8.985,[M+CH3OH+H]1+
3257,385.2912,7.334734,[M+Na]1+
2616,531.386,5.375,[M+Na]1+
9287,576.5042,5.394,[M+H]1+
43309,628.4973,6.803,[M+H]1+
11306,596.4728,5.255,[M+H]1+
4167,575.5012,5.381,[M+H]1+
39705,496.4189,6.127669,[M+NH3+H]1+
3799,762.5257,7.569111,[M+NH3+H]1+
26981,207.0646,1.194256,[M+H]1+
1469,226.1544,0.578,[M+H]1+
27300,750.5014,6.281247,[M+H]1+
677,270.192,0.535128,[M-H2O+H]1+
4334,268.2628,4.79516,[M+H]1+
6448,172.9765,7.78,[M+H]1+
11099,615.4875,5.346,[M+NH3+H]1+
41855,892.653,5.42,[M+H]1+
722,798.5516,5.478,[M+H]1+
2201,213.113,1.577045,[M+H]1+
2729,709.5776,6.056376,[M+H]1+
16272,752.6003,5.680602,[M+H]1+
2880,459.2419,1.669301,[M+H]1+
12522,723.5933,6.215,[M+H]1+
5668,547.3566,5.005,[M+H]1+
31364,454.1913,3.100648,[M+2H]2+
2159,282.2782,4.994,[M+H]1+
11629,557.2914,4.896,[M+H]1+
34416,540.4452,7.393956,[M+H]1+
39661,213.9222,8.916,[M+H]1+
25398,872.5611,5.274,[M+H]1+
14503,757.519,5.551,[M+H]1+
11592,788.5412,7.577951,[M+H]1+
7908,722.5017,5.211273,[M+H]1+
4115,1153.1107,7.017,[M+H]1+
46800,197.1279,1.820714,[M+H]1+
18618,576.3102,4.837,[M+2H]2+
7556,763.5289,7.561,[M+NH3+H]1+
11601,369.2963,5.990082,[M+H]1+
467,507.2794,2.361413,[M+Na]1+
18107,728.5853,5.841082,[M+H]1+
1936,526.4303,5.375,[M+NH3+H]1+
33056,1170.7454,5.875614,[M+NH3+H]1+
734,246.2425,3.045108,[M+H]1+
14187,501.3747,7.527,[M+H]1+
34410,312.3252,4.808967,[M-H2O+H]1+
16999,1010.3671,2.497019,[M+H]1+
37641,184.075,4.022,[M+Na]1+
8608,530.3741,6.572,[M+H]1+
6724,239.0882,7.942883,[M+H]1+
6015,594.4919,5.628,[M+H]1+
12374,674.5052,4.804,[M+NH3+H]1+
7817,313.2338,5.113072,[M+H]1+
1035,855.4217,1.967803,[M+H]1+
44581,600.2855,1.686928,[M+H]1+
1337,263.1385,1.117913,[M+H]1+
6791,465.2476,7.334734,[M+H]1+
3469,738.6123,6.448,[M+H]1+
12794,441.1837,2.468925,[M+CH3OH+H]1+
28211,735.5937,5.690685,[M-H2O+H]1+
9177,401.2577,2.43,[M+H]1+
52517,379.158,1.239525,[M+H]1+
17755,533.3636,5.085185,[M+Na]1+
41317,499.1624,4.898,[M+H]1+
4097,614.3851,1.0,[M+H]1+
2942,302.207,0.586599,[M+H]1+
4382,642.5129,5.566,[M+3Na-2H]1+
22408,419.1817,5.187815,[M+Na]1+
22378,381.2426,5.018,[M+H]1+
12929,158.961,8.936,[M+H]1+
35918,328.3197,5.056,[M+H]1+
18117,1103.6289,5.046,[M+H]1+
20413,281.2948,7.017,[M+H]1+
2102,405.2597,5.149,[M-2H2O+H]1+
9270,554.4609,5.365,[M+H]1+
26084,169.0968,8.985,[M+H]1+
36295,257.2466,8.988,[M+H]1+
38821,496.4191,6.803,[M+H]1+
6495,663.4608,5.346,[M+Na]1+
10966,644.492,7.420884,[M+NH3+H]1+
165,437.1916,4.888237,[M+Na]1+
3573,540.4464,5.469,[M+H]1+
8698,707.4922,5.326882,[M-NH3+H]1+
14781,408.3662,5.336,[M+H]1+
6920,275.1602,0.934335,[M+H]1+
9503,273.2613,3.985978,[M+H]1+
14389,796.5378,5.075,[M+NH3+H]1+
14362,244.2267,3.11495,[M+H]1+
10942,247.1687,4.563131,[M+H]1+
1258,311.1846,4.734,[M+H]1+
5451,275.1601,0.726566,[M+H]1+
16191,561.3954,6.991,[M+H]1+
15202,195.9932,7.59333,[M+H]1+
3981,614.4843,5.346,[M+NH3+H]1+
11373,167.9853,7.5873,[M+H]1+
17087,593.9417,5.77,[M+NH3+2H]2+
6005,452.394,5.478,[M+NH3+H]1+
4406,581.3063,4.974,[M+H]1+
8020,453.2443,0.601,[M-2H2O+H]1+
14867,605.4217,5.282605,[M+Na]1+
1547,488.307,0.805165,[M+H]1+
25032,365.1909,0.783033,[M+H]1+
31927,762.6075,7.084756,[M+Na]1+
52429,563.5011,6.379671,[M-H2O+H]1+
3055,931.5744,4.986,[M+H]1+
23501,308.0901,5.009,[M+H]1+
17213,1193.8127,7.545422,[M+2H]2+
30038,1155.1171,7.017,[M+H]1+
16225,435.1731,5.178,[M+H]1+
19344,1222.8434,6.342,[M+H]1+
6523,722.507,7.106,[M+CH3OH+H]1+
21940,276.1256,1.878399,[M+H]1+
2088,460.2677,4.8995,[M+H]1+
38841,552.481,5.882564,[M+H]1+
11321,468.3878,7.382981,[M+NH3+H]1+
17541,368.1701,4.587617,[M+H]1+
50743,191.0696,8.49,[M+H]1+
11292,689.4891,5.522308,[M+2H]2+
5342,561.3954,6.823,[M+Na]1+
15496,474.3467,6.803,[M+Na]1+
6749,814.496,5.419,[M+H]1+
19751,170.9606,7.648,[M+H]1+
5125,512.4152,5.27015,[M+NH3+H]1+
18850,604.5364,7.577951,[M+H]1+
4273,174.9539,7.648,[M+H]1+
44541,717.4228,6.250483,[M+H]1+
16143,218.9835,7.633324,[M+ACN+H]1+
5107,223.1072,0.927277,[M+H]1+
17278,612.5025,5.66,[M+ACN+Na]1+
619,158.1536,3.956585,[M+H]1+
4370,1108.8281,5.578,[M+H]1+
5021,158.9859,7.602344,[M+H]1+
12066,519.2797,2.587644,[M+H]1+
3311,209.1279,0.578,[M-NH3+H]1+
3696,414.234,0.545681,[M+H]1+
5250,760.6033,7.065745,[M+Na]1+
2742,576.312,1.463598,[M+H]1+
16149,749.6091,6.249164,[M+H]1+
9483,720.5745,5.944,[M+H]1+
32024,429.2256,4.998207,[M+H]1+
17015,849.5215,5.314166,[M+K]1+
2789,987.6367,4.891,[M+H]1+
13786,360.3613,5.027,[M+H]1+
16622,997.6974,5.813,[M+Na]1+
15764,518.3727,6.803,[M+Na]1+
46384,716.5493,6.217856,[M+H]1+
25623,397.1995,5.180317,[M+H]1+
689,438.195,4.888237,[M+Na]1+
20222,276.1585,5.071,[M+H]1+
37293,273.0959,4.819984,[M+H]1+
10366,369.2964,7.347,[M+H]1+
18102,954.6835,5.804,[M+H]1+
48115,194.1169,4.039,[M+CH3OH+H]1+
1786,385.2438,0.83183,[M+H]1+
4852,168.0651,2.616865,[M+H]1+
38984,229.1541,0.858293,[M+H]1+
9621,540.445,7.520629,[M+H]1+
12101,517.3693,6.991,[M+H]1+
39611,177.054,3.382148,[M+H]1+
11835,700.5546,5.64,[M+H]1+
27648,549.3129,5.055,[M+H]1+
3198,262.1182,0.893818,[M+NH3+H]1+
12176,173.0806,7.992962,[M+H]1+
15908,265.104,2.72247,[M+H]1+
6204,393.2386,5.113,[M+H]1+
52505,226.1545,0.855636,[M+H]1+
37080,597.3311,5.285,[M+H]1+
5304,519.2432,2.532034,[M-3H2O+H]1+
5188,249.1228,1.017832,[M+H]1+
4297,405.1757,2.17888,[M+H]1+
30068,732.5721,6.400376,[M+H]1+
4752,499.2179,1.904283,[M+H]1+
5502,534.2658,1.039213,[M+H]1+
13074,378.3573,5.404,[M+H]1+
18629,882.3223,4.898,[M+H]1+
22096,716.1992,7.568103,[M+H]1+
42630,761.5477,5.705,[M+H]1+
30258,623.6174,6.980588,[M+Na]1+
22263,953.6704,5.816,[M+Na]1+
43780,274.2728,7.534,[M+H]1+
51408,836.5882,5.937473,[M+H]1+
14375,518.0156,4.872,[M+H]1+
11511,1279.906,5.012,[M+H]1+
13359,567.5715,7.064137,[M+H]1+
3695,281.1374,4.898,[M-H2O+H]1+
5874,461.2711,4.885,[M+H]1+
5050,517.3694,6.803,[M+Na]1+
6095,605.4215,6.833,[M+Na]1+
2948,385.292,5.336,[M+Na]1+
7087,168.0802,3.238331,[M+H]1+
6716,205.0678,0.535203,[M+H]1+
1548,172.9558,7.632325,[M+H]1+
6988,473.3432,6.991,[M+H]1+
30582,197.1165,4.195,[M+H]1+
4294,716.549,5.451,[M+NH3+H]1+
19051,176.9524,7.635635,[M+H]1+
586,393.2124,1.393914,[M+H]1+
9670,623.4506,5.547,[M+2H]2+
2512,482.4044,5.385,[M+NH3+H]1+
19402,391.3412,5.515044,[M+H]1+
5329,360.1908,1.145765,[M+H]1+
8792,807.557,7.543,[M+ACN+Na]1+
3145,760.509,5.327345,[M+H]1+
14064,816.5926,6.053141,[M+H]1+
2765,437.2385,1.551635,[M+H]1+
4537,235.1073,0.854,[M+H]1+
5247,819.4327,1.397,[M+H]1+
39559,195.1375,3.876378,[M+H]1+
10339,192.1014,2.142252,[M+H]1+
974,277.1793,5.193,[M+H]1+
10751,365.1346,5.189413,[M+H]1+
15947,739.6155,6.457,[M+H]1+
8823,1034.6221,4.899,[M+Na]1+
7780,962.6156,5.038,[M+H]1+
8424,957.5905,5.031,[M+H]1+
22545,1189.7822,6.090679,[M+2H]2+
22322,869.5771,7.530604,[M+Na]1+
7145,832.5062,5.12137,[M+Na]1+
13601,958.5936,5.029,[M+H]1+
10578,349.1825,1.22,[M+H]1+
10589,415.2268,4.887019,[M+H]1+
51583,548.3618,1.848607,[M+H]1+
4997,201.1229,2.748807,[M+H]1+
48285,442.1811,1.009428,[M+H]1+
8522,758.2191,6.83053,[M+H]1+
18319,195.9932,7.671454,[M+H]1+
4733,790.5859,5.23344,[M+H]1+
18642,645.4958,5.272868,[M+NH3+H]1+
9062,217.0967,0.995418,[M+H]1+
4634,438.3782,5.385,[M+H]1+
1867,207.017,7.578237,[M+ACN+H]1+
8,279.0901,1.492324,[M+H]1+
6698,227.1749,0.741685,[M+H]1+
10175,748.0327,5.732,[M+2H]2+
6592,730.5562,6.056376,[M+Na]1+
1963,512.3062,1.539,[M+3Na-2H]1+
3551,371.2277,0.591241,[M-2H2O+H]1+
7497,802.3951,4.829,[M+H]1+
1911,504.3066,4.899,[M-NH3+H2O+H]1+
20142,500.2729,5.2555,[M+H]1+
367,313.2727,4.995,[M+H]1+
39409,261.1087,3.69098,[M+H]1+
10964,579.4243,5.561633,[M+NH3+2H]2+
44158,261.1302,0.536109,[M+H]1+
50017,601.1879,3.691644,[M+H]1+
3174,721.5045,7.114,[M+CH3OH+H]1+
5714,173.1282,1.108774,[M+H]1+
46480,527.6577,4.963,[M+H]1+
4050,265.1794,4.919,[M+H]1+
8260,484.1369,1.17,[M-H2O+H]1+
30216,199.9987,7.601334,[M+H]1+
4620,165.9905,7.578237,[M+H]1+
47261,251.2001,4.487842,[M+H]1+
11274,413.3223,6.046501,[M+H]1+
11376,408.3674,5.487,[M+H]1+
6227,371.3257,4.79516,[M+NH3+H]1+
4445,215.0849,3.230288,[M+H]1+
11580,769.5441,5.732,[M+2H]2+
8141,398.1678,1.89978,[M+H]1+
17528,732.5441,5.165947,[M+H]1+
41258,362.1678,1.763735,[M+H]1+
15519,820.5957,5.229779,[M+H]1+
16553,447.2228,2.612734,[M+H]1+
8024,525.3021,0.866493,[M+H]1+
4390,261.6493,0.917,[M+H]1+
7942,748.6055,6.249164,[M+H]1+
31033,657.3247,5.17064,[M+H]1+
3610,279.231,5.117,[M+H]1+
466,401.2373,2.018062,[M+2H]2+
34070,474.2838,4.88195,[M+H]1+
43295,1254.0024,7.076,[M+H]1+
13729,902.3979,5.008482,[M+H]1+
6156,594.6013,7.219362,[M+H]1+
8184,183.0801,4.834,[M+H]1+
36398,865.6183,5.821027,[M+Na]1+
12745,1084.8284,5.578,[M-H2O+H]1+
6773,301.2838,3.947611,[M+H]1+
20758,723.5104,7.101997,[M+CH3OH+H]1+
30756,484.137,1.232952,[M+H]1+
1931,619.3075,7.393956,[M+Na]1+
19817,813.5704,5.714,[M+2H]2+
15619,549.486,7.569046,[M+H]1+
11018,223.0959,8.542,[M+H]1+
19093,503.3534,5.201532,[M+H]1+
20370,372.3457,5.18,[M+H]1+
4318,322.1869,0.706855,[M+H]1+
4951,554.2697,1.926625,[M+H]1+
16588,406.1964,2.209569,[M+H]1+
21068,740.6282,7.087,[M+H]1+
1909,1057.6182,4.881,[2M+Na]1+
19206,511.2788,4.871,[M+H]1+
45013,722.5515,6.179696,[M+H]1+
20459,359.2397,4.929,[M+H]1+
20804,408.3669,7.34408,[M+H]1+
12417,512.4142,6.823919,[M+NH3+H]1+
1224,565.5644,7.06,[M+H]1+
36476,643.609,6.845,[M+H]1+
5787,341.265,7.29264,[M+Na]1+
20815,433.2068,2.090281,[M+H]1+
8932,760.509,5.474071,[M+H]1+
9535,277.1466,1.252024,[M+2H]2+
22019,323.2206,4.781241,[M-H2O+H]1+
6053,181.0143,7.59333,[M+H]1+
13348,199.18,2.700762,[M+H]1+
9259,158.1535,7.013272,[M+H]1+
45956,371.2264,1.405701,[M-NH3+H]1+
11192,264.1313,0.800509,[M+H]1+
4610,440.1802,2.457511,[M+H]1+
10794,196.1164,0.660058,[M-NH3+H2O+H]1+
29084,753.6037,5.680602,[M+H]1+
4412,699.8448,1.155676,[M+2H]2+
6067,746.5897,5.9779,[M+H]1+
4962,786.6187,7.065745,[M+H]1+
720,801.4669,2.010054,[M+H]1+
10199,481.2995,4.934,[M+H]1+
8345,603.4934,6.379671,[M+Na]1+
2455,306.2783,4.933,[M+H]1+
8786,1026.6561,4.97,[M+H]1+
38773,331.2084,2.48152,[M+H]1+
21181,1129.776,5.78,[M+H]1+
23466,721.5047,6.210181,[M+Na]1+
19311,1085.75,5.793,[M+H]1+
36495,644.4905,6.572,[M+H]1+
17909,305.1564,0.978199,[M+H]1+
3506,385.2912,6.911,[M+H]1+
10441,1364.8557,7.143,[2M+K]1+
18259,557.913,5.570708,[M+NH3+2H]2+
4470,702.5367,5.326882,[M+H]1+
842,249.1844,5.143,[M+H]1+
12764,269.2102,4.580098,[M-H2O+H]1+
39294,711.327,0.564724,[M+Na]1+
9204,199.1797,2.606873,[M+H]1+
24258,435.367,5.505029,[M+H]1+
14533,264.1678,0.677692,[M+H]1+
11497,223.0631,4.09751,[M+H]1+
2232,531.2744,1.332,[M+H]1+
12384,606.3005,2.962209,[M-H2O+H]1+
3552,527.2921,0.534218,[M+ACN+H]1+
26695,315.1328,4.600102,[M+H]1+
36666,750.5846,5.738,[M+H]1+
19997,708.4598,5.737,[M+2H]2+
22870,1379.0066,6.120365,[M+H]1+
20444,577.3898,5.075225,[M+Na]1+
4173,1228.0094,7.074146,[M+H]1+
32854,601.5172,4.812,[M+H]1+
8159,309.1733,0.804329,[M+2H]2+
6974,252.1413,5.230641,[M+H]1+
23934,520.2685,4.236477,[M+H]1+
35760,279.159,8.97793,[M+H]1+
4839,171.9927,7.802661,[M+H]1+
19637,267.1224,3.612823,[M+H]1+
2837,358.2326,1.839,[M+H]1+
9992,629.5032,5.442,[M+H]1+
33362,432.3454,5.667966,[M+H]1+
4627,378.1986,2.488016,[M+Na]1+
7549,274.1182,1.154236,[M+H]1+
3714,453.1866,1.015243,[M+H]1+
2538,493.2645,2.245398,[M+CH3OH+Na]1+
11787,401.2371,2.078906,[M+H]1+
42049,291.1946,5.071,[M+H]1+
12475,557.293,4.985,[M+H]1+
13163,1000.6298,4.942,[M+H]1+
2021,487.3596,5.385,[M+Na]1+
53031,172.9559,0.656305,[M+H]1+
2845,566.5678,7.06,[M+H]1+
11671,316.2112,0.867074,[M-NH3+H]1+
16176,760.217,6.83053,[M+H]1+
36020,900.4408,6.278721,[M+H]1+
11976,759.2197,6.820525,[M+H]1+
29634,708.5085,6.219081,[M+H]1+
13805,504.2438,2.401984,[M+H]1+
28841,1478.0144,7.534,[M+H]1+
37215,857.5958,5.714,[M+H]1+
15428,166.0858,2.67828,[M+H]1+
3359,352.1644,1.814,[M+H]1+
3708,308.6575,1.279,[M+2H]2+
8530,231.1122,2.821757,[M+K]1+
7220,754.048,6.918324,[M+2H]2+
50370,359.1339,1.984726,[M+H]1+
9562,761.6068,7.065745,[M+Na]1+
3139,764.6367,7.055739,[M+H]1+
5446,400.7354,2.078906,[M+H]1+
8845,876.6576,5.617092,[M+H]1+
6669,612.3482,5.021,[M+H]1+
25535,166.0856,3.736,[M+H]1+
7292,649.4476,6.833,[M+Na]1+
24169,719.3959,7.457,[M+H]1+
4078,341.2652,6.911,[M+H]1+
5124,310.3097,7.200384,[M-NH3+H2O+H]1+
25813,1166.8287,5.589,[M+H]1+
21161,195.1012,4.226434,[M+H]1+
7894,725.5181,5.732,[M+2H]2+
5022,159.0913,0.598245,[M+H]1+
2193,758.4706,7.544,[M+NH3+H]1+
15160,600.4662,6.833928,[M+NH3+H]1+
35771,435.249,5.011059,[M+H]1+
2521,784.5082,7.544,[M+H]1+
9943,603.5336,7.577951,[M+H]1+
11679,201.123,2.154079,[M+H]1+
12526,166.0859,2.832159,[M+H]1+
45603,557.4362,5.887537,[M+H]1+
5062,375.2234,0.690858,[M+H]1+
35255,299.0994,1.75113,[M+Na]1+
1564,412.1827,2.819884,[M+Na]1+
18767,568.4761,5.668271,[M+H]1+
2162,242.1496,0.800858,[M+NH3+H]1+
36960,203.1421,4.240602,[M-H2O+H]1+
1356,708.5742,6.056376,[M+H]1+
36422,570.4188,5.26,[M+H]1+
4428,554.2855,4.821,[M+H]1+
19272,1069.7145,5.091,[M+H]1+
29261,514.3153,4.885,[M+H]1+
43976,790.5491,4.846834,[M+H]1+
6142,282.2785,7.037,[M-NH3+H2O+H]1+
3436,429.3172,6.803,[M+Na]1+
22274,755.5282,5.498019,[M+H]1+
12581,255.2508,3.995956,[M-H2O+H]1+
786,270.1917,0.744761,[M+H]1+
51279,447.2928,3.42425,[M+H]1+
36174,284.0997,0.891695,[M+H]1+
6212,243.1334,1.38,[M+H]1+
4998,664.5078,6.308597,[M+2H]2+
6085,276.1338,0.897183,[M+NH3+H]1+
5203,746.56,5.23344,[M+H]1+
2101,773.4907,4.839953,[2M+Na]1+
3637,598.3547,1.224239,[M+H]1+
5242,668.3383,4.802,[M+H]1+
35793,754.2673,5.024,[M+H]1+
8973,667.4761,5.531383,[M+2H]2+
35795,601.4695,6.833928,[M+NH3+H]1+
8996,480.4252,5.487,[M+H]1+
8997,1363.8521,7.123,[2M+K]1+
11934,433.207,2.489475,[M+H]1+
13621,593.5962,5.718,[M+NH3+H]1+
11465,574.4891,7.576966,[M+H]1+
13579,924.27,6.839803,[M+H]1+
7281,637.4658,5.761,[M+NH3+2H]2+
5378,258.2424,5.109518,[M+H]1+
6864,173.0804,0.739327,[M+H]1+
33004,223.0959,8.811,[M+H]1+
17710,199.1802,0.551887,[M+H]1+
845,235.1687,5.143,[M+H]1+
7614,644.4923,5.272868,[M+NH3+H]1+
9084,746.5632,5.311,[M+NH3+H]1+
14009,158.9612,3.298315,[M+H]1+
46097,245.0916,1.209967,[M+H]1+
1301,451.1996,1.459597,[M+H]1+
11473,1288.8276,7.535,[M+NH3+H]1+
5650,739.625,7.127,[M+H]1+
10496,637.9676,5.761,[M+NH3+2H]2+
31315,757.5752,6.144311,[M+H]1+
13026,704.5124,5.055305,[M+H]1+
4711,964.4476,4.794,[M+H]1+
22979,408.3671,6.921,[M+H]1+
15412,273.1477,4.0277,[M+H]1+
4647,584.4714,5.481,[M+H]1+
17713,288.2529,4.417003,[M+H]1+
24446,223.0959,0.329509,[M+H]1+
2902,156.9904,7.584316,[M+NH3+H]1+
17540,429.3168,7.007124,[M+H]1+
41834,229.1178,0.753,[M+H]1+
27475,816.4293,7.588,[M+H]1+
5400,153.1019,0.802,[M+H]1+
41845,281.1123,0.642,[M+H]1+
2214,391.2046,2.821757,[M+H]1+
14791,711.5938,6.410381,[M+H]1+
4541,445.203,2.641761,[M+Na]1+
50472,237.1016,3.402834,[M+H]1+
40506,626.2125,4.721,[M+H]1+
41556,1059.5679,7.391002,[M+NH3+H]1+
6454,785.6066,6.467385,[M+H]1+
6619,745.5773,5.759,[M+H]1+
1633,480.2975,4.933,[M+H]1+
22765,819.4467,4.662769,[M+Na]1+
2993,179.1063,4.804,[M+H]1+
8371,920.6838,5.598942,[M+H]1+
9720,693.4734,6.843,[M+Na]1+
1821,432.2365,4.887019,[M+NH3+H]1+
9727,483.4081,5.385,[M+NH3+H]1+
7601,279.2315,4.647481,[M+H]1+
2712,374.228,0.561573,[M+3Na-2H]1+
1533,158.9609,7.696053,[M+H]1+
34857,159.9633,7.777618,[M+H]1+
14350,583.3226,7.569,[M-H2O+H]1+
14992,166.0859,2.269558,[M+H]1+
20165,176.9716,7.811675,[M+H]1+
11822,610.2484,1.904722,[M+H]1+
25313,616.4625,4.624,[M+H]1+
522,390.2011,2.821757,[M+H]1+
39629,197.131,2.240922,[M+H]1+
3941,509.2422,2.03608,[M+H]1+
41484,413.1422,1.339567,[M+Na]1+
46562,305.0761,1.103583,[M+H]1+
13631,578.2442,1.88092,[M+H]1+
22277,383.2036,5.230641,[M+H]1+
3325,244.6571,0.825676,[M+2H]2+
5289,429.2696,0.837837,[M+H]1+
18115,756.5721,6.115643,[M+Na]1+
29201,1069.7117,5.176,[2M+Na]1+
2445,245.1026,2.945175,[M+H]1+
2658,389.2388,0.542889,[M-H2O+H]1+
44177,393.2385,4.82,[M+H]1+
2781,666.9855,6.308597,[M+2H]2+
38226,245.0585,1.034884,[M+H]1+
3222,263.1384,1.425458,[M+ACN+Na]1+
2841,399.2339,0.787846,[M+H]1+
4138,508.2389,1.781458,[M+H]1+
1990,225.123,0.808846,[M+H]1+
11244,286.1371,0.802,[M+Na]1+
18110,427.3878,5.149,[M+H]1+
1056,504.2803,1.790366,[M+H]1+
810,493.275,1.436468,[M+H]1+
5932,195.1125,1.57729,[M+H]1+
14006,1047.1232,4.864,[M+2H]2+
11185,1029.6838,5.075761,[M+H]1+
5185,622.3325,4.89,[M-H2O+H]1+
40428,299.1093,3.214,[M+H]1+
8583,659.4791,5.752,[M+2H]2+
6126,385.2912,6.763,[M+Na]1+
15759,1069.5355,4.253258,[M+H]1+
10789,155.0692,2.945743,[M+H]1+
10423,151.0351,7.602344,[M+H]1+
49907,476.2453,3.650866,[M+H]1+
7135,168.0804,3.160846,[M+H]1+
15713,282.141,4.898,[M-H2O+H]1+
14606,179.0922,8.916505,[M+H]1+
46347,848.6263,5.095,[M+NH3+H]1+
33728,1233.7704,6.20814,[M+Na]1+
1446,818.4496,1.360555,[M-3H2O+H]1+
16515,666.3309,4.728056,[M+H]1+
1388,427.2899,1.58,[M+H]1+
4471,514.2603,0.567232,[M+H]1+
16604,549.2941,4.82,[M+2H]2+
13629,372.1904,2.821423,[M-H2O+H]1+
6918,425.238,1.808262,[M+H]1+
38604,360.1905,4.59011,[M+H]1+
17231,355.2442,5.331,[M+H]1+
10354,418.7339,0.88136,[M+2H]2+
1768,314.2759,4.994,[M+H]1+
44401,379.632,7.612277,[M+H]1+
34784,452.3933,6.803901,[M+H]1+
10854,815.499,5.423,[M+H]1+
19167,210.9321,7.732708,[M+H]1+
38998,433.2071,1.131792,[M+H]1+
3368,399.2588,1.721,[M+H]1+
2346,576.5047,7.576418,[M+H]1+
24652,534.2825,4.643077,[M+H]1+
3894,487.2294,7.348198,[M+Na]1+
1299,336.1911,1.060174,[M-2H2O+H]1+
5970,634.4497,5.220039,[M+H]1+
35539,481.2603,1.719635,[M+Na]1+
12507,747.5634,5.23344,[M+NH3+H]1+
46377,297.1325,4.76,[M+H]1+
26105,812.3629,2.025135,[M+2H]2+
25097,203.1065,5.037,[M-H2O+H]1+
22365,193.93,0.526576,[M+H]1+
11528,305.1601,0.904,[M+H]1+
49172,172.1689,4.135626,[M+H]1+
1790,402.3562,4.848,[M+H]1+
33220,161.0817,0.229707,[M+H]1+
373,416.2132,4.888237,[M+H]1+
35578,389.2508,2.958304,[M+H]1+
15452,717.1927,7.58229,[M+H]1+
31825,773.6152,5.837974,[M+H]1+
1011,575.5013,7.576418,[M+H]1+
6256,261.1263,0.888545,[M+H]1+
3890,157.9883,7.611359,[M+H]1+
9785,391.1604,1.41758,[M+H]1+
5745,1199.8538,6.058299,[M+H]1+
1957,442.1957,2.177224,[M+Na]1+
21564,397.1821,2.57163,[M+Na]1+
2481,499.3056,1.149407,[M+H]1+
24396,950.6956,5.509,[M+H]1+
2476,463.2292,0.616368,[M+H]1+
23534,649.3041,4.738052,[M+H]1+
4482,539.317,1.438762,[M+H]1+
3671,562.2966,0.991,[M+H]1+
1750,541.2596,5.247229,[M+H]1+
3964,603.3346,5.014,[M-H2O+H]1+
49667,485.309,5.194,[M+H]1+
7728,664.4236,5.485,[M+NH3+H]1+
28785,397.257,4.745059,[M-H2O+H]1+
40090,454.2632,4.542657,[M+H]1+
7483,525.3033,5.014,[M-H2O+H]1+
451,612.3044,5.477,[M+Na]1+
22748,545.2338,5.015941,[M+K]1+
47682,385.2546,4.358779,[M+H]1+
11295,345.2261,4.728035,[M+H]1+
2342,553.3394,5.196239,[M+NH3+H]1+
1543,572.2738,5.141,[M+Na]1+
32500,231.0854,4.887998,[M+H]1+
1023,599.3015,4.997637,[M+Na]1+
34631,405.2469,4.728035,[M+H]1+
849,629.3483,5.054582,[M+Na]1+
9407,503.247,4.949895,[M-H2O+H]1+
10756,489.2677,4.949895,[M+H]1+
7473,392.5593,1.874765,[M+H]1+
11892,471.2571,5.015941,[M-2H2O+H]1+
1701,641.312,5.102984,[M+Na]1+
12731,539.2803,5.299,[M+H]1+
6892,708.4132,5.258287,[M+NH3+H]1+
12480,659.2999,5.014,[M+K]1+
657,564.3357,5.384,[M+NH3+H]1+
3711,529.2601,4.949895,[M+H]1+
37749,461.2365,4.786871,[M-H2O+H]1+
15364,411.2363,5.015941,[M-H2O+H]1+
9794,429.2466,5.015941,[M+H]1+
13189,585.3242,5.013,[M+H]1+
16620,600.8316,2.375063,[M+H]1+
1143,595.3497,5.305829,[M+NH3+H]1+
5586,567.3116,5.467,[M+H]1+
10072,567.3142,5.149,[M+H]1+
20664,387.2365,4.907,[M+H]1+
44864,475.1925,4.552662,[M+H]1+
20809,992.5414,3.238973,[M+2H]2+
3481,487.2498,4.897,[M+Na]1+
22822,615.2755,4.997637,[M+H]1+
19275,299.1842,4.012181,[M-H2O+H]1+
18244,1411.702,3.359627,[M+H]1+
8331,664.8636,2.171664,[M+2H]2+
41087,367.2443,4.673091,[M+H]1+
5817,489.2676,5.015941,[M-H2O+H]1+
9178,871.4865,2.553493,[M+H]1+
7597,737.9188,2.077548,[M+2H]2+
11229,629.2756,4.800807,[M+H]1+
995,189.0752,5.284383,[M+H]1+
2686,397.257,5.083,[M-2H2O+H]1+
6952,585.2854,4.956,[M+H]1+
19574,487.286,4.576546,[M+H]1+
41384,415.2675,4.761785,[M+H]1+
13575,263.236,4.925,[M-H2O+H]1+
15148,562.3277,4.885015,[M-H2O+H]1+
503,643.3268,5.014,[M+Na]1+
629,504.3231,5.240311,[M-H2O+H]1+
2829,501.229,4.780796,[M+Na]1+
28019,1431.6968,3.230889,[M+H]1+
4466,189.0751,5.442,[M+H]1+
41937,483.2935,4.775047,[M+H]1+
8505,634.4119,5.57528,[M+H]1+
5146,737.4171,2.077548,[M+2H]2+
41340,517.2028,4.780796,[M+H]1+
4887,606.3458,5.359,[M+H]1+
25926,613.28,5.003,[M+H]1+
19179,539.2825,4.985,[M+NH3+H]1+
2702,571.3065,4.95876,[M+Na]1+
18756,473.2711,4.963,[M+H]1+
48803,602.2477,4.29251,[M+H]1+
33927,638.372,4.811075,[M+H]1+
41961,516.2862,4.603245,[M+H]1+
10699,571.3453,5.048,[M+H]1+
5637,433.5566,1.315769,[M+H]1+
17679,375.3033,5.261503,[M+H]1+
13278,645.8488,2.571153,[M+H]1+
29482,482.2941,4.800807,[M+NH3+H]1+
35812,558.2947,4.807016,[M+2H]2+
24531,359.2053,4.542657,[M+H]1+
21410,439.2671,5.405,[M+H]1+
21572,1044.5537,2.851164,[M+H]1+
18101,1311.6487,3.00976,[M+H]1+
16118,624.3931,5.054582,[M+NH3+H]1+
18679,457.2782,4.963,[M+H]1+
4405,599.338,5.117,[M+H]1+
13713,407.2778,5.441147,[M+H]1+
48977,419.2261,4.552662,[M+H]1+
24934,501.3042,4.769564,[M-H2O+H]1+
44184,1076.5948,3.430006,[M+2H]2+
12853,599.317,4.916409,[M+H]1+
12893,527.3154,5.014,[M+H]1+
16190,686.386,2.545496,[M+H]1+
2699,459.2185,4.542657,[M+H]1+
12785,532.2814,5.13,[M-H2O+H]1+
4910,459.218,4.384423,[M+Na]1+
33151,678.3671,5.1978,[M+H]1+
25079,599.265,4.938498,[M+H]1+
25062,231.0857,4.790802,[M+H]1+
48170,403.2284,4.171149,[M+H]1+
37951,608.3331,3.198305,[M+H]1+
10156,447.2573,4.863007,[M-H2O+H]1+
473,538.3566,5.268783,[M+H]1+
11804,656.8282,3.00976,[M+2H]2+
4718,529.335,4.957979,[M-2H2O+H]1+
46389,341.1944,4.395414,[M+H]1+
12813,1133.5808,3.03272,[M+H]1+
10221,576.3696,5.477,[M-H2O+H]1+
19015,1034.5114,2.906565,[M+H]1+
8594,517.2967,4.559404,[M+Na]1+
29966,1001.5682,2.981217,[M+H]1+
46831,641.3275,5.191131,[M+H]1+
21355,429.2079,4.707922,[M+H]1+
43111,235.2052,4.765051,[M+H]1+
8220,508.7966,1.75315,[M+H]1+
50226,377.2155,4.012181,[M+H]1+
5311,1215.6583,3.208936,[M+H]1+
36618,387.1973,4.146236,[M+H]1+
11131,714.342,1.328,[M+H]1+
17612,832.4171,2.039397,[M+H]1+
1396,644.3302,5.014,[M+Na]1+
13918,327.2156,4.728035,[M-H2O+H]1+
6766,539.3168,5.334,[M+H]1+
39940,297.1472,4.561932,[M-2H2O+H]1+
7697,438.5834,1.72812,[M+H]1+
22480,571.234,4.717926,[M+H]1+
7937,810.4122,1.652325,[M+H]1+
5482,590.3487,5.425,[M-H2O+H]1+
6406,445.2393,4.728035,[M+H]1+
48489,900.4062,2.974817,[M+H]1+
31328,419.2256,4.384423,[M-H2O+H]1+
38263,543.2031,4.072382,[M+H]1+
8204,488.2832,1.942793,[M+H]1+
11212,820.4536,2.129612,[M+H]1+
5254,573.265,5.196239,[M+K]1+
23813,615.2602,4.641714,[M+H]1+
40425,353.2285,4.977,[M+H]1+
27701,445.2393,4.502633,[M+H]1+
407,459.291,4.977,[M+Na]1+
34452,716.3506,3.22896,[M+2H]2+
2840,573.3016,1.914348,[M+H]1+
10596,370.5478,0.912534,[M+H]1+
17795,601.2445,4.29251,[M+H]1+
6479,494.2593,1.669341,[M+H]1+
39861,455.2625,4.613236,[M+H]1+
4155,514.301,1.348654,[M+2H]2+
22689,497.3068,5.200202,[M+K]1+
785,189.0753,5.271,[M-H2O+H]1+
52868,501.2286,4.625054,[M+H]1+
1197,1043.476,2.038832,[M+H]1+
8526,597.8165,1.472861,[M+2H]2+
52139,615.3298,2.078,[M+H]1+
20316,266.1718,5.519,[M+H]1+
2277,543.3387,5.469,[M+Na]1+
14405,1017.5224,2.972213,[M+H]1+
3496,483.2953,4.901,[M-H2O+H]1+
36492,485.2703,4.806962,[M+H]1+
454,701.3596,1.689269,[M+Na]1+
25978,515.2811,4.597639,[M+H]1+
24616,720.3694,2.770162,[M+CH3OH+H]1+
39584,959.4438,3.147713,[M+3H]3+
4986,548.3384,5.341676,[M-H2O+H]1+
1259,702.3631,1.689269,[M+Na]1+
2655,378.3339,5.442,[M+Na]1+
2438,517.2959,4.464358,[M+Na]1+
9245,399.7448,0.891174,[M+2H]2+
8313,934.4848,1.942793,[M+H]1+
51431,533.2701,4.464358,[M+K]1+
20065,460.2215,4.395414,[M+Na]1+
10612,680.4324,2.431474,[M+H]1+
12188,851.41,2.22572,[M+H]1+
29088,587.5461,5.41,[M+H]1+
15674,1075.5012,2.227434,[M+H]1+
10620,789.4028,2.707553,[M+H]1+
2654,347.2569,5.3765,[M-2H2O+H]1+
35364,571.2707,4.862964,[M+H]1+
9252,831.3974,1.961,[M+H]1+
8953,509.2856,2.364966,[M+Na]1+
6359,419.7074,1.868926,[M+H]1+
4637,797.453,2.607872,[M+H]1+
11870,1091.5243,2.6,[M+H]1+
7789,693.3796,2.40345,[M+H]1+
5541,625.3856,5.468,[M+NH3+H]1+
9818,623.8224,1.194755,[M+2H]2+
1378,556.4336,5.423105,[M+H]1+
10561,945.4398,1.904,[M+H]1+
28617,459.2932,4.464358,[M-2H2O+H]1+
9640,582.3013,1.336,[M+NH3+H]1+
2667,524.2701,1.583,[M+Na]1+
4123,570.2903,1.104861,[M+H]1+
7633,573.3009,1.378438,[M+H]1+
17313,294.1637,0.757148,[M+H]1+
52818,445.2395,4.605101,[M+H]1+
26927,675.2617,5.56,[M+Na]1+
8469,601.8221,1.818139,[M+H]1+
30072,319.1642,3.586533,[M+H]1+
8568,798.4567,2.603,[M+H]1+
6547,591.3503,3.229947,[M+H]1+
3079,530.2634,5.015941,[M+Na]1+
3811,746.8602,1.576322,[M+H]1+
1814,406.2323,2.595494,[M+H]1+
13768,441.9127,1.282523,[M+H]1+
5032,768.3903,1.9564,[M+H]1+
7268,567.9576,1.22425,[M+H]1+
9008,502.2324,4.780796,[M+Na]1+
4020,340.6606,1.837874,[M+H]1+
34845,559.2348,3.597412,[M+H]1+
23180,527.2479,2.802854,[M+K]1+
4631,769.4486,2.648549,[M+2H]2+
5579,559.3067,4.63322,[M+H]1+
15276,596.2703,2.464,[M+H]1+
18770,1091.5621,3.605297,[M+H]1+
5518,600.2647,1.7117,[M+K]1+
29962,246.1692,3.325399,[M+H]1+
33456,357.1815,4.966,[M+H]1+
30004,436.2403,3.795,[M+H]1+
3451,566.2592,3.000661,[M+H]1+
23061,231.1122,3.069912,[M+2ACN+H]1+
7378,427.3191,5.338,[M+H]1+
42364,332.0688,3.344102,[M+H]1+
10693,579.8113,2.060527,[M+H]1+
12737,439.3036,5.334,[M-H2O+H]1+
948,543.2438,1.518689,[M+H]1+
6363,669.3223,1.208,[M+H]1+
7444,806.4637,2.953603,[M+H]1+
11377,802.4308,2.815151,[M+2ACN+H]1+
10804,1106.4385,2.246314,[M+H]1+
34728,436.2401,3.917199,[M+H]1+
1491,510.2904,2.735355,[M+H]1+
18565,475.2882,4.957979,[M+H]1+
29776,1195.467,2.867171,[M+H]1+
42261,590.3168,3.064747,[M+H]1+
10927,461.2382,2.743803,[M+H]1+
20082,798.4689,2.268073,[M-2H2O+H]1+
12900,740.4327,2.535888,[M+H]1+
10459,1091.5212,2.622216,[M+K]1+
2534,716.4321,2.350083,[M+H]1+
5355,655.2517,2.635154,[M+H]1+
11719,508.2753,1.010587,[M+H]1+
33887,434.227,3.756339,[M+H]1+
5147,446.1672,3.069912,[M+Na]1+
1716,536.3063,1.135115,[M+K]1+
9351,852.3846,1.983432,[M+H]1+
9633,1091.5232,2.580165,[M+H]1+
30693,436.2405,3.864,[M+H]1+
8369,372.2073,2.004,[M+H]1+
44907,887.5196,3.450704,[M+H]1+
7341,537.3252,4.775047,[M+H]1+
1747,497.2382,2.123171,[M+H]1+
1968,433.2435,1.266753,[M+H]1+
7853,434.247,1.293891,[M+H]1+
16319,383.7441,0.915254,[M+2H]2+
3484,513.308,1.550902,[M+2H]2+
29670,1212.5637,3.08979,[M+H]1+
1002,424.1854,3.069912,[M+H]1+
35021,986.4791,3.165851,[M+H]1+
10724,654.9879,1.683622,[M+H]1+
10125,429.3059,1.479181,[M+H]1+
17190,587.2654,4.322528,[M+H]1+
21108,627.1663,0.861298,[M+H]1+
9688,1115.5482,1.906338,[M+H]1+
15831,1088.5011,3.38,[M+H]1+
10855,243.189,0.695569,[M+H]1+
8308,335.7277,1.361722,[M+H]1+
12624,416.1316,2.304699,[M+H]1+
17474,870.397,2.829691,[M+H]1+
27464,1080.5168,2.788138,[M+H]1+
14368,562.322,2.41899,[M+H]1+
12369,626.3852,2.422972,[M+2H]2+
42938,472.7788,0.808,[M+H]1+
6814,401.2743,1.320108,[M+H]1+
796,519.2991,1.637673,[M+H]1+
26240,478.3013,0.576528,[M+H]1+
44201,877.4999,3.382148,[M+2H]2+
5690,513.8091,1.515764,[M+2H]2+
17930,431.3827,5.519,[M+H]1+
23598,586.2857,3.36,[M+H]1+
3770,1288.6752,2.847581,[M+H]1+
25820,599.3032,4.071535,[M+Na]1+
16660,456.209,3.756339,[M+Na]1+
1353,679.3754,1.724709,[M+H]1+
564,419.2987,4.977,[M-H2O+H]1+
2623,331.1573,1.290679,[M+2H]2+
12268,465.2693,1.456,[M+H]1+
9482,555.8278,1.755514,[M+H]1+
688,336.1659,2.174772,[M+H]1+
8500,842.3193,3.006069,[M+H]1+
2400,725.3964,2.753562,[M+ACN+H]1+
1136,282.1194,0.543443,[M+H]1+
7566,838.4063,1.923032,[M+H]1+
6100,511.2933,2.735796,[M+H]1+
29696,706.3552,3.359627,[M+2H]2+
8111,655.3459,5.173,[M+H]1+
650,760.3966,2.596068,[M+H]1+
14571,765.3544,2.706553,[M+H]1+
35009,521.2928,4.188,[M+H]1+
15525,942.5255,2.703659,[M+H]1+
6301,695.3206,1.974622,[M+H]1+
27376,594.2874,2.92357,[M+H]1+
5207,418.7277,1.152235,[M+H]1+
38641,539.2828,3.79345,[M+H]1+
23447,605.3245,3.1,[M+Na]1+
7646,567.6234,1.240508,[M+H]1+
30161,767.3579,3.257668,[M+H]1+
225,518.2953,1.637673,[M+H]1+
25802,839.3543,2.945202,[M+H]1+
7578,690.3228,2.401129,[M+H]1+
33610,1008.4971,3.341,[M+Na]1+
7056,621.8456,1.519175,[M+H]1+
51459,1020.5342,4.115209,[M+H]1+
35337,702.3793,3.195,[M+H]1+
8332,1157.5201,2.161421,[M+H]1+
33245,665.3262,3.117544,[M+H]1+
46616,307.1177,3.845,[M+H]1+
9683,449.2172,2.503022,[M+H]1+
15773,921.4901,3.329631,[M+H]1+
3925,563.2894,1.916392,[M+H]1+
13369,557.2914,4.807016,[M+2H]2+
21656,956.5047,3.464,[M+H]1+
9036,623.3463,2.690148,[M+H]1+
3719,541.2641,2.640238,[M+H]1+
8207,521.2958,1.919434,[M+H]1+
16574,1092.5275,2.610602,[M+K]1+
9192,505.2747,2.321,[M+H]1+
5966,632.8412,1.699609,[M+H]1+
4375,640.344,2.644082,[M+H]1+
19235,584.2888,3.115822,[M+H]1+
6254,931.4866,2.223727,[M+2H]2+
17938,693.3567,3.223745,[M+Na]1+
10664,727.293,2.664544,[M+K]1+
35088,533.199,2.87376,[M+Na]1+
8881,486.771,1.894163,[M+H]1+
2901,403.2539,0.559228,[M+H]1+
20515,675.3687,3.158967,[M+ACN+Na]1+
40372,998.5529,4.099805,[M+H]1+
1208,555.3488,1.266753,[M+H]1+
16807,511.251,3.066402,[M+H]1+
33734,596.3035,3.550848,[M+Na]1+
33966,454.2296,3.613,[M+H]1+
36182,452.2145,4.859988,[M+Na]1+
13386,642.2871,2.307,[M+H]1+
32874,757.3505,3.359524,[M+Na]1+
42026,610.3193,3.530164,[M+H]1+
7440,583.3428,3.090157,[M+H]1+
22326,558.2902,2.905594,[M+H]1+
4967,611.1705,0.909468,[M+H]1+
2694,700.405,1.565639,[M+H]1+
2782,694.3171,1.974,[M+H]1+
3616,331.6494,1.479604,[M+H]1+
14380,525.2661,0.828161,[M+H]1+
4347,416.2491,1.033,[M+H]1+
16717,736.3484,2.714444,[M+H]1+
2968,477.7668,1.058,[M+2H]2+
23139,263.236,5.041374,[M+H]1+
14119,511.251,3.171944,[M+H]1+
5471,520.275,1.104324,[M+H]1+
8728,735.4256,3.035101,[M+H]1+
44751,601.2803,4.680956,[M+H]1+
7404,306.089,0.909468,[M+2H]2+
13126,671.3743,3.213001,[M+H]1+
25771,344.1591,4.016927,[M+H]1+
35358,525.2668,3.323683,[M+Na]1+
2554,942.4893,3.359,[M+H]1+
12702,623.3228,3.434138,[M+Na]1+
39255,773.3467,3.833287,[M+Na]1+
10475,857.3112,2.731677,[M+H]1+
40779,573.2303,3.926802,[M+H]1+
7007,1022.5278,2.736919,[M+H]1+
9911,475.288,5.01812,[M+H]1+
9373,842.3189,3.115392,[M+H]1+
595,261.1227,1.007233,[M-H2O+H]1+
6036,675.3694,2.742074,[M+H]1+
48736,428.2164,4.00782,[M+H]1+
40539,573.2864,4.360427,[M+H]1+
7437,583.2855,3.118824,[M+H]1+
12943,657.2944,3.12892,[M+H]1+
4778,622.3192,3.434138,[M+Na]1+
11215,317.1419,0.609623,[M+H]1+
9285,846.8868,1.341451,[M+2H]2+
22493,736.4305,3.016616,[M+H]1+
17599,778.4324,2.555134,[M+H]1+
10946,661.3071,1.272,[M+H]1+
11476,642.287,2.181,[M+H]1+
21117,726.3436,2.989611,[M-H2O+H]1+
15765,986.5154,3.338583,[M+H]1+
6804,793.3428,2.641539,[M+H]1+
9560,965.4744,3.356564,[M+Na]1+
44121,659.3222,4.65095,[M+H]1+
8894,510.2424,1.579308,[M+H]1+
10246,837.3853,2.646705,[M+H]1+
16309,587.1597,0.691292,[M+H]1+
29548,966.4785,3.356564,[M+Na]1+
40409,978.4872,3.458041,[M+Na]1+
3148,506.2958,2.344398,[M+H]1+
2806,513.7994,1.289251,[M+H]1+
35013,668.3058,4.127062,[M+H]1+
5991,516.3007,1.677371,[M+H]1+
1942,539.2485,2.044508,[M+H]1+
41897,590.3508,3.613111,[M+H]1+
15006,593.3356,2.841946,[M+H]1+
12277,638.2449,3.562094,[M+H]1+
18649,744.4246,3.638743,[M+Na]1+
4226,681.3163,1.83788,[M+3Na-2H]1+
33677,296.1594,3.462413,[M+H]1+
14767,979.4612,2.356585,[M+H]1+
4092,507.2589,2.502488,[M+H]1+
5291,529.3328,1.302984,[M+H]1+
22036,577.3334,2.375063,[M+2H]2+
7528,1065.4122,2.922585,[M+H]1+
8044,343.702,1.596311,[M+H]1+
8452,622.319,3.610475,[M+Na]1+
13824,752.3523,2.716219,[M+H]1+
20028,478.3015,0.772,[M+H]1+
11504,491.2827,3.313063,[M+Na]1+
8398,412.183,2.682741,[M+Na]1+
7526,744.4594,0.898919,[M+H]1+
4335,613.3282,1.703089,[M+H]1+
12610,619.2955,2.21183,[M+H]1+
19454,511.2509,3.239369,[M+H]1+
11466,306.0887,0.921,[M+H]1+
23064,525.2665,3.438412,[M+Na]1+
11545,723.3525,2.843838,[M+H]1+
22855,458.3093,5.149,[M+NH3+H]1+
50957,685.3893,3.587066,[M+H]1+
2745,417.2696,1.29,[M+H]1+
7160,401.2746,1.757358,[M+H]1+
3840,425.2749,1.298253,[M+H]1+
17432,587.3259,3.222006,[M+H]1+
19046,932.5056,3.575091,[M+H]1+
49290,471.2797,3.983373,[M+H]1+
1219,609.3401,5.298516,[M+CH3OH+H]1+
14425,944.496,3.35,[M+H]1+
12601,930.491,2.476037,[M+2H]2+
9984,419.7234,1.016,[M+H]1+
34015,568.3693,3.61,[M+H]1+
5575,670.4116,1.723,[M+H]1+
5885,655.3063,2.826,[M+H]1+
30196,568.3682,3.482168,[M+H]1+
30041,554.3532,3.203654,[M+H]1+
24825,1195.4691,2.785,[M+H]1+
5178,814.4313,3.653,[M+H]1+
6389,936.4757,3.617437,[M+2H]2+
10896,836.4476,1.148939,[M+H]1+
43011,260.0733,1.100234,[M+H]1+
47108,984.5366,3.812785,[M+H]1+
12468,972.4998,3.260679,[M+H]1+
25652,491.2832,3.070137,[M+Na]1+
5519,465.2698,1.182484,[M-NH3+H]1+
4046,661.3284,2.061579,[M+H]1+
21646,739.3625,3.70473,[M+Na]1+
21556,662.3542,2.951396,[M+H]1+
10932,548.7711,2.116833,[M+H]1+
12836,539.2484,2.844446,[M-H2O+H]1+
4295,841.3152,3.050511,[M+H]1+
1709,680.3124,1.824118,[M+3Na-2H]1+
10260,729.4349,2.701796,[M+H]1+
9278,689.3852,2.371423,[M+H]1+
5892,489.2691,3.176978,[M-NH3+H]1+
7395,499.2655,0.766941,[M+H]1+
2337,727.4692,1.660698,[M+H]1+
11363,608.3033,3.222324,[M+Na]1+
7668,465.2697,2.018607,[M+H]1+
8552,724.3271,2.509051,[M+H]1+
5665,585.3125,1.975214,[M+H]1+
28614,936.4531,2.940599,[M+H]1+
27998,609.3072,3.222006,[M+Na]1+
8709,479.2849,1.582323,[M+H]1+
47628,590.3504,3.494304,[M+H]1+
6236,717.3795,3.706308,[M+H]1+
35830,411.2227,3.60286,[M+H]1+
9994,656.3269,3.00976,[M+2H]2+
46769,713.3255,3.675748,[M+H]1+
5674,1050.4972,2.566476,[M+H]1+
44650,691.3426,3.676503,[M+H]1+
36628,440.2139,3.722,[M+H]1+
45842,545.2352,3.423787,[M+H]1+
23960,574.3215,3.550176,[M+H]1+
6285,912.5367,2.572948,[M+H]1+
31811,353.2288,4.184553,[M+H]1+
4685,637.2415,3.562094,[M+H]1+
5058,600.3374,3.619254,[M+H]1+
16825,519.2796,2.9138,[M+H]1+
3126,437.2382,1.563042,[M+ACN+Na]1+
5555,964.4713,3.345749,[M+Na]1+
745,288.2162,2.572948,[M+H]1+
10667,365.2034,4.579852,[M+Na]1+
17103,592.275,3.235,[M+H]1+
16502,698.312,3.03272,[M+H]1+
12521,465.2896,0.871178,[M+H]1+
4230,855.5022,1.067906,[M+H]1+
4291,632.3438,3.021241,[M+Na]1+
3997,526.3117,5.074,[M+H]1+
1517,631.3404,3.021241,[M+Na]1+
5019,523.2537,1.872296,[M+H]1+
8169,469.3008,3.304057,[M+H]1+
35025,1036.4984,3.598735,[M+H]1+
12897,514.2281,2.547124,[M+H]1+
30046,994.4824,3.260679,[M+Na]1+
27889,215.1387,0.83266,[M+H]1+
8108,401.2578,2.365419,[M+H]1+
12166,307.1618,2.74,[M+H]1+
14837,204.124,2.182764,[M+H]1+
7096,435.7425,0.568232,[M+H]1+
36687,484.1813,3.746595,[M+K]1+
6481,465.2696,1.918641,[M+H]1+
8948,401.2746,1.882696,[M+H]1+
14207,604.8325,1.784636,[M+H]1+
47324,837.3882,2.570848,[M+H]1+
42615,529.2604,4.710655,[M+H]1+
20071,447.1708,3.056872,[M+Na]1+
1076,653.2911,2.669265,[M+CH3OH+H]1+
8247,508.2623,2.571153,[M+H]1+
5827,265.154,1.636337,[M+H]1+
18450,617.3276,3.326039,[M+H]1+
940,372.2483,2.262463,[M+H]1+
10202,1014.567,2.641,[M+H]1+
25604,936.4542,2.876561,[M+H]1+
10308,735.3701,3.352429,[M+H]1+
2788,439.2902,1.797734,[M+H]1+
15920,644.8397,2.846087,[M+H]1+
34557,359.1973,5.114,[M-H2O+H]1+
15562,511.7676,2.240437,[M+H]1+
26186,796.3958,3.108175,[M+H]1+
5354,435.259,2.156205,[M+H]1+
14842,898.3549,2.078425,[M+H]1+
18540,572.3063,2.937,[M+H]1+
6606,839.3538,2.25877,[M+H]1+
4575,296.1347,1.011409,[M+H]1+
5069,798.412,1.437587,[M+H]1+
3912,410.2063,2.476011,[M+H]1+
2972,521.3068,0.775,[M+CH3OH+Na]1+
8554,682.3268,1.931245,[M+H]1+
33592,604.3317,3.271669,[M+H]1+
2995,503.768,1.385566,[M+2H]2+
24665,483.2222,4.863007,[M+H]1+
19720,673.411,2.52097,[M+H]1+
7002,730.5652,5.421778,[M+H]1+
26575,410.1695,2.977,[M+H]1+
26138,409.2431,4.258223,[M+H]1+
10509,229.154,3.022707,[M+H]1+
28252,472.1631,3.566641,[M+3Na-2H]1+
38611,573.2504,3.942305,[M+H]1+
15749,341.146,2.977,[M+H]1+
8323,1028.4861,1.623663,[M+H]1+
50767,523.2438,3.358314,[M+H]1+
7371,1013.5624,2.622072,[M+H]1+
6174,580.285,2.043087,[M+H]1+
37735,250.1541,4.258223,[M+H]1+
2749,620.3096,1.883384,[M+ACN+Na]1+
21374,820.5959,5.14,[M+H]1+
1052,534.2908,1.136767,[M+ACN+H]1+
6761,869.5066,1.924,[M+H]1+
9496,300.6779,1.496694,[M+H]1+
11288,263.2362,5.468,[M+H]1+
11518,558.2932,4.951,[M+H]1+
2175,485.2702,5.126,[M+H]1+
38074,633.3216,0.924,[M+H]1+
17280,653.2168,1.745,[M+H]1+
14293,250.1768,5.527182,[M+ACN+H]1+
12141,787.4163,1.855,[M+H]1+
7744,531.2548,5.104,[M+K]1+
10152,408.3069,5.519,[M+H]1+
6747,655.0024,1.944,[M+H]1+
6967,403.2535,1.219246,[M+H]1+
11820,870.5088,1.928606,[M+H]1+
27121,610.3403,4.819984,[M+NH3+H]1+
2453,337.1943,0.927277,[M+H]1+
7859,550.2867,5.273,[M+NH3+H]1+
2917,544.2472,1.489875,[M+H]1+
31344,330.0534,3.653508,[M+H]1+
6691,426.6963,1.991442,[M+H]1+
23281,618.8099,1.197489,[M+2H]2+
5949,523.295,0.944193,[M+H]1+
18093,602.3378,2.9394,[M+H]1+
17101,655.364,4.880024,[M+H]1+
26384,922.4932,3.313063,[M+H]1+
48278,412.2219,4.741,[M+H]1+
2822,407.2281,1.485696,[M+H]1+
4505,491.2601,1.913271,[M+H]1+
18617,827.3945,5.39,[M+H]1+
17624,455.1579,5.178,[M+Na]1+
4282,726.2896,2.652282,[M+K]1+
3971,564.2552,1.041,[M+H]1+
31814,506.2481,4.497584,[M+H]1+
10797,604.3314,2.985226,[M+H]1+
9514,845.4731,2.827889,[M+H]1+
5937,709.3381,2.808427,[M+H]1+
4475,282.6312,1.066218,[M+H]1+
3345,458.3076,0.535,[M+NH3+H]1+
9397,525.7847,2.298123,[M+H]1+
7154,235.1074,0.976199,[M+2ACN+H]1+
40826,716.3806,2.356,[M+H]1+
8303,499.2841,4.837029,[M+H]1+
2596,740.342,2.272928,[M+H]1+
10395,1163.6306,2.819,[M+H]1+
1096,482.2919,4.907955,[M-H2O+H]1+
38182,660.2986,3.213373,[M+Na]1+
4754,437.2381,1.448,[M+H]1+
3487,527.3171,0.952814,[M+H]1+
1466,761.3997,2.605,[M+H]1+
51960,657.3582,3.438108,[M+H]1+
5054,875.4472,2.668909,[M+ACN+H]1+
33507,645.357,3.36574,[M+H]1+
50059,470.2031,3.823381,[M+K]1+
41056,509.2854,5.096,[M+K]1+
40364,472.1855,3.506,[M+H]1+
10883,1031.5372,2.74344,[M+H]1+
4483,841.3159,3.126192,[M+H]1+
2812,667.3188,1.863342,[M+H]1+
8957,627.1654,0.909468,[M+H]1+
5510,586.3218,3.222006,[M+H]1+
10643,833.4649,2.724557,[M+H]1+
11637,638.3163,3.214253,[M+H]1+
2171,400.2543,2.384859,[M+H]1+
19993,610.7808,3.125541,[M+H]1+
8348,392.7307,0.969433,[M+H]1+
8047,822.4001,2.840786,[M+H]1+
46790,537.1635,6.471385,[M+H]1+
18890,650.3162,3.150643,[M+K]1+
11121,617.364,2.260692,[M+H]1+
28429,490.2729,3.070523,[M+H]1+
10715,588.2837,2.683836,[M+ACN+H]1+
14377,429.7077,1.192232,[M+H]1+
12870,601.3406,3.598677,[M+H]1+
5422,379.2411,1.655,[M+H]1+
6959,521.2958,2.005181,[M+H]1+
27895,526.2701,3.550211,[M+Na]1+
44801,455.2235,4.154397,[M+H]1+
26340,977.4694,2.990223,[M+H]1+
14421,463.2903,2.238543,[M+H]1+
6040,459.3167,2.022174,[M+H]1+
3050,622.3427,2.678096,[M+H]1+
2143,659.4106,2.443007,[M+H]1+
6178,449.2746,2.418463,[M+H]1+
40440,172.169,4.337464,[M+H]1+
9884,634.3539,2.503435,[M+H]1+
28207,752.3671,3.843393,[M+H]1+
29524,537.4343,5.576,[M+H]1+
16761,550.2621,3.396338,[M+Na]1+
27740,455.2333,3.72632,[M+H]1+
5834,805.3495,2.509946,[M+H]1+
27966,314.1377,3.875415,[M+H]1+
23737,736.3738,3.346683,[M+H]1+
15780,701.3847,3.013767,[M+H]1+
9006,798.5062,1.15966,[M+H]1+
9288,493.2566,1.923359,[M+H]1+
37423,642.3225,3.166352,[M+H]1+
32184,493.2404,3.90243,[M+H]1+
6494,491.2485,2.181891,[M+H]1+
41809,572.2332,3.438517,[M+H]1+
9871,377.2257,2.178425,[M+H]1+
48412,432.2475,3.816,[M+H]1+
9077,447.2592,1.939418,[M+H]1+
36368,483.3661,5.57,[M+H]1+
5375,504.2695,1.385717,[M+2H]2+
12331,464.1993,3.208,[M+H]1+
7837,351.1877,4.115642,[M+Na]1+
37109,397.1855,3.397115,[M+H]1+
37184,1334.8606,7.116489,[M+H]1+
4427,497.2381,2.392425,[M+H]1+
2059,912.5368,2.648549,[M+H]1+
31837,431.2249,4.258223,[M+Na]1+
5501,513.2441,1.787192,[M+H]1+
5393,655.3066,3.006872,[M+H]1+
10535,997.4169,2.260312,[M+H]1+
44800,856.4566,2.431474,[M+H]1+
32359,253.1174,4.072382,[M+H]1+
48129,529.2271,3.709514,[M+H]1+
36498,765.5211,7.124,[M+H]1+
48238,736.3712,3.244368,[M+H]1+
10567,339.2386,0.880634,[M+H]1+
24941,403.1848,4.340216,[M+H]1+
36615,429.1614,3.539,[M+Na]1+
19216,378.1761,2.440994,[M+H]1+
35145,333.1682,4.571934,[M+H]1+
27636,497.2722,4.837988,[M+H]1+
9367,458.2955,0.959588,[M+H]1+
29992,553.3412,3.088782,[M+H]1+
6353,502.7549,1.787,[M+H]1+
6768,544.3325,2.702683,[M+H]1+
4681,298.8539,0.984407,[M+H]1+
28126,912.446,3.078917,[M+H]1+
13458,299.054,4.631,[M+H]1+
10698,693.3431,2.945982,[M+H]1+
2571,423.2227,1.613698,[M-NH3+H2O+H]1+
32339,421.1968,5.114,[M+Na]1+
2869,298.5193,0.992419,[M+H]1+
51174,551.2485,3.934023,[M+H]1+
4624,747.3629,1.577968,[M+H]1+
11745,677.2905,2.698757,[M+H]1+
9097,365.2035,4.619877,[M+Na]1+
4974,476.2936,2.182,[M-H2O+H]1+
3605,454.2296,3.823381,[M+Na]1+
13499,904.4158,2.831207,[M+H]1+
1757,831.4583,2.712109,[M+H]1+
3685,832.4615,2.707,[M+H]1+
9944,527.2486,2.491546,[M+H]1+
6130,387.2592,1.225252,[M+H]1+
1474,576.3375,1.814,[M+Na]1+
39960,214.1795,4.336845,[M+H]1+
5380,166.0859,0.575235,[M+H]1+
1153,533.2897,1.41945,[M+Na]1+
6073,720.3288,2.213911,[M+2H]2+
3766,1208.5662,2.467013,[M+H]1+
8086,735.4254,3.24932,[M+H]1+
31267,624.3353,3.842736,[M+Na]1+
40725,493.2621,3.983103,[M+H]1+
11819,612.3009,2.748,[M+K]1+
7036,655.2526,2.747464,[M+H]1+
7763,604.3301,1.770188,[M+H]1+
12649,679.3274,2.551084,[M+H]1+
4689,435.2587,1.749719,[M+H]1+
29316,651.3115,3.531248,[M+H]1+
35739,674.3146,3.462293,[M+Na]1+
18612,529.2836,3.397115,[M+H]1+
6953,557.7786,1.479,[M+H]1+
8782,818.4058,2.832579,[M+H]1+
30272,887.5212,3.211373,[M+H]1+
26740,591.2639,3.523126,[M+H]1+
2725,670.4114,1.951202,[M+H]1+
24730,722.4424,3.638743,[M+H]1+
7063,487.3111,1.682,[M+3Na-2H]1+
22792,872.5395,5.667883,[M+H]1+
5638,488.2141,4.036824,[M+H]1+
3523,699.8441,1.218244,[M+H]1+
13908,530.3533,2.266143,[M+H]1+
33568,564.2769,3.647271,[M+Na]1+
10974,868.5041,1.824,[M+H]1+
8445,559.3229,1.81226,[M+H]1+
521,393.2123,1.73852,[M+H]1+
6328,454.2727,2.656258,[M+H]1+
6229,557.3638,0.963986,[M+H]1+
12490,540.3741,2.180109,[M+H]1+
49997,340.1642,4.295,[M+H]1+
7893,626.3856,1.703607,[M+H]1+
30321,647.3149,3.014691,[M+K]1+
46121,747.321,3.544223,[M+2H]2+
4397,897.3961,2.71289,[M+H]1+
2536,732.388,2.783143,[M+Na]1+
15070,999.5112,3.176,[M+H]1+
45604,495.3878,6.823919,[M+H]1+
5754,506.7661,1.505692,[M+H]1+
3084,498.2572,4.855,[M+H]1+
2661,654.2947,2.684452,[M+CH3OH+H]1+
16046,322.2729,5.159,[M+H]1+
8085,898.399,2.703894,[M+H]1+
47262,204.9667,7.831707,[M+H]1+
11993,656.2556,2.618069,[M+H]1+
11255,590.3523,1.843641,[M+H]1+
5941,785.5747,5.562565,[M+ACN+H]1+
21413,503.3173,4.640053,[M+Na]1+
3555,652.2974,1.370841,[M+2H]2+
2441,802.4699,2.024,[M+H]1+
26088,362.3017,5.519,[M+H]1+
25063,627.2964,5.103633,[M+H]1+
3607,536.3066,0.860824,[M+H]1+
7322,366.2016,0.847826,[M-2H2O+H]1+
33511,822.4214,3.232321,[M+H]1+
7653,875.4847,2.732559,[M+H]1+
3900,680.3791,1.712452,[M+H]1+
9604,529.2753,5.332,[M+K]1+
5675,726.4001,2.753562,[M+ACN+H]1+
41790,274.1793,4.986597,[M+H]1+
12053,497.2353,2.826959,[M+H]1+
1901,514.2859,1.531687,[M+H]1+
9328,845.402,2.089,[M+H]1+
12221,445.3011,1.977809,[M+H]1+
7944,599.35,1.39642,[M+H]1+
23562,637.2962,3.45315,[M+H]1+
8599,548.2922,1.364951,[M+H]1+
20979,944.4905,2.439004,[M+H]1+
9303,848.3667,3.063253,[2M+H]1+
19123,764.3581,3.02741,[M+H]1+
7600,601.3409,3.434138,[M+H]1+
4782,444.2232,0.92,[M+H]1+
31622,495.2216,2.976867,[M+H]1+
40402,521.2372,4.791091,[M+H]1+
8652,481.2644,1.33136,[M+H]1+
8655,547.3153,1.497863,[M+H]1+
43234,486.1983,4.181604,[M+K]1+
5660,621.3447,1.471601,[M+Na]1+
23008,623.3224,3.610475,[M+Na]1+
20053,617.3271,3.167973,[M+H]1+
8729,525.2665,3.550211,[M+Na]1+
6021,506.2955,1.489608,[M+H]1+
8187,655.3829,2.36739,[M+H]1+
6962,1232.6572,2.938207,[M+H]1+
23629,659.2237,3.556461,[M+Na]1+
19926,616.3314,2.926602,[M+2H]2+
14611,463.2905,2.368064,[M+H]1+
29318,469.2065,4.767946,[M+H]1+
4572,346.7072,1.390706,[M+2H]2+
7211,370.2255,1.1019,[M+H]1+
28409,393.1646,3.868738,[M+H]1+
10913,772.5724,5.573336,[M-NH3+H2O+H]1+
1887,527.2601,2.087131,[M+H]1+
18382,681.3922,2.439495,[M+Na]1+
18812,352.2218,3.627449,[M+H]1+
7469,480.2435,1.741711,[M+H]1+
4493,475.253,2.822153,[M+NH3+H]1+
326,800.4636,2.010054,[M+H]1+
7713,383.1586,4.092,[M+H]1+
437,336.191,0.927277,[M+H]1+
1601,328.2222,0.985808,[M+H]1+
8033,433.2647,0.988797,[M+H]1+
305,532.2858,1.41945,[M+Na]1+
6380,456.3172,0.613,[M+H]1+
47246,502.2509,3.540859,[M+H]1+
2792,346.2328,1.14647,[M+H]1+
7152,479.2847,1.651633,[M+H]1+
44478,230.1168,3.714799,[M+H]1+
29444,494.2957,3.00568,[M+H]1+
49963,618.3204,1.367131,[M+H]1+
5290,801.376,2.817549,[2M+Na]1+
10524,815.4344,3.653,[M+H]1+
28749,546.3271,2.602468,[M+H]1+
6418,743.381,1.596344,[M+H]1+
18651,489.2174,4.041517,[M+H]1+
43627,735.3682,3.237678,[M+H]1+
26133,419.2306,1.264741,[M+H]1+
4694,541.3006,2.368483,[M+H]1+
14061,656.3267,2.79114,[M+H]1+
9886,493.3009,2.294553,[M+H]1+
8080,454.2299,3.736326,[M+H]1+
5068,571.3223,2.368483,[M+CH3OH+H]1+
8503,520.31,1.652309,[M+H]1+
4871,686.3484,2.898962,[M+2Na-H]1+
7418,548.3063,1.369932,[M+H]1+
6432,411.2286,1.395714,[M+2H]2+
27565,275.1745,4.832047,[M-NH3+H]1+
7606,733.3919,2.779,[M+Na]1+
999,564.28,2.089427,[M-2H2O+H]1+
9620,670.3881,1.332,[M+H]1+
6717,503.7683,1.305,[M+H]1+
24560,610.1814,7.084513,[M+H]1+
1300,761.5857,5.485,[M+H]1+
11294,1169.557,2.348449,[M+H]1+
1693,1370.9604,7.129597,[M+3Na-2H]1+
15207,563.2911,2.322,[M+H]1+
15580,1036.5316,2.610068,[M-NH3+H]1+
14341,950.3741,1.965205,[M+H]1+
15958,688.5179,5.165947,[M+H]1+
4904,597.3152,1.490828,[M+2H]2+
7132,654.6685,1.927,[M+H]1+
30003,1006.5374,3.666006,[M+2H]2+
8511,431.2373,0.908704,[M+H]1+
22876,491.2485,2.740466,[M+H]1+
1244,562.2858,1.879319,[M+H]1+
562,345.1758,0.574736,[M+H]1+
27196,529.3688,5.461,[M+H]1+
5883,399.2596,0.551892,[M+H]1+
5816,1131.5875,2.743804,[M+ACN+H]1+
42897,788.4518,3.756838,[M+H]1+
10129,876.4515,2.646217,[M+H]1+
4201,700.3464,1.201234,[M+2H]2+
23763,512.2202,2.869412,[M+H]1+
4693,488.3178,0.535,[M+CH3OH+H]1+
7129,472.3231,0.566442,[M+H]1+
4818,440.1805,2.340045,[M+H]1+
39342,463.1824,4.546928,[M+H]1+
6661,668.3222,1.882155,[M+H]1+
36038,736.3624,3.452411,[M+H]1+
27741,588.3361,3.482289,[M+H]1+
11181,635.8392,0.86353,[M+H]1+
3939,390.2016,2.680177,[M+H]1+
4346,562.2852,2.351962,[M+H]1+
5605,841.3145,3.138207,[M+H]1+
5736,439.2536,2.243834,[M+H]1+
12966,1034.4277,2.251919,[M+H]1+
10735,809.5565,5.434,[M+Na]1+
7095,259.1068,3.706,[M+H]1+
2687,461.254,0.968384,[M+Na]1+
12845,788.396,3.241331,[M+Na]1+
9780,492.2918,0.823657,[M+H]1+
12498,751.3647,2.279,[M+H]1+
2303,408.2118,0.993,[M+H]1+
5576,343.7018,1.661037,[M+H]1+
5721,680.3127,1.765656,[M+2H]2+
6009,528.3378,1.339627,[M-NH3+H]1+
2853,477.7888,1.558637,[M+2H]2+
12001,162.066,0.799844,[M+H]1+
12754,711.5214,7.129597,[M-3H2O+H]1+
14177,499.2893,5.122,[M+H]1+
6815,233.1641,0.917563,[M+H]1+
3059,271.0597,2.292362,[M+H]1+
45529,308.1192,4.231669,[M+H]1+
7790,511.2169,2.86651,[M+H]1+
2844,377.3192,5.714,[M-H2O+H]1+
8722,934.5681,5.620211,[M+H]1+
35931,527.3154,5.196,[M+H]1+
5489,1113.6121,1.945603,[M+H]1+
16067,606.3474,2.807726,[M+H]1+
13917,616.2957,2.801708,[M+H]1+
3593,343.5036,0.942347,[M+H]1+
20475,815.3909,3.00976,[M+H]1+
2417,441.2488,1.216248,[M+H]1+
14079,813.395,2.452499,[M+H]1+
21876,836.4131,2.365033,[M+H]1+
8662,566.2922,0.716854,[M+H]1+
3731,314.1654,1.132534,[M+2H]2+
15682,589.3331,2.224091,[M+H]1+
35405,444.1676,3.564,[M+K]1+
3906,399.1876,4.734842,[M+Na]1+
15013,469.3005,3.19599,[M+H]1+
22830,1047.4144,2.553477,[M+H]1+
51962,512.2371,4.032511,[M+H]1+
4791,443.3213,1.982405,[M+H]1+
41171,441.2484,3.434138,[M+K]1+
13136,312.1335,3.888727,[M+H]1+
4573,626.2768,2.962209,[M+H]1+
15709,710.3398,2.80885,[M+H]1+
4630,1000.5275,1.447591,[M+H]1+
4985,428.7567,1.067906,[M+H]1+
6859,341.2176,0.547447,[M+H]1+
3542,277.1541,1.494,[M+H]1+
7301,444.2803,0.932727,[M+H]1+
10434,850.9309,1.203014,[M+2H]2+
12883,522.2994,2.442004,[M+H]1+
2688,795.3642,1.89848,[M+H]1+
5684,345.2127,0.586599,[M+H]1+
763,518.2955,1.767808,[M+H]1+
38364,539.2463,3.774687,[M-NH3+H2O+H]1+
28344,653.3353,3.470708,[M+H]1+
7290,429.3059,1.590325,[M+H]1+
12769,695.3115,2.183554,[M+H]1+
4125,488.3066,0.959,[M+H]1+
3861,699.8448,1.272248,[M+H]1+
12503,503.2846,3.440479,[M+H]1+
5972,690.3748,1.0248,[M+H]1+
12908,853.437,2.645916,[M+H+Na]2+
28376,672.3768,3.221,[M+H]1+
4381,639.3693,2.944008,[M+2H]2+
47914,632.3635,3.578697,[M+H]1+
20038,714.3803,3.456979,[M+H]1+
20715,521.3316,2.453,[M+H]1+
3613,449.2745,2.007,[M+H]1+
29531,921.4906,3.286633,[M+H]1+
9161,512.3428,1.73677,[M+H]1+
9563,471.2278,4.181604,[M+Na]1+
31950,776.3596,2.892286,[M+H]1+
1367,528.2637,1.779728,[M+Na]1+
5657,543.3123,1.079339,[M+H]1+
38308,679.3406,3.564916,[M+H]1+
6329,513.2764,0.534218,[M+2Na-H]1+
9729,500.2448,2.038582,[M+H]1+
28967,353.1806,3.061373,[M+H]1+
2564,565.2836,2.089427,[M-2H2O+H]1+
15978,1369.943,7.114182,[M+H]1+
12171,507.2828,1.115541,[M+H]1+
8937,680.4771,7.104495,[M+NH3+H]1+
25683,529.2236,4.028644,[M+H]1+
3159,464.2852,0.865,[M+H]1+
6797,633.3408,1.723818,[M+H]1+
2953,266.1313,1.734662,[M+H]1+
2522,428.2546,1.059914,[M+2H]2+
550,205.0967,0.626,[M+NH3+H]1+
35251,712.3865,4.596938,[M+H]1+
7453,445.3009,1.124847,[M+H]1+
4444,521.2949,2.364966,[M+H]1+
10169,415.2309,1.320269,[M+H]1+
37971,166.0858,4.737,[M+H]1+
1463,765.4481,1.565639,[M+H]1+
2014,470.3326,1.041,[M+H]1+
15445,1233.4812,3.706308,[M+H]1+
26297,869.3455,3.063791,[2M+Na]1+
29785,631.2696,4.819984,[M+K]1+
4710,662.3237,0.937426,[M+ACN+Na]1+
12338,676.7896,2.297,[M+H]1+
7652,620.363,2.907971,[M+H]1+
12431,625.402,2.366898,[M+H]1+
7795,476.7664,1.643281,[M+H]1+
7635,398.1674,2.269927,[M+Na]1+
7098,464.2488,1.694417,[M+H]1+
8875,552.3373,3.089837,[M+H]1+
5492,421.2432,1.741575,[M+Na]1+
39958,873.5043,3.174,[M+H]1+
6904,619.3057,1.802571,[M+H]1+
5716,504.2551,0.895,[M+H]1+
27538,670.5098,5.577,[M+H]1+
977,609.3583,3.021241,[M+H]1+
37429,326.1486,3.894,[M+H]1+
30613,379.2064,1.225486,[M+H]1+
9081,1135.5701,2.090407,[M+H]1+
51366,327.1903,3.759535,[M+H]1+
52662,665.3269,3.639963,[M+H]1+
27069,798.3506,3.874,[M+H]1+
8859,439.2535,2.349921,[M+H]1+
43204,288.9179,7.622287,[M+H]1+
44000,571.3801,2.409508,[M+H]1+
17476,338.2062,3.382148,[M+H]1+
3017,490.2645,1.397711,[M+Na]1+
6055,897.3964,2.491546,[M+H]1+
5610,186.0894,2.060764,[M+H]1+
50752,353.206,4.767946,[M+H]1+
43104,652.2954,3.84607,[M+H]1+
34292,1160.6162,3.058623,[M+H]1+
1985,992.5173,3.025382,[M+2H]2+
4091,484.9333,1.04249,[M+H]1+
9152,606.3485,2.945205,[M+H]1+
4473,440.1801,2.466,[M+CH3OH+H]1+
30015,430.2323,4.859988,[M+H]1+
8951,579.6729,1.824,[M+H]1+
16332,697.3288,2.905627,[M+2ACN+H]1+
11159,652.3324,3.465,[M+H]1+
2648,470.2243,4.181604,[M+Na]1+
7612,419.2494,0.83183,[M+NH3+H]1+
1122,441.3059,1.939,[M+H]1+
21279,270.1228,3.015383,[M+K]1+
3051,347.1761,5.742,[M+H]1+
8058,739.3969,1.493694,[M+H]1+
24302,443.2487,1.99755,[M+H]1+
13046,735.3903,3.061131,[M+ACN+H]1+
8237,384.0963,1.549632,[M+H]1+
4888,660.4142,2.443007,[M+H]1+
13498,439.2321,5.04337,[M+H]1+
7878,402.2404,2.018062,[M+2H]2+
13321,852.387,1.874235,[M+H]1+
2369,546.3119,1.501829,[M+H]1+
5334,205.0966,1.012587,[M+H]1+
34261,816.4372,3.653,[M+H]1+
694,433.2184,0.895,[M+H]1+
9352,626.4218,1.536566,[M+H]1+
9128,611.2805,2.24992,[M+H]1+
13256,407.1814,5.122,[M+H]1+
12500,687.3516,2.867065,[M+2Na-H]1+
4781,847.3632,3.069912,[2M+H]1+
3859,783.4199,1.670316,[M+2H]2+
2112,479.2493,0.766906,[M+H]1+
2489,1118.5697,2.704527,[M+2ACN+H]1+
15121,1007.5455,3.091369,[M+2H]2+
14822,766.4136,3.238358,[M+H]1+
8406,403.2225,1.76008,[M+H]1+
2592,465.2692,1.580646,[M+H]1+
40023,637.2963,3.363062,[M+H]1+
32741,839.4367,7.035,[M+H]1+
7451,496.2836,1.56532,[M+CH3OH+Na]1+
6772,1313.621,1.749073,[M+H]1+
32337,432.211,3.922,[M+H]1+
3372,155.9738,7.618586,[M-NH3+H2O+H]1+
16454,487.2856,4.62821,[M+H]1+
9361,567.2629,2.999227,[M+H]1+
10094,529.2963,4.787954,[M+H]1+
9570,479.2852,2.406475,[M+H]1+
1509,446.2599,0.863168,[M+H]1+
5752,504.2436,2.668267,[M+H]1+
29532,340.3925,5.364386,[M+H]1+
10425,405.2122,0.919563,[M+H]1+
23782,639.3218,3.222006,[M+H]1+
6802,836.414,3.65049,[M+Na]1+
8311,987.4866,1.666682,[M+H]1+
6520,457.3373,2.241458,[M+H]1+
37557,466.2067,3.843931,[M+3Na-2H]1+
41525,1021.4914,3.191304,[M+Na]1+
3908,364.2382,1.700347,[M+H]1+
10787,440.2137,3.35343,[M+H]1+
14899,542.304,2.272071,[M+H]1+
11209,889.4629,3.025382,[M+H]1+
8081,579.3385,1.822,[M+3H]3+
9517,938.5161,2.401019,[M+H]1+
13901,707.2733,2.439491,[M+H]1+
9212,373.2435,1.421169,[M+H]1+
23776,310.175,3.828876,[M+H]1+
7631,481.2646,1.287003,[M+H]1+
22971,585.3955,2.67382,[M+H]1+
45234,450.2315,0.857455,[M+H]1+
28313,816.4843,3.462413,[M+H]1+
6203,611.3856,1.689068,[M+H]1+
3458,1372.9623,7.129597,[M+3Na-2H]1+
14359,524.3301,2.494018,[M+2H]2+
25399,153.0108,7.63139,[M+H]1+
843,682.3681,1.592348,[M+2H]2+
4338,352.1861,1.150776,[M+Na]1+
3011,725.3956,2.813752,[M-H2O+H]1+
47033,469.2424,3.419204,[M+3Na-2H]1+
3348,482.7756,1.000573,[M+2H]2+
4224,577.3408,1.813,[M+Na]1+
15322,837.4174,3.65049,[M+Na]1+
12663,840.4222,1.9564,[M+H]1+
52613,666.3117,3.776227,[M+H]1+
29566,429.1977,4.26552,[M+Na]1+
8412,277.2155,3.875754,[M-3H2O+H]1+
25194,1117.5859,3.007921,[M+H]1+
10450,891.4908,2.514572,[M+NH3+H]1+
3706,700.3303,1.544577,[M+H]1+
26507,412.3043,4.937269,[M+H]1+
28760,252.1335,3.074798,[M+H]1+
12604,553.2635,3.13195,[M+H]1+
4757,463.254,1.462403,[M+H]1+
52916,484.24,4.532479,[M+H]1+
6862,499.2177,2.337,[M+H]1+
3848,657.395,2.086862,[M+H]1+
4032,281.2947,4.914,[M+H]1+
17337,410.2063,2.172112,[M+H]1+
2165,570.2855,1.481886,[M+Na]1+
13223,669.2859,2.286,[M+H]1+
31566,1006.0366,3.656014,[M+2H]2+
32905,1112.2175,2.882589,[M+3H]3+
5606,619.3511,2.555,[M+H]1+
10232,670.4116,1.808891,[M+H]1+
2358,486.2911,0.944193,[M+H]1+
4963,428.2934,1.582324,[M+H]1+
8959,377.1892,2.273536,[M+H]1+
9191,478.2761,0.543666,[M+ACN+H]1+
14506,797.3477,3.890242,[M+H]1+
34619,520.2169,3.835,[M+H]1+
12527,552.3181,5.055,[M+H]1+
22004,717.4157,2.767,[M+H]1+
3747,439.2655,0.551887,[M+H]1+
43680,298.1178,2.777,[M+H]1+
10138,261.6588,0.775,[M+2H]2+
11004,545.3063,2.110974,[M+H]1+
12179,838.3704,2.277666,[M+H]1+
32746,577.4654,5.628,[M+H]1+
8319,729.4148,4.481,[M+H]1+
6393,419.7231,1.094447,[M+H]1+
13494,670.4366,6.391718,[M+H]1+
40124,627.2927,6.934019,[M+H]1+
7386,809.3434,2.044583,[M+H]1+
25155,464.2011,2.103,[M+H]1+
4759,777.3498,2.143761,[M+2H]2+
3486,262.126,0.999224,[M-H2O+H]1+
43519,577.321,4.056144,[M+H]1+
10852,941.4333,2.689098,[M+H]1+
8006,225.1593,0.554886,[M-NH3+H]1+
17986,607.4224,5.718317,[M+H]1+
8318,756.3654,1.607328,[M+H]1+
19445,812.4424,4.880961,[M+H]1+
4157,612.3123,1.755514,[M+H]1+
10045,699.3685,3.653,[M+H]1+
14073,566.2576,2.838,[M+H]1+
21585,507.2591,2.35946,[M+H]1+
35897,230.1168,4.032,[M+H]1+
4369,459.2799,0.819334,[M+H]1+
4977,857.4604,1.587699,[M-H2O+H]1+
30278,259.1689,4.175549,[M+H]1+
2429,818.4493,1.242489,[M+ACN+H]1+
21630,486.3634,1.568472,[M+H]1+
11415,1020.497,2.926194,[M+H]1+
7215,407.1795,3.896821,[M+H]1+
15755,651.4423,2.710881,[M+H]1+
6726,364.7401,1.664023,[M+H]1+
36433,361.1743,3.887761,[M+H]1+
52650,430.2321,4.491,[M+H]1+
16110,231.0776,4.843991,[M+H]1+
8831,1158.5033,2.176889,[M+H]1+
8967,761.3445,1.771723,[M+H]1+
48605,585.3423,1.914542,[M+H]1+
7986,731.8606,1.817487,[M+H]1+
4775,618.3371,1.61766,[M+H]1+
8157,777.8421,2.2039,[M+2H]2+
2394,755.32,7.552,[M+H]1+
11166,875.388,1.965851,[M+2H]2+
26370,797.8953,2.948396,[M+2H]2+
7512,522.2419,2.038832,[M+2H]2+
12067,867.9553,2.306942,[M+2H]2+
7353,887.3655,2.439996,[M+H]1+
7573,392.1804,3.52528,[M+H]1+
42566,611.2887,2.372092,[M+H]1+
9046,487.2859,4.677909,[M+H]1+
5226,536.3065,1.018,[M+H]1+
13798,658.8089,1.851917,[M+H]1+
45689,256.0711,3.219627,[M+H]1+
4663,657.806,1.856,[M+H]1+
4469,416.2491,1.23,[M+H]1+
14290,543.2755,4.737934,[M+H]1+
12326,778.3429,2.2039,[M+2H]2+
5144,561.3243,4.877996,[M-H2O+H]1+
542,547.2615,0.748847,[M+H]1+
6513,331.6591,1.29,[M+2H]2+
10659,594.3115,2.277465,[M+H]1+
31429,358.1961,3.222006,[M+H]1+
30898,1269.5021,2.986,[M+H]1+
13333,676.2714,2.234,[M+H]1+
5337,301.1785,4.641948,[M-H2O+H]1+
33023,151.0384,4.641948,[M+H]1+
42546,251.1995,4.829987,[M+H]1+
14725,557.2548,4.72793,[M+H]1+
46366,682.368,1.676935,[M+H]1+
4807,452.2029,1.482516,[M+H]1+
3850,641.3021,1.808,[M+Na]1+
47215,522.1964,3.795,[M+H]1+
1946,277.2153,5.022,[M-H2O+H]1+
3783,442.2648,1.222,[M+2H]2+
37363,476.2374,3.545691,[M+H]1+
2243,740.3348,1.303267,[M+Na]1+
16980,319.189,4.641948,[M+H]1+
10361,499.2867,0.77521,[M-NH3+H2O+H]1+
8350,480.2531,0.779523,[M+H]1+
52044,223.1683,3.718955,[M+H]1+
20789,302.1819,4.641948,[M-H2O+H]1+
11639,349.1745,3.867845,[M+H]1+
11626,375.2017,1.776961,[M+H]1+
8977,290.2684,3.11495,[M+H]1+
5371,427.2045,1.59905,[M+H]1+
6671,221.1526,4.23753,[M+H]1+
13740,543.2757,4.702922,[M+H]1+
5001,728.4315,2.694299,[M+H]1+
5577,553.2961,1.7147,[M+H]1+
9601,487.217,2.97542,[M+H]1+
4496,422.2272,1.864453,[M+Na]1+
2861,605.2991,2.966422,[M-H2O+H]1+
13457,742.2845,2.279603,[M+H]1+
1536,681.3571,1.385566,[M+3H]3+
4268,507.2794,2.529966,[M+H]1+
946,604.2958,2.969,[M-H2O+H]1+
15355,572.3636,2.419506,[M+H]1+
3233,591.312,1.134927,[M+H]1+
12397,1004.5017,1.80937,[M+H]1+
2222,546.2654,1.532313,[M+2H]2+
15937,830.4022,2.345078,[M+H]1+
21718,354.1435,4.736,[M+H]1+
25163,281.1713,3.729522,[M+H]1+
4498,458.2959,1.575772,[M+H]1+
6429,741.3182,1.437587,[M+H]1+
45783,427.1602,3.334051,[M+H]1+
11791,986.4745,1.788462,[M+H]1+
2994,495.2801,1.663321,[M+H]1+
2288,400.254,2.432,[M+H]1+
1514,657.3135,1.781364,[M+2H]2+
1763,739.3588,2.139875,[M-NH3+H2O+H]1+
7171,663.8907,1.532315,[M+2H]2+
18520,677.2906,3.416,[M+H]1+
15031,888.3691,2.451,[M+H]1+
32282,657.3221,3.287327,[M+H]1+
37378,871.4197,3.937698,[M+2H]2+
4433,580.2859,2.140189,[M+H]1+
11999,786.8822,1.445887,[M+2H]2+
712,738.3544,2.123169,[M-NH3+H2O+H]1+
5332,741.3378,1.294207,[M+Na]1+
5733,478.2903,1.55673,[M+2H]2+
13235,736.3933,3.473163,[M+H]1+
2375,314.6574,1.368559,[M+2H]2+
2218,394.2154,1.732288,[M+H]1+
894,1042.4923,1.951795,[M+H]1+
6839,740.3599,2.130306,[M-NH3+H2O+H]1+
4244,886.3818,2.300941,[M+H]1+
37924,632.327,3.598362,[M+H]1+
18151,530.2228,2.654457,[M+H]1+
7844,887.3843,2.29447,[M+H]1+
7621,825.4231,1.74972,[M+H]1+
4815,1047.479,1.956856,[M+H]1+
17473,1326.9312,7.110489,[M+H]1+
20306,605.2674,3.10681,[M+Na]1+
2404,489.2996,4.048633,[M+Na]1+
3583,479.2488,1.336182,[M+Na]1+
1952,548.2653,0.748847,[M+H]1+
16706,528.3008,2.15308,[M+H]1+
10565,517.3214,1.225,[M-H2O+H]1+
6817,465.7522,0.981,[M+H]1+
4373,379.1967,1.284168,[M+H]1+
7076,331.6496,1.745713,[M+H]1+
3673,431.2685,1.027,[M+H]1+
11701,627.2804,2.962209,[M+H]1+
18119,586.2849,2.962628,[M+H]1+
2212,356.2168,2.488016,[M+H]1+
3169,780.3983,2.830763,[2M+H]1+
10523,627.3152,2.10657,[M+2H]2+
2100,376.1859,2.273,[M+H]1+
16314,594.3116,2.518544,[M+H]1+
5009,844.4177,1.994388,[M+H]1+
9803,402.2338,0.611,[M+H]1+
1391,779.3947,2.821757,[2M+H]1+
1293,542.8115,1.502151,[M+H]1+
14915,455.285,2.712109,[M+H]1+
9307,589.296,2.54756,[M+H]1+
13219,1156.4542,3.262661,[M+H]1+
5100,406.23,2.992417,[M+Na]1+
7294,381.2305,1.912509,[M+H]1+
295,164.1067,2.136564,[M+H]1+
13572,426.2375,2.893142,[M+H]1+
4730,622.3427,2.460562,[M+H]1+
12636,478.3096,2.254382,[M+H]1+
1984,365.2255,1.545699,[M+H]1+
34703,360.1333,4.489376,[M+H]1+
18321,537.2326,2.707105,[M+H]1+
4464,810.412,2.5,[M+H]1+
7637,1003.525,3.100634,[M+H]1+
50944,407.1436,6.942774,[M+H]1+
6792,357.1411,3.255,[M+Na]1+
4722,412.2661,0.541,[M+3Na-2H]1+
13125,371.1562,3.874,[M+Na]1+
6527,444.2805,0.737302,[M+NH3+H]1+
2327,433.2649,0.748847,[M+H]1+
26625,348.2735,3.865753,[M+NH3+H]1+
937,430.2649,1.027,[M+H]1+
5145,459.2804,1.345275,[M+H]1+
16022,431.1873,3.614523,[M+H]1+
1079,508.2385,2.035,[M+H]1+
4939,451.2542,1.157,[M+H]1+
11494,781.4003,2.817549,[2M+H]1+
4531,403.2539,0.911822,[M+H]1+
9005,584.2133,2.635079,[M+Na]1+
10965,542.2675,2.637462,[M+H]1+
10465,590.7837,1.888631,[M+2H]2+
19008,473.295,2.51447,[M+H]1+
13975,617.3275,2.732764,[M+CH3OH+H]1+
27630,707.3585,2.983439,[M+H]1+
38403,678.2946,3.416127,[M+H]1+
43472,523.1804,4.008636,[M+H]1+
4833,389.2386,1.249255,[M+H]1+
36916,519.3163,3.304732,[M+H]1+
17229,461.238,2.839477,[M+CH3OH+H]1+
10028,442.7665,1.27152,[M+2H]2+
32511,938.3773,3.491854,[M+H]1+
17693,531.2757,3.922199,[M+H]1+
4520,473.2953,1.63,[M+H]1+
4121,370.244,1.28175,[M+H]1+
3454,485.3151,1.548637,[M+K]1+
20360,1207.5847,2.966578,[M+H]1+
393,392.217,1.253513,[M+H]1+
22484,631.3798,2.363966,[M+H]1+
7388,874.4019,1.865145,[M+H]1+
12846,690.3808,2.372514,[M+H]1+
982,512.3173,1.605,[M+H]1+
22677,689.4212,2.934599,[M+H]1+
3679,795.4126,1.748356,[M+H]1+
12827,839.4659,2.450506,[M+H]1+
6105,804.4786,2.114432,[M+H]1+
3983,852.4799,1.781,[M+H]1+
4042,421.2217,6.921,[M+H]1+
13003,291.1694,2.927612,[M+H]1+
1799,739.847,1.645326,[M+2H]2+
2016,870.4145,1.900166,[M+H]1+
26101,459.28,1.92,[M+H]1+
1908,490.2644,1.869,[M+H]1+
27041,777.3766,2.555501,[M+H]1+
4704,389.2386,0.926811,[M+H]1+
28929,337.1718,3.493277,[M+Na]1+
794,493.2646,2.156882,[M+H]1+
2905,419.2491,0.983597,[M+H]1+
13344,586.3795,2.335433,[M+H]1+
9583,544.3328,2.495443,[M+H]1+
1524,280.1728,1.203,[M+H]1+
5711,427.2045,1.414724,[M+H]1+
7663,522.2513,1.939411,[M+H]1+
15082,326.1489,4.29349,[M+H]1+
50005,1344.9845,7.12,[M+H]1+
24708,797.3805,3.243314,[M+H]1+
10097,465.2646,4.208442,[M-H2O+H]1+
15573,422.2535,1.094447,[M+2H]2+
26087,1059.5964,5.798,[M+H]1+
2027,837.4593,2.461502,[M+H]1+
5514,329.1486,1.685,[M+H]1+
7904,658.3985,2.175,[M-NH3+H2O+H]1+
22618,166.0858,3.255,[M+H]1+
9540,563.2343,2.641,[M+H]1+
14124,489.2541,1.753092,[M+H]1+
7392,358.2076,0.978609,[M+H]1+
10238,235.1071,2.426486,[M+H]1+
6277,352.1855,1.262,[M+H]1+
11053,1044.4784,2.235827,[M+H]1+
5678,516.3124,0.576,[M+H]1+
18852,753.3452,3.082,[M+H]1+
7426,415.2904,2.082428,[M+H]1+
52547,277.2154,4.190023,[M+H]1+
7465,504.2553,0.99217,[M+H]1+
5046,586.2844,3.484,[M+3Na-2H]1+
435,892.4183,2.824,[M+H]1+
7962,470.259,2.197551,[M+H]1+
16327,528.2473,2.33,[M+ACN+Na]1+
9645,378.1993,2.356,[M+Na]1+
3405,399.2591,1.593653,[M+H]1+
26790,589.2597,4.573269,[M+K]1+
14891,568.2385,2.582162,[M+H]1+
1030,552.2803,2.060467,[M+Na]1+
5701,711.4095,2.777282,[M+H]1+
24361,284.1018,2.878943,[M+H]1+
6853,959.5125,1.529563,[M+H]1+
5945,597.3221,1.486,[M+H]1+
6770,547.2687,1.537685,[M+2H]2+
5300,339.1568,6.953,[M+H]1+
46052,1159.6029,7.035,[M+H]1+
3357,657.3948,2.174,[M-NH3+H2O+H]1+
7821,370.2302,1.058567,[M+H]1+
3295,419.249,0.99639,[M+H]1+
16432,469.204,2.488016,[M+Na]1+
36187,1157.4373,3.313063,[M+H]1+
13652,532.2744,2.821576,[M+H]1+
5222,349.1744,3.736,[M+H]1+
33170,544.332,2.640459,[M+H]1+
7696,719.3339,1.656028,[M+H]1+
4574,616.3077,1.388,[M+H]1+
3834,376.1917,1.099224,[M+H]1+
47248,860.4164,3.733273,[M+H]1+
47937,282.1158,0.828318,[M+H]1+
4069,470.2592,1.422581,[M+H]1+
11236,889.4838,2.586528,[M+H]1+
18052,591.3481,3.022,[M-H2O+H]1+
27122,755.3571,3.18862,[M+H]1+
27452,730.3828,3.401138,[M+H]1+
4204,626.3603,1.356,[M+H]1+
33258,702.3892,3.024485,[M+H]1+
9170,457.2573,0.835683,[M+H]1+
39873,414.2487,3.444,[M+H]1+
766,725.3816,1.707301,[M+2H]2+
6421,420.2453,3.45423,[M+H]1+
2291,710.4061,2.777282,[M+H]1+
27584,271.1071,2.961,[M+H]1+
7581,886.4086,1.393855,[M+H]1+
35195,428.1772,3.428506,[M+Na]1+
2190,442.2647,0.534218,[M-NH3+H2O+H]1+
51671,498.2193,3.558453,[M+H]1+
20688,575.2807,4.748031,[M+K]1+
7460,629.2665,0.618118,[M+H]1+
52538,345.2009,3.70924,[M+H]1+
625,514.2432,0.723852,[M+H]1+
30606,890.4576,3.532,[M+H]1+
8971,655.3064,5.816948,[M+H]1+
6132,726.3826,1.722543,[M+2H]2+
1105,493.2644,2.573363,[M+H]1+
19699,491.2829,3.203995,[M+Na]1+
14974,470.2591,2.012099,[M+H]1+
18145,519.2434,2.863,[M+H]1+
7367,617.328,2.521556,[M+H]1+
8974,697.4227,1.968616,[M+H]1+
6923,676.3851,1.643681,[M+H]1+
27298,287.1281,4.942,[M+H]1+
16603,473.271,4.916,[M+H]1+
34608,573.2855,4.9,[M+H]1+
799,488.3257,5.167,[M+Na]1+
5383,493.299,5.104,[M+H]1+
15962,1064.5424,2.484515,[M+H]1+
4583,376.3043,4.181147,[M+H]1+
37983,556.3434,4.693,[M+H]1+
12204,844.9445,3.803554,[M+2H]2+
37483,491.2748,5.066408,[M+H]1+
8236,606.3821,5.368259,[M+H]1+
5399,517.2753,5.14,[M+K]1+
7872,585.3419,1.841752,[M+H]1+
4957,547.3456,4.957979,[M-H2O+H]1+
43677,582.3827,4.738033,[M+H]1+
40120,288.1432,4.764,[M+H]1+
11360,991.614,5.200462,[M+H]1+
4975,469.3141,4.957979,[M-H2O+H]1+
1404,524.2963,7.56,[M+H]1+
50611,473.273,3.915399,[M+H]1+
2516,546.2782,7.544,[M+H]1+
5682,632.2133,7.544,[M+H]1+
3144,339.2881,7.56,[M+H]1+
37504,501.2654,4.467824,[M+H]1+
19076,1013.5518,5.149,[2M+2K-Na]1+
26184,415.2674,4.8996,[M+H]1+
52676,473.2728,4.176292,[M+H]1+
643,596.3382,1.254,[M+NH3+H]1+
6044,327.2708,5.317765,[M+H]1+
6093,534.2661,0.855476,[M+H]1+
4202,493.3001,5.167,[M+2H]2+
5870,587.2912,1.294322,[M+H]1+
8018,545.3083,5.334,[M+H]1+
1460,646.3557,2.295938,[M+2H]2+
5924,385.2842,5.14,[M-2H2O+H]1+
8289,229.1541,1.191,[M+H]1+
1988,597.3427,1.153,[M+NH3+H]1+
1769,423.309,5.469,[M-H2O+H]1+
38478,251.1999,5.068,[M+H]1+
36953,596.3618,4.593253,[M+H]1+
4539,1163.61,2.617489,[M+H]1+
3143,564.2262,7.544,[M+2Na-H]1+
50875,551.3041,4.593253,[M+H]1+
1860,773.3549,1.26526,[M+2H]2+
4811,587.3168,5.402,[M+K]1+
6004,634.4135,5.501,[M+H]1+
1813,584.3027,0.808527,[M+H]1+
27688,971.6459,5.194149,[M+H]1+
23441,533.2935,4.573269,[M-H2O+H]1+
3375,399.259,1.115,[M+H]1+
4108,582.3233,0.969433,[M-NH3+H2O+H]1+
6136,443.2686,0.987423,[M+H]1+
4456,471.2996,0.865,[M-H2O+H]1+
14926,672.5236,5.351,[M+H]1+
4697,350.1702,0.864177,[M+H]1+
49639,518.3,4.276251,[M+H]1+
48232,503.2829,4.690958,[M+H]1+
44831,302.2067,0.95921,[M+H]1+
5093,533.2897,1.364,[M+CH3OH+Na]1+
3676,470.2959,1.445,[M+H]1+
15055,441.2802,5.149,[M+Na]1+
1049,470.2959,0.852348,[M-H2O+H]1+
448,498.3025,0.922811,[M+H]1+
1652,542.2447,7.552,[M+Na]1+
4675,342.2127,0.832,[M+H]1+
5804,541.333,1.274818,[M+H]1+
27258,324.1794,3.478422,[M+H]1+
4403,415.2539,1.051795,[M+NH3+H]1+
2618,391.1966,0.869831,[M+Na]1+
14551,743.398,5.307634,[M+H]1+
6526,716.5204,5.385,[M+NH3+H]1+
2627,515.2468,0.714854,[M+H]1+
2477,734.3454,0.99217,[M+H]1+
5379,513.3215,1.26974,[M-3H2O+H]1+
2357,729.412,1.504385,[M+H]1+
2842,475.2884,5.104,[M-H2O+H]1+
3933,507.2792,5.149,[M+2H]2+
5578,903.4547,1.73529,[M+H]1+
877,496.2861,1.005028,[M+H]1+
6079,620.3022,0.893,[M+H]1+
8055,529.2966,4.846981,[M+H]1+
24146,329.1093,0.743,[M+H]1+
29751,515.2445,4.097673,[M+H]1+
12623,582.3083,2.633486,[M+2H]2+
7266,607.3432,1.132538,[M+H]1+
34698,407.2376,0.945191,[M+H]1+
8145,462.2335,0.806824,[M+H]1+
7227,578.2916,0.824,[M+H]1+
4964,449.2384,0.872821,[M+H]1+
825,479.2603,0.922811,[M+H]1+
2422,630.3226,1.022419,[M+H]1+
1732,468.2807,0.911,[M+H]1+
13043,598.3546,1.08789,[M+H]1+
47975,267.1341,4.454366,[M+H]1+
38186,489.2653,3.87221,[M+H]1+
6160,469.284,0.894914,[M+H]1+
3595,259.1646,0.906,[M+H]1+
42737,554.3517,4.786043,[M+NH3+H]1+
48070,531.2756,4.128685,[M+H]1+
44297,393.314,4.475127,[M+H]1+
20887,640.299,3.161707,[M+H]1+
4379,536.2812,0.934,[M+H]1+
1850,499.3057,0.957172,[M+H]1+
10002,1041.569,2.706008,[M+H]1+
5981,505.2839,1.253513,[M+H]1+
2591,530.3453,5.343,[M+H]1+
29599,211.1323,4.78389,[M+H]1+
37286,927.515,4.178706,[2M+CH3OH+H]1+
36760,729.5333,5.243515,[M+H]1+
36444,457.3116,5.391,[M+H]1+
603,484.3117,1.349724,[M+H]1+
13880,482.2598,2.335476,[M+NH3+H]1+
21890,395.2399,5.201261,[M+H]1+
1458,384.3095,5.272875,[M-H2O+H]1+
26631,338.2678,4.639073,[M-2H2O+H]1+
39877,209.128,0.855636,[M+H]1+
47017,425.2128,5.337,[M+H]1+
3130,581.3386,1.013792,[M+H]1+
704,477.2444,1.112,[M+H]1+
3500,408.223,1.214497,[M+H]1+
4606,449.2379,1.19649,[M+H]1+
6976,621.3589,1.241758,[M+H]1+
3824,456.2804,0.721859,[M+K]1+
44552,497.2725,4.583261,[M+H]1+
1310,261.1229,1.374268,[M+H]1+
3932,647.3486,1.227254,[M+H]1+
2188,628.3076,1.26974,[M-H2O+H]1+
1097,440.2492,0.901473,[M+H]1+
3756,441.2809,1.333098,[M+H]1+
13264,276.17,3.304325,[M+H]1+
12955,516.239,0.723852,[M+H]1+
8442,429.2693,1.123919,[M+H]1+
3733,649.3648,1.40186,[M+H]1+
1817,562.2966,1.223498,[M+H]1+
3216,480.264,0.922811,[M+H]1+
2605,550.2971,1.38245,[M+H]1+
47787,650.2607,3.767041,[M+H]1+
8150,491.2844,1.571,[M+H]1+
2847,306.2781,5.391625,[M-H2O+H]1+
5130,553.3333,0.851785,[M+H]1+
499,512.3174,1.487,[M+H]1+
616,885.4672,3.484,[M+H]1+
7269,626.8469,1.130462,[M+H]1+
124,197.1281,0.985201,[M+H]1+
7172,654.3528,1.880069,[M+H]1+
10959,676.2953,2.901407,[M+H]1+
24848,473.2644,4.995,[M+H]1+
7627,899.5171,0.92438,[M+H]1+
678,778.5334,5.389104,[M+ACN+H]1+
2216,700.3109,5.46,[M+ACN+H]1+
23024,516.3875,5.203621,[M+H]1+
1586,393.2203,1.253513,[M+H]1+
3358,555.3123,0.909468,[M+H]1+
537,287.1706,1.132,[M+H]1+
4165,471.2996,1.068218,[M+2Na-H]1+
8178,334.1389,1.586,[M+H]1+
5263,342.2011,1.939621,[M+H]1+
41093,575.3741,5.189838,[M+H]1+
5589,568.2753,1.436706,[M+H]1+
14258,630.3013,2.250839,[M+NH3+H]1+
6612,438.5857,1.110134,[M+H]1+
8529,563.3003,1.149295,[M+H]1+
21055,345.2124,1.485,[M+H]1+
49891,308.221,4.31121,[M+H]1+
5220,587.3497,0.803843,[M+H]1+
9485,482.2711,0.556682,[M+2Na-H]1+
7650,330.152,1.138,[M+H]1+
15017,244.1286,1.105784,[M+H]1+
1845,588.337,2.808574,[M+3Na-2H]1+
4281,200.1389,1.246,[M+H]1+
1028,470.2961,1.068,[M+2Na-H]1+
3189,497.2904,1.000796,[M+H]1+
2678,543.2546,1.090335,[M+H]1+
38168,597.4553,5.272731,[M+H]1+
11032,598.4882,5.382,[M+ACN+H]1+
6376,611.1711,0.549321,[M+H]1+
3639,595.3553,1.311731,[M+H]1+
8234,589.814,1.709301,[M+H]1+
41389,984.4617,2.749,[M+2H]2+
2450,534.291,1.341274,[M+H]1+
1286,512.3179,1.252743,[M+H]1+
2539,553.2539,5.452541,[M+H]1+
2002,479.2488,1.106127,[M+H]1+
1569,513.302,1.039213,[M+H]1+
5797,490.2396,0.879,[M+H]1+
4305,745.4429,1.125,[M+H]1+
3571,504.2804,1.473301,[M+H]1+
22419,970.5332,2.78685,[M+H]1+
2617,478.2478,1.098119,[M+H]1+
7966,641.3123,1.26974,[M+H]1+
7836,619.3426,1.559641,[M+H]1+
3739,887.4735,3.484,[M+H]1+
263,279.1695,1.203,[M+H]1+
5666,259.1071,0.901816,[M+H]1+
11776,579.2906,5.105,[M-H2O+H]1+
24557,656.5309,5.442,[M+H]1+
26738,702.4965,5.54,[M+H]1+
3765,386.2469,1.068792,[M+H]1+
11366,301.1403,5.244679,[M+Na]1+
2635,665.3601,1.24827,[M+H]1+
17462,523.244,5.339,[M+K]1+
6354,413.2748,1.266753,[M+H]1+
7906,374.1699,2.826578,[M+H]1+
7552,666.3796,1.252,[M+H]1+
33338,182.9845,5.4,[M+H]1+
310,411.2159,1.015802,[M+2H]2+
8296,480.2802,2.710881,[M+H]1+
1269,560.2815,0.825,[M-H2O+H]1+
5801,485.213,0.992,[M+H]1+
18056,696.309,4.83,[M+H]1+
852,227.1386,1.16332,[M+H]1+
7293,489.3102,0.84086,[M+H]1+
2187,583.3168,1.142532,[M+2H]2+
13847,463.2541,1.164476,[M+H]1+
3881,456.2805,1.344726,[M+NH3+H]1+
14040,627.1656,0.714418,[M+H]1+
8474,258.1232,1.421161,[M+H]1+
26305,203.1063,5.199,[M+H]1+
20825,227.1998,5.227495,[M+H]1+
23178,691.7581,4.550071,[M+H]1+
41343,281.2468,4.727199,[M+H]1+
19884,645.3223,5.044414,[M+H]1+
7507,866.3761,2.005591,[M+H]1+
9321,1286.6227,2.315893,[M+2H]2+
9334,1285.6193,2.324376,[M+2H]2+
8923,1053.5165,1.859476,[M+2H]2+
12648,618.331,5.476,[M+2H]2+
11824,1075.0635,5.618559,[2M+H]1+
27736,281.2468,4.96668,[M+H]1+
12047,604.3153,5.434,[M+H]1+
33322,380.2396,4.657284,[M+H]1+
5983,328.1406,4.511213,[M+2H]2+
21227,662.2808,3.152711,[M+H]1+
29794,583.2528,4.446785,[M+H]1+
3336,260.185,1.394715,[M+H]1+
34658,233.1893,4.586873,[M-3H2O+H]1+
1961,261.1571,0.558571,[M+2H]2+
21190,1147.5487,2.525031,[M+H]1+
24340,229.1427,2.654084,[M+H]1+
35976,366.2238,4.321205,[M+H]1+
6374,1025.4326,2.968,[M+H]1+
8218,530.328,5.3665,[M+H]1+
48650,245.2255,5.051332,[M+H]1+
47208,445.3146,4.629319,[M-2H2O+H]1+
29078,431.1873,3.418604,[M+H]1+
25529,333.2025,4.812,[M+H]1+
1374,650.8464,2.356519,[M+2H]2+
20808,603.3115,4.957979,[M+H]1+
35682,225.1843,4.788012,[M+H]1+
13953,783.4636,3.702244,[M+2H]2+
17250,1231.6119,2.874644,[M+H]1+
14247,251.1998,4.586873,[M-2H2O+H]1+
15638,336.2525,4.815091,[M-2H2O+H]1+
13497,859.4606,5.424,[M+H]1+
11232,913.5129,5.504019,[M+H]1+
22775,337.2338,4.590094,[M+H]1+
8448,1097.0436,5.629027,[2M+Na]1+
14283,223.1685,4.012181,[M-H2O+H]1+
1340,659.3705,1.708651,[M-NH3+H2O+H]1+
29360,689.2912,3.423397,[M+H]1+
23507,163.1475,4.012181,[M+H]1+
20787,985.4832,2.918805,[M+H]1+
35408,215.1788,4.557728,[M+ACN+H]1+
31125,339.2496,4.727199,[M+Na]1+
25581,657.2805,4.526379,[M+H]1+
8306,585.2761,5.3555,[M+Na]1+
31385,304.063,4.324383,[M+H]1+
7436,282.6599,0.875641,[M+H]1+
37002,223.2049,5.024,[M+H]1+
9271,685.4592,1.035423,[M+H]1+
2608,655.2739,4.526379,[M+H]1+
5152,265.668,0.551887,[M+2H]2+
7326,402.2446,0.53855,[M+H]1+
5161,491.2596,1.17476,[M+H]1+
12584,317.1484,4.502764,[M+Na]1+
39609,315.1906,3.870479,[M+H]1+
9701,377.3131,5.505029,[M+H]1+
2750,434.222,0.895,[M+H]1+
7459,559.3434,0.594636,[M+H]1+
3821,370.2441,1.124396,[M+H]1+
7800,473.2324,1.056076,[M+ACN+H]1+
30639,947.5114,5.507,[M+H]1+
6630,561.2767,0.789161,[M+H]1+
17579,267.1335,0.645,[M+H]1+
1917,472.2292,1.078,[M+ACN+H]1+
11816,975.5185,5.464,[M+Na]1+
3556,288.174,1.116407,[M+H]1+
3732,470.2711,0.553564,[M+H]1+
1132,415.2544,0.586599,[M+H]1+
3493,456.2807,0.586543,[M+ACN+H]1+
9279,732.3899,2.472989,[M+H]1+
6425,554.3367,1.027,[M+H]1+
2820,417.2333,1.137233,[M-NH3+H2O+H]1+
6885,548.2811,0.881,[M+H]1+
41256,617.2653,4.772394,[M+Na]1+
1669,405.2123,0.725964,[M+Na]1+
5027,460.2755,1.182788,[M-NH3+H2O+H]1+
4556,468.2808,0.562,[M-H2O+H]1+
1121,479.249,2.164886,[M+H]1+
6157,522.2906,1.391853,[M+H]1+
1627,431.2488,1.663699,[M-2H2O+H]1+
42368,295.2257,4.748028,[M+H]1+
47487,241.1789,4.022179,[M+H]1+
30702,655.2741,4.59612,[M+H]1+
17294,696.4633,2.979392,[M+H]1+
44223,309.2024,4.498317,[M+H]1+
5255,387.2592,1.139,[M+H]1+
1078,504.2805,1.73852,[M+H]1+
51040,216.1013,4.245169,[M+H]1+
4554,246.1889,0.62851,[M+H]1+
7542,496.2839,1.465857,[M-NH3+H]1+
6813,220.1365,0.542889,[M+H]1+
5615,416.258,0.58724,[M+H]1+
10594,336.7049,0.808527,[M+H]1+
4073,288.2025,0.535,[M+H]1+
1216,428.1805,2.231544,[M+H]1+
3727,547.3051,1.757796,[M+ACN+H]1+
10933,413.2748,1.361,[M+H]1+
4013,430.2651,1.158948,[M+H]1+
2645,417.2695,1.214497,[M+ACN+Na]1+
3619,515.329,0.542889,[M+H]1+
4083,268.6444,0.708989,[M+2H]2+
2978,245.0915,0.904446,[M+H]1+
6987,332.2171,1.007233,[M+H]1+
7996,444.2809,0.546223,[M+H]1+
16541,429.2484,2.48146,[M+H]1+
10537,655.2733,4.429892,[M+H]1+
3653,389.2385,1.124847,[M+H]1+
6162,460.2755,0.947806,[M+H]1+
52531,677.321,1.260538,[M+H]1+
43324,851.5103,5.482,[M+H]1+
6398,1096.0403,5.629027,[2M+Na]1+
8836,484.7836,1.211239,[M+H]1+
11387,345.6525,0.845652,[M+H]1+
48794,328.1403,4.60194,[M+H]1+
14644,511.7367,1.267741,[M+H]1+
44725,307.1869,4.736923,[M+H]1+
2832,521.3073,0.576178,[M+H]1+
1306,332.2173,1.210057,[M+H]1+
6385,232.6465,0.721,[M+H]1+
9343,585.285,1.7127,[M+Na]1+
2248,400.2546,2.334523,[M+H]1+
4368,655.2523,2.611467,[M+H]1+
2323,485.3149,1.336546,[M+H]1+
7325,269.1606,0.545223,[M+H]1+
13009,583.3177,0.591605,[M+H]1+
11189,585.3581,1.236277,[M+H]1+
8664,523.2741,2.096714,[M+H]1+
2676,528.3373,1.461493,[M+H]1+
4239,335.1447,1.951996,[M+H]1+
3494,410.1913,1.141767,[M+H]1+
6358,585.3065,0.799533,[M+H]1+
5812,346.1964,1.041425,[M+H]1+
2324,519.2998,1.749642,[M+H]1+
25059,385.1719,4.302,[M+H]1+
12571,429.2329,0.591241,[M+Na]1+
5661,283.2817,5.662,[M+H]1+
1542,504.2806,1.243745,[M+H]1+
1053,606.334,0.956392,[M+H]1+
6325,333.2206,1.201226,[M+H]1+
16775,303.1334,0.725964,[M+H]1+
6198,261.6581,0.550562,[M+H]1+
3520,637.3286,0.957634,[M+H]1+
836,512.3169,1.436468,[M+H]1+
3302,358.2329,1.781458,[M+H]1+
2287,503.2717,1.103774,[M-H2O+H]1+
20319,282.2974,5.662,[M+H]1+
4798,557.3278,0.910696,[M+H]1+
7756,406.2156,0.720295,[M+Na]1+
2089,536.2817,0.73115,[M+H]1+
12372,627.3629,1.304763,[M+H]1+
20593,284.102,2.656258,[M+H]1+
2470,441.2803,1.512545,[M+H]1+
49679,501.3378,5.264961,[M+H]1+
7531,261.1594,0.928,[M+H]1+
3430,275.6521,1.381,[M+H]1+
34587,1017.5726,5.686267,[M+H]1+
50784,1099.0518,5.669,[2M+Na]1+
578,245.1855,0.62851,[M+H]1+
29767,297.2413,4.9,[M+H]1+
10447,304.6647,0.727958,[M+2H]2+
5415,401.2743,1.137222,[M-3H2O+H]1+
12673,618.3237,0.539779,[M+H]1+
6648,607.319,0.723148,[M+H]1+
2332,518.2811,1.359205,[M+2H]2+
7351,427.2653,0.984799,[M+H]1+
1959,553.3334,1.02279,[M+H]1+
4632,751.3487,2.714772,[M+H]1+
20586,512.3427,1.65997,[M+H]1+
6798,538.2645,2.229543,[M+H]1+
5279,461.2603,1.091446,[M+H]1+
1667,513.2443,1.332545,[M+H]1+
961,647.3379,1.66566,[M+Na]1+
22672,449.202,1.125219,[M+Na]1+
8778,427.217,1.132462,[M+H]1+
16071,473.2957,2.63,[M+H]1+
7068,261.6493,1.303,[M+H]1+
9011,346.2324,1.37056,[M+H]1+
2115,869.5059,1.975806,[M+H]1+
7228,527.2854,2.041409,[M+H]1+
7081,294.1805,0.821504,[M+H]1+
22922,372.2118,3.287362,[M+H]1+
18625,1195.4668,2.707,[M+H]1+
14557,182.0807,0.549883,[M+H]1+
5007,456.2803,1.084888,[M+H]1+
3777,626.3606,1.416979,[M+H]1+
20013,1098.0468,5.629027,[2M+Na]1+
2270,493.2758,1.3271,[M+H]1+
26902,169.1332,0.53889,[M+H]1+
17010,342.3928,2.945175,[M+H]1+
5651,546.3266,1.950594,[M+H]1+
17126,342.3933,3.220324,[M+H]1+
6148,447.2435,0.999,[M+H]1+
18647,595.3148,2.246082,[M+H]1+
2056,522.2911,0.944193,[M+H]1+
17550,499.8022,0.869822,[M+H]1+
4279,369.2971,5.495013,[M-H2O+H]1+
