row ID	sirius_formula	sirius_adduct	sirius_structure_name	sirius_structure_smiles	sirius_structure_confidence	sirius_npc_pathway	sirius_npc_class	sirius_classyfire_class	source_run
10	C26H52NO7P	[M + H]+	1-(1Z-hexadecenyl)-2-acetyl-sn-glycero-3-phosphocholine	CCCCCCCCCCCCCCC=COCC(COP(=O)(O)OCC[N+](C)(C)C)OC(=O)C	0.312	Fatty acids	Glycerophosphocholines	Glycerophospholipids	sibling:pathway_targeted_association/sirius_annotation_broad;sibling:phenotype_metabolite_association/sirius_annotation_color_all
32	C29H42N4O6	[M + H]+	[(2S)-2-heptanoyloxy-3-[(2R,3R,4S,5R,6R)-3,4,5-trihydroxy-6-(hydroxymethyl)oxan-2-yl]oxypropyl] decanoate	CCCCCCCCCC(=O)OCC(COC1C(C(C(C(O1)CO)O)O)O)OC(=O)CCCCCC	0.058	Fatty acids	Fatty alcohols	Fatty Acyls	sibling:phenotype_metabolite_association/sirius_annotation_color_all
42	C27H40N4O4	[M + H]+	Diundecyl hexa-2,4-diynedioate	CCCCCCCCCCCOC(=O)C#CC#CC(=O)OCCCCCCCCCCC	0.402	Fatty acids	Wax monoesters	Fatty Acyls	sibling:phenotype_metabolite_association/sirius_annotation_color_all
48	C11H15N5O3S	[M + H]+	Methylthioadenosine	CSCC1C(C(C(O1)N2C=NC3=C(N=CN=C32)N)O)O	0.847	Carbohydrates	Purine nucleosides	5'-deoxyribonucleosides	sibling:phenotype_metabolite_association/sirius_annotation_color_all
61	C26H46N6O5	[M + H]+	1-acetyl-N-[5-[(1-acetylpyrrolidine-2-carbonyl)amino]-6-(6-aminohexylamino)-6-oxohexyl]pyrrolidine-2-carboxamide	CC(=O)N1CCCC1C(=O)NCCCCC(C(=O)NCCCCCCN)NC(=O)C2CCCN2C(=O)C	0.241	Amino acids and Peptides	Tripeptides	Carboxylic acids and derivatives	sibling:pathway_targeted_association/sirius_annotation_broad;sibling:phenotype_metabolite_association/sirius_annotation_color_all
80	C24H40O6	[M + H]+		CCCCOCCOC(=O)CCCCCCCCC(=O)OCCOCCCC	0.054	Fatty acids	Wax monoesters	Fatty Acyls	sibling:phenotype_metabolite_association/sirius_annotation_color_all
87	C11H9NO2	[M + H]+	Trans-3-Indoleacrylic Acid	C1=CC=C2C(=C1)C(=CN2)C=CC(=O)O	0.544	Alkaloids	Simple indole alkaloids	Indoles and derivatives	sibling:phenotype_metabolite_association/sirius_annotation_color_all
107	C11H15N5O3S	[M + H]+	Methylthioadenosine	CSCC1C(C(C(O1)N2C=NC3=C(N=CN=C32)N)O)O	0.82	Carbohydrates	Purine nucleosides	5'-deoxyribonucleosides	sibling:phenotype_metabolite_association/sirius_annotation_color_all
136	C44H78NO8P	[M + H]+	[(2R)-3-[(9E,12E)-octadeca-9,12-dienoyl]oxy-2-[(6E,9E,12E)-octadeca-6,9,12-trienoyl]oxypropyl] 2-(trimethylazaniumyl)ethyl phosphate	CCCCCC=CCC=CCCCCCCCC(=O)OCC(COP(=O)(O)OCC[N+](C)(C)C)OC(=O)CCCCC=CCC=CCC=CCCCCC	0.134	Fatty acids	Glycerophosphocholines	Glycerophospholipids	sibling:phenotype_metabolite_association/sirius_annotation_color_all
151	C24H48NO7P	[M + H]+	1-[(9E)-hexadecenoyl]-sn-glycero-3-phosphocholine	CCCCCCC=CCCCCCCCC(=O)OCC(COP(=O)(O)OCC[N+](C)(C)C)O	0.509	Fatty acids	Glycerophosphocholines	Glycerophospholipids	sibling:phenotype_metabolite_association/sirius_annotation_color_all
152	C15H22N2O3	[M + H]+	2-(2-amino-4-methylpentanamido)-3-phenylpropanoic acid	CC(C)CC(C(=O)NC(CC1=CC=CC=C1)C(=O)O)N	0.862	Amino acids and Peptides	Dipeptides	Carboxylic acids and derivatives	sibling:phenotype_metabolite_association/sirius_annotation_color_all
164	C33H53FN10O7	[M + Na]+	Dstbulet	CC(C)CC(C(=O)NC(C(C)O)C(=O)O)NC(=O)C(CC1=CC=CC=C1)NC(=O)CNC(=O)C(COC(C)(C)C)NC(=O)C(CC2=CC=C(C=C2)O)N	0.059	Amino acids and Peptides	Cyclic peptides	Carboxylic acids and derivatives	sibling:secreted_products/sirius_annotation
182	C32H47N5O7	[M + H]+	3-(butan-2-yl)-5,8,9-trimethyl-16-(prop-2-en-1-yl)-6-(propan-2-yl)-icosahydro-1H-pyrido[1,2-d]1-oxa-4,7,10,13,16-pentaazacyclononadecane-1,4,7,10,14,17-hexone	CCC(C)C1C(=O)N(C(C(=O)N(C(C(=O)NCCC(=O)OC(C(=O)N2CCCCC2C(=O)N1)CC=C)C)C)C(C)C)C	0.405	Amino acids and Peptides	Cyclic peptides	Carboxylic acids and derivatives	sibling:secreted_products/sirius_annotation
210	C20H40O5	[M + Na]+	Erythro-9,10-dihydroxyoctadecan-1-ol acetate	CCCCCCCCC(C(CCCCCCCC(O)OC(=O)C)O)O	0.274	Fatty acids	Fatty alcohols	Fatty Acyls	sibling:secreted_products/sirius_annotation;sibling:phenotype_metabolite_association/sirius_annotation_color_all
214	C28H50O9	[M + H]+	2,3-Dihydroxypropyl 3-[2-[2-[2-(2-dodecoxyethoxy)ethoxy]ethoxy]ethoxy]propanoate	CCCCCCCCCCCCOCCOCCOCCOCCOCCC(=O)OCC(CO)O	0.196	Fatty acids	Wax monoesters	Fatty Acyls	sibling:secreted_products/sirius_annotation
246	C24H47N3O9	[M + H]+	2-acetamido-3-hydroxy-N-{1-[(1-hydroxy-2-oxopentadecyl)carbamoyl]-2-methylpropyl}butanamide	CCCCCCCCCCCCCC(=O)C(NC(=O)C(C(C)C)NC(=O)C(C(C)O)NC(=O)C)O	0.108	Fatty acids	Sphingoid bases	Fatty Acyls	sibling:phenotype_metabolite_association/sirius_annotation_color_all
282	C43H77N2O8P	[M + H]+		CCCCCC=CCC(C(CCCCCCCC(=O)NC(COP(=O)(O)OCC[N+](C)(C)C)C(C=CCCCCCCCCC=CCCC)O)O)O	-inf	Fatty acids	Phosphosphingolipids	Sphingolipids	sibling:phenotype_metabolite_association/sirius_annotation_color_all
309	C40H60O9	[M + H]+							sibling:phenotype_metabolite_association/sirius_annotation_color_all
345	C41H52N6O9	[M + H]+	Cyclo[L-Phe-[(2S,7S)-2-(Boc-L-Phe-amino)-7-[[(2S)-2alpha-carboxypyrrolizino]carbonyl]-7-amino*-4-heptenoyl]-L-Pro-]	CC(C)(C)OC(=O)NC(CC1=CC=CC=C1)C(=O)NC2CC=CCC(NC(=O)C(NC(=O)C3CCCN3C2=O)CC4=CC=CC=C4)C(=O)N5CCCC5C(=O)O	0.582	Amino acids and Peptides	Cyclic peptides	Carboxylic acids and derivatives	sibling:secreted_products/sirius_annotation
354	C26H46O7	[M + H]+	[(2R,3R,4R,5S)-2,3,4,5,6-pentahydroxyhexyl] 18-deuteriooctadecanoate	CCCCCCCCCCCCCCCCCC(=O)OCC(C(C(C(CO)O)O)O)O	0.852	Fatty acids	Wax monoesters	Fatty Acyls	sibling:secreted_products/sirius_annotation
387	C18H20N2O3	[M + H]+	Phe-Phe	C1=CC=C(C=C1)CC(C(=O)NC(CC2=CC=CC=C2)C(=O)O)N	0.998	Amino acids and Peptides	Dipeptides	Carboxylic acids and derivatives	sibling:phenotype_metabolite_association/sirius_annotation_color_all
395	C27H45N7O9	[M + H]+	Cbz-Leu-Val-Unk-Val-OBn	CC(C)CC(C(=O)NC(C(C)C)C(=O)NNC(=O)NC(C(C)C)C(=O)OCC1=CC=CC=C1)NC(=O)OCC2=CC=CC=C2	0.069	Amino acids and Peptides	Cyclic peptides	Carboxylic acids and derivatives	sibling:secreted_products/sirius_annotation
401	C23H45N7O9	[M + Na]+	Desmethyldestruxin A	CCC(C)C1C(=O)NC(C(=O)N(C(C(=O)NCCC(=O)OC(C(=O)N2CCCC2C(=O)N1)CC=C)C)C)C(C)C	0.238	Amino acids and Peptides	Cyclic peptides	Carboxylic acids and derivatives	sibling:secreted_products/sirius_annotation
425	C17H20N4O6	[M + H]+	Vitamin G	CC1=CC2=C(C=C1C)N(C3=NC(=O)NC(=O)C3=N2)CC(C(C(CO)O)O)O	0.959	Alkaloids	Phenazine alkaloids	Pteridines and derivatives	sibling:pathway_targeted_association/sirius_annotation_broad
456	C12H24N2O3	[M + H]+	2-[(2-amino-1-hydroxy-4-methylpentylidene)amino]-3-methylpentanoic acid	CCC(C)C(C(=O)O)NC(=O)C(CC(C)C)N	0.689	Amino acids and Peptides	Dipeptides	Carboxylic acids and derivatives	sibling:phenotype_metabolite_association/sirius_annotation_color_all
489	C18H37NO	[M + H]+	4-Tetradecylmorpholine	CCCCCCCCCCCCCCN1CCOCC1	0.745	Fatty acids	Sphingoid bases	Organonitrogen compounds	sibling:phenotype_metabolite_association/sirius_annotation_color_all
536	C12H24N2O3	[M + H]+	2-[(2-amino-1-hydroxy-4-methylpentylidene)amino]-3-methylpentanoic acid	CCC(C)C(C(=O)O)NC(=O)C(CC(C)C)N	0.637	Amino acids and Peptides	Dipeptides	Carboxylic acids and derivatives	sibling:phenotype_metabolite_association/sirius_annotation_color_all
543	C20H29N3O4	[M + H]+	(2S)-2-[[(2S)-1-[(2S,3S)-2-azaniumyl-3-methylpentanoyl]pyrrolidine-2-carbonyl]amino]-3-phenylpropanoate	CCC(C)C(C(=O)N1CCCC1C(=O)NC(CC2=CC=CC=C2)C(=O)O)N	0.581	Amino acids and Peptides	Tripeptides	Carboxylic acids and derivatives	sibling:phenotype_metabolite_association/sirius_annotation_color_all
583	C22H39N5O6S	[M + H]+	Pseudostellarin A	CCC(C)C1C(=O)NC(C(=O)NCC(=O)N2CCCC2C(=O)NC(C(=O)N1)CC3=CC=C(C=C3)O)C	0.028	Amino acids and Peptides	Tripeptides	Carboxylic acids and derivatives	sibling:phenotype_metabolite_association/sirius_annotation_color_all
620	C38H48N4O7	[M + H]+	N-(1-{2-[3-methoxy-5-oxo-2-(propan-2-yl)-2,5-dihydro-1H-pyrrole-1-carbonyl]pyrrolidin-1-yl}-3-methyl-1-oxobutan-2-yl)-3-methyl-2-{[4-methyl-2-(N-methylacetamido)pentanoyl]oxy}pentanimidic acid	CCC(C)C(C(=O)NC(C(C)C)C(=O)N1CCCC1C(=O)N2C(C(=CC2=O)OC)C(C)C)OC(=O)C(CC(C)C)N(C)C(=O)C	0.059	Amino acids and Peptides	Depsipeptides	Peptidomimetics	sibling:secreted_products/sirius_annotation
627	C48H82O5	[M + Na]+	3-[3-hydroxy-2-(5-hydroxy-4,8,12-trimethyltrideca-3,7,11-trien-1-yl)-2,3-dimethyl-6-(1-oxopropan-2-ylidene)cyclohexyl]propyl octadec-11-enoate	CCCCCCC=CCCCCCCCCCC(=O)OCCCC1C(=C(C)C=O)CCC(C1(C)CCC=C(C)C(CC=C(C)CCC=C(C)C)O)(C)O	0.086	Fatty acids	Triacylglycerols	Glycerolipids	sibling:pathway_targeted_association/sirius_annotation_broad
632	C16H22O4	[M + Na]+	1-[4-(1-Acetyloxypropyl)phenyl]propyl acetate	CCC(C1=CC=C(C=C1)C(CC)OC(=O)C)OC(=O)C	0.122	Terpenoids	Bisabolane sesquiterpenoids	Benzene and substituted derivatives	sibling:pathway_targeted_association/sirius_annotation_broad
653	C26H44N6O10	[M + H]+	Ac-Gln-Leu-Asp-Leu-Ala-OH	CC(C)CC(C(=O)NC(CC(=O)O)C(=O)NC(CC(C)C)C(=O)NC(C)C(=O)O)NC(=O)C(CCC(=O)N)NC(=O)C	0.038	Carbohydrates	Pyrimidine nucleosides	Carboxylic acids and derivatives	sibling:secreted_products/sirius_annotation
669	C27H48O8	[M + Na]+	3a,8-dihydroxy-9a,11a-dimethyl-5-oxo-1-(2,3,6-trihydroxy-6-methylheptan-2-yl)-1H,2H,3H,3aH,5H,5aH,6H,7H,8H,9H,9aH,9bH,10H,11H,11aH-cyclopenta[a]phenanthren-7-yl acetate	CC(=O)OC1CC2C(=O)C=C3C(C2(CC1O)C)CCC4(C3(CCC4C(C)(C(CCC(C)(C)O)O)O)O)C	0.182	Terpenoids	Scalarane sesterterpenoids	Steroids and steroid derivatives	sibling:pathway_targeted_association/sirius_annotation_broad;sibling:phenotype_metabolite_association/sirius_annotation_color_all
686	C23H48N4O4Si	[M + Na]+							sibling:phenotype_metabolite_association/sirius_annotation_color_all
795	C53H75NO3	[M + K]+		CCCC(C)CC1=CC2=CC3=CC=CC=C3C=C2C=C1CCC4CCC5(C4)CC6(C7CC8C(C7CC(C6CC5O)O)CCC9C8CN1CC(CCC1C9(C)O)C)C	-inf	Fatty acids	Phosphosphingolipids	Fatty Acyls	sibling:pathway_targeted_association/sirius_annotation_broad;sibling:phenotype_metabolite_association/sirius_annotation_color_all
820	C23H38O5	[M + H]+	16-(4-methyl-2,5-dioxo-2,5-dihydrofuran-3-yl)hexadecan-2-yl acetate	CC1=C(C(=O)OC1=O)CCCCCCCCCCCCCCC(C)OC(=O)C	0.16	Fatty acids	Fatty alcohols	Fatty Acyls	sibling:secreted_products/sirius_annotation;sibling:phenotype_metabolite_association/sirius_annotation_color_all
846	C23H42N2O2	[M + H]+	Palmitamidopropylamine oxide	CCCCCCCCCCCCCCCC(=O)NCCC[N+](C)(C)[O-]	0.072	Fatty acids	Aminoacids	Carboxylic acids and derivatives	sibling:phenotype_metabolite_association/sirius_annotation_color_all
848	C39H59N5O7S2	[M + H]+	Beauvenniatin D	CC(C)C1C(=O)OC(C(=O)N(C(C(=O)OC(C(=O)N(C(C(=O)OC(C(=O)N1C)C(C)C)CC2=CC=CC=C2)C)C(C)C)CC3=CC=C(C=C3)O)C)C(C)C	0.019	Amino acids and Peptides	Cyclic peptides	Carboxylic acids and derivatives	sibling:secreted_products/sirius_annotation
854	C20H39NO3	[M + H]+	N-(1,3-dihydroxyoctadec-4-en-2-yl)acetamide	CCCCCCCCCCCCCC=CC(C(CO)NC(=O)C)O	0.956	Fatty acids	Ceramides	Sphingolipids	sibling:phenotype_metabolite_association/sirius_annotation_color_all
867	C20H29N3O4	[M + H]+	2-[[1-(2-Amino-4-methylpentanoyl)pyrrolidine-2-carbonyl]amino]-3-phenylpropanoic acid	CC(C)CC(C(=O)N1CCCC1C(=O)NC(CC2=CC=CC=C2)C(=O)O)N	0.605	Amino acids and Peptides	Dipeptides	Carboxylic acids and derivatives	sibling:phenotype_metabolite_association/sirius_annotation_color_all
881	C20H30O10	[M + Na]+	[3,4,5-tris(acetyloxy)-6-(hex-3-en-1-yloxy)oxan-2-yl]methyl acetate	CCC=CCCOC1C(C(C(C(O1)COC(=O)C)OC(=O)C)OC(=O)C)OC(=O)C	0.175	Polyketides	Macrolide lactones	Carboxylic acids and derivatives	sibling:pathway_targeted_association/sirius_annotation_broad
896	C41H66	[M + H]+							sibling:phenotype_metabolite_association/sirius_annotation_color_all
899	C40H74NO10P	[M + Na]+	PE-NMe(9D3/9D3)	CCCC1=C(C(=C(O1)CCCCCCCCC(=O)OCC(COP(=O)(O)OCCNC)OC(=O)CCCCCCCCC2=C(C(=C(O2)CCC)C)C)C)C	0.163	Fatty acids	Glycerophosphocholines	Glycerophospholipids	sibling:phenotype_metabolite_association/sirius_annotation_color_all
924	C28H46N8O10	[M + H]+	H-Ala-Thr-Phe-Tyr-Val-Ala-al	CC(C)C(C(=O)NC(C)C=O)NC(=O)C(CC1=CC=C(C=C1)O)NC(=O)C(CC2=CC=CC=C2)NC(=O)C(C(C)O)NC(=O)C(C)N	0.106	Amino acids and Peptides	Cyclic peptides	Carboxylic acids and derivatives	sibling:secreted_products/sirius_annotation
929	C22H40O6	[M + H]+	[2-(3,4-dihydroxyoxolan-2-yl)-2-hydroxyethyl] (E)-hexadec-9-enoate	CCCCCCC=CCCCCCCCC(=O)OCC(C1C(C(CO1)O)O)O	0.652	Fatty acids	Wax monoesters	Fatty Acyls	sibling:secreted_products/sirius_annotation
955	C32H51NO	[M + K]+	N~1~-(1-naphthyl)docosanamide	CCCCCCCCCCCCCCCCCCCCCC(=O)NC1=CC=CC2=CC=CC=C21	0.011	Alkaloids	Steroidal alkaloids	Benzene and substituted derivatives	sibling:phenotype_metabolite_association/sirius_annotation_color_all
963	C49H96N5O13P	[M + H]+							sibling:phenotype_metabolite_association/sirius_annotation_color_all
980	C17H25N3O4	[M + H]+	Phe-Gly-Leu	CC(C)CC(C(=O)O)NC(=O)CNC(=O)C(CC1=CC=CC=C1)N	0.793	Amino acids and Peptides	Tripeptides	Carboxylic acids and derivatives	sibling:pathway_targeted_association/sirius_annotation_broad
1036	C22H40O6	[M + H]+	[2-(3,4-dihydroxyoxolan-2-yl)-2-hydroxyethyl] (E)-hexadec-9-enoate	CCCCCCC=CCCCCCCCC(=O)OCC(C1C(C(CO1)O)O)O	0.808	Fatty acids	Wax monoesters	Fatty Acyls	sibling:secreted_products/sirius_annotation
1038	C16H27N5O6	[M + H]+	6-amino-2-{4-carbamoyl-2-[(5-oxopyrrolidin-2-yl)formamido]butanamido}hexanoic acid	C1CC(=O)NC1C(=O)NC(CCC(=O)N)C(=O)NC(CCCCN)C(=O)O	0.607	Amino acids and Peptides	Tripeptides	Carboxylic acids and derivatives	sibling:secreted_products/sirius_annotation
1040	C25H50NO7P	[M + H]+	[3-[(Z)-heptadec-9-enoyl]oxy-2-hydroxypropyl] 2-(trimethylazaniumyl)ethyl phosphate	CCCCCCCC=CCCCCCCCC(=O)OCC(COP(=O)(O)OCC[N+](C)(C)C)O	0.475	Fatty acids	Glycerophosphocholines	Glycerophospholipids	sibling:phenotype_metabolite_association/sirius_annotation_color_all
1043	C41H74NO8P	[M + Na]+	1,2-Bis-[(9Z,11Z)-Octadecadienoyl]-Sn-Glycero-3-Phosphoethanolamine	CCCCCCC=CC=CCCCCCCCC(=O)OCC(COP(=O)(O)OCCN)OC(=O)CCCCCCCC=CC=CCCCCCC	0.485	Fatty acids	Glycerophosphoethanolamines	Glycerophospholipids	sibling:phenotype_metabolite_association/sirius_annotation_color_all
1072	C16H30N4O5	[M + H]+	2-[[2-[(2,4-Diamino-4-oxobutanoyl)amino]-3-methylpentanoyl]amino]-4-methylpentanoic acid	CCC(C)C(C(=O)NC(CC(C)C)C(=O)O)NC(=O)C(CC(=O)N)N	0.441	Amino acids and Peptides	Tripeptides	Carboxylic acids and derivatives	sibling:phenotype_metabolite_association/sirius_annotation_color_all
1134	C26H52NO7P	[M + Na]+	[3-[(Z)-16,16,17,17,18,18,18-heptadeuteriooctadec-9-enoyl]oxy-2-hydroxypropyl] 2-(trimethylazaniumyl)ethyl phosphate	CCCCCCCCC=CCCCCCCCC(=O)OCC(COP(=O)(O)OCC[N+](C)(C)C)O	0.308	Fatty acids	Glycerophosphocholines	Glycerophospholipids	sibling:phenotype_metabolite_association/sirius_annotation_color_all
1159	C26H37N7O9	[M + H]+	(2R)-2-[[(2S)-2-[[2-[[(2R)-2-[[(2S)-2-amino-3-(4-hydroxy-2,6-ditritiophenyl)propanoyl]amino]propanoyl]amino]acetyl]amino]-3-phenylpropanoyl]amino]-4-methylpentanoic acid	CC(C)CC(C(=O)O)NC(=O)C(CC1=CC=CC=C1)NC(=O)CNC(=O)C(C)NC(=O)C(CC2=CC=C(C=C2)O)N	0.327	Amino acids and Peptides	Cyclic peptides	Carboxylic acids and derivatives	sibling:pathway_targeted_association/sirius_annotation_broad;sibling:secreted_products/sirius_annotation
1169	C18H35NO	[M + H]+	(Z)-7-Octadecenamide	CCCCCCCCCCC=CCCCCCC(=O)N	0.44	Fatty acids	Primary amides	Fatty Acyls	sibling:phenotype_metabolite_association/sirius_annotation_color_all
1178	C26H48O11	[M + Na]+	3,4,5-trihydroxy-6-(hydroxymethyl)oxan-2-yl 13-[(3,5-dihydroxy-6-methyloxan-2-yl)oxy]tetradecanoate	CC1C(CC(C(O1)OC(C)CCCCCCCCCCCC(=O)OC2C(C(C(C(O2)CO)O)O)O)O)O	0.14	Fatty acids	Fatty alcohols	Fatty Acyls	sibling:secreted_products/sirius_annotation
1184	C42H78N4O8	[M + K]+	Oligomycin A, 44-Homo	CCC1CCC2C(C(C(C3(O2)CCC(C(O3)CC(C)O)C)CC)OC(=O)C=CC(C(C(C(=O)C(C(C(C(=O)C(C(C(CC=CC=C1)C)O)(C)O)C)O)C)C)O)C)C	0.051	Terpenoids	Dammarane and Protostane triterpenoids	Prenol lipids	sibling:phenotype_metabolite_association/sirius_annotation_color_all
1211	C30H49BN4O8	[M + Na]+	(2S)-5-amino-N-[1-[(4-fluorophenyl)methylamino]-3-methyl-1-oxopentan-2-yl]-2-(1-hydroxyethyl)-6-[[3-(3-methoxypropoxy)-4-methylphenyl]methoxy]hexanamide	CCC(C)C(C(=O)NCC1=CC=C(C=C1)F)NC(=O)C(CCC(COCC2=CC(=C(C=C2)C)OCCCOC)N)C(C)O	0.084	Amino acids and Peptides	Tripeptides	Carboxylic acids and derivatives	sibling:secreted_products/sirius_annotation
1233	C61H85ClN14O14	[M + H]+	2-[2-[(2-Acetylcyclohexanecarbonyl)oxymethyl]-2-[[2,2-bis[[2-(1-acetyloxybutan-2-yloxycarbonyl)cyclohexanecarbonyl]oxymethyl]-3-hydroxypropoxy]methyl]-3-(2-carboxycyclohexanecarbonyl)oxypropoxy]carbonylcyclohexane-1-carboxylic acid	CCC(COC(=O)C)OC(=O)C1CCCCC1C(=O)OCC(CO)(COCC(COC(=O)C2CCCCC2C(=O)C)(COC(=O)C3CCCCC3C(=O)O)COC(=O)C4CCCCC4C(=O)O)COC(=O)C5CCCCC5C(=O)OC(CC)COC(=O)C	0.029	Polyketides	Bisnaphthalenes	Organooxygen compounds	sibling:phenotype_metabolite_association/sirius_annotation_color_all
1248	C25H52NO7P	[M + H]+	1-Pentadecyl-2-acetyl-sn-glycero-3-phosphocholine	CCCCCCCCCCCCCCCOCC(COP(=O)(O)OCC[N+](C)(C)C)OC(=O)C	0.244	Fatty acids	Glycerophosphocholines	Glycerophospholipids	sibling:phenotype_metabolite_association/sirius_annotation_color_all
1262	C40H59N9O14	[M + H]+	Ac-Lys-Ala-Asp-Ala-Ala-His-Ala-Lys-NH2	CC(C(=O)NC(CC1=CN=CN1)C(=O)NC(C)C(=O)NC(CCCCN)C(=O)N)NC(=O)C(C)NC(=O)C(CC(=O)O)NC(=O)C(C)NC(=O)C(CCCCN)NC(=O)C	0.026	Amino acids and Peptides	Cyclic peptides	Carboxylic acids and derivatives	sibling:secreted_products/sirius_annotation
1294	C23H48NO7P	[M + H]+	1-Stearoyl-Sn-Glycero-3-Phosphoethanolamine	CCCCCCCCCCCCCCCCCC(=O)OCC(COP(=O)(O)OCCN)O	0.747	Fatty acids	Glycerophosphoethanolamines	Carboxylic acids and derivatives	sibling:phenotype_metabolite_association/sirius_annotation_color_all
1298	C26H54NO7P	[M + Na]+	2-[[(2R)-2-acetyloxy-3-hexadecoxypropoxy]-hydroxyphosphoryl]oxy(214C)ethyl-trimethylazanium	CCCCCCCCCCCCCCCCOCC(COP(=O)(O)OCC[N+](C)(C)C)OC(=O)C	0.217	Fatty acids	Glycerophosphocholines	Glycerophospholipids	sibling:phenotype_metabolite_association/sirius_annotation_color_all
1365	C35H54N8O9	[M + H]+	Leu-Pro-Phe-Asn-Gln-Leu	CC(C)CC(C(=O)N1CCCC1C(=O)NC(CC2=CC=CC=C2)C(=O)NC(CC(=O)N)C(=O)NC(CCC(=O)N)C(=O)NC(CC(C)C)C(=O)O)N	0.68	Amino acids and Peptides	Tripeptides	Carboxylic acids and derivatives	sibling:secreted_products/sirius_annotation
1387	C41H75NO8	[M + H]+	Thraustochytroside A	CCCCCCCCCCCCCCCC(=O)NC(COC1C(C(C(C(O1)CO)O)O)O)C(C=CCCC=C(C)C=CCCCCCCC)O	0.246	Fatty acids	Neutral glycosphingolipids	Sphingolipids	sibling:phenotype_metabolite_association/sirius_annotation_color_all
1422	C25H30N6O6	[M + H]+	Sartoryglabramide A	C1CC2C(=O)NC(C(=O)NC(C(=O)NC3=CC=CC=C3C(=O)N2C1)CC4=CC=CC=C4)CC5=CC=CC=C5	0.27	Amino acids and Peptides	Cyclic peptides	Carboxylic acids and derivatives	sibling:phenotype_metabolite_association/sirius_annotation_color_all
1442	C9H19BIN3O3	[M + H]+							sibling:phenotype_metabolite_association/sirius_annotation_color_all
1444	C31H47N3O8S	[M + H]+	[(4E,6Z,8R,9R,10E,12R,13S,14R,16R)-19-anilino-13-hydroxy-8,14-dimethoxy-4,10,12,16-tetramethyl-3,20,22-trioxo-2-azabicyclo[16.3.1]docosa-1(21),4,6,10,18-pentaen-9-yl] carbamate	CC1CC(C(C(C=C(C(C(C=CC=C(C(=O)NC2=CC(=O)C(=C(C1)C2=O)NC3=CC=CC=C3)C)OC)OC(=O)N)C)C)O)OC	0.321	Amino acids and Peptides	Lactam bearing macrolide lactones	Carboxylic acids and derivatives	sibling:phenotype_metabolite_association/sirius_annotation_color_all
1448	C33H46N6O8	[M + H]+	H-Ala-Thr-Phe-Tyr-Val-Ala-al	CC(C)C(C(=O)NC(C)C=O)NC(=O)C(CC1=CC=C(C=C1)O)NC(=O)C(CC2=CC=CC=C2)NC(=O)C(C(C)O)NC(=O)C(C)N	0.177	Amino acids and Peptides	Cyclic peptides	Carboxylic acids and derivatives	sibling:secreted_products/sirius_annotation
1470	C22H38O7	[M + H]+	Homononactyl Homononactate	CCC(CC1CCC(O1)C(C)C(=O)OC(CC)CC2CCC(O2)C(C)C(=O)O)O	0.111	Terpenoids	Labdane diterpenoids	Prenol lipids	sibling:secreted_products/sirius_annotation
1476	C25H38N4O5	[M + H]+	H-DL-Val-DL-Pro-DL-xiIle-DL-Phe-OH	CCC(C)C(C(=O)NC(CC1=CC=CC=C1)C(=O)O)NC(=O)C2CCCN2C(=O)C(C(C)C)N	0.295	Amino acids and Peptides	Tripeptides	Carboxylic acids and derivatives	sibling:phenotype_metabolite_association/sirius_annotation_color_all
1496	C44H84NO8P	[M + H]+	2,3-bis[[(E)-octadec-16-enoyl]oxy]propyl 2-(trimethylazaniumyl)ethyl phosphate	CC=CCCCCCCCCCCCCCCC(=O)OCC(COP(=O)(O)OCC[N+](C)(C)C)OC(=O)CCCCCCCCCCCCCCC=CC	0.135	Fatty acids	Glycerophosphocholines	Glycerophospholipids	sibling:phenotype_metabolite_association/sirius_annotation_color_all
1539	C23H27N3O6	[M + H]+	4-[(2-Amino-3-phenylpropanoyl)amino]-5-[(1-carboxy-2-phenylethyl)amino]-5-oxopentanoic acid	C1=CC=C(C=C1)CC(C(=O)NC(CCC(=O)O)C(=O)NC(CC2=CC=CC=C2)C(=O)O)N	0.485	Amino acids and Peptides	Tripeptides	Carboxylic acids and derivatives	sibling:phenotype_metabolite_association/sirius_annotation_color_all
1557	C23H38N6O7	[M + H]+	Prolyl-glycyl-alanyl-isoleucyl-prolyl-glycine	CCC(C)C(C(=O)N1CCCC1C(=O)NCC(=O)O)NC(=O)C(C)NC(=O)CNC(=O)C2CCCN2	0.879	Amino acids and Peptides	Tripeptides	Carboxylic acids and derivatives	sibling:phenotype_metabolite_association/sirius_annotation_color_all
1589	C18H35N3O4	[M + H]+	(2R)-2-[[(2S)-2-[[(2R)-2-amino-4-methylpentanoyl]amino]-4-methylpentanoyl]amino]-4-methylpentanoic acid	CC(C)CC(C(=O)NC(CC(C)C)C(=O)NC(CC(C)C)C(=O)O)N	0.643	Amino acids and Peptides	Tripeptides	Carboxylic acids and derivatives	sibling:secreted_products/sirius_annotation
1600	C20H42NO7P	[M + H]+	(2-Acetyloxy-3-decoxypropyl) 2-(trimethylazaniumyl)ethyl phosphate	CCCCCCCCCCOCC(COP(=O)(O)OCC[N+](C)(C)C)OC(=O)C	0.495	Fatty acids	Glycerophosphocholines	Glycerophospholipids	sibling:phenotype_metabolite_association/sirius_annotation_color_all
1624	C24H36N4O7	[M + H]+	H-DL-Asp-DL-Leu-DL-Phe-DL-Val-OH	CC(C)CC(C(=O)NC(CC1=CC=CC=C1)C(=O)NC(C(C)C)C(=O)O)NC(=O)C(CC(=O)O)N	0.978	Amino acids and Peptides	Tripeptides	Carboxylic acids and derivatives	sibling:phenotype_metabolite_association/sirius_annotation_color_all
1648	C21H34N4O4	[M + H]+	6-amino-2-[2-(2-amino-4-methylpentanamido)-3-phenylpropanamido]hexanoic acid	CC(C)CC(C(=O)NC(CC1=CC=CC=C1)C(=O)NC(CCCCN)C(=O)O)N	0.738	Amino acids and Peptides	Tripeptides	Carboxylic acids and derivatives	sibling:phenotype_metabolite_association/sirius_annotation_color_all
1703	C28H48O13	[M + Na]+	3,5-bis(acetyloxy)-2-[(acetyloxy)methyl]-6-(2,3,4-trihydroxybutoxy)oxan-4-yl dodecanoate	CCCCCCCCCCCC(=O)OC1C(C(OC(C1OC(=O)C)OCC(C(CO)O)O)COC(=O)C)OC(=O)C	0.881	Fatty acids	Fatty acyl glycosides of mono- and disaccharides	Fatty Acyls	sibling:secreted_products/sirius_annotation
1722	C24H44O6	[M + H]+	rickiol a2	CC(CC1CC(CCCCCCCCCCCCC(CC(C=CC(=O)O1)O)O)O)O	0.12	Fatty acids	Open-chain polyketides	Fatty Acyls	sibling:phenotype_metabolite_association/sirius_annotation_color_all
1761	C33H75N10O7P	[M + K]+							sibling:phenotype_metabolite_association/sirius_annotation_color_all
1834	C30H40N6O2	[M + Na]+	(1S,3R,4Z,12R,13R)-3-ethyl-15-[(2R)-1-hydroxy-3-methylbutan-2-yl]-18-pentan-2-yl-2,10-dioxa-15,18-diazatetracyclo[11.8.0.01,16.03,12]henicosa-4,20-diene-11,14,17-trione	CCCC(C)N1CC=CC23C(C4C(=O)OCCCCC=CC4(O2)CC)C(=O)N(C3C1=O)C(CO)C(C)C	0.051	Amino acids and Peptides	Cyclic peptides	Carboxylic acids and derivatives	sibling:phenotype_metabolite_association/sirius_annotation_color_all
1842	C15H19NO3	[M + H]+	2-Methyl-2-(1,3,3-trimethyl-2-oxoindol-5-yl)propanoic acid	CC1(C2=C(C=CC(=C2)C(C)(C)C(=O)O)N(C1=O)C)C	0.114	Alkaloids	Acridone alkaloids	Carboxylic acids and derivatives	sibling:phenotype_metabolite_association/sirius_annotation_color_all
1865	C26H46O12	[M + Na]+	3-(acetyloxy)-6-[(acetyloxy)methyl]-5-hydroxy-2-(2,3,4-trihydroxybutoxy)oxan-4-yl dodecanoate	CCCCCCCCCCCC(=O)OC1C(C(OC(C1OC(=O)C)OCC(C(CO)O)O)COC(=O)C)O	0.165	Fatty acids	Fatty acyl glycosides of mono- and disaccharides	Organooxygen compounds	sibling:secreted_products/sirius_annotation
1878	C33H45N5O7	[M + H]+	H-Val-Val-Pro-Phe-Tyr-OH	CC(C)C(C(=O)NC(C(C)C)C(=O)N1CCCC1C(=O)NC(CC2=CC=CC=C2)C(=O)NC(CC3=CC=C(C=C3)O)C(=O)O)N	0.226	Amino acids and Peptides	Tripeptides	Carboxylic acids and derivatives	sibling:phenotype_metabolite_association/sirius_annotation_color_all
1879	C28H44O3	[M + H]+	(1R,3R)-5-[2-[(1S,7aS)-1-[(2S,5R)-2-hydroxy-5,6-dimethylhept-3-en-2-yl]-7a-methyl-2,3,3a,5,6,7-hexahydro-1H-inden-4-ylidene]ethylidene]-4-methylidenecyclohexane-1,3-diol	CC(C)C(C)C=CC(C)(C1CCC2C1(CCCC2=CC=C3CC(CC(C3=C)O)O)C)O	0.403	Terpenoids	Ergostane steroids	Steroids and steroid derivatives	sibling:pathway_targeted_association/sirius_annotation_broad
1882	C36H71N4O12P	[M + H]+	H-DL-Lys-DL-xiIle-DL-Lys-DL-xiThr-DL-Lys-DL-Lys-OH	CCC(C)C(C(=O)NC(CCCCN)C(=O)NC(C(C)O)C(=O)NC(CCCCN)C(=O)NC(CCCCN)C(=O)O)NC(=O)C(CCCCN)N	0.041	Amino acids and Peptides	Linear peptides	Carboxylic acids and derivatives	sibling:phenotype_metabolite_association/sirius_annotation_color_all
1891	C23H34N6O9	[M + H]+	4-Hydroxycinnamoyl-glycyl-glycyl-phenylalanyl-leucine	CC(C)CC(C(=O)O)NC(=O)C(CC1=CC=CC=C1)NC(=O)CNC(=O)CNC(=O)C=CC2=CC=C(C=C2)O	0.451	Amino acids and Peptides	Tripeptides	Carboxylic acids and derivatives	sibling:phenotype_metabolite_association/sirius_annotation_color_all
1930	C21H40N8O7	[M + Na]+		CC(C)C(C(=O)O)NC(=O)C(CC(=O)O)NC(=O)C(CCCCN)NC(=O)C(CCCN=C(N)N)N	0.356	Amino acids and Peptides	Tripeptides	Carboxylic acids and derivatives	sibling:secreted_products/sirius_annotation
1932	C11H20O6	[M + Na]+							sibling:phenotype_metabolite_association/sirius_annotation_color_all
1933	C35H55N9O11	[M + H]+	Ac-Pro-Phe-Val-Phe-Leu-Asn-OH	CC(C)CC(C(=O)NC(CC(=O)N)C(=O)O)NC(=O)C(CC1=CC=CC=C1)NC(=O)C(C(C)C)NC(=O)C(CC2=CC=CC=C2)NC(=O)C3CCCN3C(=O)C	0.422	Amino acids and Peptides	Cyclic peptides	Carboxylic acids and derivatives	sibling:phenotype_metabolite_association/sirius_annotation_color_all
1939	C44H70NO10P	[M + H]+		CCC=CCC=CCC=CCC=CCCCCCCC(=O)OCC(COP(=O)(O)OCC(C(=O)O)N)OC(=O)CCCCC=CCC=CCC=CCC=CCC	0.076	Fatty acids	Glycerophosphoserines	Glycerophospholipids	sibling:phenotype_metabolite_association/sirius_annotation_color_all
1944	C29H48N8O10	[M + H]+	H-Leu-Val-Tyr-Gln-Phe-OH	CC(C)CC(C(=O)NC(C(C)C)C(=O)NC(CC1=CC=C(C=C1)O)C(=O)NC(CCC(=O)N)C(=O)NC(CC2=CC=CC=C2)C(=O)O)N	0.501	Amino acids and Peptides	Cyclic peptides	Carboxylic acids and derivatives	sibling:secreted_products/sirius_annotation
1955	C46H69NO2	[M + K]+	(2S)-1,1-Bis(3,5-di-tert-butylphenyl)-2-(2-hydroxy-3,5-di-tert-butylbenzylideneamino)-1-propanol	CC(C(C1=CC(=CC(=C1)C(C)(C)C)C(C)(C)C)(C2=CC(=CC(=C2)C(C)(C)C)C(C)(C)C)O)N=CC3=C(C(=CC(=C3)C(C)(C)C)C(C)(C)C)O	0.689	Terpenoids	Isoquinoline alkaloids	Benzene and substituted derivatives	sibling:phenotype_metabolite_association/sirius_annotation_color_all
1991	C26H40N4O5	[M + H]+	H-Pro-Phe-Leu-Ile-OH	CCC(C)C(C(=O)O)NC(=O)C(CC(C)C)NC(=O)C(CC1=CC=CC=C1)NC(=O)C2CCCN2	0.891	Amino acids and Peptides	Tripeptides	Carboxylic acids and derivatives	sibling:phenotype_metabolite_association/sirius_annotation_color_all
2023	C22H44NO9P	[M + H]+	1-Palmitoyl-sn-glycero-3-phosphoserine(1-)	CCCCCCCCCCCCCCCC(=O)OCC(COP(=O)(O)OCC(C(=O)O)N)O	0.469	Fatty acids	Glycerophosphoserines	Glycerophospholipids	sibling:phenotype_metabolite_association/sirius_annotation_color_all
2044	C10H18BNO13	[M + H]+	3-(1H-pyrrol-3-ylmethylidene)-6-[4-(trifluoromethoxy)phenyl]-1H-indol-2-one	C1=CC(=CC=C1C2=CC3=C(C=C2)C(=CC4=CNC=C4)C(=O)N3)OC(F)(F)F	0.091	Alkaloids	Benzodiazepine alkaloids	Benzene and substituted derivatives	sibling:phenotype_metabolite_association/sirius_annotation_color_all
2054	C24H43N3O8SSi2	[M + K]+	2-amino-3-(4-chlorophenyl)-N-[5-fluoro-4-[3-(6-methyl-1-methylsulfonylpiperazin-2-yl)propyl]pyridin-3-yl]-3-(3-fluorophenyl)propanamide	CC1CNCC(N1S(=O)(=O)C)CCCC2=C(C=NC=C2NC(=O)C(C(C3=CC=C(C=C3)Cl)C4=CC(=CC=C4)F)N)F	0.108	Alkaloids	Cyclamides	Carboxylic acids and derivatives	sibling:phenotype_metabolite_association/sirius_annotation_color_all
2057	C14H10N2O3	[M + H]+	s-Indacene-4-acetic acid, 1,2,3,5,6,7-hexahydro-	C1CC2=CC3=C(CCC3)C(=C2C1)CC(=O)O	0.442	Terpenoids	Illudalane sesquiterpenoids	Indanes	sibling:phenotype_metabolite_association/sirius_annotation_color_all
2069	C19H35N5O7	[M + H]+	H-Ala-Ala-Ser-Val-Val-OH	CC(C)C(C(=O)NC(C(C)C)C(=O)O)NC(=O)C(CO)NC(=O)C(C)NC(=O)C(C)N	0.283	Amino acids and Peptides	Tripeptides	Carboxylic acids and derivatives	sibling:phenotype_metabolite_association/sirius_annotation_color_all
2091	C40H55N5O9	[M + H]+	(2R)-6-[(2-methylpropan-2-yl)oxycarbonylamino]-2-[[(2R)-1-[(2R)-2-[[(2R)-2-[(2-methylpropan-2-yl)oxycarbonylamino]-3-phenylpropanoyl]amino]-3-phenylbut-3-enoyl]pyrrolidine-2-carbonyl]amino]hexanoic acid	CC(C)(C)OC(=O)NCCCCC(C(=O)O)NC(=O)C1CCCN1C(=O)C(C(=C)C2=CC=CC=C2)NC(=O)C(CC3=CC=CC=C3)NC(=O)OC(C)(C)C	0.218	Amino acids and Peptides	Tripeptides	Carboxylic acids and derivatives	sibling:phenotype_metabolite_association/sirius_annotation_color_all
2093	C35H62O3	[M + H]+							sibling:phenotype_metabolite_association/sirius_annotation_color_all
2096	C22H43NO	[M + H]+	docos-13-enamide	CCCCCCCCC=CCCCCCCCCCCCC(=O)N	0.416	Fatty acids	Primary amides	Fatty Acyls	sibling:phenotype_metabolite_association/sirius_annotation_color_all
2116	C32H66N12O9	[M + H]+		CC1CCOC(C1)(C2CC3CCC4=C5C3(C2(CCC5C6(CCC(CC6C4=O)O)C7CCCCC7)C)O)C8C(O8)C(C)(C(C)(CCC9=CCNC(=C9)N)CO)O	0.064	Terpenoids	Lanostane, Tirucallane and Euphane triterpenoids	Steroids and steroid derivatives	sibling:phenotype_metabolite_association/sirius_annotation_color_all
2128	C26H47N7O9	[M + H]+	H-Ser-Pro-Ala-Thr-Val-Lys-OH	CC(C)C(C(=O)NC(CCCCN)C(=O)O)NC(=O)C(C(C)O)NC(=O)C(C)NC(=O)C1CCCN1C(=O)C(CO)N	0.863	Amino acids and Peptides	Tripeptides	Carboxylic acids and derivatives	sibling:pathway_targeted_association/sirius_annotation_broad;sibling:secreted_products/sirius_annotation
2132	C16H16	[M + H]+	1,1-Di-o-tolylethylene	CC1=CC=CC=C1C(=C)C2=CC=CC=C2C	0.112	Terpenoids	Guaiane sesquiterpenoids	Prenol lipids	sibling:secreted_products/sirius_annotation
2148	C24H24O10	[M + H]+	methyl 9-(acetyloxy)-10-{[2-(hydroxymethyl)prop-2-enoyl]oxy}-4-methyl-12-methylidene-13-oxo-3,14-dioxatricyclo[9.3.0.0²,⁴]tetradec-7-ene-8-carboxylate	CC(=O)OC1C(C2C(C3C(O3)(CCC=C1C(=O)OC)C)OC(=O)C2=C)OC(=O)C(=C)CO	0.04	Polyketides	Zearalenones		sibling:pathway_targeted_association/sirius_annotation_broad
2252	C18H27N5O2	[M + H]+	6-[({(2s)-1-Amino-4-[(6-Amino-4-Methylpyridin-2-Yl)methoxy]butan-2-Yl}oxy)methyl]-4-Methylpyridin-2-Amine	CC1=CC(=NC(=C1)N)COCCC(CN)OCC2=NC(=CC(=C2)C)N	0.014	Amino acids and Peptides	Tripeptides	Carboxylic acids and derivatives	sibling:pathway_targeted_association/sirius_annotation_broad
2278	C28H56NO7P	[M + H]+	[2-acetyloxy-3-[(E)-octadec-1-enoxy]propyl] 2-(trimethylazaniumyl)ethyl phosphate	CCCCCCCCCCCCCCCCC=COCC(COP(=O)(O)OCC[N+](C)(C)C)OC(=O)C	0.152	Fatty acids	Glycerophosphocholines	Glycerophospholipids	sibling:pathway_targeted_association/sirius_annotation_broad;sibling:phenotype_metabolite_association/sirius_annotation_color_all
2347	C26H50NO6P	[M + H]+	(11Z,14Z)-Henicosa-11,14-dienoylcarnitine	CCCCCCC=CCC=CCCCCCCCCCC(=O)OC(CC(=O)O)C[N+](C)(C)C	0.769	Fatty acids	Fatty acyl carnitines	Fatty Acyls	sibling:phenotype_metabolite_association/sirius_annotation_color_all
2377	C10H19N3O3	[M + K]+	Myocol	C1=NC(=C2C(=N1)N(C=N2)C3C(C(C(O3)CO)O)O)N	0.887	Carbohydrates	Purine nucleosides	Purine nucleosides	sibling:phenotype_metabolite_association/sirius_annotation_color_all
2423	C28H47N3O5	[M + Na]+	(3S,4S)-N-butyl-3-hydroxy-6-methyl-4-[[(2S,3S)-3-methyl-2-[(2-naphthalen-2-yloxyacetyl)amino]pentanoyl]amino]heptanamide	CCCCNC(=O)CC(C(CC(C)C)NC(=O)C(C(C)CC)NC(=O)COC1=CC2=CC=CC=C2C=C1)O	0.062	Amino acids and Peptides	Cyclic peptides	Carboxylic acids and derivatives	sibling:phenotype_metabolite_association/sirius_annotation_color_all
2426	C41H78NO8P	[M + H]+	[2-[(Z)-heptadec-9-enoyl]oxy-3-[(Z)-hexadec-9-enoyl]oxypropyl] 2-(trimethylazaniumyl)ethyl phosphate	CCCCCCCC=CCCCCCCCC(=O)OC(COC(=O)CCCCCCCC=CCCCCCC)COP(=O)(O)OCC[N+](C)(C)C	0.24	Fatty acids	Glycerophosphocholines	Glycerophospholipids	sibling:pathway_targeted_association/sirius_annotation_broad
2427	C14H25N3O2	[M + Na]+		CC(C)CCC1(C(=N)NC(=O)NC1=O)CCC(C)C	0.158	Alkaloids	Imidazole alkaloids	Azoles	sibling:phenotype_metabolite_association/sirius_annotation_color_all
2446	C32H50NO8P	[M + Na]+							sibling:phenotype_metabolite_association/sirius_annotation_color_all
2467	C33H43N7O5	[M + H]+	H-DL-Phe-DL-Pro-DL-Leu-Gly-DL-Trp-NH2	CC(C)CC(C(=O)NCC(=O)NC(CC1=CNC2=CC=CC=C21)C(=O)N)NC(=O)C3CCCN3C(=O)C(CC4=CC=CC=C4)N	0.23	Amino acids and Peptides	Tripeptides	Carboxylic acids and derivatives	sibling:pathway_targeted_association/sirius_annotation_broad;sibling:phenotype_metabolite_association/sirius_annotation_color_all
2576	C17H31N3O4	[M + H]+	2-[[1-(2-Amino-3-methylpentanoyl)pyrrolidine-2-carbonyl]amino]-4-methylpentanoic acid	CCC(C)C(C(=O)N1CCCC1C(=O)NC(CC(C)C)C(=O)O)N	0.716	Amino acids and Peptides	Tripeptides	Carboxylic acids and derivatives	sibling:phenotype_metabolite_association/sirius_annotation_color_all
2583	C27H24Cl2N2O3	[M + H]+	3-{[3-({3-[(2-oxo-2,3-dihydro-1H-indol-3-ylidene)amino]phenyl}methyl)phenyl]imino}-2,3-dihydro-1H-indol-2-one	C1=CC=C2C(=C1)C(=NC3=CC=CC(=C3)CC4=CC(=CC=C4)N=C5C6=CC=CC=C6NC5=O)C(=O)N2	0.518	Alkaloids	Benzodiazepine alkaloids	Benzodiazepines	sibling:pathway_targeted_association/sirius_annotation_broad
2603	C27H48O9	[M + K]+	2-hydroxy-3-{[3,4,5-trihydroxy-6-(hydroxymethyl)oxan-2-yl]oxy}propyl octadeca-9,11-dienoate	CCCCCCC=CC=CCCCCCCCC(=O)OCC(COC1C(C(C(C(O1)CO)O)O)O)O	0.594	Fatty acids	Glycosyldiacylglycerols	Saccharolipids	sibling:phenotype_metabolite_association/sirius_annotation_color_all
2633	C21H41N11O4	[M + K]+	2-[2-({1-[(tert-butoxy)carbonyl]-4-phenylpiperidin-4-yl}formamido)-4-methylpentanamido]-4-(methylsulfanyl)butanoic acid	CC(C)CC(C(=O)NC(CCSC)C(=O)O)NC(=O)C1(CCN(CC1)C(=O)OC(C)(C)C)C2=CC=CC=C2	0.103	Amino acids and Peptides	Tripeptides	Carboxylic acids and derivatives	sibling:phenotype_metabolite_association/sirius_annotation_color_all
2682	C21H28N4O6	[M + H]+		COCC(=O)N1CCN(C(C1)C(=O)NC2CCCNC2=O)C(=O)C3=CC=C(C=C3)OC	0.007	Alkaloids	Pyridine alkaloids	Carboxylic acids and derivatives	sibling:pathway_targeted_association/sirius_annotation_broad
2706	C16H18O	[M + H]+	4-methyl-9-phenylnona-4,6,8-trien-3-one	CCC(=O)C(=CC=CC=CC1=CC=CC=C1)C	0.061	Terpenoids	Bisabolane sesquiterpenoids		sibling:secreted_products/sirius_annotation
2710	C13H25N3O4	[M + H]+	2-[[2-[(2-Aminoacetyl)amino]-3-methylpentanoyl]amino]-3-methylbutanoic acid	CCC(C)C(C(=O)NC(C(C)C)C(=O)O)NC(=O)CN	0.439	Amino acids and Peptides	Dipeptides	Carboxylic acids and derivatives	sibling:phenotype_metabolite_association/sirius_annotation_color_all
2718	C27H41N11O5	[M + H]+	methyl (2R)-2-[[(2R)-2-[[(4S,5S)-5-[[(2S)-2-[[(2S)-2-aminopropanoyl]amino]propanoyl]amino]-4-hydroxy-6-phenyl-hexanoyl]amino]-3-methyl-butanoyl]amino]-3-methyl-butanoate	CC(C)C(C(=O)NC(C(C)C)C(=O)OC)NC(=O)CCC(C(CC1=CC=CC=C1)NC(=O)C(C)NC(=O)C(C)N)O	0.373	Amino acids and Peptides	Cyclic peptides	Carboxylic acids and derivatives	sibling:pathway_targeted_association/sirius_annotation_broad
2724	C35H38	[M + Na]+							sibling:pathway_targeted_association/sirius_annotation_broad;sibling:phenotype_metabolite_association/sirius_annotation_color_all
2763	C18H27N3O5	[M + H]+	2-[[2-[(2-Amino-3-hydroxybutanoyl)amino]-3-methylbutanoyl]amino]-3-phenylpropanoic acid	CC(C)C(C(=O)NC(CC1=CC=CC=C1)C(=O)O)NC(=O)C(C(C)O)N	0.545	Amino acids and Peptides	Tripeptides	Carboxylic acids and derivatives	sibling:pathway_targeted_association/sirius_annotation_broad
2797	C31H38F3N5O5	[M + H]+	benzyl N-[1-({4-[2-(tert-butylcarbamoyl)pyrrolidin-1-yl]-3-hydroxy-4-oxo-1-phenylbutan-2-yl}carbamoyl)-2-carbamoylethyl]carbamate	CC(C)(C)NC(=O)C1CCCN1C(=O)C(C(CC2=CC=CC=C2)NC(=O)C(CC(=O)N)NC(=O)OCC3=CC=CC=C3)O	0.569	Amino acids and Peptides	Tripeptides	Carboxylic acids and derivatives	sibling:phenotype_metabolite_association/sirius_annotation_color_all
2803	C5H9F2NO3	[M + H]+	3,3-Dimethyl-4-oxidothiomorpholine	CC1(CSCCN1[O-])C	0.157	Amino acids and Peptides	Oxygenated hydrocarbons	Thiocarboxylic acids and derivatives	sibling:phenotype_metabolite_association/sirius_annotation_color_all
2826	C15H13N3O3	[M + H]+	2-[[2-(2-Aminopropanoylamino)acetyl]amino]-3-methylbutanoic acid	CC(C)C(C(=O)O)NC(=O)CNC(=O)C(C)N	0.249	Amino acids and Peptides	Dipeptides	Carboxylic acids and derivatives	sibling:secreted_products/sirius_annotation
2855	C17H31N5O5	[M + H]+	6-amino-2-{6-amino-2-[(5-oxopyrrolidin-2-yl)formamido]hexanamido}hexanoic acid	C1CC(=O)NC1C(=O)NC(CCCCN)C(=O)NC(CCCCN)C(=O)O	0.695	Amino acids and Peptides	Tripeptides	Carboxylic acids and derivatives	sibling:phenotype_metabolite_association/sirius_annotation_color_all
2866	C30H47N5O7	[M + H]+	L-Leucyl-L-valyl-L-valyl-L-tyrosyl-L-proline	CC(C)CC(C(=O)NC(C(C)C)C(=O)NC(C(C)C)C(=O)NC(CC1=CC=C(C=C1)O)C(=O)N2CCCC2C(=O)O)N	0.812	Amino acids and Peptides	Tripeptides	Carboxylic acids and derivatives	sibling:phenotype_metabolite_association/sirius_annotation_color_all
2885	C24H39N5O7	[M + Na]+	Ac-L-Pro-N-Methyl-L-Ala-L-Pro-L-Leu-Gly-OH	CC(C)CC(C(=O)NCC(=O)O)NC(=O)C1CCCN1C(=O)C(C)N(C)C(=O)C2CCCN2C(=O)C	0.519	Amino acids and Peptides	Cyclic peptides	Carboxylic acids and derivatives	sibling:phenotype_metabolite_association/sirius_annotation_color_all
2893	C18H35NO	[M + H]+		CCCCCCCCCCCCCC=CC(C([CH2+])N)O	0.128	Fatty acids	Sphingoid bases	Organonitrogen compounds	sibling:phenotype_metabolite_association/sirius_annotation_color_all
2922	C25H34N6O7	[M + H]+	H-DL-Asp-DL-Leu-DL-Phe-DL-His-OH	CC(C)CC(C(=O)NC(CC1=CC=CC=C1)C(=O)NC(CC2=CN=CN2)C(=O)O)NC(=O)C(CC(=O)O)N	0.236	Amino acids and Peptides	Tripeptides	Carboxylic acids and derivatives	sibling:phenotype_metabolite_association/sirius_annotation_color_all
2925	C26H43N9O9	[M + H]+	5-carbamimidamido-2-[4-methyl-2-(2-{2-[(phenoxycarbonyl)amino]propanamido}-3-phenylpropanamido)pentanamido]pentanoic acid	CC(C)CC(C(=O)NC(CCCN=C(N)N)C(=O)O)NC(=O)C(CC1=CC=CC=C1)NC(=O)C(C)NC(=O)OC2=CC=CC=C2	0.554	Amino acids and Peptides	Tripeptides	Carboxylic acids and derivatives	sibling:phenotype_metabolite_association/sirius_annotation_color_all
2931	C24H33FN4O7	[M + H]+	Cereusitin A	CC(C)CC1C(=O)N2CC(CC2C(=O)NC(C(=O)N3CC(CC3C(=O)N1)O)CC4=CC=CC=C4)O	0.45	Amino acids and Peptides	Tripeptides	Carboxylic acids and derivatives	sibling:phenotype_metabolite_association/sirius_annotation_color_all
2943	C20H34N2O4	[M + Na]+	6-amino-2-[2-(2-amino-4-methylpentanamido)-4-carboxybutanamido]hexanoic acid	CC(C)CC(C(=O)NC(CCC(=O)O)C(=O)NC(CCCCN)C(=O)O)N	0.433	Amino acids and Peptides	Tripeptides	Carboxylic acids and derivatives	sibling:phenotype_metabolite_association/sirius_annotation_color_all
2996	C18H43N5O7	[M + H]+	Stearda	CCCCCCCCCCCCCCCCCC(=O)NCCC1=CC(=C(C=C1)O)O	0.213	Fatty acids	N-acyl ethanolamines (endocannabinoids)	Fatty Acyls	sibling:secreted_products/sirius_annotation
3005	C28H45N7O4	[M + H]+	Cholylleucine	CC(C)CC(C(=O)O)NC(=O)CCC(C)C1CCC2C1(C(CC3C2C(CC4C3(CCC(C4)O)C)O)O)C	0.146	Amino acids and Peptides	Lactam bearing macrolide lactones	Carboxylic acids and derivatives	sibling:pathway_targeted_association/sirius_annotation_broad;sibling:phenotype_metabolite_association/sirius_annotation_color_all
3007	C19H35N5O7	[M + H]+	H-Ala-Ala-Ser-Val-Val-OH	CC(C)C(C(=O)NC(C(C)C)C(=O)O)NC(=O)C(CO)NC(=O)C(C)NC(=O)C(C)N	0.433	Amino acids and Peptides	Tripeptides	Carboxylic acids and derivatives	sibling:phenotype_metabolite_association/sirius_annotation_color_all
3043	C27H40N8O5	[M + H]+	Taumycin B	CCC(C)C1C(=O)NC(C(=O)OC(C(C(=O)CC(=O)N1)C)C=C(C)CC(C)CC(=CC(=O)O)C)C(C)CC	0.652	Amino acids and Peptides	Cyclic peptides	Carboxylic acids and derivatives	sibling:pathway_targeted_association/sirius_annotation_broad;sibling:phenotype_metabolite_association/sirius_annotation_color_all
3110	C21H30N4O4	[M + H]+	3-Tert-butyl-5-[(2,5-ditert-butylphenyl)methyl]benzaldehyde	CC(C)(C)C1=CC(=C(C=C1)C(C)(C)C)CC2=CC(=CC(=C2)C(C)(C)C)C=O	0.075	Shikimates and Phenylpropanoids	Chalcones	Benzene and substituted derivatives	sibling:phenotype_metabolite_association/sirius_annotation_color_all
3111	C33H38N4O5	[M + H]+	tert-butyl N-[2-[(1R,5S)-2-[(4-amino-1-cyclopropyl-3,4-dioxobutan-2-yl)carbamoyl]-6,6-dimethyl-3-azabicyclo[3.1.0]hexan-3-yl]-1-cyclohexyl-2-oxoethyl]carbamate	CC1(C2C1C(N(C2)C(=O)C(C3CCCCC3)NC(=O)OC(C)(C)C)C(=O)NC(CC4CC4)C(=O)C(=O)N)C	0.07	Amino acids and Peptides	Tripeptides	Carboxylic acids and derivatives	sibling:phenotype_metabolite_association/sirius_annotation_color_all
3138	C35H48N8O9	[M + H]+	Glycinamide, N-acetyl-L-tyrosylglycyl-L-leucyl-L-arginyl-L-prolyl-	CC(C)CC(C(=O)NC(CCCN=C(N)N)C(=O)N1CCCC1C(=O)NCC(=O)N)NC(=O)CNC(=O)C(CC2=CC=C(C=C2)O)NC(=O)C	0.697	Amino acids and Peptides	Tripeptides	Carboxylic acids and derivatives	sibling:phenotype_metabolite_association/sirius_annotation_color_all
3191	C22H41N7O7	[M + H]+	H-DL-Leu-DL-xiIle-DL-Asp-DL-Arg-OH	CCC(C)C(C(=O)NC(CC(=O)O)C(=O)NC(CCCN=C(N)N)C(=O)O)NC(=O)C(CC(C)C)N	0.636	Amino acids and Peptides	Tripeptides	Carboxylic acids and derivatives	sibling:phenotype_metabolite_association/sirius_annotation_color_all
3213	C16H22Cl2N6O4	[M + H]+	(3E,6E)-3,6-bis[(E)-3-(2-nitrophenyl)prop-2-enylidene]piperazine-2,5-dione	C1=CC=C(C(=C1)C=CC=C2C(=O)NC(=CC=CC3=CC=CC=C3[N+](=O)[O-])C(=O)N2)[N+](=O)[O-]	0.151	Alkaloids	Benzodiazepine alkaloids	Carboxylic acids and derivatives	sibling:phenotype_metabolite_association/sirius_annotation_color_all
3237	C28H38O20	[M + Na]+	1-O-(2-O,3-O,4-O,6-O-Tetraacetyl-beta-D-glucopyranosyloxy)-beta-D-glucopyranose 2,3,4,6-tetraacetate	CC(=O)OCC1C(C(C(C(O1)OOC2C(C(C(C(O2)COC(=O)C)OC(=O)C)OC(=O)C)OC(=O)C)OC(=O)C)OC(=O)C)OC(=O)C	0.042	Shikimates and Phenylpropanoids	Flavonols	Flavonoids	sibling:phenotype_metabolite_association/sirius_annotation_color_all
3239	C18H28N4O5	[M + H]+	2-[[4-Amino-2-[(2-amino-4-methylpentanoyl)amino]-4-oxobutanoyl]amino]-3-methylpentanoic acid	CCC(C)C(C(=O)O)NC(=O)C(CC(=O)N)NC(=O)C(CC(C)C)N	0.257	Amino acids and Peptides	Tripeptides	Carboxylic acids and derivatives	sibling:phenotype_metabolite_association/sirius_annotation_color_all
3269	C23H51N2O7P	[M + H]+	4,14,19-Tris(methoxymethyl)-1,4,6,9,12,14,19,21-octaazabicyclo[7.7.7]tricosane	COCN1CCN2CCN(CNCCN(CCNC1)CCNCN(CC2)COC)COC	0.08	Amino acids and Peptides	Tripeptides	Carboxylic acids and derivatives	sibling:pathway_targeted_association/sirius_annotation_broad;sibling:phenotype_metabolite_association/sirius_annotation_color_all
3270	C21H31N5O6	[M + H]+	H-Gly-Phe-Leu-Gly-Gly-OH	CC(C)CC(C(=O)NCC(=O)NCC(=O)O)NC(=O)C(CC1=CC=CC=C1)NC(=O)CN	0.721	Amino acids and Peptides	Tripeptides	Carboxylic acids and derivatives	sibling:phenotype_metabolite_association/sirius_annotation_color_all
3287	C24H39N3O9	[M + H]+		CC(CCC(=O)NCCS(=O)(=O)O)C1CCC2C1(C(CC3C2C(CC4C3(CCC(=O)C4)C)O)O)C	0.763	Terpenoids	Cholane steroids	Steroids and steroid derivatives	sibling:secreted_products/sirius_annotation
3294	C7H22BNO7Si4	[M + H]+	N-[4-[[2-(2,2,2-trifluoroethoxy)acetyl]amino]phenyl]cyclopropanecarboxamide	C1CC1C(=O)NC2=CC=C(C=C2)NC(=O)COCC(F)(F)F	0.051	Alkaloids	Pyridine alkaloids	Phenol ethers	sibling:pathway_targeted_association/sirius_annotation_broad;sibling:phenotype_metabolite_association/sirius_annotation_color_all
3299	C15H29N3O6	[M + Na]+	(2S)-2-[[(2S)-2-[3-[2-(2-aminoethoxy)ethoxy]propanoylamino]-3-methylbutanoyl]amino]propanoic acid	CC(C)C(C(=O)NC(C)C(=O)O)NC(=O)CCOCCOCCN	0.144	Amino acids and Peptides	Tripeptides	Carboxylic acids and derivatives	sibling:secreted_products/sirius_annotation
3312	C30H43N5O7	[M + H]+	5,8,9-trimethyl-16-(prop-2-en-1-yl)-3,6-bis(propan-2-yl)-icosahydropyrrolo[1,2-d]1-oxa-4,7,10,13,16-pentaazacyclononadecane-1,4,7,10,14,17-hexone	CC1C(=O)NCCC(=O)OC(C(=O)N2CCCC2C(=O)NC(C(=O)N(C(C(=O)N1C)C(C)C)C)C(C)C)CC=C	0.145	Amino acids and Peptides	Tripeptides	Carboxylic acids and derivatives	sibling:phenotype_metabolite_association/sirius_annotation_color_all
3337	C19H34N4O5	[M + Na]+	2-[[1-[2-(2-Aminopropanoylamino)-3-methylbutanoyl]pyrrolidine-2-carbonyl]amino]-3-methylpentanoic acid	CCC(C)C(C(=O)O)NC(=O)C1CCCN1C(=O)C(C(C)C)NC(=O)C(C)N	0.645	Amino acids and Peptides	Tripeptides	Carboxylic acids and derivatives	sibling:pathway_targeted_association/sirius_annotation_broad
3355	C30H44N6O6	[M + Na]+	H-Asp-Leu-Thr-Arg-Pro-al	CC(C)CC(C(=O)NC(C(C)O)C(=O)NC(CCCN=C(N)N)C(=O)N1CCCC1C=O)NC(=O)C(CC(=O)O)N	0.228	Amino acids and Peptides	Tripeptides	Carboxylic acids and derivatives	sibling:phenotype_metabolite_association/sirius_annotation_color_all
3376	C29H41N5O8	[M + H]+	Leu-Ala-Ile-Tyr-Ser	CCC(C)C(C(=O)NC(CC1=CC=C(C=C1)O)C(=O)NC(CO)C(=O)O)NC(=O)C(C)NC(=O)C(CC(C)C)N	0.181	Amino acids and Peptides	Cyclic peptides	Carboxylic acids and derivatives	sibling:pathway_targeted_association/sirius_annotation_broad
3386	C44H72NO10P	[M + H]+	(2R)-2-amino-3-[[3-[(14E,16E)-docosa-14,16-dienoyl]oxy-2-[(5E,7E,9E,11E,13E)-hexadeca-5,7,9,11,13-pentaenoyl]oxypropoxy]-hydroxyphosphoryl]oxypropanoic acid	CCCCCC=CC=CCCCCCCCCCCCCC(=O)OCC(COP(=O)(O)OCC(C(=O)O)N)OC(=O)CCCC=CC=CC=CC=CC=CCC	0.235	Fatty acids	Glycerophosphoserines	Glycerophospholipids	sibling:phenotype_metabolite_association/sirius_annotation_color_all
3404	C49H76O11	[M + K]+	2-[[2-[[2-[[3,5-Dihydroxy-6-(hydroxymethyl)-4-(2-methylpropyl)oxan-2-yl]methoxymethyl]-3,5-dihydroxy-6-(2-methylpropyl)oxan-4-yl]methoxymethyl]-3,5-dihydroxy-6-(hydroxymethyl)oxan-4-yl]methoxymethyl]-6-(hydroxymethyl)-4-(2-methylpropyl)oxane-3,5-diol	CC(C)CC1C(C(OC(C1O)COCC2C(C(OC(C2O)COCC3C(C(OC(C3O)COCC4C(C(C(C(O4)CO)O)CC(C)C)O)CC(C)C)O)CO)O)CO)O	0.39	Fatty acids	Open-chain polyketides	Fatty Acyls	sibling:pathway_targeted_association/sirius_annotation_broad;sibling:phenotype_metabolite_association/sirius_annotation_color_all
3414	C28H43N5O7	[M + H]+	Ac-Ser-Ala-Val-Leu-Phe-al	CC(C)CC(C(=O)NC(CC1=CC=CC=C1)C=O)NC(=O)C(C(C)C)NC(=O)C(C)NC(=O)C(CO)NC(=O)C	0.57	Amino acids and Peptides	Tripeptides	Carboxylic acids and derivatives	sibling:phenotype_metabolite_association/sirius_annotation_color_all
3426	C24H43ClN4O7	[M + H]+	Luminmycin C	CCCCCCCC=CC=CC(=O)NC(C(C)O)C(=O)NC(CCCCN)C(=O)NC(C)C(=O)O	0.654	Amino acids and Peptides	Cyclic peptides	Carboxylic acids and derivatives	sibling:pathway_targeted_association/sirius_annotation_broad
3432	C25H37N5O6	[M + H]+	Acidiphilamide B	CC(C)CC(=O)NC(CC1=CC=CC=C1)C(=O)NC(C(C)C)C(=O)NC(CC2=CC=CC=C2)CO	0.183	Amino acids and Peptides	Tripeptides	Carboxylic acids and derivatives	sibling:pathway_targeted_association/sirius_annotation_broad
3446	C24H39Cl2FN4O3	[M + H]+							sibling:phenotype_metabolite_association/sirius_annotation_color_all
3449	C19H33N7O7	[M + H]+	3-[[(2S)-3-amino-2-(tert-butylamino)propanoyl]amino]-2-[[(2S)-2-(tert-butylamino)-5,5-dihydroxypentanoyl]amino]propanoic acid	CC(C)(C)NC(CCC(O)O)C(=O)NC(CNC(=O)C(CN)NC(C)(C)C)C(=O)O	0.128	Amino acids and Peptides	Tripeptides	Carboxylic acids and derivatives	sibling:phenotype_metabolite_association/sirius_annotation_color_all
3485	C18H35NO	[M + H]+		CCCCCCCCCCCCCC=CC(C([CH2+])N)O	0.128	Fatty acids	Sphingoid bases	Organonitrogen compounds	sibling:phenotype_metabolite_association/sirius_annotation_color_all
3495	C48H80N4O2	[M + K]+	(Z,Z)-N,N''-Naphthalene-1,5-diylbis(N'-octadec-9-enylurea)	CCCCCCCCC=CCCCCCCCCNC(=O)NC1=CC=CC2=C1C=CC=C2NC(=O)NCCCCCCCCC=CCCCCCCCC	0.039	Fatty acids	Sphingoid bases	Fatty Acyls	sibling:pathway_targeted_association/sirius_annotation_broad
3519	C27H48N6O7	[M + K]+	H-Asp-Leu-Thr-Arg-Pro-al	CC(C)CC(C(=O)NC(C(C)O)C(=O)NC(CCCN=C(N)N)C(=O)N1CCCC1C=O)NC(=O)C(CC(=O)O)N	0.3	Amino acids and Peptides	Tripeptides	Carboxylic acids and derivatives	sibling:phenotype_metabolite_association/sirius_annotation_color_all
3522	C14H24O5	[M + K]+							sibling:secreted_products/sirius_annotation
3528	C27H48N6O7	[M + K]+	H-Asp-Leu-Thr-Arg-Pro-al	CC(C)CC(C(=O)NC(C(C)O)C(=O)NC(CCCN=C(N)N)C(=O)N1CCCC1C=O)NC(=O)C(CC(=O)O)N	0.204	Amino acids and Peptides	Tripeptides	Carboxylic acids and derivatives	sibling:phenotype_metabolite_association/sirius_annotation_color_all
3568	C24H33N3O5	[M + Na]+	2-({4-[(2-{[(tert-butoxy)carbonyl]amino}-3-methylbutanamido)methyl]cyclohexyl}formamido)propanoic acid	CC(C)C(C(=O)NCC1CCC(CC1)C(=O)NC(C)C(=O)O)NC(=O)OC(C)(C)C	0.145	Amino acids and Peptides	Tripeptides	Carboxylic acids and derivatives	sibling:phenotype_metabolite_association/sirius_annotation_color_all
3576	C36H47NO10	[M + H]+	(pyridin-2-yl)methyl N-(1-{[3-hydroxy-1,6-diphenyl-5-({[(pyridin-3-yl)methoxy]carbonyl}amino)hexan-2-yl]carbamoyl}-2-methylpropyl)carbamate	CC(C)C(C(=O)NC(CC1=CC=CC=C1)C(CC(CC2=CC=CC=C2)NC(=O)OCC3=CN=CC=C3)O)NC(=O)OCC4=CC=CC=N4	0.013	Alkaloids	Acridone alkaloids	Carboxylic acids and derivatives	sibling:phenotype_metabolite_association/sirius_annotation_color_all
3599	C24H36N4O7	[M + H]+	H-DL-Asp-DL-Leu-DL-Phe-DL-Val-OH	CC(C)CC(C(=O)NC(CC1=CC=CC=C1)C(=O)NC(C(C)C)C(=O)O)NC(=O)C(CC(=O)O)N	0.408	Amino acids and Peptides	Tripeptides	Carboxylic acids and derivatives	sibling:phenotype_metabolite_association/sirius_annotation_color_all
3626	C31H45NO9	[M + H]+	1,21-dimethyl 19-(carbamoylmethyl)-9,13-dihydroxy-8-methoxy-10,12,14-trimethyl-15-oxohenicosa-2,6,11-trienedioate	CC(C=C(C)C(C(C)C(=O)CCCC(CC(=O)N)CC(=O)OC)O)C(C(C=CCCC=CC(=O)OC)OC)O	0.056	Fatty acids	Neutral glycosphingolipids	Fatty Acyls	sibling:pathway_targeted_association/sirius_annotation_broad;sibling:phenotype_metabolite_association/sirius_annotation_color_all
3663	C15H22N2O3	[M + H]+	2-(2-amino-4-methylpentanamido)-3-phenylpropanoic acid	CC(C)CC(C(=O)NC(CC1=CC=CC=C1)C(=O)O)N	0.911	Amino acids and Peptides	Dipeptides	Carboxylic acids and derivatives	sibling:secreted_products/sirius_annotation;sibling:phenotype_metabolite_association/sirius_annotation_color_all
3692	C19H40N4O4	[M + K]+	3-methyl-2-[[2-(methylamino)-1-oxopropyl]amino]-N-[3-methyl-1-(1-naphthalenylamino)-1-oxobutan-2-yl]butanamide	CC(C)C(C(=O)NC(C(C)C)C(=O)NC1=CC=CC2=CC=CC=C21)NC(=O)C(C)NC	0.224	Amino acids and Peptides	Tripeptides	Carboxylic acids and derivatives	sibling:pathway_targeted_association/sirius_annotation_broad
3736	C27H31N5O5	[M + H]+	Ac-Phe-D-Phe-His-OMe	CC(=O)NC(CC1=CC=CC=C1)C(=O)NC(CC2=CC=CC=C2)C(=O)NC(CC3=CN=CN3)C(=O)OC	0.165	Amino acids and Peptides	Tripeptides	Carboxylic acids and derivatives	sibling:phenotype_metabolite_association/sirius_annotation_color_all
3744	C23H35N5O6	[M + H]+	H-Ala-Leu-Phe-Gln-OH	CC(C)CC(C(=O)NC(CC1=CC=CC=C1)C(=O)NC(CCC(=O)N)C(=O)O)NC(=O)C(C)N	0.419	Amino acids and Peptides	Tripeptides	Carboxylic acids and derivatives	sibling:phenotype_metabolite_association/sirius_annotation_color_all
3760	C33H46O6	[M + Na]+	2-[1,10-dihydroxy-2-(8-hydroxy-11-methyl-7-methylidene-1-oxacyclopentadeca-3,5,10-trien-13-yn-3-yl)-6-(3-hydroxypropyl)-10-methylspiro[4.5]decan-7-ylidene]propanal	CC1=CCC(C(=C)C=CC=C(COCC#CC1)C2CCC3(C2O)C(C(=C(C)C=O)CCC3(C)O)CCCO)O	0.057	Terpenoids	Open-chain polyketides	Prenol lipids	sibling:secreted_products/sirius_annotation
3768	C45H70N2O8	[M + K]+	1-amino-5-{3-[1,10-dihydroxy-6-(3-hydroxypropyl)-10-methyl-2-(11-methyl-8-{[1-(methylamino)propan-2-yl]amino}-7-methylidene-1-oxacyclopentadeca-3,5,10-trien-13-yn-3-yl)spiro[4.5]decan-7-ylidene]-2-oxobutyl}-1,2,3,4-tetrahydroisoquinolin-3-one	CC1=CCC(C(=C)C=CC=C(COCC#CC1)C2CCC3(C2O)C(C(=C(C)C(=O)CC4=C5CC(=O)NC(C5=CC=C4)N)CCC3(C)O)CCCO)NC(C)CNC	0.051	Amino acids and Peptides	Depsipeptides	Carboxylic acids and derivatives	sibling:phenotype_metabolite_association/sirius_annotation_color_all
3803	C26H50NO7P	[M + Na]+	[(2R)-2-hydroxy-3-[(9E,11E)-octadeca-9,11-dienoyl]oxypropyl] 2-(trimethylazaniumyl)ethyl phosphate	CCCCCCC=CC=CCCCCCCCC(=O)OCC(COP(=O)(O)OCC[N+](C)(C)C)O	0.4	Fatty acids	Glycerophosphocholines	Glycerophospholipids	sibling:phenotype_metabolite_association/sirius_annotation_color_all
3808	C24H34F3N5O5S	[M + H]+	Boc-DL-Met-DL-Leu-DL-Phe-OMe	CC(C)CC(C(=O)NC(CC1=CC=CC=C1)C(=O)OC)NC(=O)C(CCSC)NC(=O)OC(C)(C)C	0.605	Amino acids and Peptides	Tripeptides	Carboxylic acids and derivatives	sibling:phenotype_metabolite_association/sirius_annotation_color_all
3820	C27H43N7O8	[M + Na]+	2-{2-[2-(2-amino-3-methylpentanamido)-4-methylpentanamido]-3-(1H-indol-3-yl)propanamido}-3-(4-hydroxyphenyl)propanoic acid	CCC(C)C(C(=O)NC(CC(C)C)C(=O)NC(CC1=CNC2=CC=CC=C21)C(=O)NC(CC3=CC=C(C=C3)O)C(=O)O)N	0.514	Amino acids and Peptides	Tripeptides	Carboxylic acids and derivatives	sibling:phenotype_metabolite_association/sirius_annotation_color_all
3825	C25H39N5O7	[M + H]+	H-DL-Asp-DL-xiIle-DL-Phe-DL-Lys-OH	CCC(C)C(C(=O)NC(CC1=CC=CC=C1)C(=O)NC(CCCCN)C(=O)O)NC(=O)C(CC(=O)O)N	0.528	Amino acids and Peptides	Tripeptides	Carboxylic acids and derivatives	sibling:phenotype_metabolite_association/sirius_annotation_color_all
3852	C33H48N6O5	[M + H]+	H-D-Ala-D-Phe-D-Phe-D-Leu-D-Leu-NH2	CC(C)CC(C(=O)N)NC(=O)C(CC(C)C)NC(=O)C(CC1=CC=CC=C1)NC(=O)C(CC2=CC=CC=C2)NC(=O)C(C)N	0.3	Amino acids and Peptides	Tripeptides	Carboxylic acids and derivatives	sibling:phenotype_metabolite_association/sirius_annotation_color_all
3858	C39H68O4	[M + H]+	1-hexadecanoyloxypropan-2-yl (E)-octadec-9-enoate	CCCCCCCCCCCCCCCC(=O)OCC(C)OC(=O)CCCCCCCC=CCCCCCCCC	0.408	Fatty acids	Diacylglycerols	Glycerolipids	sibling:pathway_targeted_association/sirius_annotation_broad
3870	C32H46N6O5	[M + H]+	H-D-Ala-D-Phe-D-Phe-D-Val-D-Leu-NH2	CC(C)CC(C(=O)N)NC(=O)C(C(C)C)NC(=O)C(CC1=CC=CC=C1)NC(=O)C(CC2=CC=CC=C2)NC(=O)C(C)N	0.04	Amino acids and Peptides	Tripeptides	Carboxylic acids and derivatives	sibling:phenotype_metabolite_association/sirius_annotation_color_all
3905	C28H38N6O8	[M + H]+	H-Val-Arg-Met-Unk-Ala-al	CC(C)C(C(=O)NC(CCCN=C(N)N)C(=O)NC(CCSC)C(=O)NC(C)C(NC(C)C=O)(O)O)N	0.63	Amino acids and Peptides	Tripeptides	Carboxylic acids and derivatives	sibling:phenotype_metabolite_association/sirius_annotation_color_all
3984	C18H34N4O6	[M + H]+	H-DL-Leu-DL-Ser-DL-Ala-DL-Leu-OH	CC(C)CC(C(=O)NC(CO)C(=O)NC(C)C(=O)NC(CC(C)C)C(=O)O)N	0.481	Amino acids and Peptides	Tripeptides	Carboxylic acids and derivatives	sibling:phenotype_metabolite_association/sirius_annotation_color_all
3989	C24H43N3O11	[M + H]+	2-[2-({1-[(tert-butoxy)carbonyl]-4-phenylpiperidin-4-yl}formamido)-3-methylpentanamido]-4-(methylsulfanyl)butanoic acid	CCC(C)C(C(=O)NC(CCSC)C(=O)O)NC(=O)C1(CCN(CC1)C(=O)OC(C)(C)C)C2=CC=CC=C2	0.417	Amino acids and Peptides	Tripeptides	Carboxylic acids and derivatives	sibling:phenotype_metabolite_association/sirius_annotation_color_all
3991	C22H31NO10	[M + H]+	2-[2-(1H-indol-3-yl)ethoxy]-6-{[(3,4,5-trihydroxy-6-methyloxan-2-yl)oxy]methyl}oxane-3,4,5-triol	CC1C(C(C(C(O1)OCC2C(C(C(C(O2)OCCC3=CNC4=CC=CC=C43)O)O)O)O)O)O	0.045	Polyketides	Depsides and depsidones	Benzene and substituted derivatives	sibling:pathway_targeted_association/sirius_annotation_broad
3994	C20H34N6O8	[M + H]+	6-({6-[(4,6-dimethoxy-2-methyloxan-3-yl)oxy]-4-methoxy-2-methyloxan-3-yl}oxy)-4-methoxy-2-methyloxan-3-ol	CC1C(C(CC(O1)OC2C(OC(CC2OC)OC3C(OC(CC3OC)OC)C)C)OC)O	0.041	Terpenoids	Labdane diterpenoids	Prenol lipids	sibling:secreted_products/sirius_annotation
3996	C18H34N4O7	[M + H]+	2-{2-[2-amino-4-(methylsulfanyl)butanamido]-3-methylpentanamido}-5-[(diaminomethylidene)amino]pentanoic acid	CCC(C)C(C(=O)NC(CCCN=C(N)N)C(=O)O)NC(=O)C(CCSC)N	0.551	Amino acids and Peptides	Tripeptides	Carboxylic acids and derivatives	sibling:phenotype_metabolite_association/sirius_annotation_color_all
4001	C43H59N5O8	[M + H]+	Kallikrein Inhibitor	CC(C)C(C(=O)NC(CCC(=O)N)C(=O)N)NC(=O)C(CO)NC(=O)C(CCCN=C(N)N)NC(=O)C(CC1=CC=CC=C1)NC(=O)C2CCCN2C(=O)C	0.955	Amino acids and Peptides	Cyclic peptides	Carboxylic acids and derivatives	sibling:phenotype_metabolite_association/sirius_annotation_color_all
4015	C12H22N2O5	[M + H]+	(S)-2-(2-((tert-Butoxycarbonyl)amino)-3-methylbutanamido)acetic acid	CC(C)C(C(=O)NCC(=O)O)NC(=O)OC(C)(C)C	0.054	Amino acids and Peptides	Dipeptides	Carboxylic acids and derivatives	sibling:pathway_targeted_association/sirius_annotation_broad
4023	C29H40N4O7S	[M + K]+	Methyl 2-O,4-O,6-O-triacetyl-3-O-[4-O,6-O-(di-tert-butylsilanediyl)-1,2,3-trideoxy-alpha-D-threo-2-hexenopyranose-1-yl]-beta-D-galactopyranoside	CC(=O)OCC1C(C(C(C(O1)OC)OC(=O)C)OC2C=CC3C(O2)CO[Si](O3)(C(C)(C)C)C(C)(C)C)OC(=O)C	0.061	Fatty acids	Fatty acyl glycosides of mono- and disaccharides	Saccharolipids	sibling:pathway_targeted_association/sirius_annotation_broad
4036	C35H51N5O9	[M + H]+	Hytramycin I	CCC(C)C1C(=O)N2C(CCCN2)C(=O)N3C(CCCN3)C(=O)N(C(C(=O)N4C(CCCN4)C(=O)NC(C(=O)N1)CC(C)C)C)C	0.259	Amino acids and Peptides	Cyclic peptides	Carboxylic acids and derivatives	sibling:phenotype_metabolite_association/sirius_annotation_color_all
4054	C15H19N3O4	[M + H]+	Thr-Trp	CC(C(C(=O)NC(CC1=CNC2=CC=CC=C21)C(=O)O)N)O	0.96	Amino acids and Peptides	Dipeptides	Carboxylic acids and derivatives	sibling:phenotype_metabolite_association/sirius_annotation_color_all
4055	C10H14O6	[M + H]+	2-(1-hydroxy-2,2-dimethoxyethyl)oxolane-3,4-diol	COC(C(C1C(C(CO1)O)O)O)OC	0.125	Carbohydrates	Monosaccharides	Organooxygen compounds	sibling:pathway_targeted_association/sirius_annotation_broad;sibling:phenotype_metabolite_association/sirius_annotation_color_all
4176	C10H12O6	[M + H]+	(2S,3R,4R,5S)-3-ethenoxy-6-(hydroxymethyl)oxane-2,4,5-triol	C=COC1C(C(C(OC1O)CO)O)O	0.357	Carbohydrates	Monosaccharides	Organooxygen compounds	sibling:pathway_targeted_association/sirius_annotation_broad
4209	C28H46O10	[M + H]+	Tricalysioside R	CC(=O)OC1C23CCC4C(C(CCC4(C2CCC(C3)C1(COC5C(C(C(C(O5)CO)O)O)O)O)C)O)(C)C	0.109	Terpenoids	Labdane diterpenoids	Prenol lipids	sibling:phenotype_metabolite_association/sirius_annotation_color_all
4215	C11H20N2O3	[M + H]+	4-methyl-2-[(pyrrolidin-2-yl)formamido]pentanoic acid	CC(C)CC(C(=O)O)NC(=O)C1CCCN1	0.833	Amino acids and Peptides	Dipeptides	Carboxylic acids and derivatives	sibling:phenotype_metabolite_association/sirius_annotation_color_all
4245	C33H64NO10P	[M + H]+	[2-(8-Carboxyoctanoyloxy)-3-hexadecanoyloxypropyl] 2-(trimethylazaniumyl)ethyl phosphate	CCCCCCCCCCCCCCCC(=O)OCC(COP(=O)(O)OCC[N+](C)(C)C)OC(=O)CCCCCCCC(=O)O	0.623	Fatty acids	Oxidized glycerophospholipids	Glycerophospholipids	sibling:phenotype_metabolite_association/sirius_annotation_color_all
4251	C36H50N6O7S	[M + H]+	Nudicauline	CCN1CC2(CCC(C34C2C(C(C31)(C5(CC(C6CC4C5C6OC(=O)C)OC)O)O)OC)OC)COC(=O)C7=CC=CC=C7N8C(=O)CC(C8=O)C	0.023	Amino acids and Peptides	Depsipeptides	Carboxylic acids and derivatives	sibling:phenotype_metabolite_association/sirius_annotation_color_all
4261	C21H40O3	[M + H]+	2-Oxo-heneicosanoic acid	CCCCCCCCCCCCCCCCCCCC(=O)C(=O)O	0.168	Fatty acids	Monoacylglycerols	Fatty Acyls	sibling:phenotype_metabolite_association/sirius_annotation_color_all
4277	C28H43N5O8	[M + H]+	Unk-Lys-Ile-Pro-Abu-OH	CCC(C)C(C(=O)N1CCCC1C(=O)NC(CC)C(=O)O)NC(=O)C(CCCCN)NC(=O)C2=C(C=CC(=C2)O)O	0.343	Amino acids and Peptides	Tripeptides	Carboxylic acids and derivatives	sibling:pathway_targeted_association/sirius_annotation_broad;sibling:phenotype_metabolite_association/sirius_annotation_color_all
4301	C31H53N9O11	[M + H]+	Citrusin Iii	CC(C)CC1C(=O)NC(C(=O)N2CCCC2C(=O)NC(C(=O)NCC(=O)NC(C(=O)N3CCCC3C(=O)N1)CO)CC4=CC=C(C=C4)O)CC(C)C	0.239	Amino acids and Peptides	Cyclic peptides	Carboxylic acids and derivatives	sibling:phenotype_metabolite_association/sirius_annotation_color_all
4354	C8H12N6O5	[M + H]+	Pyrocatechol-O-Beta-D-Glucopyranoside	C1=CC=C(C(=C1)O)OC2C(C(C(C(O2)CO)O)O)O	0.177	Polyketides	Acyl phloroglucinols	Organooxygen compounds	sibling:phenotype_metabolite_association/sirius_annotation_color_all
4361	C41H55N5O10	[M + Na]+	(2S)-6-amino-2-[[(2R)-2-amino-3-hydroxypropanoyl]amino]-N-[2-[[(2S)-5-[formyl(hydroxy)amino]-1-[[(3S,6R,9S,10E)-6-[3-[formyl(hydroxy)amino]propyl]-3-(hydroxymethyl)-2,5,8-trioxo-1,4,7-triazacyclotrideca-10,13-dien-9-yl]amino]-1-oxopentan-2-yl]amino]-2-oxoethyl]hexanamide	C1C=CC(C(=O)NC(C(=O)NC(C(=O)N=C1)CO)CCCN(C=O)O)NC(=O)C(CCCN(C=O)O)NC(=O)CNC(=O)C(CCCCN)NC(=O)C(CO)N	0.022	Polyketides	Ansa macrolides	Carboxylic acids and derivatives	sibling:phenotype_metabolite_association/sirius_annotation_color_all
4416	C36H65NO4	[M + Na]+		CCCCCCCCCCCCCC=CC(C(CO)NC(=O)CCCCCCCC(=O)C=CC=CCCCCC)O	0.032	Fatty acids	Isoquinoline alkaloids		sibling:phenotype_metabolite_association/sirius_annotation_color_all
4434	C26H43NO6S	[M + H]+		CC(CCC(=O)NCCS(=O)(=O)O)C1CCC2C1(CCC3C2C(=O)CC4C3(CCC(C4)O)C)C	0.666	Terpenoids	Cholane steroids	Steroids and steroid derivatives	sibling:secreted_products/sirius_annotation
4435	C20H36N4O5	[M + H]+	tert-butyl N-(1-{4-[(1-carbamoylethyl)carbamoyl]piperidin-1-yl}-4-methyl-1-oxopentan-2-yl)carbamate	CC(C)CC(C(=O)N1CCC(CC1)C(=O)NC(C)C(=O)N)NC(=O)OC(C)(C)C	0.409	Amino acids and Peptides	Tripeptides	Carboxylic acids and derivatives	sibling:phenotype_metabolite_association/sirius_annotation_color_all
4439	C10H19N3O3	[M + K]+	Myocol	C1=NC(=C2C(=N1)N(C=N2)C3C(C(C(O3)CO)O)O)N	0.887	Carbohydrates	Purine nucleosides	Purine nucleosides	sibling:phenotype_metabolite_association/sirius_annotation_color_all
4453	C24H42N6O8	[M + H]+	6-[6-benzyl-9-(butan-2-yl)-1,4,7,10-tetraoxo-tetradecahydro-1H-pyrido[1,2-a]1,4,7,10-tetraazacyclododecan-3-yl]hexanoic acid	CCC(C)C1C(=O)N2CCCCC2C(=O)NC(C(=O)NC(C(=O)N1)CC3=CC=CC=C3)CCCCCC(=O)O	0.089	Amino acids and Peptides	Tripeptides	Carboxylic acids and derivatives	sibling:phenotype_metabolite_association/sirius_annotation_color_all
4502	C19H39NO	[M + H]+	2,6-dimethyl-4-tridecylmorpholine	CCCCCCCCCCCCCN1CC(OC(C1)C)C	0.075	Fatty acids	Primary amides	Fatty Acyls	sibling:phenotype_metabolite_association/sirius_annotation_color_all
4512	C26H44N4O3	[M + Na]+	1,5-Pentanedione, 1,5-bis(4-(hexyloxy)phenyl)-, dioxime	CCCCCCOC1=CC=C(C=C1)C(=NO)CCCC(=NO)C2=CC=C(C=C2)OCCCCCC	0.021	Fatty acids	N-acyl amines	Carboxylic acids and derivatives	sibling:pathway_targeted_association/sirius_annotation_broad;sibling:phenotype_metabolite_association/sirius_annotation_color_all
4522	C11H20N2O3	[M + H]+	4-methyl-2-[(pyrrolidin-2-yl)formamido]pentanoic acid	CC(C)CC(C(=O)O)NC(=O)C1CCCN1	0.856	Amino acids and Peptides	Dipeptides	Carboxylic acids and derivatives	sibling:pathway_targeted_association/sirius_annotation_broad
4523	C33H48N4O5	[M + H]+	H-Val-Ala-Leu-Thr-Pro-Pro-al	CC(C)CC(C(=O)NC(C(C)O)C(=O)N1CCCC1C(=O)N2CCCC2C=O)NC(=O)C(C)NC(=O)C(C(C)C)N	0.96	Amino acids and Peptides	Tripeptides	Carboxylic acids and derivatives	sibling:phenotype_metabolite_association/sirius_annotation_color_all
4530	C24H37N5O7	[M + H]+	H-Ala-Tyr-Ala-Ala-Ile-OH	CCC(C)C(C(=O)O)NC(=O)C(C)NC(=O)C(C)NC(=O)C(CC1=CC=C(C=C1)O)NC(=O)C(C)N	0.371	Amino acids and Peptides	Tripeptides	Carboxylic acids and derivatives	sibling:phenotype_metabolite_association/sirius_annotation_color_all
4563	C22H42N8O7	[M + Na]+	H-Pro-Ala-Thr-Pro-Ala-Pro-OH	CC(C(C(=O)N1CCCC1C(=O)NC(C)C(=O)N2CCCC2C(=O)O)NC(=O)C(C)NC(=O)C3CCCN3)O	0.867	Amino acids and Peptides	Cyclic peptides	Carboxylic acids and derivatives	sibling:pathway_targeted_association/sirius_annotation_broad
4599	C12H15FN4O2S	[M + H]+	9-(3-Fluorooxan-4-yl)-7-methyl-2-methylsulfanylpurin-8-one	CN1C2=CN=C(N=C2N(C1=O)C3CCOCC3F)SC	0.107	Carbohydrates	Purine nucleosides	5'-deoxyribonucleosides	sibling:phenotype_metabolite_association/sirius_annotation_color_all
4626	C32H47N7O6	[M + H]+	[(2S)-1-[[(2S)-1-[[(2S)-1-[[(2S)-1-[[(1S)-1-carboxy-2-methylpropyl]amino]-1-oxo-3-phenylpropan-2-yl]amino]-3-methyl-1-oxobutan-2-yl]amino]-3-methyl-1-oxobutan-2-yl]amino]-3-(4-hydroxyphenyl)-1-oxopropan-2-yl]azanium	CC(C)C(C(=O)NC(C(C)C)C(=O)NC(CC1=CC=CC=C1)C(=O)NC(C(C)C)C(=O)O)NC(=O)C(CC2=CC=C(C=C2)O)N	0.745	Amino acids and Peptides	Anabaenopeptins	Carboxylic acids and derivatives	sibling:phenotype_metabolite_association/sirius_annotation_color_all
4629	C5H7Br4NO3	[M + H]+							sibling:secreted_products/sirius_annotation
4633	C27H40N8O5	[M + H]+	Taumycin B	CCC(C)C1C(=O)NC(C(=O)OC(C(C(=O)CC(=O)N1)C)C=C(C)CC(C)CC(=CC(=O)O)C)C(C)CC	0.743	Amino acids and Peptides	Cyclic peptides	Carboxylic acids and derivatives	sibling:phenotype_metabolite_association/sirius_annotation_color_all
4642	C18H39N5O10	[M + H]+	4'-Acetyl-N-[4-[4-(2-methoxyphenyl)-1-piperazinyl]butyl]-[1,1'-biphenyl]-4-carboxamide	CC(=O)C1=CC=C(C=C1)C2=CC=C(C=C2)C(=O)NCCCCN3CCN(CC3)C4=CC=CC=C4OC	0.058	Alkaloids	Acridone alkaloids	Carboxylic acids and derivatives	sibling:secreted_products/sirius_annotation
4656	C43H79O13P	[M + Na]+	[2-[(Z)-heptadec-9-enoyl]oxy-3-[hydroxy-(2,3,4,5,6-pentahydroxycyclohexyl)oxyphosphoryl]oxypropyl] (Z)-heptadec-9-enoate	CCCCCCCC=CCCCCCCCC(=O)OCC(COP(=O)(O)OC1C(C(C(C(C1O)O)O)O)O)OC(=O)CCCCCCCC=CCCCCCCC	0.727	Fatty acids	Glycerophosphoinositols	Glycerophospholipids	sibling:phenotype_metabolite_association/sirius_annotation_color_all
4676	C21H41N11O4	[M + K]+	2-[2-({1-[(tert-butoxy)carbonyl]-4-phenylpiperidin-4-yl}formamido)-3-methylpentanamido]-4-(methylsulfanyl)butanoic acid	CCC(C)C(C(=O)NC(CCSC)C(=O)O)NC(=O)C1(CCN(CC1)C(=O)OC(C)(C)C)C2=CC=CC=C2	0.214	Amino acids and Peptides	Tripeptides	Carboxylic acids and derivatives	sibling:phenotype_metabolite_association/sirius_annotation_color_all
4744	C20H29N3O6	[M + H]+	Glu-Phe-Leu	CC(C)CC(C(=O)O)NC(=O)C(CC1=CC=CC=C1)NC(=O)C(CCC(=O)O)N	0.654	Amino acids and Peptides	Tripeptides	Carboxylic acids and derivatives	sibling:phenotype_metabolite_association/sirius_annotation_color_all
4749	C23H38FN3O5	[M + H]+	tert-butyl-[6-[tert-butyl(dimethyl)silyl]oxy-2-[(Z)-N'-hydroxycarbamimidoyl]-5-methoxy-5-methylhexyl]carbamic acid	CC(C)(C)N(CC(CCC(C)(CO[Si](C)(C)C(C)(C)C)OC)C(=NO)N)C(=O)O	-inf	Amino acids and Peptides	Tripeptides	Carboxylic acids and derivatives	sibling:pathway_targeted_association/sirius_annotation_broad
4755	C26H54O7	[M + Na]+							sibling:phenotype_metabolite_association/sirius_annotation_color_all
4788	C18H34N4O7	[M + H]+	ddesferrioxamine[-00]	C(CCN)CCN(C(=O)CCC(=O)NCCCCCN(C(=O)CCC(=O)O)O)O	0.028	Amino acids and Peptides	Tripeptides	Carboxylic acids and derivatives	sibling:phenotype_metabolite_association/sirius_annotation_color_all
4827	C33H48N4O5	[M + H]+	H-Val-Ala-Leu-Thr-Pro-Pro-al	CC(C)CC(C(=O)NC(C(C)O)C(=O)N1CCCC1C(=O)N2CCCC2C=O)NC(=O)C(C)NC(=O)C(C(C)C)N	0.965	Amino acids and Peptides	Tripeptides	Carboxylic acids and derivatives	sibling:pathway_targeted_association/sirius_annotation_broad
4840	C25H30N4O7	[M + H]+	H-DL-Leu-DL-Ser-DL-Glu-DL-Leu-OH	CC(C)CC(C(=O)NC(CO)C(=O)NC(CCC(=O)O)C(=O)NC(CC(C)C)C(=O)O)N	0.49	Amino acids and Peptides	Tripeptides	Carboxylic acids and derivatives	sibling:phenotype_metabolite_association/sirius_annotation_color_all
4845	C12H22O11	[M + Na]+	Sucrose	C(C1C(C(C(C(O1)OC2(C(C(C(O2)CO)O)O)CO)O)O)O)O	0.499	Carbohydrates	Disaccharides	Organooxygen compounds	sibling:phenotype_metabolite_association/sirius_annotation_color_all
4893	C24H45N9O7S	[M + H]+	1-Aza-2-oxobicyclo[5.3.0]decane scaffold, 40c	CCC(C(=O)NC1C(CCC2CCC(N2C1=O)C(=O)NC(C3=CC=CC=C3)C4=CC=CC=C4)CNCC5=CC=CC=C5)N	0.247	Amino acids and Peptides	Cyclic peptides	Carboxylic acids and derivatives	sibling:phenotype_metabolite_association/sirius_annotation_color_all
4915	C12H14N2O3	[M + H]+	3-benzyl-6-(hydroxymethyl)piperazine-2,5-dione	C1=CC=C(C=C1)CC2C(=O)NC(C(=O)N2)CO	0.194	Amino acids and Peptides	Dipeptides	Carboxylic acids and derivatives	sibling:phenotype_metabolite_association/sirius_annotation_color_all
4918	C20H30N4O6	[M + H]+	H-Pro-Ser-Nva-Val-OH	CCCC(C(=O)NC(C(C)C)C(=O)O)NC(=O)C(CO)NC(=O)C1CCCN1	0.329	Amino acids and Peptides	Tripeptides	Carboxylic acids and derivatives	sibling:pathway_targeted_association/sirius_annotation_broad
4922	C12H15FN4O2S	[M + H]+	9-(3-Fluorooxan-4-yl)-7-methyl-2-methylsulfanylpurin-8-one	CN1C2=CN=C(N=C2N(C1=O)C3CCOCC3F)SC	0.06	Carbohydrates	Purine nucleosides	5'-deoxyribonucleosides	sibling:phenotype_metabolite_association/sirius_annotation_color_all
4923	C16H31N3O4	[M + H]+	2-[[2-[(2-Amino-3-methylbutanoyl)amino]-3-methylbutanoyl]amino]-4-methylpentanoic acid	CC(C)CC(C(=O)O)NC(=O)C(C(C)C)NC(=O)C(C(C)C)N	0.614	Amino acids and Peptides	Tripeptides	Carboxylic acids and derivatives	sibling:pathway_targeted_association/sirius_annotation_broad
4935	C22H41N7O7	[M + H]+	H-DL-Asp-DL-Leu-DL-xiIle-DL-Arg-OH	CCC(C)C(C(=O)NC(CCCN=C(N)N)C(=O)O)NC(=O)C(CC(C)C)NC(=O)C(CC(=O)O)N	0.21	Amino acids and Peptides	Tripeptides	Carboxylic acids and derivatives	sibling:phenotype_metabolite_association/sirius_annotation_color_all
4979	C15H29N3O4	[M + H]+	2-[[2-(2-Aminopropanoylamino)-4-methylpentanoyl]amino]-4-methylpentanoic acid	CC(C)CC(C(=O)NC(CC(C)C)C(=O)O)NC(=O)C(C)N	0.354	Amino acids and Peptides	Tripeptides	Carboxylic acids and derivatives	sibling:phenotype_metabolite_association/sirius_annotation_color_all
5020	C22H37N7O9	[M + Na]+	H-Ala-Glu-Ala-Ala-Gln-Ala-al	CC(C=O)NC(=O)C(CCC(=O)N)NC(=O)C(C)NC(=O)C(C)NC(=O)C(CCC(=O)O)NC(=O)C(C)N	0.613	Amino acids and Peptides	Tripeptides	Carboxylic acids and derivatives	sibling:phenotype_metabolite_association/sirius_annotation_color_all
5030	C34H68N2O2	[M + Na]+	Hexadecanamide, N,N'-1,2-ethanediylbis-	CCCCCCCCCCCCCCCC(=O)NCCNC(=O)CCCCCCCCCCCCCCC	0.2	Fatty acids	N-acyl amines	Fatty Acyls	sibling:phenotype_metabolite_association/sirius_annotation_color_all
5055	C21H34O3	[M + H]+	(16Z)-nonadeca-1,16-diene-2,11,14-triol	CCC=CCC(CCC(CCCCCCCCC(=C)O)O)O	0.123	Fatty acids	Fatty alcohols	Fatty Acyls	sibling:phenotype_metabolite_association/sirius_annotation_color_all
5089	C20H41NO3	[M + H]+	N-(1,3-dihydroxyoctadecan-2-yl)acetamide	CCCCCCCCCCCCCCCC(C(CO)NC(=O)C)O	0.612	Fatty acids	Ceramides	Sphingolipids	sibling:pathway_targeted_association/sirius_annotation_broad
5121	C16H25N3O2	[M + H]+	(2S)-N-tert-butyl-1-[2-methyl-1-(methylamino)-1-oxopropan-2-yl]pyrrolidine-2-carboxamide	CC(C)(C)NC(=O)C1CCCN1C(C)(C)C(=O)NC	0.104	Amino acids and Peptides	Dipeptides	Carboxylic acids and derivatives	sibling:secreted_products/sirius_annotation
5136	C38H56N4O9	[M + Na]+	H-Phe-Phe-Lys-Lys-Lys-OH	C1=CC=C(C=C1)CC(C(=O)NC(CC2=CC=CC=C2)C(=O)NC(CCCCN)C(=O)NC(CCCCN)C(=O)NC(CCCCN)C(=O)O)N	0.47	Amino acids and Peptides	Cyclic peptides	Carboxylic acids and derivatives	sibling:phenotype_metabolite_association/sirius_annotation_color_all
5192	C33H67NO3	[M + Na]+	N-(1,3-dihydroxyoctadecan-2-yl)pentadecanamide	CCCCCCCCCCCCCCCC(C(CO)NC(=O)CCCCCCCCCCCCCC)O	0.335	Fatty acids	Ceramides	Sphingolipids	sibling:phenotype_metabolite_association/sirius_annotation_color_all
5204	C38H47N3O11	[M + H]+	13-ethyl-6-ethylidene-12-hydroxy-9-(1-hydroxy-6-oxo-decahydronaphthalen-1-yl)-4-[3-(hydroxymethyl)-5-[(2-hydroxypropyl)amino]phenyl]-8,15-dioxatricyclo[9.6.2.0¹⁴,¹⁸]nonadeca-11(19),12,14(18)-trien-2-yne-7,16-dione	CCC1=C(C2=CC3=C1OC(=O)CC3C#CC(CC(=CC)C(=O)OC(C2)C4(CCCC5C4CCC(=O)C5)O)C6=CC(=CC(=C6)CO)NCC(C)O)O	0.21	Polyketides	Polyene macrolides	Carboxylic acids and derivatives	sibling:phenotype_metabolite_association/sirius_annotation_color_all
5267	C22H47N	[M + H]+	Icosyl(dimethyl)azanium	CCCCCCCCCCCCCCCCCCCCN(C)C	0.171	Alkaloids	Polyamines	Organonitrogen compounds	sibling:pathway_targeted_association/sirius_annotation_broad;sibling:phenotype_metabolite_association/sirius_annotation_color_all
5270	C21H36N2O6	[M + K]+	1-(2-amino-3-phenylpropanoyl)-N-(6-carbamimidamido-1-chloro-2-oxohexan-3-yl)pyrrolidine-2-carboxamide	C1CC(N(C1)C(=O)C(CC2=CC=CC=C2)N)C(=O)NC(CCCN=C(N)N)C(=O)CCl	0.505	Amino acids and Peptides	Tripeptides	Carboxylic acids and derivatives	sibling:phenotype_metabolite_association/sirius_annotation_color_all
5274	C21H31N5O6	[M + H]+	H-Gly-Phe-Leu-Gly-Gly-OH	CC(C)CC(C(=O)NCC(=O)NCC(=O)O)NC(=O)C(CC1=CC=CC=C1)NC(=O)CN	0.437	Amino acids and Peptides	Tripeptides	Carboxylic acids and derivatives	sibling:phenotype_metabolite_association/sirius_annotation_color_all
5287	C17H26N4O5	[M + H]+	2-[[2-[(2,4-Diamino-4-oxobutanoyl)amino]-4-methylpentanoyl]amino]-3-methylbutanoic acid	CC(C)CC(C(=O)NC(C(C)C)C(=O)O)NC(=O)C(CC(=O)N)N	0.178	Amino acids and Peptides	Tripeptides	Carboxylic acids and derivatives	sibling:phenotype_metabolite_association/sirius_annotation_color_all
5298	C9H14N2O	[M + H]+	3-((2-Pyridinylmethyl)amino)-1-propanol	C1=CC=NC(=C1)CNCCCO	0.157	Alkaloids	Pyrazine and Piperazine alkaloids	Heteroaromatic compounds	sibling:phenotype_metabolite_association/sirius_annotation_color_all
5325	C29H42N8O8	[M + H]+	Cyclo(L-alanyl-L-prolyl-D-phenylalanyl-L-alanyl-L-prolyl-D-phenylalanyl)	CC1C(=O)N2CCCC2C(=O)NC(C(=O)NC(C(=O)N3CCCC3C(=O)NC(C(=O)N1)CC4=CC=CC=C4)C)CC5=CC=CC=C5	0.511	Amino acids and Peptides	Tripeptides	Carboxylic acids and derivatives	sibling:pathway_targeted_association/sirius_annotation_broad
5349	C51H67NO3	[M + K]+	1,2-Bhdop	CC=CC=CC(=O)OCCCCCCCCCCOCC(COP(=O)(O)OCC[N+](C)(C)C)OCCCCCCCCCCOC(=O)C=CC=CC	0.547	Fatty acids	Oxidized glycerophospholipids	Glycerophospholipids	sibling:phenotype_metabolite_association/sirius_annotation_color_all
5386	C12H23NO4	[M + H]+	O-Isovalerylcarnitine	CC(C)CC(=O)OC(CC(=O)O)C[N+](C)(C)C	0.9	Fatty acids	Fatty acyl carnitines	Fatty Acyls	sibling:phenotype_metabolite_association/sirius_annotation_color_all
5398	C20H37NO	[M + H]+	Icosa-2,4-dienamide	CCCCCCCCCCCCCCCC=CC=CC(=O)N	0.404	Fatty acids	Primary amides	Carboxylic acids and derivatives	sibling:phenotype_metabolite_association/sirius_annotation_color_all
5419	C27H41N7O7	[M + H]+	H-Val-Leu-Pro-Ile-Pro-OH	CCC(C)C(C(=O)N1CCCC1C(=O)O)NC(=O)C2CCCN2C(=O)C(CC(C)C)NC(=O)C(C(C)C)N	0.755	Amino acids and Peptides	Tripeptides	Carboxylic acids and derivatives	sibling:pathway_targeted_association/sirius_annotation_broad
5465	C33H44N4O7S	[M + Na]+	Suc-Trp-Pro-Asp-Phe-NH2	C1CC(N(C1)C(=O)C(CC2=CNC3=CC=CC=C32)NC(=O)CCC(=O)O)C(=O)NC(CC(=O)O)C(=O)NC(CC4=CC=CC=C4)C(=O)N	0.115	Amino acids and Peptides	Cyclic peptides	Carboxylic acids and derivatives	sibling:phenotype_metabolite_association/sirius_annotation_color_all
5508	C48H77N5O10	[M + Na]+	H-Ile-Leu-Ser-Ala-Leu-Val-Gly-Ile-Val-OH	CCC(C)C(C(=O)NC(CC(C)C)C(=O)NC(CO)C(=O)NC(C)C(=O)NC(CC(C)C)C(=O)NC(C(C)C)C(=O)NCC(=O)NC(C(C)CC)C(=O)NC(C(C)C)C(=O)O)N	0.012	Amino acids and Peptides	Cyclic peptides	Carboxylic acids and derivatives	sibling:phenotype_metabolite_association/sirius_annotation_color_all
5515	C45H73NO9	[M + H]+	[4-[3-[(Z)-5-[4-[2-(diethylamino)ethoxy]phenyl]-4,5-diphenylpent-4-enoxy]-2-hydroxypropyl]-8-ethyl-1,4,8,11-tetrazacyclotetradec-1-yl]methyl formate	CCN1CCCN(CCN(CCCNCC1)COC=O)CC(COCCCC(=C(C2=CC=CC=C2)C3=CC=C(C=C3)OCCN(CC)CC)C4=CC=CC=C4)O	0.323	Fatty acids	Phosphosphingolipids	Sphingolipids	sibling:phenotype_metabolite_association/sirius_annotation_color_all
5520	C38H78N2O10P2	[M + H]+		CCCCCCCCCCCCC=CC(C(COP(=O)(O)OCC[N+](C)(C)C)NC(=O)CCCCCCCC(C(CC=CCCCCC)O)O)O	0.495	Fatty acids	Phosphosphingolipids	Sphingolipids	sibling:phenotype_metabolite_association/sirius_annotation_color_all
5550	C30H50N4O4	[M + K]+	Butanamide, 2-[2,4-bis(1,1-dimethylpropyl)phenoxy]-N-[4-[4,5-dihydro-5-oxo-3-(1-pyrrolidinyl)-1H-pyrazol-1-yl]phenyl]-	CCC(C(=O)NC1=CC=C(C=C1)N2C(=O)CC(=N2)N3CCCC3)OC4=C(C=C(C=C4)C(C)(C)CC)C(C)(C)CC	0.043	Amino acids and Peptides	Cyclic peptides	Carboxylic acids and derivatives	sibling:phenotype_metabolite_association/sirius_annotation_color_all
5571	C13H21N3O3	[M + H]+	Acetylprolyl-alpha,beta-dehydrovaline methylamide	CC(=C(C(=O)NC)NC(=O)C1CCCN1C(=O)C)C	0.429	Amino acids and Peptides	Dipeptides	Carboxylic acids and derivatives	sibling:phenotype_metabolite_association/sirius_annotation_color_all
5595	C26H44N6O4	[M + H]+	N-[(4aS,6aR,6bS,8aR,12aS)-11-cyano-2,2,6a,6b,9,9,12a-heptamethyl-10,14-dioxo-1,3,4,5,6,7,8,8a,14a,14b-decahydropicen-4a-yl]acetamide	CC(=O)NC12CCC(CC1C3C(=O)C=C4C(C3(CC2)C)(CCC5C4(C=C(C(=O)C5(C)C)C#N)C)C)(C)C	0.022	Fatty acids	Fatty acyl carnitines	Fatty Acyls	sibling:pathway_targeted_association/sirius_annotation_broad;sibling:phenotype_metabolite_association/sirius_annotation_color_all
5622	C15H21N5O3	[M + H]+	1-(3-((2S)-5-(4-hydroxybenzyl)-3,6-dioxopiperazin-2-yl)propyl)guanidine	C1=CC(=CC=C1CC2C(=O)NC(C(=O)N2)CCCN=C(N)N)O	0.714	Amino acids and Peptides	Dipeptides	Carboxylic acids and derivatives	sibling:phenotype_metabolite_association/sirius_annotation_color_all
5625	C39H74NO8P	[M + H]+	1,2-di-(9R, 10S-methylene-hexadecanoyl)-sn-glycero-3-phosphoethanolamine	CCCCCCC1CC1CCCCCCCC(=O)OCC(COP(=O)(O)OCCN)OC(=O)CCCCCCCC2CC2CCCCCC	0.466	Fatty acids	Glycerophosphoethanolamines	Glycerophospholipids	sibling:phenotype_metabolite_association/sirius_annotation_color_all
5626	C29H45N5O8	[M + H]+	delta-Opioidreceptorpeptidetrifluoroacetatesalt	CCC(C)C(C(=O)NC(CO)C(=O)NC(CC(C)C)C(=O)O)NC(=O)C1CCCN1C(=O)C(CC2=CC=C(C=C2)O)N	0.226	Amino acids and Peptides	Tripeptides	Carboxylic acids and derivatives	sibling:phenotype_metabolite_association/sirius_annotation_color_all
5647	C20H36O7	[M + K]+							sibling:secreted_products/sirius_annotation
5703	CBr3Cl	[M + Na]+							sibling:pathway_targeted_association/sirius_annotation_broad
5726	C20H39N5O9	[M + H]+	H-DL-Gln-DL-Leu-DL-Pro-DL-His-OH	CC(C)CC(C(=O)N1CCCC1C(=O)NC(CC2=CN=CN2)C(=O)O)NC(=O)C(CCC(=O)N)N	0.286	Amino acids and Peptides	Tripeptides	Carboxylic acids and derivatives	sibling:phenotype_metabolite_association/sirius_annotation_color_all
5728	C16H30N4O5	[M + H]+	2-[[4-Amino-2-[(2-amino-4-methylpentanoyl)amino]-4-oxobutanoyl]amino]-4-methylpentanoic acid	CC(C)CC(C(=O)NC(CC(=O)N)C(=O)NC(CC(C)C)C(=O)O)N	0.347	Amino acids and Peptides	Tripeptides	Carboxylic acids and derivatives	sibling:phenotype_metabolite_association/sirius_annotation_color_all
5732	C22H33N5O7	[M + H]+	H-DL-Asn-DL-Leu-DL-Phe-DL-Ser-OH	CC(C)CC(C(=O)NC(CC1=CC=CC=C1)C(=O)NC(CO)C(=O)O)NC(=O)C(CC(=O)N)N	0.151	Amino acids and Peptides	Tripeptides	Carboxylic acids and derivatives	sibling:phenotype_metabolite_association/sirius_annotation_color_all
5756	C9H28BNO8Si5	[M + H]+	1-(3-Cyclohexa-1,5-dien-1-ylsulfinylphenyl)-3-[4-(trifluoromethyl)phenyl]urea	C1CC=C(C=C1)S(=O)C2=CC=CC(=C2)NC(=O)NC3=CC=C(C=C3)C(F)(F)F	0.09	Alkaloids	Dipeptides	Benzene and substituted derivatives	sibling:pathway_targeted_association/sirius_annotation_broad;sibling:phenotype_metabolite_association/sirius_annotation_color_all
5775	C25H37N3O10	[M + H]+	Ac-Leu-Pro-Phe-Ala-NHMe	CC(C)CC(C(=O)N1CCCC1C(=O)NC(CC2=CC=CC=C2)C(=O)NC(C)C(=O)NC)NC(=O)C	0.5	Amino acids and Peptides	Tripeptides	Carboxylic acids and derivatives	sibling:phenotype_metabolite_association/sirius_annotation_color_all
5779	C23H40O4	[M + H]+	2,3-dihydroxypropyl icosa-6,11,14-trienoate	CCCCCC=CCC=CCCCC=CCCCCC(=O)OCC(CO)O	0.114	Fatty acids	Wax monoesters	Fatty Acyls	sibling:phenotype_metabolite_association/sirius_annotation_color_all
5782	C21H30N4O7	[M + H]+	H-Asp-Leu-Tyr-Gly-al	CC(C)CC(C(=O)NC(CC1=CC=C(C=C1)O)C(=O)NCC=O)NC(=O)C(CC(=O)O)N	0.272	Amino acids and Peptides	Tripeptides	Carboxylic acids and derivatives	sibling:phenotype_metabolite_association/sirius_annotation_color_all
5784	C9H11FN2O4	[M + H]+	5-tert-Butyl-m-toluic acid	CC1=CC(=CC(=C1)C(C)(C)C)C(=O)O	0.212	Shikimates and Phenylpropanoids	Cinnamic acids and derivatives	Benzene and substituted derivatives	sibling:phenotype_metabolite_association/sirius_annotation_color_all
5818	C28H43N5O8	[M + H]+	tert-butyl N-[(2S,3S,5S)-5-benzyl-3-hydroxy-6-[[(2S)-1-(2-hydroxyethylamino)-3-methyl-1-oxobutan-2-yl]amino]-6-oxo-1-phenylhexan-2-yl]carbamate	CC(C)C(C(=O)NCCO)NC(=O)C(CC1=CC=CC=C1)CC(C(CC2=CC=CC=C2)NC(=O)OC(C)(C)C)O	0.146	Amino acids and Peptides	Tripeptides	Carboxylic acids and derivatives	sibling:phenotype_metabolite_association/sirius_annotation_color_all
5838	C27H36N8O9	[M + H]+	Ac-hPhe-Leu-Ala-LeuVSMe	CC(C)CC(C=CS(=O)(=O)C)NC(=O)C(C)NC(=O)C(CC(C)C)NC(=O)C(CCC1=CC=CC=C1)NC(=O)C	0.624	Amino acids and Peptides	Cyclic peptides	Carboxylic acids and derivatives	sibling:pathway_targeted_association/sirius_annotation_broad;sibling:phenotype_metabolite_association/sirius_annotation_color_all
5839	C34H61NO3	[M + Na]+	Aminotrihydroxybacteriohopane	CC(CCC(C(C(CN)O)O)O)C1CCC2C1CCC3(C2CCC4C3(CCC5C4(CCCC5(C)C)C)C)C	0.029	Fatty acids	N-acyl amines		sibling:pathway_targeted_association/sirius_annotation_broad;sibling:phenotype_metabolite_association/sirius_annotation_color_all
5872	C29H36FN3O5	[M + H]+	N-[6-(aminomethyl)-2-[(4,6-diamino-3-{[4-amino-3,5-dihydroxy-6-(hydroxymethyl)oxan-2-yl]oxy}-2-hydroxycyclohexyl)oxy]-4,5-dihydroxyoxan-3-yl]ethanimidic acid	CC(=O)NC1C(C(C(OC1OC2C(CC(C(C2O)OC3C(C(C(C(O3)CO)O)N)O)N)N)CN)O)O	0.042	Amino acids and Peptides	Tripeptides	Carboxylic acids and derivatives	sibling:secreted_products/sirius_annotation
5897	C22H41N7O7	[M + H]+	H-DL-Leu-DL-xiIle-DL-Asp-DL-Arg-OH	CCC(C)C(C(=O)NC(CC(=O)O)C(=O)NC(CCCN=C(N)N)C(=O)O)NC(=O)C(CC(C)C)N	0.445	Amino acids and Peptides	Tripeptides	Carboxylic acids and derivatives	sibling:pathway_targeted_association/sirius_annotation_broad;sibling:phenotype_metabolite_association/sirius_annotation_color_all
5901	C36H51N5O7	[M + H]+	tert-butyl N-[(S)-{[(1S)-1-[(1-{[(benzylcarbamoyl)methyl]carbamoyl}-1-oxopentan-2-yl)carbamoyl]-3-methylbutyl]carbamoyl}(cyclohexyl)methyl]carbamate	CCCC(C(=O)C(=O)NCC(=O)NCC1=CC=CC=C1)NC(=O)C(CC(C)C)NC(=O)C(C2CCCCC2)NC(=O)OC(C)(C)C	0.385	Amino acids and Peptides	Cyclic peptides	Carboxylic acids and derivatives	sibling:phenotype_metabolite_association/sirius_annotation_color_all
5947	C46H77N9O12	[M + Na]+	Caseicin B	CC(C)CC(C(=O)NC(CCCN=C(N)N)C(=O)O)NC(=O)C(CC(C)C)NC(=O)C(CC(=O)N)NC(=O)C(CCC(=O)O)NC(=O)C(CC(=O)N)NC(=O)C(CC(C)C)NC(=O)C(C(C)C)N	0.014	Amino acids and Peptides	Cyclic peptides	Carboxylic acids and derivatives	sibling:phenotype_metabolite_association/sirius_annotation_color_all
5954	C25H43N3O5	[M + Na]+	9-benzyl-13-hexyl-6-methyl-3-(2-methylpropyl)-1-oxa-4,7,10-triazacyclotridecane-2,5,8,11-tetrone	CCCCCCC1CC(=O)NC(C(=O)NC(C(=O)NC(C(=O)O1)CC(C)C)C)CC2=CC=CC=C2	0.229	Amino acids and Peptides	Tripeptides	Carboxylic acids and derivatives	sibling:phenotype_metabolite_association/sirius_annotation_color_all
5996	C26H46NO7P	[M + H]+	1-(9E,11E,13E,15E-octadecatetraenoyl)-sn-glycero-3-phosphocholine	CCC=CC=CC=CC=CCCCCCCCC(=O)OCC(COP(=O)(O)OCC[N+](C)(C)C)O	0.465	Fatty acids	Glycerophosphocholines	Glycerophospholipids	sibling:phenotype_metabolite_association/sirius_annotation_color_all
6037	C24H43N7O5	[M + K]+	(2S)-2-amino-3-[[(2R)-3-(9,10-ditritiooctadecanoyloxy)-2-hydroxypropoxy]-hydroxyphosphoryl]oxypropanoic acid	CCCCCCCCCCCCCCCCCC(=O)OCC(COP(=O)(O)OCC(C(=O)O)N)O	0.185	Fatty acids	Glycerophosphocholines	Glycerophospholipids	sibling:pathway_targeted_association/sirius_annotation_broad;sibling:phenotype_metabolite_association/sirius_annotation_color_all
6090	C23H34N4O5	[M + K]+	H-DL-Ala-DL-Leu-DL-Pro-DL-Phe-OH	CC(C)CC(C(=O)N1CCCC1C(=O)NC(CC2=CC=CC=C2)C(=O)O)NC(=O)C(C)N	0.393	Amino acids and Peptides	Tripeptides	Carboxylic acids and derivatives	sibling:phenotype_metabolite_association/sirius_annotation_color_all
6091	C29H48N2O9	[M + H]+	(4R)-4-[[(3S)-1-carboxy-4-oxopentan-3-yl]carbamoyl]-7-[[(2S)-5,6-dimethyl-4-oxo-2-propan-2-ylheptanoyl]amino]-8-methyl-6-oxononanoic acid	CC(C)C(C)C(=O)CC(C(C)C)C(=O)NC(C(C)C)C(=O)CC(CCC(=O)O)C(=O)NC(CCC(=O)O)C(=O)C	0.145	Amino acids and Peptides	Tripeptides	Carboxylic acids and derivatives	sibling:phenotype_metabolite_association/sirius_annotation_color_all
6102	C39H64O4	[M + H]+	1,3-dihydroxypropan-2-yl tetratriaconta-5,7,23,25-tetraenoate	CCCCCCCCC=CC=CCCCCCCCCCCCCCCC=CC=CCCCC(=O)OC(CO)CO	0.219	Fatty acids	Diacylglycerols	Fatty Acyls	sibling:phenotype_metabolite_association/sirius_annotation_color_all
6108	C23H34N6O6	[M + H]+	H-DL-Ser-DL-xiIle-DL-Leu-DL-His-OH	CCC(C)C(C(=O)NC(CC(C)C)C(=O)NC(CC1=CN=CN1)C(=O)O)NC(=O)C(CO)N	0.047	Amino acids and Peptides	Tripeptides	Carboxylic acids and derivatives	sibling:phenotype_metabolite_association/sirius_annotation_color_all
6124	C22H46NO7P	[M + Na]+	[1-Myristoyl-glycerol-3-YL]phosphonylcholine	CCCCCCCCCCCCCC(=O)OCC(COP(=O)(O)OCC[N+](C)(C)C)O	0.572	Fatty acids	Glycerophosphocholines	Glycerophospholipids	sibling:phenotype_metabolite_association/sirius_annotation_color_all
6125	C29H42N6O5	[M + H]+	Pf1070B	CCC(C)C1C(=O)N2CCCC2C(=O)NC(C(=O)NC(C(=O)N1)CC3=CC=CC=C3)CCCCCC(=O)C4CO4	0.135	Amino acids and Peptides	Tripeptides	Carboxylic acids and derivatives	sibling:phenotype_metabolite_association/sirius_annotation_color_all
6200	C33H49N7O6	[M + H]+	[(2S)-6-azaniumyl-1-[[(2S,3R)-1-[[(2S)-6-azaniumyl-1-[[(2S)-1-[[(1S)-1-carboxy-3-methylbutyl]amino]-4-methyl-1-oxopentan-2-yl]amino]-1-oxohexan-2-yl]amino]-3-hydroxy-1-oxobutan-2-yl]amino]-1-oxohexan-2-yl]azanium	CC(C)CC(C(=O)NC(CC(C)C)C(=O)O)NC(=O)C(CCCCN)NC(=O)C(C(C)O)NC(=O)C(CCCCN)N	0.345	Amino acids and Peptides	Tripeptides	Carboxylic acids and derivatives	sibling:phenotype_metabolite_association/sirius_annotation_color_all
6202	C26H37N7O6	[M + Na]+	tert-butyl N-[3-(1H-indol-3-yl)-1-oxo-1-(4-{[1-(propylcarbamoyl)ethyl]carbamoyl}piperidin-1-yl)propan-2-yl]carbamate	CCCNC(=O)C(C)NC(=O)C1CCN(CC1)C(=O)C(CC2=CNC3=CC=CC=C32)NC(=O)OC(C)(C)C	0.071	Amino acids and Peptides	Tripeptides	Carboxylic acids and derivatives	sibling:phenotype_metabolite_association/sirius_annotation_color_all
6214	C24H33FN2O5	[M + H]+	2-[({[4-({[(4-fluorophenyl)methyl]carbamoyl}methyl)-3-methyl-6-(propan-2-yl)cyclohex-2-en-1-yl]methyl}carbamoyl)methoxy]acetic acid	CC1=CC(C(CC1CC(=O)NCC2=CC=C(C=C2)F)C(C)C)CNC(=O)COCC(=O)O	0.037	Amino acids and Peptides	Tripeptides	Carboxylic acids and derivatives	sibling:phenotype_metabolite_association/sirius_annotation_color_all
6233	C30H32N6O4	[M + H]+	Tenacibactin C	CC(C)CC(=O)N(CCCCCNC(=O)CCC(=O)N(CCCCCNC(=O)CCC(=O)O)O)O	0.069	Amino acids and Peptides	Tripeptides	Carboxylic acids and derivatives	sibling:phenotype_metabolite_association/sirius_annotation_color_all
6241	C35H57NO5	[M + H]+	2-[2-[2-[2-[2-(2-Octadecoxyethoxy)ethoxy]ethoxy]ethoxy]ethoxy]ethanamine	CCCCCCCCCCCCCCCCCCOCCOCCOCCOCCOCCOCCN	0.873	Fatty acids	Monoacylglycerols	Glycerolipids	sibling:phenotype_metabolite_association/sirius_annotation_color_all
6263	C27H40ClN7O8	[M + H]+	N-[(4R,5R)-4-[(2R,4R,5R)-3-acetamido-4,5-dihydroxy-6-(hydroxymethyl)oxan-2-yl]oxy-6-[[(2R,4R,5R)-3-acetamido-4,5-dihydroxy-6-(hydroxymethyl)oxan-2-yl]oxymethyl]-5-hydroxy-2-methyloxan-3-yl]acetamide	CC1C(C(C(C(O1)COC2C(C(C(C(O2)CO)O)O)NC(=O)C)O)OC3C(C(C(C(O3)CO)O)O)NC(=O)C)NC(=O)C	0.068	Amino acids and Peptides	Tripeptides	Carboxylic acids and derivatives	sibling:pathway_targeted_association/sirius_annotation_broad;sibling:phenotype_metabolite_association/sirius_annotation_color_all
6274	C34H69NO3	[M + H]+	2-Octadecanoylaminohexadecane-1,3-diol	CCCCCCCCCCCCCCCCCC(=O)NC(CO)C(CCCCCCCCCCCCC)O	0.378	Fatty acids	Ceramides	Sphingolipids	sibling:pathway_targeted_association/sirius_annotation_broad;sibling:phenotype_metabolite_association/sirius_annotation_color_all
6317	C42H66N6O6	[M + H]+	(2S,4S)-N-(1-amino-8-cyclobutyl-1,2-dioxooct-4-en-3-yl)-1-[(2S)-2-[[(2R)-1-[benzyl(methyl)amino]-2,3,3-trimethyl-1-oxobutan-2-yl]carbamoylamino]-3,3-dimethylbutanoyl]-4-propan-2-ylpyrrolidine-2-carboxamide	CC(C)C1CC(N(C1)C(=O)C(C(C)(C)C)NC(=O)NC(C)(C(=O)N(C)CC2=CC=CC=C2)C(C)(C)C)C(=O)NC(C=CCCCC3CCC3)C(=O)C(=O)N	0.144	Amino acids and Peptides	Linear peptides	Carboxylic acids and derivatives	sibling:phenotype_metabolite_association/sirius_annotation_color_all
6352	C32H61N5O	[M + H]+							sibling:phenotype_metabolite_association/sirius_annotation_color_all
6390	C26H34N4O4	[M + Na]+	2-[[(2R)-2-[(2-amino-3-phenylpropanoyl)amino]-3-phenylpropanoyl]amino]-4-methyl-N-(2-oxoethyl)pentanamide	CC(C)CC(C(=O)NCC=O)NC(=O)C(CC1=CC=CC=C1)NC(=O)C(CC2=CC=CC=C2)N	0.144	Amino acids and Peptides	Tripeptides	Carboxylic acids and derivatives	sibling:phenotype_metabolite_association/sirius_annotation_color_all
6436	C37H60N8O13	[M + H]+	H-Glu-Pro-Gly-Glu-Pro-Ile-Ala-Ile-OH	CCC(C)C(C(=O)NC(C)C(=O)NC(C(C)CC)C(=O)O)NC(=O)C1CCCN1C(=O)C(CCC(=O)O)NC(=O)CNC(=O)C2CCCN2C(=O)C(CCC(=O)O)N	0.247	Amino acids and Peptides	Tripeptides	Carboxylic acids and derivatives	sibling:phenotype_metabolite_association/sirius_annotation_color_all
6451	C26H46O2	[M + Na]+	7-Hydroxyergosterol	CC(C)C(C)C=CC(C)C1CCC2C1(CCC3C2=C(C=C4C3(CCC(C4)O)C)O)C	0.249	Terpenoids	Prenyl quinone meroterpenoids	Prenol lipids	sibling:pathway_targeted_association/sirius_annotation_broad;sibling:phenotype_metabolite_association/sirius_annotation_color_all
6529	C16H35NO	[M + Na]+	1-Propanamine, 3-(tridecyloxy)-	CCCCCCCCCCCCCOCCCN	0.08	Fatty acids	Primary amides	Fatty Acyls	sibling:phenotype_metabolite_association/sirius_annotation_color_all
6542	C27H41N7O7	[M + H]+	H-Val-Leu-Pro-Ile-Pro-OH	CCC(C)C(C(=O)N1CCCC1C(=O)O)NC(=O)C2CCCN2C(=O)C(CC(C)C)NC(=O)C(C(C)C)N	0.923	Amino acids and Peptides	Tripeptides	Carboxylic acids and derivatives	sibling:phenotype_metabolite_association/sirius_annotation_color_all
6546	C26H46O8	[M + H]+	D-Glucitol mono(12-hydroxystearate)	CCCCCCC(CCCCCCCCCCC(=O)OCC(C(C(C(CO)O)O)O)O)O	0.531	Fatty acids	Fatty acyl glycosides of mono- and disaccharides	Fatty Acyls	sibling:secreted_products/sirius_annotation
6574	C38H68N6O11	[M + Na]+	H-D-Leu-D-Lys-D-Ala-D-Leu-D-Ala-D-Lys-D-Ala-D-Ala-al	CC(C)CC(C(=O)NC(CCCCN)C(=O)NC(C)C(=O)NC(CC(C)C)C(=O)NC(C)C(=O)NC(CCCCN)C(=O)NC(C)C(=O)NC(C)C=O)N	0.136	Amino acids and Peptides	Lipopeptides	Carboxylic acids and derivatives	sibling:pathway_targeted_association/sirius_annotation_broad;sibling:phenotype_metabolite_association/sirius_annotation_color_all
6585	C15H24N2O9	[M + H]+	S-[2-[[(2R)-3-acetylsulfanyl-2-(2-methylpropanoylamino)propanoyl]amino]ethyl] 2,2-dimethylpropanethioate	CC(C)C(=O)NC(CSC(=O)C)C(=O)NCCSC(=O)C(C)(C)C	0.034	Amino acids and Peptides	Cyclic peptides	Carboxylic acids and derivatives	sibling:pathway_targeted_association/sirius_annotation_broad
6618	C36H54N8O9	[M + H]+	2-[3-benzyl-18-(butan-2-yl)-9-(hydroxymethyl)-15-methyl-12-(2-methylpropyl)-1,4,7,10,13,16,19-heptaoxo-docosahydro-1H-pyrrolo[1,2-a]1,4,7,10,13,16,19-heptaazacyclohenicosan-6-yl]acetamide	CCC(C)C1C(=O)N2CCCC2C(=O)NC(C(=O)NC(C(=O)NC(C(=O)NC(C(=O)NC(C(=O)N1)C)CC(C)C)CO)CC(=O)N)CC3=CC=CC=C3	0.604	Amino acids and Peptides	Tripeptides	Carboxylic acids and derivatives	sibling:phenotype_metabolite_association/sirius_annotation_color_all
6658	C21H38N2O5	[M + K]+	(2S,3S)-2-[[(2S)-1-[(2S)-2-[[(2S)-2-amino-3-hydroxypropanoyl]amino]-3-methylbutanoyl]pyrrolidine-2-carbonyl]amino]-3-methylpentanoic acid	CCC(C)C(C(=O)O)NC(=O)C1CCCN1C(=O)C(C(C)C)NC(=O)C(CO)N	0.796	Amino acids and Peptides	Tripeptides	Carboxylic acids and derivatives	sibling:pathway_targeted_association/sirius_annotation_broad;sibling:phenotype_metabolite_association/sirius_annotation_color_all
6682	C28H40	[M + H]+	Ergost-3,5,7,9(11),22-pentaen	CC(C)C(C)C=CC(C)C1CCC2C1(CC=C3C2=CC=C4C3(CCC=C4)C)C	0.834	Terpenoids	Ergostane steroids	Prenol lipids	sibling:pathway_targeted_association/sirius_annotation_broad;sibling:phenotype_metabolite_association/sirius_annotation_color_all
6728	C25H36N4O6	[M + H]+	H-Gly-Asn-Leu-Val-Ser-OH	CC(C)CC(C(=O)NC(C(C)C)C(=O)NC(CO)C(=O)O)NC(=O)C(CC(=O)N)NC(=O)CN	0.68	Amino acids and Peptides	Tripeptides	Carboxylic acids and derivatives	sibling:phenotype_metabolite_association/sirius_annotation_color_all
6734	C43H66N8O10	[M + H]+	5,10,15,20-Tetramethylcytoporphyrin	CC1=C(C2=C(C3=C(C(=CO)C(=N3)C(=C4C(=C(C(=N4)C(=C5C(=C(C(=C(C1=N2)C)N5)C=C)C)C)C(CCC=C(C)CCC=C(C)CCC=C(C)C)O)C)C)CCC(=O)O)C)CCC(=O)O	0.116	Fatty acids	Lipopeptides	Benzene and substituted derivatives	sibling:phenotype_metabolite_association/sirius_annotation_color_all
6752	C33H57N7O8	[M + H]+	L-Alanine, L-valyl-L-leucyl-L-prolyl-L-alanyl-L-leucyl-L-prolyl-	CC(C)CC(C(=O)N1CCCC1C(=O)NC(C)C(=O)O)NC(=O)C(C)NC(=O)C2CCCN2C(=O)C(CC(C)C)NC(=O)C(C(C)C)N	0.969	Amino acids and Peptides	Tripeptides	Carboxylic acids and derivatives	sibling:secreted_products/sirius_annotation
6778	C19H30N4O5S	[M + H]+	2-[[4-Amino-2-[(2-amino-3-phenylpropanoyl)amino]-4-oxobutanoyl]amino]-3-phenylpropanoic acid	C1=CC=C(C=C1)CC(C(=O)NC(CC(=O)N)C(=O)NC(CC2=CC=CC=C2)C(=O)O)N	0.43	Amino acids and Peptides	Tripeptides	Carboxylic acids and derivatives	sibling:phenotype_metabolite_association/sirius_annotation_color_all
6788	C26H49NO9S	[M + Na]+	Monotrifluoroacetyl gentamicin	CC(C1CCC(C(O1)OC2C(CC(C(C2O)OC3C(C(C(CO3)(C)O)NC)O)N)N)NC(=O)C(F)(F)F)NC	0.07	Carbohydrates	Purine nucleosides	Purine nucleosides	sibling:phenotype_metabolite_association/sirius_annotation_color_all
6800	C41H77NO9	[M + H]+	Cerebroside B	CCCCCCCCCCCCCCC(C(=O)NC(COC1C(C(C(C(O1)CO)O)O)O)C(C=CCCC=C(C)CCCCCCCCC)O)O	0.223	Fatty acids	Neutral glycosphingolipids	Sphingolipids	sibling:phenotype_metabolite_association/sirius_annotation_color_all
6816	C22H29FN4O5	[M + H]+	2-[[3-(1H-indol-3-yl)-2-(pyrrolidine-2-carbonylamino)propanoyl]amino]-3-phenylpropanoic acid	C1CC(NC1)C(=O)NC(CC2=CNC3=CC=CC=C32)C(=O)NC(CC4=CC=CC=C4)C(=O)O	0.546	Amino acids and Peptides	Tripeptides	Carboxylic acids and derivatives	sibling:pathway_targeted_association/sirius_annotation_broad;sibling:phenotype_metabolite_association/sirius_annotation_color_all
6828	C16H22N4O2S	[M + H]+	N-(((2-(1H-Benzimidazol-1-yl)ethyl)amino)carbonyl)-3-phenyl-2-propenamide	C1=CC=C(C=C1)C=CC(=O)NC(=O)NCCN2C=NC3=CC=CC=C32	0.067	Amino acids and Peptides	Other indole diketopiperazine alkaloids	Carboxylic acids and derivatives	sibling:pathway_targeted_association/sirius_annotation_broad;sibling:phenotype_metabolite_association/sirius_annotation_color_all
6871	C36H50O2	[M + H]+	12'-Methoxy-11',12'-dihydro-4'-apo-beta,psi-carotene-4'-al	CC1=C(C(CCC1)(C)C)C=CC(=CC=CC(=CC=CC=C(C)C(CC=C(C)C=CC=C(C)C=O)OC)C)C	0.452	Terpenoids	Carotenoids (C40, β-β)	Prenol lipids	sibling:phenotype_metabolite_association/sirius_annotation_color_all
6891	C21H37N7O21P2	[M + H]+							sibling:pathway_targeted_association/sirius_annotation_broad
6912	C20H34O4	[M + Na]+							sibling:phenotype_metabolite_association/sirius_annotation_color_all
6919	C25H39N5O7	[M + H]+	H-DL-xiIle-DL-Asp-DL-Phe-DL-Lys-OH	CCC(C)C(C(=O)NC(CC(=O)O)C(=O)NC(CC1=CC=CC=C1)C(=O)NC(CCCCN)C(=O)O)N	0.31	Amino acids and Peptides	Tripeptides	Carboxylic acids and derivatives	sibling:pathway_targeted_association/sirius_annotation_broad;sibling:phenotype_metabolite_association/sirius_annotation_color_all
6968	C36H53N5O10	[M + H]+	(2S)-2-[[(2S)-2-[[9-[[(2S,3R)-1-[[(2S)-1-amino-1-oxo-3-phenylpropan-2-yl]amino]-3-methyl-1-oxopentan-2-yl]amino]-9-oxononanoyl]amino]-3-methylbutanoyl]amino]-3-phenylpropanoic acid	CCC(C)C(C(=O)NC(CC1=CC=CC=C1)C(=O)N)NC(=O)CCCCCCCC(=O)NC(C(C)C)C(=O)NC(CC2=CC=CC=C2)C(=O)O	0.245	Amino acids and Peptides	Anabaenopeptins	Carboxylic acids and derivatives	sibling:phenotype_metabolite_association/sirius_annotation_color_all
6973	C27H33FN4O6	[M + H]+	2-[(1-{2-[2-amino-3-(4-hydroxyphenyl)propanamido]-3-methylbutanoyl}pyrrolidin-2-yl)formamido]-4-methylpentanoic acid	CC(C)CC(C(=O)O)NC(=O)C1CCCN1C(=O)C(C(C)C)NC(=O)C(CC2=CC=C(C=C2)O)N	0.422	Amino acids and Peptides	Tripeptides	Carboxylic acids and derivatives	sibling:pathway_targeted_association/sirius_annotation_broad
6983	C31H52N4O5	[M + Na]+	9-hydroxy-2-{[4-hydroxy-3-(piperidin-4-yloxy)phenyl]methyl}-6-[(N'-methylcarbamimidamido)methyl]-6-(1-methylcyclopentyl)cyclodec-4-yn-1-yl acetate	CC(=O)OC1CC(CCC(C#CCC1CC2=CC(=C(C=C2)O)OC3CCNCC3)(CNC(=NC)N)C4(CCCC4)C)O	0.007	Amino acids and Peptides	Cyclic peptides	Carboxylic acids and derivatives	sibling:phenotype_metabolite_association/sirius_annotation_color_all
7004	C30H51N5O10	[M + H]+	(2S)-2-acetamido-N-[(6S,9S,12S)-6-benzyl-9-(2-methylpropyl)-2,5,8,11-tetraoxo-1,4,7,10-tetrazacyclohexadec-16-en-12-yl]-5-(diaminomethylideneamino)pentanamide	CC(C)CC1C(=O)NC(C(=O)NCC(=O)N=CCCCC(C(=O)N1)NC(=O)C(CCCN=C(N)N)NC(=O)C)CC2=CC=CC=C2	0.102	Amino acids and Peptides	Tripeptides	Carboxylic acids and derivatives	sibling:phenotype_metabolite_association/sirius_annotation_color_all
7008	C21H30N4O6S	[M + H]+	H-DL-Ala-DL-Leu-DL-Glu-DL-Pro-OH	CC(C)CC(C(=O)NC(CCC(=O)O)C(=O)N1CCCC1C(=O)O)NC(=O)C(C)N	0.738	Amino acids and Peptides	Tripeptides	Carboxylic acids and derivatives	sibling:pathway_targeted_association/sirius_annotation_broad;sibling:phenotype_metabolite_association/sirius_annotation_color_all
7038	C16H28N6O7	[M + H]+	(2S,3S,4R,5S,6S)-2-[(2R,3R,5R,6R)-2-hexoxy-5-hydroxy-6-(hydroxymethyl)oxan-3-yl]oxy-6-methyloxane-3,4,5-triol	CCCCCCOC1C(CC(C(O1)CO)O)OC2C(C(C(C(O2)C)O)O)O	0.143	Fatty acids	Fatty acyl glycosides of mono- and disaccharides	Fatty Acyls	sibling:secreted_products/sirius_annotation
7044	C21H35NO3	[M + H]+	3-methyl-4-(15-oxohexadecyl)-2,5-dihydro-1H-pyrrole-2,5-dione	CC1=C(C(=O)NC1=O)CCCCCCCCCCCCCCC(=O)C	0.168	Amino acids and Peptides	Aminoacids	Carboxylic acids and derivatives	sibling:phenotype_metabolite_association/sirius_annotation_color_all
7067	C32H47N7O6	[M + H]+	(2S)-N-(4-amino-1-cyclopropyl-3,4-dioxobutan-2-yl)-1-[(2S)-2-cyclohexyl-2-[(1-ethylcyclohexyl)carbamoylamino]acetyl]-3-propan-2-ylpyrrolidine-2-carboxamide	CCC1(CCCCC1)NC(=O)NC(C2CCCCC2)C(=O)N3CCC(C3C(=O)NC(CC4CC4)C(=O)C(=O)N)C(C)C	0.102	Amino acids and Peptides	Tripeptides	Carboxylic acids and derivatives	sibling:pathway_targeted_association/sirius_annotation_broad;sibling:phenotype_metabolite_association/sirius_annotation_color_all
7075	C25H47N5O7	[M + K]+	namalide e	CCC(C)C(C(=O)O)NC(=O)NC1CCCCNC(=O)C(NC(=O)C(NC1=O)C(C)C)CCC2=CC=CC=C2	0.438	Amino acids and Peptides	Cyclic peptides	Carboxylic acids and derivatives	sibling:phenotype_metabolite_association/sirius_annotation_color_all
7090	C15H24N2O9	[M + H]+	Diethyl 2-((((2-ethoxy-1-(ethoxycarbonyl)-2-oxoethyl)amino)carbonyl)amino)malonate	CCOC(=O)C(C(=O)OCC)NC(=O)NC(C(=O)OCC)C(=O)OCC	0.037	Amino acids and Peptides	Dipeptides	Carboxylic acids and derivatives	sibling:pathway_targeted_association/sirius_annotation_broad
7158	C25H43N7O13	[M + K]+	3-[2-[[2-[[2-Acetamido-3-(4-hydroxyphenyl)propanoyl]amino]-3-methylbutanoyl]amino]propanoylamino]-4-[(4-methyl-2-oxochromen-7-yl)amino]-4-oxobutanoic acid	CC1=CC(=O)OC2=C1C=CC(=C2)NC(=O)C(CC(=O)O)NC(=O)C(C)NC(=O)C(C(C)C)NC(=O)C(CC3=CC=C(C=C3)O)NC(=O)C	0.319	Amino acids and Peptides	Tripeptides	Carboxylic acids and derivatives	sibling:pathway_targeted_association/sirius_annotation_broad;sibling:phenotype_metabolite_association/sirius_annotation_color_all
7187	C37H51N5O9S	[M + Na]+	H-Ala-Ala-Met-Glu-Glu-Val-Asp-OH	CC(C)C(C(=O)NC(CC(=O)O)C(=O)O)NC(=O)C(CCC(=O)O)NC(=O)C(CCC(=O)O)NC(=O)C(CCSC)NC(=O)C(C)NC(=O)C(C)N	0.11	Amino acids and Peptides	Tripeptides	Carboxylic acids and derivatives	sibling:phenotype_metabolite_association/sirius_annotation_color_all
7194	C34H55NO2	[M + H]+	2-(1,3-Didodecoxypropan-2-yloxy)ethanamine	CCCCCCCCCCCCOCC(COCCCCCCCCCCCC)OCCN	0.208	Fatty acids	Sphingoid bases	Organooxygen compounds	sibling:phenotype_metabolite_association/sirius_annotation_color_all
7199	C22H41N7O9	[M + H]+	tert-butyl N-[6-[[(2S,3S)-1-amino-3-methyl-1-oxopentan-2-yl]amino]-5-benzyl-3-hydroxy-6-oxo-1-phenylhexan-2-yl]carbamate	CCC(C)C(C(=O)N)NC(=O)C(CC1=CC=CC=C1)CC(C(CC2=CC=CC=C2)NC(=O)OC(C)(C)C)O	0.062	Amino acids and Peptides	Anabaenopeptins	Carboxylic acids and derivatives	sibling:pathway_targeted_association/sirius_annotation_broad
7255	C32H52N8O11	[M + H]+	(E)-Pseudoxylallemycin F	CC=CCOC1=CC(=C(C=C1)CC2C(=O)N(C(C(=O)NC(C(=O)N(C(C(=O)N2)CC(C)C)C)CC3=CC=C(C=C3)OCC=C=C)CC(C)C)C)O	0.176	Amino acids and Peptides	Cyclic peptides	Carboxylic acids and derivatives	sibling:phenotype_metabolite_association/sirius_annotation_color_all
7265	C17H20	[M + H]+	1-methyl-4-[2-(4-methylphenyl)propan-2-yl]benzene	CC1=CC=C(C=C1)C(C)(C)C2=CC=C(C=C2)C	0.074	Terpenoids	Guaiane sesquiterpenoids	Prenol lipids	sibling:secreted_products/sirius_annotation
7282	C30H43N5O10	[M + Na]+	Benzyloxycarbonylalanyl-leucyl-arginine-2-naphthylamide	CC(C)CC(C(=O)NC(=O)C(CCCN=C(N)N)NC1=CC2=CC=CC=C2C=C1)NC(=O)C(C)NC(=O)OCC3=CC=CC=C3	0.328	Amino acids and Peptides	Cyclic peptides	Carboxylic acids and derivatives	sibling:pathway_targeted_association/sirius_annotation_broad;sibling:phenotype_metabolite_association/sirius_annotation_color_all
7334	C22H39N7O9	[M + H]+	[(2S,3S,5S)-5-[(3-amino-2,2-dimethyl-3-oxopropyl)carbamoyl]-1-[4-(2-chlorophenyl)-2,2-dimethyl-5-oxopiperazin-1-ium-1-yl]-3-hydroxy-6-methylheptan-2-yl]azanium	CC(C)C(CC(C(CN1CC(=O)N(CC1(C)C)C2=CC=CC=C2Cl)N)O)C(=O)NCC(C)(C)C(=O)N	0.032	Amino acids and Peptides	Tripeptides	Carboxylic acids and derivatives	sibling:phenotype_metabolite_association/sirius_annotation_color_all
7461	C60H75N5O5	[M + K]+	32'-(1-cyclopentylethyl)-27',28',29',46'-tetrahydroxy-14'-(hydroxymethyl)-17'-(methylamino)-21'-oxo-20',37'-dioxaspiro[cyclopentane-1,43'-undecacyclo[28.15.1.1¹⁸,²⁵.0²,²⁸.0⁵,²⁴.0⁵,²⁷.0¹⁰,¹⁵.0¹⁹,²³.0³⁵,⁴⁶.0³⁶,⁴⁴.0⁴⁰,⁴⁴]heptatetracontane]-10',12',14',22'-tetraen-8'-yne-1'-carbaldehyde	CC(C1CCCC1)C2CCC3C4C5(CC6(C3(C(C2)C(C7(C6CCC89C7(CC1C8C2=CC(=O)OC2C(C1)C(CC1=C(C=CC=C1CO)C#CCC9)NC)O)O)O)O)C=O)C(CCC51CCCC1)CCO4	0.063	Polyketides	Polyene macrolides		sibling:secreted_products/sirius_annotation
7464	C41H67N7O4	[M + H]+	1,10-[Methyliminobis[ethylene(1,4-piperazinediylmethylene)(4,1-phenylenemethylene)]]-1,10-diaza-4,7,13,16-tetraoxacyclooctadecane	CN1CCN2CCN(CC2)CC3=CC=C(CN4CCOCCOCCN(CCOCCOCC4)CC5=CC=C(CN6CCN(CC1)CC6)C=C5)C=C3	0.036	Amino acids and Peptides	Linear peptides	Carboxylic acids and derivatives	sibling:phenotype_metabolite_association/sirius_annotation_color_all
7468	C40H70O10	[M + H]+							sibling:phenotype_metabolite_association/sirius_annotation_color_all
7525	C26H44O8	[M + Na]+	2-{[14-hydroxy-14-(hydroxymethyl)-5,9-dimethyltetracyclo[11.2.1.0¹,¹⁰.0⁴,⁹]hexadecan-5-yl]methoxy}-6-(hydroxymethyl)oxane-3,4,5-triol	CC1(CCCC2(C1CCC34C2CCC(C3)C(C4)(CO)O)C)COC5C(C(C(C(O5)CO)O)O)O	0.02	Terpenoids	Tetracyclic diterpenoids		sibling:phenotype_metabolite_association/sirius_annotation_color_all
7545	C8H16N2O3	[M + K]+	2-[(2-amino-1-hydroxyethylidene)amino]-3-methylpentanoic acid	CCC(C)C(C(=O)O)NC(=O)CN	0.267	Amino acids and Peptides	Dipeptides	Carboxylic acids and derivatives	sibling:phenotype_metabolite_association/sirius_annotation_color_all
7572	C18H34O3	[M + H]+	3-oxohexadecyl acetate	CCCCCCCCCCCCCC(=O)CCOC(=O)C	0.298	Fatty acids	Wax monoesters	Fatty Acyls	sibling:pathway_targeted_association/sirius_annotation_broad;sibling:phenotype_metabolite_association/sirius_annotation_color_all
7630	C42H76NO10P	[M + H]+	1-(9Z,12Z-heptadecadienoyl)-2-(9Z-nonadecenoyl)-glycero-3-phosphoserine	CCCCCCCCCC=CCCCCCCCC(=O)OC(COC(=O)CCCCCCCC=CCC=CCCCC)COP(=O)(O)OCC(C(=O)O)N	0.057	Fatty acids	Glycerophosphoserines	Glycerophospholipids	sibling:phenotype_metabolite_association/sirius_annotation_color_all
7643	C9H22NO3	[M + H]+	Tremorine	C1CCN(C1)CC#CCN2CCCC2	0.221	Alkaloids	Pyridine alkaloids	Azacyclic compounds	sibling:phenotype_metabolite_association/sirius_annotation_color_all
7665	C30H51N9O10S	[M + H]+	H-bAla-Leu-D-Pro-Phe-Phe-Asp-NH2	CC(C)CC(C(=O)N1CCCC1C(=O)NC(CC2=CC=CC=C2)C(=O)NC(CC3=CC=CC=C3)C(=O)NC(CC(=O)O)C(=O)N)NC(=O)CCN	0.442	Amino acids and Peptides	Anabaenopeptins	Carboxylic acids and derivatives	sibling:phenotype_metabolite_association/sirius_annotation_color_all
7683	C13H28N6O4	[M + H]+	N-[3-hydroxy-1-[(3-methyl-1-phenylbutyl)amino]-1-oxobutan-2-yl]cyclopropanecarboxamide	CC(C)CC(C1=CC=CC=C1)NC(=O)C(C(C)O)NC(=O)C2CC2	0.114	Amino acids and Peptides	Tripeptides	Carboxylic acids and derivatives	sibling:phenotype_metabolite_association/sirius_annotation_color_all
7701	C46H87NO7	[M + K]+	Asperiamide C	CCCCCCCCCCCCCC(=CCCC=CC(C(COC1C(C(C(C(O1)CO)O)O)O)NC(=O)C(C=CCCCCCCCCCCCC)O)O)C	0.053	Fatty acids	Neutral glycosphingolipids	Fatty Acyls	sibling:phenotype_metabolite_association/sirius_annotation_color_all
7727	C20H42N4O7	[M + H]+	1-(1Z-eicosenyl)-glycero-3-phosphate	CCCCCCCCCCCCCCCCCCC=COCC(COP(=O)(O)O)O	0.097	Fatty acids	Glycerophosphates	Glycerolipids	sibling:pathway_targeted_association/sirius_annotation_broad
7737	C22H33N5O7	[M + K]+	1-[(4-methoxyphenyl)methyl]-4-(2-{[4-(pyridin-2-yl)piperazin-1-yl]methyl}-1,3-thiazol-4-yl)piperidin-4-ol	COC1=CC=C(C=C1)CN2CCC(CC2)(C3=CSC(=N3)CN4CCN(CC4)C5=CC=CC=N5)O	0.021	Amino acids and Peptides	Pyrroloindole alkaloids	Carboxylic acids and derivatives	sibling:pathway_targeted_association/sirius_annotation_broad
7759	C5H7As4N3O6	[M + H]+							sibling:pathway_targeted_association/sirius_annotation_broad;sibling:phenotype_metabolite_association/sirius_annotation_color_all
7761	C31H52N4O10	[M + K]+	H-Asn-Cys-Cys-Lys-Val-Leu-OH	CC(C)CC(C(=O)O)NC(=O)C(C(C)C)NC(=O)C(CCCCN)NC(=O)C(CS)NC(=O)C(CS)NC(=O)C(CC(=O)N)N	0.927	Amino acids and Peptides	Cyclic peptides	Carboxylic acids and derivatives	sibling:pathway_targeted_association/sirius_annotation_broad;sibling:phenotype_metabolite_association/sirius_annotation_color_all
7801	C20H40N6O8	[M + Na]+	(2S)-6-[[2-[2-[2-[[2-[2-(2-acetamidoethoxy)ethoxy]acetyl]amino]ethoxy]ethoxy]acetyl]amino]-2-hydrazinylhexanamide	CC(=O)NCCOCCOCC(=O)NCCOCCOCC(=O)NCCCCC(C(=O)N)NN	0.316	Amino acids and Peptides	N-acyl amines	Carboxylic acids and derivatives	sibling:secreted_products/sirius_annotation
7851	C11H13ClN4O3	[M + H]+	Benzeneacetic acid, 2-(((2-chloroethyl)nitrosoamino)carbonyl)hydrazide	C1=CC=C(C=C1)CC(=O)NNC(=O)N(CCCl)N=O	0.028	Amino acids and Peptides	Imidazole alkaloids	Carboxylic acids and derivatives	sibling:pathway_targeted_association/sirius_annotation_broad
7961	C20H43NO3	[M + H]+	2-aminoicosane-1,3,4-triol	CCCCCCCCCCCCCCCCC(C(C(CO)N)O)O	0.455	Fatty acids	Sphingoid bases	Organonitrogen compounds	sibling:phenotype_metabolite_association/sirius_annotation_color_all
8005	C25H36O11	[M + H]+	[6-[[5,7-dihydroxy-2-(4-hydroxycyclohexyl)-3,4,4a,5,6,7,8,8a-octahydro-2H-chromen-1-ium-3-yl]oxy]-3,4,5-trihydroxyoxan-2-yl]methyl acetate	CC(=O)OCC1C(C(C(C(O1)OC2CC3C(CC(CC3OC2C4CCC(CC4)O)O)O)O)O)O	0.358	Terpenoids	Labdane diterpenoids		sibling:phenotype_metabolite_association/sirius_annotation_color_all
8012	C33H44N4O7S	[M + Na]+	methyl 6-{5-[(4-ethenyl-3-methyl-5-oxo-2,5-dihydro-1H-pyrrol-2-ylidene)methyl]-3-(3-methoxy-3-oxopropyl)-4-methyl-3,4-dihydro-2H-pyrrol-2-ylidene}-2-[(3-ethyl-5-formyl-4-methyl-1H-pyrrol-2-yl)methyl]-3-methyl-4-oxo-1H,4H,5H,6H-cyclopenta[b]pyrrole-5-carboxylate	CCC1=C(NC(=C1C)C=O)CC2=C(C3=C(N2)C(=C4C(C(C(=N4)C=C5C(=C(C(=O)N5)C=C)C)C)CCC(=O)OC)C(C3=O)C(=O)OC)C	0.023	Amino acids and Peptides	Cyclic peptides	Carboxylic acids and derivatives	sibling:phenotype_metabolite_association/sirius_annotation_color_all
8025	C10H24N4O5Se3	[M + Na]+							sibling:secreted_products/sirius_annotation
8034	C20H28N6O8	[M + H]+	H-Phe(4-NO2)-Glu-Ala-Ala-NH2	CC(C(=O)N)NC(=O)C(C)NC(=O)C(CCC(=O)O)NC(=O)C(CC1=CC=C(C=C1)[N+](=O)[O-])N	0.384	Amino acids and Peptides	Tripeptides	Carboxylic acids and derivatives	sibling:phenotype_metabolite_association/sirius_annotation_color_all
8056	C18H36N10O5	[M + H]+	H-DL-Arg-DL-Arg-DL-Ala-DL-Ala-OH	CC(C(=O)NC(C)C(=O)O)NC(=O)C(CCCN=C(N)N)NC(=O)C(CCCN=C(N)N)N	0.231	Amino acids and Peptides	Tripeptides	Carboxylic acids and derivatives	sibling:phenotype_metabolite_association/sirius_annotation_color_all
8061	C35H39N3O6	[M + H]+	tert-butyl N-[(2S,3R,4R)-3-hydroxy-5-[[(2R)-2-hydroxy-2,3-dihydro-1H-inden-1-yl]amino]-4-[(4-methoxyphenyl)methylamino]-5-oxo-1-phenylpentan-2-yl]carbamate	CC(C)(C)OC(=O)NC(CC1=CC=CC=C1)C(C(C(=O)NC2C(CC3=CC=CC=C23)O)NCC4=CC=C(C=C4)OC)O	0.062	Amino acids and Peptides	Depsipeptides	Carboxylic acids and derivatives	sibling:phenotype_metabolite_association/sirius_annotation_color_all
8098	C29H44N6O8	[M + H]+	Pro-Glu-Leu-Pro-Lys	CC(C)CC(C(=O)N1CCCC1C(=O)NC(CCCCN)C(=O)O)NC(=O)C(CCC(=O)O)NC(=O)C2CCCN2	0.719	Amino acids and Peptides	Tripeptides	Carboxylic acids and derivatives	sibling:phenotype_metabolite_association/sirius_annotation_color_all
8104	C39H46N6O8	[M + H]+	H-Ser-Ser-Cys-Pro-Leu-Ser-Lys-al	CC(C)CC(C(=O)NC(CO)C(=O)NC(CCCCN)C=O)NC(=O)C1CCCN1C(=O)C(CS)NC(=O)C(CO)NC(=O)C(CO)N	0.764	Amino acids and Peptides	Tripeptides	Carboxylic acids and derivatives	sibling:phenotype_metabolite_association/sirius_annotation_color_all
8107	C27H38O21	[M + Na]+	4-[5-[3,4-Dihydroxy-6-(hydroxymethyl)-5-[3,4,5-trihydroxy-6-(hydroxymethyl)oxan-2-yl]oxyoxan-2-yl]oxy-3,4-dihydroxy-6-(hydroxymethyl)oxan-2-yl]oxy-2,3,5,6-tetrahydroxyhexanoic acid	C(C1C(C(C(C(O1)OC2C(OC(C(C2O)O)OC3C(OC(C(C3O)O)OC(C(CO)O)C(C(C(=O)O)O)O)CO)CO)O)O)O)O	0.07	Shikimates and Phenylpropanoids	Flavonols	Organooxygen compounds	sibling:phenotype_metabolite_association/sirius_annotation_color_all
8116	C27H38N4O7	[M + H]+	(1R,3R,4R,6R,7R,8R,12R,13S,14S,15R)-6-dodecoxy-4-(hydroxymethyl)-2,5,9,10,16-pentaoxatricyclo[10.3.1.03,8]hexadecane-7,13,14,15-tetrol	CCCCCCCCCCCCOC1C(C2C(C(O1)CO)OC3C(C(C(C(O3)COO2)O)O)O)O	0.052	Fatty acids	Fatty acyl glycosides of mono- and disaccharides	Fatty Acyls	sibling:secreted_products/sirius_annotation
8119	C8H9Br4NO2	[M + H]+							sibling:secreted_products/sirius_annotation
8139	C28H44O4	[M + Na]+							sibling:phenotype_metabolite_association/sirius_annotation_color_all
8188	C17H18N2O	[M + H]+	Acetamide, 2-((10,11-dihydro-5H-dibenzo(a,d)cyclohepten-5-yl)amino)-	C1CC2=CC=CC=C2C(C3=CC=CC=C31)NCC(=O)N	0.182	Amino acids and Peptides	Dipeptides	Carboxylic acids and derivatives	sibling:phenotype_metabolite_association/sirius_annotation_color_all
8245	C39H72NO8P	[M + H]+	[(2R)-1-[2-aminoethoxy(hydroxy)phosphoryl]oxy-3-[(9E,12E)-heptadeca-9,12-dienoyl]oxypropan-2-yl] (E)-heptadec-9-enoate	CCCCCCCC=CCCCCCCCC(=O)OC(COC(=O)CCCCCCCC=CCC=CCCCC)COP(=O)(O)OCCN	0.148	Fatty acids	Glycerophosphoethanolamines	Glycerophospholipids	sibling:phenotype_metabolite_association/sirius_annotation_color_all
8252	C35H52N8O8	[M + K]+	2-{2-[2-(2-{2-[2-Amino-3-(4-hydroxy-phenyl)-propionylamino]-3-hydroxy-butyrylamino}-acetylamino)-3-phenyl-propionylamino]-4-methyl-pentanoylamino}-4-methyl-pentanoic acid	CC(C)CC(C(=O)NC(CC(C)C)C(=O)O)NC(=O)C(CC1=CC=CC=C1)NC(=O)CNC(=O)C(C(C)O)NC(=O)C(CC2=CC=C(C=C2)O)N	0.214	Amino acids and Peptides	Tripeptides	Carboxylic acids and derivatives	sibling:pathway_targeted_association/sirius_annotation_broad
8264	C14H8O2	[M + H]+	Anthraquinone	C1=CC=C2C(=C1)C(=O)C3=CC=CC=C3C2=O	0.887	Polyketides	Anthraquinones and anthrones	Anthracenes	sibling:phenotype_metabolite_association/sirius_annotation_color_all
8279	C30H51N5O10	[M + H]+	(2S)-2-acetamido-N-[(6S,9S,12S)-6-benzyl-9-(2-methylpropyl)-2,5,8,11-tetraoxo-1,4,7,10-tetrazacyclohexadec-16-en-12-yl]-5-(diaminomethylideneamino)pentanamide	CC(C)CC1C(=O)NC(C(=O)NCC(=O)N=CCCCC(C(=O)N1)NC(=O)C(CCCN=C(N)N)NC(=O)C)CC2=CC=CC=C2	0.102	Amino acids and Peptides	Tripeptides	Carboxylic acids and derivatives	sibling:phenotype_metabolite_association/sirius_annotation_color_all
8290	C46H65N3O3	[M + H]+	18'-amino-19'-(hydroxymethyl)-24'-methyl-24'-(3-{4-[1-(methylamino)propan-2-yl]-1H-pyrrol-2-yl}cyclohexyl)-25'-oxaspiro[cyclopentane-1,4'-hexacyclo[20.3.1.1²,⁶.0¹,¹⁷.0⁸,¹³.0¹⁸,²³]heptacosane]-8',10',12'-trien-15'-yn-11'-ol	CC(CNC)C1=CNC(=C1)C2CCCC(C2)C3(C4C5CCC(C4(C6C#CCC7=C(CC8CC(C6(C5)O3)CC9(C8)CCCC9)C=CC(=C7)O)N)CO)C	0.035	Alkaloids	Polyamines	Benzene and substituted derivatives	sibling:phenotype_metabolite_association/sirius_annotation_color_all
8292	C26H43N5O7	[M + H]+	2-acetamido-3-hydroxy-N-{1-[(1-hydroxy-2-oxopentadecyl)carbamoyl]-2-methylpropyl}butanamide	CCCCCCCCCCCCCC(=O)C(NC(=O)C(C(C)C)NC(=O)C(C(C)O)NC(=O)C)O	0.155	Amino acids and Peptides	Tripeptides	Carboxylic acids and derivatives	sibling:pathway_targeted_association/sirius_annotation_broad;sibling:phenotype_metabolite_association/sirius_annotation_color_all
8322	C21H37N5O9	[M + H]+	2-[(4,6-diamino-3-{[3-amino-6-(aminomethyl)-5-hydroxyoxan-2-yl]oxy}-2-hydroxycyclohexyl)oxy]-6-(hydroxymethyl)-4-(methylamino)oxane-3,5-diol	CNC1C(C(OC(C1O)OC2C(CC(C(C2O)OC3C(CC(C(O3)CN)O)N)N)N)CO)O	0.073	Amino acids and Peptides	Polyamines	Carboxylic acids and derivatives	sibling:secreted_products/sirius_annotation
8366	C20H43NO2	[M + H]+	Bis(2-hydroxyethyl)hexadecylammonium	CCCCCCCCCCCCCCCCN(CCO)CCO	0.441	Fatty acids	Sphingoid bases	Organonitrogen compounds	sibling:phenotype_metabolite_association/sirius_annotation_color_all
8373	C19H35FN4O7	[M + H]+	Aspergillide F	CC(C)C(C(=O)NC(C(C)C)C(=O)O)NC(=O)C(C)NC(=O)C(CC1=CC=C(C=C1)O)N	0.2	Amino acids and Peptides	Tripeptides	Carboxylic acids and derivatives	sibling:phenotype_metabolite_association/sirius_annotation_color_all
8378	C17H22	[M + H]+	2-[(4E)-2-methyl-4-[(Z)-prop-1-enyl]hepta-1,4,6-trien-3-yl]cyclohexa-1,3-diene	CC=CC(=CC=C)C(C1=CCCC=C1)C(=C)C	0.062	Terpenoids	Caryophyllane sesquiterpenoids	Prenol lipids	sibling:phenotype_metabolite_association/sirius_annotation_color_all
8391	C14H22O	[M + H]+	1-[4-(4-methylpent-3-en-1-yl)cyclohex-3-en-1-yl]ethan-1-one	CC(=CCCC1=CCC(CC1)C(=O)C)C	0.167	Terpenoids	Humulane sesquiterpenoids	Prenol lipids	sibling:secreted_products/sirius_annotation
8401	C28H51N3O2	[M + Na]+	C18-PEG4-Amine	CCCCCCCCCCCCCCCCCCOCCOCCOCCOCCN	0.453	Fatty acids	Sphingoid bases	Organooxygen compounds	sibling:pathway_targeted_association/sirius_annotation_broad
8403	C16H21N3O4	[M + H]+	Pro-Phe-Gly	C1CC(NC1)C(=O)NC(CC2=CC=CC=C2)C(=O)NCC(=O)O	0.668	Amino acids and Peptides	Tripeptides	Carboxylic acids and derivatives	sibling:phenotype_metabolite_association/sirius_annotation_color_all
8404	C20H35NO10	[M + H]+	(5S)-4-[hydroxy-(4-prop-2-enoxyphenyl)methylidene]-1-(3-methoxypropyl)-5-(4-propan-2-ylphenyl)pyrrolidine-2,3-dione	CC(C)C1=CC=C(C=C1)C2C(=C(C3=CC=C(C=C3)OCC=C)O)C(=O)C(=O)N2CCCOC	0.022	Alkaloids	Isoquinoline alkaloids	Benzene and substituted derivatives	sibling:pathway_targeted_association/sirius_annotation_broad
8461	C16H26N4O6	[M + H]+	Threonylthreonyllysine	CC(C(C(=O)NC(C(C)O)C(=O)NC(CCCCN)C(=O)O)N)O	0.668	Amino acids and Peptides	Tripeptides	Carboxylic acids and derivatives	sibling:phenotype_metabolite_association/sirius_annotation_color_all
8466	C14H21N3O7	[M + H]+	2-[[2-[(2-Amino-3-hydroxybutanoyl)amino]-3-hydroxybutanoyl]amino]-3-hydroxybutanoic acid	CC(C(C(=O)NC(C(C)O)C(=O)NC(C(C)O)C(=O)O)N)O	0.564	Amino acids and Peptides	Tripeptides	Carboxylic acids and derivatives	sibling:phenotype_metabolite_association/sirius_annotation_color_all
8487	C68H136N4O4	[M + H]+							sibling:phenotype_metabolite_association/sirius_annotation_color_all
8586	C18H30O2	[M + H]+	11-methylpentadecanoic acid	CCCCC(C)CCCCCCCCCC(=O)O	0.267	Fatty acids	Branched fatty acids	Fatty Acyls	sibling:phenotype_metabolite_association/sirius_annotation_color_all
8674	C16H26N4O6	[M + H]+	Threonylthreonyllysine	CC(C(C(=O)NC(C(C)O)C(=O)NC(CCCCN)C(=O)O)N)O	0.668	Amino acids and Peptides	Tripeptides	Carboxylic acids and derivatives	sibling:phenotype_metabolite_association/sirius_annotation_color_all
8685	C24H35N5O10	[M + H]+	H-Ala-Ile-Glu-Thr-Asp-al	CCC(C)C(C(=O)NC(CCC(=O)O)C(=O)NC(C(C)O)C(=O)NC(CC(=O)O)C=O)NC(=O)C(C)N	0.679	Amino acids and Peptides	Linear peptides	Carboxylic acids and derivatives	sibling:secreted_products/sirius_annotation
8755	C17H22O2	[M + H]+	4-hydroxy-3,5-bis(3-methylbut-2-en-1-yl)benzaldehyde	CC(=CCC1=CC(=CC(=C1O)CC=C(C)C)C=O)C	0.382	Terpenoids	Chalcones	Benzene and substituted derivatives	sibling:pathway_targeted_association/sirius_annotation_broad;sibling:phenotype_metabolite_association/sirius_annotation_color_all
8758	C20H32N4O8	[M + H]+	Cyclo-(L-Val-L-Glu-L-Val-L-Glu)	CC(C)C1C(=O)NC(C(=O)NC(C(=O)NC(C(=O)N1)CCC(=O)O)C(C)C)CCC(=O)O	0.514	Amino acids and Peptides	Tripeptides	Carboxylic acids and derivatives	sibling:phenotype_metabolite_association/sirius_annotation_color_all
8775	C5H11O9P3S	[M + Na]+							sibling:phenotype_metabolite_association/sirius_annotation_color_all
8777	C21H27N5O4	[M + H]+							sibling:phenotype_metabolite_association/sirius_annotation_color_all
8794	C36H70NO7P	[M + H]+	2-[2-[2-[2-[2-[2-[2-(2-Octadecoxyethoxy)ethoxy]ethoxy]ethoxy]ethoxy]ethoxy]ethoxy]ethanamine	CCCCCCCCCCCCCCCCCCOCCOCCOCCOCCOCCOCCOCCOCCN	0.048	Fatty acids	Sphingoid bases	Fatty Acyls	sibling:pathway_targeted_association/sirius_annotation_broad
8907	C25H30N8O4	[M + H]+	(2R)-2-amino-N-[(2S)-1-[[(2R,3S)-6-(diaminomethylideneamino)-2-hydroxyhexan-3-yl]amino]-1-oxo-3-phenylpropan-2-yl]-3-phenylpropanamide	CC(C(CCCN=C(N)N)NC(=O)C(CC1=CC=CC=C1)NC(=O)C(CC2=CC=CC=C2)N)O	0.769	Amino acids and Peptides	Tripeptides	Carboxylic acids and derivatives	sibling:pathway_targeted_association/sirius_annotation_broad
8956	C30H44N4O5	[M + H]+	Luminmycin D	CC1C=CC(=O)NCCCCC(C(=O)N1)NC(=O)C(C(C)O)NC(=O)C=CC=CCCCCCC(C)C	0.164	Amino acids and Peptides	Cyclic peptides	Carboxylic acids and derivatives	sibling:phenotype_metabolite_association/sirius_annotation_color_all
9053	C15H20N2O2	[M + H]+	Cyclo(Phe-Leu)	CC(C)CC1C(=O)NC(C(=O)N1)CC2=CC=CC=C2	0.992	Amino acids and Peptides	Dipeptides	Carboxylic acids and derivatives	sibling:pathway_targeted_association/sirius_annotation_broad
9074	C41H68O10	[M + H]+	[(2R)-2-[(6E,9E,12E)-octadeca-6,9,12-trienoyl]oxy-3-phosphonooxypropyl] octadecanoate	CCCCCCCCCCCCCCCCCC(=O)OCC(COP(=O)(O)O)OC(=O)CCCCC=CCC=CCC=CCCCCC	0.248	Fatty acids	Glycerophosphates	Glycerophospholipids	sibling:phenotype_metabolite_association/sirius_annotation_color_all
9080	C48H86O19	[M + H]+							sibling:phenotype_metabolite_association/sirius_annotation_color_all
9114	C28H43N5O9	[M + H]+	Thr-Ile-Asp-Val-Phe	CCC(C)C(C(=O)NC(CC(=O)O)C(=O)NC(C(C)C)C(=O)NC(CC1=CC=CC=C1)C(=O)O)NC(=O)C(C(C)O)N	0.887	Amino acids and Peptides	Tripeptides	Carboxylic acids and derivatives	sibling:pathway_targeted_association/sirius_annotation_broad
9125	C38H54O3	[M + H]+							sibling:pathway_targeted_association/sirius_annotation_broad
9148	C23H40N2O2	[M + H]+	tert-butyl N-[2-cyclopentyl-2-(2,6-dimethylheptan-4-ylamino)ethyl]carbamate	CC(C)CC(CC(C)C)NC(CNC(=O)OC(C)(C)C)C1CCCC1	0.107	Fatty acids	N-acyl amines		sibling:phenotype_metabolite_association/sirius_annotation_color_all
9153	C19H40N2O	[M + H]+	N-[3-[bis(trideuteriomethyl)amino]propyl]tetradecanamide	CCCCCCCCCCCCCC(=O)NCCCN(C)C	0.625	Fatty acids	N-acyl amines	Carboxylic acids and derivatives	sibling:phenotype_metabolite_association/sirius_annotation_color_all
9215	C29H50O9	[M + K]+	13-O-(2-nonanoyloxyethyl) 1-O-(2-propanoyloxyethyl) 6-oxotridecanedioate	CCCCCCCCC(=O)OCCOC(=O)CCCCCCC(=O)CCCCC(=O)OCCOC(=O)CC	0.064	Fatty acids	Wax monoesters	Glycerolipids	sibling:phenotype_metabolite_association/sirius_annotation_color_all
9237	C45H87N5O11	[M + H]+	Tris(1-cyclohexyloxy-2,2,6,6-tetramethylpiperidin-4-yl) ethane-1,1,2-tricarboxylate	CC1(CC(CC(N1OC2CCCCC2)(C)C)OC(=O)CC(C(=O)OC3CC(N(C(C3)(C)C)OC4CCCCC4)(C)C)C(=O)OC5CC(N(C(C5)(C)C)OC6CCCCC6)(C)C)C	0.017	Amino acids and Peptides	Depsipeptides	Carboxylic acids and derivatives	sibling:phenotype_metabolite_association/sirius_annotation_color_all
9284	C18H18O5	[M + Na]+							sibling:phenotype_metabolite_association/sirius_annotation_color_all
9290	C16H32N2O3S	[M + H]+	tert-butyl N-[1-(tert-butylamino)-1-oxo-7-sulfanylheptan-2-yl]carbamate	CC(C)(C)NC(=O)C(CCCCCS)NC(=O)OC(C)(C)C	0.308	Amino acids and Peptides	Tripeptides	Carboxylic acids and derivatives	sibling:phenotype_metabolite_association/sirius_annotation_color_all
9317	C9H17NO4	[M + H]+	Isopentenyladenine	CC(=CCNC1=NC=NC2=C1NC=N2)C	0.844	Alkaloids	Purine alkaloids	Imidazopyrimidines	sibling:secreted_products/sirius_annotation
9412	C16H26	[M + H]+	(E,E)-4,8,12-Trimethyl-1,3,7,11-Tridecatetraene	CC(=CCCC(=CCCC(=CC=C)C)C)C	0.065	Terpenoids	Hydrocarbons		sibling:pathway_targeted_association/sirius_annotation_broad;sibling:phenotype_metabolite_association/sirius_annotation_color_all
9417	C45H76N6O9	[M + K]+	Methyl 2-O,3-O,4-O,6-O-tetrakis[2-[2-(tetrahydro-2H-pyran-2-yloxy)ethoxy]ethyl]-alpha-D-glucopyranoside	COC1C(C(C(C(O1)COCCOCCOC2CCCCO2)OCCOCCOC3CCCCO3)OCCOCCOC4CCCCO4)OCCOCCOC5CCCCO5	0.262	Terpenoids	Farnesane sesquiterpenoids	Fatty Acyls	sibling:pathway_targeted_association/sirius_annotation_broad;sibling:phenotype_metabolite_association/sirius_annotation_color_all
9431	C32H46O3	[M + K]+	Acrylic acid 2,4-di-tert-butyl-6-(2-hydroxy-3,5-di-tert-butylbenzyl)phenyl ester	CC(C)(C)C1=CC(=C(C(=C1)C(C)(C)C)O)CC2=C(C(=CC(=C2)C(C)(C)C)C(C)(C)C)OC(=O)C=C	0.562	Terpenoids	Chalcones	Benzene and substituted derivatives	sibling:phenotype_metabolite_association/sirius_annotation_color_all
9447	C20H25N5O4	[M + H]+	1-[2-[(2-amino-3-phenylpropanoyl)amino]-3-(1H-imidazol-5-yl)propanoyl]pyrrolidine-2-carboxylic acid	C1CC(N(C1)C(=O)C(CC2=CN=CN2)NC(=O)C(CC3=CC=CC=C3)N)C(=O)O	0.727	Amino acids and Peptides	Tripeptides	Carboxylic acids and derivatives	sibling:phenotype_metabolite_association/sirius_annotation_color_all
9542	C32H43N5O6	[M + Na]+	Leu-Ala-Phe-Phe-Pro	CC(C)CC(C(=O)NC(C)C(=O)NC(CC1=CC=CC=C1)C(=O)NC(CC2=CC=CC=C2)C(=O)N3CCCC3C(=O)O)N	0.896	Amino acids and Peptides	Tripeptides	Carboxylic acids and derivatives	sibling:phenotype_metabolite_association/sirius_annotation_color_all
9559	C25H40N4O7S	[M + H]+	Boc-Gly-Gly-Phe-Phe-OMe	CC(C)(C)OC(=O)NCC(=O)NCC(=O)NC(CC1=CC=CC=C1)C(=O)NC(CC2=CC=CC=C2)C(=O)OC	0.532	Amino acids and Peptides	Tripeptides	Carboxylic acids and derivatives	sibling:phenotype_metabolite_association/sirius_annotation_color_all
9590	C20H29N5O5	[M + H]+	2-[[6-amino-2-[(2-amino-3-hydroxypropanoyl)amino]hexanoyl]amino]-3-(1H-indol-3-yl)propanoic acid	C1=CC=C2C(=C1)C(=CN2)CC(C(=O)O)NC(=O)C(CCCCN)NC(=O)C(CO)N	0.159	Amino acids and Peptides	Tripeptides	Carboxylic acids and derivatives	sibling:pathway_targeted_association/sirius_annotation_broad
9624	C12H19FN2O	[M + H]+	(Z)-2-amino-N-[2-[[(Z)-2-aminobut-2-enoyl]amino]ethyl]but-2-enamide	CC=C(C(=O)NCCNC(=O)C(=CC)N)N	0.125	Amino acids and Peptides	Aminoacids	Carboxylic acids and derivatives	sibling:phenotype_metabolite_association/sirius_annotation_color_all
9752	C29H44N8O4	[M + H]+		CC1=CC=CCCC(C(C=CC(CCCC=CC(=O)OC(C1)C(C)C=C(C)C=CNC(=O)C=C(C)C)O)O)C(=O)N	0.026	Amino acids and Peptides	Cyclic peptides	Carboxylic acids and derivatives	sibling:phenotype_metabolite_association/sirius_annotation_color_all
9805	C13H26N2O7S	[M + H]+	N-(benzylideneamino)-3-(1,3-dimethyl-2,6-dioxopurin-7-yl)propanamide	CN1C2=C(C(=O)N(C1=O)C)N(C=N2)CCC(=O)NN=CC3=CC=CC=C3	0.048	Amino acids and Peptides	Dipeptides	Carboxylic acids and derivatives	sibling:secreted_products/sirius_annotation
9812	C25H48N2O4	[M + H]+	8a-(hydroxymethyl)-4,4,6a,6b,12,14b-hexamethyl-11-methylidene-1,2,3,4,4a,5,6,6a,6b,7,8,8a,9,10,11,12,12a,14,14a,14b-icosahydropicen-3-ol	CC1C2C3=CCC4C5(CCC(C(C5CCC4(C3(CCC2(CCC1=C)CO)C)C)(C)C)O)C	0.485	Terpenoids	Oleanane triterpenoids	Prenol lipids	sibling:pathway_targeted_association/sirius_annotation_broad
9829	C6H8Cl2NO2	[M + K]+	(Z)-1-(5-bromo-1,3-thiazol-2-yl)-N-methoxyethanimine	CC(=NOC)C1=NC=C(S1)Br	0.114	Amino acids and Peptides	Imidazole alkaloids	Azoles	sibling:phenotype_metabolite_association/sirius_annotation_color_all
9852	C28H44O3	[M + H]+	Peroxyergosterol	CC(C)C(C)C=CC(C)C1CCC2C1(CCC3C24C=CC5(C3(CCC(C5)O)C)OO4)C	0.694	Terpenoids	Ergostane steroids	Steroids and steroid derivatives	sibling:pathway_targeted_association/sirius_annotation_broad
9853	C30H51N9O11	[M + K]+	H-Ala-Gly-Pro-Leu-Ser-Cys-Gly-Ala-Ala-al	CC(C)CC(C(=O)NC(CO)C(=O)NC(CS)C(=O)NCC(=O)NC(C)C(=O)NC(C)C=O)NC(=O)C1CCCN1C(=O)CNC(=O)C(C)N	0.142	Amino acids and Peptides	Cyclic peptides	Carboxylic acids and derivatives	sibling:phenotype_metabolite_association/sirius_annotation_color_all
9880	C8H12N2O2	[M + H]+	3-methyl-octahydropyrrolo[1,2-a]pyrazine-1,4-dione	CC1C(=O)N2CCCC2C(=O)N1	0.717	Amino acids and Peptides	Dipeptides	Carboxylic acids and derivatives	sibling:phenotype_metabolite_association/sirius_annotation_color_all
9962	C34H38N6O5	[M + Na]+	2-({1-[2-amino-3-(4-hydroxyphenyl)propanoyl]pyrrolidin-2-yl}formamido)-N-(1-carbamoyl-2-phenylethyl)-3-(1H-indol-3-yl)propanamide	C1CC(N(C1)C(=O)C(CC2=CC=C(C=C2)O)N)C(=O)NC(CC3=CNC4=CC=CC=C43)C(=O)NC(CC5=CC=CC=C5)C(=O)N	0.565	Amino acids and Peptides	Cyclic peptides	Carboxylic acids and derivatives	sibling:phenotype_metabolite_association/sirius_annotation_color_all
9974	C11H24N2O6	[M + H]+	2-(Hydroxymethyl)-2-[3-[[4-(hydroxymethyl)dioxolan-4-yl]amino]propylamino]propane-1,3-diol	C1C(COO1)(CO)NCCCNC(CO)(CO)CO	0.026	Amino acids and Peptides	Dipeptides	Carboxylic acids and derivatives	sibling:secreted_products/sirius_annotation
9986	C19H24	[M + H]+		C=CC=CCCCC#CC#CCCCCCCC#C	0.025	Terpenoids	Pimarane and Isopimarane diterpenoids	Prenol lipids	sibling:pathway_targeted_association/sirius_annotation_broad;sibling:phenotype_metabolite_association/sirius_annotation_color_all
10003	C11H11NO3	[M + H]+	Indolelactate	C1=CC=C2C(=C1)C(=CN2)CC(C(=O)O)O	0.926	Alkaloids	Simple indole alkaloids	Indoles and derivatives	sibling:pathway_targeted_association/sirius_annotation_broad
10034	C40H50N6O9	[M + H]+	H-Gly(Unk)-Cit-Leu-Ile-Phe(4-F)-NH2	CCC(C)C(C(=O)NC(CC1=CC=C(C=C1)F)C(=O)N)NC(=O)C(CC(C)C)NC(=O)C(CCCNC(=O)N)NC(=O)C(C=CCNC(=O)N)N	0.13	Amino acids and Peptides	Tripeptides	Carboxylic acids and derivatives	sibling:pathway_targeted_association/sirius_annotation_broad
10087	C14H20	[M + H]+	1,8-Cyclotetradecadiyne	C1CCC#CCCCCCC#CCC1	0.031	Terpenoids	Caryophyllane sesquiterpenoids	Prenol lipids	sibling:secreted_products/sirius_annotation;sibling:phenotype_metabolite_association/sirius_annotation_color_all
10115	C21H38O4	[M + K]+	(2-hydroxy-2-oxo-1,3,2λ⁵-dioxaphospholan-4-yl)methyl hexadecanoate	CCCCCCCCCCCCCCCC(=O)OCC1COP(=O)(O1)O	0.519	Fatty acids	Glycerophosphates	Glycerophospholipids	sibling:phenotype_metabolite_association/sirius_annotation_color_all
10168	C28H40O	[M + H]+	9a,11a-dimethyl-1-(5-methylhex-3-en-2-yl)-1H,2H,3H,3aH,3bH,4H,6H,7H,8H,9H,9aH,9bH,10H,11H,11aH-cyclopenta[a]phenanthren-7-ol	CC(C)C=CC(C)C1CCC2C1(CCC3C2CC=C4C3(CCC(C4)O)C)C	0.147	Terpenoids	Cholestane steroids	Steroids and steroid derivatives	sibling:pathway_targeted_association/sirius_annotation_broad;sibling:phenotype_metabolite_association/sirius_annotation_color_all
10174	C25H24O9	[M + Na]+	methyl N-(3-acetylamino)-4-(2-cyano-4-nitrophenylazo)phenyl)-N-((1-methoxy)acetyl)glycinate	CC(=O)NC1=C(C=CC(=C1)N(CC(=O)OC)CC(=O)OC)N=NC2=C(C=C(C=C2)[N+](=O)[O-])C#N	0.043	Carbohydrates	Purine nucleosides	Carboxylic acids and derivatives	sibling:pathway_targeted_association/sirius_annotation_broad
10203	C17H34N4O7	[M + Na]+	2-{[1-(2-amino-4-methylpentanoyl)piperidin-4-yl]formamido}-N-(4-fluorophenyl)propanamide	CC(C)CC(C(=O)N1CCC(CC1)C(=O)NC(C)C(=O)NC2=CC=C(C=C2)F)N	0.798	Amino acids and Peptides	Tripeptides	Carboxylic acids and derivatives	sibling:phenotype_metabolite_association/sirius_annotation_color_all
10302	C14H21N3O7	[M + H]+	2-[[2-[(2-Amino-3-hydroxybutanoyl)amino]-3-hydroxybutanoyl]amino]-3-hydroxybutanoic acid	CC(C(C(=O)NC(C(C)O)C(=O)NC(C(C)O)C(=O)O)N)O	0.169	Amino acids and Peptides	Tripeptides	Carboxylic acids and derivatives	sibling:phenotype_metabolite_association/sirius_annotation_color_all
10313	C35H51N5O6S	[M + Na]+	H-DL-Met-DL-xiIle-DL-Leu-DL-Phe-DL-Phe-OH	CCC(C)C(C(=O)NC(CC(C)C)C(=O)NC(CC1=CC=CC=C1)C(=O)NC(CC2=CC=CC=C2)C(=O)O)NC(=O)C(CCSC)N	0.424	Amino acids and Peptides	Tripeptides	Carboxylic acids and derivatives	sibling:pathway_targeted_association/sirius_annotation_broad
10335	C23H36N4O6	[M + H]+	snc1-465	CCCCCCCC=CC(=O)NC(CC1=CC=CC=C1)C(=O)NC(CC2=CC=CC=C2)C(=O)O	0.504	Amino acids and Peptides	Tripeptides	Carboxylic acids and derivatives	sibling:pathway_targeted_association/sirius_annotation_broad
10356	C20H41NO	[M + H]+	Icosanamide	CCCCCCCCCCCCCCCCCCCC(=O)N	0.345	Fatty acids	Primary amides	Fatty Acyls	sibling:pathway_targeted_association/sirius_annotation_broad
10368	C14H24O	[M + H]+	(2E,6E)-6,11-Dimethyl-2,6,10-dodecatrien-1-ol	CC(=CCCC=C(C)CCC=CCO)C	0.125	Terpenoids	Acyclic monoterpenoids	Prenol lipids	sibling:pathway_targeted_association/sirius_annotation_broad
10377	C22H40O	[M + H]+		CCCCCCC=CCCCCCCCCCCCC(C#C)O	0.123	Fatty acids	Fatty alcohols	Fatty Acyls	sibling:pathway_targeted_association/sirius_annotation_broad;sibling:phenotype_metabolite_association/sirius_annotation_color_all
10458	C17H27N5O7	[M + H]+	H-His-His-His-al	C1=C(NC=N1)CC(C=O)NC(=O)C(CC2=CN=CN2)NC(=O)C(CC3=CN=CN3)N	0.615	Amino acids and Peptides	Tripeptides	Carboxylic acids and derivatives	sibling:phenotype_metabolite_association/sirius_annotation_color_all
10516	C20H37NO	[M + H]+	N-(2-methylpropyl)hexadeca-2,4-dienamide	CCCCCCCCCCCC=CC=CC(=O)NCC(C)C	0.386	Fatty acids	Primary amides	Fatty Acyls	sibling:phenotype_metabolite_association/sirius_annotation_color_all
10550	C11H20N2O3	[M + H]+	4-methyl-2-[(pyrrolidin-2-yl)formamido]pentanoic acid	CC(C)CC(C(=O)O)NC(=O)C1CCCN1	0.708	Amino acids and Peptides	Dipeptides	Carboxylic acids and derivatives	sibling:pathway_targeted_association/sirius_annotation_broad;sibling:phenotype_metabolite_association/sirius_annotation_color_all
10579	C25H50N2O2	[M + H]+	Stearamidopropyl morpholine	CCCCCCCCCCCCCCCCCC(=O)NCCCN1CCOCC1	0.122	Fatty acids	N-acyl amines	Fatty Acyls	sibling:phenotype_metabolite_association/sirius_annotation_color_all
10692	C14H18FN3O2	[M + H]+	N-[1-(propan-2-yl)-1H-indol-4-yl]pyridine-3-carboxamide	CC(C)N1C=CC2=C(C=CC=C21)NC(=O)C3=CN=CC=C3	0.085	Alkaloids	Carboline alkaloids	Indoles and derivatives	sibling:phenotype_metabolite_association/sirius_annotation_color_all
10779	C17H24N2O4	[M + H]+	(2S)-2-[[(2S)-2-acetamido-4-methylpentanoyl]amino]-3-phenylpropanoic acid	CC(C)CC(C(=O)NC(CC1=CC=CC=C1)C(=O)O)NC(=O)C	0.908	Amino acids and Peptides	Dipeptides	Carboxylic acids and derivatives	sibling:phenotype_metabolite_association/sirius_annotation_color_all
10790	C18H32N4O5S	[M + H]+	2-[2-(2-acetamido-4-methylpentanamido)acetamido]-3-(1H-indol-3-yl)propanoic acid	CC(C)CC(C(=O)NCC(=O)NC(CC1=CNC2=CC=CC=C21)C(=O)O)NC(=O)C	0.5	Amino acids and Peptides	Tripeptides	Carboxylic acids and derivatives	sibling:phenotype_metabolite_association/sirius_annotation_color_all
10846	C24H28N4O7	[M + H]+	H-DL-Asp-Gly-DL-Phe-DL-Phe-OH	C1=CC=C(C=C1)CC(C(=O)NC(CC2=CC=CC=C2)C(=O)O)NC(=O)CNC(=O)C(CC(=O)O)N	0.358	Amino acids and Peptides	Tripeptides	Carboxylic acids and derivatives	sibling:phenotype_metabolite_association/sirius_annotation_color_all
10929	C73H126N6O7	[M + H]+							sibling:phenotype_metabolite_association/sirius_annotation_color_all
10949	C26H52NO6P	[M + H]+	Lpc(O-18:2(1Z,9Z))	CCCCCCCCC=CCCCCCCC=COCC(COP(=O)(O)OCC[N+](C)(C)C)O	0.424	Fatty acids	Glycerophosphocholines	Glycerophospholipids	sibling:phenotype_metabolite_association/sirius_annotation_color_all
10991	C12H18O	[M + H]+	1-Cyclohexene-1-propanal, 4-(1-methylethenyl)-	CC(=C)C1CCC(=CC1)CCC=O	0.25	Terpenoids	Pinane monoterpenoids	Prenol lipids	sibling:secreted_products/sirius_annotation
10993	C18H38N2O	[M + H]+	4-(Tetradecanoylamino)butylazanium	CCCCCCCCCCCCCC(=O)NCCCCN	0.882	Fatty acids	N-acyl amines	Carboxylic acids and derivatives	sibling:phenotype_metabolite_association/sirius_annotation_color_all
11016	C14H24N6O2	[M + H]+	2-amino-3-[8-(2-imino-4-oxoimidazolidin-1-yl)octyl]-4H-imidazol-5-one	C1C(=O)N=C(N1CCCCCCCCN2CC(=O)N=C2N)N	0.051	Amino acids and Peptides	Tripeptides	Carboxylic acids and derivatives	sibling:secreted_products/sirius_annotation
11029	C21H36N6O8	[M + H]+	Glptgg	CC(C)CC(C(=O)N1CCCC1C(=O)NC(C(C)O)C(=O)NCC(=O)NCC(=O)O)NC(=O)CN	0.695	Amino acids and Peptides	Tripeptides	Carboxylic acids and derivatives	sibling:pathway_targeted_association/sirius_annotation_broad
11056	C18H27ClFN3O4	[M + H]+	Asn-Pro-Ser-Ser	C1CC(N(C1)C(=O)C(CC(=O)N)N)C(=O)NC(CO)C(=O)NC(CO)C(=O)O	0.186	Amino acids and Peptides	Tripeptides	Carboxylic acids and derivatives	sibling:pathway_targeted_association/sirius_annotation_broad;sibling:phenotype_metabolite_association/sirius_annotation_color_all
11195	C19H37N3O2	[M + H]+	1-[(2S,3S,4S)-4-ethyl-2-(hydroxymethyl)-3-[(4-methylpiperazin-1-yl)methyl]pyrrolidin-1-yl]-3,3-dimethylbutan-1-one	CCC1CN(C(C1CN2CCN(CC2)C)CO)C(=O)CC(C)(C)C	0.048	Fatty acids	Dipeptides	Carboxylic acids and derivatives	sibling:phenotype_metabolite_association/sirius_annotation_color_all
11234	C23H32	[M + H]+		CC1CCC2C1C3C2(CCC3C(=C)CCCC=C(C)C)C	0.236	Terpenoids	Dolabellane diterpenoids	Prenol lipids	sibling:pathway_targeted_association/sirius_annotation_broad;sibling:phenotype_metabolite_association/sirius_annotation_color_all
11265	C17H32N4O6	[M + H]+	6-amino-2-[2-(2-amino-4-methylpentanamido)-4-carboxybutanamido]hexanoic acid	CC(C)CC(C(=O)NC(CCC(=O)O)C(=O)NC(CCCCN)C(=O)O)N	0.36	Amino acids and Peptides	Tripeptides	Carboxylic acids and derivatives	sibling:phenotype_metabolite_association/sirius_annotation_color_all
11314	C8H11FN2O2	[M + H]+	Ethenylindole amide	C=CC1=C(NC2=CC=CC=C21)C(=O)N	0.117	Alkaloids	Quinazoline alkaloids		sibling:phenotype_metabolite_association/sirius_annotation_color_all
11328	C26H35NO3	[M + H]+	3-Hydroxy-2-(octadecanoylamino)propanoic acid	CCCCCCCCCCCCCCCCCC(=O)NC(CO)C(=O)O	0.239	Fatty acids	N-acyl amines	Carboxylic acids and derivatives	sibling:secreted_products/sirius_annotation
11413	C17H39N5	[M + Na]+	2-N,4-N-bis(2-ethylhexyl)-1,3,5-triazine-2,4-diamine	CCCCC(CC)CNC1=NC(=NC=N1)NCC(CC)CCCC	0.161	Alkaloids	Tricyclic guanidine alkaloids	Triazines	sibling:pathway_targeted_association/sirius_annotation_broad
11477	C47H86O20	[M + H]+							sibling:pathway_targeted_association/sirius_annotation_broad;sibling:phenotype_metabolite_association/sirius_annotation_color_all
11516	C14H27N5O6	[M + H]+	Threonylasparagyllysine	CC(C(C(=O)NC(CC(=O)N)C(=O)NC(CCCCN)C(=O)O)N)O	0.217	Amino acids and Peptides	Tripeptides	Carboxylic acids and derivatives	sibling:pathway_targeted_association/sirius_annotation_broad
11589	C32H51NO3	[M + H]+	N,N-Bis[2-(2-hydroxyethoxy)ethyl]-N-methyl-1-octadecanaminium	CCCCCCCCCCCCCCCCCC[N+](C)(CCOCCO)CCOCCO	0.381	Fatty acids	Sphingoid bases	Organooxygen compounds	sibling:phenotype_metabolite_association/sirius_annotation_color_all
11599	C14H20N2O3	[M + H]+	2-(2-amino-3-methylbutanamido)-3-phenylpropanoic acid	CC(C)C(C(=O)NC(CC1=CC=CC=C1)C(=O)O)N	0.996	Amino acids and Peptides	Dipeptides	Carboxylic acids and derivatives	sibling:phenotype_metabolite_association/sirius_annotation_color_all
11692	C10H14O6	[M + H]+	3,5,6-trihydroxy-2,4-dimethoxyhexanal	COC(C=O)C(C(C(CO)O)OC)O	0.15	Carbohydrates	Monosaccharides	Organooxygen compounds	sibling:phenotype_metabolite_association/sirius_annotation_color_all
11695	C25H39N5O7	[M + H]+	H-DL-Asp-DL-xiIle-DL-Phe-DL-Lys-OH	CCC(C)C(C(=O)NC(CC1=CC=CC=C1)C(=O)NC(CCCCN)C(=O)O)NC(=O)C(CC(=O)O)N	0.542	Amino acids and Peptides	Tripeptides	Carboxylic acids and derivatives	sibling:phenotype_metabolite_association/sirius_annotation_color_all
11710	C31H48O	[M + Na]+							sibling:phenotype_metabolite_association/sirius_annotation_color_all
11738	C52H66O12	[M + H]+							sibling:phenotype_metabolite_association/sirius_annotation_color_all
11867	C15H21N3O3	[M + H]+	(2S)-2-amino-N-[(2S)-1-oxo-1-[[(2S)-1-oxo-3-phenylpropan-2-yl]amino]propan-2-yl]propanamide	CC(C(=O)NC(C)C(=O)NC(CC1=CC=CC=C1)C=O)N	0.222	Amino acids and Peptides	Dipeptides	Carboxylic acids and derivatives	sibling:phenotype_metabolite_association/sirius_annotation_color_all
12010	C44H78O21	[M + H]+							sibling:phenotype_metabolite_association/sirius_annotation_color_all
12041	C23H33N7O3S	[M + H]+	(6S)-6-(4-benzylpiperidine-1-carbonyl)-N-cyclohexyl-3,4,6,7-tetrahydroimidazo[4,5-c]pyridine-5-carboxamide	C1CCC(CC1)NC(=O)N2CC3=C(CC2C(=O)N4CCC(CC4)CC5=CC=CC=C5)N=CN3	0.059	Amino acids and Peptides	Cyclic peptides	Carboxylic acids and derivatives	sibling:phenotype_metabolite_association/sirius_annotation_color_all
12060	C30H40N4O9	[M + H]+	tert-butyl 5-[[5-(9H-fluoren-9-ylmethoxycarbonylamino)-2-methyl-4-oxohexanoyl]amino]-2-methyl-4-oxohexanoate	CC(CC(=O)C(C)NC(=O)OCC1C2=CC=CC=C2C3=CC=CC=C13)C(=O)NC(C)C(=O)CC(C)C(=O)OC(C)(C)C	0.036	Amino acids and Peptides	Depsipeptides	Carboxylic acids and derivatives	sibling:phenotype_metabolite_association/sirius_annotation_color_all
12126	C20H29N5O7	[M + K]+	N-[2-(2-{6-ethoxy-2,2-dimethyl-tetrahydro-2H-furo[2,3-d][1,3]dioxol-5-yl}-2-hydroxyethoxy)-4,5-dihydroxy-6-(hydroxymethyl)oxan-3-yl]ethanimidic acid	CCOC1C2C(OC1C(COC3C(C(C(C(O3)CO)O)O)NC(=O)C)O)OC(O2)(C)C	0.132	Amino acids and Peptides	Cyanogenic glycosides	Carboxylic acids and derivatives	sibling:pathway_targeted_association/sirius_annotation_broad
12157	C25H47N2O4	[M + H]+	2-[2-(2-Octadecoxyethoxy)ethoxy]ethanamine	CCCCCCCCCCCCCCCCCCOCCOCCOCCN	0.206	Fatty acids	Sphingoid bases	Organooxygen compounds	sibling:pathway_targeted_association/sirius_annotation_broad
12215	C37H56O5	[M + Na]+	[2-Methyl-2-(2-methylprop-2-enoyloxymethyl)-4-[4-[4-(4-pentylcyclohexyl)cyclohexyl]phenyl]butyl] 2-(hydroxymethyl)prop-2-enoate	CCCCCC1CCC(CC1)C2CCC(CC2)C3=CC=C(C=C3)CCC(C)(COC(=O)C(=C)C)COC(=O)C(=C)CO	0.041	Terpenoids	Cannabinoids	Benzene and substituted derivatives	sibling:pathway_targeted_association/sirius_annotation_broad
12415	C36H45N9O8	[M + H]+	H-Pro-His-Thr-Val-Leu-Gln-OH	CC(C)CC(C(=O)NC(CCC(=O)N)C(=O)O)NC(=O)C(C(C)C)NC(=O)C(C(C)O)NC(=O)C(CC1=CN=CN1)NC(=O)C2CCCN2	0.421	Amino acids and Peptides	Tripeptides	Carboxylic acids and derivatives	sibling:phenotype_metabolite_association/sirius_annotation_color_all
12457	C12H11NO	[M + H]+	4(1H)-Quinolone, 2-methyl-1-vinyl-	CC1=CC(=O)C2=CC=CC=C2N1C=C	0.291	Alkaloids	Acridone alkaloids	Quinolines and derivatives	sibling:phenotype_metabolite_association/sirius_annotation_color_all
12530	C10H18FNO	[M + H]+	3-(2-Cyclopropylphenyl)pyrrolidine	C1CC1C2=CC=CC=C2C3CCNC3	0.075	Alkaloids	Simple indole alkaloids	Organonitrogen compounds	sibling:phenotype_metabolite_association/sirius_annotation_color_all
12541	C56H84O10	[M + Na]+	N''-{2-[32-cyclopentyl-2,3,23,29,30-pentahydroxy-5-(hydroxymethyl)-2,12-dimethyl-26-oxo-17-[5-oxo-4-(1H-pyrrol-3-yl)oxolan-3-yl]heptacyclo[19.15.0.0⁶,¹⁵.0⁹,¹⁴.0²³,³⁶.0²⁴,³³.0²⁷,³²]hexatriaconta-8,24-dien-18-yn-36-yl]ethyl}guanidine	CC1CCC2=CCC3C(CC(C(C4C(CC#CC(CC3C2C1)C5COC(=O)C5C6=CNC=C6)CC7(C4(CCC8C7=CC(=O)C9C8(CC(C(C9)O)O)C1CCCC1)CCN=C(N)N)O)(C)O)O)CO	-inf	Alkaloids	Aspidosperma type	Carboxylic acids and derivatives	sibling:phenotype_metabolite_association/sirius_annotation_color_all
12597	C27H56O9	[M + Na]+							sibling:phenotype_metabolite_association/sirius_annotation_color_all
12619	C22H36N4O6	[M + Na]+	H-Asp-Leu-Pro-Phe-al	CC(C)CC(C(=O)N1CCCC1C(=O)NC(CC2=CC=CC=C2)C=O)NC(=O)C(CC(=O)O)N	0.436	Amino acids and Peptides	Tripeptides	Carboxylic acids and derivatives	sibling:pathway_targeted_association/sirius_annotation_broad;sibling:phenotype_metabolite_association/sirius_annotation_color_all
12669	C9H17NO5	[M + H]+	Pantothenate	CC(C)(CO)C(C(=O)NCCC(=O)O)O	0.997	Fatty acids	N-acyl amines	Carboxylic acids and derivatives	sibling:phenotype_metabolite_association/sirius_annotation_color_all
12712	C29H40N4O10	[M + Na]+	H-Thr-Glu-Asp-Glu-Leu-NH2	CC(C)CC(C(=O)N)NC(=O)C(CCC(=O)O)NC(=O)C(CC(=O)O)NC(=O)C(CCC(=O)O)NC(=O)C(C(C)O)N	0.293	Amino acids and Peptides	Tripeptides	Carboxylic acids and derivatives	sibling:phenotype_metabolite_association/sirius_annotation_color_all
12798	C23H41N5O8	[M + H]+	H-Val-Asp-Leu-Leu-Gly-OH	CC(C)CC(C(=O)NCC(=O)O)NC(=O)C(CC(C)C)NC(=O)C(CC(=O)O)NC(=O)C(C(C)C)N	0.568	Amino acids and Peptides	Tripeptides	Carboxylic acids and derivatives	sibling:phenotype_metabolite_association/sirius_annotation_color_all
12803	C30H47N5O10	[M + K]+	(2S)-2-[[(2S)-2-[[(2S)-2-[[(2S)-3-carboxy-2-[[(2S)-pyrrolidin-1-ium-2-carbonyl]amino]propanoyl]amino]-3-(4-hydroxyphenyl)propanoyl]amino]-3-phenylpropanoyl]amino]-4-methylpentanoic acid	CC(C)CC(C(=O)O)NC(=O)C(CC1=CC=CC=C1)NC(=O)C(CC2=CC=C(C=C2)O)NC(=O)C(CC(=O)O)NC(=O)C3CCCN3	0.322	Amino acids and Peptides	Tripeptides	Carboxylic acids and derivatives	sibling:phenotype_metabolite_association/sirius_annotation_color_all
12866	C32H48N6O11	[M + H]+	H-Ile-Phe-Ala-Glu-Asp-Val-OH	CCC(C)C(C(=O)NC(CC1=CC=CC=C1)C(=O)NC(C)C(=O)NC(CCC(=O)O)C(=O)NC(CC(=O)O)C(=O)NC(C(C)C)C(=O)O)N	0.796	Amino acids and Peptides	Cyclic peptides	Carboxylic acids and derivatives	sibling:phenotype_metabolite_association/sirius_annotation_color_all
12876	C13H13NO7	[M + K]+	2-[3-(3,4-dihydroxyphenyl)prop-2-enamido]butanedioic acid	C1=CC(=C(C=C1C=CC(=O)NC(CC(=O)O)C(=O)O)O)O	0.023	Alkaloids	Anthranillic acid derivatives	Benzene and substituted derivatives	sibling:phenotype_metabolite_association/sirius_annotation_color_all
12896	C20H24O9	[M + H]+	2-[2,3-Bis(2-prop-2-enoyloxyethoxy)propoxy]ethyl prop-2-enoate	C=CC(=O)OCCOCC(COCCOC(=O)C=C)OCCOC(=O)C=C	0.243	Polyketides	Macrolide lactones	Macrolides and analogues	sibling:pathway_targeted_association/sirius_annotation_broad
13133	C11H16N4O4S	[M + H]+	9-[(2S,3S,4R,5S)-3,4-dihydroxy-5-(hydroxymethyl)oxolan-2-yl]-2-(fluoromethyl)-1H-purin-6-one	C1=NC2=C(N1C3C(C(C(O3)CO)O)O)N=C(NC2=O)CF	0.359	Carbohydrates	Purine nucleosides	Purine nucleosides	sibling:phenotype_metabolite_association/sirius_annotation_color_all
13135	C7H5Br2Cl4NO	[M + Na]+							sibling:pathway_targeted_association/sirius_annotation_broad
13203	C11H9NO2	[M + H]+	Trans-3-Indoleacrylic Acid	C1=CC=C2C(=C1)C(=CN2)C=CC(=O)O	0.436	Alkaloids	Simple indole alkaloids	Indoles and derivatives	sibling:phenotype_metabolite_association/sirius_annotation_color_all
13313	C15H31NO	[M + H]+	N-tridecylacetamide	CCCCCCCCCCCCCNC(=O)C	0.607	Fatty acids	Primary amides	Fatty Acyls	sibling:pathway_targeted_association/sirius_annotation_broad
13559	C27H41N5O5S	[M + H]+	(3Z,6Z,9Z,12Z,15Z,18Z)-N-[2-[2-(3-formamidopropanoylamino)ethyldisulfanyl]ethyl]henicosa-3,6,9,12,15,18-hexaenamide	CCC=CCC=CCC=CCC=CCC=CCC=CCC(=O)NCCSSCCNC(=O)CCNC=O	0.263	Fatty acids	N-acyl amines	Carboxylic acids and derivatives	sibling:phenotype_metabolite_association/sirius_annotation_color_all
13576	C8H16N6O2	[M + H]+	N-(4,5-dihydro-1H-imidazol-2-ylamino)oxy-N-(4,5,6,7-tetrahydro-1H-1,3-diazepin-2-yl)hydroxylamine	C1CCN=C(NC1)N(O)ONC2=NCCN2	0.236	Alkaloids	Polyamines	Organonitrogen compounds	sibling:phenotype_metabolite_association/sirius_annotation_color_all
13580	C53H96N2O21	[M + Na]+							sibling:phenotype_metabolite_association/sirius_annotation_color_all
13649	C52H89N7O11	[M + K]+	N-(11-{29-hydroxy-2,3,15,17,21,23-hexamethoxy-5,12,18,24-tetramethyl-9,27-dioxo-10,26-dioxabicyclo[23.3.1]nonacosa-1(28),5,7,13,19-pentaen-11-yl}-4,10-dimethoxy-5,9-dimethyl-6-oxododec-1-en-1-yl)-N-methylformamide	CC1C=CC(CC(C(C2C(C(=CC(=O)O2)C(C(CC(=CC=CC(=O)OC(C(C=CC(CC1OC)OC)C)C(C)C(C(C)CCC(=O)C(C)C(CC=CN(C)C=O)OC)OC)C)OC)OC)O)C)OC)OC	0.665	Polyketides	Polyene macrolides	Benzene and substituted derivatives	sibling:pathway_targeted_association/sirius_annotation_broad;sibling:phenotype_metabolite_association/sirius_annotation_color_all
13651	C24H40N8O10	[M + H]+		C1=CC=C(C=C1)CC(=O)NC(CCCCN)C(=O)NC(CCCCN)C(=O)NC(CC2=CNC3=CC=CC=C32)C=O	0.435	Amino acids and Peptides	Tripeptides	Carboxylic acids and derivatives	sibling:phenotype_metabolite_association/sirius_annotation_color_all
13687	C2H7N2NaO3S	[M + K]+	Dimethyl dichloromalonate	COC(=O)C(C(=O)OC)(Cl)Cl	0.056	Fatty acids	Halogenated fatty acids	Fatty Acyls	sibling:phenotype_metabolite_association/sirius_annotation_color_all
13731	C18H38N2O	[M + H]+	4-(Tetradecanoylamino)butylazanium	CCCCCCCCCCCCCC(=O)NCCCCN	0.896	Fatty acids	N-acyl amines	Carboxylic acids and derivatives	sibling:phenotype_metabolite_association/sirius_annotation_color_all
13742	C23H34N4O6	[M + H]+	H-DL-Tyr-DL-Pro-DL-Ala-DL-Leu-OH	CC(C)CC(C(=O)O)NC(=O)C(C)NC(=O)C1CCCN1C(=O)C(CC2=CC=C(C=C2)O)N	0.851	Amino acids and Peptides	Tripeptides	Carboxylic acids and derivatives	sibling:phenotype_metabolite_association/sirius_annotation_color_all
13854	C15H21N7O4	[M + H]+	H-DL-Ala-DL-His-DL-His-OH	CC(C(=O)NC(CC1=CN=CN1)C(=O)NC(CC2=CN=CN2)C(=O)O)N	0.353	Amino acids and Peptides	Tripeptides	Carboxylic acids and derivatives	sibling:secreted_products/sirius_annotation
13856	C33H38O6	[M + H]+	(2S,3R,4S,5R,6R)-6-[3-[4-[3-[(2S,3R,4S,5R,6R)-3,4,5-trihydroxy-6-(hydroxymethyl)oxan-2-yl]oxypropoxy]butoxy]propoxymethyl]oxane-2,3,4,5-tetrol	C(CCOCCCOC1C(C(C(C(O1)CO)O)O)O)COCCCOCC2C(C(C(C(O2)O)O)O)O	0.569	Terpenoids	Iridoids monoterpenoids	Prenol lipids	sibling:pathway_targeted_association/sirius_annotation_broad;sibling:phenotype_metabolite_association/sirius_annotation_color_all
14034	C23H31N3O5	[M + H]+	2-[4-(3-hydroxy-6-methyl-4-oxo-4H-pyran-2-yl)oxan-4-yl]-N-[3-(4-methylpiperazin-1-yl)propyl]acetamide	CC1=CC(=O)C(=C(O1)C2(CCOCC2)CC(=O)NCCCN3CCN(CC3)C)O	0.161	Amino acids and Peptides	Tripeptides	Carboxylic acids and derivatives	sibling:secreted_products/sirius_annotation
14078	C39H52N6O5	[M + K]+	(3S,4aS,8aS)-N-tert-butyl-2-[(2R,3S)-2-hydroxy-3-[(2S)-2-[(3R)-oxolan-3-yl]-2-(quinoxalin-2-ylformamido)acetamido]-4-phenylbutyl]-decahydroisoquinoline-3-carboxamide	CC(C)(C)NC(=O)C1CC2CCCCC2CN1CC(C(CC3=CC=CC=C3)NC(=O)C(C4CCOC4)NC(=O)C5=NC6=CC=CC=C6N=C5)O	0.102	Amino acids and Peptides	Cyclic peptides	Carboxylic acids and derivatives	sibling:phenotype_metabolite_association/sirius_annotation_color_all
14095	C41H63N9O5	[M + K]+	fur-2-oyl-DL-Leu-DL-xiIle-Gly-DL-Arg-DL-Leu-DL-Orn-NH2	CCC(C)C(C(=O)NCC(=O)NC(CCCN=C(N)N)C(=O)NC(CC(C)C)C(=O)NC(CCCN)C(=O)N)NC(=O)C(CC(C)C)NC(=O)C1=CC=CO1	0.061	Amino acids and Peptides	Tripeptides	Carboxylic acids and derivatives	sibling:secreted_products/sirius_annotation
14135	C34H25Br5N4O8	[M + Na]+	Bastadin 4	C1CNC(=O)C(=NO)CC2=CC(=C(C(=C2)Br)OC3=C(C(=CC(=C3)CC(=NO)C(=O)NC=CC4=CC(=C(C=C4)Br)OC5=C(C(=C1C=C5)Br)O)Br)O)Br	-inf	Terpenoids	Depsipeptides	Benzene and substituted derivatives	sibling:phenotype_metabolite_association/sirius_annotation_color_all
14241	C25H32N4O8	[M + Na]+	Caspase-6 inhibitor II	CCC(C)C(C(=O)NC(CC(=O)O)C=O)NC(=O)C(CCC(=O)O)NC(=O)C(C(C)C)NC(=O)C	0.571	Amino acids and Peptides	Tripeptides	Carboxylic acids and derivatives	sibling:phenotype_metabolite_association/sirius_annotation_color_all
14446	C23H43NO6	[M + Na]+	H-Pro-Val-Pro-Arg-al	CC(C)C(C(=O)N1CCCC1C(=O)NC(CCCN=C(N)N)C=O)NC(=O)C2CCCN2	0.312	Amino acids and Peptides	Tripeptides	Carboxylic acids and derivatives	sibling:secreted_products/sirius_annotation
14554	C28H44O3	[M + H]+	Ercalcitriol	CC(C=CC(C)C(C)(C)O)C1CCC2C1(CCCC2=CC=C3CC(CC(C3=C)O)O)C	0.18	Terpenoids	Ergostane steroids	Steroids and steroid derivatives	sibling:pathway_targeted_association/sirius_annotation_broad
14641	C24H32N4O6	[M + H]+	Aspergillide F	CC(C)C(C(=O)NC(C(C)C)C(=O)O)NC(=O)C(C)NC(=O)C(CC1=CC=C(C=C1)O)N	0.117	Amino acids and Peptides	Tripeptides	Carboxylic acids and derivatives	sibling:phenotype_metabolite_association/sirius_annotation_color_all
14882	C38H75N5O10	[M + H]+	N-[3-methyl-1-[(3-methylcyclohepta-1,4,6-trien-1-yl)amino]-1-oxopentan-2-yl]-3-[1-[[3-methyl-2-[[4-methyl-2-(3-methylbutanoylamino)pentanoyl]amino]butanoyl]amino]-2-phenylethyl]heptanamide	CCCCC(CC(=O)NC(C(C)CC)C(=O)NC1=CC(C=CC=C1)C)C(CC2=CC=CC=C2)NC(=O)C(C(C)C)NC(=O)C(CC(C)C)NC(=O)CC(C)C	0.209	Amino acids and Peptides	Microginins	Carboxylic acids and derivatives	sibling:phenotype_metabolite_association/sirius_annotation_color_all
14887	C48H83N11O15	[M + H]+	H-Lys-Pro-Leu-Glu-Glu-Val-Leu-Asn-Leu-OH	CC(C)CC(C(=O)NC(CCC(=O)O)C(=O)NC(CCC(=O)O)C(=O)NC(C(C)C)C(=O)NC(CC(C)C)C(=O)NC(CC(=O)N)C(=O)NC(CC(C)C)C(=O)O)NC(=O)C1CCCN1C(=O)C(CCCCN)N	0.021	Amino acids and Peptides	Lipopeptides	Carboxylic acids and derivatives	sibling:phenotype_metabolite_association/sirius_annotation_color_all
15018	C10H19NO5	[M + H]+	2-(Methylideneamino)ethyl 2-[2-(2-methoxyethoxy)ethoxy]acetate	COCCOCCOCC(=O)OCCN=C	0.056	Fatty acids	Primary amides	Fatty Acyls	sibling:phenotype_metabolite_association/sirius_annotation_color_all
15077	C33H45N5O9	[M + H]+	2-(2-{2-[2-(2-amino-3-hydroxybutanamido)-3-phenylpropanamido]-3-phenylpropanamido}-4-carboxybutanamido)-3-methylpentanoic acid	CCC(C)C(C(=O)O)NC(=O)C(CCC(=O)O)NC(=O)C(CC1=CC=CC=C1)NC(=O)C(CC2=CC=CC=C2)NC(=O)C(C(C)O)N	0.761	Amino acids and Peptides	Tripeptides	Carboxylic acids and derivatives	sibling:pathway_targeted_association/sirius_annotation_broad
15277	C36H54O7	[M + H]+	methyl 2-[2-[(5aR,5bR,9S,11aR)-9-hydroxy-5a,5b,8,8,11a-pentamethyl-1-prop-1-en-2-yl-1,2,3,4,5,6,7,7a,9,10,11,11b,12,13,13a,13b-hexadecahydrocyclopenta[a]chrysen-3a-yl]ethynyl]cyclopentene-1-carboxylate	CC(=C)C1CCC2(C1C3CCC4C5(CCC(C(C5CCC4(C3(CC2)C)C)(C)C)O)C)C#CC6=C(CCC6)C(=O)OC	0.692	Terpenoids	Lupane triterpenoids	Prenol lipids	sibling:pathway_targeted_association/sirius_annotation_broad
15294	C21H31N3O5S	[M + H]+	2-{[1-hydroxy-2-({1-hydroxy-2-[(hydroxymethylidene)amino]-4-(methylsulfanyl)butylidene}amino)-4-methylpentylidene]amino}-3-phenylpropanoic acid	CC(C)CC(C(=O)NC(CC1=CC=CC=C1)C(=O)O)NC(=O)C(CCSC)NC=O	0.844	Amino acids and Peptides	Tripeptides	Carboxylic acids and derivatives	sibling:pathway_targeted_association/sirius_annotation_broad
15302	C24H50O8	[M + Na]+							sibling:phenotype_metabolite_association/sirius_annotation_color_all
15314	C19H47N7O5	[M + H]+	17-Amino-1-[[[amino(hydroxy)methyl]amino]oxyamino]-17-(butan-2-ylideneamino)heptadecan-1-ol	CCC(=NC(CCCCCCCCCCCCCCCC(NONC(N)O)O)N)C	0.064	Amino acids and Peptides	Dipeptides	Carboxylic acids and derivatives	sibling:phenotype_metabolite_association/sirius_annotation_color_all
15383	C19H39NO	[M + H]+	Hexadecanoic Acid Propylamide	CCCCCCCCCCCCCCCC(=O)NCCC	0.2	Fatty acids	Primary amides	Fatty Acyls	sibling:phenotype_metabolite_association/sirius_annotation_color_all
15416	C20H38N6O7	[M + H]+	N(1)Lys-D-Ala-D-Ala-OH.H-Ala-D-Glu(1)-ol	CC(C(=O)NC(CCC(=O)NC(CCCCN)C(=O)NC(C)C(=O)NC(C)C(=O)O)CO)N	0.086	Amino acids and Peptides	Linear peptides	Carboxylic acids and derivatives	sibling:secreted_products/sirius_annotation
15578	C17H37O6	[M + H]+							sibling:phenotype_metabolite_association/sirius_annotation_color_all
15581	C26H46N6O5	[M + H]+	4,6-dihydroxy-1-(4-hydroxy-6-oxooxan-2-yl)henicosan-2-yl acetate	CCCCCCCCCCCCCCCC(CC(CC(CC1CC(CC(=O)O1)O)OC(=O)C)O)O	0.106	Fatty acids	Monacolins and Monacolin derivatives	Fatty Acyls	sibling:phenotype_metabolite_association/sirius_annotation_color_all
15706	C36H72N7O8P	[M + H]+	stearoyl-Leu-Ile-Gly-Arg-OH	CCCCCCCCCCCCCCCCCC(=O)NC(CC(C)C)C(=O)NC(C(C)CC)C(=O)NCC(=O)NC(CCCN=C(N)N)C(=O)O	-inf	Amino acids and Peptides	Linear peptides	Carboxylic acids and derivatives	sibling:phenotype_metabolite_association/sirius_annotation_color_all
15710	C19H42N8O	[M + H]+							sibling:pathway_targeted_association/sirius_annotation_broad
15789	C25H44O6	[M + Na]+	Leupeptin Pr	CCC(=O)NC(CC(C)C)C(=O)NC(CC(C)C)C(=O)NC(CCCN=C(N)N)C=O	0.067	Amino acids and Peptides	Tripeptides	Carboxylic acids and derivatives	sibling:phenotype_metabolite_association/sirius_annotation_color_all
15864	C25H42N6O8	[M + H]+	Pf1070B	CCC(C)C1C(=O)N2CCCC2C(=O)NC(C(=O)NC(C(=O)N1)CC3=CC=CC=C3)CCCCCC(=O)C4CO4	0.793	Amino acids and Peptides	Cyclic peptides	Carboxylic acids and derivatives	sibling:phenotype_metabolite_association/sirius_annotation_color_all
15927	C30H46N4O6	[M + H]+		CC(CCC(=O)NC(CCCCN)C(=O)O)C1CCC2C1(CCC3C2C(CC4C3(CCC(C4)O)C)O)C	0.131	Amino acids and Peptides	Lipopeptides	Carboxylic acids and derivatives	sibling:phenotype_metabolite_association/sirius_annotation_color_all
15950	C14H22O2	[M + H]+	(2R)-2-ethyldecanoate	CCCCCCCCC(CC)C(=O)O	0.18	Fatty acids	Unsaturated fatty acids	Fatty Acyls	sibling:pathway_targeted_association/sirius_annotation_broad
16020	C40H75O10P	[M + Na]+	cyclopropane phosphatidylglycerol (dihexadec-9,10-cyclo-anoyl, n-C16:0 cyclo)	CCCCCCC1CC1CCCCCCCC(=O)OCC(COP(=O)(O)OCC(CO)O)OC(=O)CCCCCCCC2CC2CCCCCC	0.44	Fatty acids	Glycerophosphoglycerols	Glycerophospholipids	sibling:phenotype_metabolite_association/sirius_annotation_color_all
16042	C23H40N2O6S	[M + K]+	N-({8-hydroxy-6a,10b-dimethyl-7-[2-oxo-2-(piperidin-1-yl)ethyl]-dodecahydronaphtho[2,1-d][1,3]dioxin-3-yl}methyl)methanesulfonamide	CC12CCC3C(C1CCC(C2CC(=O)N4CCCCC4)O)(COC(O3)CNS(=O)(=O)C)C	0.026	Amino acids and Peptides	Tripeptides	Carboxylic acids and derivatives	sibling:phenotype_metabolite_association/sirius_annotation_color_all
16049	C13H21N3O3	[M + Na]+	Aspartylarginine	C(CC(C(=O)O)NC(=O)C(CC(=O)O)N)CN=C(N)N	0.794	Amino acids and Peptides	Dipeptides	Carboxylic acids and derivatives	sibling:phenotype_metabolite_association/sirius_annotation_color_all
16056	C18H20ClNO3	[M + Na]+	N-(5-chloro-2-methylphenyl)-3-methyl-2-oxo-1-oxaspiro[4.5]dec-3-ene-4-carboxamide	CC1=C(C=C(C=C1)Cl)NC(=O)C2=C(C(=O)OC23CCCCC3)C	0.12	Amino acids and Peptides	Open-chain polyketides	Carboxylic acids and derivatives	sibling:phenotype_metabolite_association/sirius_annotation_color_all
16128	C23H40N2O5	[M + K]+	H-DL-Tyr-DL-Pro-DL-Ala-DL-Leu-OH	CC(C)CC(C(=O)O)NC(=O)C(C)NC(=O)C1CCCN1C(=O)C(CC2=CC=C(C=C2)O)N	0.926	Amino acids and Peptides	Tripeptides	Carboxylic acids and derivatives	sibling:pathway_targeted_association/sirius_annotation_broad
16142	C42H79NO7	[M + K]+	2-hydroxy-N-(3-hydroxy-9-methyl-1-{[3,4,5-trihydroxy-6-(hydroxymethyl)oxan-2-yl]oxy}octadeca-4,8,10-trien-2-yl)hexadecanamide	CCCCCCCCCCCCCCC(C(=O)NC(COC1C(C(C(C(O1)CO)O)O)O)C(C=CCCC=C(C)C=CCCCCCCC)O)O	0.028	Terpenoids	Tetracyclic diterpenoids	Fatty Acyls	sibling:phenotype_metabolite_association/sirius_annotation_color_all
16231	C20H37NO3	[M + K]+	[(2S,3R,4E,14Z)-2-amino-3-hydroxyoctadeca-4,14-dienyl] dihydrogen phosphate	CCCC=CCCCCCCCCC=CC(C(COP(=O)(O)O)N)O	0.834	Fatty acids	Sphingoid bases	Sphingolipids	sibling:phenotype_metabolite_association/sirius_annotation_color_all
16859	C32H21Cl2N7O3S4	[M + H]+							sibling:phenotype_metabolite_association/sirius_annotation_color_all
16967	C24H49NO3	[M + H]+	C6 Dihydroceramide	CCCCCCCCCCCCCCCC(C(CO)NC(=O)CCCCC)O	0.145	Fatty acids	N-acyl ethanolamines (endocannabinoids)	Fatty Acyls	sibling:phenotype_metabolite_association/sirius_annotation_color_all
17038	C21H39NO3	[M + H]+		CCCCCCCCC=CCCCCCCCC(=O)N(C)CC(=O)O	0.87	Fatty acids	N-acyl amines	Carboxylic acids and derivatives	sibling:phenotype_metabolite_association/sirius_annotation_color_all
17256	C29H43N5O8	[M + H]+	H-Leu-Val-Phe-Pro-Asp-OH	CC(C)CC(C(=O)NC(C(C)C)C(=O)NC(CC1=CC=CC=C1)C(=O)N2CCCC2C(=O)NC(CC(=O)O)C(=O)O)N	0.244	Amino acids and Peptides	Tripeptides	Carboxylic acids and derivatives	sibling:phenotype_metabolite_association/sirius_annotation_color_all
17610	C46H73N13O9	[M + H]+	(3R,4S)-4-acetamido-N-[(1R,2R)-2-[[(3S,4R)-4-[[(1R,2R)-2-[[(3S,4R)-4-[[(1R,2R)-2-[[(3S,4R)-4-[[(1R,2R)-2-carbamoylcyclopentyl]carbamoyl]pyrrolidin-3-yl]carbamoyl]cyclopentyl]carbamoyl]pyrrolidin-3-yl]carbamoyl]cyclopentyl]carbamoyl]pyrrolidin-3-yl]carbamoyl]cyclopentyl]pyrrolidine-3-carboxamide	CC(=O)NC1CNCC1C(=O)NC2CCCC2C(=O)NC3CNCC3C(=O)NC4CCCC4C(=O)NC5CNCC5C(=O)NC6CCCC6C(=O)NC7CNCC7C(=O)NC8CCCC8C(=O)N	0.06	Amino acids and Peptides	Linear peptides	Carboxylic acids and derivatives	sibling:phenotype_metabolite_association/sirius_annotation_color_all
17651	C12H21NO6	[M + H]+	Diethyl (Boc-amino)malonate	CCOC(=O)C(C(=O)OCC)NC(=O)OC(C)(C)C	0.261	Amino acids and Peptides	Aminoacids	Carboxylic acids and derivatives	sibling:phenotype_metabolite_association/sirius_annotation_color_all
17661	C7H9N3O2	[M + H]+	2-{[Bis(methylamino)methylidene]amino}acetic acid	CNC(=NC)NCC(=O)O	0.29	Amino acids and Peptides	Aminoacids	Carboxylic acids and derivatives	sibling:phenotype_metabolite_association/sirius_annotation_color_all
17835	C36H70NO6P	[M + H]+	13:0 Diether PC, 1,2-di-O-tridecyl-sn-glycero-3-phosphocholine, chloroform	CCCCCCCCCCCCCOCC(COP(=O)(O)OCC[N+](C)(C)C)OCCCCCCCCCCCCC	0.103	Fatty acids	Glycerophosphoethanolamines	Glycerophospholipids	sibling:phenotype_metabolite_association/sirius_annotation_color_all
17842	C37H66N4O4S2	[M + Na]+							sibling:phenotype_metabolite_association/sirius_annotation_color_all
17852	C36H48N4O2	[M + H]+	(4aS,6aR,6aS,6bR,8aR,9R,10R,11S,12aR,14bS)-10,11-dihydroxy-9-(2-hydroxypropan-2-yloxymethyl)-2,2,6a,6b,9,12a-hexamethyl-1,3,4,5,6,6a,7,8,8a,10,11,12,13,14b-tetradecahydropicene-4a-carboxylic acid	CC1(CCC2(CCC3(C(=CCC4C3(CCC5C4(CC(C(C5(C)COC(C)(C)O)O)O)C)C)C2C1)C)C(=O)O)C	0.73	Terpenoids	Ursane and Taraxastane triterpenoids	Prenol lipids	sibling:phenotype_metabolite_association/sirius_annotation_color_all
17857	C22H30N4O6	[M + H]+	2-[[2-[(2-amino-4-carboxybutanoyl)amino]-3-(1H-indol-3-yl)propanoyl]amino]-4-methylpentanoic acid	CC(C)CC(C(=O)O)NC(=O)C(CC1=CNC2=CC=CC=C21)NC(=O)C(CCC(=O)O)N	0.292	Amino acids and Peptides	Tripeptides	Carboxylic acids and derivatives	sibling:phenotype_metabolite_association/sirius_annotation_color_all
17953	C15H24	[M + H]+	2,6,6-trimethyl-9-methylidenecycloundeca-1,4-diene	CC1=CCCC(=C)CCC(C=CC1)(C)C	0.211	Terpenoids	Caryophyllane sesquiterpenoids	Prenol lipids	sibling:secreted_products/sirius_annotation
18018	C8H15FN2O	[M + H]+	2-[Deuterio-(1-methylpyrrol-2-yl)methyl]-1-methylpyrrole	CN1C=CC=C1CC2=CC=CN2C	0.086	Alkaloids	Simple indole alkaloids	Benzene and substituted derivatives	sibling:pathway_targeted_association/sirius_annotation_broad;sibling:phenotype_metabolite_association/sirius_annotation_color_all
18030	C19H35N9O4	[M + H]+	N-[2-({6-[(4-{[benzyl(methyl)amino]methyl}-1H-1,2,3-triazol-1-yl)methyl]-1-azabicyclo[2.2.2]octan-3-yl}formamido)ethyl]acetamide	CC(=O)NCCNC(=O)C1CN2CCC1CC2CN3C=C(N=N3)CN(C)CC4=CC=CC=C4	0.048	Alkaloids	Purine alkaloids		sibling:phenotype_metabolite_association/sirius_annotation_color_all
18068	C28H44O3	[M + H]+	Ercalcitriol	CC(C=CC(C)C(C)(C)O)C1CCC2C1(CCCC2=CC=C3CC(CC(C3=C)O)O)C	0.216	Terpenoids	Ergostane steroids	Prenol lipids	sibling:pathway_targeted_association/sirius_annotation_broad
18209	C46H70N2O7	[M + H]+	lagriamide	CC1CCC(OC1CCCNC(=O)C(C)C(CNC(=O)CC2C(CCC(O2)CC(=O)C3C(O3)C)C)O)C4CCCC(O4)CCC(C)C=C(C)CCC(=O)O	0.085	Polyketides	Polyene macrolides	Carboxylic acids and derivatives	sibling:phenotype_metabolite_association/sirius_annotation_color_all
18410	C24H42O7	[M + Na]+	Leupeptin Acid	CC(C)CC(C(=O)NC(CC(C)C)C(=O)NC(CCCN=C(N)N)C(=O)O)NC(=O)C	0.071	Carbohydrates	Aminoglycosides		sibling:secreted_products/sirius_annotation
18452	C24H31N5O6	[M + H]+	H-Phe-Gly-Leu-Gln	CC(C)CC(C(=O)NC(CCC(=O)N)C(=O)O)NC(=O)CNC(=O)C(CC1=CC=CC=C1)N	0.791	Amino acids and Peptides	Tripeptides	Carboxylic acids and derivatives	sibling:phenotype_metabolite_association/sirius_annotation_color_all
18557	C14H22	[M + H]+	(1E,5Z)-1,4,4-trimethyl-8-methylidenecyclodeca-1,5-diene	CC1=CCC(C=CCC(=C)CC1)(C)C	0.138	Terpenoids	Caryophyllane sesquiterpenoids	Prenol lipids	sibling:secreted_products/sirius_annotation
18650	C43H77N5O11	[M + H]+	2-[2-[bis(carboxymethyl)amino]ethyl-[2-[ethyl-[2-[methyl-[2-[methyl-[2-[(Z)-undec-9-enoyl]oxy-3-[(E)-undec-9-enoyl]oxypropyl]amino]ethyl]amino]-2-oxoethyl]amino]ethyl]amino]acetic acid	CCN(CCN(CCN(CC(=O)O)CC(=O)O)CC(=O)O)CC(=O)N(C)CCN(C)CC(COC(=O)CCCCCCCC=CC)OC(=O)CCCCCCCC=CC	0.283	Amino acids and Peptides	Cyclic peptides	Carboxylic acids and derivatives	sibling:phenotype_metabolite_association/sirius_annotation_color_all
18700	C6H16NO	[M + K]+	[(4,6-Diamino-1,3,5-triazin-2-yl)amino]methanol	C(NC1=NC(=NC(=N1)N)N)O	0.078	Alkaloids	Imidazole alkaloids	Heteroaromatic compounds	sibling:phenotype_metabolite_association/sirius_annotation_color_all
18742	C21H45N2O3	[M + Na]+							sibling:pathway_targeted_association/sirius_annotation_broad
18856	C26H54N8O10	[M + H]+	Vaucheriaxanthin	CC(=CC=CC=C(C)C=CC=C(CO)C=CC12C(CC(CC1(O2)C)O)(C)C)C=CC=C(C)C=C=C3C(CC(CC3(C)O)O)(C)C	0.122	Terpenoids	Carotenoids (C40, β-β)	Prenol lipids	sibling:phenotype_metabolite_association/sirius_annotation_color_all
18923	C21H33N3O4	[M + H]+		CCCCCCCCCCCCCCCCC(=O)NCC(=C)C(=O)O	0.477	Fatty acids	N-acyl amines	Fatty Acyls	sibling:phenotype_metabolite_association/sirius_annotation_color_all
19061	C42H70N4O7Si	[M + Na]+	tert-butyl N-[(2S,3S,5R)-3-[tert-butyl(dimethyl)silyl]oxy-5-[[4-(dimethylcarbamoyl)phenyl]methyl]-6-[[(2S,3S)-3-methyl-1-oxo-1-(4-oxopiperidin-1-yl)pentan-2-yl]amino]-6-oxo-1-phenylhexan-2-yl]carbamate	CCC(C)C(C(=O)N1CCC(=O)CC1)NC(=O)C(CC2=CC=C(C=C2)C(=O)N(C)C)CC(C(CC3=CC=CC=C3)NC(=O)OC(C)(C)C)O[Si](C)(C)C(C)(C)C	-inf	Amino acids and Peptides	Microcolins and mirabimids	Peptidomimetics	sibling:phenotype_metabolite_association/sirius_annotation_color_all
19115	C47H66N12O10	[M + H]+	Soyasaponin V	CC1(CC2C3=CCC4C5(CCC(C(C5CCC4(C3(CCC2(C(C1)O)C)C)C)(C)CO)OC6C(C(C(C(O6)C(=O)O)O)O)OC7C(C(C(C(O7)CO)O)O)OC8C(C(C(C(O8)CO)O)O)O)C)C	0.772	Terpenoids	Oleanane triterpenoids	Prenol lipids	sibling:pathway_targeted_association/sirius_annotation_broad
19291	C32H51N7O11	[M + Na]+	H-Leu-Tyr-Arg-Ala-Tyr-N3	CC(C)CC(C(=O)NC(CC1=CC=C(C=C1)O)C(=O)NC(CCCN=C(N)N)C(=O)NC(C)C(=O)NC(CC2=CC=C(C=C2)O)C(=O)N=[N+]=[N-])N	0.048	Amino acids and Peptides	Cyclic peptides	Carboxylic acids and derivatives	sibling:phenotype_metabolite_association/sirius_annotation_color_all
19967	C35H41N5O8	[M + H]+	CDR-H1-5 peptide	CCC(C)C(C(=O)O)NC(=O)C(CC(C)C)NC(=O)C(C(C)C)NC(=O)C(CC1=CC=C(C=C1)O)NC(=O)C(CC(=O)O)N	0.661	Amino acids and Peptides	Tripeptides	Carboxylic acids and derivatives	sibling:secreted_products/sirius_annotation
20042	C23H40O5	[M + Na]+	Hippolide F	CC(=CCCC(=CCC1C(=CC(=O)O1)CO)CO)CCC=C(C)CCC=C(C)CO	0.047	Terpenoids	Open-chain polyketides	Prenol lipids	sibling:phenotype_metabolite_association/sirius_annotation_color_all
20192	C2H3Cl2N3O	[M + K]+	2-Nitroethenesulfonyl chloride	C(=CS(=O)(=O)Cl)[N+](=O)[O-]	0.007	Fatty acids	Halogenated fatty acids	Organic sulfonic acids and derivatives	sibling:phenotype_metabolite_association/sirius_annotation_color_all
20252	C12H16	[M + H]+	2,3-Dimethyl-1,4,5,8-tetrahydronaphthalene	CC1=C(CC2=C(C1)CC=CC2)C	0.157	Terpenoids	Caryophyllane sesquiterpenoids	Prenol lipids	sibling:secreted_products/sirius_annotation
20373	C26H42O4	[M + Na]+							sibling:phenotype_metabolite_association/sirius_annotation_color_all
20555	C30H41NO3	[M + H]+							sibling:pathway_targeted_association/sirius_annotation_broad;sibling:phenotype_metabolite_association/sirius_annotation_color_all
20646	C42H22N2O24S6	[M + K]+		C1=CC=C2C(=C1)C(=C3C=C4C(=CC3=C2OS(=O)(=O)O)N=C5C4=C6C7=CC8=C(C9=CC=CC=C9C(=C8C=C7N=C6C1=C(C2=CC=CC=C2C(=C15)OS(=O)(=O)O)OS(=O)(=O)O)OS(=O)(=O)O)OS(=O)(=O)O)OS(=O)(=O)O	-inf	Amino acids and Peptides	Anthraquinones and anthrones	Carboxylic acids and derivatives	sibling:pathway_targeted_association/sirius_annotation_broad
20727	C19H21FN4O3	[M + H]+	Fellutanine	C1=CC=C2C(=C1)C(=CN2)CC3C(=O)NC(C(=O)N3)CC4=CNC5=CC=CC=C54	0.998	Amino acids and Peptides	Indole diketopiperazine alkaloids (L-Trp, L-Trp)	Carboxylic acids and derivatives	sibling:phenotype_metabolite_association/sirius_annotation_color_all
20766	C16H23N5O4S	[M + H]+	2-Methylthio-N6-(Delta2-Isopentenyl)Adenosine	CC(=CCNC1=C2C(=NC(=N1)SC)N(C=N2)C3C(C(C(O3)CO)O)O)C	0.881	Carbohydrates	Purine nucleosides	Purine nucleosides	sibling:secreted_products/sirius_annotation
20777	C43H59N3O15Si5	[M + H]+							sibling:phenotype_metabolite_association/sirius_annotation_color_all
20832	C7H11AsN2O	[M + H]+	But-2-ene-2,3-disulfonamide	CC(=C(C)S(=O)(=O)N)S(=O)(=O)N	0.055	Amino acids and Peptides	Aminoacids	Carboxylic acids and derivatives	sibling:phenotype_metabolite_association/sirius_annotation_color_all
21139	C11H18FNO	[M + H]+	(1Z,3E)-1-fluoro-2-(methoxymethyl)-N-methylocta-1,3,6-trien-3-amine	CC=CCC=C(C(=CF)COC)NC	0.007	Alkaloids	Phenylalanine-derived alkaloids	Benzene and substituted derivatives	sibling:pathway_targeted_association/sirius_annotation_broad
21185	C11H15N5O4S	[M + H]+	Methylthioadenosine Sulfoxide	CS(=O)CC1C(C(C(O1)N2C=NC3=C(N=CN=C32)N)O)O	0.97	Carbohydrates	Purine nucleosides	5'-deoxyribonucleosides	sibling:phenotype_metabolite_association/sirius_annotation_color_all
21222	C9H11N3O3	[M + H]+	N-(Bis-acetylamino-methyl)-acetamide	CC(=O)NC(NC(=O)C)NC(=O)C	0.373	Alkaloids	Imidazole alkaloids	Organonitrogen compounds	sibling:phenotype_metabolite_association/sirius_annotation_color_all
21292	C31H53NO12	[M + H]+	H-Cha-Asp-Leu-Pro-Leu-OH	CC(C)CC(C(=O)N1CCCC1C(=O)NC(CC(C)C)C(=O)O)NC(=O)C(CC(=O)O)NC(=O)C(CC2CCCCC2)N	0.046	Amino acids and Peptides	Cyclic peptides	Carboxylic acids and derivatives	sibling:phenotype_metabolite_association/sirius_annotation_color_all
21315	C29H52N6O5	[M + H]+	1-N,1-N'-bis[(1R)-2-hydroxy-1-phenyl-2-propylpentyl]cyclopentane-1,1-dicarboxamide	CCCC(CCC)(C(C1=CC=CC=C1)NC(=O)C2(CCCC2)C(=O)NC(C3=CC=CC=C3)C(CCC)(CCC)O)O	0.052	Alkaloids	Polyamines	Carboxylic acids and derivatives	sibling:pathway_targeted_association/sirius_annotation_broad;sibling:pathway_targeted_association/sirius_annotation
21392	C37H66O8	[M + Na]+	Bullatalicinone	CCCCCCCCCCC(C1CCC(O1)C(CCC(C2CCC(O2)CCCCCCCC3CC(C(=O)O3)CC(=O)C)O)O)O	0.075	Terpenoids	Open-chain polyketides	Fatty Acyls	sibling:phenotype_metabolite_association/sirius_annotation_color_all
21516	C7H9N3O2	[M + H]+	2-{[Bis(methylamino)methylidene]amino}acetic acid	CNC(=NC)NCC(=O)O	0.328	Amino acids and Peptides	Aminoacids	Organonitrogen compounds	sibling:phenotype_metabolite_association/sirius_annotation_color_all
21663	C12H16O7	[M + H]+	[(2R,4R)-3,4-diacetyloxy-3,4-dihydro-2H-pyran-2-yl]methyl acetate	CC(=O)OCC1C(C(C=CO1)OC(=O)C)OC(=O)C	0.639	Shikimates and Phenylpropanoids	Shikimic acids and derivatives	Carboxylic acids and derivatives	sibling:phenotype_metabolite_association/sirius_annotation_color_all
21753	C19H28ClFN4O3	[M + H]+	N-[3-(1H-indol-3-yl)-1-[2-(4-methyl-5-sulfanylidene-1H-1,2,4-triazol-3-yl)ethylamino]-1-oxopropan-2-yl]-2-methylpropanamide	CC(C)C(=O)NC(CC1=CNC2=CC=CC=C21)C(=O)NCCC3=NNC(=S)N3C	0.091	Amino acids and Peptides	Dipeptides	Carboxylic acids and derivatives	sibling:phenotype_metabolite_association/sirius_annotation_color_all
21877	C28H32N4O8	[M + H]+	Cbz-D-Phe-D-Tyr(Bn)-OH	C1=CC=C(C=C1)CC(C(=O)NC(CC2=CC=C(C=C2)OCC3=CC=CC=C3)C(=O)O)NC(=O)OCC4=CC=CC=C4	0.207	Amino acids and Peptides	Tripeptides	Carboxylic acids and derivatives	sibling:phenotype_metabolite_association/sirius_annotation_color_all
21889	C14H24N6O7	[M + H]+	H-Gly-Gly-Gly-Gly-Gly-Gly-OEt	CCOC(=O)CNC(=O)CNC(=O)CNC(=O)CNC(=O)CNC(=O)CN	0.131	Carbohydrates	Purine nucleosides	Carboxylic acids and derivatives	sibling:secreted_products/sirius_annotation
22163	C12H14O2	[M + H]+	6-hydroxy-2,6-dimethylocta-2,7-dien-4-one	CC(=CC(=O)CC(C)(C=C)O)C	0.038	Terpenoids	Apocarotenoids(ε-)	Organooxygen compounds	sibling:phenotype_metabolite_association/sirius_annotation_color_all
22398	C33H49N5O7	[M + H]+	Bemotrizinol	CCCCC(CC)COC1=CC(=C(C=C1)C2=NC(=NC(=N2)C3=CC=C(C=C3)OC)C4=C(C=C(C=C4)OCC(CC)CCCC)O)O	0.05	Polyketides	Pyridine alkaloids	Benzene and substituted derivatives	sibling:phenotype_metabolite_association/sirius_annotation_color_all
22588	C10H11NO2	[M + H]+	1,2,3,4-tetrahydroisoquinoline-3-carboxylic acid	C1C(NCC2=CC=CC=C21)C(=O)O	0.748	Alkaloids	Aminoacids	Carboxylic acids and derivatives	sibling:pathway_targeted_association/sirius_annotation_broad
22632	C14H20N2O2	[M + H]+	N-{2-[4-(2-acetamidoethyl)phenyl]ethyl}acetamide	CC(=O)NCCC1=CC=C(C=C1)CCNC(=O)C	0.036	Amino acids and Peptides	Dipeptides	Carboxylic acids and derivatives	sibling:phenotype_metabolite_association/sirius_annotation_color_all
22721	C39H56O6	[M + H]+							sibling:phenotype_metabolite_association/sirius_annotation_color_all
22919	C13H20O2	[M + H]+	7-methoxy-3,7-dimethyloctanal	CC(CCCC(C)(C)OC)CC=O	0.125	Terpenoids	Acyclic monoterpenoids		sibling:phenotype_metabolite_association/sirius_annotation_color_all
22963	C41H56O7	[M + H]+	2-{[11-hydroxy-1-(2-hydroxy-6-methylhept-5-en-2-yl)-3a,3b,6,6,9a-pentamethyl-hexadecahydro-1H-cyclopenta[a]phenanthren-7-yl]oxy}-6-(hydroxymethyl)oxane-3,4,5-triol	CC(=CCCC(C)(C1CCC2(C1C(CC3C2(CCC4C3(CCC(C4(C)C)OC5C(C(C(C(O5)CO)O)O)O)C)C)O)C)O)C	0.072	Terpenoids	Cucurbitane triterpenoids	Prenol lipids	sibling:phenotype_metabolite_association/sirius_annotation_color_all
23197	C42H57N3O7	[M + H]+	[3-[2-aminoethoxy(hydroxy)phosphoryl]oxy-2-[(7E,9E,11E,13E)-hexadeca-7,9,11,13-tetraenoyl]oxypropyl] (4E,7E,10E,13E,16E)-nonadeca-4,7,10,13,16-pentaenoate	CCC=CCC=CCC=CCC=CCC=CCCC(=O)OCC(COP(=O)(O)OCCN)OC(=O)CCCCCC=CC=CC=CC=CCC	0.254	Fatty acids	Glycerophosphoethanolamines	Carboxylic acids and derivatives	sibling:phenotype_metabolite_association/sirius_annotation_color_all
23217	C43H71NO6	[M + H]+	[3-(4-aminobutanoyloxy)-2-[(9Z,12E,15E)-octadeca-9,12,15-trienoyl]oxypropyl] (9E,12E,15E)-octadeca-9,12,15-trienoate	CCC=CCC=CCC=CCCCCCCCC(=O)OCC(COC(=O)CCCN)OC(=O)CCCCCCCC=CCC=CCC=CCC	0.072	Fatty acids	Neutral glycosphingolipids	Sphingolipids	sibling:pathway_targeted_association/sirius_annotation_broad;sibling:phenotype_metabolite_association/sirius_annotation_color_all
23283	C7H9N3O2	[M + H]+	Methyl 2-amino-4-methylpyrimidine-5-carboxylate	CC1=NC(=NC=C1C(=O)OC)N	0.35	Alkaloids	Aminoacids	Diazines	sibling:phenotype_metabolite_association/sirius_annotation_color_all
23456	C36H52O9	[M + H]+							sibling:phenotype_metabolite_association/sirius_annotation_color_all
23465	C31H56N2O8	[M + Na]+	7-oxo-6-(3,4,5-trihydroxy-2-methoxy-8-methylnon-6-enamido)azepan-3-yl 12-methyltridecanoate	CC(C)CCCCCCCCCCC(=O)OC1CCC(C(=O)NC1)NC(=O)C(C(C(C(C=CC(C)C)O)O)O)OC	0.071	Carbohydrates	Pyrimidine nucleosides	Diazines	sibling:phenotype_metabolite_association/sirius_annotation_color_all
23511	C42H74N4O8	[M + H]+	1,2,2-Tris[(1,2,2,5,5-pentamethylpyrrolidine-3-carbonyl)oxy]ethyl 1,2,2,5,5-pentamethylpyrrolidine-3-carboxylate	CC1(CC(C(N1C)(C)C)C(=O)OC(C(OC(=O)C2CC(N(C2(C)C)C)(C)C)OC(=O)C3CC(N(C3(C)C)C)(C)C)OC(=O)C4CC(N(C4(C)C)C)(C)C)C	0.003	Amino acids and Peptides	Linear peptides	Carboxylic acids and derivatives	sibling:phenotype_metabolite_association/sirius_annotation_color_all
23610	C25H44O8	[M + Na]+	1,2,3-trimethyl 2-hydroxy-1-(15-oxohexadecyl)propane-1,2,3-tricarboxylate	CC(=O)CCCCCCCCCCCCCCC(C(=O)OC)C(CC(=O)OC)(C(=O)OC)O	0.133	Fatty acids	Fatty alcohols	Fatty Acyls	sibling:phenotype_metabolite_association/sirius_annotation_color_all
23637	C75H105N3O8	[M + Na]+		CCC1C(=O)N(CC(=O)N(C(C(=O)NC(C(=O)N(C(C(=O)NC(C(=O)NC(C(=O)N(C(C(=O)N(C(C(=O)N(C(C(=O)N(C(C(=O)N1)C(C(C)CC=CC)O)C)C(C)C)C)CC(C)C)C)CC(C)C)C)C)C)C)C)C(C)C)CC(C)C)C)C	0.159	Amino acids and Peptides	Lipopeptides	Carboxylic acids and derivatives	sibling:phenotype_metabolite_association/sirius_annotation_color_all
23781	C21H35NO3	[M + H]+	2-heptadecanamidoacetic acid	CCCCCCCCCCCCCCCCC(=O)NCC(=O)O	0.421	Fatty acids	N-acyl amines	Carboxylic acids and derivatives	sibling:phenotype_metabolite_association/sirius_annotation_color_all
23982	C35H45NO7	[M + H]+	Methyl 2-(3-(((3-(6-amino-2-butoxy-8-oxo-7H-purin-9(8H)-yl)propyl)(3-morpholinopropyl)amino)methyl)phenyl)acetate	CCCCOC1=NC(=C2C(=N1)N(C(=O)N2)CCCN(CCCN3CCOCC3)CC4=CC=CC(=C4)CC(=O)OC)N	0.121	Amino acids and Peptides	Cyclic peptides	Carboxylic acids and derivatives	sibling:phenotype_metabolite_association/sirius_annotation_color_all
24054	C8H16N2O3	[M + K]+		CC(C)CC(C(=O)NCC(=O)O)N	0.352	Amino acids and Peptides	Dipeptides	Carboxylic acids and derivatives	sibling:phenotype_metabolite_association/sirius_annotation_color_all
24478	C49H86O6	[M + H]+	Glisoprenin E	CC(=CCCC(=CCCC(C)(C(CCC(=CCO)C)O)O)C)CCCC(C)(CCCC(C)(CCCC(C)(CCCC(C)(CCC(C(C)(C)O)O)O)O)O)O	0.715	Terpenoids	Farnesane sesquiterpenoids	Prenol lipids	sibling:phenotype_metabolite_association/sirius_annotation_color_all
24495	C66H125NO25	[M + H]+							sibling:phenotype_metabolite_association/sirius_annotation_color_all
24522	C47H72N2O5	[M + K]+	2-[2-(2-{3,6-dimethyl-4-azabicyclo[9.3.1]pentadeca-1(15),6,11,13-tetraen-9-yl}-7-hydroxydodeca-1,3,5-trien-6-yl)-1,10-dihydroxy-6-(3-hydroxypropyl)-10-[2-(methylamino)ethyl]spiro[4.5]decan-7-ylidene]propanal	CCCCCC(C(=CC=CC(=C)C1CC=C(CNC(CC2=CC(=CC=C2)C1)C)C)C3CCC4(C3O)C(C(=C(C)C=O)CCC4(CCNC)O)CCCO)O	0.075	Fatty acids	Phosphosphingolipids	Sphingolipids	sibling:pathway_targeted_association/sirius_annotation_broad;sibling:phenotype_metabolite_association/sirius_annotation_color_all
24534	C64H102N12O11S	[M + H]+							sibling:phenotype_metabolite_association/sirius_annotation_color_all
24556	C67H90O12	[M + H]+							sibling:phenotype_metabolite_association/sirius_annotation_color_all
24720	C17H12O5	[M + Na]+	1-Bromo-4-{2-[2-(2-methoxyethoxy)ethoxy]ethoxy}benzene	COCCOCCOCCOC1=CC=C(C=C1)Br	0.102	Polyketides	Bisabolane sesquiterpenoids	Phenol ethers	sibling:phenotype_metabolite_association/sirius_annotation_color_all
24854	C17H23N3O2	[M + H]+	3-[3-(4-tert-butylphenyl)-1,2,4-oxadiazol-5-yl]-N-ethylpropanamide	CCNC(=O)CCC1=NC(=NO1)C2=CC=C(C=C2)C(C)(C)C	0.211	Alkaloids	Quinazoline alkaloids	Benzene and substituted derivatives	sibling:phenotype_metabolite_association/sirius_annotation_color_all
24959	C50H87N7O11	[M + H]+	19-(3-{3-[2-(3-aminophenyl)cyclopentyl]-3-methyloxiran-2-yl}-1-cyclohexyl-3-hydroxypropyl)-10-hydroxy-3-{3-hydroxy-5-[(methylamino)methyl]phenyl}-15-(2-hydroxyethyl)-1,5,10,16-tetramethyl-12-azapentacyclo[11.10.1.0⁵,²⁴.0¹⁵,²³.0¹⁶,²⁰]tetracos-19-ene-4,18-dione	CC1(CCCCC2(C3C(CC4(C(C3(CC(C2=O)C5=CC(=CC(=C5)CNC)O)C)CCC6=C(C(=O)CC64C)C(CC(C7C(O7)(C)C8CCCC8C9=CC(=CC=C9)N)O)C2CCCCC2)CCO)NC1)C)O	0.048	Alkaloids	Chalcones	Benzene and substituted derivatives	sibling:phenotype_metabolite_association/sirius_annotation_color_all
25226	C57H68O9	[M + H]+							sibling:phenotype_metabolite_association/sirius_annotation_color_all
25237	C24H50O8	[M + H]+	Heptaethylene glycol monodecyl ether	CCCCCCCCCCOCCOCCOCCOCCOCCOCCOCCO	0.461	Fatty acids	Fatty alcohols	Organooxygen compounds	sibling:phenotype_metabolite_association/sirius_annotation_color_all
25445	C24H48NO7P	[M + Na]+	1-[(9E)-hexadecenoyl]-sn-glycero-3-phosphocholine	CCCCCCC=CCCCCCCCC(=O)OCC(COP(=O)(O)OCC[N+](C)(C)C)O	0.47	Fatty acids	Glycerophosphocholines	Glycerophospholipids	sibling:phenotype_metabolite_association/sirius_annotation_color_all
25750	C38H72NO5P	[M + H]+	5-[[(1R,3aS,5aR,5bR,7aR,11aR,11bR,13aR,13bR)-1-isopropenyl-5a,5b,8,8,11a-pentamethyl-3a-(morpholinomethyl)-1,2,3,4,5,6,7,7a,9,10,11,11b,12,13,13a,13b-hexadecahydrocyclopenta[a]chrysen-9-yl]oxy]-3,3-dimethyl-5-oxo-pentanoic acid	CC(=C)C1CCC2(C1C3CCC4C5(CCC(C(C5CCC4(C3(CC2)C)C)(C)C)OC(=O)CC(C)(C)CC(=O)O)C)CN6CCOCC6	0.048	Fatty acids	Neutral glycosphingolipids	Sphingolipids	sibling:phenotype_metabolite_association/sirius_annotation_color_all
25842	C57H94O21	[M + H]+							sibling:phenotype_metabolite_association/sirius_annotation_color_all
25888	C12H16O7	[M + H]+	[(2R,4R)-3,4-diacetyloxy-3,4-dihydro-2H-pyran-2-yl]methyl acetate	CC(=O)OCC1C(C(C=CO1)OC(=O)C)OC(=O)C	0.42	Carbohydrates	Shikimic acids and derivatives	Organooxygen compounds	sibling:phenotype_metabolite_association/sirius_annotation_color_all
26095	C53H66O8	[M + Na]+							sibling:phenotype_metabolite_association/sirius_annotation_color_all
26159	C22H42NO8P	[M + H]+	(2S)-2-amino-3-[3-[(Z)-hexadec-9-enoyl]oxypropoxy-hydroxyphosphoryl]oxypropanoic acid	CCCCCCC=CCCCCCCCC(=O)OCCCOP(=O)(O)OCC(C(=O)O)N	0.672	Fatty acids	Glycerophosphoserines	Glycerophospholipids	sibling:phenotype_metabolite_association/sirius_annotation_color_all
26444	C30H52N4O6	[M + H]+	[(3S,5S,8R,10S,13S,14S,16S,17R)-17-acetyloxy-10,13-dimethyl-2,16-di(piperidin-1-yl)-2,3,4,5,6,7,8,9,11,12,14,15,16,17-tetradecahydro-1H-cyclopenta[a]phenanthren-3-yl] acetate	CC(=O)OC1CC2CCC3C(C2(CC1N4CCCCC4)C)CCC5(C3CC(C5OC(=O)C)N6CCCCC6)C	0.027	Fatty acids	Open-chain polyketides	Steroids and steroid derivatives	sibling:pathway_targeted_association/sirius_annotation_broad;sibling:pathway_targeted_association/sirius_annotation
26483	C25H42N6O10	[M + H]+	Ac-Gln-Leu-Asp-Leu-Gly-OH	CC(C)CC(C(=O)NC(CC(=O)O)C(=O)NC(CC(C)C)C(=O)NCC(=O)O)NC(=O)C(CCC(=O)N)NC(=O)C	0.027	Amino acids and Peptides	Cyclic peptides	Carboxylic acids and derivatives	sibling:phenotype_metabolite_association/sirius_annotation_color_all
26489	C8H13BFNO2	[M + H]+		CC1(C(=NC(N1[O])(C)C)C=NO)C	0.028	Alkaloids	Aminoacids	Azacyclic compounds	sibling:phenotype_metabolite_association/sirius_annotation_color_all
26616	C28H36N4O8	[M + H]+	4-(2-amino-3-methylbutanamido)-4-({1-[(1-carboxy-2-phenylethyl)carbamoyl]-2-(4-hydroxyphenyl)ethyl}carbamoyl)butanoic acid	CC(C)C(C(=O)NC(CCC(=O)O)C(=O)NC(CC1=CC=C(C=C1)O)C(=O)NC(CC2=CC=CC=C2)C(=O)O)N	0.879	Amino acids and Peptides	Tripeptides	Carboxylic acids and derivatives	sibling:phenotype_metabolite_association/sirius_annotation_color_all
26647	CHNO5P2S6	[M + K]+							sibling:phenotype_metabolite_association/sirius_annotation_color_all
26670	C18H38NO7P	[M + H]+	1-O-Decylpropanediyl-3-phosphorylcholine	CCCCCCCCCC(=O)OCC(COP(=O)(O)OCC[N+](C)(C)C)O	0.572	Fatty acids	Glycerophosphocholines	Glycerophospholipids	sibling:phenotype_metabolite_association/sirius_annotation_color_all
26764	C11H22N4O2	[M + H]+	2-hydrazinyl-2-oxo-N-(2,2,6,6-tetramethylpiperidin-1-ium-4-yl)acetamide	CC1(CC(CC(N1)(C)C)NC(=O)C(=O)NN)C	0.116	Amino acids and Peptides	Polyamines	Carboxylic acids and derivatives	sibling:phenotype_metabolite_association/sirius_annotation_color_all
26822	C9H11NO3	[M + H]+	4-Acetamido-3-methylbutanoic acid	CC(CC(=O)O)CNC(=O)C	0.151	Amino acids and Peptides	Piperidine alkaloids	Carboxylic acids and derivatives	sibling:phenotype_metabolite_association/sirius_annotation_color_all
26859	C28H41N7O9	[M + H]+	Phenylalanyl-leucyl-arginyl-phenylalanine	CC(C)CC(C(=O)NC(CCCN=C(N)N)C(=O)NC(CC1=CC=CC=C1)C(=O)O)NC(=O)C(CC2=CC=CC=C2)N	0.918	Amino acids and Peptides	Tripeptides	Carboxylic acids and derivatives	sibling:pathway_targeted_association/sirius_annotation_broad;sibling:phenotype_metabolite_association/sirius_annotation_color_all
27022	C10H14O6	[M + H]+	2-(1-hydroxy-2,2-dimethoxyethyl)oxolane-3,4-diol	COC(C(C1C(C(CO1)O)O)O)OC	0.339	Carbohydrates	Monosaccharides	Organooxygen compounds	sibling:phenotype_metabolite_association/sirius_annotation_color_all
27092	C25H49N2O4	[M + H]+	8-Doxylpalmitoylcholine	CCCCCCCCC1(N(C(CO1)(C)C)[O])CCCCCCC(=O)OCC[N+](C)(C)C	-inf	Amino acids and Peptides	Open-chain polyketides	Carboxylic acids and derivatives	sibling:pathway_targeted_association/sirius_annotation_broad
27349	C28H51NO7	[M + H]+	3-[[4-(2-carboxyethoxymethyl)-2-heptadecyl-5H-1,3-oxazol-4-yl]methoxy]propanoic acid	CCCCCCCCCCCCCCCCCC1=NC(CO1)(COCCC(=O)O)COCCC(=O)O	0.252	Fatty acids	Open-chain polyketides	Fatty Acyls	sibling:phenotype_metabolite_association/sirius_annotation_color_all
27685	C29H65N9	[M + H]+							sibling:phenotype_metabolite_association/sirius_annotation_color_all
27931	C30H35N9O13	[M + H]+							sibling:phenotype_metabolite_association/sirius_annotation_color_all
28218	C9H11N3O3	[M + H]+	N-{5-[(acetamidoimino)methyl]furan-2-yl}acetamide	CC(=O)NC1=CC=C(O1)C=NNC(=O)C	0.109	Alkaloids	Imidazole alkaloids	Organonitrogen compounds	sibling:pathway_targeted_association/sirius_annotation_broad;sibling:phenotype_metabolite_association/sirius_annotation_color_all
28303	C21H43NO	[M + H]+	Octadecanamide, N-(1-methylethyl)-	CCCCCCCCCCCCCCCCCC(=O)NC(C)C	0.677	Fatty acids	Primary amides	Fatty Acyls	sibling:pathway_targeted_association/sirius_annotation_broad
28488	C9H11FN2O4	[M + H]+	5-tert-Butyl-m-toluic acid	CC1=CC(=CC(=C1)C(C)(C)C)C(=O)O	0.212	Shikimates and Phenylpropanoids	Cinnamic acids and derivatives	Benzene and substituted derivatives	sibling:phenotype_metabolite_association/sirius_annotation_color_all
28783	C12H14	[M + H]+	1,2,3,5,6,7-Hexahydro-s-indacene	C1CC2=CC3=C(CCC3)C=C2C1	0.046	Terpenoids	Guaiane sesquiterpenoids	Prenol lipids	sibling:phenotype_metabolite_association/sirius_annotation_color_all
28880	C57H104O9	[M + Na]+							sibling:phenotype_metabolite_association/sirius_annotation_color_all
29010	C19H35N5O8	[M + H]+	H-Gly-Pro-Arg-Pro-NHNH2	C1CC(N(C1)C(=O)CN)C(=O)NC(CCCN=C(N)N)C(=O)N2CCCC2C(=O)NN	0.466	Amino acids and Peptides	Tripeptides	Carboxylic acids and derivatives	sibling:phenotype_metabolite_association/sirius_annotation_color_all
29122	C11H12N2O2	[M + H]+	Htrp	C1=CC=C2C(=C1)C(=CN2)CC(C(=O)O)N	0.915	Amino acids and Peptides	Aminoacids	Carboxylic acids and derivatives	sibling:phenotype_metabolite_association/sirius_annotation_color_all
29283	C46H70O18	[M + Na]+	6-[(4-formyl-4,6a,6b,11,11,14b-hexamethyl-8-oxo-1,2,3,4,4a,5,6,6a,6b,7,8,8a,9,10,11,12,12a,14,14a,14b-icosahydropicen-3-yl)oxy]-3-hydroxy-5-{[3,4,5-trihydroxy-6-(hydroxymethyl)oxan-2-yl]oxy}-4-[(3,4,5-trihydroxyoxan-2-yl)oxy]oxane-2-carboxylic acid	CC1(CCC2C(C1)C3=CCC4C5(CCC(C(C5CCC4(C3(CC2=O)C)C)(C)C=O)OC6C(C(C(C(O6)C(=O)O)O)OC7C(C(C(CO7)O)O)O)OC8C(C(C(C(O8)CO)O)O)O)C)C	0.764	Terpenoids	Oleanane triterpenoids	Prenol lipids	sibling:phenotype_metabolite_association/sirius_annotation_color_all
29560	C12H24N2O3	[M + H]+	2-[(2-amino-1-hydroxy-4-methylpentylidene)amino]-3-methylpentanoic acid	CCC(C)C(C(=O)O)NC(=O)C(CC(C)C)N	0.572	Amino acids and Peptides	Dipeptides	Carboxylic acids and derivatives	sibling:phenotype_metabolite_association/sirius_annotation_color_all
29618	C23H28O9	[M + Na]+							sibling:pathway_targeted_association/sirius_annotation_broad
29650	C25H47NO6	[M + H]+	H-Lys-Lys-Lys-Ala-al	CC(C=O)NC(=O)C(CCCCN)NC(=O)C(CCCCN)NC(=O)C(CCCCN)N	0.141	Amino acids and Peptides	Linear peptides	Carboxylic acids and derivatives	sibling:phenotype_metabolite_association/sirius_annotation_color_all
29797	C14H20N2O4	[M + H]+	2-[2-amino-3-(4-hydroxyphenyl)propanamido]-3-methylbutanoic acid	CC(C)C(C(=O)O)NC(=O)C(CC1=CC=C(C=C1)O)N	0.955	Amino acids and Peptides	Dipeptides	Carboxylic acids and derivatives	sibling:pathway_targeted_association/sirius_annotation_broad
29926	C25H32N3O5	[M + H]+	2-{[1-(2-amino-3-methylbutanoyl)piperidin-4-yl]formamido}-N-[4-(propan-2-yl)phenyl]propanamide	CC(C)C1=CC=C(C=C1)NC(=O)C(C)NC(=O)C2CCN(CC2)C(=O)C(C(C)C)N	0.125	Amino acids and Peptides	Tripeptides	Carboxylic acids and derivatives	sibling:pathway_targeted_association/sirius_annotation_broad
29958	C10H18N3O	[M + H]+	1,4-Bis((vinyloxy)methyl)cyclohexane	C=COCC1CCC(CC1)COC=C	0.059	Fatty acids	Unsaturated fatty acids		sibling:secreted_products/sirius_annotation
30024	C36H56O4	[M + H]+	2,3-dihydroxypropyl 28-hydroxyoctacosanoate	C(CCCCCCCCCCCCCC(=O)OCC(CO)O)CCCCCCCCCCCCCO	0.024	Terpenoids	Diacylglycerols	Organooxygen compounds	sibling:phenotype_metabolite_association/sirius_annotation_color_all
30160	C44H56	[M + H]+							sibling:phenotype_metabolite_association/sirius_annotation_color_all
30247	C39H64O5	[M + Na]+							sibling:phenotype_metabolite_association/sirius_annotation_color_all
30267	C41H43N5O10	[M + K]+							sibling:phenotype_metabolite_association/sirius_annotation_color_all
30276	C17H20N2O3	[M + H]+	tert-butyl N-[3-[2-(2-aminoethoxy)ethoxy]propyl]carbamate	CC(C)(C)OC(=O)NCCCOCCOCCN	0.031	Amino acids and Peptides	Dipeptides	Carboxylic acids and derivatives	sibling:pathway_targeted_association/sirius_annotation_broad
30405	C7H12ClF3N2O2	[M + H]+							sibling:phenotype_metabolite_association/sirius_annotation_color_all
30594	C30H44	[M + H]+	2,6,6-Trimethyl-3,3-bis(2,6,6-trimethyl-3-bicyclo[3.1.1]hept-1-enyl)bicyclo[3.1.1]hept-1-ene	CC1=C2CC(C2(C)C)CC1C3(CC4CC(=C3C)C4(C)C)C5CC6CC(=C5C)C6(C)C	0.141	Terpenoids	Lupane triterpenoids	Prenol lipids	sibling:pathway_targeted_association/sirius_annotation_broad
30686	C22H38O5	[M + H]+	2-Decyl-1,4,7,10,13-pentaoxacyclopentadecane	CCCCCCCCCCC1COCCOCCOCCOCCO1	0.065	Fatty acids	Wax monoesters	Fatty Acyls	sibling:phenotype_metabolite_association/sirius_annotation_color_all
32106	C49H77N3O8	[M + H]+		CCCCCCCCCCCC(=O)NC(C)(C)C(=O)N1CCCC1C(=O)NC(CC(C)C)C(=O)NC(C)C(=O)NC(CCC(=O)N)C(=O)NC(CC(C)C)COC(=O)C	0.102	Amino acids and Peptides	Lipopeptides	Carboxylic acids and derivatives	sibling:phenotype_metabolite_association/sirius_annotation_color_all
32177	C16H24N6O5	[M + H]+	H-Ala-Glu-Arg-al	CC(C(=O)NC(CCC(=O)O)C(=O)NC(CCCN=C(N)N)C=O)N	0.166	Amino acids and Peptides	Tripeptides	Carboxylic acids and derivatives	sibling:phenotype_metabolite_association/sirius_annotation_color_all
32234	C37H62N2O7	[M + H]+	2,2,2-Tris(3,5-di-tert-butylphenyl)ethanone	CC(C)(C)C1=CC(=CC(=C1)C(C=O)(C2=CC(=CC(=C2)C(C)(C)C)C(C)(C)C)C3=CC(=CC(=C3)C(C)(C)C)C(C)(C)C)C(C)(C)C	0.831	Terpenoids	Carotenoids (C40, π-π)	Benzene and substituted derivatives	sibling:phenotype_metabolite_association/sirius_annotation_color_all
32319	C11H9NO2	[M + H]+	Trans-3-Indoleacrylic Acid	C1=CC=C2C(=C1)C(=CN2)C=CC(=O)O	0.518	Alkaloids	Simple indole alkaloids	Indoles and derivatives	sibling:phenotype_metabolite_association/sirius_annotation_color_all
32368	C59H108N2O22	[M + H]+	Trichorovin-Ixb	CC(C)CC(C(=O)NC(CC(C)C)C(=O)NC(C)(C)C(=O)N1CCCC1C(=O)NC(CO)C(C)C)NC(=O)C2CCCN2C(=O)C(C)(C)NC(=O)C(CC(C)C)NC(=O)C(CC(C)C)NC(=O)C(CCC(=O)N)NC(=O)C(C)(C)NC(=O)C	0.018	Amino acids and Peptides	Linear peptides	Carboxylic acids and derivatives	sibling:phenotype_metabolite_association/sirius_annotation_color_all
32638	C9H14O4	[M + H]+	1,4-dimethyl 2-ethyl-3-methylbut-2-enedioate	CCC(=C(C)C(=O)OC)C(=O)OC	0.074	Fatty acids	Wax monoesters	Carboxylic acids and derivatives	sibling:phenotype_metabolite_association/sirius_annotation_color_all
33783	C12H11NO5	[M + K]+	3-[(2-carboxy-2-acetamidoethyl)sulfanyl]-2-methylpropanoic acid	CC(CSCC(C(=O)O)NC(=O)C)C(=O)O	0.456	Amino acids and Peptides	Aminoacids	Carboxylic acids and derivatives	sibling:phenotype_metabolite_association/sirius_annotation_color_all
33858	C42H68O7	[M + H]+	Cycloheptatriacontane-1,1,2,2,3,3,4,4-octol	C1CCCCCCCCCCCCCCCCC(C(C(C(CCCCCCCCCCCCCCCC1)(O)O)(O)O)(O)O)(O)O	0.068	Terpenoids	Macrotetrolides	Prenol lipids	sibling:pathway_targeted_association/sirius_annotation_broad;sibling:phenotype_metabolite_association/sirius_annotation_color_all
34037	C45H75NO7	[M + H]+	3-[3-[3-[3-[(2R)-4-[3-[(2S)-1-azido-3-hydroxypropan-2-yl]oxy-3-methylbutoxy]-1-butoxy-4-methylpentan-2-yl]oxy-3-methylbutoxy]-3-methylbutoxy]-2,2-dimethylpropoxy]-2,2-dimethylpropan-1-ol	CCCCOCC(CC(C)(C)OCCC(C)(C)OC(CN=[N+]=[N-])CO)OC(C)(C)CCOC(C)(C)CCOCC(C)(C)COCC(C)(C)CO	0.018	Amino acids and Peptides	Erythromycins	Carboxylic acids and derivatives	sibling:pathway_targeted_association/sirius_annotation_broad;sibling:phenotype_metabolite_association/sirius_annotation_color_all
34099	C24H37N3O8S	[M + H]+	2-amino-4-({1-[(carboxymethyl)-C-hydroxycarbonimidoyl]-2-[(2,3-dihydroxy-2-pentyl-1-phenylpropyl)sulfanyl]ethyl}-C-hydroxycarbonimidoyl)butanoic acid	CCCCCC(CO)(C(C1=CC=CC=C1)SCC(C(=O)NCC(=O)O)NC(=O)CCC(C(=O)O)N)O	0.323	Fatty acids	Tripeptides	Carboxylic acids and derivatives	sibling:phenotype_metabolite_association/sirius_annotation_color_all
34500	C6H2Br2IN	[M + K]+							sibling:secreted_products/sirius_annotation
34574	C10H14N2O3	[M + H]+	2-[(2-amino-1-hydroxyethylidene)amino]-3-methylpentanoic acid	CCC(C)C(C(=O)O)NC(=O)CN	0.404	Amino acids and Peptides	Dipeptides	Carboxylic acids and derivatives	sibling:phenotype_metabolite_association/sirius_annotation_color_all
34875	C29H59N11O5	[M + H]+	H-Lys-Lys-Arg-Lys-Val-al	CC(C)C(C=O)NC(=O)C(CCCCN)NC(=O)C(CCCN=C(N)N)NC(=O)C(CCCCN)NC(=O)C(CCCCN)N	0.2	Amino acids and Peptides	Cyclic peptides	Carboxylic acids and derivatives	sibling:phenotype_metabolite_association/sirius_annotation_color_all
35014	C28H44O2	[M + H]+	7-Hydroxyergosterol	CC(C)C(C)C=CC(C)C1CCC2C1(CCC3C2=C(C=C4C3(CCC(C4)O)C)O)C	0.337	Terpenoids	Ergostane steroids	Prenol lipids	sibling:phenotype_metabolite_association/sirius_annotation_color_all
35030	C23H44N2O3	[M + H]+	(2S)-5-amino-2-(octadec-9-enoylamino)pentanoic acid	CCCCCCCCC=CCCCCCCCC(=O)NC(CCCN)C(=O)O	0.986	Fatty acids	N-acyl amines	Carboxylic acids and derivatives	sibling:pathway_targeted_association/sirius_annotation_broad
35119	C18H38O4	[M + Na]+							sibling:pathway_targeted_association/sirius_annotation_broad
35148	C12H23NO7	[M + H]+	3-methyl-2-({[2,3,4-trihydroxy-5-(hydroxymethyl)oxolan-2-yl]methyl}amino)pentanoic acid	CCC(C)C(C(=O)O)NCC1(C(C(C(O1)CO)O)O)O	0.803	Amino acids and Peptides	Aminoacids	Carboxylic acids and derivatives	sibling:phenotype_metabolite_association/sirius_annotation_color_all
35469	C35H70O	[M + K]+							sibling:pathway_targeted_association/sirius_annotation_broad;sibling:phenotype_metabolite_association/sirius_annotation_color_all
35980	C21H36N6O8	[M + H]+	Glptgg	CC(C)CC(C(=O)N1CCCC1C(=O)NC(C(C)O)C(=O)NCC(=O)NCC(=O)O)NC(=O)CN	0.695	Amino acids and Peptides	Tripeptides	Carboxylic acids and derivatives	sibling:pathway_targeted_association/sirius_annotation_broad
36344	C8H16N2O3	[M + K]+	2-[(2-amino-1-hydroxyethylidene)amino]-3-methylpentanoic acid	CCC(C)C(C(=O)O)NC(=O)CN	0.256	Amino acids and Peptides	Aminoacids	Carboxylic acids and derivatives	sibling:phenotype_metabolite_association/sirius_annotation_color_all
36452	C15H24O3	[M + Na]+		CC1CC(C=C(C12CCC(C2)C(C)(C)O)C=O)O	0.108	Terpenoids	Drimane sesquiterpenoids		sibling:pathway_targeted_association/sirius_annotation_broad
36566	C43H72O	[M + Na]+							sibling:phenotype_metabolite_association/sirius_annotation_color_all
36688	C52H74O2	[M + Na]+							sibling:phenotype_metabolite_association/sirius_annotation_color_all
37119	C48H82O5	[M + Na]+	3-[3-hydroxy-2-(5-hydroxy-4,8,12-trimethyltrideca-3,7,11-trien-1-yl)-2,3-dimethyl-6-(1-oxopropan-2-ylidene)cyclohexyl]propyl octadec-11-enoate	CCCCCCC=CCCCCCCCCCC(=O)OCCCC1C(=C(C)C=O)CCC(C1(C)CCC=C(C)C(CC=C(C)CCC=C(C)C)O)(C)O	0.086	Fatty acids	Triacylglycerols	Glycerolipids	sibling:pathway_targeted_association/sirius_annotation_broad
37158	C22H44N4O4	[M + H]+	[2-Amino-5-(diaminomethylideneamino)pentanoyl] hexadecaneperoxoate	CCCCCCCCCCCCCCCC(=O)OOC(=O)C(CCCN=C(N)N)N	0.253	Fatty acids	N-acyl amines	Carboxylic acids and derivatives	sibling:pathway_targeted_association/sirius_annotation_broad
37358	C30H57N5O6	[M + H]+	1-N,1-N,2-N-tris(3,7-dimethylocta-2,6-dienyl)-1-hydroxyethane-1,1,2-tricarboxamide	CC(=CCCC(=CCNC(=O)CC(C(=O)NCC=C(C)CCC=C(C)C)(C(=O)NCC=C(C)CCC=C(C)C)O)C)C	0.054	Amino acids and Peptides	Open-chain polyketides	Fatty Acyls	sibling:phenotype_metabolite_association/sirius_annotation_color_all
37482	C24H44N2O3	[M + H]+	6-amino-2-[[(9Z,12Z)-octadeca-9,12-dienoyl]amino]hexanoic acid	CCCCCC=CCC=CCCCCCCCC(=O)NC(CCCCN)C(=O)O	1.0	Fatty acids	N-acyl amines	Carboxylic acids and derivatives	sibling:phenotype_metabolite_association/sirius_annotation_color_all
37722	C16H11NO2	[M + H]+	2-phenylquinoline-4-carboxylic acid	C1=CC=C(C=C1)C2=NC3=CC=CC=C3C(=C2)C(=O)O	0.603	Alkaloids	Carbazole alkaloids	Quinolines and derivatives	sibling:phenotype_metabolite_association/sirius_annotation_color_all
37899	C26H47N5O6	[M + H]+	2-[2-[2-[2-[2-[2-[2-[2-[2-[2-[[(E)-2-methylbut-1-enyl]amino]ethoxy]ethoxy]ethoxy]ethoxy]ethoxy]ethoxy]ethoxy]ethoxy]ethoxy]ethanol	CCC(=CNCCOCCOCCOCCOCCOCCOCCOCCOCCOCCO)C	0.37	Fatty acids	Sphingoid bases	Carboxylic acids and derivatives	sibling:phenotype_metabolite_association/sirius_annotation_color_all
38045	C43H70NO8P	[M + Na]+	[2-[(9E,11E,13E)-hexadeca-9,11,13-trienoyl]oxy-3-[(4E,7E,10E,13E,16E)-nonadeca-4,7,10,13,16-pentaenoyl]oxypropyl] 2-(trimethylazaniumyl)ethyl phosphate	CCC=CCC=CCC=CCC=CCC=CCCC(=O)OCC(COP(=O)(O)OCC[N+](C)(C)C)OC(=O)CCCCCCCC=CC=CC=CCC	0.387	Fatty acids	Glycerophosphocholines	Glycerophospholipids	sibling:pathway_targeted_association/sirius_annotation_broad
38288	C28H38O9	[M + H]+							sibling:phenotype_metabolite_association/sirius_annotation_color_all
38844	C12H9NO	[M + H]+	Propynyl isocarbostyril	CC#CC1=CC2=CC=CC=C2C(=O)N1	0.123	Alkaloids	Quinazoline alkaloids	Naphthalenes	sibling:phenotype_metabolite_association/sirius_annotation_color_all
39030	C17H39N5	[M + H]+		CN1CCCN(CCN(CCCN(CC1)C)CCN(C)C)C	0.098	Alkaloids	Imidazole alkaloids	Azoles	sibling:phenotype_metabolite_association/sirius_annotation_color_all
39312	C36H48O2	[M + K]+	Bis(2,4-ditert-butylphenyl) phenyl phosphate	CC(C)(C)C1=CC(=C(C=C1)OP(=O)(OC2=CC=CC=C2)OC3=C(C=C(C=C3)C(C)(C)C)C(C)(C)C)C(C)(C)C	0.835	Terpenoids	Cannabinoids	Organic phosphoric acids and derivatives	sibling:phenotype_metabolite_association/sirius_annotation_color_all
39495	C4H2Cl8S2	[M + H]+							sibling:secreted_products/sirius_annotation
39685	C14H25NO9	[M + H]+	Norzeatin riboside	CC(=CCO)CNC1=C2C(=NC=N1)N(C=N2)C3C(C(C(O3)CO)O)O	0.036	Carbohydrates	Purine alkaloids	Organooxygen compounds	sibling:pathway_targeted_association/sirius_annotation_broad
39845	C19H30N6O6	[M + K]+	1,2-Bis[4-(2-methoxyphenyl)piperazin-1-yl]ethane-1,2-dione	COC1=CC=CC=C1N2CCN(CC2)C(=O)C(=O)N3CCN(CC3)C4=CC=CC=C4OC	0.209	Alkaloids	Ergot alkaloids	Carboxylic acids and derivatives	sibling:phenotype_metabolite_association/sirius_annotation_color_all
40332	C26H48N4O5	[M + K]+	Ac-Leu-Leu-Leu-Leu-al	CC(C)CC(C=O)NC(=O)C(CC(C)C)NC(=O)C(CC(C)C)NC(=O)C(CC(C)C)NC(=O)C	0.203	Fatty acids	Tripeptides	Carboxylic acids and derivatives	sibling:phenotype_metabolite_association/sirius_annotation_color_all
40525	C76H124O18	[M + Na]+							sibling:phenotype_metabolite_association/sirius_annotation_color_all
41149	C46H76O9	[M + H]+	[2-[(7Z,9Z)-tetradeca-7,9-dienoyl]oxy-3-tridecanoyloxypropyl] (7Z,9Z,11Z,13Z,15Z)-octadeca-7,9,11,13,15-pentaenoate	CCCCCCCCCCCCC(=O)OCC(COC(=O)CCCCCC=CC=CC=CC=CC=CCC)OC(=O)CCCCCC=CC=CCCCC	0.442	Fatty acids	Triacylglycerols	Glycerolipids	sibling:phenotype_metabolite_association/sirius_annotation_color_all
41500	C36H72O	[M + K]+							sibling:phenotype_metabolite_association/sirius_annotation_color_all
41610	C41H76N7O7P	[M + H]+		CCCCCCCCCCCCCCCCC(=O)OCC(COP(=O)(O)OCC[N+](C)(C)C)OC(=O)CCCC(C=CC=CCC=CCC=CCC=CCC)O	0.329	Fatty acids	Glycerophosphocholines	Glycerophospholipids	sibling:phenotype_metabolite_association/sirius_annotation_color_all
42268	C12H25NO11	[M + H]+	Garamine	CC1(COC(C(C1NC)O)OC2C(CC(C(C2O)O)N)N)O	0.317	Carbohydrates	Aminosugars	Carboxylic acids and derivatives	sibling:pathway_targeted_association/sirius_annotation_broad;sibling:pathway_targeted_association/sirius_annotation
42277	C4H6NO6S	[M + K]+							sibling:phenotype_metabolite_association/sirius_annotation_color_all
42405	C43H86N4O2S	[M + K]+							sibling:pathway_targeted_association/sirius_annotation_broad
42489	C17H30N2O10	[M + H]+	2-(3-methyl-2-{[(2,3,4,5-tetrahydroxyoxan-2-yl)methyl]amino}pentanamido)pentanedioic acid	CCC(C)C(C(=O)NC(CCC(=O)O)C(=O)O)NCC1(C(C(C(CO1)O)O)O)O	0.337	Amino acids and Peptides	Dipeptides	Carboxylic acids and derivatives	sibling:phenotype_metabolite_association/sirius_annotation_color_all
42628	C29H32N6O6	[M + H]+	(2S)-2-[[(2S)-4-methyl-2-[[(2S)-3-phenyl-2-[[(2S)-pyrrolidin-1-ium-2-carbonyl]amino]propanoyl]amino]pentanoyl]amino]-3-phenylpropanoic acid	CC(C)CC(C(=O)NC(CC1=CC=CC=C1)C(=O)O)NC(=O)C(CC2=CC=CC=C2)NC(=O)C3CCCN3	0.85	Amino acids and Peptides	Cyclic peptides	Carboxylic acids and derivatives	sibling:phenotype_metabolite_association/sirius_annotation_color_all
42970	C14H20O	[M + H]+	2-ethyl-3-methyl-6-(propan-2-yl)cyclohexan-1-one	CCC1C(CCC(C1=O)C(C)C)C	0.231	Terpenoids	Camphane monoterpenoids	Prenol lipids	sibling:pathway_targeted_association/sirius_annotation_broad
42998	C43H71N9O11	[M + K]+	Kurstakin 4	CC(C)CCCCCCCCCC(=O)NC(C(C)O)C(=O)NCC(=O)NC(C)C(=O)NC1COC(=O)C(NC(=O)C(NC(=O)C(NC1=O)CC2=NC=CN2)CCC(=O)N)CCC(=O)N	0.073	Amino acids and Peptides	Cyclic peptides	Carboxylic acids and derivatives	sibling:pathway_targeted_association/sirius_annotation_broad
43101	C9H21O6S	[M + H]+	4-Amino-1-tert-butyl-3-(3-ethyl)pyrazolo[3,4-d]pyrimidine	CCC1=NN(C2=NC=NC(=C12)N)C(C)(C)C	0.452	Alkaloids	Imidazole alkaloids	Diazines	sibling:phenotype_metabolite_association/sirius_annotation_color_all
43236	C41H62O11	[M + Na]+							sibling:phenotype_metabolite_association/sirius_annotation_color_all
43813	C21H28N2O8	[M + H]+	2-methyl-6-({2-methyl-5-[(3,4,5-trihydroxy-6-methyloxan-2-yl)amino]phenyl}amino)oxane-3,4,5-triol	CC1C(C(C(C(O1)NC2=CC(=C(C=C2)C)NC3C(C(C(C(O3)C)O)O)O)O)O)O	0.452	Alkaloids	Pyridine alkaloids	Carboxylic acids and derivatives	sibling:phenotype_metabolite_association/sirius_annotation_color_all
44299	C15H30N2O6	[M + H]+		C1CN2CC(C1CC2CN3C=C(N=N3)CN)C(=O)N4CCOCC4	0.035	Amino acids and Peptides	Polyamines	Carboxylic acids and derivatives	sibling:pathway_targeted_association/sirius_annotation_broad;sibling:phenotype_metabolite_association/sirius_annotation_color_all
44322	C19H34O7	[M + K]+							sibling:phenotype_metabolite_association/sirius_annotation_color_all
44617	C14H13NO8	[M + K]+	2-cyano-2-[3-(6-hydroxy-2,4-dioxo-1H-pyrimidin-5-yl)isoindol-1-ylidene]acetamide	C1=CC=C2C(=C1)C(=NC2=C(C#N)C(=O)N)C3=C(NC(=O)NC3=O)O	0.219	Alkaloids	Simple coumarins	Benzene and substituted derivatives	sibling:pathway_targeted_association/sirius_annotation_broad;sibling:phenotype_metabolite_association/sirius_annotation_color_all
45186	C8H16N6O2	[M + Na]+	2-hydroxyethyl N-[3-(2-hydroxyethoxycarbonylamino)propyl]carbamate	C(CNC(=O)OCCO)CNC(=O)OCCO	0.083	Carbohydrates	Pyrimidine nucleosides	Carboxylic acids and derivatives	sibling:pathway_targeted_association/sirius_annotation_broad
45546	C15H22N2O3	[M + H]+	2-(2-amino-4-methylpentanamido)-3-phenylpropanoic acid	CC(C)CC(C(=O)NC(CC1=CC=CC=C1)C(=O)O)N	0.862	Amino acids and Peptides	Dipeptides	Carboxylic acids and derivatives	sibling:phenotype_metabolite_association/sirius_annotation_color_all
46056	C44H73N7O6S	[M + H]+	Apramide G	CC(C)C(C(=O)N1CCCC1C2=NC=CS2)N(C)C(=O)C(C(C)C)N(C)C(=O)C(C(C)C)N(C)C(=O)C(C(C)C)N(C)C(=O)C(C)N(C)C(=O)C(C)CCCCC#C	0.763	Amino acids and Peptides	Depsipeptides	Carboxylic acids and derivatives	sibling:phenotype_metabolite_association/sirius_annotation_color_all
46070	C15H11FO3	[M + H]+		C1=CC=C2C(=C1)C=CC3=C2C(=O)C(=O)C4=CC=CC=C34	0.28	Polyketides	Naphthoquinones	Phenanthrenes and derivatives	sibling:phenotype_metabolite_association/sirius_annotation_color_all
46103	C36H55N5O7	[M + H]+							sibling:phenotype_metabolite_association/sirius_annotation_color_all
46249	C40H60O10	[M + H]+							sibling:phenotype_metabolite_association/sirius_annotation_color_all
46811	C48H67N3O4	[M + H]+							sibling:phenotype_metabolite_association/sirius_annotation_color_all
47621	C9H9NO2	[M + H]+	N-(2-formylphenyl)acetamide	CC(=O)NC1=CC=CC=C1C=O	0.046	Alkaloids	Anthranillic acid derivatives	Carboxylic acids and derivatives	sibling:pathway_targeted_association/sirius_annotation_broad
48314	C41H73NO9	[M + H]+							sibling:phenotype_metabolite_association/sirius_annotation_color_all
48414	C34H61NO14	[M + H]+	H-DL-Val-DL-Ala-DL-Lys-DL-Lys-DL-Pro-DL-Lys-OH	CC(C)C(C(=O)NC(C)C(=O)NC(CCCCN)C(=O)NC(CCCCN)C(=O)N1CCCC1C(=O)NC(CCCCN)C(=O)O)N	0.095	Amino acids and Peptides	Cyclic peptides	Carboxylic acids and derivatives	sibling:phenotype_metabolite_association/sirius_annotation_color_all
48724	C40H60O14	[M + Na]+	6-[(8a-carboxy-4,4,6a,6b,11,11,14b-heptamethyl-1,2,3,4,4a,5,6,6a,6b,7,8,8a,9,10,11,12,12a,14,14a,14b-icosahydropicen-3-yl)oxy]-4-[carboxy(carboxymethoxy)methoxy]-3,5-dihydroxyoxane-2-carboxylic acid	CC1(CCC2(CCC3(C(=CCC4C3(CCC5C4(CCC(C5(C)C)OC6C(C(C(C(O6)C(=O)O)O)OC(C(=O)O)OCC(=O)O)O)C)C)C2C1)C)C(=O)O)C	0.992	Terpenoids	Oleanane triterpenoids	Prenol lipids	sibling:pathway_targeted_association/sirius_annotation_broad;sibling:phenotype_metabolite_association/sirius_annotation_color_all
49434	C39H75N9O7	[M + H]+	palmitoyl-Ser-Gly-Arg-Val-Leu-NHMe	CCCCCCCCCCCCCCCC(=O)NC(CO)C(=O)NCC(=O)NC(CCCN=C(N)N)C(=O)NC(C(C)C)C(=O)NC(CC(C)C)C(=O)NC	0.109	Amino acids and Peptides	Linear peptides	Carboxylic acids and derivatives	sibling:phenotype_metabolite_association/sirius_annotation_color_all
50006	C23H41N3O8S	[M + H]+	3CLpro inhibitor 6c	CCCC1CCC(CC1)OC(=O)NC(CC(C)C)C(=O)NC(CC2CCNC2=O)C(O)S(=O)(=O)O	0.163	Amino acids and Peptides	Leukotrienes	Carboxylic acids and derivatives	sibling:phenotype_metabolite_association/sirius_annotation_color_all
50065	C25H46N2O	[M + K]+							sibling:pathway_targeted_association/sirius_annotation_broad
50211	C22H31NO4	[M + K]+							sibling:phenotype_metabolite_association/sirius_annotation_color_all
50270	C41H72O10	[M + H]+	2,3-bis[[(Z)-tridec-8-enoyl]oxy]propyl (7Z,9Z)-tetradeca-7,9-dienoate	CCCCC=CCCCCCCC(=O)OCC(COC(=O)CCCCCC=CC=CCCCC)OC(=O)CCCCCCC=CCCCC	0.189	Fatty acids	Triacylglycerols	Glycerolipids	sibling:pathway_targeted_association/sirius_annotation_broad
50298	C24H34N4O3	[M + H]+	3-methyl-2-[[2-(methylamino)-1-oxopropyl]amino]-N-[3-methyl-1-(1-naphthalenylamino)-1-oxobutan-2-yl]butanamide	CC(C)C(C(=O)NC(C(C)C)C(=O)NC1=CC=CC2=CC=CC=C21)NC(=O)C(C)NC	0.226	Amino acids and Peptides	Cyclic peptides	Carboxylic acids and derivatives	sibling:phenotype_metabolite_association/sirius_annotation_color_all
50464	C49H92O6	[M + K]+							sibling:pathway_targeted_association/sirius_annotation_broad
50814	C18H28O4	[M + H]+	12,13-Trans-Epoxy-9-Oxo-10E,15Z-Octadecadienoic Acid	CCC=CCC1C(O1)C=CC(=O)CCCCCCCC(=O)O	0.129	Fatty acids	Phytoprostanes	Fatty Acyls	sibling:phenotype_metabolite_association/sirius_annotation_color_all
50854	C21H41BN2O3	[M + H]+	3-amino-N-octadecyl-1,2,4-triazole-1-carboxamide	CCCCCCCCCCCCCCCCCCNC(=O)N1C=NC(=N1)N	0.926	Alkaloids	Polyamines	Organic carbonic acids and derivatives	sibling:phenotype_metabolite_association/sirius_annotation_color_all
51152	C22H44N2O3	[M + H]+	N6-Palmitoyl lysine	CCCCCCCCCCCCCCCC(=O)NCCCCC(C(=O)O)N	0.537	Fatty acids	N-acyl amines	Carboxylic acids and derivatives	sibling:pathway_targeted_association/sirius_annotation_broad
51808	C28H44O12	[M + K]+	Forskoditerpenoside A	CC(=O)OC1C2C(CCC(C2(C3(C(=O)CC(OC3(C1O)C)(C)C=C)O)C)OC4C(C(C(C(O4)CO)O)O)O)(C)C	0.116	Fatty acids	Secoiridoid monoterpenoids	Organooxygen compounds	sibling:phenotype_metabolite_association/sirius_annotation_color_all
51845	C34H66O12	[M + Na]+							sibling:pathway_targeted_association/sirius_annotation_broad;sibling:phenotype_metabolite_association/sirius_annotation_color_all
51915	C9H17ClN4O4	[M + Na]+	2-(hydroxymethyl)-6-[(3-methylbut-2-en-1-yl)peroxy]oxane-3,4,5-triol	CC(=CCOOC1C(C(C(C(O1)CO)O)O)O)C	0.078	Fatty acids	Iridoids monoterpenoids	Organooxygen compounds	sibling:pathway_targeted_association/sirius_annotation_broad
52082	C41H62N8O11	[M + Na]+	H-Asn-Pro-Phe-Glu-Val-Phe-Leu-OH	CC(C)CC(C(=O)O)NC(=O)C(CC1=CC=CC=C1)NC(=O)C(C(C)C)NC(=O)C(CCC(=O)O)NC(=O)C(CC2=CC=CC=C2)NC(=O)C3CCCN3C(=O)C(CC(=O)N)N	0.505	Amino acids and Peptides	Linear peptides	Carboxylic acids and derivatives	sibling:phenotype_metabolite_association/sirius_annotation_color_all
52137	C16H18BrIN2O7	[M + Na]+							sibling:pathway_targeted_association/sirius_annotation_broad;sibling:phenotype_metabolite_association/sirius_annotation_color_all
52310	C12H18N6O4	[M + H]+	(E)-N-hydroxy-3-[1-[(1E)-1-phenylhexa-1,5-dien-3-yl]triazol-4-yl]prop-2-enamide	C=CCC(C=CC1=CC=CC=C1)N2C=C(N=N2)C=CC(=O)NO	0.215	Amino acids and Peptides	Dipeptides	Benzene and substituted derivatives	sibling:pathway_targeted_association/sirius_annotation_broad
52710	C28H38O9	[M + H]+							sibling:phenotype_metabolite_association/sirius_annotation_color_all
52776	C29H24O7	[M + Na]+	15-(4-hydroxyphenyl)-8-[(4-hydroxyphenyl)(methoxy)methyl]-14-oxatetracyclo[7.6.1.0²,⁷.0¹³,¹⁶]hexadeca-2(7),3,5,9(16),10,12-hexaene-4,6,11-triol	COC(C1C2=C3C(C(OC3=CC(=C2)O)C4=CC=C(C=C4)O)C5=C1C(=CC(=C5)O)O)C6=CC=C(C=C6)O	0.11	Shikimates and Phenylpropanoids	Isoflavones	Benzopyrans	sibling:phenotype_metabolite_association/sirius_annotation_color_all
52898	C74H104N4O9	[M + K]+							sibling:phenotype_metabolite_association/sirius_annotation_color_all
52947	C16H26N6O3	[M + H]+	5,8-Bis(2-methoxyethyl)-3,3,10,10-tetramethyl-1,2,5,8-dithiadiazecane	CC1(CN(CCN(CC(SS1)(C)C)CCOC)CCOC)C	0.036	Alkaloids	N-acyl amines	Carboxylic acids and derivatives	sibling:phenotype_metabolite_association/sirius_annotation_color_all
