row ID	row m/z	row retention time	adduct	has_ms2	log2FC_a_over_b	q_value	q_value_perm_plate	q_used	q_used_source	blocking_robust	best_identity	best_identity_source	library_NAME	library_cosine	library_matched_peaks	library_SMILES	library_INCHI	library_ORGANISM	analog_NAME	analog_cosine	analog_matched_peaks	analog_SMILES	analog_INCHI	analog_ORGANISM	sirius_formula	sirius_adduct	sirius_structure_name	sirius_structure_smiles	sirius_structure_confidence	sirius_npc_pathway	sirius_npc_class	sirius_classyfire_class
190	447.3299	5.167	[M-H2O+H]1+	True	4.452809103827031	1.9809610854333066e-08	0.0217341329335332	0.0217341329335332	q_value_perm_plate	True	[(2R,3R,4R,5R)-2,3,4,5,6-pentahydroxyhexyl] octadec-9-enoate	sirius_structure								0.9181	9	OC[C@@H](O)[C@@H](O)[C@H](O)[C@H](O)CO			C24H46O7	[M + H]+	[(2R,3R,4R,5R)-2,3,4,5,6-pentahydroxyhexyl] octadec-9-enoate	CCCCCCCCC=CCCCCCCCC(=O)OCC(C(C(C(CO)O)O)O)O	0.594	Fatty acids	Wax monoesters	Fatty Acyls
1793	636.4293	5.634988	[M+H]1+	True	4.533412455011511	4.5311650471447696e-08	0.0217341329335332	0.0217341329335332	q_value_perm_plate	True	C33H57N5O7 (formula only)	sirius_formula_only													C33H57N5O7	[M + H]+		CCCCCCCC(CC(=O)OC(COC(=O)CCCCCCCC1CC1CCCCCC)COP(=O)(O)OCCN)O	0.452	Fatty acids	Glycerophosphoethanolamines	Carboxylic acids and derivatives
234	513.34	5.409	[M-H2O+H]1+	True	7.833080003920939	1.4527301639938642e-07	0.0217341329335332	0.0217341329335332	q_value_perm_plate	True	Didodecyl hexa-2,4-diynedioate	sirius_structure								0.7309	6	CC(=O)OC1O[C@H](CO[C@@H]2O[C@@H](C)[C@H](OC(C)=O)[C@@H](OC(C)=O)[C@H]2OC(C)=O)[C@@H](OC(C)=O)[C@H](OC(C)=O)[C@H]1OC(C)=O			C28H48O8	[M + H]+	Didodecyl hexa-2,4-diynedioate	CCCCCCCCCCCCOC(=O)C#CC#CC(=O)OCCCCCCCCCCCC	0.23	Fatty acids	Wax monoesters	Fatty Acyls
1114	566.3878	5.427561	[M+NH3+H]1+	True	6.913250669092602	1.4527301639938642e-07	0.0217341329335332	0.0217341329335332	q_value_perm_plate	True	dibenzyl N-palmitoylglutamate	sirius_structure													C28H55NO10	[M + H]+	dibenzyl N-palmitoylglutamate	CCCCCCCCCCCCCCCC(=O)NC(CCC(=O)OCC1=CC=CC=C1)C(=O)OCC2=CC=CC=C2	0.051	Fatty acids	Ceramides	Fatty Acyls
539	454.3226	5.409	[M+H]1+	True	7.290169040259684	4.590003220530022e-07	0.0217341329335332	0.0217341329335332	q_value_perm_plate	True	Decyl 4-(decanoylamino)benzoate	sirius_structure							(7E,13E)-9,15-dihydroxy-4,10,16-trimethyl-1,5,11-trioxacyclohexadeca-7,13-diene-2,6,12-trione [M+H]+	0.8253	6		InChI=1S/C16H22O8/c1-9-8-16(21)24-11(3)13(18)5-7-15(20)23-10(2)12(17)4-6-14(19)22-9/h4-7,9-13,17-18H,8H2,1-3H3/b6-4+,7-5+	MONA	C22H45N3O5	[M + Na]+	Decyl 4-(decanoylamino)benzoate	CCCCCCCCCCOC(=O)C1=CC=C(C=C1)NC(=O)CCCCCCCCC	0.147	Fatty acids	N-acyl ethanolamines (endocannabinoids)	Fatty Acyls
1371	411.3089	5.409	[M+H]1+	True	6.340102890106063	8.085315572212466e-07	0.0217341329335332	0.0217341329335332	q_value_perm_plate	True	(3-Hydroxy-2,3,3a,5,6,6a-hexahydrofuro[3,2-b]furan-6-yl) octadec-9-enoate	sirius_structure								0.8403	8	CCCCCCCCCCCCCCCC(=O)OCC(O)[C@H]1OC[C@@H](O)[C@@H]1O			C24H42O5	[M + H]+	(3-Hydroxy-2,3,3a,5,6,6a-hexahydrofuro[3,2-b]furan-6-yl) octadec-9-enoate	CCCCCCCCC=CCCCCCCCC(=O)OC1COC2C1OCC2O	0.843	Fatty acids	Wax monoesters	Fatty Acyls
777	532.3539	5.409	[M+H]1+	True	6.369371963344676	3.1070399446265275e-06	0.0217341329335332	0.0217341329335332	q_value_perm_plate	True	2-Taehm	sirius_structure							[(2S,3R,4S,5R,6R)-6-[[(2R,3S,4S,5R,6R)-3,4-dihydroxy-6-[(2E,6E,10E)-3,7,11,15-tetramethylhexadeca-2,6,10,14-tetraenoxy]-5-[(2S,3R,4R,5S,6S)-3,4,5-triacetyloxy-6-methyloxan-2-yl]oxyoxan-2-yl]methoxy]-4,5-dihydroxy-2-methyloxan-3-yl] acetate [M+NH4]+	0.7194	7		InChI=1S/C46H72O18/c1-24(2)15-12-16-25(3)17-13-18-26(4)19-14-20-27(5)21-22-55-45-41(64-46-43(62-33(11)50)42(61-32(10)49)40(29(7)58-46)60-31(9)48)36(52)35(51)34(63-45)23-56-44-38(54)37(53)39(28(6)57-44)59-30(8)47/h15,17,19,21,28-29,34-46,51-54H,12-14,16,18,20,22-23H2,1-11H3/b25-17+,26-19+,27-21+/t28-,29-,34+,35+,36-,37-,38+,39-,40-,41+,42+,43+,44+,45+,46-/m0/s1	MONA	C28H45N5O5	[M + H]+	2-Taehm	CCCCCCCCCCCCCCCCOCC(CCP(=O)(O)OCC[N+](C)(C)C)OC	0.275	Fatty acids	Sphingoid bases	Organic phosphoric acids and derivatives
433	530.336	5.324225	[M+Na]1+	True	8.397858441696682	3.962228139025591e-06	0.0217341329335332	0.0217341329335332	q_value_perm_plate	True	4-(hexanoylamino)-N-[4-(undecylcarbamoyl)phenyl]benzamide	sirius_structure								0.7168	6	CCC[C@H]1CC(=O)C=C(C)C1			C23H43N7O7	[M + H]+	4-(hexanoylamino)-N-[4-(undecylcarbamoyl)phenyl]benzamide	CCCCCCCCCCCNC(=O)C1=CC=C(C=C1)NC(=O)C2=CC=C(C=C2)NC(=O)CCCCC	0.111	Amino acids and Peptides	Open-chain polyketides	
5563	599.3744	5.555955	[M+H]1+	True	5.7440444363793866	3.962228139025591e-06	0.0217341329335332	0.0217341329335332	q_value_perm_plate	True		unidentified								0.7422	6	C=C(C)[C@@H]1CC=C(C(=O)O)CC1										
406	502.3049	5.14	[M+Na]1+	True	3.491413604286717	4.406778737222267e-06	0.0217341329335332	0.0217341329335332	q_value_perm_plate	True	Spectral Match to 1-(9Z-Octadecenoyl)-sn-glycero-3-phosphoethanolamine from NIST14 M+Na	exact_library_match	Spectral Match to 1-(9Z-Octadecenoyl)-sn-glycero-3-phosphoethanolamine from NIST14 M+Na	0.7509	6	CCCCCCCC/C=C\CCCCCCCC(=O)OC[C@H](COP(=O)(O)OCCN)O	InChI=1S/C23H46NO7P/c1-2-3-4-5-6-7-8-9-10-11-12-13-14-15-16-17-23(26)29-20-22(25)21-31-32(27,28)30-19-18-24/h9-10,22,25H,2-8,11-21,24H2,1H3,(H,27,28)/b10-9-/t22-/m1/s1	GNPS-NIST14-MATCHES		0.7663	6	CCCCC/C=C\C/C=C\C/C=C\CCCCCCC(=O)OCC(O)COP(=O)(O)OCCN			C26H45N3O4	[M + K]+	3-Cyclohexyl-1-(2-{methyl[(1-methylpiperidin-3-YL)methyl]amino}-2-oxoethyl)-2-phenyl-1H-indole-6-carboxylic acid	CN1CCCC(C1)CN(C)C(=O)CN2C3=C(C=CC(=C3)C(=O)O)C(=C2C4=CC=CC=C4)C5CCCCC5	0.048	Alkaloids	Terpenoid alkaloids	Carboxylic acids and derivatives
1104	543.3503	5.530306	[M-H2O+H]1+	True	6.768024578630266	6.091304758689036e-06	0.0217341329335332	0.0217341329335332	q_value_perm_plate	True	[2-hydroxy-3-[(2R,3R,4S,5R,6R)-3,4,5-trihydroxy-6-(hydroxymethyl)oxan-2-yl]oxypropyl] octadecanoate	sirius_structure								0.7936	9	CCCCCCCC/C=C\CCCCCCCC(=O)OCC(CO)OC(=O)CCCCCCCCCCCCCCC			C29H50O9	[M + H]+	[2-hydroxy-3-[(2R,3R,4S,5R,6R)-3,4,5-trihydroxy-6-(hydroxymethyl)oxan-2-yl]oxypropyl] octadecanoate	CCCCCCCCCCCCCCCCCC(=O)OCC(COC1C(C(C(C(O1)CO)O)O)O)O	0.79	Fatty acids	Wax monoesters	Fatty Acyls
726	538.3566	5.264594	[M+NH3+H]1+	True	3.366624563545365	1.0183289828169848e-05	0.0217341329335332	0.0217341329335332	q_value_perm_plate	True	[1-[2-Aminoethoxy(hydroxy)phosphoryl]oxy-3-nonanoyloxypropan-2-yl] dodecanoate	sirius_structure													C28H47N3O7	[M + H]+	[1-[2-Aminoethoxy(hydroxy)phosphoryl]oxy-3-nonanoyloxypropan-2-yl] dodecanoate	CCCCCCCCCCCC(=O)OC(COC(=O)CCCCCCCC)COP(=O)(O)OCCN	0.12	Fatty acids	Glycerophosphoethanolamines	Carboxylic acids and derivatives
674	443.2986	5.088	[M-H2O+H]1+	True	3.1490984741845	1.255461041418592e-05	0.0217341329335332	0.0217341329335332	q_value_perm_plate	True		unidentified								0.9145	10	CC(=O)OC[C@H](OC(C)=O)[C@@H](OC(C)=O)[C@H](OC(C)=O)[C@@H](COC(C)=O)OC(C)=O										
664	486.3125	5.255	[M-2H2O+H]1+	True	3.906650788767254	1.3279842844197304e-05	0.0217341329335332	0.0217341329335332	q_value_perm_plate	True	N-(3a,4,5,6,7,7a-hexahydro-1,3-benzodioxol-5-ylmethyl)-6-amino-7-butyl-2-oxo-1,9-diaza-7-azoniatricyclo[8.4.0.03,8]tetradecane-5-carboxamide	sirius_structure							(7E,13E)-9,15-dihydroxy-4,10,16-trimethyl-1,5,11-trioxacyclohexadeca-7,13-diene-2,6,12-trione [M+H]+	0.7374	6		InChI=1S/C16H22O8/c1-9-8-16(21)24-11(3)13(18)5-7-15(20)23-10(2)12(17)4-6-14(19)22-9/h4-7,9-13,17-18H,8H2,1-3H3/b6-4+,7-5+	MONA	C24H41N5O4	[M + Na]+	N-(3a,4,5,6,7,7a-hexahydro-1,3-benzodioxol-5-ylmethyl)-6-amino-7-butyl-2-oxo-1,9-diaza-7-azoniatricyclo[8.4.0.03,8]tetradecane-5-carboxamide	CCCCN1C(C(CC2C1NC3CCCCN3C2=O)C(=O)NCC4CCC5C(C4)OCO5)N	0.05	Fatty acids	Imidazole alkaloids	Fatty Acyls
2518	583.3427	5.81	[M+H]1+	True	4.1423005355740665	1.4112029021081184e-05	0.0217341329335332	0.0217341329335332	q_value_perm_plate	True	[5-[[4-[5-[[4-[5-Aminopentyl(hydroxy)amino]-4-oxobutanoyl]amino]pentyl-hydroxyamino]-4-oxobutanoyl]amino]pentylamino] acetate	sirius_structure													C29H52O10	[M + Na]+	[5-[[4-[5-[[4-[5-Aminopentyl(hydroxy)amino]-4-oxobutanoyl]amino]pentyl-hydroxyamino]-4-oxobutanoyl]amino]pentylamino] acetate	CC(=O)ONCCCCCNC(=O)CCC(=O)N(CCCCCNC(=O)CCC(=O)N(CCCCCN)O)O	0.126	Amino acids and Peptides	Dipeptides	Carboxylic acids and derivatives
5166	247.2412	5.409	[M+H]1+	True	4.73885192282709	1.4222055397106871e-05	0.0217341329335332	0.0217341329335332	q_value_perm_plate	True	5,7-Diethyl-9-methyl-3E,5E,7E,9E-tridecatetraene	sirius_structure		0.9845	11	CCCCCCCC/C=C\CCCCCCCC(=O)NCC(=O)O				0.9845	11	CCCCCCCC/C=C\CCCCCCCC(=O)NCC(=O)O			C18H30	[M + H]+	5,7-Diethyl-9-methyl-3E,5E,7E,9E-tridecatetraene	CCCC=C(C)C=C(CC)C=C(CC)C=CCC	0.226	Fatty acids	Hydrocarbons	
27130	478.3487	5.702132	[M+H]1+	True	4.610081964945002	1.4222055397106871e-05	0.0217341329335332	0.0217341329335332	q_value_perm_plate	True	methyl 2-(4-{4,7-dihydroxy-9a,11a-dimethyl-hexadecahydro-1H-cyclopenta[a]phenanthren-1-yl}pentanamido)propanoate	sirius_structure													C26H49NO5	[M + Na]+	methyl 2-(4-{4,7-dihydroxy-9a,11a-dimethyl-hexadecahydro-1H-cyclopenta[a]phenanthren-1-yl}pentanamido)propanoate	CC(CCC(=O)NC(C)C(=O)OC)C1CCC2C1(CCC3C2C(CC4C3(CCC(C4)O)C)O)C	0.053	Alkaloids	Terpenoid alkaloids	Carboxylic acids and derivatives
258	489.3404	5.272875	[M-H2O+H]1+	True	4.257792501374002	1.4222055397106871e-05	0.0217341329335332	0.0217341329335332	q_value_perm_plate	True	2-Methylprop-2-enoyl-oxo-(1,2,2,2-tetrapentoxyethyl)phosphanium	sirius_structure								0.8743	10	CC1OC[C@H]2O[C@H](O)[C@H](O)[C@@H](O)[C@@H]2O1			C26H49O6P	[M + H]+	2-Methylprop-2-enoyl-oxo-(1,2,2,2-tetrapentoxyethyl)phosphanium	CCCCCOC(C(OCCCCC)(OCCCCC)OCCCCC)[P+](=O)C(=O)C(=C)C	0.172	Fatty acids	Glycerophosphates	Fatty Acyls
25047	463.3011	5.682696	[M+H]1+	True	3.878687262276349	1.4222055397106871e-05	0.0217341329335332	0.0217341329335332	q_value_perm_plate	True	1-[2,7-bis(acetyloxy)-9a,11a-dimethyl-hexadecahydro-1H-cyclopenta[a]phenanthren-1-yl]ethyl acetate	sirius_structure								0.7432	6	CCCCCCCC/C=C\CCCCCCCC(=O)OCC(CO)OC(C)=O			C25H44O6	[M + Na]+	1-[2,7-bis(acetyloxy)-9a,11a-dimethyl-hexadecahydro-1H-cyclopenta[a]phenanthren-1-yl]ethyl acetate	CC(C1C(CC2C1(CCC3C2CCC4C3(CCC(C4)OC(=O)C)C)C)OC(=O)C)OC(=O)C	0.373	Terpenoids	Scalarane sesterterpenoids	Prenol lipids
3093	566.3878	5.264013	[M+H]1+	True	3.744420555217824	1.4222055397106871e-05	0.0217341329335332	0.0217341329335332	q_value_perm_plate	True	17-hydroxy-14-oxo-4-(prop-2-en-1-yl)-12-oxa-4-azapentacyclo[9.6.1.0¹,¹³.0⁵,¹⁷.0⁷,¹⁸]octadeca-7,9,11(18)-trien-10-yl hexadecanoate	sirius_structure													C28H55NO10	[M + H]+	17-hydroxy-14-oxo-4-(prop-2-en-1-yl)-12-oxa-4-azapentacyclo[9.6.1.0¹,¹³.0⁵,¹⁷.0⁷,¹⁸]octadeca-7,9,11(18)-trien-10-yl hexadecanoate	CCCCCCCCCCCCCCCC(=O)OC1=C2C3=C(CC4C5(C3(CCN4CC=C)C(O2)C(=O)CC5)O)C=C1	0.013	Fatty acids	Neutral glycosphingolipids	Sphingolipids
6120	601.2961	5.36	[M+K]1+	True	4.048340631198665	1.7776859219458292e-05	0.0217341329335332	0.0217341329335332	q_value_perm_plate	True	Methoxy-Macrolactin 3	sirius_structure								0.9299	11	CCCCC/C=C\C/C=C\CCCCCCCC(=O)OC(CO)COC(=O)CCCCCCC/C=C\CCCCCCCC			C28H50O11	[M + K]+	Methoxy-Macrolactin 3	CC1CCCC(C=CC=CCC(CC=CC=CC(CC=CC=CC(=O)O1)OC2C(C(C(C(O2)CO)O)O)O)O)OC	0.145	Fatty acids	Fatty acyl glycosides of mono- and disaccharides	Fatty Acyls
6487	576.3208	5.419	[M+H]1+	True	3.548220288736483	1.8062785757646246e-05	0.0217341329335332	0.0217341329335332	q_value_perm_plate	True	5-(N-hydroxy-3-{[5-(N-hydroxy-3-{[5-(N-hydroxyacetamido)pentyl]carbamoyl}propanamido)pentyl]carbamoyl}propanamido)pentanoic acid	sirius_structure													C27H47N5O6	[M + K]+	5-(N-hydroxy-3-{[5-(N-hydroxy-3-{[5-(N-hydroxyacetamido)pentyl]carbamoyl}propanamido)pentyl]carbamoyl}propanamido)pentanoic acid	CC(=O)N(CCCCCNC(=O)CCC(=O)N(CCCCCNC(=O)CCC(=O)N(CCCCC(=O)O)O)O)O	0.042	Fatty acids	Cyanogenic glycosides	Fatty Acyls
11582	599.3159	5.553	[M+K]1+	True	5.611891463665605	2.0223907011459848e-05	0.0217341329335332	0.0217341329335332	q_value_perm_plate	True	Deferoxamine	sirius_structure													C30H48N4O5S	[M + Na]+	Deferoxamine	CC(=O)N(CCCCCNC(=O)CCC(=O)N(CCCCCNC(=O)CCC(=O)N(CCCCCN)O)O)O	0.056	Amino acids and Peptides	Cyclic peptides	Fatty Acyls
490	499.3225	5.377	[M+H]1+	True	5.983524772900802	2.414604292055471e-05	0.0217341329335332	0.0217341329335332	q_value_perm_plate	True	5-[(3aR,4R,6aS)-2-oxo-1,3,3a,4,6,6a-hexahydrothieno[3,4-d]imidazol-4-yl]pentanoyl hexadecaneperoxoate	sirius_structure													C25H48O8	[M + Na]+	5-[(3aR,4R,6aS)-2-oxo-1,3,3a,4,6,6a-hexahydrothieno[3,4-d]imidazol-4-yl]pentanoyl hexadecaneperoxoate	CCCCCCCCCCCCCCCC(=O)OOC(=O)CCCCC1C2C(CS1)NC(=O)N2	0.003	Alkaloids	Terpenoid alkaloids	Carboxylic acids and derivatives
354	471.3296	5.275	[M-2H2O+H]1+	True	5.189585026224041	2.9033312069109498e-05	0.0217341329335332	0.0217341329335332	q_value_perm_plate	True	[(2R,3R,4R,5S)-2,3,4,5,6-pentahydroxyhexyl] 18-deuteriooctadecanoate	sirius_structure								0.9172	10	CC(=O)OC[C@H](OC(C)=O)[C@@H](OC(C)=O)[C@H](OC(C)=O)[C@@H](COC(C)=O)OC(C)=O			C26H46O7	[M + H]+	[(2R,3R,4R,5S)-2,3,4,5,6-pentahydroxyhexyl] 18-deuteriooctadecanoate	CCCCCCCCCCCCCCCCCC(=O)OCC(C(C(C(CO)O)O)O)O	0.852	Fatty acids	Wax monoesters	Fatty Acyls
16070	396.3458	5.701	[M+H]1+	True	4.57239581248388	2.9033312069109498e-05	0.0217341329335332	0.0217341329335332	q_value_perm_plate	True	Candidate Leucine-C18:1 (delta mass:264.2455) M+H	exact_library_match	Candidate Leucine-C18:1 (delta mass:264.2455) M+H	0.8592	6	CCCCCCCCCCCCCCCC=CC(=O)NC(CC(C)C)C(=O)O		GNPS-N-ACYL-LIPIDS-MASSQL	Candidate Leucine-C19:1 (delta mass:278.2606) M+H	0.8747	7	CCCCCCCCCCCCCCCCC=CC(=O)NC(CC(C)C)C(=O)O		GNPS-N-ACYL-LIPIDS-MASSQL	C24H45NO3	[M + H]+		CCCCCCCCC=CCCCCCCCC(=O)NC(C(C)CC)C(=O)O	0.451	Fatty acids	N-acyl amines	Carboxylic acids and derivatives
2519	588.3307	5.376	[M+Na]1+	True	3.3101036316743366	2.9033312069109498e-05	0.0217341329335332	0.0217341329335332	q_value_perm_plate	True	3-ethyl-1,10-dihydroxy-5,8,9-trimethyl-16-(2-methylpropyl)-6-(propan-2-yl)-3H,4H,5H,6H,7H,8H,9H,12H,13H,14H,16H,17H,19H,20H,21H,21aH-pyrrolo[1,2-d]1-oxa-4,7,10,13,16-pentaazacyclononadecane-4,7,14,17-tetrone	sirius_structure													C27H51NO11	[M + Na]+	3-ethyl-1,10-dihydroxy-5,8,9-trimethyl-16-(2-methylpropyl)-6-(propan-2-yl)-3H,4H,5H,6H,7H,8H,9H,12H,13H,14H,16H,17H,19H,20H,21H,21aH-pyrrolo[1,2-d]1-oxa-4,7,10,13,16-pentaazacyclononadecane-4,7,14,17-tetrone	CCC1C(=O)N(C(C(=O)N(C(C(=O)NCCC(=O)OC(C(=O)N2CCCC2C(=O)N1)CC(C)C)C)C)C(C)C)C	0.243	Amino acids and Peptides	Cyclic peptides	Carboxylic acids and derivatives
184	501.3015	5.088	[M+H]1+	True	4.296406729683861	3.4480590874981994e-05	0.0217341329335332	0.0217341329335332	q_value_perm_plate	True	C24H46O9 (formula only)	sirius_formula_only													C24H46O9	[M + Na]+		CCCCCCCCCCCCCOCC(COC1C(C(C(C(O1)CO)O)O)O)OC(=O)C	0.054	Fatty acids	Fatty alcohols	Fatty Acyls
7974	450.3174	5.553	[M+Na]1+	True	4.431455391346811	4.668462698770607e-05	0.0217341329335332	0.0217341329335332	q_value_perm_plate	True	N-[(1S,2S)-1-(Acetoxymethyl)-2-acetoxyheptadecyl]acetamide	sirius_structure													C21H43N3O7	[M + H]+	N-[(1S,2S)-1-(Acetoxymethyl)-2-acetoxyheptadecyl]acetamide	CCCCCCCCCCCCCCCC(C(COC(=O)C)NC(=O)C)OC(=O)C	0.604	Fatty acids	Sphingoid bases	
9222	628.3615	5.605814	[M+Na]1+	True	3.4779443844153084	5.433293862681141e-05	0.0217341329335332	0.0217341329335332	q_value_perm_plate	True	H-Gly-Asp-Leu-Leu-Asn-Leu-al	sirius_structure													C34H49N3O8	[M + H]+	H-Gly-Asp-Leu-Leu-Asn-Leu-al	CC(C)CC(C=O)NC(=O)C(CC(=O)N)NC(=O)C(CC(C)C)NC(=O)C(CC(C)C)NC(=O)C(CC(=O)O)NC(=O)CN	0.084	Amino acids and Peptides	Cyclic peptides	Carboxylic acids and derivatives
361	411.3089	5.326	[M-H2O+H]1+	True	8.43991182017239	5.573675534350941e-05	0.0217341329335332	0.0217341329335332	q_value_perm_plate	True	(3-Hydroxy-2,3,3a,5,6,6a-hexahydrofuro[3,2-b]furan-6-yl) octadec-9-enoate	sirius_structure							sorbitol (known structural isomers: 0; isobaric peaks in run: 1) [M+H]+	0.8096	6	C([C@H]([C@H]([C@@H]([C@H](CO)O)O)O)O)O	InChI=1S/C6H14O6/c7-1-3(9)5(11)6(12)4(10)2-8/h3-12H,1-2H2/t3-,4+,5-,6-/m1/s1	CMMC-FOOD-BIOMARKERS	C24H42O5	[M + H]+	(3-Hydroxy-2,3,3a,5,6,6a-hexahydrofuro[3,2-b]furan-6-yl) octadec-9-enoate	CCCCCCCCC=CCCCCCCCC(=O)OC1COC2C1OCC2O	0.62	Fatty acids	Wax monoesters	Fatty Acyls
5808	546.3199	5.246	[M+Na]1+	True	3.0521435103067485	6.294862323607762e-05	0.0217341329335332	0.0217341329335332	q_value_perm_plate	True	2-[[(2R)-3-decanoyloxy-2-heptanoyloxypropoxy]-hydroxyphosphoryl]oxyethyl-trimethylazanium	sirius_structure													C25H50NO8P	[M + Na]+	2-[[(2R)-3-decanoyloxy-2-heptanoyloxypropoxy]-hydroxyphosphoryl]oxyethyl-trimethylazanium	CCCCCCCCCC(=O)OCC(COP(=O)(O)OCC[N+](C)(C)C)OC(=O)CCCCCC	0.143	Fatty acids	Glycerophosphocholines	Glycerophospholipids
101	529.3326	5.324225	[M+Na]1+	True	9.73920811011368	8.906241890503368e-05	0.0217341329335332	0.0217341329335332	q_value_perm_plate	True	19-hydroxy-18-{[3,4,5-trihydroxy-6-(hydroxymethyl)oxan-2-yl]oxy}icosanoic acid	sirius_structure							[(2S,3R,4S,5R,6R)-6-[[(2R,3S,4S,5R,6R)-3,4-dihydroxy-6-[(2E,6E,10E)-3,7,11,15-tetramethylhexadeca-2,6,10,14-tetraenoxy]-5-[(2S,3R,4R,5S,6S)-3,4,5-triacetyloxy-6-methyloxan-2-yl]oxyoxan-2-yl]methoxy]-4,5-dihydroxy-2-methyloxan-3-yl] acetate [M+NH4]+	0.8645	8		InChI=1S/C46H72O18/c1-24(2)15-12-16-25(3)17-13-18-26(4)19-14-20-27(5)21-22-55-45-41(64-46-43(62-33(11)50)42(61-32(10)49)40(29(7)58-46)60-31(9)48)36(52)35(51)34(63-45)23-56-44-38(54)37(53)39(28(6)57-44)59-30(8)47/h15,17,19,21,28-29,34-46,51-54H,12-14,16,18,20,22-23H2,1-11H3/b25-17+,26-19+,27-21+/t28-,29-,34+,35+,36-,37-,38+,39-,40-,41+,42+,43+,44+,45+,46-/m0/s1	MONA	C28H48O9	[M + H]+	19-hydroxy-18-{[3,4,5-trihydroxy-6-(hydroxymethyl)oxan-2-yl]oxy}icosanoic acid	CC(C(CCCCCCCCCCCCCCCCC(=O)O)OC1C(C(C(C(O1)CO)O)O)O)O	0.141	Fatty acids	Wax monoesters	Fatty Acyls
239	486.3124	5.334	[M+H]1+	True	5.489224889296728	0.0001089179952318	0.0217341329335332	0.0217341329335332	q_value_perm_plate	True	10,10-Bis(2-(2-ethoxyethoxy)ethoxy)-3,6,9-trioxa-10-silatridecan-13-amine	sirius_structure								0.7501	6	CC(=O)OC[C@H](OC(C)=O)[C@@H](OC(C)=O)[C@H](OC(C)=O)[C@@H](COC(C)=O)OC(C)=O			C24H43N3O7	[M + H]+	10,10-Bis(2-(2-ethoxyethoxy)ethoxy)-3,6,9-trioxa-10-silatridecan-13-amine	CCOCCOCCO[Si](CCCN)(OCCOCCOCC)OCCOCCOCC	0.013	Fatty acids	Fatty alcohols	Fatty Acyls
4246	459.3299	5.325	[M+H]1+	True	3.9926777483622553	0.0001089179952318	0.0217341329335332	0.0217341329335332	q_value_perm_plate	True	3,6,9,12,15,18-Hexaoxanonacosan-1-ol	sirius_structure													C25H47O5P	[M + H]+	3,6,9,12,15,18-Hexaoxanonacosan-1-ol	CCCCCCCCCCCOCCOCCOCCOCCOCCOCCO	0.081	Fatty acids	Fatty alcohols	Fatty Acyls
439	574.3644	5.477	[M-H2O+H]1+	True	6.700371099518205	0.0001336501581855	0.0217341329335332	0.0217341329335332	q_value_perm_plate	True	2-[(21-amino-3,20-dihydroxydocosan-2-yl)oxy]-6-(hydroxymethyl)oxane-3,4,5-triol	sirius_structure							(2S,3S,4S,5R,6S)-4-(acetyloxy)-6-{[(2S,3R,4R,5S,6S)-3,5-bis(acetyloxy)-2-{[(2S,3S,4S,5R,6S)-3-(acetyloxy)-6-{[(2S,3R,4S,5R,6R)-6-(dodecyloxy)-4,5-dihydroxy-2-methyloxan-3-yl]oxy}-5-hydroxy-2-methyloxan-4-yl]oxy}-6-methyloxan-4-yl]oxy}-5-hydroxy-2-methyloxan-3-yl acetate M-H2O+H	0.7117	6	CCCCCCCCCCCCO[C@H]([C@H]([C@H]1O)O)O[C@H](C)[C@H]1O[C@H]([C@H]([C@H]1O[C@H]([C@H]([C@H]2O[C@H]([C@H]([C@H]3OC(C)=O)O)O[C@H](C)[C@H]3OC(C)=O)OC(C)=O)O[C@H](C)[C@H]2OC(C)=O)O)O[C@H](C)[C@H]1OC(C)=O	InChI=1S/C46H76O22/c1-11-12-13-14-15-16-17-18-19-20-21-56-43-32(53)31(52)35(22(2)57-43)66-44-34(55)40(37(24(4)58-44)62-27(7)48)67-46-42(65-30(10)51)41(38(25(5)60-46)63-28(8)49)68-45-33(54)39(64-29(9)50)36(23(3)59-45)61-26(6)47/h22-25,31-46,52-55H,11-21H2,1-10H3/t22-,23-,24-,25+,31-,32+,33+,34+,35-,36+,37-,38+,39+,40-,41+,42+,43-,44+,45-,46-/m1/s1	GNPS-LIBRARY	C31H53NO7	[M + Na]+	2-[(21-amino-3,20-dihydroxydocosan-2-yl)oxy]-6-(hydroxymethyl)oxane-3,4,5-triol	CC(C(CCCCCCCCCCCCCCCCC(C(C)OC1C(C(C(C(O1)CO)O)O)O)O)O)N	0.122	Fatty acids	Neutral glycosphingolipids	Fatty Acyls
14265	1394.9125	5.504	[M+H]1+	True	3.7240997733846073	0.0001336501581855	0.0217341329335332	0.0217341329335332	q_value_perm_plate	True	C67H125N11O18 (formula only)	sirius_formula_only													C67H125N11O18	[M + Na]+	N-[2-[2-[2-[2-[3-[2-[2-[[10,13-dimethyl-17-(6-methylheptan-2-yl)-2,3,4,7,8,9,11,12,14,15,16,17-dodecahydro-1H-cyclopenta[a]phenanthren-3-yl]oxy]ethyl-[2-[3-[2-[2-[2-[2-[4-(3-methyl-2,5-dioxopyrrolidin-1-yl)butanoylamino]ethoxy]ethoxy]ethoxy]ethoxy]propanoylamino]ethyl]amino]ethylamino]-3-oxopropoxy]ethoxy]ethoxy]ethoxy]ethyl]-4-(3-methyl-2,5-dioxopyrrolidin-1-yl)butanamide	CC1CC(=O)N(C1=O)CCCC(=O)NCCOCCOCCOCCOCCC(=O)NCCN(CCNC(=O)CCOCCOCCOCCOCCNC(=O)CCCN2C(=O)CC(C2=O)C)CCOC3CCC4(C5CCC6(C(C5CC=C4C3)CCC6C(C)CCCC(C)C)C)C		Amino acids and Peptides	Lipopeptides	Peptidomimetics
874	550.3564	5.451	[M+NH3+H]1+	True	4.50941058326653	0.0001534672094706	0.0217341329335332	0.0217341329335332	q_value_perm_plate	True	[(3S,6aR,6bS,8aS,11S,14aR,14bS)-11-(hydroxycarbamoyl)-4,4,6a,6b,8a,11,14b-heptamethyl-14-oxo-2,3,4a,5,6,7,8,9,10,12,12a,14a-dodecahydro-1H-picen-3-yl] acetate	sirius_structure													C27H51NO10	[M + H]+	[(3S,6aR,6bS,8aS,11S,14aR,14bS)-11-(hydroxycarbamoyl)-4,4,6a,6b,8a,11,14b-heptamethyl-14-oxo-2,3,4a,5,6,7,8,9,10,12,12a,14a-dodecahydro-1H-picen-3-yl] acetate	CC(=O)OC1CCC2(C(C1(C)C)CCC3(C2C(=O)C=C4C3(CCC5(C4CC(CC5)(C)C(=O)NO)C)C)C)C	0.462	Fatty acids	Open-chain polyketides	Fatty Acyls
971	342.2991	5.272875	[M+H]1+	True	2.811888113336824	0.0001561877323116	0.0217341329335332	0.0217341329335332	q_value_perm_plate	True	N-(1,3-dihydroxyoctadec-4-en-2-yl)acetamide	sirius_structure							Cer(d18:1/24:0); [M+H]+ C42H84N1O3 M+H	0.8542	9			PNNL-LIPIDS-POSITIVE	C20H39NO3	[M + H]+	N-(1,3-dihydroxyoctadec-4-en-2-yl)acetamide	CCCCCCCCCCCCCC=CC(C(CO)NC(=O)C)O	0.959	Fatty acids	Ceramides	Sphingolipids
740	556.3538	5.501	[M+H]1+	True	5.244166719214891	0.0001931530355427	0.0217341329335332	0.0217341329335332	q_value_perm_plate	True	1-(2-Methoxy-nonadecanyl)-sn-glycero-3-phosphoserine	sirius_structure								0.7537	6	CC(=O)OC[C@H](OC(C)=O)[C@@H](OC(C)=O)[C@H](OC(C)=O)[C@@H](COC(C)=O)OC(C)=O			C27H49N5O5S	[M + H]+	1-(2-Methoxy-nonadecanyl)-sn-glycero-3-phosphoserine	CCCCCCCCCCCCCCCCCC(COCC(COP(=O)(O)OCC(C(=O)O)N)O)OC	0.604	Fatty acids	Sphingoid bases	Carboxylic acids and derivatives
3611	559.2857	5.273	[M+K]1+	True	3.804731941038953	0.0002426231950443	0.0217341329335332	0.0217341329335332	q_value_perm_plate	True	C32H44N2O4 (formula only)	sirius_formula_only													C32H44N2O4	[M + K]+		C1CCC(C1)CC(C(=O)NC(CC2CCNC2=O)C(=O)C(=O)NCC3=CC=CC=C3)NC(=O)C=CC4=CC=CC=C4	0.044	Alkaloids	Aspidosperma type	Tetrapyrroles and derivatives
7040	553.3327	5.476	[M+Na]1+	True	4.895774109314584	0.0003017279730715	0.0217341329335332	0.0217341329335332	q_value_perm_plate	True	C28H50O9 (formula only)	sirius_formula_only													C28H50O9	[M + Na]+		CCCCCCCC(CC(=O)O)OC(=O)CC(CCCC=CCCCC)OC1C(C(C(C(O1)C)O)O)O	0.056	Terpenoids	Eunicellane diterpenoids	Fatty Acyls
1711	601.2961	5.376	[M+H]1+	True	2.9776964308607097	0.0003052101726354	0.0217341329335332	0.0217341329335332	q_value_perm_plate	True	3-[18-(2-carboxyethyl)-8,13-bis[(1S)-1-hydroxyethyl]-3,7,12,17-tetramethyl-21,22,23,24-tetrahydroporphyrin-2-yl]propanoic acid	sirius_structure								0.9226	8	CCCCC/C=C\C/C=C\CCCCCCCC(=O)OCC(O)CO			C33H44O10	[M + H]+	3-[18-(2-carboxyethyl)-8,13-bis[(1S)-1-hydroxyethyl]-3,7,12,17-tetramethyl-21,22,23,24-tetrahydroporphyrin-2-yl]propanoic acid	CC1=C(C2=CC3=C(C(=C(N3)C=C4C(=C(C(=CC5=C(C(=C(N5)C=C1N2)C)C(C)O)N4)C)C(C)O)C)CCC(=O)O)CCC(=O)O	0.038	Polyketides	Depsipeptides	Carboxylic acids and derivatives
873	594.4189	5.413878	[M+H]1+	True	8.03539223268521	0.0003603676809311	0.0217341329335332	0.0217341329335332	q_value_perm_plate	True	C31H55N5O6 (formula only)	sirius_formula_only													C31H55N5O6	[M + H]+		CCCCCCCCCCCCC(=O)OC(COC(=O)CCCCCCCCCCC)COP(=O)(O)OCCN	0.109	Fatty acids	Glycerophosphoethanolamines	Carboxylic acids and derivatives
26926	832.5594	6.289438	[M+H]1+	True	3.2947232117497096	0.0003631093924	0.0217341329335332	0.0217341329335332	q_value_perm_plate	True	C43H81N5O5Si3 (formula only)	sirius_formula_only													C43H81N5O5Si3	[M + H]+	tert-butyl 3-(2-fluorophenyl)-2-[[(2R,3R)-3-methoxy-3-[(6S)-5-[(3R,4S,5S)-3-methoxy-5-methyl-4-[methyl-[(2S)-3-methyl-2-[[(2S)-3-methyl-2-(methylamino)butanoyl]amino]butanoyl]amino]heptanoyl]-5-azaspiro[2.4]heptan-6-yl]-2-methylpropanoyl]amino]propanoate	CCC(C)C(C(CC(=O)N1CC2(CC2)CC1C(C(C)C(=O)NC(CC3=CC=CC=C3F)C(=O)OC(C)(C)C)OC)OC)N(C)C(=O)C(C(C)C)NC(=O)C(C(C)C)NC		Amino acids and Peptides	Depsipeptides	Carboxylic acids and derivatives
177	515.3193	5.409	[M-H2O+H]1+	True	4.349015554135039	0.0003885392787826	0.0217341329335332	0.0217341329335332	q_value_perm_plate	True	2-hydroxy-3-{[3,4,5-trihydroxy-6-(hydroxymethyl)oxan-2-yl]oxy}propyl hexadecanoate	sirius_structure													C23H42N6O7	[M + H]+	2-hydroxy-3-{[3,4,5-trihydroxy-6-(hydroxymethyl)oxan-2-yl]oxy}propyl hexadecanoate	CCCCCCCCCCCCCCCC(=O)OCC(COC1C(C(C(C(O1)CO)O)O)O)O	0.507	Fatty acids	Fatty acyl glycosides of mono- and disaccharides	Saccharolipids
3982	616.3622	5.468	[M+Na]1+	True	5.264579723788699	0.0004114891662602	0.0217341329335332	0.0217341329335332	q_value_perm_plate	True	[(1R)-1-[[(2R)-2-[3-[[amino(nitramido)methylidene]amino]propyl]-13-cyano-5-cyclopentyl-4-oxotridecanoyl]amino]-3-methylbutyl]boronic acid	sirius_structure													C31H47BN6O5	[M + Na]+	[(1R)-1-[[(2R)-2-[3-[[amino(nitramido)methylidene]amino]propyl]-13-cyano-5-cyclopentyl-4-oxotridecanoyl]amino]-3-methylbutyl]boronic acid	B(C(CC(C)C)NC(=O)C(CCCN=C(N)N[N+](=O)[O-])CC(=O)C(CCCCCCCCC#N)C1CCCC1)(O)O	0.124	Amino acids and Peptides	Tripeptides	Carboxylic acids and derivatives
155	546.3333	5.341676	[M-H2O+H]1+	True	3.924679087945732	0.0004114891662602	0.0217341329335332	0.0217341329335332	q_value_perm_plate	True	2-[(19-amino-3,18-dihydroxyicosan-2-yl)oxy]-6-(hydroxymethyl)oxane-3,4,5-triol	sirius_structure													C22H43N9O7	[M + H]+	2-[(19-amino-3,18-dihydroxyicosan-2-yl)oxy]-6-(hydroxymethyl)oxane-3,4,5-triol	CC(C(CCCCCCCCCCCCCCC(C(C)OC1C(C(C(C(O1)CO)O)O)O)O)O)N	0.611	Fatty acids	Sphingoid bases	Fatty Acyls
1120	545.3176	5.261	[M+Na]1+	True	4.019392237466113	0.0004229481810843	0.0217341329335332	0.0217341329335332	q_value_perm_plate	True	H-Ala-His-Ala-Lys(Me3)-Ala-al	sirius_structure													C23H46N4O9	[M + Na]+	H-Ala-His-Ala-Lys(Me3)-Ala-al	CC(C=O)NC(=O)C(CCCC[N+](C)(C)C)NC(=O)C(C)NC(=O)C(CC1=CN=CN1)NC(=O)C(C)N	0.583	Amino acids and Peptides	Tripeptides	Carboxylic acids and derivatives
219	572.3467	5.401	[M+Na]1+	True	9.719941326665989	0.0004590760061267	0.0217341329335332	0.0217341329335332	q_value_perm_plate	True	Unk-Sar-DL-OxiIle-Sar-DL-OIle-Unk	sirius_structure							PEFA - D-mannitol-4-monoacetate-3-(acetyloxy)-hexadecanoate M+Na	0.7464	6			GNPS-LIBRARY	C28H49N3O9	[M + H]+	Unk-Sar-DL-OxiIle-Sar-DL-OIle-Unk	CCC(C)C(C(=O)N(C)CC(=O)OC(C(C)CC)C(=O)N(C)CC(=O)OC(C(C)CC)C(=O)N(C)CC)OC=O	0.321	Alkaloids	Erythromycins	Carboxylic acids and derivatives
529	550.3566	5.409	[M+NH3+H]1+	True	5.215165931513946	0.0004689489588094	0.0217341329335332	0.0217341329335332	q_value_perm_plate	True	[(3S,6aR,6bS,8aS,11S,14aR,14bS)-11-(hydroxycarbamoyl)-4,4,6a,6b,8a,11,14b-heptamethyl-14-oxo-2,3,4a,5,6,7,8,9,10,12,12a,14a-dodecahydro-1H-picen-3-yl] acetate	sirius_structure													C27H51NO10	[M + H]+	[(3S,6aR,6bS,8aS,11S,14aR,14bS)-11-(hydroxycarbamoyl)-4,4,6a,6b,8a,11,14b-heptamethyl-14-oxo-2,3,4a,5,6,7,8,9,10,12,12a,14a-dodecahydro-1H-picen-3-yl] acetate	CC(=O)OC1CCC2(C(C1(C)C)CCC3(C2C(=O)C=C4C3(CCC5(C4CC(CC5)(C)C(=O)NO)C)C)C)C	0.368	Fatty acids	Open-chain polyketides	Fatty Acyls
140	453.3192	5.409	[M+H]1+	True	9.77389607463512	0.0004869759919468	0.0217341329335332	0.0217341329335332	q_value_perm_plate	True	[3-(2,3-dihydroxypropoxy)-2-hydroxypropyl] (E)-octadec-9-enoate	sirius_structure							(7E,13E)-9,15-dihydroxy-4,10,16-trimethyl-1,5,11-trioxacyclohexadeca-7,13-diene-2,6,12-trione [M+H]+	0.8195	6		InChI=1S/C16H22O8/c1-9-8-16(21)24-11(3)13(18)5-7-15(20)23-10(2)12(17)4-6-14(19)22-9/h4-7,9-13,17-18H,8H2,1-3H3/b6-4+,7-5+	MONA	C24H46O6	[M + Na]+	[3-(2,3-dihydroxypropoxy)-2-hydroxypropyl] (E)-octadec-9-enoate	CCCCCCCCC=CCCCCCCCC(=O)OCC(COCC(CO)O)O	0.109	Fatty acids	Wax monoesters	Fatty Acyls
118	513.3401	5.476	[M-H2O+H]1+	True	8.278126819493243	0.0005149436730621	0.0217341329335332	0.0217341329335332	q_value_perm_plate	True	8-{[3,4,5-trihydroxy-6-(hydroxymethyl)oxan-2-yl]oxy}icosanoic acid	sirius_structure								0.7424	7	C[C@H]1CCCCCCCCCCCOC1=O			C28H48O8	[M + H]+	8-{[3,4,5-trihydroxy-6-(hydroxymethyl)oxan-2-yl]oxy}icosanoic acid	CCCCCCCCCCCCC(CCCCCCC(=O)O)OC1C(C(C(C(O1)CO)O)O)O	0.233	Fatty acids	Wax monoesters	Fatty Acyls
173	471.3298	5.401	[M-H2O+H]1+	True	8.593831802040617	0.0005364415283067	0.0217341329335332	0.0217341329335332	q_value_perm_plate	True		unidentified								0.7117	6	CCC[C@H]1CC(=O)C=C(C)C1										
340	503.3195	5.2	[M+2Na-H]1+	True	3.752006370709189	0.0005364415283067	0.0217341329335332	0.0217341329335332	q_value_perm_plate	True	Corticatic Acid D	sirius_structure							[(2S,3R,4S,5R,6R)-6-[[(2R,3S,4S,5R,6R)-3,4-dihydroxy-6-[(2E,6E,10E)-3,7,11,15-tetramethylhexadeca-2,6,10,14-tetraenoxy]-5-[(2S,3R,4R,5S,6S)-3,4,5-triacetyloxy-6-methyloxan-2-yl]oxyoxan-2-yl]methoxy]-4,5-dihydroxy-2-methyloxan-3-yl] acetate [M+NH4]+	0.8627	8		InChI=1S/C46H72O18/c1-24(2)15-12-16-25(3)17-13-18-26(4)19-14-20-27(5)21-22-55-45-41(64-46-43(62-33(11)50)42(61-32(10)49)40(29(7)58-46)60-31(9)48)36(52)35(51)34(63-45)23-56-44-38(54)37(53)39(28(6)57-44)59-30(8)47/h15,17,19,21,28-29,34-46,51-54H,12-14,16,18,20,22-23H2,1-11H3/b25-17+,26-19+,27-21+/t28-,29-,34+,35+,36-,37-,38+,39-,40-,41+,42+,43+,44+,45+,46-/m0/s1	MONA	C33H42O4	[M + H]+	Corticatic Acid D	C#CC(C=CCCCCCC#CC=CC(CCCCCCCCCCCC=CC#CC(=O)O)O)O	0.079	Terpenoids	Diacylglycerols	Fatty Acyls
14315	677.4271	5.545	[M+H]1+	True	3.088214452057555	0.0008478953659815	0.0217341329335332	0.0217341329335332	q_value_perm_plate	True	Olean-12-en-28-oic acid, 3-((6-O-acetyl-beta-D-glucopyranosyl)oxy)-23-hydroxy-, (3beta,4alpha)-	sirius_structure													C32H60N4O11	[M + H]+	Olean-12-en-28-oic acid, 3-((6-O-acetyl-beta-D-glucopyranosyl)oxy)-23-hydroxy-, (3beta,4alpha)-	CC(=O)OCC1C(C(C(C(O1)OC2CCC3(C(C2(C)CO)CCC4(C3CC=C5C4(CCC6(C5CC(CC6)(C)C)C(=O)O)C)C)C)O)O)O	0.143	Terpenoids	Spirostane steroids	Prenol lipids
461	514.3435	5.476	[M-H2O+H]1+	True	6.020288883601834	0.0008680078399556	0.0217341329335332	0.0217341329335332	q_value_perm_plate	True	N-Icosyl-D-gluconamide	sirius_structure							(7E,13E)-9,15-dihydroxy-4,10,16-trimethyl-1,5,11-trioxacyclohexadeca-7,13-diene-2,6,12-trione [M+H]+	0.7418	6		InChI=1S/C16H22O8/c1-9-8-16(21)24-11(3)13(18)5-7-15(20)23-10(2)12(17)4-6-14(19)22-9/h4-7,9-13,17-18H,8H2,1-3H3/b6-4+,7-5+	MONA	C26H47N3O7	[M + H]+	N-Icosyl-D-gluconamide	CCCCCCCCCCCCCCCCCCCCNC(=O)C(C(C(C(CO)O)O)O)O	0.199	Fatty acids	Wax monoesters	Fatty Acyls
19750	501.3403	5.701568	[M+H]1+	True	3.748015671258902	0.0011309042491129	0.0217341329335332	0.0217341329335332	q_value_perm_plate	True	3,6,9,12,15,18-Hexaoxahentriacontan-1-oic acid	sirius_structure								0.7537	10	CCCCCCCC/C=C/CCCCCCCC(=O)OCC(O)CO			C27H48O8	[M + H]+	3,6,9,12,15,18-Hexaoxahentriacontan-1-oic acid	CCCCCCCCCCCCCOCCOCCOCCOCCOCCOCC(=O)O	0.069	Fatty acids	Wax monoesters	Fatty Acyls
2249	231.0856	5.485	[M+H]1+	True	4.974633135285687	0.0011561637035353	0.0217341329335332	0.0217341329335332	q_value_perm_plate	True	6-(hydroxymethyl)-3,5-dimethoxyoxane-2,4-diol	sirius_structure							[(2S,3R,4S,5R,6R)-6-[[(2R,3S,4S,5R,6R)-3,4-dihydroxy-6-[(2E,6E,10E)-3,7,11,15-tetramethylhexadeca-2,6,10,14-tetraenoxy]-5-[(2S,3R,4R,5S,6S)-3,4,5-triacetyloxy-6-methyloxan-2-yl]oxyoxan-2-yl]methoxy]-4,5-dihydroxy-2-methyloxan-3-yl] acetate [M+NH4]+	0.9065	7		InChI=1S/C46H72O18/c1-24(2)15-12-16-25(3)17-13-18-26(4)19-14-20-27(5)21-22-55-45-41(64-46-43(62-33(11)50)42(61-32(10)49)40(29(7)58-46)60-31(9)48)36(52)35(51)34(63-45)23-56-44-38(54)37(53)39(28(6)57-44)59-30(8)47/h15,17,19,21,28-29,34-46,51-54H,12-14,16,18,20,22-23H2,1-11H3/b25-17+,26-19+,27-21+/t28-,29-,34+,35+,36-,37-,38+,39-,40-,41+,42+,43+,44+,45+,46-/m0/s1	MONA	C10H14O6	[M + H]+	6-(hydroxymethyl)-3,5-dimethoxyoxane-2,4-diol	COC1C(OC(C(C1O)OC)O)CO	0.113	Carbohydrates	Monosaccharides	Organooxygen compounds
820	395.2776	5.326	[M+ACN+H]1+	True	3.998554859346453	0.0011561637035353	0.0217341329335332	0.0217341329335332	q_value_perm_plate	True	16-(4-methyl-2,5-dioxo-2,5-dihydrofuran-3-yl)hexadecan-2-yl acetate	sirius_structure													C23H38O5	[M + H]+	16-(4-methyl-2,5-dioxo-2,5-dihydrofuran-3-yl)hexadecan-2-yl acetate	CC1=C(C(=O)OC1=O)CCCCCCCCCCCCCCC(C)OC(=O)C	0.16	Fatty acids	Fatty alcohols	Fatty Acyls
7125	606.419	5.718317	[M+H]1+	True	3.0280997132056857	0.001199698611691	0.0217341329335332	0.0217341329335332	q_value_perm_plate	True	C38H55NO5 (formula only)	sirius_formula_only													C38H55NO5	[M + H]+						
994	637.4326	5.477	[M+3Na-2H]1+	True	7.0027272600041215	0.0013761472489153	0.0217341329335332	0.0217341329335332	q_value_perm_plate	True	(1S,5R,9S,13R)-14-(hydroxymethyl)-5,9-dimethyltetracyclo[11.2.1.0,?.0?,?]hexadec-14-ene-5-carboxylic acid 2M+H	exact_library_match	(1S,5R,9S,13R)-14-(hydroxymethyl)-5,9-dimethyltetracyclo[11.2.1.0,?.0?,?]hexadec-14-ene-5-carboxylic acid 2M+H	0.7101	8	C[C@@](CCC1)(C2[C@@](C3)(CC4)C=C(CO)[C@H]3CC2)C4[C@@]1(C)C(O)=O	InChI=1S/C20H30O3/c1-18-7-3-8-19(2,17(22)23)15(18)6-9-20-10-13(4-5-16(18)20)14(11-20)12-21/h11,13,15-16,21H,3-10,12H2,1-2H3,(H,22,23)/t13-,15?,16?,18-,19-,20+/m0/s1	GNPS-LIBRARY	AC1L1X1Z CollisionEnergy:102040 M+Na	0.8974	11	NCC1OC(OC2C(CO)OC(OC3C(O)C(N)CC(N)C3OC3OC(CN)C(O)C(O)C3N)C2O)C(N)C(O)C1O	InChI=1S/C23H46N6O13/c24-2-7-13(32)15(34)10(28)21(37-7)40-18-6(27)1-5(26)12(31)20(18)42-23-17(36)19(9(4-30)39-23)41-22-11(29)16(35)14(33)8(3-25)38-22/h5-23,30-36H,1-4,24-29H2/t5-,6+,7-,8+,9-,10-,11-,12+,13-,14-,15-,16-,17-,18-,19-,20-,21-,22?,23+/m1/s1	BERKELEY-LAB	C33H62ClFN2O6	[M + H]+	Bis(2-(2-(heptan-3-yl)oxazolidin-3-yl)ethyl) hexane-1,6-diyldicarbamate	CCCCC(CC)C1N(CCO1)CCOC(=O)NCCCCCCNC(=O)OCCN2CCOC2C(CC)CCCC	0.015	Amino acids and Peptides	Linear peptides	Carboxylic acids and derivatives
41	571.3432	5.401	[M+Na]1+	True	7.957033851111464	0.0016192278051352	0.0217341329335332	0.0217341329335332	q_value_perm_plate	True	[(2S)-2-nonanoyloxy-3-[(2R,3R,4S,5R,6R)-3,4,5-trihydroxy-6-(hydroxymethyl)oxan-2-yl]oxypropyl] decanoate	sirius_structure													C28H52O10	[M + Na]+	[(2S)-2-nonanoyloxy-3-[(2R,3R,4S,5R,6R)-3,4,5-trihydroxy-6-(hydroxymethyl)oxan-2-yl]oxypropyl] decanoate	CCCCCCCCCC(=O)OCC(COC1C(C(C(C(O1)CO)O)O)O)OC(=O)CCCCCCCC	0.032	Fatty acids	Open-chain polyketides	Fatty Acyls
4198	513.34	5.554	[M+H]1+	True	5.903873691120284	0.0016192278051352	0.0217341329335332	0.0217341329335332	q_value_perm_plate	True	8-{[3,4,5-trihydroxy-6-(hydroxymethyl)oxan-2-yl]oxy}icosanoic acid	sirius_structure								0.7275	7	C[C@H]1CCCCCCCCCCCOC1=O			C28H48O8	[M + H]+	8-{[3,4,5-trihydroxy-6-(hydroxymethyl)oxan-2-yl]oxy}icosanoic acid	CCCCCCCCCCCCC(CCCCCCC(=O)O)OC1C(C(C(C(O1)CO)O)O)O	0.257	Fatty acids	Wax monoesters	Fatty Acyls
477	542.3361	5.469	[M+Na]1+	True	7.009084840375316	0.001680677267669	0.0217341329335332	0.0217341329335332	q_value_perm_plate	True	(6aS,6bR,8aS,14bS)-8a-(imidazole-1-carbonyl)-4,4,6a,6b,11,11,14b-heptamethyl-3,13-dioxo-4a,5,6,6a,7,8,9,10,12,12a-decahydropicene-2-carbonitrile	sirius_structure													C29H43N5O5	[M + H]+	(6aS,6bR,8aS,14bS)-8a-(imidazole-1-carbonyl)-4,4,6a,6b,11,11,14b-heptamethyl-3,13-dioxo-4a,5,6,6a,7,8,9,10,12,12a-decahydropicene-2-carbonitrile	CC1(CCC2(CCC3(C(C2C1)C(=O)C=C4C3(CCC5C4(C=C(C(=O)C5(C)C)C#N)C)C)C)C(=O)N6C=CN=C6)C	0.413	Terpenoids	Lupane triterpenoids	Carboxylic acids and derivatives
10740	538.3491	5.12	[M+H]1+	True	1.9771590392942155	0.0022043002338484	0.0217341329335332	0.0217341329335332	q_value_perm_plate	True	Spectral Match to 1-Hexadecyl-2-(9Z-octadecenoyl)-sn-glycero-3-phosphocholine from NIST14 M+H	analog_library_match							Spectral Match to 1-Hexadecyl-2-(9Z-octadecenoyl)-sn-glycero-3-phosphocholine from NIST14 M+H	0.9173	6	CCCCCCCCCCCCCCCCOC[C@H](COP(=O)([O-])OCC[N+](C)(C)C)OC(=O)CCCCCCC/C=C\CCCCCCCC	InChI=1S/C42H84NO7P/c1-6-8-10-12-14-16-18-20-22-23-25-27-29-31-33-35-42(44)50-41(40-49-51(45,46)48-38-36-43(3,4)5)39-47-37-34-32-30-28-26-24-21-19-17-15-13-11-9-7-2/h20,22,41H,6-19,21,23-40H2,1-5H3/b22-20-/t41-/m1/s1	GNPS-NIST14-MATCHES								
166	513.3013	5.325	[M+Na]1+	True	5.598718789907898	0.0022615853476412	0.0217341329335332	0.0217341329335332	q_value_perm_plate	True	2-hydroxy-3-{[3,4,5-trihydroxy-6-(hydroxymethyl)oxan-2-yl]oxy}propyl hexadec-9-enoate	sirius_structure													C25H46O9	[M + Na]+	2-hydroxy-3-{[3,4,5-trihydroxy-6-(hydroxymethyl)oxan-2-yl]oxy}propyl hexadec-9-enoate	CCCCCCC=CCCCCCCCC(=O)OCC(COC1C(C(C(C(O1)CO)O)O)O)O	0.14	Fatty acids	Fatty alcohols	Fatty Acyls
19409	793.5598	6.061703	[M+Na]1+	True	2.3822117087840518	0.0025014907860032	0.0217341329335332	0.0217341329335332	q_value_perm_plate	True	C49H76O8 (formula only)	sirius_formula_only													C49H76O8	[M + H]+						
1681	482.315	5.601884	[M+Na]1+	True	8.079246321762561	0.002880363007873	0.0217341329335332	0.0217341329335332	q_value_perm_plate	True	1-Stearoyl-Sn-Glycero-3-Phosphoethanolamine	sirius_structure		0.9239	9	CCCCCCCCCCCCCCCCCC(=O)OC[C@@H](O)COP(=O)([O-])OCC[NH3+]				0.9239	9	CCCCCCCCCCCCCCCCCC(=O)OC[C@@H](O)COP(=O)([O-])OCC[NH3+]			C23H48NO7P	[M + H]+	1-Stearoyl-Sn-Glycero-3-Phosphoethanolamine	CCCCCCCCCCCCCCCCCC(=O)OCC(COP(=O)(O)OCCN)O	0.771	Fatty acids	Glycerophosphoethanolamines	Carboxylic acids and derivatives
2235	579.3909	5.561	[M+NH3+H]1+	True	6.976768022413407	0.002880363007873	0.0217341329335332	0.0217341329335332	q_value_perm_plate	True	C31H56O8 (formula only)	sirius_formula_only													C31H56O8	[M + Na]+						
123	573.3611	5.485	[M-H2O+H]1+	True	7.156256533895465	0.0028855696296357	0.0217341329335332	0.0217341329335332	q_value_perm_plate	True	1-Tridecanoyl-2-dodecanoyl-glycero-3-phosphate	sirius_structure							(2S,3S,4S,5R,6S)-4-(acetyloxy)-6-{[(2S,3R,4R,5S,6S)-3,5-bis(acetyloxy)-2-{[(2S,3S,4S,5R,6S)-3-(acetyloxy)-6-{[(2S,3R,4S,5R,6R)-6-(dodecyloxy)-4,5-dihydroxy-2-methyloxan-3-yl]oxy}-5-hydroxy-2-methyloxan-4-yl]oxy}-6-methyloxan-4-yl]oxy}-5-hydroxy-2-methyloxan-3-yl acetate M-H2O+H	0.7434	8	CCCCCCCCCCCCO[C@H]([C@H]([C@H]1O)O)O[C@H](C)[C@H]1O[C@H]([C@H]([C@H]1O[C@H]([C@H]([C@H]2O[C@H]([C@H]([C@H]3OC(C)=O)O)O[C@H](C)[C@H]3OC(C)=O)OC(C)=O)O[C@H](C)[C@H]2OC(C)=O)O)O[C@H](C)[C@H]1OC(C)=O	InChI=1S/C46H76O22/c1-11-12-13-14-15-16-17-18-19-20-21-56-43-32(53)31(52)35(22(2)57-43)66-44-34(55)40(37(24(4)58-44)62-27(7)48)67-46-42(65-30(10)51)41(38(25(5)60-46)63-28(8)49)68-45-33(54)39(64-29(9)50)36(23(3)59-45)61-26(6)47/h22-25,31-46,52-55H,11-21H2,1-10H3/t22-,23-,24-,25+,31-,32+,33+,34+,35-,36+,37-,38+,39+,40-,41+,42+,43-,44+,45-,46-/m1/s1	GNPS-LIBRARY	C28H55O8P	[M + Na]+	1-Tridecanoyl-2-dodecanoyl-glycero-3-phosphate	CCCCCCCCCCCCC(=O)OCC(COP(=O)(O)O)OC(=O)CCCCCCCCCCC	0.065	Fatty acids	Wax monoesters	Fatty Acyls
3909	525.3283	5.70142	[M+Na]1+	True	6.631002506345983	0.0029021645601577	0.0217341329335332	0.0217341329335332	q_value_perm_plate	True	tetratriaconta-19,30-dien-2,4,6,17,33-pentayne-1,8,32-triol	sirius_structure							Spectral Match to 3-Hydroxyoctadecanoic Acid from NIST14 M+H-H2O	0.7571	9	CCCCCCCCCCCCCCCC(CC(=O)O)O	InChI=1S/C18H36O3/c1-2-3-4-5-6-7-8-9-10-11-12-13-14-15-17(19)16-18(20)21/h17,19H,2-16H2,1H3,(H,20,21)	GNPS-NIST14-MATCHES	C31H44N2O5	[M + H]+	tetratriaconta-19,30-dien-2,4,6,17,33-pentayne-1,8,32-triol	C#CC(C=CCCCCCCCCCC=CC#CCCCCCCCCC(C#CC#CC#CCO)O)O	0.185	Fatty acids	Wax monoesters	Fatty Acyls
20467	873.5657	6.396653	[M+H]1+	True	3.804674465841993	0.003169513194472	0.0217341329335332	0.0217341329335332	q_value_perm_plate	True	1,1,4,4-Tetrakis[4-(oxan-2-yloxy)cyclohexyl]butane-1,2,3,4-tetrol	sirius_structure													C57H76O7	[M + H]+	1,1,4,4-Tetrakis[4-(oxan-2-yloxy)cyclohexyl]butane-1,2,3,4-tetrol	C1CCOC(C1)OC2CCC(CC2)C(C3CCC(CC3)OC4CCCCO4)(C(C(C(C5CCC(CC5)OC6CCCCO6)(C7CCC(CC7)OC8CCCCO8)O)O)O)O	0.178	Terpenoids	Cholestane steroids	Steroids and steroid derivatives
4540	688.424	5.676	[M+NH3+H]1+	True	2.6825681341665444	0.003169513194472	0.0217341329335332	0.0217341329335332	q_value_perm_plate	True	(E)-N-(2-bromoacetyl)-N-[(E)-octadec-9-enoyl]octadec-9-enamide	sirius_structure													C34H59N5O8	[M + Na]+	(E)-N-(2-bromoacetyl)-N-[(E)-octadec-9-enoyl]octadec-9-enamide	CCCCCCCCC=CCCCCCCCC(=O)N(C(=O)CCCCCCCC=CCCCCCCCC)C(=O)CBr	0.24	Fatty acids	Ceramides	Fatty Acyls
4680	604.356	5.129	[M+Na]1+	True	2.6790296226564063	0.003169513194472	0.0217341329335332	0.0217341329335332	q_value_perm_plate	True	[(4Z,8Z,10E,12R,13R,14S,16R)-13,20,22-trihydroxy-8,14-dimethoxy-4,10,12,16,21-pentamethyl-3-oxo-19-(propylamino)-2-azabicyclo[16.3.1]docosa-1(21),4,8,10,18(22),19-hexaen-9-yl] carbamate	sirius_structure							Spectral Match to 1-(9Z-Octadecenoyl)-sn-glycero-3-phosphocholine from NIST14 M+Na	0.8833	8	CCCCCCCC/C=C\CCCCCCCC(=O)OC[C@H](COP(=O)([O-])OCC[N+](C)(C)C)O	InChI=1S/C26H52NO7P/c1-5-6-7-8-9-10-11-12-13-14-15-16-17-18-19-20-26(29)32-23-25(28)24-34-35(30,31)33-22-21-27(2,3)4/h12-13,25,28H,5-11,14-24H2,1-4H3/b13-12-/t25-/m1/s1	GNPS-NIST14-MATCHES	C32H49N3O8	[M + H]+	[(4Z,8Z,10E,12R,13R,14S,16R)-13,20,22-trihydroxy-8,14-dimethoxy-4,10,12,16,21-pentamethyl-3-oxo-19-(propylamino)-2-azabicyclo[16.3.1]docosa-1(21),4,8,10,18(22),19-hexaen-9-yl] carbamate	CCCNC1=C(C(=C2C(=C1CC(CC(C(C(C=C(C(=C(CCC=C(C(=O)N2)C)OC)OC(=O)N)C)C)O)OC)C)O)C)O	0.049	Fatty acids	Fatty acyl carnitines	Fatty Acyls
1335	587.3281	5.363	[M+ACN+Na]1+	True	5.423756027977264	0.0035668152349557	0.0217341329335332	0.0217341329335332	q_value_perm_plate	True	Ac-Leu-Asp-Val-Ser-Leu-NH2	sirius_structure													C28H52O11	[M + Na]+	Ac-Leu-Asp-Val-Ser-Leu-NH2	CC(C)CC(C(=O)N)NC(=O)C(CO)NC(=O)C(C(C)C)NC(=O)C(CC(=O)O)NC(=O)C(CC(C)C)NC(=O)C	0.083	Amino acids and Peptides	Cyclic peptides	Carboxylic acids and derivatives
2122	524.3256	6.035339	[M+H]1+	True	3.855932022271177	0.0035668152349557	0.0217341329335332	0.0217341329335332	q_value_perm_plate	True	Ambiguine	sirius_structure													C25H47N3O7	[M + Na]+	Ambiguine	CCN1CC2(CCC(C34C2C(C(C31)(C5(CC(C6CC4C5C6OC(=O)C)OC)OC)O)OC)OC)COC	0.253	Alkaloids	Terpenoid alkaloids	Prenol lipids
1924	439.2673	5.196239	[M+ACN+H]1+	True	2.563613458940429	0.0036946119580776	0.0217341329335332	0.0217341329335332	q_value_perm_plate	True	6-[(acetyloxy)methyl]-11-hydroxy-2-[6-hydroxy-4-(hydroxymethyl)hex-4-en-1-ylidene]-10-methylundeca-5,9-dien-1-yl acetate	sirius_structure								0.8423	6	CC(=O)OC[C@H](OC(C)=O)[C@@H](OC(C)=O)[C@H](OC(C)=O)[C@@H](COC(C)=O)OC(C)=O			C24H38O7	[M + H]+	6-[(acetyloxy)methyl]-11-hydroxy-2-[6-hydroxy-4-(hydroxymethyl)hex-4-en-1-ylidene]-10-methylundeca-5,9-dien-1-yl acetate	CC(=CCCC(=CCCC(=CCCC(=CCO)CO)COC(=O)C)COC(=O)C)CO	0.155	Polyketides	Macrolide lactones	Fatty Acyls
3318	611.3377	5.551	[M+Na]1+	True	4.921977890547669	0.0038984528381855	0.0217341329335332	0.0217341329335332	q_value_perm_plate	True	PEFA - D-mannitol-2,3,6-triacetate-3-(acetyloxy)-hexadecanoate  M+Na	analog_library_match							PEFA - D-mannitol-2,3,6-triacetate-3-(acetyloxy)-hexadecanoate  M+Na	0.743	15			GNPS-LIBRARY	C30H52O11	[M + Na]+		CC(=O)NCCCCCN(C(=O)CCC(=O)NCCCCCN(C(=O)CCC(=O)NCCCCCN(C=O)O)O)O	0.039	Amino acids and Peptides	Cyclic peptides	Carboxylic acids and derivatives
4648	641.3268	5.612177	[M+H]1+	True	5.442879850773398	0.0042644583430965	0.0217341329335332	0.0217341329335332	q_value_perm_plate	True	C30H55O9PSi (formula only)	sirius_formula_only													C30H55O9PSi	[M + Na]+						
2794	614.3567	5.807	[M+H]1+	True	4.381243922872253	0.0044042700347185	0.0217341329335332	0.0217341329335332	q_value_perm_plate	True	2-(9-{[4-(dimethylamino)-3,5-dihydroxy-6-methyloxan-2-yl]oxy}-3-ethyl-7-hydroxy-2,8,12,16-tetramethyl-5,13-dioxo-4,17-dioxabicyclo[14.1.0]heptadec-14-en-10-yl)acetic acid	sirius_structure													C32H47N5O7	[M + H]+	2-(9-{[4-(dimethylamino)-3,5-dihydroxy-6-methyloxan-2-yl]oxy}-3-ethyl-7-hydroxy-2,8,12,16-tetramethyl-5,13-dioxo-4,17-dioxabicyclo[14.1.0]heptadec-14-en-10-yl)acetic acid	CCC1C(C2C(O2)(C=CC(=O)C(CC(C(C(C(CC(=O)O1)O)C)OC3C(C(C(C(O3)C)O)N(C)C)O)CC(=O)O)C)C)C	0.044	Alkaloids	Steroidal alkaloids	Prenol lipids
214	531.3506	5.409	[M+H]1+	True	5.561643653845411	0.0050442473063586	0.0217341329335332	0.0217341329335332	q_value_perm_plate	True	2,3-Dihydroxypropyl 3-[2-[2-[2-(2-dodecoxyethoxy)ethoxy]ethoxy]ethoxy]propanoate	sirius_structure							[(2S,3R,4S,5R,6R)-6-[[(2R,3S,4S,5R,6R)-3,4-dihydroxy-6-[(2E,6E,10E)-3,7,11,15-tetramethylhexadeca-2,6,10,14-tetraenoxy]-5-[(2S,3R,4R,5S,6S)-3,4,5-triacetyloxy-6-methyloxan-2-yl]oxyoxan-2-yl]methoxy]-4,5-dihydroxy-2-methyloxan-3-yl] acetate [M+NH4]+	0.8765	8		InChI=1S/C46H72O18/c1-24(2)15-12-16-25(3)17-13-18-26(4)19-14-20-27(5)21-22-55-45-41(64-46-43(62-33(11)50)42(61-32(10)49)40(29(7)58-46)60-31(9)48)36(52)35(51)34(63-45)23-56-44-38(54)37(53)39(28(6)57-44)59-30(8)47/h15,17,19,21,28-29,34-46,51-54H,12-14,16,18,20,22-23H2,1-11H3/b25-17+,26-19+,27-21+/t28-,29-,34+,35+,36-,37-,38+,39-,40-,41+,42+,43+,44+,45+,46-/m0/s1	MONA	C28H50O9	[M + H]+	2,3-Dihydroxypropyl 3-[2-[2-[2-(2-dodecoxyethoxy)ethoxy]ethoxy]ethoxy]propanoate	CCCCCCCCCCCCOCCOCCOCCOCCOCCC(=O)OCC(CO)O	0.196	Fatty acids	Wax monoesters	Fatty Acyls
8010	423.3088	5.553	[M-H2O+H]1+	True	5.840238749697139	0.0054469309394857	0.0217341329335332	0.0217341329335332	q_value_perm_plate	True	1-(acetyloxy)-3-(hexadecyloxy)propan-2-yl acetate	sirius_structure													C25H42O5	[M + H]+	1-(acetyloxy)-3-(hexadecyloxy)propan-2-yl acetate	CCCCCCCCCCCCCCCCOCC(COC(=O)C)OC(=O)C	0.472	Fatty acids	Monoacylglycerols	Fatty Acyls
1037	495.2909	5.808	[M+H]1+	True	3.7511051810598457	0.0055172516740566	0.0217341329335332	0.0217341329335332	q_value_perm_plate	True	1,2,3-trimethyl 2-hydroxy-1-(15-oxohexadecyl)propane-1,2,3-tricarboxylate	sirius_structure													C27H42O8	[M + H]+	1,2,3-trimethyl 2-hydroxy-1-(15-oxohexadecyl)propane-1,2,3-tricarboxylate	CC(=O)CCCCCCCCCCCCCCC(C(=O)OC)C(CC(=O)OC)(C(=O)OC)O	0.128	Terpenoids	Fatty alcohols	Fatty Acyls
3703	607.4221	5.553	[M+H]1+	True	6.959065871275502	0.0056440821849186	0.0217341329335332	0.0217341329335332	q_value_perm_plate	True	1-[3-[(2S)-2-ethylhexoxy]propyl]-3-[5-[3-[(2S)-2-ethylhexoxy]propylcarbamoylamino]naphthalen-1-yl]urea	sirius_structure													C29H58N4O9	[M + H]+	1-[3-[(2S)-2-ethylhexoxy]propyl]-3-[5-[3-[(2S)-2-ethylhexoxy]propylcarbamoylamino]naphthalen-1-yl]urea	CCCCC(CC)COCCCNC(=O)NC1=CC=CC2=C1C=CC=C2NC(=O)NCCCOCC(CC)CCCC	0.048	Amino acids and Peptides	Open-chain polyketides	Benzene and substituted derivatives
582	483.3295	5.530306	[M+H]1+	True	8.928596269531724	0.0069139847860541	0.0217341329335332	0.0217341329335332	q_value_perm_plate	True	2,3-bis(2-hydroxyethoxy)propyl (Z)-12-hydroxyoctadec-9-enoate	sirius_structure								0.9212	10	CCCCCCCC/C=C\CCCCCCCC(=O)OCC(CO)OC(=O)CCCCCCCCCCCCCCC			C27H46O7	[M + H]+	2,3-bis(2-hydroxyethoxy)propyl (Z)-12-hydroxyoctadec-9-enoate	CCCCCCC(CC=CCCCCCCCC(=O)OCC(COCCO)OCCO)O	0.234	Fatty acids	Wax monoesters	Fatty Acyls
478	444.302	5.228	[M-H2O+H]1+	True	4.450639154167573	0.0069139847860541	0.0217341329335332	0.0217341329335332	q_value_perm_plate	True	Leucylarginylarginine	sirius_structure							(7E,13E)-9,15-dihydroxy-4,10,16-trimethyl-1,5,11-trioxacyclohexadeca-7,13-diene-2,6,12-trione [M+H]+	0.8399	6		InChI=1S/C16H22O8/c1-9-8-16(21)24-11(3)13(18)5-7-15(20)23-10(2)12(17)4-6-14(19)22-9/h4-7,9-13,17-18H,8H2,1-3H3/b6-4+,7-5+	MONA	C22H45O7	[M + Na]+	Leucylarginylarginine	CC(C)CC(C(=O)NC(CCCN=C(N)N)C(=O)NC(CCCN=C(N)N)C(=O)O)N	0.007	Carbohydrates	Purine nucleosides	Azoles
1332	1414.7532	2.661519	[M+H]1+	True	-3.43470915514803	0.0077044275726726	0.0217341329335332	0.0217341329335332	q_value_perm_plate	True		unidentified																				
1574	483.3295	5.605814	[M+H]1+	True	5.578335448918096	0.0077484152945282	0.0217341329335332	0.0217341329335332	q_value_perm_plate	True	C27H46O7 (formula only)	sirius_formula_only								0.8362	9	CCCCCCCC/C=C\CCCCCCCC(=O)OCC(CO)OC(=O)CCCCCCCCCCCCCCC			C27H46O7	[M + H]+		CCCCCCCCCC(CC(=O)OCC(COC(=O)CC(CCCCCCC)O)O)O	0.23	Fatty acids	Wax monoesters	Fatty Acyls
2555	707.8802	2.661822	[M+2H]2+	True	-3.3301417269811893	0.0077484152945282	0.0217341329335332	0.0217341329335332	q_value_perm_plate	True		unidentified																				
121	541.3326	5.469	[M+Na]1+	True	8.437340215691934	0.0083931921924568	0.0217341329335332	0.0217341329335332	q_value_perm_plate	True	2-hydroxy-3-{[3,4,5-trihydroxy-6-(hydroxymethyl)oxan-2-yl]oxy}propyl octadec-9-enoate	sirius_structure													C27H50O9	[M + Na]+	2-hydroxy-3-{[3,4,5-trihydroxy-6-(hydroxymethyl)oxan-2-yl]oxy}propyl octadec-9-enoate	CCCCCCCCC=CCCCCCCCC(=O)OCC(COC1C(C(C(C(O1)CO)O)O)O)O	0.154	Terpenoids	Labdane diterpenoids	Prenol lipids
143	614.3566	5.476	[M+Na]1+	True	6.032081150163343	0.0088290425623231	0.0217341329335332	0.0217341329335332	q_value_perm_plate	True	2-(9-{[4-(dimethylamino)-3,5-dihydroxy-6-methyloxan-2-yl]oxy}-3-ethyl-7-hydroxy-2,8,12,16-tetramethyl-5,13-dioxo-4,17-dioxabicyclo[14.1.0]heptadec-14-en-10-yl)acetic acid	sirius_structure													C32H47N5O7	[M + H]+	2-(9-{[4-(dimethylamino)-3,5-dihydroxy-6-methyloxan-2-yl]oxy}-3-ethyl-7-hydroxy-2,8,12,16-tetramethyl-5,13-dioxo-4,17-dioxabicyclo[14.1.0]heptadec-14-en-10-yl)acetic acid	CCC1C(C2C(O2)(C=CC(=O)C(CC(C(C(C(CC(=O)O1)O)C)OC3C(C(C(C(O3)C)O)N(C)C)O)CC(=O)O)C)C)C	0.044	Alkaloids	Steroidal alkaloids	Prenol lipids
1858	237.2206	5.255	[M-H2O+H]1+	True	3.228041371317933	0.0088773073562658	0.0217341329335332	0.0217341329335332	q_value_perm_plate	True	hexadeca-9,11-dienal	sirius_structure		0.8236	8	CCCCCC/C=C\CCCCCCCC(=O)O				0.9092	8	C=CCCCCCCCCC/C=C/C(O)CC(O)CO			C16H28O	[M + H]+	hexadeca-9,11-dienal	CCCCC=CC=CCCCCCCCC=O	0.2	Fatty acids	Fatty aldehydes	Fatty Acyls
9255	481.3117	5.929646	[M+H]1+	True	4.347269928285587	0.0089370305817305	0.0217341329335332	0.0217341329335332	q_value_perm_plate	True	9a,11a-dimethyl-1-(6-methylheptan-2-yl)-4-oxo-1H,2H,3H,3aH,3bH,4H,6H,7H,8H,9H,9aH,9bH,10H,11H,11aH-cyclopenta[a]phenanthren-7-yl acetate	sirius_structure													C25H46O7	[M + Na]+	9a,11a-dimethyl-1-(6-methylheptan-2-yl)-4-oxo-1H,2H,3H,3aH,3bH,4H,6H,7H,8H,9H,9aH,9bH,10H,11H,11aH-cyclopenta[a]phenanthren-7-yl acetate	CC(C)CCCC(C)C1CCC2C1(CCC3C2C(=O)C=C4C3(CCC(C4)OC(=O)C)C)C	0.268	Terpenoids	Cholestane steroids	Steroids and steroid derivatives
790	578.3875	5.561	[M+NH3+H]1+	True	8.308072497435047	0.0091213397514377	0.0217341329335332	0.0217341329335332	q_value_perm_plate	True	[1-[2-aminoethoxy(hydroxy)phosphoryl]oxy-3-decanoyloxypropan-2-yl] (Z)-tetradec-9-enoate	sirius_structure													C29H55NO10	[M + H]+	[1-[2-aminoethoxy(hydroxy)phosphoryl]oxy-3-decanoyloxypropan-2-yl] (Z)-tetradec-9-enoate	CCCCCCCCCC(=O)OCC(COP(=O)(O)OCCN)OC(=O)CCCCCCCC=CCCCC	0.354	Fatty acids	Glycerophosphoserines	Carboxylic acids and derivatives
26	545.3299	5.341676	[M-H2O+H]1+	True	5.271231576284533	0.0091213397514377	0.0217341329335332	0.0217341329335332	q_value_perm_plate	True		unidentified								0.7099	6	CC(=O)OC1O[C@H](CO[C@@H]2O[C@@H](C)[C@H](OC(C)=O)[C@@H](OC(C)=O)[C@H]2OC(C)=O)[C@@H](OC(C)=O)[C@H](OC(C)=O)[C@H]1OC(C)=O										
1798	627.3589	5.605814	[M+Na]1+	True	6.08563552653434	0.0101585410029865	0.0217341329335332	0.0217341329335332	q_value_perm_plate	True	3,5,10-trihydroxy-4a,9-bis(hydroxymethyl)-2,2,6a,6b,9,12a-hexamethyl-1,2,3,4,4a,5,6,6a,6b,7,8,8a,9,10,11,12,12a,12b,13,14b-icosahydropicen-4-yl 2-methylbut-2-enoate	sirius_structure													C33H54O11	[M + H]+	3,5,10-trihydroxy-4a,9-bis(hydroxymethyl)-2,2,6a,6b,9,12a-hexamethyl-1,2,3,4,4a,5,6,6a,6b,7,8,8a,9,10,11,12,12a,12b,13,14b-icosahydropicen-4-yl 2-methylbut-2-enoate	CC=C(C)C(=O)OC1C(C(CC2C1(C(CC3(C2=CCC4C3(CCC5C4(CCC(C5(C)CO)O)C)C)C)O)CO)(C)C)O	0.091	Terpenoids	Scalarane sesterterpenoids	Steroids and steroid derivatives
117	529.3326	5.278	[M+Na]1+	True	7.103894265440797	0.0102030653766056	0.0217341329335332	0.0217341329335332	q_value_perm_plate	True	19-hydroxy-18-{[3,4,5-trihydroxy-6-(hydroxymethyl)oxan-2-yl]oxy}icosanoic acid	sirius_structure													C26H50O9	[M + Na]+	19-hydroxy-18-{[3,4,5-trihydroxy-6-(hydroxymethyl)oxan-2-yl]oxy}icosanoic acid	CC(C(CCCCCCCCCCCCCCCCC(=O)O)OC1C(C(C(C(O1)CO)O)O)O)O	0.07	Fatty acids	Fatty alcohols	Fatty Acyls
4207	708.3815	2.650287	[M+2H]2+	True	-3.294143620970737	0.0107295310093131	0.0217341329335332	0.0217341329335332	q_value_perm_plate	True		unidentified																				
203	487.3223	5.167	[M+Na]1+	True	4.296593636527812	0.0114714343291163	0.0217341329335332	0.0217341329335332	q_value_perm_plate	True	[(2S,3S,4S,5S)-2,3,4,5,6-pentahydroxyhexyl] 3-hydroxyoctadecanoate	sirius_structure													C24H48O8	[M + Na]+	[(2S,3S,4S,5S)-2,3,4,5,6-pentahydroxyhexyl] 3-hydroxyoctadecanoate	CCCCCCCCCCCCCCCC(CC(=O)OCC(C(C(C(CO)O)O)O)O)O	0.366	Fatty acids	Fatty alcohols	Fatty Acyls
2904	629.3267	5.476	[M+K]1+	True	6.39984013163136	0.0118915161428487	0.0217341329335332	0.0217341329335332	q_value_perm_plate	True	C35H48O10 (formula only)	sirius_formula_only													C35H48O10	[M + H]+		CC1CC(C23CC(C(C(O2)C(C)CCC(C4=CC(=CC=C4)O)OC)C)OC(=O)CC(OC(=O)CC1(O3)OC)C(C)O)(C)C	0.065	Terpenoids	Cardenolides	Steroids and steroid derivatives
334	636.4292	5.477	[M+3Na-2H]1+	True	6.1983774137530965	0.0119011859935481	0.0217341329335332	0.0217341329335332	q_value_perm_plate	True	C37H59NO6 (formula only)	sirius_formula_only													C37H59NO6	[M + Na]+		CCCCCCCC(CC(=O)OC(COC(=O)CCCCCCCC1CC1CCCCCC)COP(=O)(O)OCCN)O	0.125	Fatty acids	Glycerophosphoserines	Glycerophospholipids
3176	431.3502	5.258896	[M+H]1+	True	-5.784326904292355	0.0120780231915923	0.0217341329335332	0.0217341329335332	q_value_perm_plate	True	5-{7-hydroxy-9a,11a-dimethyl-1H,2H,3H,3aH,3bH,4H,6H,7H,8H,9H,9aH,9bH,10H,11H,11aH-cyclopenta[a]phenanthren-1-yl}-2-(prop-1-en-2-yl)hexane-1,2-diol	sirius_structure								0.7655	11	CC(C)CCCC(C)C1CCC2C3C(=O)C=C4CC(O)CCC4(C)C3CCC12C			C28H46O3	[M + H]+	5-{7-hydroxy-9a,11a-dimethyl-1H,2H,3H,3aH,3bH,4H,6H,7H,8H,9H,9aH,9bH,10H,11H,11aH-cyclopenta[a]phenanthren-1-yl}-2-(prop-1-en-2-yl)hexane-1,2-diol	CC(CCC(CO)(C(=C)C)O)C1CCC2C1(CCC3C2CC=C4C3(CCC(C4)O)C)C	0.306	Terpenoids	Ergostane steroids	Prenol lipids
24	613.3531	5.476	[M+Na]1+	True	6.296757121526451	0.013395484917212	0.0217341329335332	0.0217341329335332	q_value_perm_plate	True	Wattoside G	sirius_structure								0.7612	7	O=C1C(N(CO)C(=O)NCO)N(CO)C(=O)N1CO			C32H52O11	[M + H]+	Wattoside G	CC1CCC2(C(C3C(O2)CC4C3(CCC5C4CCC6(C5(C(C(C(C6OC7C(C(C(CO7)O)O)O)O)O)O)C)O)C)C)OC1	0.018	Terpenoids	Labdane diterpenoids	Prenol lipids
7015	228.1339	0.569651	[M+H]1+	True	-1.0747285746844533	0.0156078810520498	0.0217341329335332	0.0217341329335332	q_value_perm_plate	True	2-Methyl-1,4,7-triazonane-1,4,7-tricarbaldehyde	sirius_structure							Candidate Putrescine-C4:0 (delta mass:70.0421) M+H	0.7505	6	CCCC(=O)NCCCCN		GNPS-N-ACYL-LIPIDS-MASSQL	C10H17N3O3	[M + H]+	2-Methyl-1,4,7-triazonane-1,4,7-tricarbaldehyde	CC1CN(CCN(CCN1C=O)C=O)C=O	0.044	Amino acids and Peptides	Dipeptides	Carboxylic acids and derivatives
7384	505.3619	5.657922	[M+H]1+	True	3.817902069774398	0.0169507717247936	0.0217341329335332	0.0217341329335332	q_value_perm_plate	True	N-(7-{1-[bis(2-methoxyethyl)carbamoyl]ethyl}-8-hydroxy-1,4a-dimethyl-decahydronaphthalen-2-yl)-3,3-dimethylbutanamide	sirius_structure							Massbank:AU239306 Cortisone|(8S,9S,10R,13S,14S,17R)-17-hydroxy-17-(2-hydroxyacetyl)-10,13-dimethyl-1,2,6,7,8,9,12,14,15,16-decahydrocyclopenta[a]phenanthrene-3,11-dione M+H	0.786	9	C[C@]12CC(=O)[C@H]3[C@@H](CCC4=CC(=O)CC[C@]34C)[C@@H]1CC[C@]2(O)C(=O)CO	1S/C21H28O5/c1-19-7-5-13(23)9-12(19)3-4-14-15-6-8-21(26,17(25)11-22)20(15,2)10-16(24)18(14)19/h9,14-15,18,22,26H,3-8,10-11H2,1-2H3/t14-,15-,18+,19-,20-,21-/m0/s1	MASSBANK	C29H48N2O5	[M + H]+	N-(7-{1-[bis(2-methoxyethyl)carbamoyl]ethyl}-8-hydroxy-1,4a-dimethyl-decahydronaphthalen-2-yl)-3,3-dimethylbutanamide	CC1C(CCC2(C1C(C(CC2)C(C)C(=O)N(CCOC)CCOC)O)C)NC(=O)CC(C)(C)C	0.047	Alkaloids	Open-chain polyketides	Fatty Acyls
633	383.278	5.271	[M-H2O+H]1+	True	3.923897383157102	0.0177661629245051	0.0217341329335332	0.0217341329335332	q_value_perm_plate	True	2-Decyl-1,4,7,10,13-pentaoxacyclopentadecane	sirius_structure								0.8223	7	CCCCCCCCCCCCCCCC(=O)OCC(O)[C@H]1OC[C@@H](O)[C@@H]1O			C22H38O5	[M + H]+	2-Decyl-1,4,7,10,13-pentaoxacyclopentadecane	CCCCCCCCCCC1COCCOCCOCCOCCO1	0.07	Fatty acids	Wax monoesters	Fatty Acyls
1999	641.348	5.485	[M+H]1+	True	3.4530322914191807	0.0182507135118075	0.0217341329335332	0.0217341329335332	q_value_perm_plate	True		unidentified																				
10781	792.5563	6.071691	[M+Na]1+	True	3.0301899443036198	0.0182507135118075	0.0217341329335332	0.0217341329335332	q_value_perm_plate	True	C45H78NO8P (formula only)	sirius_formula_only													C45H78NO8P	[M + H]+		CCCCCCCCCCCCCCCCC=COCC(COP(=O)(O)OCCN)OC(=O)CCC=CCC=CCC=CCC=CCC=CC=CC(CC)O	0.071	Fatty acids	Phosphosphingolipids	Sphingolipids
706	615.3592	5.476	[M+Na]1+	True	8.169783657653868	0.0184439354469292	0.0217341329335332	0.0217341329335332	q_value_perm_plate	True	2-(2-amino-3-phenylpropanamido)-N-{1-[(1-{[1-carbamoyl-2-(1H-imidazol-5-yl)ethyl]carbamoyl}-2-methylpropyl)carbamoyl]-2-hydroxypropyl}-3-methylpentanamide	sirius_structure													C29H50N4O10	[M + H]+	2-(2-amino-3-phenylpropanamido)-N-{1-[(1-{[1-carbamoyl-2-(1H-imidazol-5-yl)ethyl]carbamoyl}-2-methylpropyl)carbamoyl]-2-hydroxypropyl}-3-methylpentanamide	CCC(C)C(C(=O)NC(C(C)O)C(=O)NC(C(C)C)C(=O)NC(CC1=CN=CN1)C(=O)N)NC(=O)C(CC2=CC=CC=C2)N	0.125	Amino acids and Peptides	Linear peptides	Carboxylic acids and derivatives
438	518.3666	5.690667	[M+NH3+H]1+	True	7.917963533888584	0.0192298647306301	0.0217341329335332	0.0217341329335332	q_value_perm_plate	True	Rhodopeptin C3	sirius_structure													C26H49N5O4	[M + Na]+	Rhodopeptin C3	CC(C)CCCCCCCCC1CC(=O)NCC(=O)NC(C(=O)NC(C(=O)N1)C(C)C)CCCN	0.091	Amino acids and Peptides	Tripeptides	Carboxylic acids and derivatives
746	613.3535	5.627096	[M+H]1+	True	7.60376261462711	0.0197141048539272	0.0217341329335332	0.0217341329335332	q_value_perm_plate	True	Wattoside G	sirius_structure													C30H54O11	[M + Na]+	Wattoside G	CC1CCC2(C(C3C(O2)CC4C3(CCC5C4CCC6(C5(C(C(C(C6OC7C(C(C(CO7)O)O)O)O)O)O)C)O)C)C)OC1	0.109	Terpenoids	Labdane diterpenoids	Organooxygen compounds
5779	381.2986	5.469	[M+H]1+	True	4.200806350218584	0.0202817105423008	0.0217341329335332	0.0217341329335332	q_value_perm_plate	True	2,3-dihydroxypropyl icosa-6,11,14-trienoate	sirius_structure								0.8676	8	CCCC/C=C\CCCCCCCC(=O)O			C23H40O4	[M + H]+	2,3-dihydroxypropyl icosa-6,11,14-trienoate	CCCCCC=CCC=CCCCC=CCCCCC(=O)OCC(CO)O	0.114	Fatty acids	Wax monoesters	Fatty Acyls
82	501.3015	5.14	[M+Na]1+	True	5.595026835997442	0.0208429310490107	0.0217341329335332	0.0217341329335332	q_value_perm_plate	True	C24H46O9 (formula only)	sirius_formula_only													C24H46O9	[M + Na]+		CCCCCCCCCCCCCOCC(COC1C(C(C(C(O1)CO)O)O)O)OC(=O)C	0.098	Fatty acids	Fatty alcohols	Fatty Acyls
533	490.3353	5.569	[M+NH3+H]1+	True	8.254535264427883	0.021017495599997	0.0217341329335332	0.0217341329335332	q_value_perm_plate	True	(11Z,14Z)-eicosadienoylcarnitine	sirius_structure													C26H43N5O4	[M + H]+	(11Z,14Z)-eicosadienoylcarnitine	CCCCCC=CCC=CCCCCCCCCCC(=O)OC(CC(=O)O)C[N+](C)(C)C	0.126	Fatty acids	Fatty acyl carnitines	Carboxylic acids and derivatives
16323	513.3013	5.274	[M+H]1+	True	4.27648847636756	0.021017495599997	0.0217341329335332	0.0217341329335332	q_value_perm_plate	True	6-methyl-2-{2,7,10-trihydroxy-3a,3b,6,9a-tetramethyl-hexadecahydro-1H-cyclopenta[a]phenanthren-1-ylidene}hept-5-enoic acid	sirius_structure													C27H44O9	[M + H]+	6-methyl-2-{2,7,10-trihydroxy-3a,3b,6,9a-tetramethyl-hexadecahydro-1H-cyclopenta[a]phenanthren-1-ylidene}hept-5-enoic acid	CC1C2CCC3(C(C2(CCC1O)C)C(CC4C3(CC(C4=C(CCC=C(C)C)C(=O)O)O)C)O)C	0.434	Terpenoids	Oleanane triterpenoids	Steroids and steroid derivatives
3535	211.1074	0.695	[M-NH3+H]1+	True	-1.2968035250519092	0.021017495599997	0.0217341329335332	0.0217341329335332	q_value_perm_plate	True	3-Methyl-1,4-diazabicyclo[4.3.0]nonan-2,5-dione, N-acetyl-	sirius_structure								0.7217	6	CC(CC12CCCN1C(=O)C1CCCN1C2=O)OC(N)=O			C10H14N2O3	[M + H]+	3-Methyl-1,4-diazabicyclo[4.3.0]nonan-2,5-dione, N-acetyl-	CC1C(=O)N2CCCC2C(=O)N1C(=O)C	0.424	Amino acids and Peptides	Dipeptides	Carboxylic acids and derivatives
204	580.3668	5.376	[M+NH3+H]1+	True	6.675948389253429	0.0219944842081638	0.0217341329335332	0.0217341329335332	q_value_perm_plate	True	Tert-butyl 3-[2-(2,3-dihydroxypropylamino)-3-[3-[(2-methylpropan-2-yl)oxy]-3-oxopropoxy]-2-[[3-[(2-methylpropan-2-yl)oxy]-3-oxopropoxy]methyl]propoxy]propanoate	sirius_structure								0.7311	9	CC(=O)OC[C@H](OC(C)=O)[C@@H](OC(C)=O)[C@H](OC(C)=O)[C@@H](COC(C)=O)OC(C)=O			C28H53NO11	[M + H]+	Tert-butyl 3-[2-(2,3-dihydroxypropylamino)-3-[3-[(2-methylpropan-2-yl)oxy]-3-oxopropoxy]-2-[[3-[(2-methylpropan-2-yl)oxy]-3-oxopropoxy]methyl]propoxy]propanoate	CC(C)(C)OC(=O)CCOCC(COCCC(=O)OC(C)(C)C)(COCCC(=O)OC(C)(C)C)NCC(CO)O	0.089	Fatty acids	Sphingoid bases	Fatty Acyls
256	555.3504	5.501	[M+H]1+	True	7.412845556872023	0.0228377640456061	0.0217341329335332	0.0217341329335332	q_value_perm_plate	True	8-({6-[(acetyloxy)methyl]-3,4,5-trihydroxyoxan-2-yl}oxy)icosanoic acid	sirius_structure													C30H50O9	[M + H]+	8-({6-[(acetyloxy)methyl]-3,4,5-trihydroxyoxan-2-yl}oxy)icosanoic acid	CCCCCCCCCCCCC(CCCCCCC(=O)O)OC1C(C(C(C(O1)COC(=O)C)O)O)O	0.377	Fatty acids	Wax monoesters	Fatty Acyls
16996	801.4328	2.663356	[M+H]1+	True	-3.0126195169167524	0.0230277267504548	0.0217341329335332	0.0217341329335332	q_value_perm_plate	True		unidentified																				
1535	606.4187	5.553	[M+H]1+	True	8.31304109924935	0.0240090935770047	0.0217341329335332	0.0217341329335332	q_value_perm_plate	True	[(2R)-3-[2-aminoethoxy(hydroxy)phosphoryl]oxy-2-nonanoyloxypropyl] (E)-heptadec-9-enoate	sirius_structure													C31H59NO10	[M + H]+	[(2R)-3-[2-aminoethoxy(hydroxy)phosphoryl]oxy-2-nonanoyloxypropyl] (E)-heptadec-9-enoate	CCCCCCCCC(=O)OC(COC(=O)CCCCCCCC=CCCCCCCC)COP(=O)(O)OCCN	0.8	Fatty acids	Glycerophosphoethanolamines	Carboxylic acids and derivatives
953	441.3194	5.469	[M+H]1+	True	6.410927896056853	0.0241197550301282	0.0217341329335332	0.0217341329335332	q_value_perm_plate	True	2,3-bis(acetyloxy)propyl octadec-9-enoate	sirius_structure							Spectral Match to Monoelaidin from NIST14 M+H-H2O	0.8042	9	CCCCCCCC/C=C/CCCCCCCC(=O)OCC(CO)O	InChI=1S/C21H40O4/c1-2-3-4-5-6-7-8-9-10-11-12-13-14-15-16-17-21(24)25-19-20(23)18-22/h9-10,20,22-23H,2-8,11-19H2,1H3/b10-9+	GNPS-NIST14-MATCHES	C25H44O6	[M + H]+	2,3-bis(acetyloxy)propyl octadec-9-enoate	CCCCCCCCC=CCCCCCCCC(=O)OCC(COC(=O)C)OC(=O)C	0.367	Fatty acids	Wax monoesters	Fatty Acyls
1572	641.3843	5.628	[M+H]1+	True	3.3303392038102237	0.0241197550301282	0.0217341329335332	0.0217341329335332	q_value_perm_plate	True	Exophilin A2	sirius_structure													C32H58O11	[M + Na]+	Exophilin A2	CCCCCC(CC(CC(=O)OC(CCCCC)CC(CC(=O)OC(CCCCC)CC(CC(=O)O)OC(=O)C)O)O)O	0.014	Terpenoids	Jatrophane diterpenoids	Prenol lipids
2926	368.3146	5.553	[M+H]1+	True	3.430995583533561	0.0250935773327136	0.0217341329335332	0.0217341329335332	q_value_perm_plate	True	[(2R)-3-hexadecoxy-2-isocyanopropyl] acetate	sirius_structure								0.9152	9	CCCCCCCCCCCCCCCC(O)C(CO)NC(C)=O			C22H41NO3	[M + H]+	[(2R)-3-hexadecoxy-2-isocyanopropyl] acetate	CCCCCCCCCCCCCCCCOCC(COC(=O)C)[N+]#[C-]	0.229	Fatty acids	Ceramides	Fatty Acyls
255	528.3228	5.3665	[M+H]1+	True	3.988587546699796	0.0256338816215058	0.0217341329335332	0.0217341329335332	q_value_perm_plate	True	[(1R)-5-amino-1-[[(2S)-3-methyl-2-[[(2S)-2-[(2-methylpropan-2-yl)oxycarbonylamino]propanoyl]amino]butanoyl]amino]pentyl]-diethoxy-hydroxyboranuide	sirius_structure													C21H45N5O10	[M + H]+	[(1R)-5-amino-1-[[(2S)-3-methyl-2-[[(2S)-2-[(2-methylpropan-2-yl)oxycarbonylamino]propanoyl]amino]butanoyl]amino]pentyl]-diethoxy-hydroxyboranuide	[B-](C(CCCCN)NC(=O)C(C(C)C)NC(=O)C(C)NC(=O)OC(C)(C)C)(O)(OCC)OCC	0.055	Amino acids and Peptides	Pinane monoterpenoids	Fatty Acyls
25945	501.3402	5.564458	[M+H]1+	True	3.280088855619245	0.0280709626444028	0.0217341329335332	0.0217341329335332	q_value_perm_plate	True	3,6,9,12,15,18-Hexaoxahentriacontan-1-oic acid	sirius_structure							ESTRADIOL-17ALPHA M-H2O+H	0.7089	6	CC12CCC3C(C1CCC2O)CCC4=C3C=CC(=C4)O	InChI=1S/C18H24O2/c1-18-9-8-14-13-5-3-12(19)10-11(13)2-4-15(14)16(18)6-7-17(18)20/h3,5,10,14-17,19-20H,2,4,6-9H2,1H3	GNPS-MSMLS	C27H48O8	[M + H]+	3,6,9,12,15,18-Hexaoxahentriacontan-1-oic acid	CCCCCCCCCCCCCOCCOCCOCCOCCOCCOCC(=O)O	0.213	Fatty acids	Fatty alcohols	Fatty Acyls
16723	557.2908	5.14	[M+H]1+	True	2.9383257641045653	0.0323173034524287	0.0217341329335332	0.0217341329335332	q_value_perm_plate	True	2-{[4-(4-{[3,5-dihydroxy-6-(hydroxymethyl)-4-methyloxan-2-yl]oxy}-2,6,6-trimethylcyclohex-1-en-1-yl)butan-2-yl]oxy}-6-(hydroxymethyl)oxane-3,4,5-triol	sirius_structure							PEFA - D-mannitol-2,3,6-triacetate-3-(acetyloxy)-hexadecanoate  M+Na	0.7071	11			GNPS-LIBRARY	C28H44O11	[M + H]+	2-{[4-(4-{[3,5-dihydroxy-6-(hydroxymethyl)-4-methyloxan-2-yl]oxy}-2,6,6-trimethylcyclohex-1-en-1-yl)butan-2-yl]oxy}-6-(hydroxymethyl)oxane-3,4,5-triol	CC1C(C(OC(C1O)OC2CC(=C(C(C2)(C)C)CCC(C)OC3C(C(C(C(O3)CO)O)O)O)C)CO)O	0.067	Fatty acids	Fatty acyl glycosides of mono- and disaccharides	Fatty Acyls
1066	613.3532	5.807	[M+H]1+	True	6.776491843679915	0.0334881761858936	0.0217341329335332	0.0217341329335332	q_value_perm_plate	True	(5-oxo-1,4-dioxacyclopentacosan-2-yl)methyl 3-(4-hydroxy-3-methoxyphenyl)prop-2-enoate	sirius_structure													C32H52O11	[M + H]+	(5-oxo-1,4-dioxacyclopentacosan-2-yl)methyl 3-(4-hydroxy-3-methoxyphenyl)prop-2-enoate	COC1=C(C=CC(=C1)C=CC(=O)OCC2COC(=O)CCCCCCCCCCCCCCCCCCCCO2)O	0.049	Polyketides	Open-chain polyketides	Fatty Acyls
162	503.3197	5.240311	[M-H2O+H]1+	True	5.090795875871614	0.0334881761858936	0.0217341329335332	0.0217341329335332	q_value_perm_plate	True	20-Hydroxy-3,6,9,12,15,18-hexaoxaicosyl decanoate	sirius_structure							[(2S,3R,4S,5R,6R)-6-[[(2R,3S,4S,5R,6R)-3,4-dihydroxy-6-[(2E,6E,10E)-3,7,11,15-tetramethylhexadeca-2,6,10,14-tetraenoxy]-5-[(2S,3R,4R,5S,6S)-3,4,5-triacetyloxy-6-methyloxan-2-yl]oxyoxan-2-yl]methoxy]-4,5-dihydroxy-2-methyloxan-3-yl] acetate [M+NH4]+	0.8261	8		InChI=1S/C46H72O18/c1-24(2)15-12-16-25(3)17-13-18-26(4)19-14-20-27(5)21-22-55-45-41(64-46-43(62-33(11)50)42(61-32(10)49)40(29(7)58-46)60-31(9)48)36(52)35(51)34(63-45)23-56-44-38(54)37(53)39(28(6)57-44)59-30(8)47/h15,17,19,21,28-29,34-46,51-54H,12-14,16,18,20,22-23H2,1-11H3/b25-17+,26-19+,27-21+/t28-,29-,34+,35+,36-,37-,38+,39-,40-,41+,42+,43+,44+,45+,46-/m0/s1	MONA	C22H42N6O7	[M + H]+	20-Hydroxy-3,6,9,12,15,18-hexaoxaicosyl decanoate	CCCCCCCCCC(=O)OCCOCCOCCOCCOCCOCCOCCO	0.232	Fatty acids	Wax monoesters	Fatty Acyls
4396	525.3016	5.376	[M+H]1+	True	3.284172978256901	0.0369456147198558	0.0217341329335332	0.0217341329335332	q_value_perm_plate	True	[(2S)-1-heptanoyloxy-3-[(2R,3R,4S,5R,6R)-3,4,5-trihydroxy-6-methyloxan-2-yl]oxypropan-2-yl] dec-9-enoate	sirius_structure													C26H46O9	[M + Na]+	[(2S)-1-heptanoyloxy-3-[(2R,3R,4S,5R,6R)-3,4,5-trihydroxy-6-methyloxan-2-yl]oxypropan-2-yl] dec-9-enoate	CCCCCCC(=O)OCC(COC1C(C(C(C(O1)C)O)O)O)OC(=O)CCCCCCCC=C	0.193	Fatty acids	Fatty alcohols	Organooxygen compounds
770	524.3255	5.682696	[M+Na]1+	True	9.061500134441156	0.0381103483536379	0.0217341329335332	0.0217341329335332	q_value_perm_plate	True	Ambiguine	sirius_structure													C25H47N3O7	[M + Na]+	Ambiguine	CCN1CC2(CCC(C34C2C(C(C31)(C5(CC(C6CC4C5C6OC(=O)C)OC)OC)O)OC)OC)COC	0.253	Alkaloids	Terpenoid alkaloids	Prenol lipids
863	584.3463	5.553	[M+Na]1+	True	7.1442134131928405	0.0435699374110533	0.0217341329335332	0.0217341329335332	q_value_perm_plate	True	2-(9-{[4-(dimethylamino)-3,5-dihydroxy-6-methyloxan-2-yl]oxy}-3-ethyl-7-hydroxy-2,8,12-trimethyl-5,13-dioxo-4,17-dioxabicyclo[14.1.0]heptadec-14-en-10-yl)acetaldehyde	sirius_structure													C31H45N5O6	[M + H]+	2-(9-{[4-(dimethylamino)-3,5-dihydroxy-6-methyloxan-2-yl]oxy}-3-ethyl-7-hydroxy-2,8,12-trimethyl-5,13-dioxo-4,17-dioxabicyclo[14.1.0]heptadec-14-en-10-yl)acetaldehyde	CCC1C(C2C(O2)C=CC(=O)C(CC(C(C(C(CC(=O)O1)O)C)OC3C(C(C(C(O3)C)O)N(C)C)O)CC=O)C)C	0.279	Alkaloids	Terpenoid alkaloids	Prenol lipids
3132	201.123	0.725964	[M+H]1+	True	-1.426793916966976	0.0435699374110533	0.0217341329335332	0.0217341329335332	q_value_perm_plate	True	3-(hydroxymethyl)-6-(2-methylpropyl)piperazine-2,5-dione	sirius_structure		0.7793	6	CC(C)CC(N)C(=O)NC(CO)C(=O)O				0.8095	6	N=C(N)NCCCC(NC(=O)C(Cc1ccccc1)NC(=O)C(N)Cc1ccccc1)C(=O)O			C9H16N2O3	[M + H]+	3-(hydroxymethyl)-6-(2-methylpropyl)piperazine-2,5-dione	CC(C)CC1C(=O)NC(C(=O)N1)CO	0.38	Amino acids and Peptides	Dipeptides	Carboxylic acids and derivatives
3297	547.4015	5.701568	[M+H]1+	True	7.795198483469585	0.0440753882208128	0.0217341329335332	0.0217341329335332	q_value_perm_plate	True	1,1'-(Isopropylidenebis(p-phenyleneoxy))bis(3-(bis(2-aminoethyl)amino)propan-2-ol)	sirius_structure													C29H50N6O4	[M + H]+	1,1'-(Isopropylidenebis(p-phenyleneoxy))bis(3-(bis(2-aminoethyl)amino)propan-2-ol)	CC(C)(C1=CC=C(C=C1)OCC(CN(CCN)CCN)O)C2=CC=C(C=C2)OCC(CN(CCN)CCN)O	0.017	Amino acids and Peptides	Linear peptides	Carboxylic acids and derivatives
5866	347.2568	5.255	[M-3H2O+H]1+	True	2.901065276173531	0.0446863258966666	0.0217341329335332	0.0217341329335332	q_value_perm_plate	True	Ginkgoic Acid	sirius_structure								0.8289	6	CCOC(=O)CCCCCCC(=O)OCC			C22H34O3	[M + H]+	Ginkgoic Acid	CCCCCCC=CCCCCCCCC1=C(C(=CC=C1)O)C(=O)O	0.143	Polyketides	Catechols with side chains	Phenols
823	609.4016	5.376	[M+H]1+	True	5.987731795552375	0.0453741212339615	0.0217341329335332	0.0217341329335332	q_value_perm_plate	True	Cryptocaryol D	sirius_structure													C32H58O9	[M + Na]+	Cryptocaryol D	CCCCCCCCCCCCCCCC(CC(CC(CC(CC(CC1C(C=CC(=O)O1)O)O)O)O)O)OC(=O)C	0.059	Fatty acids	Fatty acyl glycosides of mono- and disaccharides	Fatty Acyls
6645	411.2704	5.369	[M+H]1+	True	3.976897376350829	0.0462208451337389	0.0217341329335332	0.0217341329335332	q_value_perm_plate	True	1-(acetyloxy)-3-hydroxypropan-2-yl 3-hydroxyhexadecanoate	sirius_structure													C21H40O6	[M + Na]+	1-(acetyloxy)-3-hydroxypropan-2-yl 3-hydroxyhexadecanoate	CCCCCCCCCCCCCC(CC(=O)OC(CO)COC(=O)C)O	0.192	Fatty acids	Fatty alcohols	Fatty Acyls
498	495.3297	5.501	[M+ACN+H]1+	True	4.670533931381926	0.04664842249955	0.0217341329335332	0.0217341329335332	q_value_perm_plate	True	[2-(3-Decanoyloxy-4-hydroxyoxolan-2-yl)-2-hydroxyethyl] decanoate	sirius_structure								0.8097	6	CC(=O)OC[C@H](OC(C)=O)[C@@H](OC(C)=O)[C@H](OC(C)=O)[C@@H](COC(C)=O)OC(C)=O			C28H46O7	[M + H]+	[2-(3-Decanoyloxy-4-hydroxyoxolan-2-yl)-2-hydroxyethyl] decanoate	CCCCCCCCCC(=O)OCC(C1C(C(CO1)O)OC(=O)CCCCCCCCC)O	0.743	Fatty acids	Wax monoesters	Fatty Acyls
148	485.3091	5.255	[M-2H2O+H]1+	True	5.389076426731614	0.0469378735120853	0.0217341329335332	0.0217341329335332	q_value_perm_plate	True	D-Glucitol monoacetate monopalmitate	sirius_structure													C22H40N6O6	[M + H]+	D-Glucitol monoacetate monopalmitate	CCCCCCCCCCCCCCCC(=O)OC(COC(=O)C)C(C(C(CO)O)O)O	0.274	Fatty acids	Wax monoesters	Organooxygen compounds
568	621.401	5.605814	[M+NH3+H]1+	True	4.801633074943666	0.0469378735120853	0.0217341329335332	0.0217341329335332	q_value_perm_plate	True	2-{[16-hydroxy-22-(2-hydroxypropan-2-yl)-3,8,8,17,19-pentamethyl-23,24-dioxaheptacyclo[19.2.1.0¹,¹⁸.0³,¹⁷.0⁴,¹⁴.0⁷,¹².0¹²,¹⁴]tetracosan-9-yl]oxy}oxane-3,4,5-triol	sirius_structure													C35H56O9	[M + H]+	2-{[16-hydroxy-22-(2-hydroxypropan-2-yl)-3,8,8,17,19-pentamethyl-23,24-dioxaheptacyclo[19.2.1.0¹,¹⁸.0³,¹⁷.0⁴,¹⁴.0⁷,¹².0¹²,¹⁴]tetracosan-9-yl]oxy}oxane-3,4,5-triol	CC1CC2C(OC3(C1C4(C(CC56CC57CCC(C(C7CCC6C4(C3)C)(C)C)OC8C(C(C(CO8)O)O)O)O)C)O2)C(C)(C)O	0.121	Terpenoids	Labdane diterpenoids	Steroids and steroid derivatives
514	481.3116	5.601884	[M+Na]1+	True	7.307779419712958	0.0495438173373861	0.0217341329335332	0.0217341329335332	q_value_perm_plate	True	9a,11a-dimethyl-1-(6-methyl-5-oxoheptan-2-yl)-1H,2H,3H,3aH,3bH,4H,6H,7H,8H,9H,9aH,9bH,10H,11H,11aH-cyclopenta[a]phenanthren-7-yl acetate	sirius_structure													C25H46O7	[M + Na]+	9a,11a-dimethyl-1-(6-methyl-5-oxoheptan-2-yl)-1H,2H,3H,3aH,3bH,4H,6H,7H,8H,9H,9aH,9bH,10H,11H,11aH-cyclopenta[a]phenanthren-7-yl acetate	CC(C)C(=O)CCC(C)C1CCC2C1(CCC3C2CC=C4C3(CCC(C4)OC(=O)C)C)C	0.202	Terpenoids	Cholestane steroids	Steroids and steroid derivatives
2510	231.0855	5.275	[M+H]1+	True	2.789812069628937	0.0566402145652705	0.0217341329335332	0.0217341329335332	q_value_perm_plate	True	3,6-dimethoxycyclohexane-1,2,4,5-tetrol	sirius_structure								0.9276	7	CC(=O)OC[C@H](OC(C)=O)[C@@H](OC(C)=O)[C@H](OC(C)=O)[C@@H](COC(C)=O)OC(C)=O			C10H14O6	[M + H]+	3,6-dimethoxycyclohexane-1,2,4,5-tetrol	COC1C(C(C(C(C1O)O)OC)O)O	0.039	Carbohydrates	Shikimic acids and derivatives	Carboxylic acids and derivatives
2258	585.3218	5.322776	[M+H]1+	True	5.928888103792249	0.0627848111126056	0.0217341329335332	0.0217341329335332	q_value_perm_plate	True	6-{[5-(acetyloxy)-2-(dodecyloxy)-4-hydroxy-6-methyloxan-3-yl]oxy}-4,5-dihydroxy-2-methyloxan-3-yl acetate	sirius_structure							PEFA - D-mannitol-2,3,6-triacetate-3-(acetyloxy)-hexadecanoate  M+Na	0.7024	12			GNPS-LIBRARY	C28H50O11	[M + Na]+	6-{[5-(acetyloxy)-2-(dodecyloxy)-4-hydroxy-6-methyloxan-3-yl]oxy}-4,5-dihydroxy-2-methyloxan-3-yl acetate	CCCCCCCCCCCCOC1C(C(C(C(O1)C)OC(=O)C)O)OC2C(C(C(C(O2)C)OC(=O)C)O)O	0.62	Fatty acids	Fatty acyl glycosides of mono- and disaccharides	Organooxygen compounds
669	523.3221	6.035339	[M+H]1+	True	2.792406939054469	0.0696908600180038	0.0217341329335332	0.0217341329335332	q_value_perm_plate	True	3a,8-dihydroxy-9a,11a-dimethyl-5-oxo-1-(2,3,6-trihydroxy-6-methylheptan-2-yl)-1H,2H,3H,3aH,5H,5aH,6H,7H,8H,9H,9aH,9bH,10H,11H,11aH-cyclopenta[a]phenanthren-7-yl acetate	sirius_structure													C27H48O8	[M + Na]+	3a,8-dihydroxy-9a,11a-dimethyl-5-oxo-1-(2,3,6-trihydroxy-6-methylheptan-2-yl)-1H,2H,3H,3aH,5H,5aH,6H,7H,8H,9H,9aH,9bH,10H,11H,11aH-cyclopenta[a]phenanthren-7-yl acetate	CC(=O)OC1CC2C(=O)C=C3C(C2(CC1O)C)CCC4(C3(CCC4C(C)(C(CCC(C)(C)O)O)O)O)C	0.182	Terpenoids	Scalarane sesterterpenoids	Steroids and steroid derivatives
200	544.3153	5.273	[M+Na]1+	True	7.037008162272715	0.0699605558823824	0.0217341329335332	0.0217341329335332	q_value_perm_plate	True	2-[1,3-bis(1,3-dimethoxypropan-2-yloxy)propan-2-yloxy]-N-[4-[(Z)-2-(prop-1-en-2-ylamino)ethylideneamino]oxybutyl]acetamide	sirius_structure							Spectral Match to 1-Pentadecanoyl-sn-glycero-3-phosphocholine from NIST14 M+Na	0.7921	6	CCCCCCCCCCCCCCC(=O)OC[C@H](COP(=O)([O-])OCC[N+](C)(C)C)O	InChI=1S/C23H48NO7P/c1-5-6-7-8-9-10-11-12-13-14-15-16-17-23(26)29-20-22(25)21-31-32(27,28)30-19-18-24(2,3)4/h22,25H,5-21H2,1-4H3/t22-/m1/s1	GNPS-NIST14-MATCHES	C22H43F2N5O8	[M + H]+	2-[1,3-bis(1,3-dimethoxypropan-2-yloxy)propan-2-yloxy]-N-[4-[(Z)-2-(prop-1-en-2-ylamino)ethylideneamino]oxybutyl]acetamide	CC(=C)NCC=NOCCCCNC(=O)COC(COC(COC)COC)COC(COC)COC	0.167	Carbohydrates	Aminoglycosides	Carboxylic acids and derivatives
18301	546.3977	5.969581	[M+H]1+	True	3.764917652949661	0.0702670161002676	0.0217341329335332	0.0217341329335332	q_value_perm_plate	True	C30H57N3O3 (formula only)	sirius_formula_only													C30H57N3O3	[M + K]+						
222	523.3218	5.70142	[M+Na]1+	True	7.559673650042868	0.0744563294034775	0.0217341329335332	0.0217341329335332	q_value_perm_plate	True	3a,8-dihydroxy-9a,11a-dimethyl-5-oxo-1-(2,3,6-trihydroxy-6-methylheptan-2-yl)-1H,2H,3H,3aH,5H,5aH,6H,7H,8H,9H,9aH,9bH,10H,11H,11aH-cyclopenta[a]phenanthren-7-yl acetate	sirius_structure													C29H46O8	[M + H]+	3a,8-dihydroxy-9a,11a-dimethyl-5-oxo-1-(2,3,6-trihydroxy-6-methylheptan-2-yl)-1H,2H,3H,3aH,5H,5aH,6H,7H,8H,9H,9aH,9bH,10H,11H,11aH-cyclopenta[a]phenanthren-7-yl acetate	CC(=O)OC1CC2C(=O)C=C3C(C2(CC1O)C)CCC4(C3(CCC4C(C)(C(CCC(C)(C)O)O)O)O)C	0.173	Terpenoids	Cholane steroids	Steroids and steroid derivatives
274	583.3428	5.553	[M+Na]1+	True	7.118634541281802	0.0744652189154507	0.0217341329335332	0.0217341329335332	q_value_perm_plate	True	[5-[[4-[5-[[4-[5-Aminopentyl(hydroxy)amino]-4-oxobutanoyl]amino]pentyl-hydroxyamino]-4-oxobutanoyl]amino]pentylamino] acetate	sirius_structure													C29H52O10	[M + Na]+	[5-[[4-[5-[[4-[5-Aminopentyl(hydroxy)amino]-4-oxobutanoyl]amino]pentyl-hydroxyamino]-4-oxobutanoyl]amino]pentylamino] acetate	CC(=O)ONCCCCCNC(=O)CCC(=O)N(CCCCCNC(=O)CCC(=O)N(CCCCCN)O)O	0.131	Amino acids and Peptides	Cyclic peptides	Carboxylic acids and derivatives
15067	740.5916	6.358	[M-H2O+H]1+	True	3.307576522631376	0.0766047976504708	0.0217341329335332	0.0217341329335332	q_value_perm_plate	True	2-[4,7-Bis(carboxymethyl)-10-[2-(didodecylamino)-2-oxoethyl]-1,4,7,10-tetrazacyclododec-1-yl]acetic acid	sirius_structure													C40H77N5O7	[M + H]+	2-[4,7-Bis(carboxymethyl)-10-[2-(didodecylamino)-2-oxoethyl]-1,4,7,10-tetrazacyclododec-1-yl]acetic acid	CCCCCCCCCCCCN(CCCCCCCCCCCC)C(=O)CN1CCN(CCN(CCN(CC1)CC(=O)O)CC(=O)O)CC(=O)O	0.024	Amino acids and Peptides	Lipopeptides	Carboxylic acids and derivatives
4823	471.3297	5.485	[M+NH3+H]1+	True	1.9175243388373768	0.0786088689032725	0.0217341329335332	0.0217341329335332	q_value_perm_plate	True	[(2R,3R,4R,5S)-2,3,4,5,6-pentahydroxyhexyl] 18-deuteriooctadecanoate	sirius_structure								0.735	6	CCCCC[C@H]1CC[C@H](C(=O)Oc2ccc(OCCC)cc2)CC1			C26H46O7	[M + H]+	[(2R,3R,4R,5S)-2,3,4,5,6-pentahydroxyhexyl] 18-deuteriooctadecanoate	CCCCCCCCCCCCCCCCCC(=O)OCC(C(C(C(CO)O)O)O)O	0.83	Fatty acids	Wax monoesters	Fatty Acyls
90	443.2986	5.228	[M-H2O+H]1+	True	3.169334941870036	0.0851563554394451	0.0217341329335332	0.0217341329335332	q_value_perm_plate	True	[(2R,3R,4R,5S)-2,3,4,5,6-pentahydroxyhexyl] octadeca-9,12,15-trienoate	sirius_structure								0.8109	7	CCCCCCCCCCCCCCCC(=O)OCC(O)[C@H]1OC[C@@H](O)[C@@H]1O			C24H42O7	[M + H]+	[(2R,3R,4R,5S)-2,3,4,5,6-pentahydroxyhexyl] octadeca-9,12,15-trienoate	CCC=CCC=CCC=CCCCCCCCC(=O)OCC(C(C(C(CO)O)O)O)O	0.319	Fatty acids	Wax monoesters	Organooxygen compounds
1021	546.3979	5.701568	[M+H]1+	True	6.873426468705952	0.0855400522189012	0.0217341329335332	0.0217341329335332	q_value_perm_plate	True	8-N-[(4-aminophenyl)methyl]-1-N-[(4-methylphenyl)methyl]-3,6,10,13,16,19-hexazabicyclo[6.6.6]icosane-1,8-diamine	sirius_structure													C28H53N5O4	[M + Na]+	8-N-[(4-aminophenyl)methyl]-1-N-[(4-methylphenyl)methyl]-3,6,10,13,16,19-hexazabicyclo[6.6.6]icosane-1,8-diamine	CC1=CC=C(C=C1)CNC23CNCCNCC(CNCCNC2)(CNCCNC3)NCC4=CC=C(C=C4)N	0.049	Alkaloids	Tricyclic guanidine alkaloids	Triazines
271	608.3979	5.501	[M+NH3+H]1+	True	4.914150657719051	0.0855400522189012	0.0217341329335332	0.0217341329335332	q_value_perm_plate	True	N-[(3R,4R,5S,6R)-3,4-dihydroxy-6-(hydroxymethyl)-5-[(2S,3R,4S,5R,6R)-3,4,5-trihydroxy-6-(hydroxymethyl)oxan-2-yl]oxyoxan-2-yl]octadecanamide	sirius_structure													C31H53N5O7	[M + H]+	N-[(3R,4R,5S,6R)-3,4-dihydroxy-6-(hydroxymethyl)-5-[(2S,3R,4S,5R,6R)-3,4,5-trihydroxy-6-(hydroxymethyl)oxan-2-yl]oxyoxan-2-yl]octadecanamide	CCCCCCCCCCCCCCCCCC(=O)NC1C(C(C(C(O1)CO)OC2C(C(C(C(O2)CO)O)O)O)O)O	0.365	Fatty acids	Neutral glycosphingolipids	Fatty Acyls
346	413.2881	5.301	[M+H]1+	True	2.6013488743075968	0.0855400522189012	0.0217341329335332	0.0217341329335332	q_value_perm_plate	True	3,6,9,12-Tetraoxapentacosanoic acid	sirius_structure								0.8289	10	CCCCCC/C=C/CCCCCCCC(=O)OC			C23H40O6	[M + H]+	3,6,9,12-Tetraoxapentacosanoic acid	CCCCCCCCCCCCCOCCOCCOCCOCC(=O)O	0.121	Fatty acids	Fatty alcohols	Fatty Acyls
604	578.3878	5.409	[M+H]1+	True	5.705945966127554	0.0886273996921411	0.0217341329335332	0.0217341329335332	q_value_perm_plate	True	C34H53NO5 (formula only)	sirius_formula_only													C34H53NO5	[M + Na]+						
51	527.3194	5.3665	[M+H]1+	True	2.7744108151808025	0.0886273996921411	0.0217341329335332	0.0217341329335332	q_value_perm_plate	True	C28H46O9 (formula only)	sirius_formula_only													C28H46O9	[M + H]+		C1COCCN2CCOCCN3CCOCCN1CCOCCN(CCOCC2)CCOCC3	0.024	Fatty acids	N-acyl amines	Fatty Acyls
727	502.3048	5.097	[M-NH3+H2O+H]1+	True	2.568734884375977	0.0886273996921411	0.0217341329335332	0.0217341329335332	q_value_perm_plate	True	Spectral Match to 1-(9Z-Octadecenoyl)-sn-glycero-3-phosphoethanolamine from NIST14 M+Na	exact_library_match	Spectral Match to 1-(9Z-Octadecenoyl)-sn-glycero-3-phosphoethanolamine from NIST14 M+Na	0.7878	9	CCCCCCCC/C=C\CCCCCCCC(=O)OC[C@H](COP(=O)(O)OCCN)O	InChI=1S/C23H46NO7P/c1-2-3-4-5-6-7-8-9-10-11-12-13-14-15-16-17-23(26)29-20-22(25)21-31-32(27,28)30-19-18-24/h9-10,22,25H,2-8,11-21,24H2,1H3,(H,27,28)/b10-9-/t22-/m1/s1	GNPS-NIST14-MATCHES	Spectral Match to 1-Palmitoyl-2-hydroxy-sn-glycero-3-phosphoethanolamine from NIST14 M+Na	0.8095	9	CCCCCCCCCCCCCCCC(=O)OC[C@H](COP(=O)(O)OCCN)O	InChI=1S/C21H44NO7P/c1-2-3-4-5-6-7-8-9-10-11-12-13-14-15-21(24)27-18-20(23)19-29-30(25,26)28-17-16-22/h20,23H,2-19,22H2,1H3,(H,25,26)/t20-/m1/s1	GNPS-NIST14-MATCHES								
1302	778.5765	6.330239	[M+Na]1+	True	1.4563411984240873	0.0904328137543098	0.0217341329335332	0.0217341329335332	q_value_perm_plate	True	[2-[(4Z,7Z,10Z,13Z,16Z,19Z)-docosa-4,7,10,13,16,19-hexaenoyl]oxy-3-pentadecoxypropyl] 2-(trimethylazaniumyl)ethyl phosphate	sirius_structure		0.8183	6	CC/C=C\C/C=C\C/C=C\CCCCCCCC(=O)OC[C@H](COP(=O)([O-])OCC[N+](C)(C)C)OC(=O)CCCCCCC/C=C\C/C=C\C/C=C\CC				0.955	6	CCCCCCCCCCCCCCCC(=O)OCC(COP(=O)([O-])OCC[N+](C)(C)C)OC(=O)CCCC=O			C45H80NO7P	[M + H]+	[2-[(4Z,7Z,10Z,13Z,16Z,19Z)-docosa-4,7,10,13,16,19-hexaenoyl]oxy-3-pentadecoxypropyl] 2-(trimethylazaniumyl)ethyl phosphate	CCCCCCCCCCCCCCCOCC(COP(=O)(O)OCC[N+](C)(C)C)OC(=O)CCC=CCC=CCC=CCC=CCC=CCC=CCC	0.124	Fatty acids	Glycerophosphocholines	Glycerophospholipids
135	467.2985	5.3665	[M+ACN+H]1+	True	5.4577936744043765	0.0908338192451467	0.0217341329335332	0.0217341329335332	q_value_perm_plate	True	[2-Hydroxy-2-(4-hydroxy-3-nonanoyloxyoxolan-2-yl)ethyl] nonanoate	sirius_structure								0.8302	6	CC(=O)OC[C@H](OC(C)=O)[C@@H](OC(C)=O)[C@H](OC(C)=O)[C@@H](COC(C)=O)OC(C)=O			C26H42O7	[M + H]+	[2-Hydroxy-2-(4-hydroxy-3-nonanoyloxyoxolan-2-yl)ethyl] nonanoate	CCCCCCCCC(=O)OCC(C1C(C(CO1)O)OC(=O)CCCCCCCC)O	0.438	Fatty acids	Wax monoesters	Fatty Acyls
32	543.3118	5.273	[M+Na]1+	True	5.662438364544291	0.0910790664055333	0.0217341329335332	0.0217341329335332	q_value_perm_plate	True	[(2S)-2-heptanoyloxy-3-[(2R,3R,4S,5R,6R)-3,4,5-trihydroxy-6-(hydroxymethyl)oxan-2-yl]oxypropyl] decanoate	sirius_structure													C29H42N4O6	[M + H]+	[(2S)-2-heptanoyloxy-3-[(2R,3R,4S,5R,6R)-3,4,5-trihydroxy-6-(hydroxymethyl)oxan-2-yl]oxypropyl] decanoate	CCCCCCCCCC(=O)OCC(COC1C(C(C(C(O1)CO)O)O)O)OC(=O)CCCCCC	0.058	Fatty acids	Fatty alcohols	Fatty Acyls
932	547.336	5.341676	[M-H2O+H]1+	True	3.79410297432734	0.0953925031727497	0.0217341329335332	0.0217341329335332	q_value_perm_plate	True	1-(1Z-eicosenyl)-glycero-3-phospho-(1'-sn-glycerol)	sirius_structure													C26H42N8O5	[M + H]+	1-(1Z-eicosenyl)-glycero-3-phospho-(1'-sn-glycerol)	CCCCCCCCCCCCCCCCCCC=COCC(COP(=O)(O)OCC(CO)O)O	0.123	Fatty acids	Glycerophosphates	Glycerophospholipids
3443	511.2939	5.583152	[M+H]1+	True	-2.6821981398283263	0.0974790429136151	0.0217341329335332	0.0217341329335332	q_value_perm_plate	True	[(2R,3S)-3-acetamido-4-(3,5-difluorophenyl)-2-hydroxybutyl]-[(5S)-5-(3-tert-butylphenyl)-1,4,6,7-tetrahydroindazol-5-yl]azanium	sirius_structure													C23H36F2N8O3	[M + H]+	[(2R,3S)-3-acetamido-4-(3,5-difluorophenyl)-2-hydroxybutyl]-[(5S)-5-(3-tert-butylphenyl)-1,4,6,7-tetrahydroindazol-5-yl]azanium	CC(=O)NC(CC1=CC(=CC(=C1)F)F)C(CNC2(CCC3=C(C2)C=NN3)C4=CC(=CC=C4)C(C)(C)C)O	0.06	Alkaloids	Tropane alkaloids	Benzene and substituted derivatives
7927	497.2981	5.583	[M+Na]1+	True	4.931083041883309	0.0984473058192686	0.0217341329335332	0.0217341329335332	q_value_perm_plate	True	dotriaconta-17,28-dien-2,4,6,15,31-pentayne-1,8,30-triol	sirius_structure								0.7831	9	CCCCCC/C=C\CCCCCCCC(=O)OCC			C26H44N2O5S	[M + H]+	dotriaconta-17,28-dien-2,4,6,15,31-pentayne-1,8,30-triol	C#CC(C=CCCCCCCCCCC=CC#CCCCCCCC(C#CC#CC#CCO)O)O	0.422	Terpenoids	Diacylglycerols	Fatty Acyls
10617	439.3014	5.518652	[M+H]1+	True	4.883413809458845	0.0984473058192686	0.0217341329335332	0.0217341329335332	q_value_perm_plate	True	Bis(2-butoxyethyl) undecanedioate	sirius_structure													C27H38N2O3	[M + H]+	Bis(2-butoxyethyl) undecanedioate	CCCCOCCOC(=O)CCCCCCCCCC(=O)OCCOCCCC	0.02	Terpenoids	Tetracyclic diterpenoids	Prenol lipids
862	609.4011	5.477	[M+NH3+H]1+	True	5.198353557084058	0.1028336073550378	0.0217341329335332	0.0217341329335332	q_value_perm_plate	True	Cryptocaryol D	sirius_structure													C32H58O9	[M + Na]+	Cryptocaryol D	CCCCCCCCCCCCCCCC(CC(CC(CC(CC(CC1C(C=CC(=O)O1)O)O)O)O)O)OC(=O)C	0.059	Fatty acids	Fatty acyl glycosides of mono- and disaccharides	Fatty Acyls
13679	831.5559	6.289438	[M+H]1+	True	1.6115024936389983	0.1028336073550378	0.0217341329335332	0.0217341329335332	q_value_perm_plate	True	C46H80O11 (formula only)	sirius_formula_only													C46H80O11	[M + Na]+						
42	485.309	5.334	[M+H]1+	True	6.6283403495544535	0.1047839330013334	0.0217341329335332	0.0217341329335332	q_value_perm_plate	True	Diundecyl hexa-2,4-diynedioate	sirius_structure								0.7	7	CCC[C@H]1CC(=O)C=C(C)C1			C27H40N4O4	[M + H]+	Diundecyl hexa-2,4-diynedioate	CCCCCCCCCCCOC(=O)C#CC#CC(=O)OCCCCCCCCCCC	0.402	Fatty acids	Wax monoesters	Fatty Acyls
302	525.3401	5.6	[M-H2O+H]1+	True	7.38293269879633	0.1048792371738416	0.0217341329335332	0.0217341329335332	q_value_perm_plate	True	1,3-dihydroxypropan-2-yl 3,8-bis(acetyloxy)icosanoate	sirius_structure							AEG(o-18:3/18:1) M+H	0.7979	9			GNPS-LIBRARY	C29H48O8	[M + H]+	1,3-dihydroxypropan-2-yl 3,8-bis(acetyloxy)icosanoate	CCCCCCCCCCCCC(CCCCC(CC(=O)OC(CO)CO)OC(=O)C)OC(=O)C	0.158	Fatty acids	Wax monoesters	Fatty Acyls
52	455.2985	5.409	[M+K]1+	True	1.9617401152503493	0.1061117858806785	0.0217341329335332	0.0217341329335332	q_value_perm_plate	True	triaconta-4,15,26-trien-1,12,18,29-tetrayne-3,28-diol	sirius_structure								0.779	6	CC(C)(CCCCCCCO)c1ccc(C2CCCC(O)C2)c(O)c1			C26H38N4O3	[M + H]+	triaconta-4,15,26-trien-1,12,18,29-tetrayne-3,28-diol	C#CC(C=CCCCCCCC#CCC=CCC#CCCCCCCC=CC(C#C)O)O	0.123	Terpenoids	Prenyl quinone meroterpenoids	Prenol lipids
580	555.3116	5.4605	[M+Na]1+	True	6.833206321925248	0.1065663816191053	0.0217341329335332	0.0217341329335332	q_value_perm_plate	True	2,3-Dihydroxypropyl 2,2,3-triacetyloxyoctadecanoate	sirius_structure							PEFA - D-mannitol-2,3,6-triacetate-3-(acetyloxy)-hexadecanoate  M+Na	0.7083	7			GNPS-LIBRARY	C29H46O10	[M + H]+	2,3-Dihydroxypropyl 2,2,3-triacetyloxyoctadecanoate	CCCCCCCCCCCCCCCC(C(C(=O)OCC(CO)O)(OC(=O)C)OC(=O)C)OC(=O)C	0.142	Fatty acids	Fatty alcohols	Fatty Acyls
1237	453.3192	5.485	[M+H]1+	True	4.042090652479203	0.1099131160868428	0.0217341329335332	0.0217341329335332	q_value_perm_plate	True	[3-(2,3-dihydroxypropoxy)-2-hydroxypropyl] (E)-octadec-9-enoate	sirius_structure							[(2S,3R,4S,5R,6R)-6-[[(2R,3S,4S,5R,6R)-3,4-dihydroxy-6-[(2E,6E,10E)-3,7,11,15-tetramethylhexadeca-2,6,10,14-tetraenoxy]-5-[(2S,3R,4R,5S,6S)-3,4,5-triacetyloxy-6-methyloxan-2-yl]oxyoxan-2-yl]methoxy]-4,5-dihydroxy-2-methyloxan-3-yl] acetate [M+NH4]+	0.8471	6		InChI=1S/C46H72O18/c1-24(2)15-12-16-25(3)17-13-18-26(4)19-14-20-27(5)21-22-55-45-41(64-46-43(62-33(11)50)42(61-32(10)49)40(29(7)58-46)60-31(9)48)36(52)35(51)34(63-45)23-56-44-38(54)37(53)39(28(6)57-44)59-30(8)47/h15,17,19,21,28-29,34-46,51-54H,12-14,16,18,20,22-23H2,1-11H3/b25-17+,26-19+,27-21+/t28-,29-,34+,35+,36-,37-,38+,39-,40-,41+,42+,43+,44+,45+,46-/m0/s1	MONA	C26H44O6	[M + H]+	[3-(2,3-dihydroxypropoxy)-2-hydroxypropyl] (E)-octadec-9-enoate	CCCCCCCCC=CCCCCCCCC(=O)OCC(COCC(CO)O)O	0.479	Fatty acids	Wax monoesters	Fatty Acyls
66	586.3255	5.377	[M+Na]1+	True	4.573144033084688	0.1103374071166675	0.0217341329335332	0.0217341329335332	q_value_perm_plate	True	5,8,9-trimethyl-16-(prop-2-en-1-yl)-3,6-bis(propan-2-yl)-icosahydropyrrolo[1,2-d]1-oxa-4,7,10,13,16-pentaazacyclononadecane-1,4,7,10,14,17-hexone	sirius_structure													C26H47N5O8Si	[M + H]+	5,8,9-trimethyl-16-(prop-2-en-1-yl)-3,6-bis(propan-2-yl)-icosahydropyrrolo[1,2-d]1-oxa-4,7,10,13,16-pentaazacyclononadecane-1,4,7,10,14,17-hexone	CC1C(=O)NCCC(=O)OC(C(=O)N2CCCC2C(=O)NC(C(=O)N(C(C(=O)N1C)C(C)C)C)C(C)C)CC=C	0.206	Amino acids and Peptides	Depsipeptides	Peptidomimetics
1447	381.2986	5.682696	[M+H]1+	True	6.89753480646485	0.1116440196368456	0.0217341329335332	0.0217341329335332	q_value_perm_plate	True	(3R,20R)-3,20-dihydroxyhenicosanoic acid	sirius_structure								0.799	6	CCCCCCCC/C=C/CCCCCCCC(N)=O			C23H40O4	[M + H]+	(3R,20R)-3,20-dihydroxyhenicosanoic acid	CC(CCCCCCCCCCCCCCCCC(CC(=O)O)O)O	0.137	Fatty acids	Monoacylglycerols	Glycerolipids
5425	265.2517	5.326	[M-H2O+H]1+	True	2.068946157261577	0.1116440196368456	0.0217341329335332	0.0217341329335332	q_value_perm_plate	True	octadeca-9,17-dienal	sirius_structure		0.972	11	CCCCCCCC/C=C\CCCCCCCC(=O)OC			Spectral Match to Palmitelaidic acid from NIST14 M+H-H2O	0.9737	11	CCCCCC/C=C/CCCCCCCC(=O)O	InChI=1S/C16H30O2/c1-2-3-4-5-6-7-8-9-10-11-12-13-14-15-16(17)18/h7-8H,2-6,9-15H2,1H3,(H,17,18)/b8-7+	GNPS-NIST14-MATCHES	C18H32O	[M + H]+	octadeca-9,17-dienal	C=CCCCCCCC=CCCCCCCCC=O	0.258	Fatty acids	Fatty alcohols	Fatty Acyls
12	585.3221	5.376	[M+Na]1+	True	4.608404211159832	0.1145829743928949	0.0217341329335332	0.0217341329335332	q_value_perm_plate	True	6-{[5-(acetyloxy)-2-(dodecyloxy)-4-hydroxy-6-methyloxan-3-yl]oxy}-4,5-dihydroxy-2-methyloxan-3-yl acetate	sirius_structure								0.7063	7	CC(=O)OC[C@H](OC(C)=O)[C@@H](OC(C)=O)[C@H](OC(C)=O)[C@@H](COC(C)=O)OC(C)=O			C30H48O11	[M + H]+	6-{[5-(acetyloxy)-2-(dodecyloxy)-4-hydroxy-6-methyloxan-3-yl]oxy}-4,5-dihydroxy-2-methyloxan-3-yl acetate	CCCCCCCCCCCCOC1C(C(C(C(O1)C)OC(=O)C)O)OC2C(C(C(C(O2)C)OC(=O)C)O)O	0.428	Fatty acids	Fatty acyl glycosides of mono- and disaccharides	Fatty Acyls
328	429.3194	5.167	[M-2H2O+H]1+	True	1.4103280642067844	0.1163580731986803	0.0217341329335332	0.0217341329335332	q_value_perm_plate	True	2-(3,4-dihydroxyoxolan-2-yl)-2-hydroxyethyl octadec-9-enoate	sirius_structure								0.883	7	OC[C@H](O)[C@@H](O)[C@H](O)[C@H](O)CO			C24H44O6	[M + H]+	2-(3,4-dihydroxyoxolan-2-yl)-2-hydroxyethyl octadec-9-enoate	CCCCCCCCC=CCCCCCCCC(=O)OCC(C1C(C(CO1)O)O)O	0.843	Fatty acids	Wax monoesters	Fatty Acyls
29	555.3118	5.401	[M+Na]1+	True	4.904156720066234	0.118003957561783	0.0217341329335332	0.0217341329335332	q_value_perm_plate	True	4,5-bis(acetyloxy)-3-{[3-(acetyloxy)hexadecanoyl]oxy}cyclohex-1-ene-1-carboxylic acid	sirius_structure													C25H42N6O8	[M + H]+	4,5-bis(acetyloxy)-3-{[3-(acetyloxy)hexadecanoyl]oxy}cyclohex-1-ene-1-carboxylic acid	CCCCCCCCCCCCCC(CC(=O)OC1C=C(CC(C1OC(=O)C)OC(=O)C)C(=O)O)OC(=O)C	0.144	Terpenoids	Labdane diterpenoids	Prenol lipids
459	425.2882	5.3665	[M+H]1+	True	1.9511769272688628	0.1201707759245482	0.0217341329335332	0.0217341329335332	q_value_perm_plate	True	2-(3,4-dihydroxyoxolan-2-yl)-2-hydroxyethyl hexadecanoate	sirius_structure							[(2S,3R,4S,5R,6R)-6-[[(2R,3S,4S,5R,6R)-3,4-dihydroxy-6-[(2E,6E,10E)-3,7,11,15-tetramethylhexadeca-2,6,10,14-tetraenoxy]-5-[(2S,3R,4R,5S,6S)-3,4,5-triacetyloxy-6-methyloxan-2-yl]oxyoxan-2-yl]methoxy]-4,5-dihydroxy-2-methyloxan-3-yl] acetate [M+NH4]+	0.8316	6		InChI=1S/C46H72O18/c1-24(2)15-12-16-25(3)17-13-18-26(4)19-14-20-27(5)21-22-55-45-41(64-46-43(62-33(11)50)42(61-32(10)49)40(29(7)58-46)60-31(9)48)36(52)35(51)34(63-45)23-56-44-38(54)37(53)39(28(6)57-44)59-30(8)47/h15,17,19,21,28-29,34-46,51-54H,12-14,16,18,20,22-23H2,1-11H3/b25-17+,26-19+,27-21+/t28-,29-,34+,35+,36-,37-,38+,39-,40-,41+,42+,43+,44+,45+,46-/m0/s1	MONA	C24H40O6	[M + H]+	2-(3,4-dihydroxyoxolan-2-yl)-2-hydroxyethyl hexadecanoate	CCCCCCCCCCCCCCCC(=O)OCC(C1C(C(CO1)O)O)O	0.359	Fatty acids	Wax monoesters	Fatty Acyls
127	625.3529	5.605814	[M+Na]1+	True	5.705471792416881	0.1217667961300456	0.0217341329335332	0.0217341329335332	q_value_perm_plate	True	[2-[[3-Butanoyloxy-2,2-bis(butanoyloxymethyl)propoxy]methyl]-2-(butanoyloxymethyl)butyl] butanoate	sirius_structure							PEFA - D-mannitol-tetraacetate-3-(acetyloxy)-octadecanoate derivative  M+Na	0.713	13			GNPS-LIBRARY	C31H54O11	[M + Na]+	[2-[[3-Butanoyloxy-2,2-bis(butanoyloxymethyl)propoxy]methyl]-2-(butanoyloxymethyl)butyl] butanoate	CCCC(=O)OCC(CC)(COCC(COC(=O)CCC)(COC(=O)CCC)COC(=O)CCC)COC(=O)CCC	0.1	Terpenoids	Cholestane steroids	
10225	283.2623	5.318	[M+H]1+	True	1.1980154020444695	0.1219238272553295	0.0217341329335332	0.0217341329335332	q_value_perm_plate	True	octadec-2-enoic acid	sirius_structure								0.7568	6	CCCCCCCCCCCCCC(O)CC(=O)O			C18H34O2	[M + H]+	octadec-2-enoic acid	CCCCCCCCCCCCCCCC=CC(=O)O	0.254	Fatty acids	Unsaturated fatty acids	Fatty Acyls
33114	640.3238	4.753	[M+H]1+	True	0.7772302878321073	0.1219238272553295	0.0217341329335332	0.0217341329335332	q_value_perm_plate	True	2-amino-4-({1-[(carboxymethyl)carbamoyl]-2-[(5-hydroxy-1-methoxy-1-oxoicosa-7,9,11,14-tetraen-6-yl)sulfanyl]ethyl}carbamoyl)butanoic acid	sirius_structure													C31H49N3O9S	[M + H]+	2-amino-4-({1-[(carboxymethyl)carbamoyl]-2-[(5-hydroxy-1-methoxy-1-oxoicosa-7,9,11,14-tetraen-6-yl)sulfanyl]ethyl}carbamoyl)butanoic acid	CCCCCC=CCC=CC=CC=CC(C(CCCC(=O)OC)O)SCC(C(=O)NCC(=O)O)NC(=O)CCC(C(=O)O)N	0.569	Fatty acids	Leukotrienes	Carboxylic acids and derivatives
450	495.2911	5.555	[M+Na]1+	True	6.540124992815466	0.1267154551984717	0.0217341329335332	0.0217341329335332	q_value_perm_plate	True	20-Hydroxyecdysone-26-aldehyde	sirius_structure													C25H44O8	[M + Na]+	20-Hydroxyecdysone-26-aldehyde	CC12CCC3C(=CC(=O)C4C3(CC(C(C4)O)O)C)C1(CCC2C(C)(C(CCC(C)(C=O)O)O)O)O	0.138	Terpenoids	Pimarane and Isopimarane diterpenoids	Steroids and steroid derivatives
412	626.3563	5.605814	[M+Na]1+	True	5.233565904039606	0.1269721162461133	0.0217341329335332	0.0217341329335332	q_value_perm_plate	True	18-(1-hydroxyethyl)-9-(hydroxymethyl)-12-methyl-6-(2-methylpropyl)-15-(propan-2-yl)-docosahydro-1H-pyrrolo[1,2-a]1,4,7,10,13,16,19-heptaazacyclohenicosane-1,4,7,10,13,16,19-heptone	sirius_structure													C32H51NO11	[M + H]+	18-(1-hydroxyethyl)-9-(hydroxymethyl)-12-methyl-6-(2-methylpropyl)-15-(propan-2-yl)-docosahydro-1H-pyrrolo[1,2-a]1,4,7,10,13,16,19-heptaazacyclohenicosane-1,4,7,10,13,16,19-heptone	CC1C(=O)NC(C(=O)NC(C(=O)N2CCCC2C(=O)NCC(=O)NC(C(=O)NC(C(=O)N1)CO)CC(C)C)C(C)O)C(C)C	0.045	Amino acids and Peptides	Cyclic peptides	Carboxylic acids and derivatives
581	453.2807	5.475	[M+3Na-2H]1+	True	6.515629677068418	0.1337294129146628	0.0217341329335332	0.0217341329335332	q_value_perm_plate	True	C25H40O7 (formula only)	sirius_formula_only													C25H40O7	[M + H]+		CCCCCC(C=CC1C(CC(C1CC=CCCCC(=O)OC)OC(=O)C)O)OC(=O)C	0.071	Polyketides	Open-chain polyketides	Fatty Acyls
286	608.3982	5.376	[M+H]1+	True	5.015712473656992	0.1337294129146628	0.0217341329335332	0.0217341329335332	q_value_perm_plate	True	N-[(3R,4R,5S,6R)-3,4-dihydroxy-6-(hydroxymethyl)-5-[(2S,3R,4S,5R,6R)-3,4,5-trihydroxy-6-(hydroxymethyl)oxan-2-yl]oxyoxan-2-yl]octadecanamide	sirius_structure													C30H57NO11	[M + H]+	N-[(3R,4R,5S,6R)-3,4-dihydroxy-6-(hydroxymethyl)-5-[(2S,3R,4S,5R,6R)-3,4,5-trihydroxy-6-(hydroxymethyl)oxan-2-yl]oxyoxan-2-yl]octadecanamide	CCCCCCCCCCCCCCCCCC(=O)NC1C(C(C(C(O1)CO)OC2C(C(C(C(O2)CO)O)O)O)O)O	0.115	Carbohydrates	Polysaccharides	Fatty Acyls
1571	353.2672	5.569	[M+H]1+	True	4.515932285544576	0.1337294129146628	0.0217341329335332	0.0217341329335332	q_value_perm_plate	True		unidentified								0.8011	6	CC(=O)OCC(=O)[C@H]1CC[C@H]2[C@@H]3CCC4=CC(=O)CC[C@]4(C)[C@H]3[C@@H](O)C[C@]12C										
284	456.3019	5.409	[M+K]1+	True	4.039822077632955	0.1459483299501657	0.0217341329335332	0.0217341329335332	q_value_perm_plate	True	N,N-Dimethyl-9-[12-(thymine-1-yl)dodecyl]-9H-purine-6-amine	sirius_structure								0.7676	8	CCCCCC/C=C/CCCCCCCC(=O)OC			C23H41N3O6	[M + H]+	N,N-Dimethyl-9-[12-(thymine-1-yl)dodecyl]-9H-purine-6-amine	CC1=CN(C(=O)NC1=O)CCCCCCCCCCCCN2C=NC3=C2N=CN=C3N(C)C	0.095	Alkaloids	Purine alkaloids	Diazines
194	620.3975	5.605814	[M+NH3+H]1+	True	5.754537966766141	0.1616573615045984	0.0217341329335332	0.0217341329335332	q_value_perm_plate	True	Unk-D-Lys-Lys-D-Arg-OH	sirius_structure													C31H57NO11	[M + H]+	Unk-D-Lys-Lys-D-Arg-OH	C1=CC(=CC=C1CC(=O)NC(CCCCN)C(=O)NC(CCCCN)C(=O)NC(CCCN=C(N)N)C(=O)O)CN=C(N)N	0.055	Fatty acids	Purine nucleosides	Carboxylic acids and derivatives
1639	496.2941	5.569	[M+Na]1+	True	4.120391991408629	0.1668516382015129	0.0217341329335332	0.0217341329335332	q_value_perm_plate	True	Ji-20B	sirius_structure													C20H41N5O9	[M + H]+	Ji-20B	CC(C1C(C(C(C(O1)OC2C(CC(C(C2O)OC3C(C(C(CO3)(C)O)NC)O)N)N)N)O)O)N	0.085	Carbohydrates	Pyrimidine nucleosides	Organooxygen compounds
1647	501.3402	5.459	[M+H]1+	True	3.6745668629815937	0.1720554936748438	0.0217341329335332	0.0217341329335332	q_value_perm_plate	True	3,6,9,12,15,18-Hexaoxahentriacontan-1-oic acid	sirius_structure													C27H48O8	[M + H]+	3,6,9,12,15,18-Hexaoxahentriacontan-1-oic acid	CCCCCCCCCCCCCOCCOCCOCCOCCOCCOCC(=O)O	0.026	Fatty acids	Fatty acyl glycosides of mono- and disaccharides	Saccharolipids
2738	237.2206	5.14	[M-H2O+H]1+	True	2.883743515442761	0.1737233191917588	0.0217341329335332	0.0217341329335332	q_value_perm_plate	True	hexadeca-9,11-dienal	sirius_structure		0.8236	8	CCCCCC/C=C\CCCCCCCC(=O)O				0.9092	8	C=CCCCCCCCCC/C=C/C(O)CC(O)CO			C16H28O	[M + H]+	hexadeca-9,11-dienal	CCCCC=CC=CCCCCCCCC=O	0.2	Fatty acids	Fatty aldehydes	Fatty Acyls
80	425.2882	5.255	[M-2H2O+H]1+	True	3.889947953392813	0.1829084491800303	0.0217341329335332	0.0217341329335332	q_value_perm_plate	True	C24H40O6 (formula only)	sirius_formula_only								0.8767	6	CC(=O)OC[C@H](OC(C)=O)[C@@H](OC(C)=O)[C@H](OC(C)=O)[C@@H](COC(C)=O)OC(C)=O			C24H40O6	[M + H]+		CCCCOCCOC(=O)CCCCCCCCC(=O)OCCOCCCC	0.054	Fatty acids	Wax monoesters	Fatty Acyls
146	401.2882	5.14	[M-H2O+H]1+	True	1.9042886377545996	0.1875690443432479	0.0217341329335332	0.0217341329335332	q_value_perm_plate	True	[2-(3,4-dihydroxyoxolan-2-yl)-2-hydroxyethyl] (E)-hexadec-9-enoate	sirius_structure													C22H40O6	[M + H]+	[2-(3,4-dihydroxyoxolan-2-yl)-2-hydroxyethyl] (E)-hexadec-9-enoate	CCCCCCC=CCCCCCCCC(=O)OCC(C1C(C(CO1)O)O)O	0.8	Fatty acids	Wax monoesters	Fatty Acyls
210	383.2778	5.14	[M-2H2O+H]1+	True	1.3111818055007347	0.1882646452149833	0.0217341329335332	0.0217341329335332	q_value_perm_plate	True	Erythro-9,10-dihydroxyoctadecan-1-ol acetate	sirius_structure							Gln-C22:4 M+H	0.7519	8	O=C(NC(C(O)=O)CCC(N)=O)CCCCCC=CCC=CCC=CCC=CCCCCC		ECG-ACYL-AMIDES-C4-C24-LIBRARY	C20H40O5	[M + Na]+	Erythro-9,10-dihydroxyoctadecan-1-ol acetate	CCCCCCCCC(C(CCCCCCCC(O)OC(=O)C)O)O	0.274	Fatty acids	Fatty alcohols	Fatty Acyls
45901	381.2986	5.569	[M+H]1+	True	2.7798338399179627	0.193353799563441	0.0217341329335332	0.0217341329335332	q_value_perm_plate	True	1-O-(2R-hydroxy-4Z-octadecenyl)-sn-glycerol	sirius_structure		0.7061	7	CCCCCCCC/C=C\CCCCCCCC(=O)OCC(CO)OC(C)=O			Spectral Match to Monoelaidin from NIST14 M+H-H2O	0.8912	9	CCCCCCCC/C=C/CCCCCCCC(=O)OCC(CO)O	InChI=1S/C21H40O4/c1-2-3-4-5-6-7-8-9-10-11-12-13-14-15-16-17-21(24)25-19-20(23)18-22/h9-10,20,22-23H,2-8,11-19H2,1H3/b10-9+	GNPS-NIST14-MATCHES	C23H40O4	[M + H]+	1-O-(2R-hydroxy-4Z-octadecenyl)-sn-glycerol	CCCCCCCCCCCCCC=CCC(COCC(CO)O)O	0.063	Fatty acids	Monoacylglycerols	Glycerolipids
245	499.2883	5.299	[M+K]1+	True	2.159847920396778	0.21497396302649	0.0217341329335332	0.0217341329335332	q_value_perm_plate	True	2-{[9,14-dihydroxy-14-(hydroxymethyl)-3,10-dimethyl-6-(propan-2-yl)tricyclo[9.3.0.0³,⁷]tetradeca-1,6-dien-8-yl]oxy}-6-(hydroxymethyl)oxane-3,4,5-triol	sirius_structure								0.714	6	CC(=O)OC[C@H](OC(C)=O)[C@@H](OC(C)=O)[C@H](OC(C)=O)[C@@H](COC(C)=O)OC(C)=O			C27H38N4O5	[M + H]+	2-{[9,14-dihydroxy-14-(hydroxymethyl)-3,10-dimethyl-6-(propan-2-yl)tricyclo[9.3.0.0³,⁷]tetradeca-1,6-dien-8-yl]oxy}-6-(hydroxymethyl)oxane-3,4,5-triol	CC1C2CCC(C2=CC3(CCC(=C3C(C1O)OC4C(C(C(C(O4)CO)O)O)O)C(C)C)C)(CO)O	0.194	Polyketides	Macrolide lactones	Fatty Acyls
902	430.3227	5.326	[M+H]1+	True	1.6005130442813562	0.2269006979506918	0.0217341329335332	0.0217341329335332	q_value_perm_plate	True	Candidate Phenylalanine-C18:1 (delta mass:264.2452) M+H	exact_library_match	Candidate Phenylalanine-C18:1 (delta mass:264.2452) M+H	0.963	10	CCCCCCCCCCCCCCCC=CC(=O)NC(Cc1ccccc1)C(=O)O		GNPS-N-ACYL-LIPIDS-MASSQL	Candidate Phenylalanine-C18:2 (delta mass:262.2294) M+H	0.9723	10	CCCCCCCCCCCCCC=CC=CC(=O)NC(Cc1ccccc1)C(=O)O		GNPS-N-ACYL-LIPIDS-MASSQL	C27H43NO3	[M + H]+		CCCCCCCCC=CCCCCCCCC(=O)NC(CC1=CC=CC=C1)C(=O)O	0.988	Fatty acids	N-acyl amines	Carboxylic acids and derivatives
2480	273.0961	5.305829	[M+H]1+	True	3.823105584235009	0.2355075293021957	0.0217341329335332	0.0217341329335332	q_value_perm_plate	True	[(2S,5S)-3,4,5-trihydroxy-6-(hydroxymethyl)oxan-2-yl] 2-methylpropanoate	sirius_structure								0.8966	7	CC(=O)OC[C@H](OC(C)=O)[C@@H](OC(C)=O)[C@H](OC(C)=O)[C@@H](COC(C)=O)OC(C)=O			C12H16O7	[M + H]+	[(2S,5S)-3,4,5-trihydroxy-6-(hydroxymethyl)oxan-2-yl] 2-methylpropanoate	CC(C)C(=O)OC1C(C(C(C(O1)CO)O)O)O	0.394	Fatty acids	Fatty acyl glycosides of mono- and disaccharides	Organooxygen compounds
1048	499.2883	5.224628	[M-2H2O+H]1+	True	2.22807992074122	0.3714659152580116	0.0217341329335332	0.0217341329335332	q_value_perm_plate	True	2-{[9,14-dihydroxy-14-(hydroxymethyl)-3,10-dimethyl-6-(propan-2-yl)tricyclo[9.3.0.0³,⁷]tetradeca-1,6-dien-8-yl]oxy}-6-(hydroxymethyl)oxane-3,4,5-triol	sirius_structure								0.714	6	CC(=O)OC[C@H](OC(C)=O)[C@@H](OC(C)=O)[C@H](OC(C)=O)[C@@H](COC(C)=O)OC(C)=O			C27H38N4O5	[M + H]+	2-{[9,14-dihydroxy-14-(hydroxymethyl)-3,10-dimethyl-6-(propan-2-yl)tricyclo[9.3.0.0³,⁷]tetradeca-1,6-dien-8-yl]oxy}-6-(hydroxymethyl)oxane-3,4,5-triol	CC1C2CCC(C2=CC3(CCC(=C3C(C1O)OC4C(C(C(C(O4)CO)O)O)O)C(C)C)C)(CO)O	0.194	Polyketides	Macrolide lactones	Fatty Acyls
12662	453.318	5.592166	[M+H]1+	True	0.8433254164832239	0.5177627037579777	0.0217341329335332	0.0217341329335332	q_value_perm_plate	True	1,10-bis(7-hydroxyheptyl) decanedioate	sirius_structure							Indole-3-acetic acid M+H	0.9216	6	C1=CC=C2C(=C1)C(=CN2)CC(=O)O	1S/C10H9NO2/c12-10(13)5-7-6-11-9-4-2-1-3-8(7)9/h1-4,6,11H,5H2,(H,12,13)	GNPS-LIBRARY	C28H46O2	[M + K]+	1,10-bis(7-hydroxyheptyl) decanedioate	C(CCCCC(=O)OCCCCCCCO)CCCC(=O)OCCCCCCCO	0.085	Fatty acids	Open-chain polyketides	Fatty Acyls
1429	585.361	5.6	[M+H]1+	True	3.969141615754231	0.0005354399235071	0.0363751178803903	0.0363751178803903	q_value_perm_plate	True	[(2S)-2-decanoyloxy-3-[(2R,3R,4S,5R,6R)-3,4,5-trihydroxy-6-(hydroxymethyl)oxan-2-yl]oxypropyl] decanoate	sirius_structure								0.7913	9	CCCCCCCC/C=C\CCCCCCCC(=O)OCC(CO)OC(=O)CCCCCCCCCCCCCCC			C31H52O10	[M + H]+	[(2S)-2-decanoyloxy-3-[(2R,3R,4S,5R,6R)-3,4,5-trihydroxy-6-(hydroxymethyl)oxan-2-yl]oxypropyl] decanoate	CCCCCCCCCC(=O)OCC(COC1C(C(C(C(O1)CO)O)O)O)OC(=O)CCCCCCCCC	0.299	Fatty acids	Wax monoesters	Organooxygen compounds
2909	384.3094	5.394	[M+NH3+H]1+	True	2.9868472501256687	0.0011309042491129	0.0363751178803903	0.0363751178803903	q_value_perm_plate	True	2-Amino-1,3,4,5-Icosanetetrol	sirius_structure													C20H43NO4	[M + Na]+	2-Amino-1,3,4,5-Icosanetetrol	CCCCCCCCCCCCCCCC(C(C(C(CO)N)O)O)O	0.408	Fatty acids	Ceramides	Sphingolipids
5764	381.2985	5.384	[M+H]1+	True	4.079838857546734	0.0025830396654952	0.0363751178803903	0.0363751178803903	q_value_perm_plate	True	2,3-dihydroxypropyl icosa-6,11,14-trienoate	sirius_structure								0.7327	7	CCCCCCCC/C=C\CCCCCCCC(=O)OCC(CO)OC(=O)CCCCCCCCCCCCCCC			C23H40O4	[M + H]+	2,3-dihydroxypropyl icosa-6,11,14-trienoate	CCCCCC=CCC=CCCCC=CCCCCC(=O)OCC(CO)O	0.113	Fatty acids	Wax monoesters	Fatty Acyls
1699	579.3912	5.409	[M+H]1+	True	4.034109673159472	0.0042644583430965	0.0363751178803903	0.0363751178803903	q_value_perm_plate	True	C33H54O8 (formula only)	sirius_formula_only													C33H54O8	[M + H]+						
47486	812.5793	5.764	[M+H]1+	True	2.7228439539552207	0.0052915877535567	0.0363751178803903	0.0363751178803903	q_value_perm_plate	True	H-Lys-Val-Leu-Ala-Leu-Arg-Leu-OH	sirius_structure													C53H78ClNO3	[M + H]+	H-Lys-Val-Leu-Ala-Leu-Arg-Leu-OH	CC(C)CC(C(=O)NC(CCCN=C(N)N)C(=O)NC(CC(C)C)C(=O)O)NC(=O)C(C)NC(=O)C(CC(C)C)NC(=O)C(C(C)C)NC(=O)C(CCCCN)N	0.076	Amino acids and Peptides	Cyclic peptides	Carboxylic acids and derivatives
15963	611.4067	5.509	[M+NH3+H]1+	True	3.8161268835012514	0.0055172516740566	0.0363751178803903	0.0363751178803903	q_value_perm_plate	True	Lupeol Caffeate	sirius_structure													C26H50N12O5	[M + H]+	Lupeol Caffeate	CC(=C)C1CCC2(C1C3CCC4C5(CCC(C(C5CCC4(C3(CC2)C)C)(C)C)OC(=O)C=CC6=CC(=C(C=C6)O)O)C)C	0.072	Terpenoids	Carotenoids (C40, β-β)	Prenol lipids
3330	648.4292	5.917	[M+H]1+	True	3.205347595330235	0.0056094352093043	0.0363751178803903	0.0363751178803903	q_value_perm_plate	True	C31H57BN6O6Si (formula only)	sirius_formula_only													C31H57BN6O6Si	[M + H]+	tert-butyl N-[(2S)-1-[(2S)-2-[[(1R)-4-(diaminomethylideneamino)-1-[(1S,2S,6R)-2,9,9-trimethyl-3,5-dioxa-4-boratricyclo[6.1.1.02,6]decan-4-yl]butyl]carbamoyl]pyrrolidin-1-yl]-1-oxo-3-trimethylsilylpropan-2-yl]carbamate	B1(OC2CC3CC(C3(C)C)C2(O1)C)C(CCCN=C(N)N)NC(=O)C4CCCN4C(=O)C(C[Si](C)(C)C)NC(=O)OC(C)(C)C		Amino acids and Peptides	Tripeptides	Carboxylic acids and derivatives
9876	159.0646	5.569	[M+H]1+	True	4.322624034702482	0.0063587256039417	0.0363751178803903	0.0363751178803903	q_value_perm_plate	True	Allylidene diacetate	sirius_structure													C7H10O4	[M + H]+	Allylidene diacetate	CC(=O)OC(C=C)OC(=O)C	0.207	Fatty acids	Wax monoesters	Carboxylic acids and derivatives
31687	399.1436	0.532976	[M+H]1+	True	-1.6026625401834056	0.0101585410029865	0.0363751178803903	0.0363751178803903	q_value_perm_plate	True	S-ADENOSYLMETHIONINE M+H	exact_library_match	S-ADENOSYLMETHIONINE M+H	0.8601	7	C[S+](C[C@H]1O[C@@H](N2C=NC3=C(N=CN=C23)N)[C@@H]([C@@H]1O)O)CC[C@@H](C([O-])=O)N	InChI=1S/C15H22N6O5S/c1-27(3-2-7(16)15(24)25)4-8-10(22)11(23)14(26-8)21-6-20-9-12(17)18-5-19-13(9)21/h5-8,10-11,14,22-23H,2-4,16H2,1H3,(H2-,17,18,19,24,25)/t7-,8+,10+,11+,14+,27?/m0/s1	GNPS-MSMLS	S-ADENOSYLMETHIONINE M+H	0.8601	7	C[S+](C[C@H]1O[C@@H](N2C=NC3=C(N=CN=C23)N)[C@@H]([C@@H]1O)O)CC[C@@H](C([O-])=O)N	InChI=1S/C15H22N6O5S/c1-27(3-2-7(16)15(24)25)4-8-10(22)11(23)14(26-8)21-6-20-9-12(17)18-5-19-13(9)21/h5-8,10-11,14,22-23H,2-4,16H2,1H3,(H2-,17,18,19,24,25)/t7-,8+,10+,11+,14+,27?/m0/s1	GNPS-MSMLS	C15H22N6O5S	[M + H]+	Same	C[S+](CCC(C(=O)O)N)CC1C(C(C(O1)N2C=NC3=C(N=CN=C32)N)O)O	0.877	Carbohydrates	Purine nucleosides	5'-deoxyribonucleosides
5504	618.3821	5.493	[M+H]1+	True	3.209078602631421	0.0303186774474934	0.0363751178803903	0.0363751178803903	q_value_perm_plate	True		unidentified																				
5039	211.1073	0.570349	[M-3H2O+H]1+	True	-1.5814445171314135	0.0435699374110533	0.0363751178803903	0.0363751178803903	q_value_perm_plate	True	C10H14N2O3 (formula only)	sirius_formula_only													C10H14N2O3	[M + H]+						
4359	739.5886	6.358	[M-H2O+H]1+	True	1.4246486832877072	0.0469378735120853	0.0363751178803903	0.0363751178803903	q_value_perm_plate	True	4-[4-[4-[4-[4-[4-[4-[4-[4-(4-Hydroxybutoxy)butoxy]butoxy]butoxy]butoxy]butoxy]butoxy]butoxy]butoxy]butan-1-ol	sirius_structure													C40H82O11	[M + H]+	4-[4-[4-[4-[4-[4-[4-[4-[4-(4-Hydroxybutoxy)butoxy]butoxy]butoxy]butoxy]butoxy]butoxy]butoxy]butoxy]butan-1-ol	C(CCOCCCCOCCCCOCCCCOCCCCOCCCCOCCCCOCCCCOCCCCOCCCCO)CO	0.043	Fatty acids	Farnesane sesquiterpenoids	Fatty Acyls
2105	738.5852	6.358	[M-H2O+H]1+	True	1.501872512387716	0.0499517063434736	0.0363751178803903	0.0363751178803903	q_value_perm_plate	True	(10Z,12Z)-N-[(4E,8E,12E)-1,3-dihydroxyheptacosa-4,8,12-trien-2-yl]-2-hydroxyoctadeca-10,12-dienamide	sirius_structure							GalCer(d18:2/18:1); [M+H]+ C42H78N1O8 M+H	0.8188	13			PNNL-LIPIDS-POSITIVE	C45H81NO4	[M + K]+	(10Z,12Z)-N-[(4E,8E,12E)-1,3-dihydroxyheptacosa-4,8,12-trien-2-yl]-2-hydroxyoctadeca-10,12-dienamide	CCCCCCCCCCCCCCC=CCCC=CCCC=CC(C(CO)NC(=O)C(CCCCCCCC=CC=CCCCCC)O)O	0.23	Fatty acids	Ceramides	Sphingolipids
23744	250.1156	0.67469	[M+Na]1+	True	-1.425986074907681	0.0694754637577432	0.0363751178803903	0.0363751178803903	q_value_perm_plate	True	1,3,5-Triacryloylhexahydro-1,3,5-triazine	sirius_structure													C7H15N5O5	[M + H]+	1,3,5-Triacryloylhexahydro-1,3,5-triazine	C=CC(=O)N1CN(CN(C1)C(=O)C=C)C(=O)C=C	0.082	Amino acids and Peptides	Dipeptides	Carboxylic acids and derivatives
10329	247.2412	5.542	[M+H]1+	True	3.958740374099838	0.0807009942104476	0.0363751178803903	0.0363751178803903	q_value_perm_plate	True	5,7-Diethyl-9-methyl-3E,5E,7E,9E-tridecatetraene	sirius_structure		0.9862	12	CCCCCCCC/C=C\CCCCCCCC(=O)NCC(=O)O				0.9862	12	CCCCCCCC/C=C\CCCCCCCC(=O)NCC(=O)O			C18H30	[M + H]+	5,7-Diethyl-9-methyl-3E,5E,7E,9E-tridecatetraene	CCCC=C(C)C=C(CC)C=C(CC)C=CCC	0.19	Fatty acids	Hydrocarbons	
153	513.301	5.332	[M+Na]1+	True	5.813978424055964	0.0851563554394451	0.0363751178803903	0.0363751178803903	q_value_perm_plate	True	Tert-butyl 3-[3-[3-[(2-methylpropan-2-yl)oxy]-3-oxopropoxy]-2-[[3-[(2-methylpropan-2-yl)oxy]-3-oxopropoxy]methyl]propoxy]propanoate	sirius_structure													C25H46O9	[M + Na]+	Tert-butyl 3-[3-[3-[(2-methylpropan-2-yl)oxy]-3-oxopropoxy]-2-[[3-[(2-methylpropan-2-yl)oxy]-3-oxopropoxy]methyl]propoxy]propanoate	CC(C)(C)OC(=O)CCOCC(COCCC(=O)OC(C)(C)C)COCCC(=O)OC(C)(C)C	0.094	Fatty acids	Fatty alcohols	Fatty Acyls
13586	558.5225	6.358	[M-H2O+H]1+	True	1.7064569895534112	0.0888144269066307	0.0363751178803903	0.0363751178803903	q_value_perm_plate	True	17-(Methylaminomethyl)tritriacontane-16,18-dione	sirius_structure													C35H69NO2	[M + Na]+	17-(Methylaminomethyl)tritriacontane-16,18-dione	CCCCCCCCCCCCCCCC(=O)C(CNC)C(=O)CCCCCCCCCCCCCCC	0.006	Fatty acids	Ceramides	Fatty Acyls
2527	779.5801	6.330239	[M+Na]1+	True	1.6039881331807944	0.0990615794932168	0.0363751178803903	0.0363751178803903	q_value_perm_plate	True	2-N,2-N,4-N,4-N,6-N-pentahexoxy-6-N-(hexoxymethyl)-1,3,5-triazine-2,4,6-triamine	sirius_structure								0.9394	6	CCCCCCCCCCCCCCCC(=O)OCC(COP(=O)([O-])OCC[N+](C)(C)C)OC(=O)CCCCCCCC(=O)/C=C/C(=O)O			C40H80N6O6	[M + K]+	2-N,2-N,4-N,4-N,6-N-pentahexoxy-6-N-(hexoxymethyl)-1,3,5-triazine-2,4,6-triamine	CCCCCCOCN(C1=NC(=NC(=N1)N(OCCCCCC)OCCCCCC)N(OCCCCCC)OCCCCCC)OCCCCCC	0.196	Amino acids and Peptides	Linear peptides	Carboxylic acids and derivatives
8294	255.2312	5.276696	[M+H]1+	True	3.146497625207892	0.1021165506894927	0.0363751178803903	0.0363751178803903	q_value_perm_plate	True	Gaidic Acid	sirius_structure		0.7025	6	CCCCCCCCCCCCCC(O)CC(=O)O				0.9329	6	CC(C)CCCCCCC/C=C/C(=O)O			C16H30O2	[M + H]+	Gaidic Acid	CCCCCCCCCCCCCC=CC(=O)O	0.455	Fatty acids	Unsaturated fatty acids	Fatty Acyls
418	625.3531	5.926067	[M+K]1+	True	3.994391594356357	0.1028336073550378	0.0363751178803903	0.0363751178803903	q_value_perm_plate	True	[2-[[3-Butanoyloxy-2,2-bis(butanoyloxymethyl)propoxy]methyl]-2-(butanoyloxymethyl)butyl] butanoate	sirius_structure							PEFA - D-mannitol-tetraacetate-3-(acetyloxy)-octadecanoate derivative  M+Na	0.7246	14			GNPS-LIBRARY	C33H52O11	[M + H]+	[2-[[3-Butanoyloxy-2,2-bis(butanoyloxymethyl)propoxy]methyl]-2-(butanoyloxymethyl)butyl] butanoate	CCCC(=O)OCC(CC)(COCC(COC(=O)CCC)(COC(=O)CCC)COC(=O)CCC)COC(=O)CCC	0.075	Terpenoids	Cholestane steroids	
3577	443.2986	5.377	[M+NH3+H]1+	True	1.6263201415267532	0.1028336073550378	0.0363751178803903	0.0363751178803903	q_value_perm_plate	True	2,3,4,5,6-pentahydroxyhexyl hexadecanoate	sirius_structure							Roccellic acid [M+H]	0.7599	10	O=C(O)C(CCCCCCCCCCCC)C(C)C(=O)O	InChI=1S/C17H32O4/c1-3-4-5-6-7-8-9-10-11-12-13-15(17(20)21)14(2)16(18)19/h14-15H,3-13H2,1-2H3,(H,18,19)(H,20,21)	LDB_POSITIVE	C24H42O7	[M + H]+	2,3,4,5,6-pentahydroxyhexyl hexadecanoate	CCCCCCCCCCCCCCCC(=O)OCC(C(C(C(CO)O)O)O)O	0.623	Fatty acids	Wax monoesters	Fatty Acyls
22471	439.3556	4.769283	[M+H]1+	True	-1.122057430435542	0.103842759842894	0.0363751178803903	0.0363751178803903	q_value_perm_plate	True	4,5,11,15,15,19,20-heptamethyl-24-oxahexacyclo[12.8.2.0¹,⁶.0⁷,²⁰.0¹⁰,¹⁹.0¹¹,¹⁶]tetracos-7-en-23-one	sirius_structure													C30H46O2	[M + H]+	4,5,11,15,15,19,20-heptamethyl-24-oxahexacyclo[12.8.2.0¹,⁶.0⁷,²⁰.0¹⁰,¹⁹.0¹¹,¹⁶]tetracos-7-en-23-one	CC1CCC23CCC4(C(=CCC5C4(CCC6C5(CCC(C6(C)C)OC2=O)C)C)C3C1C)C	0.495	Terpenoids	Lupane triterpenoids	Prenol lipids
11563	756.5956	6.358	[M+H]1+	True	1.4077933797501037	0.1044042745262807	0.0363751178803903	0.0363751178803903	q_value_perm_plate	True	C43H82NO7P (formula only)	sirius_formula_only								0.9646	6	CCCCCCCC(=O)OCC(COP(=O)([O-])OCC[N+](C)(C)C)OC(=O)CCCCCCC			C43H82NO7P	[M + H]+		CCCCCCCCCCCCCCCCC=COCC(COP(=O)(O)OCC[N+](C)(C)C)OC(=O)CCCCCCCC=CCC=CCCCC	0.58	Fatty acids	Glycerophosphocholines	Glycerophospholipids
306	597.3608	5.631	[M-H2O+H]1+	True	5.8761120834513685	0.1061117858806785	0.0363751178803903	0.0363751178803903	q_value_perm_plate	True	C32H52O10 (formula only)	sirius_formula_only													C32H52O10	[M + H]+		CCCCCCCCCCCCCCC(=O)OCC=C(COC(=O)C)C(CC=C(C)C#CC=C(C)C)OC(=O)C	0.461	Fatty acids	Wax monoesters	Fatty Acyls
22944	255.2309	5.435	[M+H]1+	True	3.191742845826992	0.1062969304330531	0.0363751178803903	0.0363751178803903	q_value_perm_plate	True	(E)-14-methylpentadec-2-enoic acid	sirius_structure													C16H30O2	[M + H]+	(E)-14-methylpentadec-2-enoic acid	CC(C)CCCCCCCCCCC=CC(=O)O	0.137	Fatty acids	Unsaturated fatty acids	Fatty Acyls
1455	649.4323	5.605814	[M+H]1+	True	6.254476507113673	0.1151351684008875	0.0363751178803903	0.0363751178803903	q_value_perm_plate	True	16-[2-(2-Aminopiperidin-1-ium-4-yl)ethoxy]-2,7,15-trihydroxy-6-(1-hydroxy-2,3-dimethylbutyl)-7-(2-hydroxyethyl)-9,13-dimethyl-5-oxapentacyclo[10.8.0.02,9.04,8.013,18]icos-1(20)-en-19-one	sirius_structure													C36H60N2O8	[M + H]+	16-[2-(2-Aminopiperidin-1-ium-4-yl)ethoxy]-2,7,15-trihydroxy-6-(1-hydroxy-2,3-dimethylbutyl)-7-(2-hydroxyethyl)-9,13-dimethyl-5-oxapentacyclo[10.8.0.02,9.04,8.013,18]icos-1(20)-en-19-one	CC(C)C(C)C(C1C(C2C(O1)CC3(C2(CCC4C3=CC(=O)C5C4(CC(C(C5)OCCC6CCNC(C6)N)O)C)C)O)(CCO)O)O	0.042	Fatty acids	Neutral glycosphingolipids	Organooxygen compounds
7676	375.2879	5.501	[M-H2O+H]1+	True	3.5631300834419144	0.1191692282149657	0.0363751178803903	0.0363751178803903	q_value_perm_plate	True	(1r,3r,7e,17beta)-17-[(2r)-5-Hydroxypentan-2-Yl]-2-Methylidene-9,10-Secoestra-5,7-Diene-1,3-Diol	sirius_structure													C24H38O3	[M + H]+	(1r,3r,7e,17beta)-17-[(2r)-5-Hydroxypentan-2-Yl]-2-Methylidene-9,10-Secoestra-5,7-Diene-1,3-Diol	CC(CCCO)C1CCC2C1(CCCC2=CC=C3CC(C(=C)C(C3)O)O)C	0.17	Terpenoids	Ergostane steroids	Steroids and steroid derivatives
1902	634.3773	5.843893	[M+H]1+	True	3.07415965983258	0.1222060160042337	0.0363751178803903	0.0363751178803903	q_value_perm_plate	True	C37H51N3O6 (formula only)	sirius_formula_only													C37H51N3O6	[M + H]+						
547	648.4289	5.605814	[M+H]1+	True	4.73273695000708	0.1292365644391803	0.0363751178803903	0.0363751178803903	q_value_perm_plate	True	tert-butyl N-[(2S)-1-[(2S)-2-[[(1R)-4-(diaminomethylideneamino)-1-[(1S,2S,6R)-2,9,9-trimethyl-3,5-dioxa-4-boratricyclo[6.1.1.02,6]decan-4-yl]butyl]carbamoyl]pyrrolidin-1-yl]-1-oxo-3-trimethylsilylpropan-2-yl]carbamate	sirius_structure													C31H57BN6O6Si	[M + H]+	tert-butyl N-[(2S)-1-[(2S)-2-[[(1R)-4-(diaminomethylideneamino)-1-[(1S,2S,6R)-2,9,9-trimethyl-3,5-dioxa-4-boratricyclo[6.1.1.02,6]decan-4-yl]butyl]carbamoyl]pyrrolidin-1-yl]-1-oxo-3-trimethylsilylpropan-2-yl]carbamate	B1(OC2CC3CC(C3(C)C)C2(O1)C)C(CCCN=C(N)N)NC(=O)C4CCCN4C(=O)C(C[Si](C)(C)C)NC(=O)OC(C)(C)C	0.043	Amino acids and Peptides	Tripeptides	Carboxylic acids and derivatives
7742	576.533	6.358	[M+H]1+	True	1.3130182534452066	0.1292365644391803	0.0363751178803903	0.0363751178803903	q_value_perm_plate	True	C17 dihydro Ceramide (d18:0/17:0)	sirius_structure							Cer(d18:2/18:1); [M+H]+ C36H68N1O3 M+H	0.726	10			PNNL-LIPIDS-POSITIVE	C35H71NO3	[M + Na]+	C17 dihydro Ceramide (d18:0/17:0)	CCCCCCCCCCCCCCCCC(=O)NC(CO)C(CCCCCCCCCCCCCCC)O	0.249	Fatty acids	Ceramides	Sphingolipids
40	527.3192	5.425	[M-H2O+H]1+	True	1.962527192424773	0.147730559056741	0.0363751178803903	0.0363751178803903	q_value_perm_plate	True	C28H46O9 (formula only)	sirius_formula_only													C28H46O9	[M + H]+		C1COCCN2CCOCCN3CCOCCN1CCOCCN(CCOCC2)CCOCC3	0.004	Fatty acids	Fatty alcohols	Fatty Acyls
8146	255.231	5.149	[M+H]1+	True	2.444302710365962	0.180674187191605	0.0363751178803903	0.0363751178803903	q_value_perm_plate	True	Gaidic Acid	sirius_structure		0.729	6	CCCCCCCCCCCCCC(O)CC(=O)O				0.9565	6	CC(C)CCCCCCC/C=C/C(=O)O			C16H30O2	[M + H]+	Gaidic Acid	CCCCCCCCCCCCCC=CC(=O)O	0.489	Fatty acids	Unsaturated fatty acids	Fatty Acyls
1095	495.3298	5.543	[M-H2O+H]1+	True	2.5195495499892204	0.1835995538533151	0.0363751178803903	0.0363751178803903	q_value_perm_plate	True	[2-(3-Decanoyloxy-4-hydroxyoxolan-2-yl)-2-hydroxyethyl] decanoate	sirius_structure							Spectral Match to Monopalmitolein (9c) from NIST14 M+H-H2O	0.764	9	CCCCCC/C=C\CCCCCCCC(=O)OCC(CO)O	InChI=1S/C19H36O4/c1-2-3-4-5-6-7-8-9-10-11-12-13-14-15-19(22)23-17-18(21)16-20/h7-8,18,20-21H,2-6,9-17H2,1H3/b8-7-	GNPS-NIST14-MATCHES	C28H46O7	[M + H]+	[2-(3-Decanoyloxy-4-hydroxyoxolan-2-yl)-2-hydroxyethyl] decanoate	CCCCCCCCCC(=O)OCC(C1C(C(CO1)O)OC(=O)CCCCCCCCC)O	0.403	Fatty acids	Wax monoesters	Fatty Acyls
233	429.3193	5.326	[M+H]1+	True	1.4598153644659375	0.1897219333997074	0.0363751178803903	0.0363751178803903	q_value_perm_plate	True	2-(3,4-dihydroxyoxolan-2-yl)-2-hydroxyethyl octadec-9-enoate	sirius_structure								0.7509	8	CCCC/C=C\CCCCCCCC(=O)O			C24H44O6	[M + H]+	2-(3,4-dihydroxyoxolan-2-yl)-2-hydroxyethyl octadec-9-enoate	CCCCCCCCC=CCCCCCCCC(=O)OCC(C1C(C(CO1)O)O)O	0.89	Fatty acids	Wax monoesters	Fatty Acyls
1758	265.2515	5.409	[M+H]1+	True	1.1964696108406396	0.2124640006127389	0.0363751178803903	0.0363751178803903	q_value_perm_plate	True	octadeca-9,17-dienal	sirius_structure		0.8576	9	CCCCCCCC/C=C\CCCCCCCC(=O)OC				0.9028	9	CCCC/C=C\CCCCCCCC(=O)O			C18H32O	[M + H]+	octadeca-9,17-dienal	C=CCCCCCCC=CCCCCCCCC=O	0.32	Fatty acids	Fatty aldehydes	Fatty Acyls
14638	734.59	5.690685	[M-H2O+H]1+	True	2.7932839139166603	0.2142530661274936	0.0363751178803903	0.0363751178803903	q_value_perm_plate	True	DGTSA(14:0/16:0); [M+H]+ C40H78N1O7 M+H	analog_library_match							DGTSA(14:0/16:0); [M+H]+ C40H78N1O7 M+H	0.7971	8			PNNL-LIPIDS-POSITIVE	C44H79NO7	[M + H]+		CCCCCCCCCCCCCCCC(=O)OCC(COCCC(C(=O)[O-])[N+](C)(C)C)OC(=O)CCCC=CCCC=CCC=CCCCCC	0.145	Fatty acids	Diacylglycerols	Fatty Acyls
886	518.3666	5.564458	[M+NH3+H]1+	True	2.9666492240980964	0.2459088293979486	0.0363751178803903	0.0363751178803903	q_value_perm_plate	True	6-(3-aminopropyl)-13-(6-ethylnonyl)-3-(propan-2-yl)-1,4,7,10-tetraazacyclotrideca-1,4,7,10-tetraene-2,5,8,11-tetrol	sirius_structure													C28H47N5O4	[M + H]+	6-(3-aminopropyl)-13-(6-ethylnonyl)-3-(propan-2-yl)-1,4,7,10-tetraazacyclotrideca-1,4,7,10-tetraene-2,5,8,11-tetrol	CCCC(CC)CCCCCC1CC(=O)NCC(=O)NC(C(=O)NC(C(=O)N1)C(C)C)CCCN	0.044	Fatty acids	Pyrimidine nucleosides	Carboxylic acids and derivatives
1225	311.2571	5.376	[M+H]1+	True	3.60104169500521	0.2847480528038678	0.0363751178803903	0.0363751178803903	q_value_perm_plate	True	[(2S)-oxiran-2-yl]methyl (Z)-hexadec-9-enoate	sirius_structure								0.8301	6	C=CC(=O)OCCCCCCCCCOC(=O)C=C			C19H34O3	[M + H]+	[(2S)-oxiran-2-yl]methyl (Z)-hexadec-9-enoate	CCCCCCC=CCCCCCCCC(=O)OCC1CO1	0.348	Fatty acids	Monoacylglycerols	Glycerolipids
3073	377.3189	4.988	[M-H2O+H]1+	True	1.1050813786330331	0.5037735919103679	0.0363751178803903	0.0363751178803903	q_value_perm_plate	True	Polanrazine B_120170 ?	exact_library_match	Polanrazine B_120170 ?	0.7241	8	O=C([C@](N1)(SC)CC2=CNC3=C2C=CC=C3)N[C@](C(C)C)(SC)C1=O		GNPS-LIBRARY		0.8203	13	CC(C)CCCC(C)C1CCC2C3C(=O)C=C4CC(O)CCC4(C)C3CCC12C			C28H40	[M + H]+	Ergost-3,5,7,9(11),22-pentaen	CC(C)C(C)C=CC(C)C1CCC2C1(CC=C3C2=CC=C4C3(CCC=C4)C)C	0.873	Terpenoids	Ergostane steroids	Prenol lipids
296	473.3089	5.301	[M-H2O+H]1+	True	3.106959896465761	0.0002552269053657	0.0486585065676117	0.0486585065676117	q_value_perm_plate	True	2-[2-[2-[2-[2-(2-Undecoxyethoxy)ethoxy]ethoxy]ethoxy]ethoxy]acetic acid	sirius_structure													C25H44O8	[M + H]+	2-[2-[2-[2-[2-(2-Undecoxyethoxy)ethoxy]ethoxy]ethoxy]ethoxy]acetic acid	CCCCCCCCCCCOCCOCCOCCOCCOCCOCC(=O)O	0.165	Fatty acids	Fatty acyl glycosides of mono- and disaccharides	Saccharolipids
42161	739.5306	6.295729	[M+H]1+	True	1.9695384070640776	0.0056440821849186	0.0486585065676117	0.0486585065676117	q_value_perm_plate	True	C40H76O10 (formula only)	sirius_formula_only													C40H76O10	[M + Na]+						
5929	650.4348	5.605814	[M+H]1+	True	3.8220392476134	0.0118915161428487	0.0486585065676117	0.0486585065676117	q_value_perm_plate	True	[3-Hexadecanoyloxy-2-(9-oxononanoyloxy)propyl] 2-(trimethylazaniumyl)ethyl phosphate	sirius_structure								0.8093	6	C[N+](C)(C)CCOP(=O)([O-])O			C33H64NO9P	[M + H]+	[3-Hexadecanoyloxy-2-(9-oxononanoyloxy)propyl] 2-(trimethylazaniumyl)ethyl phosphate	CCCCCCCCCCCCCCCC(=O)OCC(COP(=O)(O)OCC[N+](C)(C)C)OC(=O)CCCCCCCC=O	0.388	Fatty acids	Oxidized glycerophospholipids	Glycerophospholipids
2746	613.2959	5.501	[M+K]1+	True	3.7469017756118985	0.0147205282423484	0.0486585065676117	0.0486585065676117	q_value_perm_plate	True	[(6-{3,3b,5,5a,7-pentahydroxy-9a,11a-dimethyl-hexadecahydro-1H-cyclopenta[a]phenanthren-1-yl}-3-ethyl-2-hydroxy-2-methylhept-4-en-1-yl)oxy]sulfonic acid	sirius_structure													C29H50O10S	[M + Na]+	[(6-{3,3b,5,5a,7-pentahydroxy-9a,11a-dimethyl-hexadecahydro-1H-cyclopenta[a]phenanthren-1-yl}-3-ethyl-2-hydroxy-2-methylhept-4-en-1-yl)oxy]sulfonic acid	CCC(C=CC(C)C1CC(C2C1(CCC3C2(CC(C4(C3(CCC(C4)O)C)O)O)O)C)O)C(C)(COS(=O)(=O)O)O	0.117	Polyketides	Ergostane steroids	Steroids and steroid derivatives
2	520.3372	4.951	[M+H]1+	True	-0.6388693426923753	0.0160451332183953	0.0486585065676117	0.0486585065676117	q_value_perm_plate	True	[(2R)-2-hydroxy-3-[(9E,11E)-octadeca-9,11-dienoyl]oxypropyl] 2-(trimethylazaniumyl)ethyl phosphate	sirius_structure							LPC(16:0) M+H	0.7699	8	CCCCCCCCCCCCCCCC(=O)OC(CO)COP(=O)([O-])OCC[N+](C)(C)C		GNPS-LIBRARY	C22H45N7O7	[M + H]+	[(2R)-2-hydroxy-3-[(9E,11E)-octadeca-9,11-dienoyl]oxypropyl] 2-(trimethylazaniumyl)ethyl phosphate	CCCCCCC=CC=CCCCCCCCC(=O)OCC(COP(=O)(O)OCC[N+](C)(C)C)O	0.571	Fatty acids	Glycerophosphocholines	Glycerophospholipids
20	521.3406	4.951	[M+H]1+	True	-0.6108634469128155	0.0169507717247936	0.0486585065676117	0.0486585065676117	q_value_perm_plate	True	Glidobactin	sirius_structure							Spectral Match to 1-(9Z-Octadecenoyl)-sn-glycero-3-phosphocholine from NIST14 M+H	0.8301	13	CCCCCCCC/C=C\CCCCCCCC(=O)OC[C@H](COP(=O)([O-])OCC[N+](C)(C)C)O	InChI=1S/C26H52NO7P/c1-5-6-7-8-9-10-11-12-13-14-15-16-17-18-19-20-26(29)32-23-25(28)24-34-35(30,31)33-22-21-27(2,3)4/h12-13,25,28H,5-11,14-24H2,1-4H3/b13-12-/t25-/m1/s1	GNPS-NIST14-MATCHES	C27H44N4O6	[M + H]+	Glidobactin	CCCCCCCC=CC=CC(=O)NC(C(C)O)C(=O)NC1CC(CCNC(=O)C=CC(NC1=O)C)O	0.092	Fatty acids	Sphingoid bases	Fatty Acyls
246	522.3434	4.951	[M+H]1+	True	-0.7701679960519923	0.0182507135118075	0.0486585065676117	0.0486585065676117	q_value_perm_plate	True	Spectral Match to 1-(9Z-Octadecenoyl)-sn-glycero-3-phosphocholine from NIST14 M+H	exact_library_match	Spectral Match to 1-(9Z-Octadecenoyl)-sn-glycero-3-phosphocholine from NIST14 M+H	0.8241	14	CCCCCCCC/C=C\CCCCCCCC(=O)OC[C@H](COP(=O)([O-])OCC[N+](C)(C)C)O	InChI=1S/C26H52NO7P/c1-5-6-7-8-9-10-11-12-13-14-15-16-17-18-19-20-26(29)32-23-25(28)24-34-35(30,31)33-22-21-27(2,3)4/h12-13,25,28H,5-11,14-24H2,1-4H3/b13-12-/t25-/m1/s1	GNPS-NIST14-MATCHES	Spectral Match to 1-(9Z-Octadecenoyl)-sn-glycero-3-phosphocholine from NIST14 M+H	0.8241	14	CCCCCCCC/C=C\CCCCCCCC(=O)OC[C@H](COP(=O)([O-])OCC[N+](C)(C)C)O	InChI=1S/C26H52NO7P/c1-5-6-7-8-9-10-11-12-13-14-15-16-17-18-19-20-26(29)32-23-25(28)24-34-35(30,31)33-22-21-27(2,3)4/h12-13,25,28H,5-11,14-24H2,1-4H3/b13-12-/t25-/m1/s1	GNPS-NIST14-MATCHES	C24H47N3O9	[M + H]+	2-acetamido-3-hydroxy-N-{1-[(1-hydroxy-2-oxopentadecyl)carbamoyl]-2-methylpropyl}butanamide	CCCCCCCCCCCCCC(=O)C(NC(=O)C(C(C)C)NC(=O)C(C(C)O)NC(=O)C)O	0.108	Fatty acids	Sphingoid bases	Fatty Acyls
540	557.33	5.501	[M-H2O+H]1+	True	3.666814941768867	0.0214616986073344	0.0486585065676117	0.0486585065676117	q_value_perm_plate	True	[(2S)-2-acetyloxy-3-[(2R,3R,4S,5R,6R)-3,4,5-trihydroxy-6-(hydroxymethyl)oxan-2-yl]oxypropyl] hexadecanoate	sirius_structure								0.7216	8	CCCCCC/C=C\CCCCCCCC(=O)OCC(O)CO			C29H48O10	[M + H]+	[(2S)-2-acetyloxy-3-[(2R,3R,4S,5R,6R)-3,4,5-trihydroxy-6-(hydroxymethyl)oxan-2-yl]oxypropyl] hexadecanoate	CCCCCCCCCCCCCCCC(=O)OCC(COC1C(C(C(C(O1)CO)O)O)O)OC(=O)C	0.254	Fatty acids	Fatty acyl glycosides of mono- and disaccharides	Fatty Acyls
35014	413.3397	5.253594	[M-H2O+H]1+	True	-1.7968899477672569	0.0272652041693642	0.0486585065676117	0.0486585065676117	q_value_perm_plate	True	7-Hydroxyergosterol	sirius_structure		0.7302	9	C=C1/C(=C\C=C2/CCC[C@@]3(C)[C@H]2CC[C@@H]3[C@H](C)/C=C/[C@H](C)C(C)C)C[C@@H](O)C[C@@H]1O			(1S,2R,5R,6R,10R,13S,15S)-5-[(2R,3E,5R)-5,6-dimethylhept-3-en-2-yl]-6,10-dimethyl-16,17-dioxapentacyclo[13.2.2.0,?.0,?.0?,?]nonadec-18-en-13-ol [M+H]+	0.8275	12		InChI=1S/C28H44O3/c1-18(2)19(3)7-8-20(4)22-9-10-23-25(22,5)13-12-24-26(6)14-11-21(29)17-27(26)15-16-28(23,24)31-30-27/h7-8,15-16,18-24,29H,9-14,17H2,1-6H3/b8-7+/t19-,20+,21-,22+,23+,24?,25+,26+,27+,28-/m0/s1	MONA	C28H44O2	[M + H]+	7-Hydroxyergosterol	CC(C)C(C)C=CC(C)C1CCC2C1(CCC3C2=C(C=C4C3(CCC(C4)O)C)O)C	0.337	Terpenoids	Ergostane steroids	Prenol lipids
3940	228.1338	0.687	[M+H]1+	True	-1.420989186585882	0.0324327140935236	0.0486585065676117	0.0486585065676117	q_value_perm_plate	True	(2S)-2-amino-N-[2-[(2S)-2-formylpyrrolidin-1-yl]-2-oxoethyl]propanamide	sirius_structure							Candidate Putrescine-C4:0 (delta mass:70.0421) M+H	0.7804	6	CCCC(=O)NCCCCN		GNPS-N-ACYL-LIPIDS-MASSQL	C10H17N3O3	[M + H]+	(2S)-2-amino-N-[2-[(2S)-2-formylpyrrolidin-1-yl]-2-oxoethyl]propanamide	CC(C(=O)NCC(=O)N1CCCC1C=O)N	0.253	Amino acids and Peptides	Dipeptides	Carboxylic acids and derivatives
1449	489.312	5.577	[M+H]1+	True	-1.770536478534398	0.0451014961350584	0.0486585065676117	0.0486585065676117	q_value_perm_plate	True	2,6-Ditert-butyl-4-[2-(3,5-ditert-butyl-4-hydroxyphenyl)prop-1-enyl]phenol	sirius_structure													C24H44N2O8	[M + H]+	2,6-Ditert-butyl-4-[2-(3,5-ditert-butyl-4-hydroxyphenyl)prop-1-enyl]phenol	CC(=CC1=CC(=C(C(=C1)C(C)(C)C)O)C(C)(C)C)C2=CC(=C(C(=C2)C(C)(C)C)O)C(C)(C)C	0.293	Terpenoids	Cannabinoids	Benzene and substituted derivatives
52738	657.5045	6.28025	[M+H]1+	True	1.1347802397511435	0.046147384039562	0.0486585065676117	0.0486585065676117	q_value_perm_plate	True	N'-[(3-{4-[2-(1,3-dihydroxycyclohexyl)ethyl]-9'-(2-hydroxyethylidene)-4',12'-dimethyl-5'-oxaspiro[cyclopentane-1,7'-tricyclo[8.2.0.0⁴,⁶]dodecan]-12'-yl}cyclopentyl)(N'-methylcarbamimidamido)methyl]-N-methylguanidine	sirius_structure													C39H70O6	[M + Na]+	N'-[(3-{4-[2-(1,3-dihydroxycyclohexyl)ethyl]-9'-(2-hydroxyethylidene)-4',12'-dimethyl-5'-oxaspiro[cyclopentane-1,7'-tricyclo[8.2.0.0⁴,⁶]dodecan]-12'-yl}cyclopentyl)(N'-methylcarbamimidamido)methyl]-N-methylguanidine	CC12CCC3C(CC3(C)C4CCC(C4)C(NC(=NC)N)NC(=NC)N)C(=CCO)CC5(C1O2)CCC(C5)CCC6(CCCC(C6)O)O	0.017	Amino acids and Peptides	Cyclic peptides	Carboxylic acids and derivatives
386	498.3124	5.493	[M-H2O+H]1+	True	3.713923165211823	0.0523210656317504	0.0486585065676117	0.0486585065676117	q_value_perm_plate	True		unidentified								0.7377	8	CCCCCC/C=C\CCCCCCCC(=O)OCC										
376	593.3702	5.501	[M+NH3+H]1+	True	6.163596426454193	0.0569041844330032	0.0486585065676117	0.0486585065676117	q_value_perm_plate	True	H-Ala-Arg-Thr-Nle(tBu)-Ala-al	sirius_structure							GalCer(d18:1/18:1); [M+H]+ C42H80N1O8 M+H	0.7284	9			PNNL-LIPIDS-POSITIVE	C32H52N2O8	[M + H]+	H-Ala-Arg-Thr-Nle(tBu)-Ala-al	CC(C=O)NC(=O)C(CCCCC(C)(C)C)NC(=O)C(C(C)O)NC(=O)C(CCCN=C(N)N)NC(=O)C(C)N	0.063	Amino acids and Peptides	Lipopeptides	Carboxylic acids and derivatives
3429	503.3306	4.951	[M-H2O+H]1+	True	-0.7470364141670021	0.0638054657956386	0.0486585065676117	0.0486585065676117	q_value_perm_plate	True	Tridecylhexaethoxylate	sirius_structure								0.8943	12	CCCCC/C=C\C/C=C\CCCCCCCC(=O)OC(CO)COP(=O)([O-])OCC[N+](C)(C)C			C29H44N4O2	[M + Na]+	Tridecylhexaethoxylate	CCCCCCCCCCCCCOCCOCCOCCOCCOCCOCCO	0.088	Polyketides	Open-chain polyketides	Fatty Acyls
6980	235.1073	0.961	[M+H]1+	True	-1.5903972999034228	0.0765167038574813	0.0486585065676117	0.0486585065676117	q_value_perm_plate	True	3-benzyl-6-(hydroxymethyl)piperazine-2,5-dione	sirius_structure								0.8412	7	N=C(N)NCCCC(NC(=O)C(Cc1ccccc1)NC(=O)C(N)CO)C(=O)O			C12H14N2O3	[M + H]+	3-benzyl-6-(hydroxymethyl)piperazine-2,5-dione	C1=CC=C(C=C1)CC2C(=O)NC(C(=O)N2)CO	0.864	Amino acids and Peptides	Dipeptides	Carboxylic acids and derivatives
97	592.3667	5.501	[M+NH3+H]1+	True	4.008914796458858	0.0913369669953668	0.0486585065676117	0.0486585065676117	q_value_perm_plate	True	(E)-3-amino-N-[3-[[2-[[(E)-4-(dimethylamino)but-2-enoyl]amino]acetyl]amino]pentyl]-2-[N'-propyl-N-[1-(2-pyridin-4-ylethylamino)ethenyl]carbamimidoyl]prop-2-enamide	sirius_structure													C28H51N5O7	[M + Na]+	(E)-3-amino-N-[3-[[2-[[(E)-4-(dimethylamino)but-2-enoyl]amino]acetyl]amino]pentyl]-2-[N'-propyl-N-[1-(2-pyridin-4-ylethylamino)ethenyl]carbamimidoyl]prop-2-enamide	CCCN=C(C(=CN)C(=O)NCCC(CC)NC(=O)CNC(=O)C=CCN(C)C)NC(=C)NCCC1=CC=NC=C1	0.043	Amino acids and Peptides	Purine alkaloids	Carboxylic acids and derivatives
126	557.2911	5.224628	[M+Na]1+	True	2.831937372583227	0.1081889394184456	0.0486585065676117	0.0486585065676117	q_value_perm_plate	True	2-{[4-(4-{[3,5-dihydroxy-6-(hydroxymethyl)-4-methyloxan-2-yl]oxy}-2,6,6-trimethylcyclohex-1-en-1-yl)butan-2-yl]oxy}-6-(hydroxymethyl)oxane-3,4,5-triol	sirius_structure							PEFA - D-mannitol-2,3,6-triacetate-3-(acetyloxy)-hexadecanoate  M+Na	0.7071	13			GNPS-LIBRARY	C26H46O11	[M + Na]+	2-{[4-(4-{[3,5-dihydroxy-6-(hydroxymethyl)-4-methyloxan-2-yl]oxy}-2,6,6-trimethylcyclohex-1-en-1-yl)butan-2-yl]oxy}-6-(hydroxymethyl)oxane-3,4,5-triol	CC1C(C(OC(C1O)OC2CC(=C(C(C2)(C)C)CCC(C)OC3C(C(C(C(O3)CO)O)O)O)C)CO)O	0.042	Fatty acids	Fatty acyl glycosides of mono- and disaccharides	Organooxygen compounds
88	497.3089	5.5	[M-H2O+H]1+	True	5.864403556855553	0.1095075203469686	0.0486585065676117	0.0486585065676117	q_value_perm_plate	True	[(1R,2S,3R,4R)-1-(dioxetan-3-yl)-2,3,4,5-tetrahydroxypentyl] (Z)-octadec-9-enoate	sirius_structure								0.7878	10	CCCCCC/C=C/CCCCCCCC(=O)OC			C27H44O8	[M + H]+	[(1R,2S,3R,4R)-1-(dioxetan-3-yl)-2,3,4,5-tetrahydroxypentyl] (Z)-octadec-9-enoate	CCCCCCCCC=CCCCCCCCC(=O)OC(C1COO1)C(C(C(CO)O)O)O	0.749	Fatty acids	Wax monoesters	Organooxygen compounds
2189	597.3225	5.545	[M+H]1+	True	4.451793630636811	0.1116440196368456	0.0486585065676117	0.0486585065676117	q_value_perm_plate	True	[(5S)-5-[[(2S)-2-[[(2S)-2-[[(2S)-2-amino-4-carboxybutanoyl]amino]-3-hydroxypropanoyl]amino]-3-methylbutanoyl]amino]-6-[[(1S,2S)-1-carboxy-2-methylbutyl]amino]-6-oxohexyl]azanium	sirius_structure													C31H48O11	[M + H]+	[(5S)-5-[[(2S)-2-[[(2S)-2-[[(2S)-2-amino-4-carboxybutanoyl]amino]-3-hydroxypropanoyl]amino]-3-methylbutanoyl]amino]-6-[[(1S,2S)-1-carboxy-2-methylbutyl]amino]-6-oxohexyl]azanium	CCC(C)C(C(=O)O)NC(=O)C(CCCCN)NC(=O)C(C(C)C)NC(=O)C(CO)NC(=O)C(CCC(=O)O)N	0.022	Fatty acids	Aminoglycosides	
12759	594.5434	5.89605	[M+H]1+	True	3.2030968622352165	0.1116440196368456	0.0486585065676117	0.0486585065676117	q_value_perm_plate	True	C37H71NO3 (formula only)	sirius_formula_only													C37H71NO3	[M + O + H]+		CCCCCCCCCCCCCCCCCCC(=O)NC(CO)C(C=CCCC=CCCCCCCCCC)O	0.248	Fatty acids	Ceramides	Sphingolipids
925	616.3745	5.544	[M-H2O+H]1+	True	3.6704418349415495	0.121107531580601	0.0486585065676117	0.0486585065676117	q_value_perm_plate	True	Trichodestruxin C	sirius_structure													C30H51N5O7	[M + Na]+	Trichodestruxin C	CC1CCN2C1C(=O)NC(C(=O)N(C(C(=O)N(C(C(=O)NCCC(=O)OC(C2=O)CC(C)C)C)C)C(C)C)C)C(C)C	0.027	Fatty acids	Pyrimidine nucleosides	Organooxygen compounds
43	597.3221	5.501	[M+Na]1+	True	3.74402606703557	0.1720554936748438	0.0486585065676117	0.0486585065676117	q_value_perm_plate	True	4-O-[(4-nonoxy-4-oxobutanoyl)oxymethoxycarbonyloxymethyl] 1-O-nonyl butanedioate	sirius_structure							PEFA - D-mannitol-2,3,6-triacetate-3-(acetyloxy)-hexadecanoate  M+Na	0.7878	13			GNPS-LIBRARY	C29H50O11	[M + Na]+	4-O-[(4-nonoxy-4-oxobutanoyl)oxymethoxycarbonyloxymethyl] 1-O-nonyl butanedioate	CCCCCCCCCOC(=O)CCC(=O)OCOC(=O)OCOC(=O)CCC(=O)OCCCCCCCCC	0.081	Terpenoids	Labdane diterpenoids	
198	497.3089	5.567	[M+K]1+	True	5.707558247459367	0.1818200618578651	0.0486585065676117	0.0486585065676117	q_value_perm_plate	True	[(1R,2S,3R,4R)-1-(dioxetan-3-yl)-2,3,4,5-tetrahydroxypentyl] (Z)-octadec-9-enoate	sirius_structure								0.7793	10	CCCCCC/C=C/CCCCCCCC(=O)OC			C26H44N2O5S	[M + H]+	[(1R,2S,3R,4R)-1-(dioxetan-3-yl)-2,3,4,5-tetrahydroxypentyl] (Z)-octadec-9-enoate	CCCCCCCCC=CCCCCCCCC(=O)OC(C1COO1)C(C(C(CO)O)O)O	0.74	Fatty acids	Wax monoesters	Fatty Acyls
3424	671.3375	5.54364	[M+K]1+	True	3.972520780522525	0.199548717982911	0.0486585065676117	0.0486585065676117	q_value_perm_plate	True	C39H52O7 (formula only)	sirius_formula_only													C39H52O7	[M + K]+						
6626	273.0959	5.571	[M+H]1+	True	2.941598862819025	0.2223216384850215	0.0486585065676117	0.0486585065676117	q_value_perm_plate	True	[(2R,4R)-3,4-diacetyloxy-3,4-dihydro-2H-pyran-2-yl]methyl acetate	sirius_structure								0.9718	10	CC(=O)OC[C@H](OC(C)=O)[C@@H](OC(C)=O)[C@H](OC(C)=O)[C@@H](COC(C)=O)OC(C)=O			C12H16O7	[M + H]+	[(2R,4R)-3,4-diacetyloxy-3,4-dihydro-2H-pyran-2-yl]methyl acetate	CC(=O)OCC1C(C(C=CO1)OC(=O)C)OC(=O)C	0.525	Shikimates and Phenylpropanoids	Shikimic acids and derivatives	Carboxylic acids and derivatives
3410	548.2893	5.261	[M+Na]1+	True	1.6258063625914272	0.2223216384850215	0.0486585065676117	0.0486585065676117	q_value_perm_plate	True	(2S)-2-amino-3-[[(2R)-3-(9,10-ditritiooctadecanoyloxy)-2-hydroxypropoxy]-hydroxyphosphoryl]oxypropanoic acid	sirius_structure								0.7945	8	CCCCC/C=C\C/C=C\CCCCCCCC(=O)OCC(O)COP(=O)([O-])OCC[N+](C)(C)C			C24H48NO9P	[M + Na]+	(2S)-2-amino-3-[[(2R)-3-(9,10-ditritiooctadecanoyloxy)-2-hydroxypropoxy]-hydroxyphosphoryl]oxypropanoic acid	CCCCCCCCCCCCCCCCCC(=O)OCC(COP(=O)(O)OCC(C(=O)O)N)O	0.41	Fatty acids	Glycerophosphocholines	Glycerophospholipids
5318	441.3193	5.564458	[M+H]1+	True	1.5098560277061743	0.2715843982525666	0.0486585065676117	0.0486585065676117	q_value_perm_plate	True	2,3-bis(acetyloxy)propyl octadec-9-enoate	sirius_structure								0.7917	9	CCCCCCCC/C=C\CCCCCCCC(=O)OCC(CO)OC(=O)CCCCCCCCCCCCCCC			C25H44O6	[M + H]+	2,3-bis(acetyloxy)propyl octadec-9-enoate	CCCCCCCCC=CCCCCCCCC(=O)OCC(COC(=O)C)OC(=O)C	0.491	Fatty acids	Monoacylglycerols	Glycerolipids
576	371.2779	5.209269	[M+H]1+	True	0.9985624307530347	0.535693585243527	0.0486585065676117	0.0486585065676117	q_value_perm_plate	True	2,3-dihydroxypropyl 11-hydroxyoctadeca-9,12-dienoate	sirius_structure													C19H40O5	[M + Na]+	2,3-dihydroxypropyl 11-hydroxyoctadeca-9,12-dienoate	CCCCCC=CC(C=CCCCCCCCC(=O)OCC(CO)O)O	0.237	Fatty acids	Fatty alcohols	Fatty Acyls
