ComponentIndex	n_members	max_rho_abs	es	p_maxrho_perm	p_es_perm	p_fdr_max	p_es_fdr	p_maxrho_fdr
1	11	0.2574731882721608	0.8135401353100452	0.002001	0.006001	0.185001	0.4232677594936709	0.1774733076923077
5	14	0.1324038533651491	0.4235963547665377	0.218001	0.48900099999999996	1.0	0.7776802110344827	0.37237800444444447
7	2	0.05145817000027404	0.21966703317408892	0.330001	0.715001	1.0	0.8931702632719394	0.4265595885650224
8	27	0.1767660532334684	0.3882658798827205	0.07000100000000001	0.46900099999999995	1.0	0.7681223764204544	0.3124585992366412
10	9	0.1108037851489048	0.31813853846337053	0.29300099999999996	0.6720010000000001	1.0	0.8682940256983241	0.4089060952955368
17	3	0.11755325429503101	0.37323845025870533	0.056001	0.29000099999999995	1.0	0.6629772173076922	0.29216811312217195
19	23	0.12657171443554438	0.33555578021070115	0.30600099999999997	0.649001	1.0	0.855537845890411	0.41557026266195524
20	43	0.2529054772742759	0.46008913981369054	0.001001	0.221001	0.228001	0.6445714530120482	0.144269125
21	4	0.12634116421681302	0.7042597658671297	0.074001	0.163001	1.0	0.6043091736334405	0.3160116777777778
25	5	0.07004676009235732	0.2791031176791311	0.400001	0.770001	1.0	0.9077823650306749	0.4602805918163673
28	2	0.11253734392554599	0.6279605817343308	0.088001	0.228001	1.0	0.6445714530120482	0.3232746199376947
36	4	0.10810548707608256	0.6078327553985258	0.173001	0.201001	1.0	0.6437615361111112	0.3517992116402116
38	28	0.2009944684582799	0.4343309628159515	0.024001	0.185001	0.979001	0.627371038235294	0.21789884251968505
44	2	0.028948165231127247	0.1541213240944112	0.440001	0.832001	1.0	0.9358996614634147	0.47725414205079963
47	2	0.04923002083448976	0.23662775410635628	0.34400099999999995	0.6740010000000001	1.0	0.8682940256983241	0.43253342748091594
48	2	0.0894357735850104	0.5459110326331719	0.179001	0.28600099999999995	1.0	0.6629772173076922	0.35280026153846156
52	13	0.18046937739810145	0.5235633697765867	0.030001	0.263001	1.0	0.6530501099585062	0.23215538926174495
54	2	0.06687708366122347	0.4535244579302277	0.273001	0.391001	1.0	0.7190177878787879	0.40129779697351825
56	6	0.12468141003044095	0.6005139246814453	0.154001	0.182001	1.0	0.6208495650887574	0.3415512320754717
58	2	0.07340941684907895	0.2880696902899627	0.252001	0.636001	1.0	0.8497209188876015	0.393708879403794
66	3	0.05540980839881461	0.1877721186836411	0.42600099999999996	0.875001	1.0	0.956280713744076	0.47047811590038313
68	2	0.07705643941827389	0.4640678493137383	0.279001	0.42700099999999996	1.0	0.7432718839941262	0.40261345807259075
71	4	0.15827568715214219	0.5949180821931309	0.034001	0.197001	1.0	0.6362525294117648	0.24349784472049693
77	2	0.0716647204014698	0.26217816213807243	0.145001	0.29800099999999996	1.0	0.6629772173076922	0.3415512320754717
84	2	0.10620747779623568	0.5445541494299507	0.10100100000000001	0.259001	1.0	0.6520265349344978	0.3257815872576177
86	2	0.07637722942053653	0.35456150198741543	0.228001	0.500001	1.0	0.7888962928475034	0.3787970504322767
89	2	0.05525771921414112	0.329366869661883	0.331001	0.5330010000000001	1.0	0.80019551171875	0.4267526789297659
94	19	0.15573456659525292	0.3703535180631935	0.125001	0.43600099999999997	1.0	0.7432718839941262	0.331294463800905
100	4	0.1762441586269986	0.6630720096075353	0.017001000000000002	0.142001	1.0	0.5824884186851211	0.21619779464285718
101	2	0.10554272580745439	0.469259138074894	0.109001	0.36700099999999997	1.0	0.7036569701492537	0.331294463800905
103	2	0.05373446892501613	0.32079572090699454	0.329001	0.581001	1.0	0.8193493931623932	0.42622264382022473
106	2	0.06971389995956809	0.3398202499479912	0.262001	0.5530010000000001	1.0	0.8104540493046777	0.39643983333333327
108	2	0.023749292035418552	0.10541706864461586	0.438001	0.880001	1.0	0.9592012776203968	0.4770670622054666
114	2	0.06039123601774032	0.31907963632314673	0.29800099999999996	0.5550010000000001	1.0	0.8104540493046777	0.41090363885578063
129	2	0.0746434643883211	0.323063256004379	0.230001	0.572001	1.0	0.8180755908529048	0.38047511190817795
132	2	0.09519644798781199	0.6261429380468392	0.148001	0.212001	1.0	0.6441534515306122	0.3415512320754717
135	6	0.1395198769941822	0.7132369496629885	0.094001	0.080001	1.0	0.5301215689655172	0.3246987155172414
138	2	0.11673310947710924	0.6244092728787481	0.074001	0.220001	1.0	0.6445714530120482	0.3160116777777778
147	10	0.13602764759890829	0.4099286627971545	0.173001	0.41100099999999995	1.0	0.7358449580745341	0.3517992116402116
160	2	0.1186781658193853	0.6867614724631739	0.038001	0.153001	1.0	0.58991080730897	0.24894973295454545
169	2	0.024350115008447706	0.07251070580269829	0.457001	0.950001	1.0	0.9917059142599277	0.48760401939058173
171	7	0.15864314392879006	0.39227795555027883	0.055001	0.271001	1.0	0.6530501099585062	0.29216811312217195
172	2	0.10306238389125125	0.4352752437126281	0.068001	0.136001	1.0	0.5824884186851211	0.3124585992366412
182	12	0.20355498312920944	0.8252695356011888	0.018001	0.006001	0.965001	0.4232677594936709	0.21619779464285718
184	2	0.017428362729278273	0.04823121128922377	0.42000099999999996	0.8060010000000001	1.0	0.9189932541871921	0.4674335453667953
203	2	0.017452513412988938	0.07384578210022129	0.48900099999999996	0.962001	1.0	0.9940377376902417	0.5029599937555753
277	6	0.1630316640071134	0.5753131611634053	0.037001	0.10100100000000001	1.0	0.5600340619047619	0.24378373142857143
278	2	0.10079056112585374	0.7338113700182993	0.11700100000000001	0.136001	1.0	0.5824884186851211	0.331294463800905
282	3	0.11903314940690345	0.6970017432302847	0.075001	0.128001	1.0	0.5787303204633204	0.3191001955719557
292	4	0.10179308885594712	0.3952963883271276	0.207001	0.47500099999999995	1.0	0.773553888418079	0.36946153715170277
297	32	0.1603328504674785	0.4313519790733919	0.169001	0.30100099999999996	1.0	0.664698046641791	0.3504643039568346
300	3	0.0761352616795653	0.37344190430797514	0.325001	0.574001	1.0	0.8180755908529048	0.42485958390022677
322	2	0.18777513983533042	1.1073100204200317	0.005001	0.006001	0.999001	0.4232677594936709	0.18600493548387098
348	7	0.14008687734022846	0.5504230620184589	0.107001	0.225001	1.0	0.6445714530120482	0.3298720668449198
349	73	0.18464031293523753	0.42558141551389667	0.109001	0.235001	0.999001	0.6489003558139534	0.331294463800905
350	13	0.12251880311971822	0.43873330605006267	0.256001	0.43300099999999997	1.0	0.7432718839941262	0.39457011051930757
351	3	0.12055445730201428	0.762559018952472	0.103001	0.090001	1.0	0.5522323842105263	0.327162955922865
352	3	0.16306560340181483	0.7070262513367321	0.014001	0.050001000000000004	1.0	0.49282381451612906	0.21619779464285718
353	2	0.09604766464087824	0.4105229451340217	0.155001	0.449001	1.0	0.7535635414847162	0.3415512320754717
354	4	0.03516090039865148	0.06638375712285785	0.47200099999999995	0.981001	1.0	1.0	0.4947428663636363
355	2	0.10134177705903381	0.4294690387356415	0.130001	0.43300099999999997	1.0	0.7432718839941262	0.3348256615720524
356	2	0.10967887362455044	0.48575797227767376	0.082001	0.395001	1.0	0.7240638362480127	0.3226865290102389
357	3	0.06959760537645243	0.20041941365336624	0.257001	0.587001	1.0	0.8223719963547995	0.39457011051930757
363	2	0.06942646926148738	0.33827078674585365	0.274001	0.5530010000000001	1.0	0.8104540493046777	0.40129779697351825
365	2	0.10672273776066662	0.4579865583609268	0.054001	0.115001	1.0	0.5690822017167382	0.28959606046511627
366	2	0.06828211868634695	0.47251412365912593	0.266001	0.35600099999999996	1.0	0.6976153831932772	0.3983105883116883
367	2	0.007536885668607725	0.01973370543455787	0.446001	0.893001	1.0	0.9667888760563381	0.48104691580916736
368	2	0.12338077407402448	0.6671650514557673	0.062001	0.209001	1.0	0.6441534515306122	0.3068118154506438
370	31	0.13273668659547372	0.45536936868027084	0.35500099999999996	0.240001	1.0	0.6489003558139534	0.43683687620064027
373	2	0.15145279887218052	0.7806314462349004	0.011000999999999999	0.022001	1.0	0.4232677594936709	0.21140254999999997
381	2	0.0903778075217197	0.4077734332931334	0.158001	0.439001	1.0	0.7432718839941262	0.3430793841807909
390	2	0.09955466990536113	0.7792318686352078	0.146001	0.104001	1.0	0.5607825136363637	0.3415512320754717
392	2	0.11393126366667121	0.7681432249466282	0.087001	0.128001	1.0	0.5787303204633204	0.3232746199376947
425	24	0.15500311672237668	0.45267528296517634	0.138001	0.231001	1.0	0.6445714530120482	0.33926471855010665
426	2	0.09641520769074789	0.7465540085688923	0.144001	0.130001	1.0	0.5787303204633204	0.3415512320754717
427	4	0.11014757552702945	0.5101314303966499	0.154001	0.29000099999999995	1.0	0.6629772173076922	0.3415512320754717
428	2	0.018053848215403057	0.06626798677677437	0.520001	0.963001	1.0	0.9940377376902417	0.524091916958042
429	4	0.05629808396876375	0.1806695746129644	0.42000099999999996	0.8050010000000001	1.0	0.9189932541871921	0.4674335453667953
436	3	0.08528034881919613	0.34246965552293807	0.247001	0.565001	1.0	0.8153268498122652	0.3917361114167813
441	2	0.0072494341889664205	0.018950156625315902	0.437001	0.903001	1.0	0.9677163939393941	0.4770670622054666
444	8	0.1517667577518226	0.5924289679985637	0.082001	0.176001	1.0	0.6208495650887574	0.3226865290102389
464	3	0.11925606963615024	0.4046161902490484	0.11700100000000001	0.48600099999999996	1.0	0.7776802110344827	0.331294463800905
499	51	0.2269591797408793	0.5429366490368478	0.017001000000000002	0.128001	0.653001	0.5787303204633204	0.21619779464285718
503	17	0.14745225493507627	0.5421069302373991	0.148001	0.162001	1.0	0.6025392032258065	0.3415512320754717
504	2	0.02453878246943654	0.08144214029810994	0.457001	0.942001	1.0	0.9882867634212922	0.48760401939058173
506	4	0.05091211270886323	0.17703590392433516	0.327001	0.602001	1.0	0.8276906583333333	0.42602503163841804
512	2	0.02886880263629737	0.1086707314847718	0.462001	0.9130010000000001	1.0	0.9677163939393941	0.4891525739210285
513	3	0.011781551884294958	0.02326106086334535	0.503001	0.992001	1.0	1.0	0.5091836286215979
515	2	0.08255896384929001	0.5411967654582245	0.170001	0.272001	1.0	0.6530501099585062	0.3512744677419355
516	2	0.005308612704587289	0.026984003872209186	0.49200099999999997	0.995001	1.0	1.0	0.5030355336283185
518	3	0.09044412230334525	0.5776032238998366	0.228001	0.251001	1.0	0.6520265349344978	0.3787970504322767
521	5	0.12815626731797986	0.40880736810626095	0.118001	0.314001	1.0	0.6729426635687732	0.331294463800905
522	5	0.12763966432953436	0.7816704579260978	0.131001	0.068001	1.0	0.510830082278481	0.3348256615720524
526	17	0.13663237662041594	0.3612763884226831	0.17100100000000001	0.318001	1.0	0.6764855221402213	0.3514512531194296
529	32	0.26140897056875856	0.546829009640573	0.002001	0.042001000000000004	0.149001	0.4633659158878505	0.1774733076923077
532	27	0.15000439042560276	0.4377311435673491	0.185001	0.193001	1.0	0.6321879346590908	0.3578962298657718
557	2	0.09955466990536113	0.46485593494622335	0.149001	0.43000099999999997	1.0	0.7432718839941262	0.3415512320754717
566	2	0.062022882230599895	0.23414199274639538	0.316001	0.745001	1.0	0.8987869937304076	0.42024123760092275
572	29	0.20281382725880126	0.5676910040164777	0.029001000000000002	0.143001	0.969001	0.5824884186851211	0.2290284452054795
573	2	0.054851373030426184	0.2021829624911004	0.35000099999999995	0.7860010000000001	1.0	0.9159572385229543	0.4343930602798708
574	6	0.06884276770699364	0.24200527311190348	0.446001	0.849001	1.0	0.9421541414821945	0.48104691580916736
576	3	0.24125653500723557	1.6969431418435148	1e-06	1e-06	0.400001	0.0005765	0.0003843333333333333
578	3	0.1557154785999373	0.973675741266503	0.020001	0.035001000000000004	1.0	0.4534399213483147	0.21619779464285718
579	3	0.11571723432856781	0.6492586228923957	0.124001	0.197001	1.0	0.6362525294117648	0.331294463800905
580	2	0.09800207921785434	0.418465215648912	0.142001	0.43300099999999997	1.0	0.7432718839941262	0.3403890914760915
581	8	0.1427040288768289	0.4904751202966413	0.086001	0.121001	1.0	0.5765047254098361	0.322993983713355
583	2	0.03302840815454744	0.19407035598249767	0.42600099999999996	0.7870010000000001	1.0	0.9159572385229543	0.47047811590038313
584	4	0.1005966047559613	0.40083979797738906	0.218001	0.48000099999999996	1.0	0.7773049901685393	0.37237800444444447
585	3	0.1590628573763132	0.8915674569665275	0.021001000000000002	0.049001	1.0	0.49282381451612906	0.21619779464285718
586	3	0.03695624520619201	0.07574957096765621	0.316001	0.628001	1.0	0.8442819010477299	0.42024123760092275
588	4	0.04617398458292654	0.08668127700692105	0.383001	0.814001	1.0	0.9219480874263262	0.4492371851475076
589	3	0.031682898967623135	0.06912162455948455	0.47100099999999995	0.9200010000000001	1.0	0.9722833666361137	0.494593946265938
590	2	0.11259488546728191	0.713490061008952	0.081001	0.152001	1.0	0.5881112516778523	0.3226865290102389
592	9	0.1186781658193853	0.3902727704679829	0.224001	0.43300099999999997	1.0	0.7432718839941262	0.3748521814223512
594	2	0.05810710393064954	0.22156012467667163	0.334001	0.730001	1.0	0.8952861790254237	0.4288453819599109
595	2	0.01668765975036749	0.052728483662269426	0.49400099999999997	0.973001	1.0	0.9963322850799289	0.5031653295053002
597	7	0.12229956687275581	0.5429662649862552	0.176001	0.241001	1.0	0.6489003558139534	0.352473493955095
598	5	0.11604967718866549	0.5047101351815902	0.17100100000000001	0.29600099999999996	1.0	0.6629772173076922	0.3514512531194296
600	5	0.09626478702073919	0.2798870847754883	0.264001	0.619001	1.0	0.8376856255868544	0.39732919765929775
602	2	0.050154076122670005	0.26653100049989453	0.36600099999999997	0.6800010000000001	1.0	0.8721258654060068	0.4414217081589958
604	2	0.055775048654683565	0.3471872318806183	0.329001	0.503001	1.0	0.7888962928475034	0.42622264382022473
606	3	0.09393011228358933	0.30208719248094656	0.212001	0.690001	1.0	0.8800565851769911	0.3711611818181818
608	3	0.12426773933232027	0.546485846788782	0.072001	0.272001	1.0	0.6530501099585062	0.3132722754716981
610	3	0.1628153876113439	1.0711884728769012	0.024001	0.027001	1.0	0.4232677594936709	0.21789884251968505
611	2	0.009900939517277583	0.031475835448022044	0.49000099999999996	0.988001	1.0	1.0	0.5030355336283185
612	3	0.08754007028157271	0.46506174705287234	0.257001	0.401001	1.0	0.7287848317610063	0.39457011051930757
614	2	0.07295965130635867	0.39763381201919257	0.271001	0.47200099999999995	1.0	0.7697555205091937	0.40008214212548016
616	2	0.08201269408121688	0.5923815731700173	0.182001	0.251001	1.0	0.6520265349344978	0.35581813322091066
624	3	0.14345413108925498	0.6835535477397888	0.046001	0.14000100000000001	1.0	0.5824884186851211	0.270960765
637	2	0.10907904729638673	0.8493837849651148	0.102001	0.095001	1.0	0.5560210812182741	0.3257815872576177
638	4	0.12380619011102253	0.6154365447470911	0.090001	0.176001	1.0	0.6208495650887574	0.3232746199376947
641	2	0.15604312173743295	1.2241134186467741	0.024001	0.026001	1.0	0.4232677594936709	0.21789884251968505
655	4	0.019866848176443186	0.052697113308734514	0.49100099999999997	0.981001	1.0	1.0	0.5030355336283185
661	2	0.04769437513932742	0.23696791446629378	0.387001	0.728001	1.0	0.8952861790254237	0.45117507886754293
675	2	0.10982280888006182	0.6371190833356272	0.122001	0.230001	1.0	0.6445714530120482	0.331294463800905
718	2	0.017496670177014756	0.04843853529595951	0.37300099999999997	0.8040010000000001	1.0	0.9189932541871921	0.44593914477766283
728	3	0.17213880503082962	1.2704071995006574	0.015000999999999999	0.007001	1.0	0.4232677594936709	0.21619779464285718
730	2	0.05128661358442956	0.20676362722711816	0.35700099999999996	0.767001	1.0	0.9070278492307692	0.4374305557917109
732	2	0.15864516804547577	0.9563596293455945	0.024001	0.080001	1.0	0.5301215689655172	0.21789884251968505
735	30	0.21135198924927556	0.47731991959502473	0.011000999999999999	0.115001	0.904001	0.5690822017167382	0.21140254999999997
742	54	0.19057238640897317	0.5761296094045163	0.07000100000000001	0.041001	0.997001	0.4633659158878505	0.3124585992366412
746	4	0.13849377762356221	0.7712063445476798	0.056001	0.081001	1.0	0.5306485965909091	0.29216811312217195
749	2	0.0613894771147294	0.41788755508476794	0.198001	0.36600099999999997	1.0	0.7033319216666666	0.3658576169871795
752	3	0.1517923263280092	0.6245552858925315	0.019001	0.074001	1.0	0.5178212754491018	0.21619779464285718
754	13	0.1427057840072082	0.2869487026168262	0.137001	0.707001	1.0	0.8908985278688525	0.33824872162740904
760	3	0.07681427921908633	0.33931016347872284	0.29100099999999995	0.585001	1.0	0.8205670961070559	0.4089060952955368
762	2	0.040725173945635	0.12770195120111888	0.30600099999999997	0.578001	1.0	0.8191265680981595	0.41557026266195524
767	2	0.16062987960851038	0.9868193176934819	0.017001000000000002	0.059001	1.0	0.510830082278481	0.21619779464285718
777	9	0.11873219245390429	0.4789324583432413	0.223001	0.30300099999999996	1.0	0.664698046641791	0.37481071865889215
778	2	0.09168028923488061	0.48276415620581065	0.221001	0.41000099999999995	1.0	0.7351961944012441	0.37253531140350876
779	2	0.04310869239401356	0.17424841595653212	0.388001	0.7900010000000001	1.0	0.9159572385229543	0.45142800504540864
781	6	0.17669104915547934	0.6405408767686974	0.013000999999999999	0.148001	1.0	0.5844012089041096	0.21414504285714284
783	2	0.0	0.0	1.0	1.0	1.0	1.0	1.0
785	2	0.05939006634978737	0.2217550356222283	0.317001	0.732001	1.0	0.8952861790254237	0.4206008665132336
787	2	0.020508784369221565	0.07117307462410223	0.47600099999999995	0.954001	1.0	0.9918513552750224	0.4953331705776172
788	2	0.050741768788113636	0.1772693553079158	0.321001	0.742001	1.0	0.8977199926547745	0.42189449204545454
814	2	0.012897516434437987	0.04276301322609735	0.49800099999999997	0.971001	1.0	0.9951681360000001	0.5050089296394019
816	4	0.08260265173572495	0.30220174832246316	0.264001	0.454001	1.0	0.759743328011611	0.39732919765929775
818	2	0.1622896786021289	0.932133359859907	0.018001	0.075001	1.0	0.5178212754491018	0.21619779464285718
821	7	0.0778130285783376	0.18108505497095143	0.378001	0.844001	1.0	0.9421541414821945	0.44839007510288065
830	2	0.09167713065480429	0.36806258851873197	0.086001	0.177001	1.0	0.6208495650887574	0.322993983713355
831	2	0.11653874448011373	0.9336044715165348	0.082001	0.097001	1.0	0.5564286218905473	0.3226865290102389
849	4	0.1309159783224701	1.00581453494966	0.105001	0.014001	1.0	0.4232677594936709	0.3272058189189189
850	4	0.09653818309497456	0.3702182771085714	0.244001	0.5520010000000001	1.0	0.8104540493046777	0.3907139045643154
851	3	0.13437398062703323	0.44840073372326567	0.058001000000000004	0.206001	1.0	0.6441534515306122	0.3012394279279279
858	5	0.08776816025144508	0.26880334759033647	0.29200099999999996	0.629001	1.0	0.8442819010477299	0.4089060952955368
866	2	0.1914921469728758	1.2362288619086987	0.004001	0.021001000000000002	0.997001	0.4232677594936709	0.18452612
874	24	0.15230702097119983	0.4606798688983548	0.174001	0.30200099999999996	1.0	0.664698046641791	0.352473493955095
878	5	0.10042409077413356	0.2801866219089516	0.235001	0.739001	1.0	0.8969138452631579	0.3848808991477272
879	5	0.19562213787681149	0.9722819196498435	0.007001	0.011000999999999999	0.990001	0.4232677594936709	0.20966256818181817
881	5	0.14338326788169364	0.7385008561755989	0.062001	0.029001000000000002	1.0	0.4232677594936709	0.3068118154506438
882	2	0.05544195256897524	0.30890222441814064	0.331001	0.597001	1.0	0.8273343185096154	0.4267526789297659
884	2	0.09617993533229807	0.7621096042117951	0.178001	0.071001	1.0	0.5116509562499999	0.35280026153846156
887	46	0.17290854931286187	0.43111195307152467	0.116001	0.219001	1.0	0.6441534515306122	0.331294463800905
888	3	0.1049992416328306	0.5890456238349372	0.183001	0.219001	1.0	0.6441534515306122	0.35581813322091066
890	2	0.11184248039108621	0.9549507961614425	0.096001	0.051001	1.0	0.49282381451612906	0.3246987155172414
891	3	0.09624298851531807	0.45574665284335714	0.142001	0.180001	1.0	0.6208495650887574	0.3403890914760915
893	2	0.17715076771450122	1.8433211972698944	0.008001	0.004001	1.0	0.4193775454545455	0.20966256818181817
899	18	0.22499093377206758	0.6495415719709954	0.004001	0.043001	0.697001	0.4633659158878505	0.18452612
900	2	0.11263672416742647	0.602720992609129	0.077001	0.218001	1.0	0.6441534515306122	0.3218662650176678
913	44	0.1756439211819087	0.4894743224162952	0.11700100000000001	0.156001	1.0	0.5955932218543046	0.331294463800905
914	9	0.10628809070105152	0.3391466463823567	0.31000099999999997	0.6600010000000001	1.0	0.8627904229024944	0.417443717112922
915	3	0.060286990476576485	0.38959714133099527	0.396001	0.48800099999999996	1.0	0.7776802110344827	0.4579630421263791
916	26	0.19083599678240273	0.6734707399555712	0.029001000000000002	0.027001	0.997001	0.4232677594936709	0.2290284452054795
917	47	0.17821571982388223	0.3447129885116714	0.096001	0.5600010000000001	1.0	0.8111572273869349	0.3246987155172414
918	47	0.19951874918142026	0.5670571424003078	0.054001	0.069001	0.983001	0.510830082278481	0.28959606046511627
919	9	0.10668427276502929	0.47331675508932886	0.30400099999999997	0.34700099999999995	1.0	0.6958124399999999	0.41529994431279615
920	2	0.10273207161419717	0.7198751298195588	0.127001	0.151001	1.0	0.5881112516778523	0.331294463800905
921	5	0.1028025759681106	0.4552168398050315	0.209001	0.232001	1.0	0.6445714530120482	0.37016613364055295
923	2	0.17041605735777798	1.0242804708637745	0.009000999999999999	0.049001	1.0	0.49282381451612906	0.21140254999999997
924	5	0.10192100152498107	0.5231635070381211	0.256001	0.28800099999999995	1.0	0.6629772173076922	0.39457011051930757
926	4	0.18797300735117675	0.9594692414640724	0.008001	0.017001000000000002	0.998001	0.4232677594936709	0.20966256818181817
929	5	0.11159166390635684	0.2795326103089037	0.204001	0.772001	1.0	0.9082828091836735	0.36925141758241753
930	2	0.04645295554983815	0.16419921147795163	0.383001	0.827001	1.0	0.9311837431640625	0.4492371851475076
932	6	0.06348897507495278	0.12977960105986994	0.458001	0.970001	1.0	0.9951681360000001	0.48760401939058173
934	2	0.11648133874611893	0.8179422662197495	0.100001	0.122001	1.0	0.5765047254098361	0.32570947175141246
935	9	0.10762731322666813	0.37243002963173016	0.28600099999999995	0.375001	1.0	0.7086750455284552	0.4075272820197044
937	2	0.10547275843740629	0.47358760322694726	0.127001	0.36800099999999997	1.0	0.7036569701492537	0.331294463800905
940	4	0.14252299212307754	0.9013047116860275	0.061001	0.040001	1.0	0.4633659158878505	0.3068118154506438
946	7	0.09683884588056743	0.2897818599313763	0.29300099999999996	0.48400099999999996	1.0	0.7776802110344827	0.4089060952955368
949	2	0.058836411253064796	0.20223937389321464	0.20300100000000001	0.42000099999999996	1.0	0.7415944150076569	0.36801910849056607
963	6	0.09629304036685463	0.26098788193059036	0.30300099999999996	0.702001	1.0	0.8893502768052517	0.41491704631828974
964	3	0.1108037851489048	0.5495139039498625	0.094001	0.090001	1.0	0.5522323842105263	0.3246987155172414
965	2	0.0836531304432155	0.3439084414856854	0.190001	0.524001	1.0	0.7970622071240107	0.3603143963815789
972	2	0.1409499994815982	1.12526518005943	0.037001	0.035001000000000004	1.0	0.4534399213483147	0.24378373142857143
976	2	0.17466579660376813	1.0213226056631617	0.010001	0.062001	1.0	0.510830082278481	0.21140254999999997
977	2	0.01834177097402379	0.0510156836302944	0.382001	0.7910010000000001	1.0	0.9159572385229543	0.4489777298674822
985	39	0.1512868167135003	0.3666699275445609	0.215001	0.37100099999999997	1.0	0.7070481867768594	0.3711611818181818
986	5	0.11900850883295558	0.617658344140531	0.096001	0.143001	1.0	0.5824884186851211	0.3246987155172414
987	3	0.08414506073356032	0.38478534445583623	0.219001	0.277001	1.0	0.6571649238683127	0.3724833377386197
988	17	0.13066991774486675	0.4050850493573789	0.240001	0.28700099999999995	1.0	0.6629772173076922	0.38865330477528093
994	24	0.21704123381408136	0.8246485065880046	0.011000999999999999	0.004001	0.821001	0.4193775454545455	0.21140254999999997
1007	15	0.17812396094685107	0.418425593949936	0.051001	0.325001	1.0	0.6788517264492753	0.2855102523809524
1008	3	0.09328177678812144	0.2812383920051589	0.153001	0.41200099999999995	1.0	0.7359971452859351	0.3415512320754717
1015	2	0.07801891002244044	0.4909684432254017	0.223001	0.35500099999999996	1.0	0.6976153831932772	0.37481071865889215
1020	4	0.0861043476487525	0.33736053975273284	0.245001	0.521001	1.0	0.7967031206896552	0.3907139045643154
1023	2	0.11727403538391348	0.5399170721643172	0.092001	0.317001	1.0	0.675604719038817	0.3246987155172414
1025	2	0.08778913511290315	0.5105869551692062	0.175001	0.29700099999999996	1.0	0.6629772173076922	0.352473493955095
1033	2	0.09962556344955181	0.431337245450099	0.14000100000000001	0.389001	1.0	0.7187790913461538	0.3403890914760915
1034	24	0.19567828470157608	0.5533372645199366	0.026001	0.094001	0.990001	0.555811041025641	0.2220678
1035	13	0.14446391088990146	0.47985146592789235	0.155001	0.154001	1.0	0.58991080730897	0.3415512320754717
1036	6	0.127363843258064	0.45378272888973736	0.11700100000000001	0.254001	1.0	0.6520265349344978	0.331294463800905
1037	2	0.061389929199645574	0.33440096734068314	0.327001	0.5450010000000001	1.0	0.8091762892030849	0.42602503163841804
1038	4	0.15156949729958138	0.9356660650005892	0.051001	0.024001	1.0	0.4232677594936709	0.2855102523809524
1040	26	0.19679260310328406	0.5067143050559819	0.031001	0.122001	0.988001	0.5765047254098361	0.23362191503267973
1052	5	0.10846947013386768	0.41897279127652326	0.179001	0.29900099999999996	1.0	0.6629772173076922	0.35280026153846156
1053	2	0.09280926294615725	0.7375027503212157	0.154001	0.146001	1.0	0.5824884186851211	0.3415512320754717
1059	4	0.06691505530900173	0.33170505148710816	0.36400099999999996	0.593001	1.0	0.8269424223826715	0.44039155613850994
1060	8	0.1276863418073675	0.4026905373736316	0.163001	0.254001	1.0	0.6520265349344978	0.34547822242647064
1062	2	0.0769177381478923	0.32851931616347874	0.227001	0.5360010000000001	1.0	0.8036529947984395	0.3787970504322767
1065	22	0.10803621694397812	0.2616898373978278	0.399001	0.746001	1.0	0.8987869937304076	0.460048153
1066	20	0.12522039233241702	0.2981271616203661	0.28700099999999995	0.733001	1.0	0.8952861790254237	0.4075272820197044
1068	28	0.23648815739943863	0.7073130490811675	0.002001	0.013000999999999999	0.48400099999999996	0.4232677594936709	0.1774733076923077
1069	3	0.10425054443974904	0.5130013491493557	0.176001	0.29900099999999996	1.0	0.6629772173076922	0.352473493955095
1075	8	0.14988053842544902	0.5856676352402663	0.080001	0.201001	1.0	0.6437615361111112	0.3226865290102389
1077	6	0.08673320559114212	0.34212481427747	0.31000099999999997	0.48900099999999996	1.0	0.7776802110344827	0.417443717112922
1085	2	0.09442148734308742	0.5137636181757834	0.146001	0.30800099999999997	1.0	0.664698046641791	0.3415512320754717
1089	3	0.08459016641204647	0.2264379269385829	0.193001	0.523001	1.0	0.7970622071240107	0.36183764715447153
1093	8	0.10698706350009357	0.3383634403017258	0.265001	0.406001	1.0	0.7302950904836194	0.39732919765929775
1096	7	0.13867758771277672	0.6336180304404787	0.091001	0.129001	1.0	0.5787303204633204	0.3246987155172414
1109	30	0.1401462483250313	0.541158780675357	0.256001	0.130001	1.0	0.5787303204633204	0.39457011051930757
1110	27	0.17711617104936694	0.385349240858644	0.072001	0.530001	1.0	0.7992743511749348	0.3132722754716981
1111	13	0.13976809730181317	0.3634147995167299	0.159001	0.43600099999999997	1.0	0.7432718839941262	0.3446017913533835
1112	2	0.07503944697486122	0.4153431585133534	0.151001	0.342001	1.0	0.6918020228070175	0.3415512320754717
1113	2	0.09167275141996399	0.6562404319251849	0.184001	0.211001	1.0	0.6441534515306122	0.35716019023569023
1120	8	0.15164363850981316	0.34930686790706356	0.067001	0.384001	1.0	0.7141179887096774	0.3124585992366412
1125	2	0.1108037851489048	0.48394909092329	0.035001000000000004	0.07000100000000001	1.0	0.510830082278481	0.24378373142857143
1147	28	0.20165202624901707	0.49389959382700555	0.017001000000000002	0.142001	0.975001	0.5824884186851211	0.21619779464285718
1148	3	0.13239789267663565	0.6233005044718524	0.082001	0.191001	1.0	0.6307041396011397	0.3226865290102389
1149	2	0.07971356404886126	0.5061419192359907	0.254001	0.36000099999999996	1.0	0.6976153831932772	0.39457011051930757
1151	13	0.208488194915325	0.6737911079152018	0.005001	0.057001	0.9310010000000001	0.510830082278481	0.18600493548387098
1162	10	0.1474732339508214	0.4220059829724068	0.079001	0.248001	1.0	0.6520265349344978	0.3218662650176678
1163	10	0.11514112373236052	0.5349532302880584	0.267001	0.173001	1.0	0.6208495650887574	0.39923146382428937
1167	4	0.08389620563405467	0.1719475192678061	0.211001	0.5310010000000001	1.0	0.7992743511749348	0.3711611818181818
1173	3	0.10553129944804954	0.47610381543632063	0.155001	0.341001	1.0	0.6918020228070175	0.3415512320754717
1176	2	0.031064823172941042	0.10603482557420521	0.40900099999999995	0.9120010000000001	1.0	0.9677163939393941	0.4636953323500491
1179	7	0.10967200358508593	0.40324540530723346	0.219001	0.240001	1.0	0.6489003558139534	0.3724833377386197
1180	4	0.09653863447158857	0.4825240812591353	0.256001	0.340001	1.0	0.6918020228070175	0.39457011051930757
1182	6	0.11888271256721068	0.5456938607870313	0.150001	0.051001	1.0	0.49282381451612906	0.3415512320754717
1185	81	0.16665554129337187	0.3989169192221906	0.215001	0.41700099999999996	1.0	0.7396956199999999	0.3711611818181818
1186	4	0.10422006239349718	0.37863194964319224	0.168001	0.35000099999999995	1.0	0.6969795388601036	0.3502805660036167
1188	3	0.15024030580901226	0.9403761469416714	0.023001	0.004001	1.0	0.4193775454545455	0.21789884251968505
1189	3	0.12447500731378047	0.3839446779924181	0.045001	0.092001	1.0	0.552485171875	0.270960765
1190	2	0.03994300650770422	0.12474062828274202	0.277001	0.5560010000000001	1.0	0.8104540493046777	0.4022445251889169
1191	3	0.0710952932922084	0.21827478416600796	0.30900099999999997	0.7960010000000001	1.0	0.9159572385229543	0.417443717112922
1192	3	0.08463430123139332	0.2759379216193623	0.216001	0.48400099999999996	1.0	0.7776802110344827	0.3711611818181818
1197	9	0.1108037851489048	0.3605268309510444	0.261001	0.501001	1.0	0.7888962928475034	0.39643983333333327
1198	2	0.07062807802993923	0.49470149285546844	0.271001	0.328001	1.0	0.6831079946140036	0.40008214212548016
1199	2	0.044711150779868085	0.25989657885863526	0.382001	0.653001	1.0	0.8565530750853242	0.4489777298674822
1200	5	0.10950474374459222	0.42858524031553796	0.193001	0.43000099999999997	1.0	0.7432718839941262	0.36183764715447153
1201	3	0.11489139050058914	0.8990029060185272	0.121001	0.084001	1.0	0.5351002928176796	0.331294463800905
1202	28	0.1070799965496079	0.3171086067938586	0.42800099999999996	0.714001	1.0	0.8931702632719394	0.47178312906309744
1203	6	0.17343595420937985	0.4710910262817059	0.029001000000000002	0.230001	1.0	0.6445714530120482	0.2290284452054795
1204	2	0.03298523526699494	0.1323682184291445	0.402001	0.7950010000000001	1.0	0.9159572385229543	0.4609723740079365
1205	5	0.10650180855986152	0.540860435715744	0.209001	0.121001	1.0	0.5765047254098361	0.37016613364055295
1207	7	0.12370464730149541	0.37551481781396523	0.135001	0.383001	1.0	0.71340897092084	0.3369180800865801
1214	6	0.15474309422897448	0.49912930530172245	0.035001000000000004	0.077001	1.0	0.5253381834319527	0.24378373142857143
1217	2	0.10047065906122596	0.6379530921173845	0.149001	0.214001	1.0	0.6441534515306122	0.3415512320754717
1218	2	0.1108037851489048	0.5969431191847285	0.086001	0.229001	1.0	0.6445714530120482	0.322993983713355
1222	5	0.19097507221416082	0.7911204212864511	0.006001	0.040001	0.997001	0.4633659158878505	0.20350450000000003
1223	8	0.1374896802928261	0.38721018212599134	0.080001	0.29100099999999995	1.0	0.6629772173076922	0.3226865290102389
1227	2	0.02050009320944972	0.09948383863026752	0.49000099999999996	0.9140010000000001	1.0	0.9677163939393941	0.5030355336283185
1228	2	0.11297692928417337	0.4980516559279886	0.064001	0.110001	1.0	0.5662105044642858	0.30969484710743805
1241	8	0.13111072767644047	0.48881224140341734	0.120001	0.146001	1.0	0.5824884186851211	0.331294463800905
1247	2	0.06767346020560502	0.33607116251502384	0.247001	0.5310010000000001	1.0	0.7992743511749348	0.3917361114167813
1248	2	0.013716632189487175	0.03718460669274522	0.40900099999999995	0.848001	1.0	0.9421541414821945	0.4636953323500491
1253	2	0.0	0.0	1.0	1.0	1.0	1.0	1.0
1254	12	0.1395024935023359	0.6681284527902115	0.166001	0.091001	1.0	0.5522323842105263	0.3492685273722628
1255	2	0.049776257473302686	0.21666284837380473	0.36200099999999996	0.741001	1.0	0.8974518413865545	0.43935489789473675
1257	2	0.12580715447113514	0.7600064040612362	0.065001	0.144001	1.0	0.5824884186851211	0.30969484710743805
1258	2	0.07725074350799005	0.32870630713593085	0.265001	0.579001	1.0	0.8191265680981595	0.39732919765929775
1259	4	0.16330874453553115	0.5696705608381617	0.018001	0.215001	1.0	0.6441534515306122	0.21619779464285718
1260	2	0.07121328519418793	0.35989201926217135	0.271001	0.509001	1.0	0.7902773132530122	0.40008214212548016
1266	5	0.10261299532867421	0.27504305236873006	0.229001	0.736001	1.0	0.896102590285111	0.3799110115107914
1269	2	0.08885972546357461	0.35222090003747947	0.089001	0.187001	1.0	0.6307041396011397	0.3232746199376947
1273	2	0.04222855821598591	0.13345270863244219	0.256001	0.512001	1.0	0.7902773132530122	0.39457011051930757
1274	2	0.15236243124083643	1.3240593916342456	0.004001	0.006001	1.0	0.4232677594936709	0.18452612
1275	2	0.13904649873253877	0.9193014691704374	0.046001	0.071001	1.0	0.5116509562499999	0.270960765
1277	3	0.10095050760556915	0.34043636764801427	0.167001	0.592001	1.0	0.8269424223826715	0.349459442831216
1278	4	0.0691813897349014	0.26125224192422714	0.342001	0.5570010000000001	1.0	0.810886556818182	0.4319026867469879
1283	15	0.15464416765768435	0.46190145150563644	0.102001	0.182001	1.0	0.6208495650887574	0.3257815872576177
1297	2	0.043183436401620166	0.20693612462752947	0.380001	0.731001	1.0	0.8952861790254237	0.4489777298674822
1298	5	0.11777368034325861	0.5611007330619527	0.179001	0.224001	1.0	0.6445714530120482	0.35280026153846156
1299	20	0.14358731160664756	0.47503366941843483	0.215001	0.189001	1.0	0.6307041396011397	0.3711611818181818
1306	22	0.15125493043476484	0.3737256764983016	0.167001	0.610001	1.0	0.8313607009456265	0.349459442831216
1308	2	0.05931285125853232	0.23771677148544787	0.30700099999999997	0.711001	1.0	0.8910697315217392	0.4164378270588235
1311	2	0.07758733187737557	0.30398590121584684	0.201001	0.570001	1.0	0.8180755908529048	0.36786373492063495
1316	2	0.0598348325475888	0.22354170858998668	0.317001	0.728001	1.0	0.8952861790254237	0.4206008665132336
1323	3	0.11861944809774834	0.5613496766731337	0.116001	0.265001	1.0	0.6530501099585062	0.331294463800905
1324	6	0.1301278927000742	0.3237535516857873	0.096001	0.330001	1.0	0.6831079946140036	0.3246987155172414
1328	5	0.11688816067620561	0.3651399118870911	0.152001	0.207001	1.0	0.6441534515306122	0.3415512320754717
1337	4	0.12836259261731528	0.4242904337598203	0.121001	0.42900099999999997	1.0	0.7432718839941262	0.331294463800905
1342	3	0.0542642417105058	0.16593023762344733	0.337001	0.6780010000000001	1.0	0.8714996131549612	0.43047153414096917
1343	41	0.15060791557717487	0.32722633976200666	0.252001	0.7910010000000001	1.0	0.9159572385229543	0.393708879403794
1344	2	0.05372543896232645	0.18002970987173128	0.23400100000000001	0.43600099999999997	1.0	0.7432718839941262	0.38378826884779516
1357	15	0.20113526084817931	0.5698747801611371	0.013000999999999999	0.106001	0.979001	0.5607825136363637	0.21414504285714284
1358	5	0.08238501903814507	0.289355929365735	0.35700099999999996	0.746001	1.0	0.8987869937304076	0.4374305557917109
1359	2	0.2548185400215782	2.0328957954505507	0.001001	0.001001	0.209001	0.28853825	0.144269125
1361	6	0.14147738015794617	0.7144064085452285	0.113001	0.080001	1.0	0.5301215689655172	0.331294463800905
1362	2	0.104357048227665	0.5050943634876914	0.122001	0.323001	1.0	0.6783609344262295	0.331294463800905
1363	8	0.10544425454632472	0.21982125370369285	0.238001	0.622001	1.0	0.8387919918128656	0.3875920240112994
1366	4	0.1108037851489048	0.2971340128165139	0.180001	0.743001	1.0	0.8979875817610062	0.3541657901023891
1367	3	0.10741878008035616	0.3879935216750472	0.122001	0.271001	1.0	0.6530501099585062	0.331294463800905
1369	4	0.09678152265445444	0.23260059851362727	0.268001	0.833001	1.0	0.9361112602339181	0.39923146382428937
1370	2	0.013403622053411812	0.03627260408997608	0.41900099999999996	0.845001	1.0	0.9421541414821945	0.4674335453667953
1373	2	0.08439507166940556	0.35142413027675273	0.181001	0.506001	1.0	0.7888962928475034	0.3549220289115646
1380	7	0.06406308672017394	0.1037948312282857	0.399001	0.9090010000000001	1.0	0.9677163939393941	0.460048153
1385	2	0.06923750804450378	0.25143775721356576	0.252001	0.6650010000000001	1.0	0.8663798338983052	0.393708879403794
1392	3	0.054232686514660795	0.27259688446066194	0.42200099999999996	0.727001	1.0	0.8952861790254237	0.46875448265895947
1397	43	0.16713582276119743	0.4680579512258181	0.162001	0.216001	1.0	0.6441534515306122	0.34547822242647064
1402	7	0.1399798234997034	0.722275336307612	0.104001	0.064001	1.0	0.510830082278481	0.3272058189189189
1408	12	0.10683981075088173	0.3443756294828575	0.30400099999999997	0.652001	1.0	0.8565530750853242	0.41529994431279615
1423	2	0.022986155964089226	0.08104908389796664	0.460001	0.959001	1.0	0.9940377376902417	0.4889918610855566
1425	2	0.01118872301936863	0.029905295928526643	0.440001	0.881001	1.0	0.9592012776203968	0.47725414205079963
1441	3	0.07623369356962391	0.3470799627170092	0.28500099999999995	0.5560010000000001	1.0	0.8104540493046777	0.4075272820197044
1442	33	0.16198883365470476	0.5210365666689046	0.160001	0.138001	1.0	0.5824884186851211	0.34482458504672897
1443	2	0.11137629676835942	0.6081316028368381	0.08500100000000001	0.231001	1.0	0.6445714530120482	0.322993983713355
1444	2	0.07902210724779692	0.45937589919757227	0.224001	0.41300099999999995	1.0	0.7359971452859351	0.3748521814223512
1445	14	0.156974551564363	0.47109849333130793	0.08500100000000001	0.084001	1.0	0.5351002928176796	0.322993983713355
1446	5	0.16448879815117085	0.5241500939130413	0.034001	0.28200099999999995	1.0	0.6629772173076922	0.24349784472049693
1448	9	0.15787670672159582	0.44001453990329	0.056001	0.332001	1.0	0.6835663446428571	0.29216811312217195
1450	3	0.1186781658193853	0.3744715709748116	0.044001	0.259001	1.0	0.6520265349344978	0.270960765
1453	3	0.1108037851489048	0.4054133955065973	0.137001	0.519001	1.0	0.7946987423638778	0.33824872162740904
1455	8	0.10532964396411554	0.5338633656832206	0.29400099999999996	0.239001	1.0	0.6489003558139534	0.4089060952955368
1456	2	0.09339443575390566	0.37787145740991046	0.090001	0.190001	1.0	0.6307041396011397	0.3232746199376947
1457	3	0.1390037443655045	0.6179822194581813	0.022001	0.048001	1.0	0.49282381451612906	0.21789884251968505
1458	5	0.13514838779149807	0.4227940646482261	0.098001	0.29000099999999995	1.0	0.6629772173076922	0.3246987155172414
1459	6	0.127552761800167	0.5025844886951357	0.132001	0.198001	1.0	0.6376959581005587	0.3348256615720524
1463	2	0.13166488873327598	0.7272448109461138	0.052001	0.174001	1.0	0.6208495650887574	0.2855102523809524
1465	2	0.01713764239338568	0.0894833227403222	0.468001	0.9300010000000001	1.0	0.9783678403284674	0.49279009406392693
1467	2	0.15099347379651834	0.7768814217250588	0.015000999999999999	0.029001000000000002	1.0	0.4232677594936709	0.21619779464285718
1470	7	0.11525249786290079	0.5401082662367601	0.201001	0.169001	1.0	0.6146944889589906	0.36786373492063495
1471	2	0.051226529561090535	0.26448239470735835	0.35300099999999995	0.6700010000000001	1.0	0.867990059550562	0.4357710417558886
1473	2	0.08887232003304817	0.352291025842698	0.102001	0.206001	1.0	0.6441534515306122	0.3257815872576177
1475	2	0.12020508996930701	1.0592802121325837	0.071001	0.082001	1.0	0.5341647062146893	0.3124585992366412
1481	3	0.0882688156897322	0.40721042102560867	0.28900099999999995	0.507001	1.0	0.7888962928475034	0.4083555796568627
1482	4	0.10857269438697824	0.5477152835735211	0.189001	0.275001	1.0	0.6551160185950413	0.360195294214876
1483	2	0.08016771703166196	0.3821396765968648	0.205001	0.515001	1.0	0.7906739720372837	0.36946153715170277
1484	2	0.17710858179740774	1.034460379544743	0.007001	0.049001	1.0	0.49282381451612906	0.20966256818181817
1488	2	0.07135453869420605	0.5173287257750356	0.221001	0.30900099999999997	1.0	0.664698046641791	0.37253531140350876
1491	3	0.09955466990536113	0.4948852483905204	0.206001	0.35700099999999996	1.0	0.6976153831932772	0.36946153715170277
1500	4	0.10680635131808648	0.46873593475846476	0.228001	0.406001	1.0	0.7302950904836194	0.3787970504322767
1506	2	0.09470360569929458	0.5671117859303139	0.151001	0.247001	1.0	0.6520265349344978	0.3415512320754717
1525	5	0.19344421088213654	0.7974981903661348	0.013000999999999999	0.017001000000000002	0.994001	0.4232677594936709	0.21414504285714284
1530	7	0.12933237446677742	0.35922217318347077	0.08500100000000001	0.180001	1.0	0.6208495650887574	0.322993983713355
1537	13	0.09548164063885883	0.32637568041785336	0.381001	0.460001	1.0	0.7642379726224784	0.4489777298674822
1540	2	0.04443904244524396	0.14204962432461832	0.270001	0.5420010000000001	1.0	0.8073994224806202	0.40008214212548016
1543	5	0.0936900563324442	0.2333087181055098	0.214001	0.512001	1.0	0.7902773132530122	0.3711611818181818
1544	2	0.1125261809612931	0.49511061641137083	0.052001	0.113001	1.0	0.5690822017167382	0.2855102523809524
1545	4	0.08275470161048104	0.2721670798104604	0.261001	0.5550010000000001	1.0	0.8104540493046777	0.39643983333333327
1546	6	0.03608324011734267	0.10157874481628552	0.506001	0.996001	1.0	1.0	0.5113226581945662
1547	10	0.13785386017257079	0.45899493347273196	0.144001	0.29400099999999996	1.0	0.6629772173076922	0.3415512320754717
1548	6	0.05997004609697837	0.23256574186101783	0.49300099999999997	0.891001	1.0	0.9655302189849625	0.5030355336283185
1551	3	0.11952462836607392	0.6916522768890118	0.112001	0.147001	1.0	0.5844012089041096	0.331294463800905
1554	5	0.18680343335014502	0.6384277927212865	0.017001000000000002	0.138001	0.999001	0.5824884186851211	0.21619779464285718
1561	5	0.15624795337267045	0.6390466305110523	0.035001000000000004	0.066001	1.0	0.510830082278481	0.24378373142857143
1562	2	0.14673521576038706	1.141783527504313	0.030001	0.039001	1.0	0.4633659158878505	0.23215538926174495
1564	3	0.09293980364166585	0.2501755998796296	0.096001	0.181001	1.0	0.6208495650887574	0.3246987155172414
1565	4	0.14091665020070238	0.46236261900167935	0.071001	0.211001	1.0	0.6441534515306122	0.3124585992366412
1566	3	0.0751105004310114	0.23983075960537473	0.340001	0.8090010000000001	1.0	0.9189932541871921	0.4307924758241758
1567	13	0.14981489249198918	0.6949798297506384	0.132001	0.024001	1.0	0.4232677594936709	0.3348256615720524
1600	2	0.12680212545954436	0.7608062610118788	0.061001	0.154001	1.0	0.58991080730897	0.3068118154506438
1601	2	0.0540253083057437	0.2290506304792154	0.342001	0.731001	1.0	0.8952861790254237	0.4319026867469879
1603	4	0.14608681975155435	0.5491947139033442	0.066001	0.250001	1.0	0.6520265349344978	0.3106087877551021
1604	55	0.1395889163280183	0.41039891424204417	0.34500099999999995	0.258001	1.0	0.6520265349344978	0.43284673884657227
1605	3	0.16183576678210826	0.7362013811952232	0.019001	0.041001	1.0	0.4633659158878505	0.21619779464285718
1606	7	0.08398436762036945	0.1913247206941513	0.28500099999999995	0.617001	1.0	0.8376856255868544	0.4075272820197044
1607	4	0.07056757310266668	0.19068073524567347	0.381001	0.900001	1.0	0.9677163939393941	0.4489777298674822
1608	3	0.13793157312873733	1.0960688423040954	0.067001	0.014001	1.0	0.4232677594936709	0.3124585992366412
1609	2	0.10268877142637364	0.6926340348795652	0.125001	0.162001	1.0	0.6025392032258065	0.331294463800905
1610	2	0.09955466990536113	0.8153397914772078	0.148001	0.100001	1.0	0.5600340619047619	0.3415512320754717
1611	12	0.10610068240639099	0.3008163157197479	0.36400099999999996	0.7990010000000001	1.0	0.9166648288557215	0.44039155613850994
1612	7	0.1204519435309883	0.33109385101630145	0.167001	0.5530010000000001	1.0	0.8104540493046777	0.349459442831216
1617	4	0.06455016939973024	0.1982665326461251	0.36100099999999996	0.721001	1.0	0.8948483885898816	0.43906556223628684
1618	2	0.12983528870243038	0.9029847166595576	0.052001	0.072001	1.0	0.512451561728395	0.2855102523809524
1619	5	0.1095488247377496	0.43188923397594026	0.149001	0.266001	1.0	0.6530501099585062	0.3415512320754717
1621	9	0.1430054055930245	0.4459873167854004	0.126001	0.42900099999999997	1.0	0.7432718839941262	0.331294463800905
1628	9	0.19674141559536265	0.7573452343130381	0.011000999999999999	0.052001	0.988001	0.49282381451612906	0.21140254999999997
1630	6	0.15415453879761554	0.9028329046131685	0.078001	0.024001	1.0	0.4232677594936709	0.3218662650176678
1631	3	0.14953280444537925	0.61249976323491	0.037001	0.226001	1.0	0.6445714530120482	0.24378373142857143
1633	9	0.1263608792691589	0.4579268890277058	0.169001	0.268001	1.0	0.6530501099585062	0.3504643039568346
1634	2	0.1429951262948759	0.8648093319851893	0.036001	0.107001	1.0	0.5607825136363637	0.24378373142857143
1641	2	0.010550749904190724	0.028099144017813278	0.442001	0.876001	1.0	0.9564670009469697	0.47897288815789474
1642	3	0.17515191151854362	0.8582650636483736	0.013000999999999999	0.064001	1.0	0.510830082278481	0.21414504285714284
1643	2	0.11755325429503097	0.5751428709450858	0.047001	0.259001	1.0	0.6520265349344978	0.270960765
1644	12	0.0952152079397463	0.28344146403881143	0.42600099999999996	0.721001	1.0	0.8948483885898816	0.47047811590038313
1645	2	0.043070339052486695	0.1561148722993056	0.400001	0.835001	1.0	0.9374451343719572	0.4602805918163673
1646	3	0.017303869515198418	0.03190248747980886	0.387001	0.8060010000000001	1.0	0.9189932541871921	0.45117507886754293
1647	15	0.1536234518056548	0.5652574805004772	0.124001	0.063001	1.0	0.510830082278481	0.331294463800905
1648	4	0.13301099556506132	0.6792516002143243	0.083001	0.122001	1.0	0.5765047254098361	0.322993983713355
1657	13	0.1566330879726394	0.28162789544062583	0.104001	0.736001	1.0	0.896102590285111	0.3272058189189189
1658	4	0.18394014045496157	0.862232002672235	0.019001	0.050001000000000004	0.999001	0.49282381451612906	0.21619779464285718
1661	3	0.0635925001857699	0.19185183422459925	0.28700099999999995	0.600001	1.0	0.8276906583333333	0.4075272820197044
1666	2	0.00485923227375892	0.012530533660025302	0.47300099999999995	0.950001	1.0	0.9917059142599277	0.4948912459165154
1668	2	0.1367396784224402	0.6904230089411599	0.025001000000000002	0.177001	1.0	0.6208495650887574	0.21837994696969698
1669	2	0.008315029049462075	0.026607496879115514	0.49500099999999997	0.993001	1.0	1.0	0.5037388817299205
1671	3	0.1151293461467941	0.5476491467948191	0.123001	0.273001	1.0	0.6530501099585062	0.331294463800905
1672	2	0.035701174500591626	0.11393508286578093	0.41400099999999995	0.896001	1.0	0.9677163939393941	0.4657006370731707
1674	4	0.13062636329571495	0.9386315034206225	0.100001	0.029001000000000002	1.0	0.4232677594936709	0.32570947175141246
1675	2	0.06491115160964897	0.31047387557322137	0.319001	0.650001	1.0	0.855537845890411	0.42179834059633026
1676	3	0.1064099238128699	0.5264052714439517	0.163001	0.322001	1.0	0.6783609344262295	0.34547822242647064
1680	2	0.13277881803935837	1.1626715509503684	0.054001	0.042001000000000004	1.0	0.4633659158878505	0.28959606046511627
1681	3	0.11511023106282846	0.4554858064396588	0.113001	0.389001	1.0	0.7187790913461538	0.331294463800905
1682	2	0.04539612386426984	0.1458243257636377	0.232001	0.500001	1.0	0.7888962928475034	0.38213879000000006
1684	5	0.177132659911464	0.5040952512957138	0.020001	0.159001	1.0	0.6010759114754098	0.21619779464285718
1688	2	0.17307051230496312	1.1278480321484385	0.008001	0.026001	1.0	0.4232677594936709	0.20966256818181817
1689	22	0.1368903756078454	0.4668445317610834	0.28400099999999995	0.238001	1.0	0.6489003558139534	0.40728004104477605
1696	4	0.11255684345812975	0.8501079236226057	0.162001	0.07000100000000001	1.0	0.510830082278481	0.34547822242647064
1708	2	0.1449888756620436	0.9632281477197554	0.034001	0.058001000000000004	1.0	0.510830082278481	0.24349784472049693
1709	2	0.10464478513393513	0.5109068661059428	0.123001	0.342001	1.0	0.6918020228070175	0.331294463800905
1710	2	0.13342959840112853	0.9290952106619165	0.046001	0.058001000000000004	1.0	0.510830082278481	0.270960765
1711	6	0.16134853232855884	0.5672976834463963	0.036001	0.205001	1.0	0.6441534515306122	0.24378373142857143
1714	3	0.07522783719802355	0.32717361153424634	0.240001	0.526001	1.0	0.7974175236220473	0.38865330477528093
1715	3	0.0966465931544113	0.3998456470356379	0.147001	0.229001	1.0	0.6445714530120482	0.3415512320754717
1716	2	0.023127133677260724	0.0660355421156119	0.374001	0.750001	1.0	0.9007824510416667	0.44593914477766283
1718	2	0.04839970833875125	0.15835585048982825	0.36000099999999996	0.844001	1.0	0.9421541414821945	0.43906556223628684
1727	17	0.1732067484642114	0.3908192902377149	0.064001	0.341001	1.0	0.6918020228070175	0.30969484710743805
1728	5	0.11043429291306302	0.40525284874301254	0.177001	0.323001	1.0	0.6783609344262295	0.352473493955095
1729	9	0.11030128916636799	0.3696473879691651	0.275001	0.49300099999999997	1.0	0.7829616432506886	0.40129779697351825
1730	2	0.048933651309414815	0.27725788231220977	0.35400099999999995	0.715001	1.0	0.8931702632719394	0.4360717446581196
1733	2	0.13680406548564658	1.3083809592443583	0.047001	0.017001000000000002	1.0	0.4232677594936709	0.270960765
1739	3	0.054324722867894124	0.3258541579428025	0.439001	0.582001	1.0	0.8193493931623932	0.4770670622054666
1740	4	0.10760422321103585	0.2676562779144325	0.103001	0.29900099999999996	1.0	0.6629772173076922	0.327162955922865
1742	2	0.019765111819366965	0.10941705457633312	0.49400099999999997	0.9140010000000001	1.0	0.9677163939393941	0.5031653295053002
1756	18	0.16866862100711616	0.5970388516855063	0.079001	0.086001	1.0	0.5359954216216216	0.3218662650176678
1757	9	0.13145923236552617	0.3336124832066843	0.151001	0.48600099999999996	1.0	0.7776802110344827	0.3415512320754717
1758	3	0.08133195128924306	0.4529451442763757	0.29700099999999996	0.393001	1.0	0.7215448296178344	0.41011036287425146
1766	6	0.1183492718575387	0.32750206664089937	0.134001	0.162001	1.0	0.6025392032258065	0.33660817647058827
1767	3	0.07250303488993	0.325668203747468	0.279001	0.36600099999999997	1.0	0.7033319216666666	0.40261345807259075
1768	13	0.15567646235543986	0.5358248696616863	0.107001	0.162001	1.0	0.6025392032258065	0.3298720668449198
1769	11	0.19923767322154648	0.8436464439025305	0.011000999999999999	0.005001	0.983001	0.4232677594936709	0.21140254999999997
1772	2	0.04535463191812683	0.18879652262268382	0.36600099999999997	0.771001	1.0	0.9080328426966292	0.4414217081589958
1780	10	0.15780868157679798	0.37138349091254347	0.076001	0.37100099999999997	1.0	0.7070481867768594	0.32098590842490843
1781	3	0.13247740531401253	0.8235280470195767	0.07000100000000001	0.068001	1.0	0.510830082278481	0.3124585992366412
1783	3	0.09908015919719637	0.4140880765309702	0.177001	0.43600099999999997	1.0	0.7432718839941262	0.352473493955095
1789	6	0.18579099559776252	0.7424193920514982	0.017001000000000002	0.031001	0.999001	0.42552563095238094	0.21619779464285718
1790	2	0.05246858811428316	0.2500880700449648	0.35400099999999995	0.690001	1.0	0.8800565851769911	0.4360717446581196
1791	2	0.029810981304834026	0.14640887375408945	0.403001	0.761001	1.0	0.904827140061792	0.4609723740079365
1796	2	0.08431794984402763	0.5613927416650257	0.245001	0.29100099999999995	1.0	0.6629772173076922	0.3907139045643154
1797	21	0.10355003129750516	0.31793519397538206	0.444001	0.711001	1.0	0.8910697315217392	0.48023747936210126
1802	2	0.14901859601379228	0.9499514350406003	0.021001000000000002	0.069001	1.0	0.510830082278481	0.21619779464285718
1829	13	0.24760797639273896	0.8608407550959181	0.001001	0.003001	0.29000099999999995	0.4193775454545455	0.144269125
1833	3	0.04667450893556932	0.1523428035164218	0.42800099999999996	0.9100010000000001	1.0	0.9677163939393941	0.47178312906309744
1835	13	0.16601592546610117	0.552648052679731	0.059001	0.093001	1.0	0.5527327474226804	0.3023473466666666
1837	5	0.12799557951012494	0.4051321305813561	0.119001	0.321001	1.0	0.6783609344262295	0.331294463800905
1841	2	0.014205975780428235	0.05639713138739391	0.49300099999999997	0.977001	1.0	0.9986543909574467	0.5030355336283185
1847	5	0.06419826626903861	0.1346844050315928	0.41500099999999995	0.9220010000000001	1.0	0.973504718864469	0.4659164099318403
1853	3	0.12037904664036392	0.7314136627928249	0.107001	0.123001	1.0	0.5787303204633204	0.3298720668449198
1854	3	0.13167736578308073	0.7675950316425791	0.074001	0.086001	1.0	0.5359954216216216	0.3160116777777778
1855	2	0.029157347807636784	0.15862064834508272	0.46900099999999995	0.856001	1.0	0.9462791495685523	0.4933924753649635
1856	3	0.058504670577738824	0.14064677521266808	0.320001	0.724001	1.0	0.8952861790254237	0.42189449204545454
1857	8	0.11762717955867741	0.48940706326820016	0.196001	0.206001	1.0	0.6441534515306122	0.36391167954911435
1860	2	0.03968570008655049	0.1423487054861442	0.36300099999999996	0.7940010000000001	1.0	0.9159572385229543	0.4401053133543638
1862	5	0.16503688093803398	0.5788501090226271	0.021001000000000002	0.026001	1.0	0.4232677594936709	0.21619779464285718
1863	4	0.10927552258017391	0.3357030708848424	0.137001	0.378001	1.0	0.7086750455284552	0.33824872162740904
1864	6	0.12266984721527777	0.2625316195093314	0.165001	0.709001	1.0	0.8910697315217392	0.3484361776556777
1868	2	0.0	0.0	1.0	1.0	1.0	1.0	1.0
1871	3	0.06798305272602598	0.2826618287804435	0.335001	0.6740010000000001	1.0	0.8682940256983241	0.42965089321468297
1872	2	0.002706620704494761	0.006894138834497054	0.47500099999999995	0.969001	1.0	0.9951681360000001	0.4953331705776172
1873	3	0.059057855028604084	0.308729132598005	0.42000099999999996	0.705001	1.0	0.8893502768052517	0.4674335453667953
1874	4	0.07343646744938287	0.3051567401480074	0.316001	0.48400099999999996	1.0	0.7776802110344827	0.42024123760092275
1879	3	0.1914957669951275	1.0530610059890018	0.003001	0.027001	0.997001	0.4232677594936709	0.18211331578947368
1890	4	0.11025139888983806	0.2844278917116358	0.176001	0.5460010000000001	1.0	0.8091762892030849	0.352473493955095
1898	3	0.07089599648488493	0.32615220482987617	0.315001	0.5560010000000001	1.0	0.8104540493046777	0.42024123760092275
1900	8	0.10559149965610518	0.33199719393912336	0.29400099999999996	0.601001	1.0	0.8276906583333333	0.4089060952955368
1901	2	0.0883055546618175	0.4691362019463379	0.187001	0.399001	1.0	0.7279242927215189	0.35815972259136214
1902	3	0.04450063192408763	0.10265961536276835	0.378001	0.852001	1.0	0.9436668136407301	0.44839007510288065
1905	4	0.11450478782558536	0.6719036850841997	0.133001	0.127001	1.0	0.5787303204633204	0.3348256615720524
1906	2	0.09525902621307744	0.5686314291122128	0.127001	0.253001	1.0	0.6520265349344978	0.331294463800905
1910	5	0.12840536451976298	0.5419624150222055	0.119001	0.244001	1.0	0.651234150462963	0.331294463800905
1911	2	0.07646513351724878	0.5164639688655108	0.251001	0.35700099999999996	1.0	0.6976153831932772	0.393708879403794
1913	3	0.2022887255518953	1.1199951524711098	0.002001	0.013000999999999999	0.971001	0.4232677594936709	0.1774733076923077
1919	4	0.11541411574157458	0.2666121311696527	0.097001	0.30900099999999997	1.0	0.664698046641791	0.3246987155172414
1920	2	0.11108914058436282	0.6283870557480816	0.099001	0.213001	1.0	0.6441534515306122	0.32520841310541315
1921	2	0.008245648960094169	0.03185430554249749	0.49800099999999997	0.994001	1.0	1.0	0.5050089296394019
1922	2	0.04144433988161976	0.13044323118177042	0.28800099999999995	0.582001	1.0	0.8193493931623932	0.4083555796568627
1923	4	0.12013260520446205	0.4858458146963088	0.142001	0.35400099999999995	1.0	0.6976153831932772	0.3403890914760915
1925	3	0.06894367891585121	0.21253535289752357	0.343001	0.816001	1.0	0.9233063326790971	0.43221874644808744
1927	4	0.11117067095754232	0.48487260686156747	0.148001	0.325001	1.0	0.6788517264492753	0.3415512320754717
1928	6	0.03303216907553975	0.03788645347638476	0.48600099999999996	0.990001	1.0	1.0	0.5012157003577817
1929	4	0.12521263713404426	0.5928125971295676	0.129001	0.208001	1.0	0.6441534515306122	0.3348256615720524
1930	21	0.1601459624173162	0.5837052026449665	0.136001	0.053001	1.0	0.49282381451612906	0.33824872162740904
1932	3	0.11206625486165663	0.558686119661041	0.148001	0.28300099999999995	1.0	0.6629772173076922	0.3415512320754717
1933	2	0.08866747331491802	0.3511512200966982	0.11700100000000001	0.251001	1.0	0.6520265349344978	0.331294463800905
1936	2	0.0527456133947176	0.17587872459127932	0.248001	0.48000099999999996	1.0	0.7773049901685393	0.39278180357142856
1944	3	0.036602801765029336	0.09428856449151253	0.37300099999999997	0.7810010000000001	1.0	0.9151363343495935	0.44593914477766283
1945	2	0.07003966029927218	0.36157330451326386	0.220001	0.438001	1.0	0.7432718839941262	0.3724833377386197
1946	2	0.017753305129894082	0.0656995135574969	0.47600099999999995	0.960001	1.0	0.9940377376902417	0.4953331705776172
1947	3	0.03162319245617007	0.09473009488845024	0.439001	0.874001	1.0	0.956280713744076	0.4770670622054666
1948	2	0.07722362926284834	0.30667245588977515	0.243001	0.576001	1.0	0.8189015450061652	0.3907139045643154
1950	2	0.0	0.0	1.0	1.0	1.0	1.0	1.0
1952	3	0.038280072329971195	0.15407541467009842	0.41100099999999995	0.739001	1.0	0.8969138452631579	0.46459230686274505
1954	2	0.03502698503937901	0.2069695243823576	0.41500099999999995	0.767001	1.0	0.9070278492307692	0.4659164099318403
1957	3	0.14969083629941388	0.5357672150079441	0.036001	0.265001	1.0	0.6530501099585062	0.24378373142857143
1966	2	0.10775171538260822	0.46446872036315634	0.055001	0.114001	1.0	0.5690822017167382	0.29216811312217195
1968	2	0.08110902740956157	0.46283313392018766	0.194001	0.382001	1.0	0.71340897092084	0.36312200162337666
1970	3	0.05956043529340488	0.14976461062708105	0.30500099999999997	0.726001	1.0	0.8952861790254237	0.41557026266195524
1975	8	0.10222382313194192	0.5193501224426312	0.34500099999999995	0.259001	1.0	0.6520265349344978	0.43284673884657227
1978	3	0.05647000740192127	0.29841297003408856	0.40800099999999995	0.647001	1.0	0.855537845890411	0.4636953323500491
1979	5	0.08343159067867786	0.1603321452724303	0.251001	0.703001	1.0	0.8893502768052517	0.393708879403794
1980	3	0.10171062645093926	0.45625771662802017	0.193001	0.402001	1.0	0.7287848317610063	0.36183764715447153
1981	2	0.08978122012776922	0.6511612188458884	0.146001	0.192001	1.0	0.6307041396011397	0.3415512320754717
1984	6	0.1883149754738908	0.6873041526815827	0.011000999999999999	0.029001000000000002	0.998001	0.4232677594936709	0.21140254999999997
1985	4	0.10129136386834689	0.5654633017881565	0.190001	0.093001	1.0	0.5527327474226804	0.3603143963815789
1987	5	0.08126145377641766	0.32893036290048655	0.338001	0.49700099999999997	1.0	0.7871458145604395	0.43047153414096917
1988	2	0.07147502924488146	0.2612474610545835	0.155001	0.30100099999999996	1.0	0.664698046641791	0.3415512320754717
1990	4	0.12338077407402448	0.3811972159458546	0.095001	0.320001	1.0	0.6783609344262295	0.3246987155172414
1993	3	0.14913556102942657	0.5562151467720194	0.029001000000000002	0.274001	1.0	0.6540852028985507	0.2290284452054795
1999	3	0.1250539992166178	0.6012550270951894	0.079001	0.212001	1.0	0.6441534515306122	0.3218662650176678
2001	6	0.09955466990536113	0.34583455940783897	0.29200099999999996	0.506001	1.0	0.7888962928475034	0.4089060952955368
2002	3	0.03892949678903467	0.11527314424678754	0.48400099999999996	0.971001	1.0	0.9951681360000001	0.5009453797127469
2007	6	0.11475793867200337	0.3726331088828303	0.173001	0.438001	1.0	0.7432718839941262	0.3517992116402116
2008	2	0.05804875515799505	0.25340745625792016	0.339001	0.688001	1.0	0.879451389135255	0.43047153414096917
2014	2	0.09955466990536113	0.5140885394404098	0.160001	0.340001	1.0	0.6918020228070175	0.34482458504672897
2015	2	0.03292094514687157	0.09908399110211535	0.329001	0.649001	1.0	0.855537845890411	0.42622264382022473
2016	2	0.12496016356442985	0.6455951535928014	0.07000100000000001	0.210001	1.0	0.6441534515306122	0.3124585992366412
2026	4	0.1963065165561913	0.7452198966559649	0.008001	0.111001	0.989001	0.5663015619469026	0.20966256818181817
2038	4	0.1227317151811067	0.41959629051064523	0.110001	0.266001	1.0	0.6530501099585062	0.331294463800905
2039	2	0.023986448803729948	0.08542911622015716	0.43200099999999997	0.942001	1.0	0.9882867634212922	0.4743782409523809
2040	2	0.08123420144379308	0.385132916118186	0.207001	0.465001	1.0	0.7653834088319089	0.36946153715170277
2043	4	0.09796685864988734	0.3117425682152677	0.20200100000000001	0.47000099999999995	1.0	0.7686683021276595	0.3679417898894155
2044	8	0.14849489252055037	0.789468928795534	0.105001	0.031001	1.0	0.42552563095238094	0.3272058189189189
2045	3	0.11618142286097911	0.5467621877593961	0.090001	0.108001	1.0	0.5609241126126125	0.3232746199376947
2048	2	0.031169747091334535	0.09294325668337484	0.30100099999999996	0.629001	1.0	0.8442819010477299	0.4126684340071343
2051	2	0.026358943464997626	0.11686218496500075	0.461001	0.884001	1.0	0.9606533016022621	0.4889918610855566
2052	17	0.12530894997228548	0.4349683455936506	0.268001	0.229001	1.0	0.6445714530120482	0.39923146382428937
2054	2	0.0401287854608342	0.12544210220075855	0.29900099999999996	0.574001	1.0	0.8180755908529048	0.41090363885578063
2055	2	0.04672734900402851	0.17024789463397436	0.41000099999999995	0.872001	1.0	0.9557197271863118	0.46437244891944984
2061	5	0.1186781658193853	0.39372991006821867	0.045001	0.135001	1.0	0.5824884186851211	0.270960765
2079	2	0.003962164456962561	0.010165028002855282	0.47800099999999995	0.948001	1.0	0.9917059142599277	0.49651815585585585
2088	3	0.13009697941514975	0.6960812340999866	0.077001	0.137001	1.0	0.5824884186851211	0.3218662650176678
2091	3	0.04074285784961125	0.15595488671150354	0.451001	0.9110010000000001	1.0	0.9677163939393941	0.4841751890130354
2093	3	0.1781923738460875	0.8667693921622583	0.009000999999999999	0.058001000000000004	1.0	0.510830082278481	0.21140254999999997
2094	2	0.07404145835293482	0.4989322530998589	0.239001	0.312001	1.0	0.6699015884543762	0.38865330477528093
2100	2	0.0028034566676452084	0.007144761127750019	0.506001	0.977001	1.0	0.9986543909574467	0.5113226581945662
2106	2	0.05990103187307698	0.38169549000395253	0.316001	0.47900099999999995	1.0	0.7773049901685393	0.42024123760092275
2126	3	0.133125858792206	0.605087677673052	0.078001	0.217001	1.0	0.6441534515306122	0.3218662650176678
2131	3	0.03545749143884143	0.14019879525000448	0.41200099999999995	0.756001	1.0	0.9026082244053775	0.46481130430528367
2133	5	0.1293035479424478	0.6397554898440647	0.109001	0.065001	1.0	0.510830082278481	0.331294463800905
2136	2	0.048933651309414815	0.1791736316807915	0.43100099999999997	0.905001	1.0	0.9677163939393941	0.4741833520992366
2144	8	0.12968047312845815	0.38408590489790684	0.179001	0.5600010000000001	1.0	0.8111572273869349	0.35280026153846156
2146	2	0.05903233052720537	0.2084170270289485	0.31100099999999997	0.748001	1.0	0.8993171564129302	0.417443717112922
2150	2	0.10363827812223714	0.45206931952126106	0.131001	0.383001	1.0	0.71340897092084	0.3348256615720524
2158	2	0.05846403720029909	0.216949212393656	0.318001	0.733001	1.0	0.8952861790254237	0.4214427045977011
2159	2	0.017755533798057055	0.04922555775619881	0.402001	0.8080010000000001	1.0	0.9189932541871921	0.4609723740079365
2160	2	0.044131909650468884	0.2214512704489989	0.41700099999999996	0.7920010000000001	1.0	0.9159572385229543	0.4667982067961165
2161	13	0.18908310612719242	0.4815317697564815	0.024001	0.136001	0.998001	0.5824884186851211	0.21789884251968505
2163	2	0.07976392738978805	0.30641946762542466	0.214001	0.591001	1.0	0.8269424223826715	0.3711611818181818
2170	7	0.07960901418526359	0.22077307541496977	0.37200099999999997	0.740001	1.0	0.8971831261829654	0.44593914477766283
2180	10	0.16015734264528145	0.5174842413540037	0.062001	0.106001	1.0	0.5607825136363637	0.3068118154506438
2185	2	0.04184630913274991	0.15817654850803853	0.404001	0.825001	1.0	0.9307496604696672	0.46165822893954417
2195	5	0.11659031513582803	0.38015998764464903	0.176001	0.5320010000000001	1.0	0.7997355319426338	0.352473493955095
2196	2	0.06967754396918985	0.3172276246955808	0.262001	0.5550010000000001	1.0	0.8104540493046777	0.39643983333333327
2205	3	0.05029112527722362	0.2110824592625895	0.41600099999999995	0.8090010000000001	1.0	0.9189932541871921	0.46613134402332357
2207	3	0.14634598468988738	0.6476544153026759	0.037001	0.196001	1.0	0.6362525294117648	0.24378373142857143
2209	2	0.03278691531363925	0.11686947367202263	0.439001	0.9120010000000001	1.0	0.9677163939393941	0.4770670622054666
2212	3	0.02149641117742851	0.04055682915938548	0.393001	0.762001	1.0	0.904827140061792	0.4558653450704226
2213	2	0.08646192976981967	0.34949509772912835	0.176001	0.518001	1.0	0.794222277925532	0.352473493955095
2222	4	0.10538005542242564	0.38386655566913896	0.154001	0.323001	1.0	0.6783609344262295	0.3415512320754717
2224	2	0.0856359431788414	0.41316318409430164	0.207001	0.441001	1.0	0.7455632741935484	0.36946153715170277
2234	6	0.1477098795276441	0.5907295240703317	0.071001	0.173001	1.0	0.6208495650887574	0.3124585992366412
2235	3	0.11885615754106127	0.39745564636827974	0.072001	0.238001	1.0	0.6489003558139534	0.3132722754716981
2239	4	0.11530343124632225	0.3712868821082711	0.071001	0.128001	1.0	0.5787303204633204	0.3124585992366412
2246	2	0.10590125567786984	0.4943496390930677	0.109001	0.36000099999999996	1.0	0.6976153831932772	0.331294463800905
2249	6	0.10198578576889214	0.3223186473562541	0.257001	0.515001	1.0	0.7906739720372837	0.39457011051930757
2250	3	0.13736896924783973	0.547072926694041	0.090001	0.28900099999999995	1.0	0.6629772173076922	0.3232746199376947
2251	2	0.08211594894629795	0.42347011897813613	0.208001	0.43500099999999997	1.0	0.7432718839941262	0.3701005447530864
2253	2	0.049905981538880054	0.1862441211273593	0.377001	0.841001	1.0	0.9421541414821945	0.44812593092783504
2254	2	0.05390222951478269	0.2481462805873909	0.36200099999999996	0.691001	1.0	0.8803581801104972	0.43935489789473675
2258	4	0.08217130649436556	0.34961135196126847	0.339001	0.608001	1.0	0.8313607009456265	0.43047153414096917
2260	5	0.10199969704034295	0.4063045240266917	0.264001	0.49600099999999997	1.0	0.7866425763411279	0.39732919765929775
2261	2	0.024232875412881594	0.06961027500815856	0.37100099999999997	0.751001	1.0	0.9010449042663893	0.44558765937499994
2262	5	0.1321210087056136	0.398683908055446	0.120001	0.503001	1.0	0.7888962928475034	0.331294463800905
2263	2	0.09955466990536113	0.7885099553235884	0.173001	0.084001	1.0	0.5351002928176796	0.3517992116402116
2266	2	0.19553121555119762	1.2817371019335821	0.004001	0.021001000000000002	0.990001	0.4232677594936709	0.18452612
2267	2	0.05100958830399511	0.1686078921731524	0.255001	0.48900099999999996	1.0	0.7776802110344827	0.39457011051930757
2271	2	0.14497357029595978	0.747970182142219	0.028001	0.128001	1.0	0.5787303204633204	0.2290284452054795
2277	2	0.0864771485636372	0.4991193697136306	0.189001	0.35900099999999996	1.0	0.6976153831932772	0.360195294214876
2284	2	0.005805218654437295	0.025163136490820553	0.49700099999999997	0.996001	1.0	1.0	0.5050089296394019
2290	2	0.10516495257025692	0.4493196117850403	0.135001	0.41400099999999995	1.0	0.7366406682098765	0.3369180800865801
2313	11	0.13270016234400053	0.41800016118554145	0.200001	0.390001	1.0	0.7190177878787879	0.36786373492063495
2314	5	0.09345168827262709	0.3382881780023251	0.29300099999999996	0.466001	1.0	0.7653834088319089	0.4089060952955368
2315	2	0.20769890752955225	2.600123324691069	0.003001	1e-06	0.938001	0.0005765	0.18211331578947368
2316	3	0.12839925473648603	0.47613984602033077	0.071001	0.34800099999999995	1.0	0.6966061684027777	0.3124585992366412
2319	5	0.11122138356383494	0.3784904939448381	0.216001	0.5460010000000001	1.0	0.8091762892030849	0.3711611818181818
2320	2	0.10836875996201274	0.6175128584353595	0.098001	0.216001	1.0	0.6441534515306122	0.3246987155172414
2326	2	0.15948251432947141	0.9411597074826389	0.019001	0.067001	1.0	0.510830082278481	0.21619779464285718
2327	2	0.042214673427086846	0.249964381070445	0.399001	0.6790010000000001	1.0	0.8718130879732741	0.460048153
2328	2	0.052190988692562945	0.17354421921450097	0.211001	0.42700099999999996	1.0	0.7432718839941262	0.3711611818181818
2329	6	0.19098666987058366	0.6919742444406775	0.008001	0.014001	0.997001	0.4232677594936709	0.20966256818181817
2333	4	0.08117829754166596	0.32649215753087213	0.29700099999999996	0.579001	1.0	0.8191265680981595	0.41011036287425146
2335	5	0.09358308638390561	0.2909940265881804	0.29600099999999996	0.719001	1.0	0.8948483885898816	0.41011036287425146
2336	2	0.09720312590693417	0.45264245569302647	0.133001	0.374001	1.0	0.7080839950738915	0.3348256615720524
2339	3	0.07216962311645478	0.3532644154576805	0.332001	0.565001	1.0	0.8153268498122652	0.4267526789297659
2343	4	0.0710366224824445	0.2621726208148634	0.36500099999999996	0.738001	1.0	0.8969138452631579	0.4411385251572326
2344	10	0.1108037851489048	0.37510850735899315	0.31100099999999997	0.615001	1.0	0.8361982936320755	0.417443717112922
2345	6	0.15380653215016837	0.36885529392904304	0.034001	0.442001	1.0	0.7461598140556368	0.24349784472049693
2350	2	0.10180449295406989	0.4797113666422022	0.135001	0.391001	1.0	0.7190177878787879	0.3369180800865801
2361	5	0.06691863975923037	0.23539675538546553	0.42400099999999996	0.871001	1.0	0.9555320199809706	0.46961878290105663
2362	2	0.03349222894871428	0.10110933147343248	0.322001	0.639001	1.0	0.8517550901734104	0.42189449204545454
2364	2	0.03143377765380407	0.12435901644072339	0.453001	0.883001	1.0	0.9604718424528302	0.48541835780669146
2370	2	0.10083842048985321	0.4868678305197145	0.138001	0.35500099999999996	1.0	0.6976153831932772	0.33926471855010665
2371	3	0.06742870028001763	0.1764211231687429	0.262001	0.633001	1.0	0.8476772973286877	0.39643983333333327
2373	18	0.08752402719775483	0.1803604639934298	0.465001	0.856001	1.0	0.9462791495685523	0.4909763305860806
2374	2	0.13959987112132796	0.7040898203403205	0.045001	0.191001	1.0	0.6307041396011397	0.270960765
2389	3	0.1603584361655897	0.6978101655423248	0.017001000000000002	0.116001	1.0	0.5691453319148937	0.21619779464285718
2390	2	0.16516990571132595	1.1778472666554227	0.012001	0.025001000000000002	1.0	0.4232677594936709	0.21414504285714284
2391	2	0.07625582552758721	0.285116527208909	0.14000100000000001	0.277001	1.0	0.6571649238683127	0.3403890914760915
2392	3	0.10841783239902616	0.5414562404815059	0.125001	0.272001	1.0	0.6530501099585062	0.331294463800905
2396	2	0.050908288804312356	0.2630940335213284	0.35200099999999995	0.640001	1.0	0.8521029480369516	0.4357710417558886
2397	3	0.05221739508625668	0.19046541530670316	0.42300099999999996	0.851001	1.0	0.9434655317307693	0.4689616855769231
2399	2	0.08188223270057653	0.39986346483116914	0.208001	0.448001	1.0	0.7529812725947522	0.3701005447530864
2403	2	0.10507637160440682	0.5259021027123904	0.124001	0.330001	1.0	0.6831079946140036	0.331294463800905
2406	4	0.08589144046706712	0.3063388730048094	0.29400099999999996	0.6620010000000001	1.0	0.8644248618346546	0.4089060952955368
2407	5	0.20520854124406146	0.8988451920147558	0.006001	0.030001	0.959001	0.42552563095238094	0.20350450000000003
2408	2	0.0837225058249963	0.6081697769230447	0.195001	0.232001	1.0	0.6445714530120482	0.3638125453074434
2409	5	0.14179571043361872	0.7925272774326613	0.073001	0.040001	1.0	0.4633659158878505	0.31524401872659175
2418	2	0.09334272261225371	0.37757438747258254	0.08500100000000001	0.180001	1.0	0.6208495650887574	0.322993983713355
2419	4	0.1727641935909042	0.5973672771751292	0.016001	0.105001	1.0	0.5607825136363637	0.21619779464285718
2421	2	0.05055712078066178	0.22933081132234612	0.338001	0.702001	1.0	0.8893502768052517	0.43047153414096917
2423	3	0.10217705010235215	0.4266973489064669	0.187001	0.439001	1.0	0.7432718839941262	0.35815972259136214
2424	7	0.08155608551569135	0.19461170967628075	0.438001	0.9300010000000001	1.0	0.9783678403284674	0.4770670622054666
2445	5	0.12413915575796408	0.4998361326856743	0.157001	0.34600099999999995	1.0	0.6958124399999999	0.3415512320754717
2446	2	0.09823348210976184	0.4580592743438986	0.152001	0.36800099999999997	1.0	0.7036569701492537	0.3415512320754717
2448	14	0.14899916146315334	0.50632590866756	0.115001	0.136001	1.0	0.5824884186851211	0.331294463800905
2449	3	0.10800611522152123	0.5663787269070952	0.157001	0.253001	1.0	0.6520265349344978	0.3415512320754717
2450	3	0.06646586278858477	0.24095600682698684	0.343001	0.777001	1.0	0.9123036181262729	0.43221874644808744
2452	2	0.07161526348950015	0.498423940834625	0.240001	0.29600099999999996	1.0	0.6629772173076922	0.38865330477528093
2453	3	0.1534954553712076	0.7273841753406938	0.025001000000000002	0.105001	1.0	0.5607825136363637	0.21837994696969698
2454	2	0.06256730223062418	0.42118453360261665	0.28700099999999995	0.40700099999999995	1.0	0.7309535093457943	0.4075272820197044
2455	5	0.12412088619230459	0.38537457949910225	0.098001	0.34700099999999995	1.0	0.6958124399999999	0.3246987155172414
2456	4	0.14184791996654272	0.5309667087230593	0.047001	0.115001	1.0	0.5690822017167382	0.270960765
2457	2	0.0822149471155992	0.5616552140173037	0.213001	0.270001	1.0	0.6530501099585062	0.3711611818181818
2459	4	0.1016209830135369	0.45059727768155466	0.177001	0.211001	1.0	0.6441534515306122	0.352473493955095
2461	2	0.01894767166270363	0.07172213496133162	0.48500099999999996	0.952001	1.0	0.9917059142599277	0.5010807822580644
2463	2	0.048933651309414815	0.1600533459257023	0.281001	0.596001	1.0	0.8269424223826715	0.4039827344139651
2464	3	0.11967626689659006	0.5115142313168252	0.07000100000000001	0.329001	1.0	0.6831079946140036	0.3124585992366412
2472	2	0.16071072645829448	1.0521066500411609	0.024001	0.042001000000000004	1.0	0.4633659158878505	0.21789884251968505
2476	2	0.07089932723609178	0.3012464908878508	0.260001	0.618001	1.0	0.8376856255868544	0.39643983333333327
2480	2	0.0865442878427529	0.6555242362094753	0.198001	0.185001	1.0	0.627371038235294	0.3658576169871795
2491	12	0.12055177213926155	0.5187603220747296	0.23400100000000001	0.118001	1.0	0.5740723755274261	0.38378826884779516
2502	2	0.14988247732344978	0.9510271540259341	0.022001	0.07000100000000001	1.0	0.510830082278481	0.21789884251968505
2518	2	0.11750575581504132	0.6872558743569888	0.084001	0.164001	1.0	0.6060677980769231	0.322993983713355
2524	2	0.15233458917971748	0.8017253222939902	0.031001	0.139001	1.0	0.5824884186851211	0.23362191503267973
2531	2	0.0681498666077274	0.30997840729639753	0.274001	0.573001	1.0	0.8180755908529048	0.40129779697351825
2532	2	0.07889686939235938	0.29867311065636415	0.141001	0.270001	1.0	0.6530501099585062	0.3403890914760915
2533	2	0.09536926994515285	0.38929504783998986	0.083001	0.180001	1.0	0.6208495650887574	0.322993983713355
2534	3	0.11063195771247356	0.47000018341572253	0.133001	0.35200099999999995	1.0	0.697349060137457	0.3348256615720524
2542	2	0.0356999366537483	0.16690437112045947	0.41600099999999995	0.7970010000000001	1.0	0.9161935722831506	0.46613134402332357
2543	2	0.10611050727147477	0.45415012762753126	0.060001	0.121001	1.0	0.5765047254098361	0.306111296460177
2544	2	0.07139050116463315	0.3564554069238776	0.244001	0.511001	1.0	0.7902773132530122	0.3907139045643154
2547	2	0.0632401532987343	0.42823161723015934	0.30500099999999997	0.42500099999999996	1.0	0.7432718839941262	0.41557026266195524
2548	2	0.042692100358094794	0.15224972075287307	0.406001	0.849001	1.0	0.9421541414821945	0.4630258684470821
2549	2	0.07038331326472126	0.31458970832682476	0.29200099999999996	0.605001	1.0	0.8294484577883472	0.4089060952955368
2550	3	0.18006926868506443	0.9599675255261496	0.015000999999999999	0.057001	1.0	0.510830082278481	0.21619779464285718
2552	2	0.14863733055581096	1.117568561989387	0.026001	0.053001	1.0	0.49282381451612906	0.2220678
2554	4	0.08762004017637867	0.3138688692819427	0.220001	0.437001	1.0	0.7432718839941262	0.3724833377386197
2556	2	0.05573308818517859	0.1886420682531647	0.228001	0.458001	1.0	0.7631143829479768	0.3787970504322767
2558	2	0.10649906757563031	0.5830252210522475	0.097001	0.247001	1.0	0.6520265349344978	0.3246987155172414
2563	2	0.08614040888212018	0.5404475127488161	0.210001	0.30400099999999997	1.0	0.664698046641791	0.3707980903522205
2568	2	0.14520423379592168	0.7304124416184528	0.015000999999999999	0.036001	1.0	0.4612128111111111	0.21619779464285718
2569	4	0.11472393333442488	0.635809074047458	0.153001	0.162001	1.0	0.6025392032258065	0.3415512320754717
2572	4	0.07497395998188375	0.17568955652227466	0.319001	0.7890010000000001	1.0	0.9159572385229543	0.42179834059633026
2574	2	0.09885508424288111	0.5626918859316455	0.145001	0.271001	1.0	0.6530501099585062	0.3415512320754717
2579	9	0.166262171077075	0.7778875172584466	0.047001	0.028001	1.0	0.4232677594936709	0.270960765
2580	3	0.059423280246766186	0.21500131582949655	0.374001	0.8110010000000001	1.0	0.9194534444444445	0.44593914477766283
2582	3	0.11686798619230301	0.6782255173149215	0.08500100000000001	0.134001	1.0	0.5824884186851211	0.322993983713355
2584	16	0.2160344096570617	0.5589772015414884	0.007001	0.069001	0.843001	0.510830082278481	0.20966256818181817
2585	2	0.059057855028604084	0.25023387225460453	0.35100099999999995	0.756001	1.0	0.9026082244053775	0.43516575591397844
2594	2	0.09484994197085334	0.41537793607842066	0.162001	0.42200099999999996	1.0	0.7428506152671756	0.34547822242647064
2598	2	0.12733021358605173	0.6983273568293504	0.051001	0.149001	1.0	0.586341819112628	0.2855102523809524
2599	2	0.16178480162923353	1.1112741177964776	0.020001	0.029001000000000002	1.0	0.4232677594936709	0.21619779464285718
2600	4	0.05408360023325141	0.2997664322742573	0.452001	0.731001	1.0	0.8952861790254237	0.484797351627907
2605	2	0.060038314961960076	0.29702039006876874	0.31000099999999997	0.606001	1.0	0.8298327232779098	0.417443717112922
2610	2	0.1186781658193853	0.5359740157035531	0.003001	0.010001	1.0	0.4232677594936709	0.18211331578947368
2614	5	0.16187756135140405	0.46171861235758166	0.021001000000000002	0.212001	1.0	0.6441534515306122	0.21619779464285718
2616	2	0.16347774379953348	1.2434385134635713	0.012001	0.013000999999999999	1.0	0.4232677594936709	0.21414504285714284
2620	2	0.029947599722053245	0.09880597703415211	0.43600099999999997	0.9190010000000001	1.0	0.9721175715596331	0.47650156682464456
2621	3	0.12637854061300832	0.7017332630116832	0.095001	0.129001	1.0	0.5787303204633204	0.3246987155172414
2623	2	0.12747215655553637	0.852526969356197	0.068001	0.102001	1.0	0.5600340619047619	0.3124585992366412
2625	2	0.048657951478973865	0.15892865409816465	0.271001	0.513001	1.0	0.7906739720372837	0.40008214212548016
2626	2	0.059995360998430766	0.20740656414697448	0.201001	0.397001	1.0	0.726574846031746	0.36786373492063495
2627	4	0.09475524343413604	0.4547394462604028	0.257001	0.403001	1.0	0.7294507896389325	0.39457011051930757
2629	3	0.01840005035387387	0.034129490758364724	0.403001	0.7960010000000001	1.0	0.9159572385229543	0.4609723740079365
2634	13	0.16199639039638883	0.6204005902641163	0.076001	0.065001	1.0	0.510830082278481	0.32098590842490843
2635	2	0.11194586697193103	0.6894763897399787	0.109001	0.182001	1.0	0.6208495650887574	0.331294463800905
2636	2	0.13723224608873621	0.7798745779601497	0.032001	0.132001	1.0	0.5824884186851211	0.23652021153846156
2639	2	0.04452497300114099	0.14238723330956313	0.275001	0.530001	1.0	0.7992743511749348	0.40129779697351825
2645	2	0.08462810023922593	0.6291538304279664	0.187001	0.214001	1.0	0.6441534515306122	0.35815972259136214
2647	2	0.03426199024002814	0.1600100651212445	0.445001	0.846001	1.0	0.9421541414821945	0.4808679971883786
2648	5	0.05251376530276655	0.23009365978231258	0.48200099999999996	0.719001	1.0	0.8948483885898816	0.4993235876010781
2656	3	0.12224995844008302	0.8691286235168031	0.102001	0.063001	1.0	0.510830082278481	0.3257815872576177
2685	2	0.15298709776982367	0.7932253634587081	0.011000999999999999	0.022001	1.0	0.4232677594936709	0.21140254999999997
2709	29	0.13354595380040452	0.34457381479107163	0.35300099999999995	0.648001	1.0	0.855537845890411	0.4357710417558886
2710	7	0.061694913250804916	0.15005700160700866	0.43100099999999997	0.897001	1.0	0.9677163939393941	0.4741833520992366
2712	2	0.11099041056086086	0.659863911978585	0.100001	0.191001	1.0	0.6307041396011397	0.32570947175141246
2716	3	0.1108037851489048	0.35406264860451625	0.084001	0.34400099999999995	1.0	0.694628989492119	0.322993983713355
2717	2	0.020362700352828104	0.07388886596653073	0.47500099999999995	0.953001	1.0	0.9917059142599277	0.4953331705776172
2722	9	0.1440911841117362	0.640012259439563	0.121001	0.067001	1.0	0.510830082278481	0.331294463800905
2733	7	0.17845965970859431	0.5576028806017733	0.024001	0.064001	1.0	0.510830082278481	0.21789884251968505
2736	2	0.029839147153060713	0.08834533549200192	0.31000099999999997	0.6670010000000001	1.0	0.8670261025930103	0.417443717112922
2737	2	0.11350795432839628	0.6393227148898908	0.112001	0.241001	1.0	0.6489003558139534	0.331294463800905
2739	2	0.10379493851378664	0.483544870182969	0.132001	0.35000099999999995	1.0	0.6969795388601036	0.3348256615720524
2743	4	0.11568571419500903	0.4830528364167687	0.126001	0.174001	1.0	0.6208495650887574	0.331294463800905
2744	11	0.21901334925361077	0.7442283748316026	0.003001	0.011000999999999999	0.8050010000000001	0.4232677594936709	0.18211331578947368
2745	7	0.16594728787172147	0.47158684017406616	0.029001000000000002	0.235001	1.0	0.6489003558139534	0.2290284452054795
2746	3	0.16046801495337804	0.9174883260288206	0.024001	0.045001	1.0	0.476019752293578	0.21789884251968505
2758	2	0.11219533769711246	0.5860743926904979	0.095001	0.240001	1.0	0.6489003558139534	0.3246987155172414
2763	2	0.13773475154373752	0.6726166471101535	0.017001000000000002	0.042001000000000004	1.0	0.4633659158878505	0.21619779464285718
2776	3	0.11192869667325915	0.4013371372134129	0.121001	0.524001	1.0	0.7970622071240107	0.331294463800905
2781	2	0.05447081229667053	0.2920887102567422	0.35000099999999995	0.609001	1.0	0.8313607009456265	0.4343930602798708
2783	2	0.10676108957434151	0.8290064967408822	0.122001	0.102001	1.0	0.5600340619047619	0.331294463800905
2789	2	0.09971793671723721	0.5656595879529613	0.099001	0.260001	1.0	0.6530501099585062	0.32520841310541315
2790	2	0.01777414355659604	0.04928221809387868	0.41200099999999995	0.8110010000000001	1.0	0.9194534444444445	0.46481130430528367
2792	2	0.165125535490956	1.4768374744436148	0.011000999999999999	0.010001	1.0	0.4232677594936709	0.21140254999999997
2796	2	0.12302627353137881	0.9932560125814784	0.066001	0.065001	1.0	0.510830082278481	0.3106087877551021
2805	2	0.14143262423393801	0.9069485149883711	0.029001000000000002	0.063001	1.0	0.510830082278481	0.2290284452054795
2806	17	0.20027869614273885	0.664878464469032	0.019001	0.029001000000000002	0.981001	0.4232677594936709	0.21619779464285718
2807	2	0.08160752047043379	0.5264310205906273	0.189001	0.281001	1.0	0.6629772173076922	0.360195294214876
2808	2	0.0940024352417706	0.7302080806487993	0.157001	0.158001	1.0	0.5992603717105263	0.3415512320754717
2813	2	0.03480625950846773	0.11520663458807455	0.42300099999999996	0.901001	1.0	0.9677163939393941	0.4689616855769231
2814	2	0.1242265751167185	0.7404352915493039	0.082001	0.172001	1.0	0.6208495650887574	0.3226865290102389
2818	9	0.12689735345017014	0.5899609757500266	0.185001	0.166001	1.0	0.6112766761904762	0.3578962298657718
2819	2	0.07402693120083352	0.3544874472052272	0.278001	0.584001	1.0	0.8201621839220463	0.40261345807259075
2823	14	0.1949342220705485	0.6880986885051515	0.016001	0.029001000000000002	0.991001	0.4232677594936709	0.21619779464285718
2829	2	0.08150043053042198	0.48110712426034113	0.220001	0.37300099999999997	1.0	0.7073522253289473	0.3724833377386197
2831	6	0.0859247322569095	0.20517162471986483	0.376001	0.849001	1.0	0.9421541414821945	0.4473985067079463
2832	3	0.0952081034500461	0.49496901393591647	0.215001	0.336001	1.0	0.6881157246891652	0.3711611818181818
2842	4	0.09168028923488061	0.3156014063123418	0.252001	0.48800099999999996	1.0	0.7776802110344827	0.393708879403794
2844	2	0.0703069702721477	0.2857620191045468	0.29600099999999996	0.6830010000000001	1.0	0.8750001700000001	0.41011036287425146
2850	2	0.09925276419313522	0.4945699675477945	0.139001	0.35200099999999995	1.0	0.697349060137457	0.3403890914760915
2856	2	0.08612418497392295	0.5315548005779442	0.183001	0.30300099999999996	1.0	0.664698046641791	0.35581813322091066
2857	4	0.11562649724152897	0.41994850740493617	0.119001	0.252001	1.0	0.6520265349344978	0.331294463800905
2861	2	0.1123637110150845	0.6276571906465327	0.090001	0.228001	1.0	0.6445714530120482	0.3232746199376947
2864	6	0.2003424846690771	1.0314320794553222	0.010001	0.007001	0.980001	0.4232677594936709	0.21140254999999997
2879	2	0.021521351821077818	0.060914137685817396	0.382001	0.757001	1.0	0.9026082244053775	0.4489777298674822
2880	2	0.04545158957600164	0.28173660746132834	0.395001	0.621001	1.0	0.8384240667447308	0.4577247768844221
2881	2	0.02056441303638701	0.07516936294329321	0.47000099999999995	0.966001	1.0	0.9951681360000001	0.4939937584320875
2882	5	0.10157364072909582	0.35181386922606295	0.262001	0.594001	1.0	0.8269424223826715	0.39643983333333327
2886	2	0.1856174691018878	1.1174540353770603	0.010001	0.033001	0.999001	0.44244363953488375	0.21140254999999997
2888	2	0.09168373195075809	0.6466147567125395	0.183001	0.213001	1.0	0.6441534515306122	0.35581813322091066
2892	2	0.08967530339798561	0.4197793054531794	0.186001	0.43200099999999997	1.0	0.7432718839941262	0.35815972259136214
2897	5	0.11498083990591984	0.3666139503334717	0.196001	0.595001	1.0	0.8269424223826715	0.36391167954911435
2900	2	0.0715138186731698	0.36704781946986703	0.265001	0.511001	1.0	0.7902773132530122	0.39732919765929775
2902	4	0.07260895247187316	0.2557143898088944	0.393001	0.7940010000000001	1.0	0.9159572385229543	0.4558653450704226
2903	2	0.09435469577531044	0.5434602579442078	0.154001	0.29500099999999996	1.0	0.6629772173076922	0.3415512320754717
2904	4	0.05246858811428316	0.2062603267761073	0.447001	0.881001	1.0	0.9592012776203968	0.4812251661998132
2912	9	0.09818830726824691	0.2864436745794711	0.262001	0.527001	1.0	0.7974175236220473	0.39643983333333327
2917	3	0.05509627301035109	0.15337160850283124	0.388001	0.905001	1.0	0.9677163939393941	0.45142800504540864
2921	3	0.07695785731108461	0.23958840196391704	0.29100099999999995	0.768001	1.0	0.9072798698770493	0.4089060952955368
2923	2	0.15191163856739437	0.7936763386367464	0.026001	0.128001	1.0	0.5787303204633204	0.2220678
2924	2	0.05997382753855258	0.31808864811268167	0.315001	0.5520010000000001	1.0	0.8104540493046777	0.42024123760092275
2928	3	0.15694769764962857	0.7980010202162123	0.037001	0.083001	1.0	0.5351002928176796	0.24378373142857143
2929	2	0.20108851833464383	1.3654696700147502	0.003001	0.020001	0.979001	0.4232677594936709	0.18211331578947368
2931	7	0.11063672814087042	0.4612262217463424	0.249001	0.255001	1.0	0.6520265349344978	0.3932851410958904
2932	3	0.155079068970995	0.6629924736848671	0.031001	0.168001	1.0	0.6129909905063291	0.23362191503267973
2934	2	0.10354497493019837	0.5955734104388495	0.142001	0.268001	1.0	0.6530501099585062	0.3403890914760915
2935	2	0.02773330863015906	0.08118771101849429	0.35300099999999995	0.711001	1.0	0.8910697315217392	0.4357710417558886
2941	2	0.008509866512972843	0.02240434588007224	0.454001	0.9070010000000001	1.0	0.9677163939393941	0.48603821077065923
2942	3	0.07374624209533331	0.29498398758886707	0.247001	0.379001	1.0	0.7093963522727272	0.3917361114167813
2946	14	0.15955544739050123	0.4005428463535899	0.062001	0.341001	1.0	0.6918020228070175	0.3068118154506438
2949	4	0.08698943189675476	0.37886862695341234	0.28600099999999995	0.515001	1.0	0.7906739720372837	0.4075272820197044
2990	7	0.0886913822802392	0.26467874777830575	0.34700099999999995	0.703001	1.0	0.8893502768052517	0.4339394284164858
2991	2	0.04000564260888011	0.1249770012135511	0.28900099999999995	0.569001	1.0	0.8180276221945136	0.4083555796568627
2995	4	0.16621243829473353	0.827752875149822	0.014001	0.053001	1.0	0.49282381451612906	0.21619779464285718
3015	6	0.12073028351635345	0.4782611091878302	0.157001	0.210001	1.0	0.6441534515306122	0.3415512320754717
3016	2	0.10439740212408372	0.7563309991350307	0.114001	0.124001	1.0	0.5787303204633204	0.331294463800905
3017	2	0.085090277987755	0.3622143843505527	0.216001	0.506001	1.0	0.7888962928475034	0.3711611818181818
3018	2	0.059057855028604084	0.28429207718262484	0.332001	0.692001	1.0	0.8806591092715231	0.4267526789297659
3025	2	0.04281432457656207	0.17219452495697915	0.396001	0.839001	1.0	0.9410196040856031	0.4579630421263791
3026	2	0.08540893121939945	0.46761474056848956	0.200001	0.37300099999999997	1.0	0.7073522253289473	0.36786373492063495
3030	2	0.09206913170205198	0.6215084222365002	0.172001	0.232001	1.0	0.6445714530120482	0.3517992116402116
3033	3	0.14913556102942657	0.7428207524952469	0.032001	0.105001	1.0	0.5607825136363637	0.23652021153846156
3037	4	0.13801255174793733	0.5956308272237366	0.065001	0.100001	1.0	0.5600340619047619	0.30969484710743805
3039	2	0.1108037851489048	0.48394909092329	0.035001000000000004	0.07000100000000001	1.0	0.510830082278481	0.24378373142857143
3040	4	0.05668487729405416	0.1228456320797941	0.36000099999999996	0.889001	1.0	0.9651771685499058	0.43906556223628684
3041	2	0.1270500780168306	0.87869724093422	0.059001	0.075001	1.0	0.5178212754491018	0.3023473466666666
3043	4	0.09876939109702684	0.35967694924403143	0.232001	0.567001	1.0	0.8171901912499999	0.38213879000000006
3047	2	0.1074290505758417	0.4668893696180717	0.089001	0.41500099999999995	1.0	0.7372822080123266	0.3232746199376947
3055	3	0.04056664145254962	0.08473336587448149	0.262001	0.571001	1.0	0.8180755908529048	0.39643983333333327
3068	2	0.029407772547451673	0.08686725048433089	0.340001	0.6650010000000001	1.0	0.8663798338983052	0.4307924758241758
3079	3	0.1271625889258837	0.7655733807419689	0.096001	0.097001	1.0	0.5564286218905473	0.3246987155172414
3081	2	0.05461400541644747	0.18382367812172612	0.244001	0.453001	1.0	0.7591717340116279	0.3907139045643154
3082	2	0.03549933324650116	0.10831157939093043	0.339001	0.642001	1.0	0.85279625921659	0.43047153414096917
3086	2	0.14257949097580164	1.1148726369256887	0.036001	0.029001000000000002	1.0	0.4232677594936709	0.24378373142857143
3087	3	0.07698055177456345	0.4947279801906359	0.320001	0.35800099999999996	1.0	0.6976153831932772	0.42189449204545454
3094	2	0.1063483931688768	0.45563899131476326	0.066001	0.132001	1.0	0.5824884186851211	0.3106087877551021
3107	21	0.09736529557081196	0.2214538887401233	0.461001	0.904001	1.0	0.9677163939393941	0.4889918610855566
3120	2	0.15657190932413761	1.4133438148035857	0.025001000000000002	0.016001	1.0	0.4232677594936709	0.21837994696969698
3124	4	0.011048036524844158	0.02028584528431548	0.48700099999999996	0.985001	1.0	1.0	0.5017981706881143
3125	2	0.0	0.0	1.0	1.0	1.0	1.0	1.0
3126	2	0.09280185492878072	0.4744920355064699	0.183001	0.42800099999999996	1.0	0.7432718839941262	0.35581813322091066
3131	18	0.12856143766810468	0.4365147183545195	0.269001	0.468001	1.0	0.7675748975817923	0.39968834149484533
3132	3	0.17262326081289095	1.154410750018261	0.018001	0.014001	1.0	0.4232677594936709	0.21619779464285718
3133	2	0.14479094903859352	0.7620077215525815	0.027001	0.137001	1.0	0.5824884186851211	0.22724199270072995
3135	35	0.1514802269500921	0.38500722287286787	0.209001	0.437001	1.0	0.7432718839941262	0.37016613364055295
3141	3	0.029190048651208257	0.057415703853083526	0.330001	0.650001	1.0	0.855537845890411	0.4265595885650224
3145	27	0.1784405101455976	0.530003483620151	0.063001	0.146001	1.0	0.5824884186851211	0.30969484710743805
3146	2	0.08893449870537269	0.6711979286993381	0.178001	0.181001	1.0	0.6208495650887574	0.35280026153846156
3147	4	0.09280520075923498	0.46455780188260704	0.29100099999999995	0.406001	1.0	0.7302950904836194	0.4089060952955368
3161	3	0.041372108269541796	0.12629086779496265	0.461001	0.9350010000000001	1.0	0.982731224247949	0.4889918610855566
3162	4	0.17049385351672477	1.0240895644013843	0.025001000000000002	0.017001000000000002	1.0	0.4232677594936709	0.21837994696969698
3164	2	0.029519835074515742	0.08725063831759554	0.326001	0.6700010000000001	1.0	0.867990059550562	0.4256842049830124
3167	2	0.12850743016626093	0.8934278419007737	0.064001	0.105001	1.0	0.5607825136363637	0.30969484710743805
3170	7	0.0747066191704317	0.2435982952641293	0.41300099999999995	0.760001	1.0	0.904827140061792	0.46502944628906245
3171	3	0.09316454930962867	0.401322993427846	0.216001	0.48200099999999996	1.0	0.7776802110344827	0.3711611818181818
3172	3	0.12076729057027738	0.5620367613880589	0.071001	0.100001	1.0	0.5600340619047619	0.3124585992366412
3175	2	0.04487759242782175	0.283579067671967	0.36800099999999997	0.633001	1.0	0.8476772973286877	0.44290725782880996
3182	2	0.03002869525811395	0.08899675242121521	0.332001	0.6840010000000001	1.0	0.8753087158712543	0.4267526789297659
3190	7	0.1424483591165162	0.6412879250740745	0.107001	0.116001	1.0	0.5691453319148937	0.3298720668449198
3192	6	0.10383624341615601	0.1556617463018173	0.170001	0.645001	1.0	0.855537845890411	0.3512744677419355
3193	2	0.08356273561337918	0.36002223367989983	0.181001	0.466001	1.0	0.7653834088319089	0.3549220289115646
3194	2	0.00739827163635335	0.03761462967342667	0.503001	0.991001	1.0	1.0	0.5091836286215979
3195	2	0.05246858811428316	0.26423016737145705	0.34800099999999995	0.6740010000000001	1.0	0.8682940256983241	0.4340864649406687
3196	8	0.12403345222651387	0.4405627575235437	0.119001	0.102001	1.0	0.5600340619047619	0.331294463800905
3197	3	0.0944753703604094	0.48886765660602355	0.218001	0.34600099999999995	1.0	0.6958124399999999	0.37237800444444447
3198	2	0.048933651309414815	0.1600533459257023	0.281001	0.596001	1.0	0.8269424223826715	0.4039827344139651
3206	3	0.10541485449371554	0.4076371191005714	0.125001	0.244001	1.0	0.651234150462963	0.331294463800905
3207	3	0.10127625675342566	0.5479987544893511	0.187001	0.30800099999999997	1.0	0.664698046641791	0.35815972259136214
3208	4	0.08304165313379352	0.35816710206698704	0.206001	0.325001	1.0	0.6788517264492753	0.36946153715170277
3211	3	0.08444161167206528	0.5261197381503456	0.245001	0.28300099999999995	1.0	0.6629772173076922	0.3907139045643154
3214	10	0.13327919586582776	0.4526880324978748	0.151001	0.28200099999999995	1.0	0.6629772173076922	0.3415512320754717
3215	2	0.03971712486102948	0.20987931391171238	0.41100099999999995	0.757001	1.0	0.9026082244053775	0.46459230686274505
3225	3	0.08230123411913912	0.3950936348520952	0.272001	0.461001	1.0	0.7647973424460431	0.401044952685422
3228	2	0.10605759107749826	0.45381925118630906	0.051001	0.114001	1.0	0.5690822017167382	0.2855102523809524
3240	5	0.08806626758674194	0.28287335307000977	0.30600099999999997	0.600001	1.0	0.8276906583333333	0.41557026266195524
3241	2	0.021793780929949186	0.07839611753116746	0.47600099999999995	0.951001	1.0	0.9917059142599277	0.4953331705776172
3242	2	0.21103942177454804	1.3667083374258977	0.002001	0.011000999999999999	0.9090010000000001	0.4232677594936709	0.1774733076923077
3243	2	0.03619365542065893	0.18379664702080656	0.43500099999999997	0.7890010000000001	1.0	0.9159572385229543	0.4763116362773029
3244	3	0.09510873783799817	0.35976540660850986	0.166001	0.29500099999999996	1.0	0.6629772173076922	0.3492685273722628
3247	2	0.11809590372524136	0.5410851758363203	0.091001	0.30500099999999997	1.0	0.664698046641791	0.3246987155172414
3249	22	0.10952741396964458	0.33874763009145936	0.41800099999999996	0.641001	1.0	0.8524500034602077	0.4674335453667953
3257	7	0.16448553316494507	0.5372546794126649	0.023001	0.020001	1.0	0.4232677594936709	0.21789884251968505
3261	3	0.09222777301589258	0.5516886025060065	0.220001	0.273001	1.0	0.6530501099585062	0.3724833377386197
3270	6	0.12130610618284535	0.3373198870203282	0.197001	0.6720010000000001	1.0	0.8682940256983241	0.3651803102893891
3274	2	0.11693653070161522	0.6554445551755225	0.094001	0.195001	1.0	0.6351303757062147	0.3246987155172414
3276	2	0.18452173156040588	1.148262514918105	0.005001	0.030001	0.999001	0.42552563095238094	0.18600493548387098
3279	3	0.06018276655295844	0.23144076081399664	0.36900099999999997	0.753001	1.0	0.9015681754932504	0.4436477090719499
3280	2	0.027560332346681905	0.09383481250887626	0.47300099999999995	0.960001	1.0	0.9940377376902417	0.4948912459165154
3281	3	0.06827307213846412	0.2568434353724569	0.34900099999999995	0.778001	1.0	0.912548477110885	0.4340864649406687
3282	13	0.13375139369130898	0.5531242276611884	0.20200100000000001	0.075001	1.0	0.5178212754491018	0.3679417898894155
3309	2	0.06343169345645605	0.22301474684059014	0.201001	0.376001	1.0	0.7086750455284552	0.36786373492063495
3310	2	0.05680803197989534	0.1968602441854271	0.35600099999999996	0.827001	1.0	0.9311837431640625	0.43713434824281144
3318	2	0.14395375240402863	1.1379557814349606	0.032001	0.027001	1.0	0.4232677594936709	0.23652021153846156
3321	2	0.06227801180921441	0.22675372532429106	0.321001	0.720001	1.0	0.8948483885898816	0.42189449204545454
3323	6	0.1269883885511479	0.42567415948004456	0.132001	0.316001	1.0	0.6747206537037037	0.3348256615720524
3324	2	0.13438948187047323	0.6820556080398851	0.046001	0.180001	1.0	0.6208495650887574	0.270960765
3325	3	0.1654425690328036	1.1264058872257607	0.022001	0.009000999999999999	1.0	0.4232677594936709	0.21789884251968505
3326	2	0.13808325524701376	1.1565707071900053	0.041001	0.026001	1.0	0.4232677594936709	0.2583287049180328
3328	2	0.10944804277120254	0.4752489333547879	0.052001	0.107001	1.0	0.5607825136363637	0.2855102523809524
3335	12	0.12224794447886024	0.3219244386851712	0.244001	0.575001	1.0	0.8184890777777777	0.3907139045643154
3336	2	0.15726100802500448	0.8472093088754908	0.023001	0.108001	1.0	0.5609241126126125	0.21789884251968505
3337	2	0.1164283427706766	0.9749372995485325	0.052001	0.038001	1.0	0.4633659158878505	0.2855102523809524
3339	6	0.158661612280819	0.7609510440464969	0.048001	0.055001	1.0	0.507329224	0.27534901990049754
3340	4	0.03977896361394196	0.11675814697504325	0.467001	0.9120010000000001	1.0	0.9677163939393941	0.49263691948764865
3341	2	0.0275765498492737	0.13712662936584413	0.47600099999999995	0.860001	1.0	0.9479743336520077	0.4953331705776172
3342	3	0.11623878510961028	0.48077160971118743	0.105001	0.30800099999999997	1.0	0.664698046641791	0.3272058189189189
3345	3	0.11983694742940326	0.6775755474354132	0.082001	0.152001	1.0	0.5881112516778523	0.3226865290102389
3346	7	0.12224384232293595	0.4957021708173523	0.164001	0.30900099999999997	1.0	0.664698046641791	0.3469599137614679
3349	2	0.12751080415723634	0.5973974296269686	0.031001	0.061001	1.0	0.510830082278481	0.23362191503267973
3351	2	0.04323853604969158	0.13735973488043637	0.268001	0.5390010000000001	1.0	0.8050105608808291	0.39923146382428937
3353	2	0.018923340633985434	0.06934983515132748	0.463001	0.963001	1.0	0.9940377376902417	0.48976160825688075
3371	2	0.002898673806424737	0.007391462270102974	0.49800099999999997	0.961001	1.0	0.9940377376902417	0.5050089296394019
3373	2	0.025811342936915276	0.12983797380101642	0.451001	0.845001	1.0	0.9421541414821945	0.4841751890130354
3374	3	0.05432157943452244	0.1779848195583458	0.401001	0.728001	1.0	0.8952861790254237	0.4609712392821535
3376	2	0.027560332346681905	0.08787228586052241	0.447001	0.951001	1.0	0.9917059142599277	0.4812251661998132
3381	3	0.09285887400162471	0.2978808423173707	0.163001	0.387001	1.0	0.717382882636656	0.34547822242647064
3386	2	0.054959813609087964	0.21245041041591173	0.374001	0.770001	1.0	0.9077823650306749	0.44593914477766283
3387	5	0.14753238017298892	0.5683344420607608	0.043001	0.10100100000000001	1.0	0.5600340619047619	0.26945735326086956
3388	2	0.09917045831965104	0.41171863411769327	0.069001	0.142001	1.0	0.5824884186851211	0.3124585992366412
3390	3	0.08424923667428384	0.36705745986783894	0.28300099999999995	0.5450010000000001	1.0	0.8091762892030849	0.40635137359900364
3416	9	0.1867883905832367	0.8278388996656031	0.014001	0.008001	0.999001	0.4232677594936709	0.21619779464285718
3422	2	0.041849343955888844	0.23408524396209146	0.385001	0.6690010000000001	1.0	0.867990059550562	0.45020908012170385
3424	2	0.09168028923488061	0.36808052316402706	0.119001	0.262001	1.0	0.6530501099585062	0.331294463800905
3426	3	0.03047134359619711	0.11786329114379408	0.449001	0.818001	1.0	0.9246619147058823	0.4829273815298507
3431	4	0.0900351765853909	0.4892227169090194	0.280001	0.333001	1.0	0.6844031247771836	0.40355144125
3432	5	0.23352380860050911	1.2658349706434144	0.001001	0.002001	0.5450010000000001	0.3845255	0.144269125
3433	2	0.10507637160440682	0.5075893660856334	0.11700100000000001	0.330001	1.0	0.6831079946140036	0.331294463800905
3441	4	0.046116564331111394	0.172365877072994	0.42100099999999996	0.7930010000000001	1.0	0.9159572385229543	0.4680946509161041
3442	2	0.062001806061262515	0.21646770519833952	0.173001	0.35900099999999996	1.0	0.6976153831932772	0.3517992116402116
3453	2	0.10138302853688563	0.7109439756577576	0.11700100000000001	0.157001	1.0	0.5974328481848185	0.331294463800905
3454	5	0.2144256762849252	0.8918566559903376	0.004001	0.029001000000000002	0.874001	0.4232677594936709	0.18452612
3455	3	0.1736375509607767	0.7675239631754094	0.013000999999999999	0.043001	1.0	0.4633659158878505	0.21414504285714284
3477	2	0.07828886467776336	0.29552869320223596	0.120001	0.259001	1.0	0.6520265349344978	0.331294463800905
3478	9	0.20731385179535547	0.61109777823421	0.008001	0.009000999999999999	0.944001	0.4232677594936709	0.20966256818181817
3480	2	0.016311217103138268	0.07983329230197016	0.47200099999999995	0.966001	1.0	0.9951681360000001	0.4947428663636363
3483	4	0.1323175222990841	0.42017794959019206	0.065001	0.242001	1.0	0.6489003558139534	0.30969484710743805
3484	4	0.12283114303196707	0.3081203253083732	0.110001	0.464001	1.0	0.7653834088319089	0.331294463800905
3491	2	0.1299925738145258	0.8602743801039434	0.082001	0.095001	1.0	0.5560210812182741	0.3226865290102389
3509	3	0.1042848142202166	0.490689597264585	0.153001	0.332001	1.0	0.6835663446428571	0.3415512320754717
3510	2	0.1472043408218982	0.8727450189406645	0.041001	0.097001	1.0	0.5564286218905473	0.2583287049180328
3518	11	0.059057855028604084	0.17446048731356106	0.48600099999999996	0.953001	1.0	0.9917059142599277	0.5012157003577817
3520	5	0.1164636634608518	0.46242713428731685	0.168001	0.219001	1.0	0.6441534515306122	0.3502805660036167
3521	2	0.1330175454947336	0.66791639169951	0.040001	0.152001	1.0	0.5881112516778523	0.25622862777777783
3522	4	0.15606641143803657	0.4864697722556029	0.029001000000000002	0.179001	1.0	0.6208495650887574	0.2290284452054795
3524	3	0.07491259357782845	0.29002704972731125	0.29700099999999996	0.6670010000000001	1.0	0.8670261025930103	0.41011036287425146
3527	4	0.05780078470325724	0.23427270563349295	0.41300099999999995	0.822001	1.0	0.9282734113614104	0.46502944628906245
3530	3	0.04140407893732554	0.08685953192746894	0.275001	0.526001	1.0	0.7974175236220473	0.40129779697351825
3531	2	0.13405564158354916	0.9725273325974794	0.047001	0.051001	1.0	0.49282381451612906	0.270960765
3540	6	0.17083333131048795	0.4989550674741326	0.040001	0.331001	1.0	0.6835663446428571	0.25622862777777783
3556	16	0.147565515346739	0.4110388432454074	0.154001	0.265001	1.0	0.6530501099585062	0.3415512320754717
3566	2	0.09055537771052627	0.3929938640982343	0.195001	0.527001	1.0	0.7974175236220473	0.3638125453074434
3572	8	0.1380566585316778	0.43170467857017447	0.120001	0.173001	1.0	0.6208495650887574	0.331294463800905
3573	11	0.10266402011317081	0.35609602497983794	0.35600099999999996	0.464001	1.0	0.7653834088319089	0.43713434824281144
3575	2	0.015205178458876069	0.0607041370780631	0.49300099999999997	0.961001	1.0	0.9940377376902417	0.5030355336283185
3577	2	0.1145750805075991	0.6340767965811462	0.086001	0.211001	1.0	0.6441534515306122	0.322993983713355
3578	2	0.10915481873023894	0.5420156814378176	0.102001	0.29200099999999996	1.0	0.6629772173076922	0.3257815872576177
3579	2	0.055046055143824574	0.2995703339731488	0.336001	0.596001	1.0	0.8269424223826715	0.43045461444444444
3582	2	0.08070936449517058	0.523210482327519	0.241001	0.336001	1.0	0.6881157246891652	0.38972531977559605
3584	2	0.07086082622894659	0.46146609470171573	0.276001	0.401001	1.0	0.7287848317610063	0.40129779697351825
3592	3	0.057106269584754565	0.22939351285970613	0.329001	0.5380010000000001	1.0	0.8050105608808291	0.42622264382022473
3595	5	0.10037581014076688	0.33188287946104256	0.215001	0.463001	1.0	0.7653834088319089	0.3711611818181818
3601	2	0.21212365843378525	1.6138634819056623	0.003001	0.007001	0.895001	0.4232677594936709	0.18211331578947368
3602	2	0.05527792853947805	0.31844524757976905	0.321001	0.5390010000000001	1.0	0.8050105608808291	0.42189449204545454
3617	3	0.07132477553585415	0.1736741413500065	0.156001	0.29600099999999996	1.0	0.6629772173076922	0.3415512320754717
3620	2	0.11358049538191178	0.929912569990326	0.088001	0.077001	1.0	0.5253381834319527	0.3232746199376947
3632	3	0.09458283776426464	0.37426644292436434	0.216001	0.5580010000000001	1.0	0.8111572273869349	0.3711611818181818
3634	5	0.12734466739721065	0.5628678482746563	0.133001	0.218001	1.0	0.6441534515306122	0.3348256615720524
3635	3	0.009932252617797087	0.017573311705605988	0.462001	0.891001	1.0	0.9655302189849625	0.4891525739210285
3636	4	0.09366619487944779	0.21832853504924948	0.142001	0.36600099999999997	1.0	0.7033319216666666	0.3403890914760915
3639	2	0.10217987083001383	0.44649930865329873	0.132001	0.387001	1.0	0.717382882636656	0.3348256615720524
3649	3	0.11480579803600285	0.4589983288683251	0.125001	0.378001	1.0	0.7086750455284552	0.331294463800905
3654	10	0.09692573508677095	0.3352201985847404	0.36000099999999996	0.37200099999999997	1.0	0.7073522253289473	0.43906556223628684
3657	5	0.13414455964885555	0.6154967676065288	0.079001	0.075001	1.0	0.5178212754491018	0.3218662650176678
3658	2	0.05138578509320808	0.25078065144911016	0.37300099999999997	0.729001	1.0	0.8952861790254237	0.44593914477766283
3660	2	0.07551933595403973	0.3101873080143314	0.218001	0.573001	1.0	0.8180755908529048	0.37237800444444447
3663	2	0.1736992641913785	1.0295873950288983	0.012001	0.038001	1.0	0.4633659158878505	0.21414504285714284
3673	2	0.11947340974167574	0.6219768785488201	0.041001	0.215001	1.0	0.6441534515306122	0.2583287049180328
3674	3	0.15750584624356603	0.847641363542143	0.027001	0.016001	1.0	0.4232677594936709	0.22724199270072995
3675	2	0.03591899243175697	0.10983457200282284	0.29900099999999996	0.598001	1.0	0.8276906583333333	0.41090363885578063
3677	2	0.046498452327681086	0.21204380693173014	0.384001	0.766001	1.0	0.9070278492307692	0.44995239126016257
3682	33	0.14747055386162883	0.44683011154547037	0.245001	0.257001	1.0	0.6520265349344978	0.3907139045643154
3690	4	0.12989157335140233	0.7623176397939535	0.092001	0.125001	1.0	0.5787303204633204	0.3246987155172414
3693	2	0.19052519832536252	1.2518654549196662	0.006001	0.029001000000000002	0.997001	0.4232677594936709	0.20350450000000003
3694	5	0.1108435216692038	0.3525883309824835	0.206001	0.655001	1.0	0.8572260533484677	0.36946153715170277
3708	23	0.1883845252868713	0.5377785605893599	0.046001	0.114001	0.998001	0.5690822017167382	0.270960765
3714	2	0.11371825300918598	0.5029067956850183	0.044001	0.092001	1.0	0.552485171875	0.270960765
3721	2	0.07675337586003256	0.5661059998090869	0.230001	0.262001	1.0	0.6530501099585062	0.38047511190817795
3727	2	0.06555425860693648	0.33449100379768787	0.276001	0.501001	1.0	0.7888962928475034	0.40129779697351825
3730	2	0.034507068964413135	0.13465325420826368	0.403001	0.866001	1.0	0.951858105815062	0.4609723740079365
3736	12	0.1337494705490815	0.5898494715693777	0.192001	0.091001	1.0	0.5522323842105263	0.36183764715447153
3737	2	0.04794979375985574	0.18291717272185848	0.381001	0.7990010000000001	1.0	0.9166648288557215	0.4489777298674822
3738	2	0.054696330443027186	0.3442299601034756	0.36100099999999996	0.603001	1.0	0.8276906583333333	0.43906556223628684
3739	2	0.09502781461302295	0.6306659339765057	0.141001	0.188001	1.0	0.6307041396011397	0.3403890914760915
3740	2	0.048933651309414815	0.17537614378221122	0.375001	0.868001	1.0	0.9531477647619048	0.4466695795454545
3744	4	0.08884982280944119	0.3589646514739476	0.221001	0.35000099999999995	1.0	0.6969795388601036	0.37253531140350876
3752	2	0.10624974678443769	0.5894850299258949	0.11700100000000001	0.248001	1.0	0.6520265349344978	0.331294463800905
3755	4	0.11940659426468497	0.5309546046365943	0.099001	0.137001	1.0	0.5824884186851211	0.32520841310541315
3762	3	0.09679281318956709	0.33234158903740607	0.147001	0.322001	1.0	0.6783609344262295	0.3415512320754717
3763	4	0.117263660678621	0.5883569433461383	0.125001	0.091001	1.0	0.5522323842105263	0.331294463800905
3764	2	0.038619517662943165	0.11977739552170806	0.28900099999999995	0.584001	1.0	0.8201621839220463	0.4083555796568627
3765	3	0.17253322900158805	0.9449502267949771	0.008001	0.031001	1.0	0.42552563095238094	0.20966256818181817
3769	2	0.027356967768125774	0.07992385849479122	0.34700099999999995	0.693001	1.0	0.8809593748621829	0.4339394284164858
3773	2	0.15150626080177365	1.1018331856973291	0.020001	0.037001	1.0	0.4633659158878505	0.21619779464285718
3776	4	0.10194909883066011	0.4791034753597097	0.231001	0.36300099999999996	1.0	0.7010722830820769	0.38158188108882524
3778	2	0.07153227589726481	0.27829795666911916	0.260001	0.635001	1.0	0.8493690870069607	0.39643983333333327
3786	2	0.0009749202433185257	0.0024586580196463296	0.515001	0.991001	1.0	1.0	0.5195066955380578
3787	3	0.10715522728110868	0.46607437185959516	0.104001	0.167001	1.0	0.6112766761904762	0.3272058189189189
3788	3	0.019478761147768336	0.04835345416118491	0.48900099999999996	0.993001	1.0	1.0	0.5029599937555753
3792	3	0.04086479121599863	0.18326646217578033	0.458001	0.865001	1.0	0.9516661765267176	0.48760401939058173
3795	2	0.049766156739394704	0.2221401362655737	0.379001	0.7960010000000001	1.0	0.9159572385229543	0.4486531344969199
3804	2	0.07903307437872784	0.5970947590937059	0.213001	0.227001	1.0	0.6445714530120482	0.3711611818181818
3807	2	0.08605573161310878	0.3367622321694156	0.157001	0.29600099999999996	1.0	0.6629772173076922	0.3415512320754717
3809	5	0.09549482680110367	0.26841404590302387	0.30000099999999996	0.8090010000000001	1.0	0.9189932541871921	0.41178708690476185
3810	2	0.026435420822327547	0.07684857641213866	0.387001	0.774001	1.0	0.9097075973496433	0.45117507886754293
3831	13	0.14305746150886656	0.4887768597030658	0.157001	0.148001	1.0	0.5844012089041096	0.3415512320754717
3836	2	0.08155608551569135	0.34250696839314354	0.238001	0.619001	1.0	0.8376856255868544	0.3875920240112994
3843	4	0.024908599457288613	0.052695904218734324	0.468001	0.9110010000000001	1.0	0.9677163939393941	0.49279009406392693
3844	9	0.13655032223205998	0.43128765832033555	0.160001	0.458001	1.0	0.7631143829479768	0.34482458504672897
3848	2	0.10292940447842422	0.6899722401643882	0.126001	0.14000100000000001	1.0	0.5824884186851211	0.331294463800905
3856	2	0.09298815246582745	0.41535485483930706	0.147001	0.42100099999999996	1.0	0.7422234755351681	0.3415512320754717
3866	2	0.10185394166843938	0.641807637525825	0.137001	0.20300100000000001	1.0	0.6441534515306122	0.33824872162740904
3869	6	0.18070147999926156	0.6275717655056703	0.018001	0.152001	0.999001	0.5881112516778523	0.21619779464285718
3870	6	0.1139566511610684	0.6723974227326622	0.177001	0.043001	1.0	0.4633659158878505	0.352473493955095
3882	2	0.1016270808515397	0.5302365331746044	0.120001	0.279001	1.0	0.6605506221765914	0.331294463800905
3883	13	0.15592060098327548	0.6615828202862022	0.090001	0.022001	1.0	0.4232677594936709	0.3232746199376947
3891	2	0.10301181987768496	0.43496529669609973	0.059001	0.120001	1.0	0.5765047254098361	0.3023473466666666
3894	2	0.07627740612335607	0.4332410798302741	0.224001	0.378001	1.0	0.7086750455284552	0.3748521814223512
3896	2	0.12142046592350311	0.6149246752739889	0.064001	0.224001	1.0	0.6445714530120482	0.30969484710743805
3897	2	0.0505160849739765	0.16656048183872793	0.252001	0.48600099999999996	1.0	0.7776802110344827	0.393708879403794
3899	3	0.17837080369394834	0.8186649889599559	0.011000999999999999	0.086001	1.0	0.5359954216216216	0.21140254999999997
3903	2	0.07623398302146968	0.36341703495266975	0.236001	0.507001	1.0	0.7888962928475034	0.385970429787234
3915	3	0.07856620857054814	0.30810767022290025	0.269001	0.603001	1.0	0.8276906583333333	0.39968834149484533
3918	2	0.06748296269614469	0.4146410408385351	0.278001	0.443001	1.0	0.7467546096491228	0.40261345807259075
3919	4	0.02880344877827904	0.09702659271501572	0.49200099999999997	0.984001	1.0	1.0	0.5030355336283185
3923	3	0.16053356152435977	0.7531785594598559	0.022001	0.098001	1.0	0.5593819455445544	0.21789884251968505
3925	2	0.14161737228877264	0.7425939819914592	0.037001	0.142001	1.0	0.5824884186851211	0.24378373142857143
3926	2	0.076362334612456	0.39807304654057496	0.244001	0.47200099999999995	1.0	0.7697555205091937	0.3907139045643154
3933	5	0.14732434774010728	0.32743008159972453	0.046001	0.506001	1.0	0.7888962928475034	0.270960765
3950	2	0.11446282975436502	0.6789823996090923	0.089001	0.194001	1.0	0.6336633229461757	0.3232746199376947
3951	4	0.157784075652295	0.5409391247953771	0.030001	0.250001	1.0	0.6520265349344978	0.23215538926174495
3952	3	0.0659976355387421	0.18767506261835454	0.322001	0.859001	1.0	0.9479743336520077	0.42189449204545454
3960	2	0.045986100422538395	0.14816703477875606	0.247001	0.511001	1.0	0.7902773132530122	0.3917361114167813
3966	8	0.14725626221502242	0.5066481773136258	0.097001	0.30700099999999997	1.0	0.664698046641791	0.3246987155172414
3969	2	0.05445537818744246	0.18314430969607953	0.210001	0.41900099999999996	1.0	0.7415944150076569	0.3707980903522205
3972	7	0.1270980978421724	0.4482771075394291	0.163001	0.28600099999999995	1.0	0.6629772173076922	0.34547822242647064
3986	2	0.03999359642099705	0.20474023073447611	0.40800099999999995	0.747001	1.0	0.8990523517745302	0.4636953323500491
3994	2	0.009853612999876383	0.026139671198114268	0.48100099999999996	0.901001	1.0	0.9677163939393941	0.49873574910071944
3995	2	0.1290934577586953	0.7688034787305704	0.033001	0.11700100000000001	1.0	0.5716192923728813	0.2423576624203822
3999	2	0.05118347435812354	0.1693313496444755	0.29600099999999996	0.578001	1.0	0.8191265680981595	0.41011036287425146
4004	2	0.004504853457808988	0.011593214337346534	0.49300099999999997	0.944001	1.0	0.9894846845454545	0.5030355336283185
4006	3	0.10021829722945784	0.3674341341805348	0.130001	0.257001	1.0	0.6520265349344978	0.3348256615720524
4007	2	0.09189305431592487	0.5078889994540547	0.162001	0.30600099999999997	1.0	0.664698046641791	0.34547822242647064
4008	4	0.11980613344662944	0.38841783695447446	0.14000100000000001	0.503001	1.0	0.7888962928475034	0.3403890914760915
4009	2	0.028615618696814324	0.16477514945399802	0.444001	0.875001	1.0	0.956280713744076	0.48023747936210126
4010	7	0.10386741444823824	0.3205707315827787	0.274001	0.565001	1.0	0.8153268498122652	0.40129779697351825
4012	3	0.08181459802451642	0.3387870337803558	0.31100099999999997	0.649001	1.0	0.855537845890411	0.417443717112922
4020	4	0.13565690080465978	0.5574371241643168	0.094001	0.257001	1.0	0.6520265349344978	0.3246987155172414
4021	2	0.12373417504758544	0.5906690361634503	0.061001	0.238001	1.0	0.6489003558139534	0.3068118154506438
4022	2	0.14775075019699216	1.0010543551135602	0.028001	0.051001	1.0	0.49282381451612906	0.2290284452054795
4024	2	0.0	0.0	1.0	1.0	1.0	1.0	1.0
4025	8	0.10292940447842425	0.37341552042235776	0.338001	0.653001	1.0	0.8565530750853242	0.43047153414096917
4027	3	0.07903722073116515	0.2739432271933524	0.28700099999999995	0.704001	1.0	0.8893502768052517	0.4075272820197044
4028	2	0.06361223863040996	0.347516941303069	0.29900099999999996	0.5520010000000001	1.0	0.8104540493046777	0.41090363885578063
4032	2	0.04105927063893427	0.14674332621344716	0.43600099999999997	0.901001	1.0	0.9677163939393941	0.47650156682464456
4035	2	0.04195690844650249	0.19266532320644408	0.385001	0.7870010000000001	1.0	0.9159572385229543	0.45020908012170385
4041	3	0.05216373033266121	0.1396799859301979	0.389001	0.900001	1.0	0.9677163939393941	0.4521352348790323
4053	7	0.13046528569603655	0.26419800342699523	0.126001	0.601001	1.0	0.8276906583333333	0.331294463800905
4057	4	0.11963842520943485	0.6206011199568626	0.073001	0.144001	1.0	0.5824884186851211	0.31524401872659175
4058	3	0.10598789340846483	0.35212682405882506	0.128001	0.315001	1.0	0.6738333079777366	0.3331493295711061
4061	6	0.1663315081667092	0.7551480661247089	0.020001	0.026001	1.0	0.4232677594936709	0.21619779464285718
4062	2	0.07118646449370242	0.4581874713825588	0.23400100000000001	0.36200099999999996	1.0	0.700314015100671	0.38378826884779516
4065	2	0.13457786668993865	0.6489143899767986	0.021001000000000002	0.052001	1.0	0.49282381451612906	0.21619779464285718
4067	3	0.05246858811428316	0.11647420945653582	0.250001	0.48200099999999996	1.0	0.7776802110344827	0.393708879403794
4070	2	0.11690279385334634	0.5939492945239163	0.078001	0.226001	1.0	0.6445714530120482	0.3218662650176678
4071	2	0.11897940407527205	0.9963726146461183	0.098001	0.059001	1.0	0.510830082278481	0.3246987155172414
4072	2	0.0032504299570974516	0.00830514955180933	0.47700099999999995	0.970001	1.0	0.9951681360000001	0.4959261974752028
4074	4	0.06025747613893863	0.10429098170944713	0.205001	0.399001	1.0	0.7279242927215189	0.36946153715170277
4078	4	0.12405859553658861	0.4586653696682336	0.065001	0.062001	1.0	0.510830082278481	0.30969484710743805
4079	5	0.0633355909106254	0.26132849942908964	0.43200099999999997	0.8050010000000001	1.0	0.9189932541871921	0.4743782409523809
4081	2	0.14913556102942657	0.7618079452835245	0.010001	0.017001000000000002	1.0	0.4232677594936709	0.21140254999999997
4083	3	0.12192075843019126	0.40723926561956086	0.088001	0.228001	1.0	0.6445714530120482	0.3232746199376947
4085	2	0.006834189585692648	0.02818697907066106	0.48500099999999996	0.989001	1.0	1.0	0.5010807822580644
4088	2	0.012097390061815882	0.056876016526315014	0.508001	0.967001	1.0	0.9951681360000001	0.5128941795096323
4096	2	0.03232460246016258	0.09698141559071877	0.29300099999999996	0.621001	1.0	0.8384240667447308	0.4089060952955368
4101	3	0.15773514097131638	0.5663194412269043	0.021001000000000002	0.107001	1.0	0.5607825136363637	0.21619779464285718
4122	2	0.10446922599163577	0.6050867189805623	0.125001	0.242001	1.0	0.6489003558139534	0.331294463800905
4126	3	0.0564022604733291	0.17729798087614593	0.316001	0.655001	1.0	0.8572260533484677	0.42024123760092275
4133	2	0.08636474125086745	0.5416737665295925	0.192001	0.29900099999999996	1.0	0.6629772173076922	0.36183764715447153
4136	11	0.12408904687139358	0.518774566554104	0.237001	0.139001	1.0	0.5824884186851211	0.387056873937677
4138	2	0.1015140501692742	0.487503435919369	0.126001	0.35500099999999996	1.0	0.6976153831932772	0.331294463800905
4230	2	0.25320014778559613	1.8668347078800889	1e-06	0.004001	0.223001	0.4193775454545455	0.0003843333333333333
4232	2	0.10234529368874058	0.4828694418832378	0.122001	0.35100099999999995	1.0	0.697349060137457	0.331294463800905
4233	2	0.07989898218077984	0.4582533900432702	0.193001	0.35700099999999996	1.0	0.6976153831932772	0.36183764715447153
4235	2	0.0	0.0	1.0	1.0	1.0	1.0	1.0
4237	6	0.25465057403139013	0.979717061839473	1e-06	0.002001	0.211001	0.3845255	0.0003843333333333333
4242	3	0.052116988565645936	0.1943384475518679	0.34600099999999995	0.610001	1.0	0.8313607009456265	0.4336295141304347
4243	2	0.08457454399539849	0.6226529826998988	0.196001	0.242001	1.0	0.6489003558139534	0.36391167954911435
4244	2	0.12988779498056024	0.8173719269595001	0.053001	0.110001	1.0	0.5662105044642858	0.2882554386792453
4248	2	0.05176679073718259	0.2044163039502651	0.329001	0.762001	1.0	0.904827140061792	0.42622264382022473
4255	2	0.059057855028604084	0.2756452277771121	0.34900099999999995	0.705001	1.0	0.8893502768052517	0.4340864649406687
4259	3	0.1810654364533803	1.0408333709353468	0.013000999999999999	0.027001	0.999001	0.4232677594936709	0.21414504285714284
4268	7	0.08597790856958473	0.2387308037685499	0.30900099999999997	0.459001	1.0	0.7636769884559884	0.417443717112922
4270	3	0.08446548017425845	0.2824967481710735	0.276001	0.736001	1.0	0.896102590285111	0.40129779697351825
4279	2	0.08530901855004634	0.5919366311268446	0.161001	0.250001	1.0	0.6520265349344978	0.34547822242647064
4280	4	0.0836250299000776	0.43926479938088203	0.279001	0.43300099999999997	1.0	0.7432718839941262	0.40261345807259075
4281	2	0.026449923373531792	0.1503310203362328	0.464001	0.846001	1.0	0.9421541414821945	0.4903695261228231
4282	2	0.17700301442748143	1.0284395757468046	0.005001	0.044001	1.0	0.46975141666666664	0.18600493548387098
4288	4	0.21323519118045609	1.0749264336968603	0.005001	0.013000999999999999	0.886001	0.4232677594936709	0.18600493548387098
4291	2	0.05792881921242945	0.360123400567506	0.337001	0.524001	1.0	0.7970622071240107	0.43047153414096917
4292	2	0.09193886966113325	0.6531713891441899	0.150001	0.192001	1.0	0.6307041396011397	0.3415512320754717
4298	5	0.12712017379093815	0.6534565973069995	0.127001	0.125001	1.0	0.5787303204633204	0.331294463800905
4303	3	0.12827470230139196	0.8293064150398387	0.096001	0.081001	1.0	0.5306485965909091	0.3246987155172414
4317	5	0.11615012787053022	0.5758312942423662	0.191001	0.213001	1.0	0.6441534515306122	0.3616160147783251
4321	2	0.08718064313746314	0.38716375318873	0.207001	0.582001	1.0	0.8193493931623932	0.36946153715170277
4325	2	0.0865172754703405	0.3392857479214593	0.094001	0.189001	1.0	0.6307041396011397	0.3246987155172414
4338	2	0.10337833075815013	0.5206245585146239	0.131001	0.30400099999999997	1.0	0.664698046641791	0.3348256615720524
4345	3	0.0	0.0	1.0	1.0	1.0	1.0	1.0
4351	3	0.07064412090482591	0.4200420325458671	0.34400099999999995	0.457001	1.0	0.7631143829479768	0.43253342748091594
4355	3	0.10208274418211442	0.5827506482785768	0.17100100000000001	0.223001	1.0	0.6445714530120482	0.3514512531194296
4363	6	0.15527382906354154	0.47954600759822924	0.053001	0.097001	1.0	0.5564286218905473	0.2882554386792453
4364	2	0.0702105182967734	0.2807088212519988	0.264001	0.638001	1.0	0.8514064270833334	0.39732919765929775
4377	5	0.13044279241175644	0.6195311552288323	0.112001	0.086001	1.0	0.5359954216216216	0.331294463800905
4389	2	0.040339224261631855	0.1857234147313046	0.40900099999999995	0.7920010000000001	1.0	0.9159572385229543	0.4636953323500491
4412	2	0.06257503390435465	0.21908336974597423	0.190001	0.377001	1.0	0.7086750455284552	0.3603143963815789
4426	2	0.028159815305772537	0.08262563336952458	0.34900099999999995	0.709001	1.0	0.8910697315217392	0.4340864649406687
4429	2	0.1121984456998435	0.7804248676985198	0.07000100000000001	0.143001	1.0	0.5824884186851211	0.3124585992366412
4432	6	0.09422753097319496	0.2713862395261328	0.257001	0.466001	1.0	0.7653834088319089	0.39457011051930757
4433	2	0.07874289693415422	0.29787547940035075	0.113001	0.263001	1.0	0.6530501099585062	0.331294463800905
4435	2	0.09614820281790898	0.6697732139011077	0.152001	0.190001	1.0	0.6307041396011397	0.3415512320754717
4436	2	0.08978702005355324	0.35901820622207026	0.186001	0.5420010000000001	1.0	0.8073994224806202	0.35815972259136214
4440	2	0.05377507317440651	0.33195513483531014	0.322001	0.5540010000000001	1.0	0.8104540493046777	0.42189449204545454
4441	2	0.01778997991095303	0.04933044294063012	0.41900099999999996	0.8040010000000001	1.0	0.9189932541871921	0.4674335453667953
4452	2	0.1399684883871772	0.9227147909001574	0.039001	0.065001	1.0	0.510830082278481	0.2540573615819209
4455	3	0.029386274339298517	0.08425882718379174	0.43500099999999997	0.894001	1.0	0.9669635581613508	0.4763116362773029
4456	2	0.07330051332973908	0.27026000782809523	0.142001	0.28900099999999995	1.0	0.6629772173076922	0.3403890914760915
4465	2	0.14260767387213236	0.8704813091238085	0.025001000000000002	0.072001	1.0	0.512451561728395	0.21837994696969698
4470	2	0.14364854981379221	0.7181754210442378	0.019001	0.042001000000000004	1.0	0.4633659158878505	0.21619779464285718
4474	2	0.1130538934222342	0.9697144576074105	0.102001	0.066001	1.0	0.510830082278481	0.3257815872576177
4480	3	0.033253860955105255	0.06740708113287648	0.406001	0.9230010000000001	1.0	0.9736689414455626	0.4630258684470821
4486	2	0.017763152452693783	0.09684087446085331	0.48000099999999996	0.9240010000000001	1.0	0.9738328638025595	0.4981468523852385
4491	2	0.14435517693480923	0.7237206741819409	0.018001	0.032001	1.0	0.43408415294117647	0.21619779464285718
4494	2	0.07409555688326738	0.27422433857952666	0.149001	0.29100099999999995	1.0	0.6629772173076922	0.3415512320754717
4498	3	0.08563311957815442	0.5234517420295458	0.261001	0.28700099999999995	1.0	0.6629772173076922	0.39643983333333327
4501	3	0.07065362508957716	0.3069705206176006	0.273001	0.42500099999999996	1.0	0.7432718839941262	0.40129779697351825
4506	2	0.15141836530910815	0.7803500005734937	0.011000999999999999	0.025001000000000002	1.0	0.4232677594936709	0.21140254999999997
4513	2	0.1771256817217833	1.4234335933114939	0.012001	0.010001	1.0	0.4232677594936709	0.21414504285714284
4514	3	0.09393011228358933	0.48162172828393773	0.253001	0.402001	1.0	0.7287848317610063	0.39457011051930757
4522	2	0.10439565562670589	0.6254185037439427	0.122001	0.240001	1.0	0.6489003558139534	0.331294463800905
4526	3	0.20264156573401249	1.1508775084325684	0.001001	0.012001	0.969001	0.4232677594936709	0.144269125
4539	2	0.03391572366452639	0.10261775795779354	0.312001	0.611001	1.0	0.831740440377804	0.418299015116279
4548	4	0.054907406221729654	0.22021026282845252	0.456001	0.861001	1.0	0.9481701556829035	0.48760401939058173
4550	3	0.12485122664809385	0.9076197033106771	0.086001	0.078001	1.0	0.5290303117647058	0.322993983713355
4551	4	0.132538406333423	0.7080724429821126	0.078001	0.111001	1.0	0.5663015619469026	0.3218662650176678
4556	2	0.08271212957054405	0.5432614529747276	0.20300100000000001	0.28900099999999995	1.0	0.6629772173076922	0.36801910849056607
4562	2	0.1110500974189949	0.6998844067020893	0.097001	0.146001	1.0	0.5824884186851211	0.3246987155172414
4567	2	0.08122635729279644	0.4271042548390904	0.20300100000000001	0.41300099999999995	1.0	0.7359971452859351	0.36801910849056607
4569	2	0.08646441368869595	0.4422650603298302	0.20200100000000001	0.42000099999999996	1.0	0.7415944150076569	0.3679417898894155
4573	2	0.08787938374180054	0.5601863966659503	0.176001	0.268001	1.0	0.6530501099585062	0.352473493955095
4574	2	0.048933651309414815	0.18036424408635693	0.379001	0.860001	1.0	0.9479743336520077	0.4486531344969199
4587	2	0.02923363887329733	0.08627232510182803	0.35900099999999996	0.6780010000000001	1.0	0.8714996131549612	0.43906556223628684
4589	2	0.0	0.0	1.0	1.0	1.0	1.0	1.0
4596	2	0.11530343124632225	0.5133644870827916	0.020001	0.034001	1.0	0.4506109540229885	0.21619779464285718
4599	5	0.06091563731259446	0.21718849682670904	0.43300099999999997	0.7960010000000001	1.0	0.9159572385229543	0.4750239324452902
4603	2	0.1305829377743158	0.6372641920573894	0.056001	0.225001	1.0	0.6445714530120482	0.29216811312217195
4614	2	0.04619102842574706	0.19911473797695597	0.40700099999999995	0.766001	1.0	0.9070278492307692	0.4636953323500491
4630	2	0.02536343474424097	0.12104695681035474	0.458001	0.9100010000000001	1.0	0.9677163939393941	0.48760401939058173
4631	2	0.07481048321584699	0.299042928768851	0.213001	0.568001	1.0	0.817609429463171	0.3711611818181818
4633	2	0.05668709792247851	0.33108713701799186	0.341001	0.5600010000000001	1.0	0.8111572273869349	0.43158523929747533
4634	2	0.05464838584476136	0.21735307286835281	0.34800099999999995	0.733001	1.0	0.8952861790254237	0.4340864649406687
4640	4	0.06973626228321211	0.3206734522053263	0.36100099999999996	0.629001	1.0	0.8442819010477299	0.43906556223628684
4652	3	0.17289456004607068	1.1800015576297957	0.017001000000000002	0.011000999999999999	1.0	0.4232677594936709	0.21619779464285718
4661	2	0.06468241265037589	0.2855569059337408	0.325001	0.718001	1.0	0.8948483885898816	0.42485958390022677
4666	5	0.08253793993930421	0.2882299932406628	0.36700099999999997	0.753001	1.0	0.9015681754932504	0.4421652591431557
4672	2	0.11257302234489146	0.6087864985990055	0.105001	0.248001	1.0	0.6520265349344978	0.3272058189189189
4673	2	0.10765326894732535	0.5499056092661326	0.113001	0.273001	1.0	0.6530501099585062	0.331294463800905
4685	2	0.09346807843394087	0.4034607125813486	0.144001	0.444001	1.0	0.7473476686131386	0.3415512320754717
4693	3	0.08848164162657549	0.4003447568944858	0.249001	0.47900099999999995	1.0	0.7773049901685393	0.3932851410958904
4703	2	0.1134256162073555	0.7115338909449034	0.088001	0.167001	1.0	0.6112766761904762	0.3232746199376947
4731	2	0.12036504100162095	0.5474526625368012	0.040001	0.079001	1.0	0.5301215689655172	0.25622862777777783
4736	3	0.10605638314940316	0.448395089221745	0.169001	0.404001	1.0	0.7301146598746082	0.3504643039568346
4745	2	0.1864591774224894	2.0846869811486024	0.004001	0.001001	0.999001	0.28853825	0.18452612
4764	2	0.16553060696548474	0.9001212754740823	0.005001	0.020001	1.0	0.4232677594936709	0.18600493548387098
