row ID	ComponentIndex	rho_abs	es_member	p_feature_perm	p_feature_fdr
1	0	0.03348296465490614	0.2021528007951022	0.625001	1.0
3	1	0.13833751439311429	1.354381984710818	0.049001	1.0
5	0	0.1228824585248931	1.129607198369552	0.074001	1.0
10	0	0.1329141976104528	1.2731905039815903	0.056001	1.0
17	277	0.14449740033493375	1.4496788052598137	0.035001000000000004	0.9905231026894865
20	278	0.13454189875145903	1.2972936045768533	0.050001000000000004	1.0
22	348	0.2094646799596397	2.6635141832443114	0.003001	0.5665163620689656
24	277	0.0915999121336922	0.735248516157665	0.186001	1.0
26	425	0.12766642176499238	1.197018018917136	0.063001	1.0
37	7	0.008739849642372767	0.04607954899441274	0.896001	1.0
40	8	0.03495048133376945	0.21265734057136884	0.613001	1.0
42	0	0.04407010308013778	0.28120604204727856	0.526001	1.0
48	499	0.04935646171572267	0.3235667057863725	0.47100099999999995	1.0
51	0	0.03702221146622064	0.22773320909265016	0.586001	1.0
55	425	0.0005403070304146433	0.002718389688434722	0.991001	1.0
57	349	0.04206925121207791	0.2656792977781436	0.5340010000000001	1.0
60	426	0.056214601388173455	0.381458228361861	0.41500099999999995	1.0
71	1	0.04548909728707425	0.29238541124467765	0.48000099999999996	1.0
72	572	0.12408863744634561	1.1464220025772516	0.081001	1.0
79	572	0.12629072310545436	1.1774356154884433	0.057001	1.0
86	444	0.010108325581207812	0.05370777849001131	0.881001	1.0
87	427	0.09720110882589648	0.8000590511808523	0.164001	1.0
92	10	0.042382916142226404	0.2680951118051686	0.5590010000000001	1.0
98	0	0.023786103907717095	0.13632234975592955	0.714001	1.0
99	573	0.05648804361533894	0.38383602953006535	0.438001	1.0
100	777	0.024348202504274656	0.13997076608442788	0.732001	1.0
106	0	0.10043413480975272	0.8386014541075788	0.133001	1.0
108	425	0.10540647083790412	0.8995143642323675	0.11700100000000001	1.0
114	572	0.002010287735343938	0.010200100631204873	0.979001	1.0
122	574	0.0741263105331296	0.5487563278102154	0.30300099999999996	1.0
124	0	0.04513893699314729	0.28961372689132525	0.508001	1.0
129	0	0.04698026305017804	0.3042842868403843	0.49400099999999997	1.0
136	0	0.03450090970307154	0.20942395976868478	0.638001	1.0
138	777	0.02395796686700173	0.13743569913620887	0.715001	1.0
139	816	0.05269318028961873	0.3513151146028641	0.450001	1.0
152	348	0.16969172577458258	1.8742966833281551	0.011000999999999999	0.7212571796407184
154	0	0.097255741146175	0.8007034284205429	0.158001	1.0
156	1	0.00842772464255001	0.04435556033201173	0.9100010000000001	1.0
157	728	0.08762894948963121	0.6907957013085065	0.179001	1.0
178	0	0.14722860850255054	1.4929889380967114	0.026001	0.9234426174698795
181	499	0.13062079892391998	1.2396134707728834	0.056001	1.0
184	0	0.072517081389576	0.5327536602702287	0.29800099999999996	1.0
185	499	0.07371601512859688	0.5446577173386133	0.278001	1.0
186	572	0.039143665688058486	0.24347174491430765	0.609001	1.0
191	866	0.08531782915170147	0.6654897390487908	0.218001	1.0
192	0	0.008335836346174973	0.043849145702798804	0.9190010000000001	1.0
202	878	0.0036205512007768358	0.018540945244705058	0.955001	1.0
205	879	0.08035492842121895	0.6125424532007021	0.237001	1.0
209	887	0.0053101304437934704	0.027457059945007925	0.956001	1.0
213	572	0.04682050529108401	0.30300206870893037	0.522001	1.0
225	0	0.07698430590697905	0.5776587610135419	0.243001	1.0
227	779	0.03010837104934542	0.17854185332875103	0.634001	1.0
228	849	0.0573115883893183	0.3910299092558397	0.41300099999999995	1.0
229	0	0.1278839069777757	1.2001284521376998	0.060001	1.0
230	899	0.03173961450495721	0.18986073534053713	0.6730010000000001	1.0
233	350	0.09805879900704413	0.8102027368022773	0.152001	1.0
249	0	0.10563230189028128	0.90232820905434	0.102001	1.0
250	0	0.043309093687642984	0.2752679934295439	0.653001	1.0
252	0	0.05817706821496779	0.39864277683542654	0.42200099999999996	1.0
253	913	0.05147193407493439	0.3410677081734621	0.458001	1.0
256	914	0.06986755287410465	0.5068290863089225	0.30800099999999997	1.0
259	10	0.05839222083577253	0.4005436788413821	0.389001	1.0
261	572	0.0008421175962338946	0.004244235364333639	0.987001	1.0
263	754	0.1715972307060642	1.9087349429801066	0.012001	0.7219722472527472
272	0	0.0842941940294184	0.6544135797811288	0.207001	1.0
276	0	0.11867816581938535	1.0719480314071068	0.001001	0.3653316333333333
284	972	0.057844113826389945	0.3957076716637711	0.43200099999999997	1.0
285	576	0.12614631901034767	1.1753893555526957	0.062001	1.0
286	572	0.022236751421282317	0.1263712007068029	0.728001	1.0
287	985	0.0023306324194170593	0.011847294822520952	0.971001	1.0
290	0	0.018171467722611107	0.1009890660987692	0.7970010000000001	1.0
291	1	0.12498794342474207	1.1590383108196867	0.076001	1.0
295	8	0.030240820762903457	0.17945433207843395	0.6570010000000001	1.0
296	1	0.05354234414118145	0.35850287847749146	0.456001	1.0
299	994	0.10576418991231866	0.9039734372538039	0.125001	1.0
300	0	0.03883236394393147	0.24114313483630115	0.568001	1.0
301	0	0.0007763412272784134	0.0039112424174165385	0.992001	1.0
303	5	0.05457566638763005	0.367318794740383	0.41600099999999995	1.0
308	0	0.03237140907741237	0.1942920350036805	0.621001	1.0
311	0	0.01378380208870809	0.07476142151889577	0.840001	1.0
312	503	0.015621530369281045	0.08560047046911748	0.826001	1.0
313	349	0.04333829161379452	0.2754950822370394	0.5380010000000001	1.0
316	746	0.022199365373661094	0.12613298138353146	0.756001	1.0
318	278	0.12606145820610815	1.1741876663850068	0.058001000000000004	1.0
324	0	0.09937367206008114	0.8258672308592659	0.155001	1.0
329	499	0.0028001693406504782	0.014272497285544113	0.969001	1.0
330	8	0.09284606215302803	0.7494533039579542	0.190001	1.0
332	1020	0.007412424353520783	0.038788276700460304	0.9100010000000001	1.0
334	499	0.07196161824951185	0.5272751359218981	0.318001	1.0
335	0	0.08035411871921874	0.612533969199303	0.268001	1.0
336	1033	0.07236713673798131	0.5312724775810886	0.29000099999999995	1.0
337	17	0.01864072331456641	0.10386545642210598	0.7940010000000001	1.0
340	1034	0.10658457510693803	0.9142389190529394	0.138001	1.0
341	1035	0.0523083858824779	0.34807490279731484	0.567001	1.0
345	1037	0.05299532359945707	0.3538667300548746	0.440001	1.0
346	504	0.07622181678129619	0.5698873719743738	0.250001	1.0
347	0	0.011023285749303904	0.05887147451113091	0.860001	1.0
351	0	0.03424628477608585	0.20759867420836725	0.612001	1.0
355	1020	0.0005050423949085232	0.0025404497331112733	0.997001	1.0
357	0	0.0950550238079437	0.7749339003419847	0.188001	1.0
358	0	0.1194634202864452	1.0826053795959343	0.078001	1.0
360	0	0.017488819170949875	0.09682939757635058	0.8060010000000001	1.0
364	0	0.01493360065936803	0.08151846163584778	0.849001	1.0
367	1052	0.1065553751609675	0.913872603743576	0.121001	1.0
368	0	0.07500089736627225	0.5575353034755934	0.29100099999999995	1.0
370	576	0.045155309933462895	0.28974313655568507	0.502001	1.0
371	914	0.06930413744201774	0.5013838993753393	0.316001	1.0
372	887	0.0006305350332429897	0.003173995244749205	0.995001	1.0
374	914	0.016270944795426494	0.08948099270397657	0.818001	1.0
379	610	0.017048062917713894	0.09415923454262548	0.7830010000000001	1.0
380	277	0.16197606037638618	1.738225667231387	0.023001	0.9234426174698795
381	1075	0.08635890104128616	0.6768377913441954	0.220001	1.0
382	913	0.0	-0.0	1.0	1.0
385	994	0.07641586228283012	0.5718609272199434	0.249001	1.0
387	8	0.03497512047804042	0.21283494075891843	0.612001	1.0
393	506	0.0734364388087963	0.5418721758275193	0.28500099999999995	1.0
394	879	0.05930108735587313	0.40861058235150516	0.383001	1.0
399	0	0.03770873166755494	0.23279291100361807	0.592001	1.0
401	499	0.033360757424426575	0.20128453598472348	0.616001	1.0
402	572	0.04264132221091537	0.2700904170022792	0.5620010000000001	1.0
404	578	0.012701680106807403	0.0684767483663218	0.868001	1.0
408	581	0.08277277003701544	0.6381006326598051	0.264001	1.0
409	572	0.01663362135470535	0.09165959829899743	0.8050010000000001	1.0
410	499	0.032758917698844724	0.1970230910590387	0.644001	1.0
411	914	0.0508451988241464	0.3358498579109689	0.446001	1.0
414	19	0.0	-0.0	1.0	1.0
416	579	0.001692710137243019	0.008573061572486653	0.984001	1.0
417	572	0.014796100217508218	0.08070609523161867	0.841001	1.0
418	1109	0.0015760012666056894	0.00797661029050299	0.976001	1.0
420	914	0.04980270606919708	0.32723213763092984	0.48000099999999996	1.0
422	0	0.04740973786922554	0.3077401017650049	0.48300099999999996	1.0
425	777	0.05010119736571985	0.3296917654447514	0.463001	1.0
428	1162	0.012472293736892827	0.06715379933941966	0.884001	1.0
429	1163	0.017739456688994553	0.09835323446662801	0.8070010000000001	1.0
431	20	0.1470919202790846	1.4908058883670707	0.029001000000000002	0.9422313026706233
432	503	0.05772469026805023	0.3946568627009268	0.41500099999999995	1.0
435	282	0.035064053198641816	0.21347631142558104	0.609001	1.0
436	913	0.02735288598262201	0.1598203522864757	0.689001	1.0
440	1167	0.05484431222945292	0.3696232742057589	0.41000099999999995	1.0
441	0	0.004072349507127822	0.020908591493193414	0.953001	1.0
443	781	0.0727888159693862	0.5354422090443104	0.28500099999999995	1.0
444	0	0.09282534287324523	0.7492161272039535	0.163001	1.0
448	21	0.02718537820862399	0.15869830169046786	0.6750010000000001	1.0
456	580	0.16729387701652582	1.8314308055324395	0.012001	0.7219722472527472
458	425	0.01680242042512433	0.09267638383841409	0.823001	1.0
459	8	0.04708472530031571	0.3051236666456834	0.48900099999999996	1.0
461	499	0.00774432644324323	0.040601398711946235	0.9190010000000001	1.0
463	0	0.046511876543542024	0.3005300569440734	0.48500099999999996	1.0
471	782	0.055447258189762316	0.3748142315940797	0.463001	1.0
473	351	0.049619405097198234	0.32572481382633	0.47500099999999995	1.0
474	1179	0.08421210094079624	0.6535288067971592	0.224001	1.0
475	0	0.0033174137774714257	0.01695910555292209	0.957001	1.0
480	1185	0.04121988143703356	0.2591714966618692	0.574001	1.0
481	581	0.02612113708811034	0.15161221857152699	0.711001	1.0
483	0	0.09458258685766127	0.7694518902471592	0.166001	1.0
485	0	0.096136662405664	0.7875514447625537	0.194001	1.0
486	572	0.007913177966534922	0.04152634678945183	0.9060010000000001	1.0
487	297	0.004744923005129881	0.024455565948377476	0.939001	1.0
489	0	0.1161307467446187	1.0377271923368392	0.08500100000000001	1.0
490	1250	0.01348340524966795	0.07300955466139364	0.841001	1.0
491	0	0.04708673082383668	0.3051397889806861	0.522001	1.0
495	572	0.055017307965579056	0.3711099875863057	0.42800099999999996	1.0
496	0	0.04075350790246263	0.2556192354785261	0.564001	1.0
499	572	0.0290871581991277	0.1715452962786998	0.6810010000000001	1.0
500	1254	0.04092077944007215	0.25689159028239084	0.5370010000000001	1.0
504	1255	0.07966006753831349	0.605280192958025	0.267001	1.0
505	581	0.0	-0.0	1.0	1.0
509	0	0.0	-0.0	1.0	1.0
511	1257	0.0344496623707504	0.20905624265882408	0.612001	1.0
512	572	0.15220430432560514	1.5735739750669986	0.028001	0.9234426174698795
515	572	0.055084388487092274	0.3716870493345745	0.42600099999999996	1.0
516	499	0.07567247643251654	0.5643157279788751	0.29100099999999995	1.0
517	0	0.014031996222343029	0.07621305816048109	0.860001	1.0
522	0	0.08934587584525303	0.7098645013014389	0.183001	1.0
523	23	0.1746046539780814	1.9637648433809252	0.011000999999999999	0.7212571796407184
524	0	0.0	-0.0	1.0	1.0
526	349	0.029553938940173774	0.1747347927332975	0.6670010000000001	1.0
536	0	0.0721284881835019	0.5289185395576753	0.31000099999999997	1.0
537	0	0.010749478584175617	0.05732085833518526	0.886001	1.0
539	20	0.07184562936018882	0.5261340594637989	0.28700099999999995	1.0
542	8	0.0028766005734940474	0.014668496611304446	0.961001	1.0
543	917	0.02513249503775332	0.14509547722372743	0.726001	1.0
544	1254	0.03916612879535115	0.24364002950880034	0.5580010000000001	1.0
545	0	0.059607274092116094	0.41134170307108614	0.393001	1.0
546	746	0.04571783385409805	0.2942005733065387	0.509001	1.0
547	350	0.014493550295197874	0.07892273177390077	0.821001	1.0
548	1109	0.05283855005527687	0.35254195902466473	0.47400099999999995	1.0
549	899	0.008915994365412391	0.04705506336138511	0.902001	1.0
554	0	0.0385973176085935	0.23938930284166893	0.578001	1.0
556	913	0.06976340784437216	0.50582078371874	0.320001	1.0
561	532	0.04457914739600753	0.28520041678684677	0.505001	1.0
564	1034	0.08012140991350891	0.6100977414878858	0.269001	1.0
566	1297	0.16530202028137303	1.796220005081242	0.023001	0.9234426174698795
570	1298	0.059572332367017644	0.411029686680319	0.383001	1.0
572	0	0.11408427288948987	1.0106245993097422	0.094001	1.0
578	5	0.12796208530805692	1.2012475215720941	0.053001	1.0
581	0	0.011894767507466639	0.06383732190888737	0.868001	1.0
582	728	0.012869231708423017	0.0694451208371293	0.863001	1.0
584	499	0.0	-0.0	1.0	1.0
589	0	0.056705890034954166	0.38573422726256446	0.388001	1.0
592	735	0.05178604906539307	0.34369332038530914	0.467001	1.0
595	0	0.030287420669955493	0.17977564573914653	0.6690010000000001	1.0
596	1306	0.0632677481220475	0.4445205812006162	0.35900099999999996	1.0
597	1308	0.028120950651667257	0.1649887173431052	0.701001	1.0
599	0	0.0020677617935408524	0.010495186698876236	0.980001	1.0
601	899	0.046995341908676144	0.3044054020732815	0.515001	1.0
603	777	0.028623687055078423	0.16839258627779313	0.6830010000000001	1.0
604	1316	0.0035742512367722135	0.018298991084244105	0.971001	1.0
608	0	0.05013361866124506	0.329959301734029	0.49300099999999997	1.0
614	913	0.04939052944278939	0.32384604218019153	0.49300099999999997	1.0
617	0	0.048140283529343283	0.31364817165367403	0.49200099999999997	1.0
618	0	0.021691770290466858	0.12290749708005351	0.756001	1.0
619	19	0.05048155336382057	0.332835083572386	0.445001	1.0
620	1320	0.0006320850616173546	0.003181826232824286	0.989001	1.0
622	1033	0.01901404548158165	0.10616372781577026	0.7810010000000001	1.0
626	994	0.04211399874337809	0.2660235244963344	0.567001	1.0
627	881	0.0	-0.0	1.0	1.0
630	0	0.0028841564094393424	0.014707662940872664	0.967001	1.0
631	915	0.06124237280504438	0.4260416963211001	0.374001	1.0
632	0	0.03813060751299267	0.23591801034771692	0.589001	1.0
633	0	0.06736111110819834	0.48278639858360084	0.320001	1.0
635	814	0.0	-0.0	1.0	1.0
636	584	0.046453603226534176	0.30006405348310505	0.511001	1.0
638	0	0.018861080441645292	0.10522096965501485	0.7990010000000001	1.0
642	0	0.0703069702721477	0.5110923078139287	0.43100099999999997	1.0
643	0	0.08368590267354874	0.6478699665688249	0.214001	1.0
645	1075	0.010281626046411245	0.05468190782800377	0.888001	1.0
648	36	0.0927766365698438	0.7486587118813117	0.17100100000000001	1.0
650	914	0.05327125050220846	0.3562026220758163	0.449001	1.0
652	816	0.044338850816024934	0.2833126174823644	0.5480010000000001	1.0
655	1357	0.07337061610933449	0.5412172108749732	0.28800099999999995	1.0
663	0	0.06942009491285017	0.5025026497238554	0.327001	1.0
669	1036	0.0032282201435477574	0.016494703725560285	0.960001	1.0
670	499	0.03378619206970336	0.2043114976572604	0.609001	1.0
672	503	0.0670711202743601	0.4800347963305317	0.313001	1.0
676	1380	0.16289552582888725	1.7541584562606451	0.017001000000000002	0.8422803122171947
679	0	0.17831517406324737	2.032807327011792	0.008001	0.6394375839416058
683	0	0.011493804101547475	0.06154679464232096	0.865001	1.0
686	1110	0.062047019637851475	0.4333471615136169	0.36000099999999996	1.0
688	783	0.024012593529896736	0.13778997612124166	0.737001	1.0
690	25	0.046248514069269	0.2984258681957564	0.502001	1.0
694	349	0.0018677770053113496	0.009469248871599105	0.982001	1.0
698	0	0.03946018641256609	0.24584616268478113	0.576001	1.0
704	522	0.03889706836206365	0.24162659593725552	0.568001	1.0
707	624	0.040507455279458815	0.25375111283024376	0.563001	1.0
711	890	0.136473667241088	1.3261938559535007	0.048001	1.0
712	444	0.07324371877333932	0.539955446147236	0.29300099999999996	1.0
716	916	0.06960136928159319	0.5042535798686147	0.30300099999999996	1.0
717	0	0.11165981521233251	0.9789623419867204	0.105001	1.0
718	0	0.05592587716710912	0.3789533678336048	0.43400099999999997	1.0
721	0	0.0813276773955447	0.6227711158597904	0.275001	1.0
724	1109	0.04372553154945627	0.2785124378233301	0.517001	1.0
725	777	0.09017219317078358	0.7191239375766241	0.188001	1.0
727	1034	0.0039919296214871655	0.020486269680051933	0.956001	1.0
729	0	0.015467840834164697	0.0846859591321271	0.822001	1.0
732	0	0.023007788491589954	0.1313041299016765	0.739001	1.0
734	503	0.026614844211472904	0.1548903162039548	0.699001	1.0
735	28	0.06532343671559263	0.46358338474066607	0.37300099999999997	1.0
737	532	0.08936133264741633	0.7100372150337294	0.190001	1.0
738	1357	0.06112753369444883	0.42500291049972094	0.382001	1.0
740	0	0.05317985278884993	0.3554282834689551	0.457001	1.0
741	985	0.012990151202645822	0.07014505447497478	0.855001	1.0
743	0	0.04154323973040805	0.261643200149746	0.5400010000000001	1.0
744	1205	0.01969118788360187	0.11035488451516205	0.7860010000000001	1.0
745	816	0.009747917578896904	0.05168775629292745	0.904001	1.0
746	1038	0.07539715620789295	0.5615319043432907	0.28600099999999995	1.0
748	583	0.04269540868594891	0.27050863272756187	0.5340010000000001	1.0
749	0	0.03247121314945857	0.19499447132742015	0.647001	1.0
750	0	0.045504777039207335	0.29250972329957864	0.504001	1.0
756	349	0.039775427865610974	0.24821777445633558	0.5450010000000001	1.0
757	0	0.05433424927368938	0.3652522889889825	0.439001	1.0
758	0	0.10966483289512877	0.9532701833711309	0.116001	1.0
761	1537	0.06316554428061709	0.4435809187886482	0.36300099999999996	1.0
763	1179	0.09808779740117762	0.8105467170636075	0.161001	1.0
764	574	0.010977397874221227	0.05861128458041222	0.858001	1.0
765	1109	0.02004592851074485	0.11256213724613261	0.768001	1.0
767	0	0.06712589828697056	0.4805540850843008	0.325001	1.0
773	1185	0.009561747957012088	0.0506473984922127	0.9250010000000001	1.0
775	1306	0.03854698787900163	0.23901424874267216	0.579001	1.0
782	0	0.004733218050063673	0.024393608012241365	0.955001	1.0
785	0	0.025127323414841814	0.14506155454966885	0.713001	1.0
786	1551	0.0549148418185047	0.3702291419981651	0.41100099999999995	1.0
789	0	0.059189976890664416	0.4076211809814183	0.376001	1.0
793	20	0.11025486902636022	0.9608350099909355	0.113001	1.0
795	849	0.010891713776672047	0.05812578923479834	0.859001	1.0
800	818	0.006076099526580989	0.03155500876684769	0.9300010000000001	1.0
802	0	0.019403078142477805	0.10856808919139374	0.769001	1.0
805	0	0.035077995244342526	0.21357690772904314	0.617001	1.0
810	1109	0.04557724236147218	0.2930844642856715	0.519001	1.0
811	1323	0.005134201864051655	0.026520769999137155	0.939001	1.0
821	917	0.04027472002940283	0.2519879133920386	0.566001	1.0
822	0	0.07199307802461734	0.5275848050103582	0.29600099999999996	1.0
825	20	0.006464792510765198	0.03364790772593215	0.9110010000000001	1.0
828	1167	0.07455943208812618	0.5530967253109367	0.29300099999999996	1.0
836	572	0.01184771150375383	0.06356800161623558	0.865001	1.0
837	1299	0.04823978075349672	0.31445571963646846	0.47200099999999995	1.0
838	850	0.11671276284908852	1.04549833844662	0.078001	1.0
840	1109	0.009949722415347098	0.05281786382867435	0.896001	1.0
842	1600	0.03182773651656876	0.19047721655089261	0.640001	1.0
843	918	0.10908653676721	0.9458834471098292	0.122001	1.0
845	1630	0.00743709327412204	0.038922810906679574	0.9190010000000001	1.0
846	499	0.1076116703135056	0.9271679244471311	0.122001	1.0
847	499	0.026210549892369928	0.15220472238342897	0.688001	1.0
849	1197	0.07686975381057787	0.5764884160179868	0.280001	1.0
852	10	0.05354707157367884	0.3585430376707379	0.453001	1.0
858	1066	0.0	-0.0	1.0	1.0
860	499	0.04791764035460623	0.31184365035675626	0.49500099999999997	1.0
861	0	0.05170939336172228	0.3430519285453397	0.446001	1.0
867	0	0.03916664147752706	0.24364387071935883	0.574001	1.0
873	1709	0.03765161087642695	0.23237070921171515	0.584001	1.0
874	1710	0.00576955583611323	0.029910799044696776	0.939001	1.0
875	1711	0.0	-0.0	1.0	1.0
877	0	0.04983419249288094	0.3274912956550909	0.47000099999999995	1.0
879	1197	0.003161910242775543	0.016149753446734312	0.966001	1.0
885	0	0.048310264797760294	0.3150282085472917	0.468001	1.0
886	512	0.04117920435066809	0.25886107498677063	0.5570010000000001	1.0
887	0	0.06881371282449165	0.49666338064665544	0.34500099999999995	1.0
892	1036	0.035885718100072565	0.2194271981890334	0.596001	1.0
893	1713	0.06563823736682084	0.46653004004243215	0.376001	1.0
896	584	0.00831115639558536	0.04371321636888268	0.9270010000000001	1.0
898	499	0.009561747957012088	0.0506473984922127	0.9250010000000001	1.0
901	1714	0.01772560265821153	0.09826890105407063	0.8110010000000001	1.0
906	1717	0.020854519432922793	0.11762318762947968	0.752001	1.0
909	1718	0.05202949148106372	0.3457330094390441	0.438001	1.0
910	0	0.02402607511528977	0.13787743949957784	0.730001	1.0
911	17	0.024272445589844545	0.13947786184312436	0.709001	1.0
916	0	0.02929053111149442	0.17293317392058954	0.6600010000000001	1.0
917	0	0.06033428506296655	0.41785373887270477	0.36900099999999997	1.0
918	532	0.15476113367148275	1.615834147789732	0.025001000000000002	0.9234426174698795
920	585	0.007586080333867096	0.03973610255820681	0.895001	1.0
924	1034	0.02112989288577267	0.11935627385774747	0.777001	1.0
928	1727	0.03251288109592905	0.19528793287217022	0.630001	1.0
934	0	0.030961230136789617	0.18443770682600075	0.6560010000000001	1.0
935	1337	0.00502604351584756	0.025946065319100414	0.9350010000000001	1.0
936	0	0.10289776219415911	0.8685330488141791	0.136001	1.0
937	513	0.034171628933316114	0.20706432527789922	0.632001	1.0
939	0	0.0551686742043986	0.37241257594286953	0.42700099999999996	1.0
940	352	0.04058731070341459	0.25435695051523977	0.5540010000000001	1.0
941	0	6.769657786172278e-05	0.00033966709231077034	1.0	1.0
945	1077	0.0497511309938026	0.3268077851815234	0.47500099999999995	1.0
948	514	0.1984201352156256	2.429291374055486	0.004001	0.6394375839416058
950	0	0.1961955407382953	2.3835374899023525	0.005001	0.6394375839416058
955	1109	0.0724565581812434	0.5321555970419675	0.30300099999999996	1.0
961	749	0.04174097472018141	0.2631581946531819	0.5370010000000001	1.0
966	0	0.004825261633145568	0.02488104235357365	0.952001	1.0
967	1756	0.08510402484656664	0.6631695902723732	0.218001	1.0
969	499	0.0	-0.0	1.0	1.0
970	499	0.015546756138613213	0.08515535152121828	0.817001	1.0
971	1766	0.06275124472983326	0.4397796824833547	0.335001	1.0
974	518	0.061544623189373183	0.4287803185294099	0.379001	1.0
980	0	0.15741468427905958	1.6603072046139289	0.019001	0.8704684058577405
981	1768	0.05545262993502462	0.37486059573678726	0.406001	1.0
982	0	0.06054335491622723	0.41973354324341	0.400001	1.0
986	0	0.24706042378280335	3.5517065081337287	1e-06	0.0005762631578947368
987	515	0.052976537576527746	0.35370789179490264	0.446001	1.0
992	0	0.10414742411930393	0.88390227418173	0.142001	1.0
993	821	0.13127823545043849	1.2491930169772631	0.052001	1.0
995	0	0.020866774833359303	0.11770021532879651	0.762001	1.0
998	916	0.04933166917088692	0.3233634720827812	0.49600099999999997	1.0
999	893	0.11033864321059843	0.961911380564534	0.119001	1.0
1000	919	0.017632576616403474	0.09770293763656702	0.834001	1.0
1002	532	0.0596844240706258	0.41203093684366354	0.375001	1.0
1006	0	0.0	-0.0	1.0	1.0
1008	20	0.02055058489255931	0.11571595530679601	0.7830010000000001	1.0
1010	8	0.020410784995331003	0.11484066417521718	0.766001	1.0
1011	0	0.05890354197077303	0.40507469843509003	0.36400099999999996	1.0
1012	0	0.009561747957012088	0.0506473984922127	0.9250010000000001	1.0
1013	985	0.029404776522550292	0.17371401233992326	0.6820010000000001	1.0
1014	1	0.004002559219743434	0.020542068671291328	0.947001	1.0
1015	0	0.03607840371388664	0.2208292973833214	0.624001	1.0
1018	919	0.0013022801237302546	0.006580852481759408	0.976001	1.0
1020	370	0.1152856094821285	1.0264926760679942	0.073001	1.0
1021	887	0.0686538886393704	0.49512887857765986	0.30700099999999997	1.0
1022	0	0.0	-0.0	1.0	1.0
1023	899	0.03238028733434725	0.19435449467464275	0.641001	1.0
1025	436	0.05587834397732497	0.378541561881295	0.40700099999999995	1.0
1031	1266	0.014293085729342167	0.07774423120907689	0.838001	1.0
1032	1397	0.02753175024474312	0.1610204975927608	0.710001	1.0
1034	915	0.04452508929978026	0.28477538080777914	0.516001	1.0
1035	526	0.12119895414572984	1.1063419285457392	0.083001	1.0
1037	1040	0.10030099405462545	0.8369977378738757	0.132001	1.0
1042	1829	0.0823416933352488	0.6335109807657606	0.217001	1.0
1045	19	0.11867816581938535	1.0719480314071068	0.001001	0.3653316333333333
1051	1380	0.01743612862749263	0.09650954929910571	0.856001	1.0
1052	349	0.0470822790629137	0.30510400180745345	0.48400099999999996	1.0
1053	1831	0.07659648963723595	0.5737005771022938	0.255001	1.0
1054	849	0.08106056969838123	0.6199551995581796	0.257001	1.0
1056	1197	0.11589663371932335	1.034609188842198	0.092001	1.0
1058	0	0.0168653879820099	0.09305613484366689	0.8080010000000001	1.0
1059	0	0.0414588116305443	0.26099715182799754	0.5400010000000001	1.0
1060	0	0.04980024987661255	0.3272119241729622	0.49800099999999997	1.0
1062	1059	0.027574942971652916	0.16131062599212212	0.721001	1.0
1063	1260	0.02132598146760739	0.12059332033529706	0.7830010000000001	1.0
1066	918	0.03328802394884009	0.20076824848599317	0.613001	1.0
1067	0	0.03303933409992278	0.1990056288913105	0.640001	1.0
1071	1833	0.035714803722844524	0.2181856132038498	0.620001	1.0
1072	499	0.013204163266139091	0.07138605554124715	0.848001	1.0
1073	0	0.0883515559515632	0.6987932106646123	0.227001	1.0
1074	0	0.007660718770574889	0.040144040954873894	0.9130010000000001	1.0
1076	1034	0.11968256607128962	1.0855887469998655	0.086001	1.0
1078	735	0.1198864851095992	1.088368414659497	0.076001	1.0
1079	1835	0.06511526564504552	0.46163883424490865	0.36000099999999996	1.0
1080	1837	0.012526901669543407	0.06746844841581023	0.864001	1.0
1084	913	0.009561747957012088	0.0506473984922127	0.9250010000000001	1.0
1085	0	0.01826583385132054	0.10156638615601325	0.8080010000000001	1.0
1086	0	0.03684416513878931	0.2264262035864301	0.580001	1.0
1090	1841	0.012890697822967097	0.06956931013986235	0.849001	1.0
1093	0	0.020773333939584047	0.1171131616938239	0.769001	1.0
1097	917	0.04771836492059124	0.3102314705255526	0.48300099999999996	1.0
1098	0	0.168119833621518	1.846137190066579	0.013000999999999999	0.729989482051282
1103	1185	0.0	-0.0	1.0	1.0
1105	0	0.11442810506915946	1.0151540184867007	0.106001	1.0
1106	586	0.054156413807469723	0.363732699233913	0.42200099999999996	1.0
1111	36	0.037684536065871174	0.232614044982199	0.6710010000000001	1.0
1112	1898	0.019784834104137644	0.1109367909789528	0.761001	1.0
1113	0	0.02421553549500437	0.1391078260858549	0.700001	1.0
1114	503	0.005005115205039039	0.02583494193607476	0.948001	1.0
1117	918	0.014316526474664549	0.07788190719909657	0.844001	1.0
1121	572	0.05593633185225446	0.3790439642306851	0.42600099999999996	1.0
1122	1711	0.014987556549700054	0.08183755926816194	0.841001	1.0
1123	0	0.050393803464422224	0.33210899910820263	0.48700099999999996	1.0
1124	1109	0.03871570656164477	0.2402722092928203	0.580001	1.0
1126	919	0.02676223438021648	0.15587202767978453	0.6740010000000001	1.0
1131	0	0.002527944994034109	0.012864857219268165	0.973001	1.0
1132	0	0.08374769519094995	0.6485333882249263	0.206001	1.0
1133	1906	0.05617933659364755	0.38115196359031517	0.394001	1.0
1136	0	0.055574775197657245	0.37591540364262244	0.41200099999999995	1.0
1137	1392	0.06387503324791112	0.45011975411315175	0.35700099999999996	1.0
1138	0	0.13192971545172777	1.2587220641453036	0.052001	1.0
1140	1163	0.17227755443393444	1.9211109110239128	0.011000999999999999	0.7212571796407184
1145	1911	0.0050255007011414665	0.025943182798739434	0.9330010000000001	1.0
1149	1247	0.032155195322880664	0.19277256230596002	0.6580010000000001	1.0
1151	1604	0.05144307547038426	0.3408268366778321	0.48600099999999996	1.0
1153	1176	0.001010085743937782	0.005095716440153863	0.984001	1.0
1156	0	0.04525769369011885	0.2905527873059101	0.520001	1.0
1157	1944	0.016120557027041706	0.08858002131017571	0.8030010000000001	1.0
1159	1945	0.04973867298500819	0.3267053105522242	0.47500099999999995	1.0
1160	1185	0.047865119609800305	0.31141847657485866	0.456001	1.0
1163	0	0.07484563574835913	0.5559725953575112	0.266001	1.0
1170	516	0.0	-0.0	1.0	1.0
1172	353	0.004340823915075716	0.022321243225798208	0.951001	1.0
1174	1306	0.10222232848030884	0.8602784355868216	0.150001	1.0
1175	0	0.06576464076114115	0.4677152803247653	0.34600099999999995	1.0
1178	297	0.09463872784718204	0.7701024083984043	0.169001	1.0
1180	1975	0.07274497382218734	0.5350080585641036	0.272001	1.0
1182	0	0.14041577245121922	1.386166129134626	0.039001	1.0
1184	0	0.043259036569173744	0.27487880786381835	0.5550010000000001	1.0
1185	20	0.03398396961181146	0.20572280229705558	0.634001	1.0
1188	1147	0.06210906787340176	0.43391246555749485	0.36200099999999996	1.0
1192	0	0.011318720047003062	0.0605497032801054	0.877001	1.0
1194	0	0.0	-0.0	1.0	1.0
1208	718	0.1934037118763436	2.3267860822138924	0.005001	0.6394375839416058
1209	0	0.14159030111567067	1.4042942470590964	0.037001	0.9905231026894865
1210	0	0.06552072877216802	0.4654292599222578	0.329001	1.0
1211	2038	0.06363250984775962	0.44788044306973895	0.34600099999999995	1.0
1214	1789	0.003587344004061181	0.018367398394117062	0.972001	1.0
1216	1185	0.09454251428233479	0.7689877128091475	0.167001	1.0
1221	0	0.0	-0.0	1.0	1.0
1224	0	0.05440224284093186	0.3658338855926536	0.43100099999999997	1.0
1225	503	0.03033698062202167	0.18011752672182296	0.6860010000000001	1.0
1229	0	0.05506273013231995	0.3715006976160243	0.447001	1.0
1230	781	0.0692990095316574	0.5013344487369853	0.323001	1.0
1232	1337	0.029418886098247762	0.1738105073053546	0.6740010000000001	1.0
1234	985	0.09956248995300673	0.8281280094298231	0.145001	1.0
1237	777	0.07623110112410271	0.5699817341283918	0.28300099999999995	1.0
1239	1110	0.14047709664622446	1.3871096724973258	0.036001	0.9905231026894865
1243	899	0.10417991777834334	0.8843035837224518	0.114001	1.0
1244	1223	0.13738551521940584	1.3399469345321404	0.040001	1.0
1246	0	0.07904613648506506	0.5988944588950624	0.242001	1.0
1251	2126	0.02180374613347962	0.12361762490419434	0.738001	1.0
1253	0	0.03521945407579159	0.21459831676698404	0.619001	1.0
1255	38	0.0	-0.0	1.0	1.0
1257	0	0.06811772899761084	0.4899949723437297	0.29600099999999996	1.0
1260	0	0.11250702309418543	0.9899716001974912	0.088001	1.0
1262	1829	0.08937681130383893	0.7102101916754879	0.193001	1.0
1263	0	0.0	-0.0	1.0	1.0
1266	0	0.03858482472858203	0.2392961905865814	0.5620010000000001	1.0
1269	0	0.13050635270894692	1.2379496247823163	0.055001	1.0
1278	785	0.10191872572833194	0.8565799923022095	0.139001	1.0
1279	0	0.13750044049241478	1.3416853887971114	0.045001	1.0
1282	1829	0.15058086092187012	1.5470414061365414	0.022001	0.9234426174698795
1286	1147	0.11091407606868073	0.9693203219347318	0.111001	1.0
1292	100	0.08869988614501892	0.7026629242933924	0.206001	1.0
1293	1297	0.047232213926626174	0.3063100726798344	0.48600099999999996	1.0
1299	1200	0.10410810184493739	0.8834167424823772	0.120001	1.0
1301	0	0.17088963112992023	1.8959077371026645	0.019001	0.8704684058577405
1302	2143	0.1134988040524492	1.0029344153140791	0.093001	1.0
1303	28	0.04030084117309848	0.2521856222863487	0.582001	1.0
1309	0	0.10181462785527322	0.8553135922614339	0.138001	1.0
1310	350	0.04128247982035106	0.2596494294758345	0.5500010000000001	1.0
1311	2150	0.06630753990131927	0.4728192615218706	0.377001	1.0
1317	41	0.05505093250314194	0.3713992031830324	0.42100099999999996	1.0
1318	1441	0.017852824713613283	0.09904379117960055	0.770001	1.0
1321	1110	0.0074296727765941345	0.03888233870366488	0.9170010000000001	1.0
1323	0	0.10297320001561726	0.8694572683913178	0.133001	1.0
1326	1600	0.03583280608194483	0.21904261554608034	0.620001	1.0
1327	1180	0.0026456664934537723	0.013473047419816876	0.969001	1.0
1328	0	0.002388719681517437	0.012146620074077547	0.966001	1.0
1329	503	0.042553799605293374	0.26941408835129055	0.5590010000000001	1.0
1332	1147	0.007479764189009154	0.039155606926143074	0.9110010000000001	1.0
1335	2180	0.02166822784846631	0.12275829767460349	0.764001	1.0
1336	578	0.01503764442233092	0.08213394316653612	0.849001	1.0
1339	10	0.02815855060012629	0.1652427214876548	0.688001	1.0
1340	588	0.012105534556197717	0.06504529176666682	0.868001	1.0
1343	0	0.09047938709787115	0.7225798761489973	0.166001	1.0
1344	742	0.024801226207283922	0.14292605340998163	0.713001	1.0
1346	0	0.08356686495761712	0.6465927747075354	0.229001	1.0
1350	0	0.03918548400300759	0.24378505853576452	0.567001	1.0
1352	1111	0.05648333785301232	0.38379506367644056	0.42800099999999996	1.0
1353	20	0.011365353807100267	0.06081509607866299	0.870001	1.0
1356	499	0.0	-0.0	1.0	1.0
1358	1306	0.09234086446605952	0.743679864097784	0.188001	1.0
1359	1185	0.09150025267734166	0.7341177758894663	0.160001	1.0
1360	5	0.039708208646970014	0.2477115047314059	0.575001	1.0
1366	581	0.16590091587837724	1.8067690913899912	0.014001	0.7626713880597015
1368	572	0.14546905281479663	1.4650120554512356	0.032001	0.975985930362117
1373	572	0.09475539736077863	0.7714550812086858	0.184001	1.0
1377	0	0.013757719192800052	0.07460908917294908	0.850001	1.0
1378	994	0.0010380372018830714	0.005237570164469039	0.989001	1.0
1382	0	0.10472218557385746	0.8910133862884306	0.135001	1.0
1383	1551	0.01060579719834022	0.05650899585288747	0.857001	1.0
1384	1543	0.07849483835206117	0.5931846991608206	0.267001	1.0
1385	1198	0.009561747957012088	0.0506473984922127	0.9250010000000001	1.0
1386	1254	0.04645255058923693	0.3000556378700694	0.5340010000000001	1.0
1388	742	0.08943540992863444	0.7108652109939964	0.197001	1.0
1390	0	0.24617124605809004	3.5290301719590724	1e-06	0.0005762631578947368
1397	0	0.06209634354003454	0.43379651481239206	0.36000099999999996	1.0
1400	1109	0.002633946815778089	0.013412463038336412	0.969001	1.0
1404	777	0.08684574662008074	0.6821734363882727	0.219001	1.0
1405	882	0.049189965808606226	0.32220270715179783	0.450001	1.0
1407	0	0.08694650092021193	0.6832799652327348	0.226001	1.0
1409	1829	0.03939401228885639	0.24534918502402225	0.568001	1.0
1410	1633	0.19415812753796288	2.3420483686379368	0.009000999999999999	0.6796686137931034
1411	2249	0.028434768453491705	0.16711153453388133	0.6700010000000001	1.0
1412	426	0.07302856173146786	0.5378188653152677	0.30200099999999996	1.0
1414	0	0.04939427830035695	0.3238767857148673	0.501001	1.0
1418	1185	0.08483334844690302	0.6602373545877765	0.217001	1.0
1419	0	0.09305586975660032	0.7518569085616266	0.190001	1.0
1422	2258	0.04963274189164535	0.3258344053320926	0.46900099999999995	1.0
1425	781	0.012378472059155632	0.06661362986992847	0.859001	1.0
1426	499	0.06034941754821109	0.4179896925243597	0.400001	1.0
1427	8	0.046712618398589784	0.302137175290194	0.525001	1.0
1428	2259	0.020544287599891336	0.11567650105030071	0.769001	1.0
1429	918	0.029848865336304244	0.17675741001287434	0.6820010000000001	1.0
1430	913	0.12391419067926293	1.1439825677197972	0.083001	1.0
1431	532	0.04039331593393211	0.25288593154296024	0.572001	1.0
1433	1035	0.0515395134275496	0.3416319974795705	0.448001	1.0
1435	0	0.07818135094262825	0.5899482592496255	0.334001	1.0
1440	2313	0.050047828028417174	0.3292515301607502	0.47000099999999995	1.0
1444	1768	0.10865878489278338	0.9404371969384819	0.121001	1.0
1446	1020	0.06569965440463049	0.4671057788792306	0.329001	1.0
1447	0	0.07225796200712013	0.5301950896141735	0.30800099999999997	1.0
1448	2319	0.008461754751946243	0.04454323628501931	0.9100010000000001	1.0
1449	913	0.01572557944465506	0.08622043750369358	0.830001	1.0
1454	2320	0.05660132595798906	0.3848226856220089	0.396001	1.0
1456	0	0.06805475615024317	0.4893933872254598	0.30000099999999996	1.0
1457	0	0.16245440550652657	1.7465050809446012	0.025001000000000002	0.9234426174698795
1459	44	0.07798770892133716	0.5879528399728613	0.265001	1.0
1460	589	0.023035496579328907	0.13148211030862092	0.750001	1.0
1461	0	0.06479317067892723	0.458636394906596	0.341001	1.0
1462	0	0.011416520539650095	0.061106439041961995	0.892001	1.0
1463	8	0.12120777035546496	1.1064631474566835	0.064001	1.0
1464	2326	0.062402313370520913	0.4365879485574826	0.376001	1.0
1465	499	0.018757098222875107	0.10458094750090936	0.7920010000000001	1.0
1470	532	0.10489698091882443	0.8931812952313711	0.131001	1.0
1471	0	0.20109018730683256	2.4848341747388023	0.003001	0.5665163620689656
1474	0	0.028458725024959837	0.1672738537523469	0.6710010000000001	1.0
1476	0	0.04148026680372865	0.2611612815769779	0.5420010000000001	1.0
1481	2327	0.007843189434581059	0.04114274995361206	0.901001	1.0
1482	0	0.055898568708840655	0.3787167599427288	0.42900099999999997	1.0
1483	2262	0.019956258507205518	0.11200344237738825	0.7910010000000001	1.0
1485	0	0.04870476631985216	0.31823888534177963	0.467001	1.0
1487	2328	0.04773948067308451	0.3104021696028354	0.48400099999999996	1.0
1490	985	0.043603658974323445	0.27756169470099307	0.5310010000000001	1.0
1491	0	0.019153821255351124	0.10702649050562543	0.770001	1.0
1494	994	0.027386692140387504	0.16004702500762888	0.6790010000000001	1.0
1495	0	0.03749532260468588	0.231216652506909	0.596001	1.0
1499	0	0.05453818832815348	0.36699771323355157	0.40800099999999995	1.0
1500	1185	0.05953909435484098	0.41073296597959524	0.41300099999999995	1.0
1503	2329	0.10357912926083035	0.8768973786744453	0.128001	1.0
1504	574	0.0019220644479312557	0.00974751642597527	0.974001	1.0
1507	590	0.08867710420620839	0.7024095430197645	0.201001	1.0
1509	499	0.0632147427178609	0.44403315384021913	0.37200099999999997	1.0
1513	2333	0.06346285604897778	0.44631652932177013	0.34900099999999995	1.0
1514	2343	0.014915748627506789	0.0814129237119706	0.829001	1.0
1515	0	0.004010110920373352	0.020581714609379582	0.964001	1.0
1521	1543	0.04277892270568886	0.2711547886674492	0.522001	1.0
1522	38	0.025560992600080386	0.14791217900215947	0.709001	1.0
1524	0	0.0896295745996593	0.7130375148203597	0.201001	1.0
1526	2329	0.15134661306423153	1.559527391418863	0.025001000000000002	0.9234426174698795
1528	0	0.07838254991754748	0.5920245744953059	0.251001	1.0
1530	2344	0.06573760782602571	0.46746170291530076	0.342001	1.0
1532	0	0.0345839029570496	0.2100198381766935	0.619001	1.0
1534	0	0.0944060639563714	0.7674081035274438	0.183001	1.0
1535	0	0.07672587195116637	0.5750198283323321	0.256001	1.0
1536	924	0.038519493020824705	0.23880943146057967	0.596001	1.0
1539	0	0.1995007506374443	2.451687918415606	0.006001	0.6394375839416058
1540	0	0.001979854165757279	0.010043925410327286	0.977001	1.0
1542	913	0.010309927555953323	0.05484116539770538	0.886001	1.0
1544	0	0.04286932614759466	0.2718547907281256	0.586001	1.0
1546	1034	0.0	-0.0	1.0	1.0
1548	2313	0.03125846197636504	0.18650379076685117	0.6560010000000001	1.0
1553	917	0.06280556035250884	0.44027731768679423	0.36000099999999996	1.0
1555	2333	0.07301011249788222	0.5376358203052978	0.28600099999999995	1.0
1556	0	0.090242451915511	0.7199136981790445	0.20300100000000001	1.0
1557	913	0.0516277242088491	0.3423690466179373	0.449001	1.0
1567	19	0.04252430437044155	0.26918628359435387	0.527001	1.0
1568	1109	0.009326290441220905	0.04933461945582385	0.899001	1.0
1569	574	0.043369454604111034	0.27573751942270597	0.5430010000000001	1.0
1572	0	0.14282580362389863	1.4234926355606412	0.041001	1.0
1574	0	0.04172433252975478	0.26303058296522996	0.5460010000000001	1.0
1575	0	0.0	-0.0	1.0	1.0
1576	1544	0.001220588021293094	0.00616513512207456	0.981001	1.0
1580	0	0.07929299035764835	0.6014586225104919	0.252001	1.0
1581	2373	0.008852722882947327	0.04670444107648548	0.905001	1.0
1582	0	0.04840430278604186	0.3157925512156792	0.511001	1.0
1587	1727	0.038884162139588466	0.24153013995048137	0.600001	1.0
1588	917	0.11635470304635638	1.0407141658428705	0.082001	1.0
1589	1397	0.051962063610719894	0.3451676421898546	0.454001	1.0
1590	354	0.03766727030457366	0.23248643207868375	0.597001	1.0
1591	1835	0.07790252161329338	0.5870759157333729	0.257001	1.0
1597	985	0.02231484044268052	0.12686906310843113	0.748001	1.0
1600	0	0.1203767551380952	1.0950655755143135	0.086001	1.0
1601	0	4.030267307479629e-05	0.00020218639152566313	1.0	1.0
1604	1199	0.08836495642460433	0.6989419058611527	0.215001	1.0
1605	1151	0.001512874573348217	0.007654327026484168	0.976001	1.0
1606	574	0.006584442993969729	0.03429397761097817	0.9270010000000001	1.0
1610	20	0.10312552178625947	0.8713248210813409	0.122001	1.0
1611	0	0.0950192765767372	0.7745184831675458	0.161001	1.0
1613	0	0.03280381565076772	0.1973401661903825	0.631001	1.0
1617	1	0.017886244828289086	0.0992475168070892	0.8030010000000001	1.0
1621	2389	0.00012846477042599558	0.0006447972257550809	0.998001	1.0
1624	2392	0.10968110225188374	0.9534783909618636	0.108001	1.0
1627	532	0.0966055073603523	0.7930494430559546	0.178001	1.0
1630	427	0.011381712433233044	0.060908224551574956	0.869001	1.0
1631	1110	0.025518766917232552	0.14763408241605025	0.710001	1.0
1632	1306	0.0056749564636839785	0.029404527060583305	0.9330010000000001	1.0
1637	2396	0.15689956573882213	1.6516248310551171	0.021001000000000002	0.9234426174698795
1640	899	0.1225806085335688	1.1254183204632806	0.072001	1.0
1644	0	0.050569715350135346	0.33356512554031054	0.454001	1.0
1647	0	0.058476586065620215	0.40128997003749906	0.386001	1.0
1648	0	0.04389968664675163	0.2798728261720182	0.525001	1.0
1649	742	0.03505799035858717	0.21343257017586403	0.597001	1.0
1654	1611	0.0654199928147991	0.4644864104339407	0.35400099999999995	1.0
1657	0	0.007453597640390958	0.03901283937939681	0.901001	1.0
1658	1254	0.035808879927153016	0.21886877398613022	0.579001	1.0
1659	1112	0.010690284033096976	0.05698623085938119	0.886001	1.0
1661	513	0.09102914151611372	0.728783084269621	0.173001	1.0
1662	1147	0.07763043176402186	0.584278700666693	0.253001	1.0
1665	0	0.03255649885092736	0.19559525046481463	0.655001	1.0
1667	2406	0.01197619119589053	0.06430366282722207	0.856001	1.0
1670	0	0.04867586286392374	0.31800328164828573	0.468001	1.0
1671	532	0.0561579149746454	0.3809659664977455	0.42400099999999996	1.0
1674	767	0.010377925246192354	0.055223999637763754	0.895001	1.0
1675	0	0.08695509523457053	0.6833743883598511	0.195001	1.0
1680	518	0.0	-0.0	1.0	1.0
1681	0	0.1122870448640951	0.9871073781549471	0.118001	1.0
1684	0	0.032173464037383664	0.19290082803453976	0.627001	1.0
1686	0	0.018675251136046383	0.10407764967065601	0.764001	1.0
1687	814	0.04075859706398261	0.2556579180334098	0.5430010000000001	1.0
1690	7	0.0545288269094789	0.3669175278922417	0.437001	1.0
1692	0	0.029285255967204136	0.17289714038984197	0.6670010000000001	1.0
1695	1397	0.01968595167620136	0.11032236375462057	0.826001	1.0
1697	0	0.05165867930722575	0.3426278240454673	0.48700099999999996	1.0
1698	0	0.010604706854428943	0.05650283974549631	0.886001	1.0
1701	0	0.2119302672428015	2.7174232615414224	1e-06	0.0005762631578947368
1703	1109	0.10499327474622681	0.8943766396015431	0.122001	1.0
1706	1147	0.020464084992011453	0.11517423040868313	0.7860010000000001	1.0
1708	0	0.11753303505165129	1.0564983218408264	0.091001	1.0
1709	584	0.0497750607059408	0.32700465216659	0.48100099999999996	1.0
1710	1689	0.056900992601234233	0.38743714507467353	0.399001	1.0
1711	0	0.050715050318381055	0.3347697980089828	0.47800099999999995	1.0
1712	0	0.12669649064484256	1.1831949070599108	0.062001	1.0
1713	0	0.042907737575189904	0.27215238450885637	0.526001	1.0
1716	515	0.19133819988125889	2.2852762538036253	0.003001	0.5665163620689656
1717	0	0.046890923151343036	0.3035670237575482	0.508001	1.0
1720	1739	0.0022671081666084687	0.011520178975152461	0.973001	1.0
1721	1689	0.0937228918640625	0.7595215197214489	0.167001	1.0
1722	36	0.028760958849763152	0.16932489168161627	0.6760010000000001	1.0
1723	1151	0.08228281640890944	0.6328852304932071	0.219001	1.0
1730	2407	0.10373278320192811	0.878788773442065	0.119001	1.0
1732	2448	0.01124696470494297	0.060141603208993505	0.884001	1.0
1733	0	0.09651915113127865	0.7920354595398871	0.157001	1.0
1734	2449	0.09854290858091092	0.8159540455018486	0.159001	1.0
1735	1604	0.01381750216941463	0.07495830289474603	0.843001	1.0
1736	2518	0.029810124031500043	0.17649139353407725	0.6580010000000001	1.0
1738	10	0.07986604399043103	0.6074290830277337	0.248001	1.0
1741	887	0.06899179211907411	0.4983753906869915	0.30600099999999997	1.0
1743	887	0.15292189816570018	1.585376139278404	0.025001000000000002	0.9234426174698795
1744	0	0.01708838479507425	0.09440300372784037	0.7970010000000001	1.0
1746	1797	0.07978040081014703	0.606535199816004	0.240001	1.0
1747	0	0.010016473717627247	0.053192215801329025	0.879001	1.0
1750	0	0.009367643304206993	0.049564936545233404	0.883001	1.0
1752	0	0.08839624530694856	0.6992891500987859	0.205001	1.0
1754	1641	0.02306068624926445	0.13164395668044387	0.7960010000000001	1.0
1757	0	0.04889343973242902	0.31977828033857686	0.457001	1.0
1762	0	0.033415772529961044	0.2016752869648163	0.6670010000000001	1.0
1764	499	0.01820925147861877	0.1012201550130978	0.8040010000000001	1.0
1766	1109	0.0872036494071161	0.6861076620404497	0.215001	1.0
1768	0	0.014076901827164423	0.07647610893870276	0.825001	1.0
1770	349	0.028807595038763786	0.16964191106702584	0.653001	1.0
1772	1151	0.05418820340763397	0.36400417300970694	0.43300099999999997	1.0
1773	742	0.024557333361925802	0.14133337730025708	0.720001	1.0
1774	0	0.16655375471452907	1.8183053734849408	0.012001	0.7219722472527472
1775	1604	0.03476624207917779	0.21133062657668172	0.610001	1.0
1778	0	0.07930626246698262	0.6015966166264837	0.35000099999999995	1.0
1779	0	0.16562509445952137	1.8019066733113738	0.014001	0.7626713880597015
1780	592	0.07403605099245958	0.5478535997669584	0.265001	1.0
1783	2344	0.05529521522709391	0.37350278918225055	0.41400099999999995	1.0
1784	572	0.022216827546600225	0.12624423707625554	0.755001	1.0
1787	0	0.11213448985066618	0.9851233703749069	0.105001	1.0
1788	2361	0.03279000292196979	0.19724260461147033	0.641001	1.0
1789	1920	0.030133061415198944	0.1787118635456917	0.655001	1.0
1790	2550	0.009560768956102153	0.05064193317278431	0.884001	1.0
1792	518	0.0271533009657804	0.15848364130521136	0.692001	1.0
1793	1766	0.0053694139642112195	0.02777298067617422	0.9330010000000001	1.0
1794	1059	0.007289102133382172	0.038116275685544224	0.9270010000000001	1.0
1795	1601	0.1345983334845751	1.2981333596461404	0.051001	1.0
1799	2344	0.042250817849944944	0.267076879425813	0.566001	1.0
1800	742	0.07572242867969153	0.5648214207666875	0.267001	1.0
1802	1257	0.05244378728779724	0.3492138683755459	0.465001	1.0
1804	1258	0.1483898599960629	1.511601403062398	0.030001	0.9576704052478133
1806	0	0.1333266621286655	1.2792768780668322	0.057001	1.0
1809	0	0.13513486281988374	1.3061306044643468	0.060001	1.0
1811	1052	0.05402440575672582	0.3626061615033701	0.446001	1.0
1812	1408	0.037058272887254294	0.2279981904349914	0.596001	1.0
1813	0	0.09086363590572348	0.7269130924011732	0.184001	1.0
1814	1841	0.03285171639011562	0.19767859550313366	0.625001	1.0
1815	47	0.072093925379658	0.5285779794304962	0.29200099999999996	1.0
1816	0	0.007008704120322534	0.0365917419177469	0.9260010000000001	1.0
1820	5	0.08974890206840615	0.714374006620497	0.201001	1.0
1822	851	0.01366322299542476	0.07405755362210686	0.844001	1.0
1823	1769	0.029504038448701697	0.17439313988118552	0.6600010000000001	1.0
1827	2572	0.1560527755694935	1.6374035169153154	0.020001	0.9011973209876544
1829	350	0.032741401360142995	0.19689942483666847	0.6720010000000001	1.0
1834	19	0.04821836995842575	0.3142818848553336	0.49000099999999996	1.0
1835	0	0.0227689622283524	0.1297720945232357	0.750001	1.0
1838	887	0.037725178580651116	0.23291451749004094	0.567001	1.0
1840	1185	0.045825477742477715	0.29505605209893415	0.48800099999999996	1.0
1842	0	0.08194782573649892	0.6293299846901661	0.237001	1.0
1851	787	0.05819957883711253	0.39884150450194594	0.41200099999999995	1.0
1852	787	0.008420739755570998	0.04431704734467214	0.9190010000000001	1.0
1853	874	0.01559505257133778	0.08544281257289904	0.8030010000000001	1.0
1860	2491	0.13484392789862482	1.3017910087829847	0.043001	1.0
1861	349	0.010469878789719035	0.05574215563085682	0.9060010000000001	1.0
1862	1975	0.06604846202941098	0.4703808675376786	0.331001	1.0
1865	0	0.05145527559864067	0.34092865918264603	0.451001	1.0
1867	349	0.033041853013817506	0.19902346131600807	0.624001	1.0
1868	0	0.06776104608805605	0.4865914357479665	0.332001	1.0
1870	2579	0.07369973500998298	0.5444953500390437	0.277001	1.0
1876	1185	0.050939999851087395	0.336637334563997	0.48300099999999996	1.0
1878	1077	0.02510856532561514	0.14493852752514094	0.703001	1.0
1879	913	0.03363778797731147	0.20325423086489863	0.605001	1.0
1880	0	0.09524907051967776	0.7771906743749977	0.169001	1.0
1881	2333	0.04776796823269171	0.31063251162250405	0.49000099999999996	1.0
1883	349	0.015545496680079623	0.08514785715000964	0.825001	1.0
1885	1306	0.0	-0.0	1.0	1.0
1891	2709	0.026366731192844262	0.15324092233381043	0.715001	1.0
1894	2710	0.07880935828075046	0.5964393231701473	0.260001	1.0
1899	0	0.009561747957012088	0.0506473984922127	0.9250010000000001	1.0
1901	1266	0.05870462170908139	0.40330973925730595	0.41800099999999996	1.0
1902	920	0.060159298393183624	0.4162828280671595	0.36100099999999996	1.0
1904	48	0.0015871086587586902	0.008033341378020564	0.984001	1.0
1907	1343	0.09493153540787397	0.773499275203061	0.166001	1.0
1908	0	0.008754487997529398	0.04616054682118236	0.9150010000000001	1.0
1911	1630	0.03819807122974397	0.23641887660028799	0.581001	1.0
1913	1408	0.06048772873347557	0.4192330826971077	0.41900099999999996	1.0
1914	0	0.029545220981460757	0.1746750918115496	0.6810010000000001	1.0
1917	0	0.025065743735473142	0.14465776271802203	0.727001	1.0
1918	0	0.16371783956757213	1.7684723187229674	0.016001	0.8148602279069768
1923	976	0.01710351118816599	0.09449447785666466	0.7900010000000001	1.0
1925	994	0.06010911642018049	0.4158327390589795	0.403001	1.0
1930	20	0.0435513464819424	0.2771539134166324	0.49800099999999997	1.0
1933	572	0.04470951848384891	0.2862263033406296	0.48400099999999996	1.0
1934	0	0.0681178147891199	0.4899957921182774	0.322001	1.0
1938	2260	0.07577522723751973	0.5653561335155335	0.268001	1.0
1942	777	0.0264246745326088	0.1536257566487761	0.6870010000000001	1.0
1943	516	0.09900846164169565	0.8215025278403479	0.173001	1.0
1944	0	0.057147393640653285	0.38959172782187523	0.40900099999999995	1.0
1945	1065	0.026798721590137624	0.15611527409357231	0.716001	1.0
1956	2742	0.04203396921791923	0.2654079831564195	0.586001	1.0
1957	2743	0.0315481768078518	0.18852325764592925	0.635001	1.0
1959	292	0.05124736773170545	0.3391948970011624	0.468001	1.0
1960	2745	0.014317826217759285	0.07788954205728428	0.823001	1.0
1963	781	0.024612338663381368	0.14169223869262998	0.703001	1.0
1967	532	0.03552572889652001	0.2168143952686955	0.613001	1.0
1968	1689	0.2048318451270595	2.563825601565809	0.002001	0.5477237250000001
1969	985	0.1249722919123602	1.1588181553688122	0.059001	1.0
1970	1298	0.07216919984911338	0.5293198016131109	0.29300099999999996	1.0
1975	1790	0.024740772273810982	0.14253091689044145	0.707001	1.0
1977	0	0.06767020075225658	0.4857260799079227	0.323001	1.0
1979	0	0.038124550457606904	0.23587305648316356	0.587001	1.0
1980	0	0.14067315797255392	1.3901284866925334	0.040001	1.0
1981	1768	0.06298185630624287	0.4418940142143655	0.380001	1.0
1983	0	0.034448709810705504	0.20904940938177383	0.597001	1.0
1985	0	0.006971102983410873	0.03638766173474354	0.9180010000000001	1.0
1986	2335	0.031208649862744464	0.1861571343151725	0.6620010000000001	1.0
1989	50	0.08737482572264488	0.6879928288227946	0.193001	1.0
1991	0	0.001343842255338656	0.00679250450382457	0.984001	1.0
1995	521	0.0037317756350219097	0.01912269814762497	0.951001	1.0
1996	2789	0.01870421868231894	0.10425572988092023	0.7860010000000001	1.0
1997	1113	0.07400949190027604	0.5475880867219414	0.278001	1.0
1998	594	0.08290257903770848	0.639485503944194	0.235001	1.0
1999	0	0.0950424327674821	0.7747875688161772	0.177001	1.0
2001	0	0.17558489254313714	1.9818808947158093	0.015000999999999999	0.7858657846889952
2002	0	0.014337675946368514	0.07800615492246352	0.822001	1.0
2005	735	0.011657537175245557	0.06248094018440768	0.853001	1.0
2006	735	0.0	-0.0	1.0	1.0
2008	0	0.038154543467078535	0.2360956810433767	0.596001	1.0
2010	526	0.07045159145185893	0.5124985721570214	0.29800099999999996	1.0
2011	1604	0.026147618615825412	0.1517876471584662	0.718001	1.0
2012	2373	0.1531683467451409	1.5894399611289638	0.023001	0.9234426174698795
2014	0	0.14063869661166428	1.3895976337819023	0.040001	1.0
2018	1343	0.022575567417117415	0.1285341771908091	0.735001	1.0
2019	0	0.0	-0.0	1.0	1.0
2021	0	0.06214160578241874	0.434209021695216	0.36100099999999996	1.0
2023	1200	0.05796153952730756	0.3967419051082055	0.440001	1.0
2025	2806	0.021443520737438517	0.12133600557290312	0.763001	1.0
2027	2807	0.03283660288771255	0.19757179875525824	0.610001	1.0
2029	0	0.1398415824502297	1.3773473459492231	0.037001	0.9905231026894865
2032	1007	0.04000732408092802	0.24996669702835872	0.5590010000000001	1.0
2033	1739	0.011640880307373147	0.062385832847843714	0.858001	1.0
2034	921	0.08554494251838037	0.6679581912281112	0.221001	1.0
2038	661	0.04859242914290143	0.3173235089974045	0.47500099999999995	1.0
2039	349	0.04258303684531686	0.26963995965170084	0.5500010000000001	1.0
2041	1604	0.07117074227453782	0.5195146399873548	0.30000099999999996	1.0
2043	2818	0.012068504002589475	0.06483286114025823	0.864001	1.0
2044	994	0.02849773234776629	0.1675382308039039	0.6710010000000001	1.0
2047	1162	0.003370293325479376	0.017234653115528516	0.962001	1.0
2049	2361	0.03161825679881852	0.18901258866997822	0.6690010000000001	1.0
2053	0	0.05531495895458973	0.37367299457415015	0.42400099999999996	1.0
2055	0	0.08092139380366281	0.6184901399638271	0.248001	1.0
2056	735	0.0883472377556142	0.6987452978020904	0.185001	1.0
2057	349	0.025341565154328963	0.1464682997432817	0.696001	1.0
2059	0	0.030073888387555335	0.17830448371667584	0.648001	1.0
2060	2823	0.10517922752713298	0.8966870877876956	0.116001	1.0
2063	1147	0.10246954629273913	0.863295477979058	0.133001	1.0
2065	878	0.05769084606361831	0.39435925438328917	0.399001	1.0
2066	1946	0.020883055644067387	0.1178025583477778	0.757001	1.0
2069	0	0.05734944432694047	0.3913617648970248	0.41200099999999995	1.0
2071	1978	0.054819184384045004	0.3694075053772919	0.43200099999999997	1.0
2074	52	0.05286801290987038	0.3527907932147527	0.441001	1.0
2075	354	0.009561747957012088	0.0506473984922127	0.9250010000000001	1.0
2076	1829	0.10992572134355877	0.9566115161020663	0.115001	1.0
2078	0	0.050939999851087395	0.336637334563997	0.48300099999999996	1.0
2081	0	0.10774541808994026	0.9288578380938061	0.105001	1.0
2082	2584	0.1108037851489048	0.96789818184658	0.079001	1.0
2084	1633	0.021072076511208276	0.11899200085609897	0.763001	1.0
2088	1756	0.04349534567685105	0.27671759097311105	0.502001	1.0
2091	595	0.04300421162937042	0.27290026917481086	0.520001	1.0
2094	742	0.08863943213540668	0.7019906421908696	0.207001	1.0
2096	355	0.07031296245684787	0.5111505434838897	0.30100099999999996	1.0
2098	1148	0.0008074770806597992	0.004068836347754319	0.990001	1.0
2102	589	0.04502816149284672	0.2887386604363157	0.525001	1.0
2104	1797	0.04689210106386328	0.3035764769705109	0.49400099999999997	1.0
2106	0	0.158655456163476	1.681317821178138	0.010001	0.6974582738853503
2108	0	0.02535664672106684	0.14656743975400385	0.702001	1.0
2109	0	0.03784780942468768	0.23382181331456975	0.602001	1.0
2110	0	0.030935066919745	0.18425612420474285	0.747001	1.0
2112	0	0.020520357887753162	0.11552659787523606	0.756001	1.0
2113	0	0.011259538620324288	0.06021309312997445	0.882001	1.0
2115	54	0.13852778324715542	1.357276376709249	0.041001	1.0
2119	661	0.03962317878601994	0.24707153375105018	0.574001	1.0
2120	0	0.005088212475696491	0.026276318220930836	0.9330010000000001	1.0
2121	0	0.0008551723443064319	0.004310354971608147	0.988001	1.0
2125	0	0.019984711317479698	0.112180664225594	0.776001	1.0
2128	1919	0.023917792467408792	0.1371752739507286	0.729001	1.0
2129	918	0.0	-0.0	1.0	1.0
2130	1151	0.009561747957012088	0.0506473984922127	0.9250010000000001	1.0
2131	2579	0.04968809548698791	0.32628939248802014	0.466001	1.0
2133	0	0.09188496998241308	0.7384871016141804	0.172001	1.0
2135	0	0.06772234480957323	0.48622270824444114	0.335001	1.0
2136	985	0.04512010196579867	0.28946488023435496	0.502001	1.0
2137	2856	0.0	-0.0	1.0	1.0
2138	882	0.04271831454224588	0.2706858096735814	0.5440010000000001	1.0
2143	20	0.034343384437713044	0.2082942232431664	0.613001	1.0
2144	0	0.04262708159931401	0.2699803370931206	0.521001	1.0
2145	1151	0.003352674393854862	0.017142825153561442	0.961001	1.0
2146	0	0.0497084261273959	0.3264565574351744	0.455001	1.0
2147	1633	0.06500680795230464	0.46062698262403046	0.335001	1.0
2153	1689	0.10227307076149934	0.8608972928868335	0.139001	1.0
2154	2806	0.11755325429503097	1.0567701692967644	0.025001000000000002	0.9234426174698795
2155	0	0.07739470723603992	0.581859889248723	0.30300099999999996	1.0
2156	17	0.04448029703073583	0.2844233516119955	0.49300099999999997	1.0
2160	0	0.06595910286254968	0.4695409846421732	0.336001	1.0
2161	1299	0.03279000292196979	0.19724260461147033	0.626001	1.0
2162	2249	0.007796040958812679	0.04088450228269203	0.9180010000000001	1.0
2167	8	0.09693125085390072	0.7968796115470482	0.162001	1.0
2168	0	0.01419977996602168	0.0771965500281359	0.835001	1.0
2169	0	0.037704778151226435	0.2327636819158156	0.579001	1.0
2170	2842	0.08225064822736478	0.6325434562052588	0.220001	1.0
2171	1162	0.06864049008055907	0.4950003227589928	0.31100099999999997	1.0
2175	1201	0.09307758528593639	0.7521058847647305	0.179001	1.0
2176	356	0.0375498250853331	0.23161891928563366	0.613001	1.0
2178	2709	0.06054052296637065	0.41970805917290444	0.380001	1.0
2179	2864	0.03779886951005023	0.23345960448163064	0.572001	1.0
2181	0	0.016919712442398815	0.09338395974842607	0.8090010000000001	1.0
2185	0	0.07081422632189452	0.5160316227207941	0.30300099999999996	1.0
2188	1109	0.012205412649003614	0.06561867507867314	0.845001	1.0
2189	0	0.03170001980915357	0.1895839078653973	0.641001	1.0
2190	985	0.017666408163047702	0.09790870328203982	0.8050010000000001	1.0
2191	1604	0.04752223058396236	0.30864741856818306	0.49800099999999997	1.0
2193	1633	0.030791119307635055	0.18325788362046125	0.641001	1.0
2194	778	0.0019291884202243224	0.009784045404442415	0.975001	1.0
2197	357	0.16507722999741054	1.7922688790485126	0.015000999999999999	0.7858657846889952
2199	946	0.0	-0.0	1.0	1.0
2201	2880	0.016359948112065106	0.09001487608024188	0.8100010000000001	1.0
2202	0	0.06879657629223433	0.49649875868145177	0.326001	1.0
2206	1036	0.02104678504722334	0.11883271856131343	0.750001	1.0
2215	2039	0.02292947263745725	0.13080134169474106	0.749001	1.0
2219	1525	0.013503791456403527	0.07312826752349853	0.832001	1.0
2220	0	0.08642839139519991	0.6775982535617886	0.218001	1.0
2221	0	0.06543626434536216	0.4646386550011284	0.37100099999999997	1.0
2222	2807	0.034119991133439	0.20669494626591534	0.628001	1.0
2224	2249	0.059057855028604084	0.4064458442683339	0.518001	1.0
2227	1109	0.059580510360321165	0.41110270513039765	0.41700099999999996	1.0
2228	0	0.0435288995651027	0.27697899537554954	0.5380010000000001	1.0
2229	1180	0.12396276352666613	1.1446615457635614	0.082001	1.0
2233	0	0.08495551592466108	0.6615600922489577	0.209001	1.0
2234	1111	0.019606916617375403	0.10983170800781136	0.8100010000000001	1.0
2237	532	0.07607330359426381	0.5683788341129876	0.262001	1.0
2238	0	0.07454221888606072	0.5529239583873902	0.279001	1.0
2243	0	0.022177805317955296	0.12599564402757407	0.764001	1.0
2245	0	0.0321651651817339	0.19284255852610763	0.645001	1.0
2246	1757	0.014655059496832774	0.07987403199537473	0.844001	1.0
2249	0	0.008917146054682898	0.047061447752077115	0.902001	1.0
2250	2327	0.055551179748173085	0.3757115574371212	0.384001	1.0
2253	0	0.009561747957012088	0.0506473984922127	0.9250010000000001	1.0
2257	0	0.029991434509578557	0.17773721089184472	0.6670010000000001	1.0
2258	532	0.07421238951806805	0.5496178161939593	0.29100099999999995	1.0
2261	1408	0.0	-0.0	1.0	1.0
2262	0	0.057535536485738135	0.3929946023428873	0.40800099999999995	1.0
2265	521	0.06919339237680426	0.5003163726041627	0.30400099999999997	1.0
2266	1358	0.027312905696038513	0.15955237792675023	0.6810010000000001	1.0
2268	2904	0.00420533204365111	0.021607782735881008	0.962001	1.0
2270	2328	0.0105215066510373	0.05603330311463711	0.882001	1.0
2271	0	0.059163397917159154	0.40738463672842956	0.402001	1.0
2272	1202	0.15863058000548427	1.680895228630149	0.019001	0.8704684058577405
2275	2808	0.06561896641406162	0.46634944659159466	0.34400099999999995	1.0
2278	1202	0.04017848738186379	0.2512599385388848	0.5590010000000001	1.0
2280	1343	0.09347413186857047	0.7566589681181216	0.186001	1.0
2281	425	0.0748370260658132	0.5558859921793163	0.29600099999999996	1.0
2282	5	0.07384079436574488	0.5459028468864275	0.28400099999999995	1.0
2283	349	0.007597519714430345	0.03979860307267967	0.904001	1.0
2284	2920	0.08577678868830112	0.6704822051511631	0.217001	1.0
2286	1642	0.036381978659763475	0.22304337415970887	0.612001	1.0
2288	0	0.05360507410658265	0.3590358946297322	0.42700099999999996	1.0
2293	1458	0.05815568849532645	0.3984540668662853	0.388001	1.0
2294	2923	0.10028312627842995	0.8367826236982292	0.146001	1.0
2303	25	0.03826864754307865	0.23694318226216118	0.602001	1.0
2307	1756	0.028685243871036263	0.1688105071837441	0.762001	1.0
2312	0	0.05917684412834871	0.40750429725519677	0.375001	1.0
2313	0	0.03977181167371658	0.24819053081710615	0.568001	1.0
2316	499	0.08205026226425392	0.6304162251009542	0.246001	1.0
2317	0	0.02052992395317652	0.11558651832160838	0.764001	1.0
2320	370	0.1470241513769567	1.4897241573290825	0.039001	1.0
2321	106	0.012074413754277421	0.06486675756411153	0.865001	1.0
2328	0	0.12166567191868946	1.1127680133021831	0.067001	1.0
2330	1978	0.07666953823218407	0.5744452635602783	0.263001	1.0
2332	0	0.06243261896850259	0.43686480592968835	0.37100099999999997	1.0
2333	0	0.01920926155428784	0.1073690366045993	0.7870010000000001	1.0
2335	1343	0.08280815787465105	0.6384780402740344	0.242001	1.0
2337	0	0.02587058661294036	0.14995468634112089	0.715001	1.0
2340	728	0.0221055066489138	0.1255353193575708	0.762001	1.0
2341	0	0.04461956706870397	0.2855183520077384	0.5430010000000001	1.0
2343	1202	0.1259219236466857	1.1722130776049116	0.067001	1.0
2344	597	0.023649479078450338	0.13543863501962472	0.751001	1.0
2345	1255	0.03573583142420652	0.21833826004852708	0.602001	1.0
2346	370	0.06888375674236143	0.49733648404703834	0.30200099999999996	1.0
2353	56	0.04456210571125947	0.2850664033464566	0.49300099999999997	1.0
2354	1920	0.009561747957012088	0.0506473984922127	0.9250010000000001	1.0
2355	1797	0.059057855028604084	0.4064458442683339	0.518001	1.0
2356	0	0.08804488454082668	0.6953941293885773	0.205001	1.0
2357	881	0.0945414334307175	0.7689751946100942	0.167001	1.0
2358	2932	0.0032557003093256	0.016637733959735012	0.963001	1.0
2359	0	0.06408628802310395	0.452073867610511	0.34800099999999995	1.0
2364	985	0.02280624640267609	0.13001102585149532	0.735001	1.0
2371	1905	0.10339385863603331	0.8746193305886755	0.116001	1.0
2373	0	0.011498856411660638	0.06157559502976514	0.881001	1.0
2374	2344	0.1501703325095518	1.5403688246281295	0.036001	0.9905231026894865
2375	1185	0.1478793237212631	1.5034039841171105	0.027001	0.9234426174698795
2377	370	0.03424610379725764	0.20759737840168607	0.610001	1.0
2381	1147	0.0	-0.0	1.0	1.0
2384	1182	0.01516993907508262	0.08291751734052696	0.826001	1.0
2386	0	0.18057662983706083	2.0755116144262264	0.012001	0.7219722472527472
2391	0	0.02860007408577838	0.16823233934365492	0.6650010000000001	1.0
2392	0	0.008999989207022746	0.04752089929443016	0.9080010000000001	1.0
2394	0	0.006687619001597107	0.034851778869963365	0.9270010000000001	1.0
2399	1036	0.0	-0.0	1.0	1.0
2400	0	0.008353988453290804	0.04394914519404493	0.893001	1.0
2401	0	0.07592510261425481	0.5668751327575715	0.254001	1.0
2402	522	0.0	-0.0	1.0	1.0
2403	58	0.11402339872127296	1.0098236975593335	0.103001	1.0
2405	921	0.08334268149140485	0.6441904086615775	0.210001	1.0
2406	1163	0.05865550282627148	0.40287436309397245	0.41200099999999995	1.0
2407	532	0.04668382826070608	0.3019065116798329	0.616001	1.0
2411	874	0.07398815101417469	0.5473747789498531	0.28200099999999995	1.0
2415	349	0.026050012482140207	0.1511412746785986	0.696001	1.0
2417	2946	0.13132751967284648	1.2499126221508794	0.055001	1.0
2418	1359	0.1103104856520179	0.9615495348661272	0.111001	1.0
2419	0	0.046826609302600915	0.3030510268384492	0.49600099999999997	1.0
2422	47	0.023826436538422317	0.13658345856540555	0.746001	1.0
2423	1203	0.020606001068037196	0.11606326152035681	0.767001	1.0
2424	1167	0.09842975838100682	0.8146081278821939	0.191001	1.0
2425	0	0.008918225876338323	0.04706743381743293	0.899001	1.0
2427	0	0.03630515168921463	0.22248246104047747	0.594001	1.0
2429	56	0.002712873681349065	0.013820627843740458	0.968001	1.0
2430	1163	0.020780638911920356	0.1171590360304617	0.7840010000000001	1.0
2438	2329	0.11621674480989183	1.0388736841936659	0.088001	1.0
2439	2990	0.0280128767040696	0.16425914601450647	0.694001	1.0
2440	1343	0.10201896626459094	0.8578002886085776	0.127001	1.0
2442	1402	0.05263867523969812	0.3508555079572355	0.457001	1.0
2445	598	0.0677139909094102	0.48614313080269156	0.320001	1.0
2446	2995	0.038554544630203164	0.2390705502075334	0.5620010000000001	1.0
2448	1202	0.01456311902388082	0.07933229797881658	0.829001	1.0
2450	0	0.029849167246041287	0.17675948345924183	0.651001	1.0
2451	0	0.07953774074842161	0.6040055288170468	0.257001	1.0
2452	1689	0.01708480714531065	0.09438137063503634	0.815001	1.0
2454	1357	0.02399325350352479	0.1376645258800232	0.714001	1.0
2455	0	0.03055000602501659	0.18158889416258814	0.6560010000000001	1.0
2457	349	0.03318488996845373	0.20003677300074837	0.715001	1.0
2459	0	0.07944094227920175	0.6029976838099058	0.268001	1.0
2462	20	0.1075975113083858	0.9269891094186566	0.116001	1.0
2466	572	0.06623734051672618	0.47215806805074434	0.383001	1.0
2467	0	0.029873096958179475	0.17692384631184097	0.6720010000000001	1.0
2469	1945	0.06256108373892859	0.43803914388906884	0.390001	1.0
2470	0	0.07992901691711038	0.6080867077855471	0.255001	1.0
2476	704	0.0718244012534701	0.5259253305733722	0.29000099999999995	1.0
2477	1343	0.08832204858494246	0.6984658384721085	0.183001	1.0
2479	0	0.017219738956856384	0.09519782295356824	0.8040010000000001	1.0
2480	0	0.031893748899109876	0.19093936172967368	0.6570010000000001	1.0
2482	849	0.045007317505818205	0.28857409949796936	0.513001	1.0
2483	1007	0.0793320335721896	0.6018646049705478	0.227001	1.0
2488	20	0.10899857933086057	0.9447623319225507	0.099001	1.0
2489	2392	0.041107467077786536	0.25831389823876194	0.5460010000000001	1.0
2490	3015	0.05662399621159364	0.3850202477225039	0.41900099999999996	1.0
2497	499	0.04786870876657698	0.311447525900098	0.47500099999999995	1.0
2500	0	0.058999335005941025	0.40592566273488806	0.405001	1.0
2502	899	0.009561747957012088	0.0506473984922127	0.9250010000000001	1.0
2503	1358	0.07501571055820457	0.5576844933875237	0.265001	1.0
2504	38	0.040607873671324304	0.2545130258748406	0.5410010000000001	1.0
2506	1007	0.08067829313356667	0.6159346584778186	0.223001	1.0
2509	2995	0.0	-0.0	1.0	1.0
2510	0	0.025349609850474075	0.14652118042914006	0.693001	1.0
2513	38	0.11252380376637411	0.9901902556386837	0.10100100000000001	1.0
2514	1110	0.009482463299385853	0.05020497636518802	0.885001	1.0
2515	0	0.027019199018372502	0.15758696039494183	0.701001	1.0
2516	598	0.03578196539144942	0.21867326566319406	0.613001	1.0
2517	890	0.0018312504014519233	0.00928211712448046	0.979001	1.0
2518	2336	0.058486509353627474	0.4013777848393457	0.403001	1.0
2520	0	0.0325633003859239	0.19564318345175324	0.631001	1.0
2521	1385	0.06705496213818128	0.4798816616288519	0.35300099999999995	1.0
2523	2450	0.05245392900688298	0.3492992306206749	0.449001	1.0
2530	2842	0.06651335646206014	0.4747599035779795	0.35300099999999995	1.0
2531	0	0.049354494795837305	0.3235505806330424	0.47000099999999995	1.0
2532	0	0.10029546375195372	0.8369311545856616	0.160001	1.0
2534	0	0.03266783544421174	0.19638026900440259	0.631001	1.0
2537	1214	0.04509772586656541	0.28928808174891774	0.48900099999999996	1.0
2539	350	0.031481385856046616	0.18805719544300983	0.638001	1.0
2543	0	0.04943878527747274	0.32424185298811353	0.456001	1.0
2549	1204	0.03638197865976346	0.22304337415970868	0.590001	1.0
2550	0	0.01592219675796182	0.08739380669533757	0.837001	1.0
2556	1306	0.05640988826088365	0.3831558570912529	0.42800099999999996	1.0
2560	0	0.0851036630795141	0.6631656674689013	0.217001	1.0
2562	742	0.05053803675868135	0.333302741784669	0.465001	1.0
2565	585	0.10718611725359486	0.9218006985976027	0.110001	1.0
2570	0	0.058473321982615005	0.40126108653032627	0.41400099999999995	1.0
2571	349	0.05855726506065158	0.40200413433497645	0.396001	1.0
2574	0	0.08505710697297257	0.6626609231090717	0.241001	1.0
2575	1797	0.0008791009492526937	0.004431574163257355	0.989001	1.0
2576	1643	0.10867489848772838	0.9406420892866333	0.123001	1.0
2577	0	0.023957390052557148	0.1374319592773337	0.733001	1.0
2578	2205	0.019995163679246877	0.11224578095464297	0.754001	1.0
2580	1633	0.04007421586597238	0.2504718663082197	0.572001	1.0
2581	0	0.05707488236661824	0.38895721994712384	0.41100099999999995	1.0
2584	0	0.0467132351320562	0.3021421171280885	0.506001	1.0
2585	3037	0.013594578289733029	0.07365724856249302	0.823001	1.0
2587	1035	0.05031709947788738	0.33147475915503943	0.452001	1.0
2591	0	0.05823602978867568	0.39916337744511043	0.385001	1.0
2592	1201	0.15292093623121683	1.585360287967964	0.035001000000000004	0.9905231026894865
2594	3079	0.08485979707610838	0.6605236225591764	0.216001	1.0
2597	2396	0.04642993884073044	0.2998748803761979	0.512001	1.0
2598	0	0.020924644077034992	0.11806406458038687	0.775001	1.0
2600	1147	0.0	-0.0	1.0	1.0
2606	600	0.06918205874779333	0.5002071736123684	0.386001	1.0
2607	598	0.004892486981001575	0.02523736457012037	0.947001	1.0
2608	2823	0.029663018041647806	0.1754821938264264	0.6580010000000001	1.0
2610	3081	0.15406404127319995	1.604254879795476	0.033001	0.9848596534391535
2611	0	0.1560404507495167	1.637197000927785	0.028001	0.9234426174698795
2615	0	0.0905587328855544	0.7234737193091805	0.177001	1.0
2619	184	0.0550769567656124	0.371623101908116	0.446001	1.0
2623	0	0.042951314370959726	0.2724901203615732	0.527001	1.0
2624	597	0.09955466990536116	0.828034320882099	0.165001	1.0
2626	887	0.02240845663420541	0.1274664349409004	0.749001	1.0
2627	0	0.046462684762603734	0.3001366616574763	0.48900099999999996	1.0
2629	499	0.05444879688614905	0.36623228548108333	0.445001	1.0
2630	0	0.01092204503711694	0.058297598194538246	0.865001	1.0
2631	0	0.05132671361932147	0.3398562082232013	0.467001	1.0
2633	1847	0.03875983637117805	0.24060155901970934	0.580001	1.0
2635	597	0.03949913853039438	0.24613883858908506	0.5610010000000001	1.0
2636	54	0.0	-0.0	1.0	1.0
2638	986	0.019291025966675382	0.10787458493219029	0.7840010000000001	1.0
2639	1111	0.09249715362378742	0.7454638030599329	0.170001	1.0
2640	351	0.0287093572731439	0.16897428544659254	0.695001	1.0
2641	499	0.13588172173030155	1.3173040152916966	0.047001	1.0
2643	1857	0.058577196046995	0.40218063440791374	0.396001	1.0
2644	1185	0.03242727886429641	0.1946851734348444	0.637001	1.0
2646	2353	0.012395995590684175	0.06671447887817014	0.866001	1.0
2651	0	0.05079937786245124	0.33546946814513456	0.47100099999999995	1.0
2652	0	0.0	-0.0	1.0	1.0
2667	0	0.0036851756692792004	0.018878870919525798	0.957001	1.0
2668	0	0.04662650245838396	0.30144739558183586	0.49500099999999997	1.0
2676	2502	0.11408805126509065	1.0106743202333992	0.107001	1.0
2678	0	0.02946503239329686	0.17412619195050608	0.6630010000000001	1.0
2679	0	0.0363353786940207	0.22270310064894383	0.594001	1.0
2684	427	0.12377202792985059	1.1419964764358799	0.079001	1.0
2685	0	0.11479855113837428	1.02004493366181	0.10100100000000001	1.0
2688	1718	0.007151205553714023	0.03736593783407566	0.9080010000000001	1.0
2691	0	0.11636893066941895	1.0409040641284169	0.095001	1.0
2693	0	0.08087400572022418	0.6179916397312067	0.242001	1.0
2695	3120	0.07094026136289115	0.5172618482660083	0.30200099999999996	1.0
2699	1947	0.09271188548231649	0.7479179625983745	0.190001	1.0
2700	0	0.018639260362640735	0.10385646740550787	0.778001	1.0
2701	3131	0.07992523854150965	0.6080472417508932	0.238001	1.0
2702	1644	0.05054766986352002	0.3333825222444374	0.461001	1.0
2705	3132	0.1495631868802545	1.5305277181611008	0.025001000000000002	0.9234426174698795
2710	917	0.10293680540870039	0.8690113260016182	0.134001	1.0
2711	749	0.04322083849714762	0.27458194075832754	0.528001	1.0
2712	1278	0.09022886880479505	0.71976098376188	0.206001	1.0
2713	0	0.1713161911800898	1.9036348385169048	0.012001	0.7219722472527472
2717	66	0.030933769086304658	0.18424711792936463	0.6850010000000001	1.0
2719	20	0.05626171612752803	0.38186754596718264	0.42200099999999996	1.0
2720	1357	0.059580510360321165	0.41110270513039765	0.41700099999999996	1.0
2722	353	0.007080245248789067	0.03698026545034995	0.9160010000000001	1.0
2723	735	0.0042869505691140175	0.02203743189401543	0.949001	1.0
2725	0	0.002342597298090131	0.011908933997539683	0.980001	1.0
2726	887	0.0863988554041532	0.6772749829674334	0.192001	1.0
2728	597	0.09735943465896367	0.8019271253887343	0.139001	1.0
2731	0	0.07721362431869418	0.5800046327945585	0.252001	1.0
2736	0	0.13139240877591943	1.2508603915204688	0.054001	1.0
2739	2542	0.1130536081976135	0.997105600986975	0.065001	1.0
2741	887	0.08377655722405616	0.6488433599662543	0.219001	1.0
2742	742	0.008979939344484149	0.047409663850219816	0.884001	1.0
2745	499	0.011982488488558506	0.06433974648073933	0.875001	1.0
2749	20	0.01328476861228875	0.07185419720645973	0.863001	1.0
2750	2818	0.015249523924686405	0.08338941840419097	0.827001	1.0
2753	1299	0.053064766395673285	0.3544540959218206	0.42000099999999996	1.0
2755	0	0.07930626246698262	0.6015966166264837	0.35000099999999995	1.0
2756	370	0.0	-0.0	1.0	1.0
2758	2946	0.08605573161310882	0.6735244643388318	0.28400099999999995	1.0
2760	1260	0.026050545736781457	0.15114480434321612	0.695001	1.0
2763	1711	0.1207505869077724	1.1001856373241763	0.067001	1.0
2764	503	0.05082796804002056	0.3357067964889612	0.47600099999999995	1.0
2765	1066	0.09391152555700706	0.7616954363397305	0.174001	1.0
2767	0	0.007617557494827357	0.03990810099757217	0.9120010000000001	1.0
2768	0	0.11101147038705678	0.9705769950549665	0.115001	1.0
2769	0	0.08912603213323518	0.707409996799839	0.192001	1.0
2773	3079	0.1089960604137934	0.9447302348160758	0.111001	1.0
2776	3131	0.0	-0.0	1.0	1.0
2778	3146	0.034568023551388605	0.2099057908309847	0.602001	1.0
2780	1768	0.041373418006206114	0.26034421301506205	0.564001	1.0
2781	0	0.010274865057805234	0.05464386976988601	0.864001	1.0
2783	0	0.030671593668474405	0.182430045000688	0.6830010000000001	1.0
2786	923	0.03768453606587117	0.232614044982199	0.6720010000000001	1.0
2787	0	0.04426538448846643	0.28273625580781636	0.5350010000000001	1.0
2788	879	0.10762954790485015	0.9273937250263098	0.116001	1.0
2789	0	0.02288228816388485	0.13049860723295933	0.754001	1.0
2790	3147	0.0037292614607796083	0.019109539843537394	0.964001	1.0
2792	8	0.10605144636226407	0.9075616732440287	0.130001	1.0
2793	349	0.10742905057584166	0.9248628575249818	0.104001	1.0
2795	742	0.011938881161244752	0.06408992522395691	0.859001	1.0
2797	788	0.0462498362704273	0.29843642011405735	0.520001	1.0
2798	1266	0.01390314524183462	0.0754589596668583	0.841001	1.0
2800	0	0.1348891923105213	1.3024656978157618	0.042001000000000004	1.0
2801	464	0.017548835513254438	0.09719392816790583	0.820001	1.0
2802	1442	0.0764933720627807	0.5726500442901942	0.28600099999999995	1.0
2803	0	0.00427460226299849	0.021972403710794623	0.952001	1.0
2806	0	0.032719408862307946	0.1967441856526615	0.607001	1.0
2807	0	0.058938880996328824	0.40538855048954026	0.404001	1.0
2811	5	0.015029118681308445	0.08208348297124435	0.839001	1.0
2815	370	0.05337277564501665	0.3570634596824128	0.445001	1.0
2817	0	0.02539871524181332	0.14684405881230608	0.738001	1.0
2822	1185	0.1988080484439707	2.4373182586463895	0.003001	0.5665163620689656
2825	1397	0.026112353776884964	0.1515540430286547	0.715001	1.0
2826	0	0.1284345434211943	1.208021443338084	0.054001	1.0
2828	1442	0.0237906495020275	0.13635177217001793	0.736001	1.0
2829	0	0.09637790840658798	0.7903782821426787	0.150001	1.0
2830	0	0.08123716630964102	0.6218163124249271	0.251001	1.0
2831	754	0.018189754740412636	0.10110089994756064	0.7870010000000001	1.0
2835	1380	0.07521738254295682	0.5597172663751584	0.267001	1.0
2838	0	0.009561747957012088	0.0506473984922127	0.9250010000000001	1.0
2840	1113	0.05570081310647345	0.3770049486970711	0.42400099999999996	1.0
2841	0	0.05115416780021992	0.33841868796575114	0.468001	1.0
2844	586	0.10401474403921365	0.8822645068965771	0.119001	1.0
2846	742	0.08248193936469378	0.6350026043073537	0.236001	1.0
2849	0	0.047421072981751716	0.30783148568260704	0.48100099999999996	1.0
2852	1007	0.0042553083920922954	0.021870817116704567	0.939001	1.0
2853	2709	0.017269695412561945	0.09550039169038195	0.8060010000000001	1.0
2854	349	0.04993051503727768	0.3282845398726375	0.458001	1.0
2856	0	0.0224206809541299	0.12754448067523116	0.742001	1.0
2857	0	0.02117121304883146	0.11961674277351188	0.746001	1.0
2860	0	0.02100127005487834	0.11854617384271104	0.739001	1.0
2863	0	0.02705078666229952	0.15779806747653544	0.712001	1.0
2864	992	0.06563614963662968	0.46651047402032075	0.328001	1.0
2865	0	0.014594497439425522	0.07951712774386252	0.838001	1.0
2866	0	0.003016403187943835	0.015393718910471588	0.966001	1.0
2867	68	0.07002971401321051	0.5084006944174735	0.29100099999999995	1.0
2868	0	0.03267791111248045	0.19645135184840132	0.614001	1.0
2869	3161	0.034728309605162114	0.211057756172775	0.647001	1.0
2872	1847	0.01393728450865725	0.07565865922475525	0.848001	1.0
2873	3166	0.05671522560550925	0.3858156487263439	0.42400099999999996	1.0
2875	3167	0.018951072554902235	0.10577543239387736	0.8000010000000001	1.0
2877	1109	0.06844149563225208	0.4930925912381043	0.323001	1.0
2878	0	0.01269648489146797	0.06844674998319315	0.864001	1.0
2879	1053	0.04673724672292595	0.3023345408052196	0.515001	1.0
2882	0	0.17924074419616143	2.0502280027287427	0.008001	0.6394375839416058
2884	1199	0.01253590797462854	0.06752036005168612	0.857001	1.0
2886	0	0.020754591035437326	0.11699547407670823	0.776001	1.0
2888	3170	0.02098620402224468	0.11845135302869558	0.769001	1.0
2890	349	0.005062101859594635	0.026137585887735567	0.959001	1.0
2893	0	0.031735796159412	0.18983403473184976	0.628001	1.0
2894	58	0.015017136168972578	0.08201257126871071	0.823001	1.0
2898	0	0.0668965131563312	0.4783810247102113	0.335001	1.0
2900	0	0.0768644381631777	0.5764341317944324	0.260001	1.0
2901	2902	0.025472548841822127	0.14732982466167516	0.737001	1.0
2905	526	0.09645815071192246	0.7913195574727322	0.160001	1.0
2911	0	0.0022531389475334285	0.01144827669863561	0.981001	1.0
2913	0	0.034053196942542316	0.20621741433638902	0.625001	1.0
2917	1740	0.21793040735944097	2.851114657979228	0.001001	0.3653316333333333
2922	985	0.054282662797653106	0.3648112540972043	0.42900099999999997	1.0
2923	349	0.03665024332741777	0.2250050967437946	0.590001	1.0
2924	0	0.08471991715290011	0.6590102392428232	0.217001	1.0
2926	1847	0.010464767760476402	0.05571334158964222	0.874001	1.0
2927	1163	0.05693850470847473	0.3877648767791422	0.394001	1.0
2928	1359	0.043234123448221806	0.2746851770815222	0.518001	1.0
2929	2344	0.08115184894577157	0.6209168729165505	0.246001	1.0
2930	3131	0.09538854811134921	0.7788146481206633	0.161001	1.0
2934	503	0.09702993713546067	0.7980416520550271	0.156001	1.0
2936	0	0.06335271411561733	0.445302341384866	0.40800099999999995	1.0
2939	1167	0.03300788924828058	0.19878305350141937	0.619001	1.0
2942	0	0.1247569245031166	1.1557908720370216	0.062001	1.0
2943	3182	0.040754818688381836	0.2556291985510169	0.5410010000000001	1.0
2944	913	0.0030151399319641205	0.01538716065967774	0.977001	1.0
2946	1441	0.06514297373278449	0.46189747461886366	0.327001	1.0
2947	0	0.06659884488870031	0.47556689320291434	0.34900099999999995	1.0
2948	0	0.05829522426520133	0.3996862871454649	0.396001	1.0
2953	1065	0.08057008131070684	0.6147985885530917	0.216001	1.0
2956	0	0.0011712964362370765	0.00591448669498362	0.988001	1.0
2959	38	0.02296295188491243	0.1310162304469639	0.740001	1.0
2964	0	0.02026124248757504	0.11390574938060984	0.779001	1.0
2971	0	0.0	-0.0	1.0	1.0
2973	0	0.03547894689118068	0.21647549171700406	0.602001	1.0
2974	504	0.0	-0.0	1.0	1.0
2975	349	0.01968595167620136	0.11032236375462057	0.830001	1.0
2978	0	0.012519017823867114	0.06742301064061597	0.867001	1.0
2983	0	0.008361545204492296	0.04399078100135207	0.9150010000000001	1.0
2984	0	0.05057229795770215	0.3335865195876954	0.451001	1.0
2985	0	0.1417068554583982	1.4060997145881637	0.033001	0.9848596534391535
2986	3190	0.002747880230651683	0.014001778865141276	0.977001	1.0
2987	2455	0.04693832320489732	0.30394750442611473	0.513001	1.0
2988	3192	0.020020879811031567	0.11240601831289844	0.761001	1.0
2993	0	0.010590460651725683	0.05642241200736521	0.889001	1.0
2994	3193	0.056169331680968285	0.38106509001901123	0.40800099999999995	1.0
2998	742	0.10066446532768558	0.8413791990356567	0.143001	1.0
3002	0	0.03694850065770341	0.22719185154648497	0.601001	1.0
3005	0	0.1116882309869944	0.9793306441169831	0.110001	1.0
3007	913	0.00820033451219303	0.043103297364918094	0.902001	1.0
3008	0	0.02787831391743366	0.16335182622076835	0.689001	1.0
3012	532	0.006505164090025654	0.0338658041328419	0.9320010000000001	1.0
3014	0	0.07492697195026649	0.556791017142237	0.262001	1.0
3020	1829	0.12333073738561126	1.1358422079555517	0.093001	1.0
3026	3170	0.034905893258398046	0.2123360511175064	0.598001	1.0
3027	0	0.023229448586057383	0.13272932461561837	0.735001	1.0
3028	0	0.026138802406090306	0.15172923854627587	0.703001	1.0
3029	3195	0.029596742853827778	0.17502798822534119	0.651001	1.0
3030	3196	0.056427449612276186	0.3833086522274318	0.41000099999999995	1.0
3031	38	0.012755796028181672	0.06878932503195576	0.860001	1.0
3036	3197	0.13228206428837694	1.2638908586578672	0.050001000000000004	1.0
3039	1185	0.02967564737535773	0.17556877961673434	0.6810010000000001	1.0
3043	1247	0.01824325685902565	0.10142821191964937	0.7830010000000001	1.0
3044	0	0.0681294448194458	0.49010692708695175	0.31100099999999997	1.0
3050	0	0.17598540035681823	1.989308263997127	0.009000999999999999	0.6796686137931034
3055	818	0.07905953137159452	0.5990334772872017	0.270001	1.0
3059	71	0.0023917087430241693	0.012162028140336513	0.971001	1.0
3060	1202	0.015389315885837796	0.08421927348175934	0.8090010000000001	1.0
3061	0	0.031335288850153575	0.18703877288295415	0.646001	1.0
3062	1147	0.07342643250819433	0.541772587703144	0.29700099999999996	1.0
3064	0	0.10416875264932007	0.8841656803543742	0.123001	1.0
3066	0	0.05006154623317503	0.32936467029225974	0.49300099999999997	1.0
3067	0	0.06348097298255727	0.4464834353775572	0.36800099999999997	1.0
3070	0	0.07028081700018089	0.5108381658986072	0.29200099999999996	1.0
3071	985	0.0	-0.0	1.0	1.0
3072	1197	0.0517347781842041	0.34326428170959394	0.465001	1.0
3074	1363	0.05580282924769414	0.3778876700075078	0.439001	1.0
3075	985	0.054600321416519666	0.3675300737209382	0.441001	1.0
3080	2823	0.1251362579281396	1.1611255376104928	0.072001	1.0
3082	0	0.02327479370071064	0.13302126645932563	0.748001	1.0
3083	0	0.13649004020202465	1.326440173047059	0.048001	1.0
3084	0	0.030239947067553587	0.17944830918139384	0.650001	1.0
3085	0	0.03359794693071005	0.20297064424111175	0.629001	1.0
3090	52	0.01219532162122336	0.06556071638397915	0.859001	1.0
3093	3211	0.10198152009937221	0.85734433649667	0.152001	1.0
3095	297	0.095694918840568	0.7823872119786361	0.160001	1.0
3099	913	0.1229530309529973	1.1305876574200593	0.066001	1.0
3103	0	0.07831565053558387	0.5913338501258073	0.258001	1.0
3104	2343	0.0013438422553386405	0.006792504503824521	0.986001	1.0
3106	1204	0.08778803816670105	0.6925529373165978	0.185001	1.0
3107	3214	0.026616137190320268	0.15489892210554074	0.697001	1.0
3111	2344	0.035371892915825646	0.2157005129679082	0.635001	1.0
3114	917	0.04188701915508071	0.26427887425598073	0.5400010000000001	1.0
3119	924	0.11404616817108816	1.010123232128751	0.108001	1.0
3121	0	0.002975373320896181	0.015180758461057674	0.962001	1.0
3122	3240	0.08497689583999583	0.6617916966181918	0.204001	1.0
3123	1769	0.07656752209096339	0.5734053824609315	0.28200099999999995	1.0
3124	3249	0.030440540535585526	0.18083244102360996	0.648001	1.0
3125	0	0.004575612852526056	0.02356014606516935	0.948001	1.0
3126	441	0.08233962055039833	0.6334889464600094	0.240001	1.0
3130	1442	0.11627195236233268	1.039610011555121	0.08500100000000001	1.0
3132	292	0.023953611681715076	0.13740746220048944	0.747001	1.0
3134	0	0.05060940730126374	0.33389398149090727	0.48800099999999996	1.0
3139	2857	0.061307678077312806	0.4266328486577613	0.48000099999999996	1.0
3142	2818	0.096979786918474	0.7974510316721584	0.17100100000000001	1.0
3144	25	0.11774378361358054	1.0593334982519205	0.084001	1.0
3145	917	0.09892794889628903	0.8205417364754193	0.149001	1.0
3146	1306	0.10554892240736241	0.9012888238077945	0.119001	1.0
3147	1316	0.005730113457128365	0.029699648571062696	0.950001	1.0
3148	0	0.13488674948876683	1.3024292818355094	0.051001	1.0
3149	3257	0.0	-0.0	1.0	1.0
3151	1185	0.07286996098894404	0.5362461352435255	0.316001	1.0
3152	0	0.02032707477282908	0.1143171467557381	0.7810010000000001	1.0
3153	2709	0.026100672577289288	0.15147668132941075	0.704001	1.0
3155	425	0.05283703508865261	0.3525291657526064	0.448001	1.0
3163	3214	0.017065539925216006	0.09426488069688753	0.820001	1.0
3164	0	0.02712707591068597	0.15830819356044973	0.696001	1.0
3166	20	0.11303016854754794	0.9967991642253944	0.102001	1.0
3167	594	0.13907822748854848	1.3656673911322637	0.036001	0.9905231026894865
3172	581	0.14669053676258298	1.4844048477929355	0.048001	1.0
3173	3182	0.03124347576651615	0.1863994802430935	0.654001	1.0
3176	0	0.0844576075298675	0.6561763477138397	0.228001	1.0
3177	503	0.013558071114077381	0.07344447367657113	0.864001	1.0
3179	0	0.057174307582056744	0.3898273338825349	0.40900099999999995	1.0
3180	913	0.06642126140320881	0.47389115335881804	0.330001	1.0
3182	3261	0.0932402341586045	0.7539718930932924	0.183001	1.0
3184	925	0.001988704436008508	0.01008933654253398	0.980001	1.0
3186	919	0.06553844371233122	0.4655951422257332	0.336001	1.0
3187	0	0.012079752784064007	0.06489738235396253	0.857001	1.0
3188	3270	0.059331832058808355	0.40888451162554856	0.380001	1.0
3190	754	0.0006801076081376575	0.0034245128921511574	0.993001	1.0
3191	0	0.019155104837343534	0.10703441910903963	0.7840010000000001	1.0
3192	0	0.0	-0.0	1.0	1.0
3193	349	0.09624829757858289	0.7888589731066461	0.145001	1.0
3194	899	0.05138464871186656	0.34033935197495996	0.47800099999999995	1.0
3195	0	0.016132540680394155	0.08865176344927603	0.833001	1.0
3201	2026	0.1425246889636805	1.4188014137397233	0.033001	0.9848596534391535
3202	0	0.07509010630135218	0.5584340150193212	0.278001	1.0
3204	2744	0.02445211246759687	0.14064744783784647	0.714001	1.0
3205	20	0.044776000059695495	0.28674989898342385	0.527001	1.0
3206	0	0.06086735873854535	0.4226530313786778	0.37200099999999997	1.0
3210	2946	0.02741680754474133	0.16024901383608528	0.689001	1.0
3212	2313	0.038962770762620426	0.24211780539337366	0.5620010000000001	1.0
3214	1957	0.00547108786990729	0.02831528566888369	0.9360010000000001	1.0
3218	1363	0.13217890789933434	1.2623765062928627	0.052001	1.0
3221	3135	0.0049509252600463995	0.025547329567912027	0.953001	1.0
3231	2744	0.05639784671410334	0.38305110064285847	0.392001	1.0
3233	0	0.018219327146887447	0.10128179390997603	0.7850010000000001	1.0
3234	2925	0.03667291358102233	0.2251710988031008	0.593001	1.0
3236	1065	0.005041612509953712	0.026028749124075705	0.948001	1.0
3237	1930	0.021134973652144267	0.11938829549322968	0.761001	1.0
3239	1109	0.04861887777210672	0.3175389451389252	0.47900099999999995	1.0
3240	0	0.0	-0.0	1.0	1.0
3244	0	0.06482307126525308	0.4589147946178399	0.37300099999999997	1.0
3245	532	0.0	-0.0	1.0	1.0
3246	0	0.10655065263339593	0.9138133658100209	0.128001	1.0
3247	3279	0.052372064202199795	0.3486103880100322	0.449001	1.0
3249	0	0.04287952523454522	0.2719337985624461	0.524001	1.0
3257	1085	0.06526002118406583	0.46299067470501	0.327001	1.0
3258	3280	0.08351863152056441	0.6460755745928113	0.215001	1.0
3259	1711	0.04219402826883689	0.2666395064521221	0.5380010000000001	1.0
3260	3281	0.025669024373061886	0.1486241983027941	0.713001	1.0
3261	1034	0.0	-0.0	1.0	1.0
3262	0	0.032139969312017354	0.19266567653326294	0.629001	1.0
3263	3282	0.15193329966555458	1.5691286505655357	0.019001	0.8704684058577405
3266	1833	0.041584347480243214	0.26195793601224776	0.568001	1.0
3267	0	0.04578314482589866	0.2947195232780209	0.518001	1.0
3270	0	0.007905621215333338	0.04148491515084464	0.9120010000000001	1.0
3271	874	0.02797097150014171	0.16397646367850222	0.6760010000000001	1.0
3272	919	0.026435420822327547	0.15369715282427732	0.776001	1.0
3274	0	0.08144368421448334	0.6239957932322221	0.214001	1.0
3276	0	0.09026161472666831	0.720129169533029	0.201001	1.0
3277	0	0.02625728105140738	0.15251459842579923	0.701001	1.0
3278	1185	0.03809358280690986	0.23564326167982788	0.590001	1.0
3279	0	0.06988231619467705	0.5069720860250269	0.336001	1.0
3280	0	0.07564372549788607	0.5640247528001949	0.257001	1.0
3283	370	0.007884360711310504	0.04136836795300897	0.9060010000000001	1.0
3285	2361	0.06650564760403596	0.47468716041498266	0.312001	1.0
3286	0	0.03543471301716245	0.21615518304665116	0.723001	1.0
3288	0	0.024431239297884762	0.14051146175690196	0.738001	1.0
3289	1205	0.0	-0.0	1.0	1.0
3291	0	0.06024997732979418	0.41709660387408604	0.390001	1.0
3292	899	0.01854678636562039	0.10328854075068053	0.8120010000000001	1.0
3293	887	0.022243034524063246	0.12641124465321493	0.762001	1.0
3295	0	0.04228506080669154	0.26734071366065126	0.524001	1.0
3296	0	0.04516866111775388	0.28984867642515283	0.512001	1.0
3299	3196	0.0863094604519627	0.6762969703453843	0.232001	1.0
3300	985	0.031308840254259174	0.18685455455602926	0.654001	1.0
3302	572	0.027684158026803095	0.16204477482686724	0.698001	1.0
3303	0	0.15220104726072128	1.5735205104523446	0.027001	0.9234426174698795
3305	3107	0.02643542082232754	0.15369715282427732	0.772001	1.0
3308	566	0.0030653044617473223	0.015647664225419956	0.972001	1.0
3310	1525	0.061897237691589786	0.43198369867278674	0.40700099999999995	1.0
3311	918	0.013691556474679248	0.07422286660458996	0.860001	1.0
3312	0	0.02828995758145903	0.16613116086076957	0.6850010000000001	1.0
3313	0	0.07035395109688428	0.5115489677186505	0.281001	1.0
3314	2026	0.03907821880333957	0.24298163904656553	0.574001	1.0
3315	0	0.03820441515786566	0.2364659912875908	0.591001	1.0
3316	0	0.07963062010453159	0.60497324165594	0.238001	1.0
3317	0	0.15399384266495483	1.603091214904295	0.021001000000000002	0.9234426174698795
3318	2744	0.03151995151288583	0.18832626757430207	0.6580010000000001	1.0
3319	2061	0.07776793299202708	0.5856915759755925	0.260001	1.0
3326	0	0.009561747957012088	0.0506473984922127	0.9250010000000001	1.0
3328	0	0.06671060651710671	0.4766227102397108	0.328001	1.0
3330	1948	0.11239144297267278	0.9884661964574996	0.083001	1.0
3333	1921	0.043740306602411544	0.27862776965415875	0.523001	1.0
3334	0	0.08972623184335378	0.7141200098225692	0.199001	1.0
3335	0	0.003877509543081123	0.01988605577974026	0.948001	1.0
3336	3015	0.11523212257678522	1.025783652621419	0.087001	1.0
3341	1185	0.042085874974185894	0.2658071623406806	0.5440010000000001	1.0
3343	971	0.06904477626984083	0.49888522246553535	0.34400099999999995	1.0
3346	3249	0.0009162791638174655	0.004619980239729382	0.995001	1.0
3349	1025	0.0369145145241582	0.22694236943180868	0.583001	1.0
3350	0	0.09746823645586022	0.8032120252189253	0.162001	1.0
3353	0	0.02384047817031155	0.1366743870712947	0.742001	1.0
3355	0	0.06115804693251129	0.42527882656785876	0.376001	1.0
3357	0	0.07954683852559952	0.6041002897224511	0.243001	1.0
3358	0	0.148570766456203	1.5145116179101208	0.029001000000000002	0.9422313026706233
3359	3323	0.14077574528962722	1.3917093807363683	0.044001	1.0
3362	0	0.040972541877728086	0.2572857108718527	0.5580010000000001	1.0
3364	2882	0.008599336349911033	0.04530271096219226	0.9150010000000001	1.0
3366	0	0.01739607219842473	0.09626651072432676	0.814001	1.0
3369	0	0.015318794144033754	0.08380047921776493	0.831001	1.0
3371	0	0.07930626246698262	0.6015966166264837	0.35000099999999995	1.0
3373	1567	0.0	-0.0	1.0	1.0
3375	3335	0.09277297504264329	0.7486168153817281	0.174001	1.0
3376	0	0.13600640812512677	1.3191740540379835	0.055001	1.0
3378	3336	0.050939999851087395	0.336637334563997	0.48300099999999996	1.0
3380	0	0.01276080492693913	0.06881826582932096	0.866001	1.0
3381	916	0.011134872895453615	0.059504723970437996	0.880001	1.0
3382	0	0.0015322642589069568	0.007753293221391883	0.983001	1.0
3391	0	0.012005158742163118	0.0644696677691931	0.858001	1.0
3392	370	0.08820995677545307	0.6972228442921967	0.187001	1.0
3394	0	0.018481294521873838	0.10288665058183556	0.7860010000000001	1.0
3395	77	0.04272209291784666	0.2707150389080473	0.530001	1.0
3396	0	0.05499875234225109	0.37095041928574474	0.463001	1.0
3398	3339	0.0	-0.0	1.0	1.0
3399	0	0.0	-0.0	1.0	1.0
3402	3349	0.1359333595301786	1.3180783138355805	0.042001000000000004	1.0
3405	3350	0.07211155779912821	0.5287517070069071	0.271001	1.0
3408	3145	0.0	-0.0	1.0	1.0
3411	1797	0.02427357068340005	0.13948517943351763	0.750001	1.0
3412	0	0.01267452641236657	0.06831997495101998	0.828001	1.0
3413	3353	0.036816491853851385	0.226223251492414	0.613001	1.0
3414	1185	0.14756697800493318	1.4984000885971067	0.027001	0.9234426174698795
3419	2864	0.06953190730599784	0.5035823569698107	0.34700099999999995	1.0
3425	3244	0.05885575673311203	0.4046504531673162	0.391001	1.0
3427	350	0.033586130840993794	0.20288655828759558	0.646001	1.0
3430	2333	0.11003763262107086	0.9580465247639208	0.098001	1.0
3432	2408	0.06858381444654756	0.4944566818186069	0.30400099999999997	1.0
3435	1645	0.17652822698479476	1.9993985364640285	0.006001	0.6394375839416058
3439	0	0.05469198682106923	0.36831597311430253	0.438001	1.0
3440	2144	0.0008910292555439452	0.00449201384925753	0.988001	1.0
3442	1537	0.051790194359681976	0.34372801667074226	0.444001	1.0
3443	1065	0.02908715819912771	0.17154529627869985	0.6670010000000001	1.0
3447	1207	0.01735533859284593	0.09601946673681812	0.8000010000000001	1.0
3449	0	0.007192767685322444	0.037591970104562535	0.9070010000000001	1.0
3450	1357	0.004571834476925291	0.023540182989672954	0.961001	1.0
3452	0	0.1166283791273381	1.0443699000583468	0.086001	1.0
3453	2088	0.054114798939955334	0.3633774296493123	0.41700099999999996	1.0
3461	0	0.035688629231765065	0.21799564574844021	0.585001	1.0
3468	0	0.03615952504428409	0.22142033470627762	0.601001	1.0
3473	0	0.0798391164633761	0.6071479720372615	0.253001	1.0
3475	0	0.05706480696824313	0.3888690854190016	0.41100099999999995	1.0
3479	0	0.027798768753359616	0.16281603244011691	0.6790010000000001	1.0
3482	425	0.07354711003413474	0.5429741383106713	0.29100099999999995	1.0
3487	887	0.06212027325217272	0.4340145845903608	0.36800099999999997	1.0
3489	0	0.030965018257410076	0.1844640015709809	0.6700010000000001	1.0
3494	1758	0.07202465516031065	0.5278957039316438	0.280001	1.0
3497	0	0.05270104837960987	0.351381478680048	0.447001	1.0
3500	3373	0.04932165563384902	0.32328139966415853	0.452001	1.0
3504	0	0.028420323486021082	0.16701367996094202	0.6790010000000001	1.0
3506	1544	0.0020629904797649402	0.010470682232699792	0.979001	1.0
3509	0	0.014078227488449349	0.07648387637427814	0.861001	1.0
3510	2828	0.007192513660579828	0.037590588296921856	0.9200010000000001	1.0
3515	0	0.08250705059964748	0.6352698411339244	0.221001	1.0
3516	1443	0.036956245206192	0.22724871290296864	0.594001	1.0
3518	1185	0.06212783000337424	0.43408345742006205	0.375001	1.0
3519	988	0.020719352336060128	0.11677426908743453	0.776001	1.0
3520	0	0.04314653044366591	0.2740047233279698	0.530001	1.0
3521	0	0.045573275253080435	0.29305299068417445	0.512001	1.0
3522	0	0.04889218027389546	0.3197679960648467	0.48000099999999996	1.0
3523	48	0.003215397636250776	0.016427979665283896	0.952001	1.0
3524	3422	0.045908073422122754	0.29571301210414463	0.522001	1.0
3525	1308	0.0054458986992355594	0.02818087517286008	0.9280010000000001	1.0
3526	1273	0.011641197218412338	0.062387642187053456	0.867001	1.0
3533	917	0.033719299338664785	0.20383475533266115	0.641001	1.0
3536	1185	0.019849106352035777	0.11133649280540475	0.7820010000000001	1.0
3537	3431	0.09636485975470654	0.7902252643897965	0.142001	1.0
3539	0	0.006214108906770243	0.03229708052388115	0.9250010000000001	1.0
3542	0	0.0658834523730058	0.4688304096448399	0.334001	1.0
3543	1185	0.09299179199953557	0.7511224510651433	0.176001	1.0
3545	2990	0.03190460357285727	0.19101538177330912	0.653001	1.0
3546	0	0.07972362476747277	0.6059429204541666	0.232001	1.0
3549	1109	0.04615125536891702	0.29765002254369044	0.501001	1.0
3550	0	0.04542344217813378	0.29186507074554846	0.517001	1.0
3558	0	0.004049563699046924	0.02078889392872494	0.953001	1.0
3560	3432	0.0	-0.0	1.0	1.0
3561	0	0.04133815624499463	0.26007473967514105	0.5590010000000001	1.0
3562	0	0.005962770515768549	0.03094649250174099	0.947001	1.0
3564	1068	0.04103164802620272	0.25773597123870157	0.588001	1.0
3567	0	0.009561747957012088	0.0506473984922127	0.9250010000000001	1.0
3571	2161	0.062117754335105566	0.433991627907336	0.385001	1.0
3572	2550	0.04583553963495515	0.29513605824886535	0.521001	1.0
3573	1835	0.07079281555378951	0.515822750626373	0.30500099999999997	1.0
3574	821	0.14245344179780683	1.4176925701276808	0.041001	1.0
3575	1567	0.012866038301391783	0.06942664823668732	0.852001	1.0
3579	1185	0.10628948402511225	0.9105401624726349	0.121001	1.0
3581	0	0.06899760140600764	0.4984312794558717	0.313001	1.0
3584	1185	0.002866527622446824	0.01461628781509854	0.961001	1.0
3586	300	0.04781156485207674	0.3109851311169067	0.48000099999999996	1.0
3587	1185	0.015678999284639967	0.08594281040926334	0.823001	1.0
3589	0	0.06115174963984338	0.4252218777213976	0.385001	1.0
3590	1548	0.03918049552139652	0.24374767728420027	0.576001	1.0
3591	370	0.0031549952837410366	0.016113796085394323	0.956001	1.0
3593	1633	0.027307579925260225	0.15951668896284074	0.6720010000000001	1.0
3595	1397	0.006706616691357373	0.03495455567897629	0.9200010000000001	1.0
3597	0	0.010855907939507296	0.05792304223454179	0.879001	1.0
3598	0	0.01591069285624698	0.08732508751710091	0.8020010000000001	1.0
3599	3373	0.09581330794272523	0.7837697300675258	0.166001	1.0
3600	0	0.006622010639936386	0.03449700612899794	0.9090010000000001	1.0
3604	742	0.04521959918995212	0.290251450910092	0.499001	1.0
3605	1444	0.0019710526050655906	0.009998768753633223	0.979001	1.0
3606	0	0.0866781321892652	0.6803343672169072	0.243001	1.0
3607	0	0.11000362724066398	0.9576103745979024	0.108001	1.0
3608	1343	0.0012153774849126484	0.0061386327762174165	0.990001	1.0
3609	0	0.06833155112298481	0.49203983053965716	0.315001	1.0
3613	3453	0.1909200596481076	2.276922292164561	0.006001	0.6394375839416058
3616	0	0.03273332728795833	0.1968424283684343	0.648001	1.0
3619	0	0.04208228798278381	0.2657795707630162	0.519001	1.0
3620	1343	0.0	-0.0	1.0	1.0
3621	1397	0.11410442422602729	1.0108897911539767	0.100001	1.0
3622	0	0.0	-0.0	1.0	1.0
3629	0	0.0	-0.0	1.0	1.0
3633	3454	0.03111283928683096	0.18549082386330196	0.6700010000000001	1.0
3634	600	0.07257000070535434	0.5332768105659855	0.30300099999999996	1.0
3635	588	0.04538047848720002	0.29152473019270436	0.503001	1.0
3636	0	0.08172905423898641	0.6270128232380874	0.231001	1.0
3637	926	0.0014773448598990116	0.007473038040042847	0.982001	1.0
3639	821	0.04831534826551202	0.3150695112103444	0.49700099999999997	1.0
3642	0	0.05715541586971745	0.38966194937925513	0.397001	1.0
3643	3457	0.012665099062586192	0.06826555621198976	0.863001	1.0
3644	0	0.020345395648700356	0.11443168606676447	0.751001	1.0
3645	1111	0.0	-0.0	1.0	1.0
3647	0	0.0857678032298399	0.6703843065638515	0.240001	1.0
3651	0	0.04124598619801683	0.25937077139913595	0.574001	1.0
3652	0	0.009561747957012088	0.0506473984922127	0.9250010000000001	1.0
3653	3215	0.12507682697064798	1.1602889448313807	0.075001	1.0
3655	3477	0.05621712030206815	0.38148010783539393	0.41500099999999995	1.0
3657	25	0.0627138485133048	0.43943718693789124	0.35600099999999996	1.0
3659	0	0.0	-0.0	1.0	1.0
3661	3478	0.04643019197485286	0.299876903723753	0.518001	1.0
3663	3162	0.0559013486361004	0.3787408435396152	0.42600099999999996	1.0
3665	3483	0.05035945634710989	0.33182494277037194	0.47600099999999995	1.0
3666	526	0.023940684873640136	0.13732365816836778	0.724001	1.0
3669	602	0.04155288528402713	0.26171703959163883	0.5430010000000001	1.0
3671	0	0.007699070015824903	0.04035378098919163	0.9140010000000001	1.0
3672	499	0.10404453921383318	0.8826321668661696	0.128001	1.0
3676	8	0.06117567935198153	0.4254382987065694	0.36700099999999997	1.0
3677	1628	0.05852948325740907	0.40175815880207444	0.36800099999999997	1.0
3679	0	0.09936652406727994	0.825781701555919	0.14000100000000001	1.0
3680	0	0.09442790355577824	0.7676608294588858	0.169001	1.0
3681	0	0.05535708096030861	0.374036210474648	0.447001	1.0
3684	1185	0.018791121321136542	0.10479028831733465	0.7900010000000001	1.0
3687	1343	0.03766112744343968	0.23244103447419293	0.584001	1.0
3690	1075	0.016286083283662267	0.0895717654761417	0.8030010000000001	1.0
3692	0	0.09252486171152643	0.7457802734372688	0.155001	1.0
3696	1040	0.006424497979833618	0.03343052433951261	0.9230010000000001	1.0
3697	1299	0.01276615400518371	0.06884917384635697	0.847001	1.0
3699	0	0.07004810537922765	0.5085790608295101	0.323001	1.0
3702	0	0.02016664835699198	0.11331509621452554	0.771001	1.0
3709	2881	0.023486353154246985	0.13438508046119166	0.722001	1.0
3711	1185	0.03979703181445553	0.24838055272099907	0.5500010000000001	1.0
3714	8	0.011467369948320906	0.06139613381824656	0.852001	1.0
3716	588	0.07594682060460518	0.5670953874308682	0.30200099999999996	1.0
3719	0	0.06911152757212104	0.4995278238610154	0.312001	1.0
3720	0	0.17082181852237635	1.8946808497903187	0.018001	0.8644427587719298
3721	3270	0.018626132253236474	0.10377580860193548	0.777001	1.0
3724	2161	0.08598438525276669	0.6727457591518952	0.195001	1.0
3725	946	0.07780305091241346	0.5860526559267818	0.258001	1.0
3726	0	0.07831506542898431	0.5913278105065224	0.250001	1.0
3729	3340	0.028813892331431702	0.16968472919458094	0.693001	1.0
3730	52	0.06347159231882395	0.44639701103869733	0.35600099999999996	1.0
3731	3509	0.013908200586414924	0.07548852664212984	0.822001	1.0
3732	1366	0.016738203911387674	0.09228935620933476	0.815001	1.0
3733	0	0.06500065491848904	0.46056960410485814	0.330001	1.0
3734	38	0.03125319638792502	0.18646713829040681	0.640001	1.0
3735	1711	0.03145160350532356	0.18784947183642312	0.6740010000000001	1.0
3736	0	0.09027798768760498	0.7203132939072535	0.188001	1.0
3741	0	0.0490395973617412	0.3209725069660744	0.47900099999999995	1.0
3743	526	0.04195453220178973	0.26479743468031725	0.5380010000000001	1.0
3744	0	0.17811010690298162	2.0289583839072396	0.003001	0.5665163620689656
3746	1488	0.005331281258147132	0.027569748242652434	0.940001	1.0
3748	66	0.03199020646277737	0.19161517063238798	0.644001	1.0
3749	1040	0.0027859999019323317	0.014199121443278697	0.972001	1.0
3750	0	0.08960910234724992	0.7128083333602621	0.181001	1.0
3753	3518	0.1659143392441032	1.8070059059612775	0.010001	0.6974582738853503
3754	718	0.002737950482408373	0.013950387339720021	0.975001	1.0
3756	0	0.16962261584513047	1.8730538882887584	0.013000999999999999	0.729989482051282
3758	0	0.04386064343221044	0.2795676630584038	0.527001	1.0
3759	1628	0.03201039808967869	0.19175671710858783	0.640001	1.0
3760	0	0.07254843784168521	0.5330636188149753	0.28700099999999995	1.0
3761	924	0.016935938901161043	0.09348191535124985	0.8050010000000001	1.0
3762	0	0.0688357061532652	0.49687469138644536	0.315001	1.0
3766	1979	0.10205014660105424	0.858180032669623	0.143001	1.0
3767	742	6.67512392272954e-05	0.0003349220345600354	0.999001	1.0
3770	0	0.09340396376797098	0.7558524065781891	0.17100100000000001	1.0
3775	1947	0.15066146762195956	1.5483533037595598	0.027001	0.9234426174698795
3777	1066	0.03297892170200802	0.19857807151819584	0.635001	1.0
3778	0	0.04985687841608372	0.32767806195601684	0.454001	1.0
3780	1184	0.07403097260431668	0.5478028266663559	0.28300099999999995	1.0
3782	0	0.05027536591993008	0.3311298526136159	0.47500099999999995	1.0
3783	913	0.029642616046532812	0.17534234143556407	0.689001	1.0
3786	370	0.040891911256926	0.25667186691576327	0.5620010000000001	1.0
3792	0	0.0023908069907536272	0.012157379716873454	0.975001	1.0
3795	1040	0.14044407261617678	1.3866015193048231	0.023001	0.9234426174698795
3796	816	0.002183451129241523	0.011089750746065788	0.974001	1.0
3797	513	0.05971041669815272	0.41226324409171766	0.36600099999999997	1.0
3798	0	0.090320809277747	0.7207949492180055	0.164001	1.0
3801	3432	0.013540438694607205	0.07334173606574582	0.841001	1.0
3803	918	0.04086875787109975	0.2564956816461843	0.567001	1.0
3804	1185	0.005098288143965207	0.026329863632846326	0.940001	1.0
3807	0	0.06761790793723568	0.4852282372189002	0.333001	1.0
3808	754	0.09768728996581373	0.8058018049380847	0.152001	1.0
3809	0	0.05172695207910463	0.3431988086563298	0.462001	1.0
3811	0	0.005107104353700313	0.02637672081503226	0.9290010000000001	1.0
3814	0	0.1179419943778707	1.0620033668044344	0.073001	1.0
3815	3190	0.1207984463320488	1.1008419696573204	0.084001	1.0
3820	1442	0.06477899021657746	0.4585043858208638	0.35600099999999996	1.0
3823	0	0.0	-0.0	1.0	1.0
3825	850	0.006123487390306003	0.031809683523385486	0.9310010000000001	1.0
3826	1445	0.16568302955206643	1.8029274313512285	0.023001	0.9234426174698795
3827	1207	0.004973601749139946	0.02566766350166155	0.941001	1.0
3828	0	0.06945158137618984	0.5028066019942854	0.333001	1.0
3830	2144	0.004505011167791846	0.023187261293842142	0.951001	1.0
3833	3572	0.01629444092568367	0.0896218853555796	0.8090010000000001	1.0
3834	0	0.01001395480056011	0.05317808439513013	0.886001	1.0
3836	2946	0.05495647311312285	0.37058693289522293	0.439001	1.0
3837	3573	0.01672793355149214	0.09222748154462278	0.7990010000000001	1.0
3840	1040	0.1973483360035419	2.407188213258857	0.009000999999999999	0.6796686137931034
3846	1185	0.14181578539730166	1.40778814319163	0.041001	1.0
3848	0	0.04970259430819607	0.3264086033966483	0.457001	1.0
3849	0	0.07169080835725253	0.5246125310787684	0.28700099999999995	1.0
3852	2781	0.052916150288709884	0.3531974795513224	0.457001	1.0
3856	2912	0.015755826255188884	0.08640078698077404	0.8080010000000001	1.0
3857	3135	0.04126372304673048	0.2595061950533833	0.5560010000000001	1.0
3858	0	0.012952543780502392	0.06992727019229612	0.847001	1.0
3860	3478	0.017189068417479775	0.09501213981145636	0.8010010000000001	1.0
3861	499	0.01979868814800711	0.11102292556344767	0.7820010000000001	1.0
3862	0	0.04327824501230343	0.27502812977565366	0.5480010000000001	1.0
3863	1604	0.005000050378345312	0.025808053054093828	0.950001	1.0
3864	1053	0.041541941031579495	0.261633258730778	0.572001	1.0
3867	1343	0.027257201583916684	0.15917918611055995	0.708001	1.0
3868	38	0.08607756779848752	0.6737628728645542	0.207001	1.0
3869	2946	0.04637262180765084	0.2994168498768116	0.48900099999999996	1.0
3870	1207	0.10906281171607354	0.9455809828793632	0.112001	1.0
3872	0	0.06653719432946668	0.47498487284125135	0.35400099999999995	1.0
3874	1278	0.06083632013856747	0.42237302228974266	0.377001	1.0
3879	0	0.0747690153049994	0.5552020814448149	0.254001	1.0
3881	0	0.09466720067716	0.7704324246720484	0.17100100000000001	1.0
3883	899	0.06580732417473024	0.4681157738821762	0.439001	1.0
3885	3255	0.0	-0.0	1.0	1.0
3887	0	0.010499327427681865	0.05590820685934854	0.882001	1.0
3888	1109	0.05066965246658857	0.33439333774601804	0.468001	1.0
3892	985	0.007704122404525407	0.040381418710972485	0.9220010000000001	1.0
3893	2313	0.06981430543386329	0.5063134586968936	0.313001	1.0
3895	0	0.02868282699394659	0.16879409385555869	0.6770010000000001	1.0
3896	499	0.029104790596390637	0.17166551735387972	0.6800010000000001	1.0
3898	1551	0.009281953009043845	0.04908779474218296	0.889001	1.0
3901	1603	0.0382623502504107	0.23689638644452637	0.572001	1.0
3903	2990	0.045682128864538776	0.2939169929938361	0.512001	1.0
3904	1930	0.1079013583019558	0.9308299912235564	0.138001	1.0
3907	52	0.05904529870244998	0.406334210820604	0.37300099999999997	1.0
3908	2743	0.018215548771286717	0.10125867857427255	0.7960010000000001	1.0
3912	1185	0.2196294169212515	2.8896188317027094	0.002001	0.5477237250000001
3916	3279	0.047349343570249856	0.3072533531902105	0.47100099999999995	1.0
3917	370	0.09955466990536113	0.8280343208820989	0.175001	1.0
3918	1110	0.0582486977199225	0.3992752615939349	0.36900099999999997	1.0
3920	20	0.12176525553075315	1.1141415037438307	0.065001	1.0
3921	0	0.002777102568914348	0.01415305300595703	0.968001	1.0
3922	913	0.11900749629728632	1.076411409081253	0.080001	1.0
3924	2392	0.05555464594776023	0.3757415001857176	0.41600099999999995	1.0
3926	0	0.054560180289440444	0.36718611028244513	0.462001	1.0
3928	0	0.051589875477491616	0.3420527323051762	0.447001	1.0
3929	597	0.08250586907683197	0.6352572661365257	0.232001	1.0
3932	0	0.1283085975678355	1.2062138335222468	0.056001	1.0
3933	588	0.038306931092834826	0.237227729147719	0.574001	1.0
3934	0	0.02543028546437037	0.14705172229132846	0.707001	1.0
3935	0	0.0988297111306691	0.81937012596996	0.148001	1.0
3937	1298	0.016121099685781452	0.08858326983338563	0.821001	1.0
3938	0	0.07419722113075035	0.5494659686879654	0.271001	1.0
3939	0	0.12355780326710146	1.13900684423868	0.081001	1.0
3940	3584	0.016602182389760176	0.09147041815632204	0.815001	1.0
3943	0	0.004995211517357927	0.025782365234080624	0.9340010000000001	1.0
3945	0	0.1298420363388289	1.2283136168959883	0.058001000000000004	1.0
3946	1442	0.009561747957012088	0.0506473984922127	0.9250010000000001	1.0
3947	0	0.02787433626537491	0.16332502404410312	0.6820010000000001	1.0
3948	3592	0.0339743734898477	0.2056542657057703	0.651001	1.0
3949	349	0.0117255589477065	0.06286950707275255	0.885001	1.0
3950	1647	0.0	-0.0	1.0	1.0
3955	3595	0.03151868104994465	0.18831740199801905	0.653001	1.0
3958	0	0.0817771384519831	0.6275218015070965	0.247001	1.0
3960	0	0.04867076076813033	0.3179616985072368	0.501001	1.0
3967	1756	0.099634505133632	0.8289910213558492	0.143001	1.0
3968	1847	0.027070801720945607	0.15793186614926807	0.6740010000000001	1.0
3971	0	0.1654412135136175	1.7986688896190102	0.015000999999999999	0.7858657846889952
3975	0	0.054701078606806626	0.3683939548953696	0.42800099999999996	1.0
3980	2452	0.08935354512395122	0.7099501952025523	0.191001	1.0
3981	0	0.05510250090366038	0.3718429170606052	0.406001	1.0
3983	2445	0.03174717125615875	0.1899135804140678	0.617001	1.0
3984	3599	0.10589275458703196	0.9055785641819145	0.11700100000000001	1.0
3986	1111	0.06542131406870746	0.46449877201757245	0.36000099999999996	1.0
3987	2374	0.06297418613794553	0.4418236287080109	0.36900099999999997	1.0
3988	1185	0.06493885966249072	0.4599935030288863	0.341001	1.0
3990	0	0.03412246707464677	0.2067126532614968	0.587001	1.0
3996	0	0.02347504760755118	0.13431212664880973	0.740001	1.0
3997	1299	0.0786717926076991	0.5950148782386928	0.267001	1.0
3999	1443	0.0	-0.0	1.0	1.0
4001	0	0.10942931414934781	0.9502585446494175	0.120001	1.0
4005	3573	0.07601460493209822	0.5677830570967481	0.262001	1.0
4010	3602	0.04287695231570053	0.27191386661681116	0.5350010000000001	1.0
4011	1185	0.01703357911721495	0.09407169642960443	0.8020010000000001	1.0
4012	675	0.1028594319530337	0.8680636248613784	0.139001	1.0
4013	0	0.07043899686652302	0.5123760431206226	0.30000099999999996	1.0
4015	917	0.10640913258580312	0.9120390210009615	0.108001	1.0
4018	1040	0.1514828537307933	1.5617542899588264	0.022001	0.9234426174698795
4019	1185	0.015979026552718673	0.08773340368285294	0.817001	1.0
4020	985	0.08834094046294631	0.6986754283316862	0.214001	1.0
4021	2743	0.0	-0.0	1.0	1.0
4029	1207	0.0004431894699893982	0.0022285237471272898	0.996001	1.0
4032	918	0.019627377067556	0.1099586900938183	0.7830010000000001	1.0
4033	3478	0.01274830350106134	0.06874603701896947	0.854001	1.0
4034	0	0.08481949440303357	0.6600874262907902	0.228001	1.0
4036	572	0.03437457493128507	0.20851778255463632	0.643001	1.0
4040	0	0.050393803464422224	0.33210899910820263	0.48700099999999996	1.0
4045	994	0.03358048094734722	0.2028463556701427	0.633001	1.0
4046	506	0.05671971506014633	0.38585480635556824	0.399001	1.0
4048	0	0.07333777923071957	0.5408905912828914	0.30100099999999996	1.0
4050	2995	0.005367114202964204	0.02776072139615578	0.9300010000000001	1.0
4051	742	0.06860280627365543	0.4946388275975143	0.29500099999999996	1.0
4052	1727	0.09235321932216115	0.7438208167736265	0.187001	1.0
4054	526	0.026932261282250913	0.157006272698424	0.709001	1.0
4056	2207	0.06884740205183223	0.4969870796115653	0.29800099999999996	1.0
4057	370	0.18403082146937993	2.1416574866515794	0.009000999999999999	0.6796686137931034
4058	71	0.021336704163956402	0.12066103636940508	0.756001	1.0
4059	887	0.045759906900861486	0.2945348446170219	0.49500099999999997	1.0
4064	2539	0.021500216626884845	0.121694560225784	0.730001	1.0
4066	3634	0.005518203383688509	0.028566797437574634	0.941001	1.0
4068	0	0.0011070626567236744	0.0055880694313985525	0.988001	1.0
4070	1306	0.0073718518759366275	0.038567090480147614	0.9170010000000001	1.0
4072	0	0.10164334149470526	0.8532317062099039	0.139001	1.0
4074	1426	0.06085955526005096	0.4225826271170393	0.376001	1.0
4075	1007	0.001494905861045703	0.007562633160168889	0.986001	1.0
4076	1147	0.011556426478490537	0.06190388001438104	0.866001	1.0
4077	0	0.07930054710884987	0.6015371906790353	0.232001	1.0
4078	1470	0.008079416317272325	0.042438656851172755	0.9060010000000001	1.0
4079	0	0.05574111577954828	0.37735358888606263	0.406001	1.0
4081	3635	0.004668955261567121	0.024053589987060704	0.952001	1.0
4083	2313	0.032604862517532335	0.19593615441670112	0.634001	1.0
4084	0	0.09126654499125328	0.7314691776531169	0.177001	1.0
4088	1980	0.14275584640662614	1.4224020327558913	0.043001	1.0
4091	858	0.004677628993746737	0.02409946889877827	0.939001	1.0
4092	2207	0.0036398351620699904	0.01864175658322574	0.966001	1.0
4094	3639	0.007763624535373971	0.04070702448571762	0.9210010000000001	1.0
4096	0	0.01734008779946381	0.09592699946568922	0.8060010000000001	1.0
4098	1185	0.01068665948136645	0.05696574816845329	0.9170010000000001	1.0
4099	1604	0.00038783539260821894	0.0019495599497631616	0.997001	1.0
4104	1163	0.1164950475142773	1.0425880972805146	0.083001	1.0
4105	3170	0.12031938438627664	1.0942808476539798	0.077001	1.0
4109	1978	0.023265439678415142	0.1329610323798785	0.755001	1.0
4111	929	0.03544620096930745	0.21623835756185988	0.606001	1.0
4114	1980	0.06274748360189965	0.43974523133439974	0.390001	1.0
4117	1040	0.06618477308692819	0.4716631846322367	0.342001	1.0
4118	3518	0.059057855028604084	0.4064458442683339	0.518001	1.0
4120	1163	0.05826507068085912	0.3994198860300633	0.406001	1.0
4121	1306	0.05732803353186949	0.3911740592456712	0.42500099999999996	1.0
4122	0	0.06791407852531083	0.4880505445353916	0.327001	1.0
4123	1306	0.12038156555743112	1.0951313857971496	0.079001	1.0
4126	1547	0.055278894497721415	0.3733621136269208	0.42200099999999996	1.0
4130	370	0.04516866111775388	0.28984867642515283	0.512001	1.0
4133	0	0.1236405339856061	1.1401609441050429	0.065001	1.0
4135	0	0.17081002275771698	1.8944674799744237	0.010001	0.6974582738853503
4136	0	0.03586440895721192	0.21927229336987616	0.597001	1.0
4137	3649	0.038763578130910525	0.24062949062504893	0.584001	1.0
4138	3422	0.062129089461907816	0.4340949366305244	0.36600099999999997	1.0
4139	3335	0.041672281540749964	0.26263158077546306	0.5590010000000001	1.0
4140	638	0.10802499896266937	0.9323950622007592	0.131001	1.0
4141	1008	0.014920805247419847	0.08144281550787251	0.838001	1.0
4142	0	0.0	-0.0	1.0	1.0
4144	1283	0.11410463685721614	1.0108925895614018	0.099001	1.0
4145	0	0.05644168832380027	0.3834325545174624	0.389001	1.0
4146	0	0.001400850630646381	0.007082979213686148	0.985001	1.0
4147	1445	0.05101814627859238	0.3372869456440782	0.454001	1.0
4157	1711	0.034664077219949116	0.21059591531356106	0.588001	1.0
4158	3654	0.024225684893569778	0.13917380328789367	0.723001	1.0
4159	1676	0.010347711311960973	0.055053857222931636	0.882001	1.0
4161	1769	0.062362010748205576	0.4362198671820243	0.36000099999999996	1.0
4163	1343	0.04477289872427713	0.2867254666644928	0.526001	1.0
4166	2453	0.09172886300266588	0.7367127557414914	0.211001	1.0
4167	1283	0.012336380799326946	0.06637146913493207	0.860001	1.0
4168	1981	0.08167314404146281	0.6264212290202209	0.250001	1.0
4169	0	0.0037279925641661785	0.01910289902639393	0.949001	1.0
4175	0	0.09204752692729647	0.7403367948357381	0.191001	1.0
4176	3335	0.04077350860905247	0.2557712704265841	0.571001	1.0
4177	1537	0.059578412381611816	0.41108397254761714	0.36400099999999996	1.0
4180	350	0.06052579874865002	0.41957556869699775	0.396001	1.0
4181	1397	0.014930862110875048	0.08150227055610673	0.833001	1.0
4182	0	0.07676525708073675	0.5754216722647896	0.263001	1.0
4184	1948	0.015220732625524876	0.08321865394222107	0.828001	1.0
4188	0	0.0062468222422494436	0.032473145752366206	0.9210010000000001	1.0
4191	1757	0.02320048564722897	0.1325429240068746	0.731001	1.0
4194	0	0.16153815151802758	1.7306641974347157	0.016001	0.8148602279069768
4196	363	0.11554733666875613	1.0299655420596763	0.10100100000000001	1.0
4199	1343	0.12954090098465368	1.223957947307133	0.073001	1.0
4201	742	0.055664288808999374	0.37668909416664376	0.43100099999999997	1.0
4202	0	0.028521523052632055	0.16769952430807245	0.716001	1.0
4203	0	0.017049290169183978	0.0941666524872725	0.8010010000000001	1.0
4204	1611	0.12106064241382797	1.104441054132646	0.065001	1.0
4205	526	0.03591220062673506	0.2196197530687615	0.602001	1.0
4206	917	0.12625817242795445	1.1769742067431632	0.073001	1.0
4212	0	0.1283612027186341	1.2069686739246468	0.071001	1.0
4214	0	0.028997742667400447	0.17093595859133173	0.6730010000000001	1.0
4215	83	0.07857761791057025	0.5940405635992299	0.236001	1.0
4217	1299	0.018947774332161382	0.10575510222997755	0.8000010000000001	1.0
4222	0	0.011822526087297967	0.06342391117892944	0.871001	1.0
4223	349	0.03154187951518387	0.18847930298018098	0.645001	1.0
4228	723	0.06652204716047362	0.47484191695683386	0.380001	1.0
4229	0	0.05781166560876735	0.39542205767645006	0.42300099999999996	1.0
4231	1727	0.006924399561314666	0.0361342968802172	0.9240010000000001	1.0
4235	3674	0.04040875423937049	0.25300290245560314	0.593001	1.0
4238	0	0.02120496955576839	0.11982961364262516	0.747001	1.0
4239	0	0.07412165361873507	0.5487097368006618	0.29800099999999996	1.0
4240	0	0.04040085995720368	0.2529430880646182	0.563001	1.0
4243	1066	0.07527405817696829	0.5602890873503164	0.256001	1.0
4244	1066	0.01700394966197482	0.09389266100830453	0.8100010000000001	1.0
4246	3416	0.08000873178562014	0.608919603042512	0.245001	1.0
4248	0	0.045725277424617135	0.2942597036726585	0.507001	1.0
4249	900	0.048440540770602	0.3160872599435295	0.457001	1.0
4250	94	0.08597315841980038	0.6726232605647471	0.225001	1.0
4251	0	0.036706918961429226	0.22542016698695067	0.576001	1.0
4253	0	0.001338887873265651	0.00676726939856269	0.987001	1.0
4254	526	0.03629503030883142	0.22240859460835116	0.609001	1.0
4255	444	0.04608610666106084	0.2971306913023935	0.47000099999999995	1.0
4256	0	0.008720490886564958	0.04597245184796259	0.9110010000000001	1.0
4261	3249	0.032673210985567996	0.19641819207603944	0.652001	1.0
4263	1446	0.05722947333249845	0.3903104208602938	0.399001	1.0
4268	0	0.08337615492354139	0.6445488662915972	0.240001	1.0
4269	3649	0.02149530538132819	0.12166349253812073	0.779001	1.0
4270	595	0.2236735421764404	2.9824281752660613	1e-06	0.0005762631578947368
4271	0	0.030151399319641344	0.1788381587164537	0.6770010000000001	1.0
4273	1397	0.04452810037368088	0.284799050281267	0.515001	1.0
4274	0	0.060707213511948854	0.42120906266608543	0.388001	1.0
4276	2144	0.03640338945483447	0.2231997651744241	0.592001	1.0
4277	2710	0.009026539310226914	0.047668235114058106	0.892001	1.0
4278	84	0.06318073733745402	0.4437205553755981	0.34700099999999995	1.0
4283	3654	0.02433777670305913	0.13990290974025632	0.715001	1.0
4288	0	0.013182752471068121	0.07126177275177945	0.835001	1.0
4290	0	0.0873283358019413	0.6874806093298836	0.226001	1.0
4291	0	0.060746203992027945	0.4215604531461672	0.36600099999999997	1.0
4292	0	0.008609658535609178	0.0453597373356474	0.903001	1.0
4293	425	0.048882043040681715	0.3196852232186448	0.47800099999999995	1.0
4294	1361	0.020679023618596148	0.11652120934192411	0.7810010000000001	1.0
4295	1791	0.004248153633793113	0.021833151293675593	0.945001	1.0
4297	3689	0.0626895485093546	0.4392146887007785	0.385001	1.0
4298	3690	0.007390989447543628	0.03867140916266991	0.9110010000000001	1.0
4299	0	0.06491513437535515	0.4597723930270635	0.34500099999999995	1.0
4301	1930	0.07041128877878411	0.512106520933088	0.30700099999999997	1.0
4302	2407	0.11825937792833491	1.0662852641928935	0.077001	1.0
4303	86	0.026347037836775805	0.15311017742464336	0.699001	1.0
4307	730	0.04713176449922006	0.3055018871940159	0.48600099999999996	1.0
4309	1930	0.060243116445267336	0.4170350116626129	0.343001	1.0
4312	0	0.04142957532909241	0.2607735481598976	0.566001	1.0
4314	0	0.06917292405909095	0.5001191682669294	0.322001	1.0
4316	0	0.06837474432997193	0.49245331493131955	0.330001	1.0
4317	918	0.08857721121110239	0.7012990087892778	0.224001	1.0
4318	0	0.05136449737532915	0.34017127501405925	0.448001	1.0
4319	2829	0.003420689377225651	0.017497412834985942	0.964001	1.0
4321	1930	0.1202820249892893	1.0937699863576842	0.104001	1.0
4323	3694	0.05540060367551949	0.37441163817688916	0.42800099999999996	1.0
4327	1275	0.0	-0.0	1.0	1.0
4330	1162	0.039921057139146385	0.24931565715463763	0.5540010000000001	1.0
4331	0	0.1108037851489048	0.96789818184658	0.079001	1.0
4334	0	0.01002527730093343	0.053241607916732415	0.886001	1.0
4335	3196	0.0463435512646653	0.2991846296256661	0.48700099999999996	1.0
4336	0	0.12738161192274083	1.1929507685966154	0.063001	1.0
4340	0	0.12056796542040212	1.0976829670299841	0.083001	1.0
4341	0	0.14253805726295676	1.4190095182323659	0.034001	0.9848596534391535
4344	0	0.0660862249415297	0.47073597667098077	0.328001	1.0
4345	0	0.03974641460004079	0.24799921968478222	0.5580010000000001	1.0
4346	1949	0.040868169956404764	0.25649120839814166	0.563001	1.0
4347	1185	0.04383545426153866	0.2793708396014782	0.503001	1.0
4349	0	0.09405227760219192	0.7633193689835629	0.177001	1.0
4351	735	0.08160031839118204	0.6256510097217409	0.225001	1.0
4352	0	0.0714838253010115	0.5225811765102164	0.336001	1.0
4353	0	0.0	-0.0	1.0	1.0
4354	0	0.030491249199817515	0.18118276103633768	0.6820010000000001	1.0
4358	2864	0.06141355512521051	0.42759192275244806	0.37200099999999997	1.0
4360	3107	0.021201613929861043	0.11980844958105268	0.762001	1.0
4361	0	0.07698027219573829	0.5776175328568092	0.259001	1.0
4364	0	0.009074740945426638	0.04793583187972515	0.898001	1.0
4365	1646	0.002047298446603941	0.010390100640375792	0.980001	1.0
4367	1185	0.06945948503975868	0.5028829110261017	0.28800099999999995	1.0
4368	2614	0.095524113716459	0.7803945501977161	0.158001	1.0
4369	3249	0.09381580670845434	0.7605919696056813	0.192001	1.0
4371	100	0.069208121815314	0.5004583043505041	0.330001	1.0
4372	3335	0.048603791362715115	0.31741605343824825	0.513001	1.0
4373	2150	0.010738143457373325	0.05725676419333516	0.862001	1.0
4374	503	0.008505123477321396	0.04478251596801241	0.9070010000000001	1.0
4375	2261	0.06253715402679043	0.43782030320892706	0.36000099999999996	1.0
4376	0	0.06691593859189097	0.4785648989994441	0.323001	1.0
4378	1066	0.04021158662905333	0.2515102542696314	0.564001	1.0
4379	0	0.023351620671259538	0.13351619718134666	0.742001	1.0
4380	0	0.006727495007990615	0.035067531527942654	0.9250010000000001	1.0
4385	0	0.015870470510222008	0.08708488205166938	0.827001	1.0
4386	3135	0.0874706546162368	0.6890491888066145	0.199001	1.0
4388	0	0.008422923225941636	0.044329086159002815	0.892001	1.0
4389	2445	0.06840717974776633	0.49276390714450524	0.320001	1.0
4390	0	0.07333449203524237	0.5408578989007805	0.28700099999999995	1.0
4393	0	0.08380590856440008	0.6491586526706884	0.28400099999999995	1.0
4395	3708	0.015417771214961865	0.08438834346209212	0.819001	1.0
4396	0	0.06442514034799252	0.45521510740458737	0.379001	1.0
4397	918	0.09989773196715193	0.8321489932252015	0.147001	1.0
4403	0	0.004869066690852131	0.025113196885784006	0.947001	1.0
4405	526	0.06028593637360376	0.41741947490423076	0.42500099999999996	1.0
4406	1036	0.08089408941607479	0.6182028897051315	0.243001	1.0
4408	918	0.03282274884384311	0.19747391510958867	0.599001	1.0
4414	0	0.04470284070131307	0.28617372740348157	0.507001	1.0
4425	3342	0.07741639714260187	0.5820822768363025	0.245001	1.0
4428	3131	0.046392632084923	0.29957672949070524	0.5380010000000001	1.0
4429	1040	0.07616617193644894	0.5693219580482263	0.280001	1.0
4431	0	0.005073876325701776	0.026200141602959644	0.941001	1.0
4433	2052	0.04960458652700217	0.32560306092445934	0.460001	1.0
4434	0	0.04822287745869941	0.3143184786906349	0.507001	1.0
4435	887	0.008762053018173392	0.04620241112350773	0.882001	1.0
4440	0	0.009561747957012088	0.0506473984922127	0.9250010000000001	1.0
4443	1684	0.04102686173163685	0.2576995011678221	0.5430010000000001	1.0
4444	3636	0.11416235931857238	1.0116524039829267	0.120001	1.0
4446	0	0.009561747957012088	0.0506473984922127	0.9250010000000001	1.0
4449	994	0.034860552751188864	0.2120094767177132	0.603001	1.0
4452	0	0.035389491906571424	0.2158278615902319	0.614001	1.0
4453	1447	0.039871938256336455	0.2489451935776874	0.5580010000000001	1.0
4455	0	0.05102145018944973	0.3373144197204959	0.48100099999999996	1.0
4460	0	0.006105854970835789	0.03171490663829395	0.9170010000000001	1.0
4463	1766	0.058358380862528814	0.4002444764731671	0.41400099999999995	1.0
4466	1448	0.04184682175482933	0.26397027118852806	0.5550010000000001	1.0
4468	735	0.04696268980043826	0.30414315639941436	0.519001	1.0
4469	1147	0.04064902417156041	0.25482544996493633	0.5430010000000001	1.0
4470	0	0.09517842096844684	0.7763686710958176	0.186001	1.0
4471	3721	0.06975133250718382	0.505703926044532	0.30500099999999997	1.0
4473	0	0.035157784965115686	0.21415286721842516	0.582001	1.0
4474	1768	0.002885419500450667	0.014714210609739629	0.967001	1.0
4475	1919	0.1274559441405962	1.1940116147649475	0.065001	1.0
4476	2710	0.07235715221317796	0.531173908405386	0.30400099999999997	1.0
4481	0	0.04238403457033569	0.2681037379365244	0.523001	1.0
4482	0	0.0703874920421303	0.5118750910078229	0.30700099999999997	1.0
4483	1065	0.03947772773532336	0.24597795073486428	0.5580010000000001	1.0
4485	0	0.0007342680242164307	0.0036983787139123173	0.983001	1.0
4486	0	0.0447548941140801	0.2865836395378599	0.5410010000000001	1.0
4487	917	0.058673246090766754	0.40303161433555623	0.384001	1.0
4491	0	0.011400618646040757	0.06101587663870271	0.877001	1.0
4492	503	0.018339838041568562	0.10201952694730193	0.7860010000000001	1.0
4496	3566	0.10888396860430404	0.9433024370930052	0.106001	1.0
4497	887	0.05091144189080234	0.3364000473820882	0.445001	1.0
4498	1185	0.014767151306322092	0.08053521175930774	0.8070010000000001	1.0
4500	38	0.03491974730226751	0.21243586526751615	0.623001	1.0
4502	0	0.0020260448113558482	0.010280982133809288	0.971001	1.0
4503	0	0.07878039073447796	0.5961392543420192	0.250001	1.0
4507	1739	0.012943455349686318	0.06987465223064153	0.846001	1.0
4509	0	0.06842424111346934	0.4929273132289005	0.319001	1.0
4511	38	0.07573008831413645	0.5648989799581199	0.258001	1.0
4516	0	0.0	-0.0	1.0	1.0
4517	1611	0.0800058438876593	0.6088894205593622	0.247001	1.0
4518	1037	0.018016554322979765	0.10004254139300013	0.8020010000000001	1.0
4520	1069	0.21428427490470298	2.7694500340692163	0.001001	0.3653316333333333
4521	918	0.10362937708518843	0.8775156920869245	0.123001	1.0
4523	0	0.05242370200207688	0.34904483328987684	0.455001	1.0
4524	0	0.03859092460655001	0.23934165302840385	0.596001	1.0
4525	0	0.09411046727126116	0.763991191815792	0.170001	1.0
4526	2406	0.027420931193283128	0.16027667641757687	0.694001	1.0
4527	1442	0.0	-0.0	1.0	1.0
4528	0	0.0325758949712598	0.1957319503857032	0.649001	1.0
4530	2928	0.035172898467518754	0.21426201172775095	0.628001	1.0
4531	604	0.06580041108731755	0.46805090005772165	0.338001	1.0
4534	0	0.044897616044858195	0.28770851595926195	0.501001	1.0
4536	1185	0.009561747957012088	0.0506473984922127	0.9250010000000001	1.0
4537	1604	0.0006057989824214457	0.003049043701171885	0.997001	1.0
4539	0	0.0348327955009871	0.2118096174710784	0.630001	1.0
4540	742	0.10221059225199838	0.8601353289873277	0.151001	1.0
4544	3556	0.114328607845006	1.0138423061081834	0.094001	1.0
4547	38	0.017190295162157896	0.09501956553882332	0.8020010000000001	1.0
4551	1306	0.011021011742725115	0.058858577584714994	0.867001	1.0
4553	89	0.056153945721374374	0.3809315063557162	0.41800099999999996	1.0
4555	3079	0.16630751002080957	1.8139494566816836	0.013000999999999999	0.729989482051282
4557	3736	0.10463593178230375	0.8899445285064389	0.142001	1.0
4558	1185	0.04435938901151135	0.2834738116389177	0.516001	1.0
4560	1185	0.010434600808823254	0.0555433041843611	0.880001	1.0
4562	3694	0.012108948321559149	0.0650648795147214	0.868001	1.0
4563	2336	0.01111537228725503	0.05939400450551205	0.861001	1.0
4565	0	0.054697102592444695	0.3683598512215982	0.448001	1.0
4568	3690	0.07466690512384869	0.5541759253706897	0.28200099999999995	1.0
4569	0	0.07111901596475656	0.5190087052537702	0.342001	1.0
4572	3737	0.14144978790729515	1.4021192152969004	0.035001000000000004	0.9905231026894865
4573	38	0.13808955253968166	1.3506146459098445	0.051001	1.0
4574	3740	0.1288980241615548	1.2146850152375457	0.045001	1.0
4575	349	0.011324055248825363	0.06058005918536195	0.864001	1.0
4576	0	0.003937190335240271	0.020199027084963114	0.979001	1.0
4577	0	0.13180107608147565	1.2568376211275838	0.046001	1.0
4578	0	0.17351519208052432	1.9437339398814901	0.010001	0.6974582738853503
4582	0	0.07227737963039087	0.5303866465387516	0.316001	1.0
4584	0	0.022406252152824293	0.1274523615272403	0.776001	1.0
4591	916	0.06821860949076405	0.4909593059770987	0.317001	1.0
4595	1197	0.026380657817263634	0.15333339693467085	0.697001	1.0
4596	1177	0.023108516070040913	0.131951380669439	0.752001	1.0
4599	0	0.016388195377658864	0.09018441983724035	0.820001	1.0
4600	0	0.02496928157214101	0.1440257320874473	0.729001	1.0
4602	850	0.0	-0.0	1.0	1.0
4603	0	0.0	-0.0	1.0	1.0
4605	2881	0.08029703688501436	0.6119359961432987	0.261001	1.0
4606	1007	0.010914467652075675	0.05825467145167351	0.870001	1.0
4607	675	0.09955466990536113	0.8280343208820989	0.175001	1.0
4610	444	0.11281977652176728	0.9940506386242669	0.108001	1.0
4612	2634	0.035322008608876035	0.21533965671495933	0.617001	1.0
4614	0	0.16713098938854393	1.8285378652636288	0.016001	0.8148602279069768
4616	0	0.018098403250289816	0.10054245211092908	0.7980010000000001	1.0
4618	0	0.0	-0.0	1.0	1.0
4619	2313	0.03400000297200209	0.20583732812327463	0.642001	1.0
4621	425	0.11760727708659464	1.057496671280591	0.082001	1.0
4622	3335	0.0737140514494568	0.5446381318234752	0.316001	1.0
4623	0	0.17172076285997506	1.9109790032522922	0.012001	0.7219722472527472
4624	349	0.062430100051435414	0.4368417917562215	0.36300099999999996	1.0
4626	0	0.02912497858922803	0.1718031880702157	0.6850010000000001	1.0
4627	1066	0.11112580479409107	0.9720532357366488	0.120001	1.0
4629	2579	0.002507610513728567	0.012759884576936144	0.974001	1.0
4631	0	0.07193492385359808	0.5270124322404028	0.28400099999999995	1.0
4633	0	0.02118409253495417	0.11969795313218065	0.744001	1.0
4634	20	0.006749429780867078	0.03518625213632723	0.9230010000000001	1.0
4636	1975	0.00967366023957563	0.05127253739495479	0.889001	1.0
4637	3335	0.07495289625090333	0.5570519778459726	0.276001	1.0
4640	3478	0.08203649377583636	0.6302701766834412	0.265001	1.0
4644	2454	0.05110372509581319	0.3379988358891378	0.42600099999999996	1.0
4647	1567	0.04028876828888918	0.25209423777078477	0.5560010000000001	1.0
4648	0	0.03179005561997698	0.19021354661667197	0.6650010000000001	1.0
4650	3752	0.06592635694067633	0.4692333547098781	0.336001	1.0
4651	0	0.0012900685101666608	0.006518684904583955	0.987001	1.0
4652	0	0.021941027113640744	0.12448932636179483	0.736001	1.0
4659	917	0.06322871621291293	0.4441616313964243	0.379001	1.0
4660	2208	0.031958760289801554	0.19139478196593973	0.634001	1.0
4662	0	0.07390935849624843	0.5465875242197725	0.277001	1.0
4663	3257	0.0017800189412045878	0.00901978141300943	0.982001	1.0
4667	963	0.020001460971914797	0.11228501553988439	0.7860010000000001	1.0
4673	0	0.033409012317685484	0.20162726090396685	0.6770010000000001	1.0
4675	3755	0.004444629165032913	0.02286858629519267	0.960001	1.0
4676	2209	0.003799782806581213	0.0194787652933028	0.951001	1.0
4677	0	0.013456575310518191	0.07285335778709988	0.863001	1.0
4678	527	0.018685379006094165	0.10413990550656486	0.8000010000000001	1.0
4681	2882	0.006945913812739148	0.03625099489903939	0.9320010000000001	1.0
4684	0	0.05930286451253582	0.4086264146034108	0.383001	1.0
4685	1768	0.048121391651339454	0.31349491818722025	0.47900099999999995	1.0
4686	606	0.04606337839250473	0.2969495830840143	0.509001	1.0
4687	0	0.09938621986763299	0.8260173815143529	0.148001	1.0
4688	0	0.03057383615757705	0.181753675490897	0.6770010000000001	1.0
4689	2808	0.14288808955265292	1.4244640044226697	0.037001	0.9905231026894865
4692	0	0.018006643228238688	0.09998203577648315	0.8050010000000001	1.0
4694	1110	0.13106933067346085	1.2461450673006236	0.047001	1.0
4695	1657	0.13681164268000529	1.3312830774938982	0.049001	1.0
4696	19	0.06280256141820993	0.440249836070421	0.36600099999999997	1.0
4697	0	0.04514025330233608	0.28962413014543886	0.5320010000000001	1.0
4698	38	0.016960126711249142	0.09362796252377889	0.7960010000000001	1.0
4700	1740	0.03430135316227572	0.20799306522881333	0.621001	1.0
4704	0	0.004125986156035044	0.02119047470203659	0.953001	1.0
4705	0	0.01270306285116126	0.06848473293397986	0.848001	1.0
4706	1537	0.019178002216888042	0.10717587225650699	0.7830010000000001	1.0
4708	1647	0.004366537236474385	0.022456764682856154	0.938001	1.0
4710	71	0.013128595754123801	0.07094753654457041	0.852001	1.0
4711	2722	0.03369169290376661	0.2036380923774775	0.625001	1.0
4712	3762	0.10292940447842422	0.8689206555963446	0.132001	1.0
4713	349	0.038154543467078535	0.2360956810433767	0.596001	1.0
4714	1450	0.0337547481586984	0.20408736065812713	0.594001	1.0
4717	0	0.048371998137424675	0.3155299084051876	0.47400099999999995	1.0
4719	2745	0.10446245454789864	0.8877966167408213	0.124001	1.0
4720	3764	0.009846446815592859	0.052239211224954236	0.875001	1.0
4723	1299	0.005125416530928824	0.026474062772391498	0.9350010000000001	1.0
4726	350	0.13950644338996843	1.3722132427177778	0.045001	1.0
4727	1241	0.10518957703962886	0.8968157617779362	0.124001	1.0
4729	0	0.036828019248671934	0.22630778554278438	0.610001	1.0
4730	3573	0.17197276546880608	1.9155611642771655	0.010001	0.6974582738853503
4731	985	0.0	-0.0	1.0	1.0
4732	0	0.06289729975494421	0.4411183167057514	0.35200099999999995	1.0
4733	2931	0.07815056304022833	0.5896308089123576	0.249001	1.0
4737	3658	0.11305360819761352	0.9971056009869756	0.050001000000000004	1.0
4738	2258	0.010261357461991878	0.0545678828951576	0.877001	1.0
4739	917	0.02313877217908311	0.13214592632752128	0.709001	1.0
4740	1628	0.0767413273685986	0.5751775049290717	0.260001	1.0
4745	985	0.041849602544704254	0.26399161626389006	0.499001	1.0
4752	1186	0.1093272980081271	0.948955442700075	0.111001	1.0
4753	1605	0.015517737752220824	0.08498270354528198	0.829001	1.0
4754	1337	0.182348184868506	2.1092969123649477	0.008001	0.6394375839416058
4757	0	0.07033572126676879	0.511371751766708	0.29400099999999996	1.0
4758	3773	0.017087073925191657	0.09439507715454871	0.819001	1.0
4759	3736	0.04215780239876173	0.2663606237394385	0.517001	1.0
4760	1728	0.0495282068333575	0.3249757524981533	0.46900099999999995	1.0
4761	0	0.01800647865471105	0.09998103113412503	0.7900010000000001	1.0
4763	0	0.1346877550404599	1.299464520870121	0.050001000000000004	1.0
4764	2593	0.000406144930573539	0.002041813471969978	0.999001	1.0
4766	3776	0.04595130953199514	0.29605709839280897	0.507001	1.0
4772	976	0.01833015949784327	0.10196024389034383	0.7910010000000001	1.0
4774	1545	0.11270537871730658	0.9925576912190137	0.098001	1.0
4775	1561	0.07639804856409625	0.5716796324093365	0.270001	1.0
4777	0	0.021277292466439668	0.12028593154114585	0.757001	1.0
4778	1109	0.03210107910409704	0.19239273933174555	0.641001	1.0
4779	77	0.0	-0.0	1.0	1.0
4780	1259	0.027963731406868794	0.16392763541409758	0.650001	1.0
4784	1299	0.02615894195561109	0.15186267326837855	0.708001	1.0
4787	3081	0.028154254548501713	0.16521369508806188	0.6740010000000001	1.0
4789	1780	0.10088302100185798	0.8440188709644225	0.154001	1.0
4790	935	0.012651163764652057	0.0681851256595633	0.851001	1.0
4791	0	0.015979906673950862	0.08773866459520792	0.813001	1.0
4793	0	0.009123889619847857	0.04820883102604982	0.903001	1.0
4796	2594	0.06549493241204493	0.4651877447530436	0.36200099999999996	1.0
4798	1657	0.03173835504642364	0.18985192819683677	0.645001	1.0
4799	1117	0.0	-0.0	1.0	1.0
4805	0	0.03358766925512527	0.20289750546045787	0.627001	1.0
4806	3145	0.12824436518262244	1.205292469556506	0.071001	1.0
4808	94	0.07756434053133487	0.5836001006607039	0.273001	1.0
4810	589	0.024093441747543	0.1383146641062083	0.739001	1.0
4812	1283	0.0	-0.0	1.0	1.0
4818	1729	0.07927535793817815	0.6012753137357928	0.255001	1.0
4822	0	0.0016188115154004423	0.008195303576386401	0.979001	1.0
4825	914	0.07368170484521078	0.5443155522075352	0.391001	1.0
4827	1835	0.05614162359322933	0.38082453568845553	0.41400099999999995	1.0
4828	348	0.007146167719579655	0.03733854702440303	0.9180010000000001	1.0
4829	2806	0.0010856532559530632	0.005479326528685639	0.991001	1.0
4830	532	0.07996931959018524	0.6085077467358937	0.244001	1.0
4832	2743	0.06333830426820787	0.4451697211490043	0.35900099999999996	1.0
4833	0	0.008559280194265679	0.04508147599872373	0.900001	1.0
4836	0	0.04037134050023436	0.2527194591017496	0.574001	1.0
4839	1445	0.0010554249218821853	0.005325835841609119	0.984001	1.0
4842	38	0.0	-0.0	1.0	1.0
4843	0	0.11530343124632225	1.0267289741655832	0.043001	1.0
4852	1361	0.05327331684796838	0.35622013542251396	0.42300099999999996	1.0
4853	0	0.09655764793607594	0.7924874108228676	0.151001	1.0
4863	0	0.04403067033424483	0.28089736978687774	0.5540010000000001	1.0
4864	917	0.04943878527747276	0.32424185298811375	0.48600099999999996	1.0
4866	1470	0.028050660460077252	0.16451412463810355	0.688001	1.0
4868	3786	0.004770828925232229	0.02459272286107408	0.940001	1.0
4869	2144	0.07921102578989993	0.6006067101481813	0.245001	1.0
4871	742	0.08156883192784231	0.6253181283617101	0.240001	1.0
4872	0	0.018677770053113607	0.10409313280397658	0.8100010000000001	1.0
4874	1151	0.029482627680596656	0.17424659740420428	0.6870010000000001	1.0
4879	0	0.10996962186025709	0.957174318876428	0.108001	1.0
4884	3639	0.03371440302370423	0.2037998712056637	0.592001	1.0
4885	1306	0.08641522836508986	0.6774541762010904	0.209001	1.0
4886	1710	0.039258581950479036	0.24433301340983132	0.570001	1.0
4887	3787	0.08389191235413745	0.6500828899173402	0.252001	1.0
4890	1644	0.15422021491814478	1.606845300177737	0.026001	0.9234426174698795
4893	0	0.015398140031649826	0.0842716975721537	0.8110010000000001	1.0
4894	1922	0.13102121002759198	1.2454435066645049	0.060001	1.0
4895	0	0.06473616862643548	0.45810583987645703	0.341001	1.0
4897	581	0.06382432064811758	0.4496511484925034	0.341001	1.0
4898	3282	0.03543985904157844	0.21619243994603152	0.603001	1.0
4899	84	0.029102280845764817	0.17164840414386942	0.6580010000000001	1.0
4900	0	0.008984194107512063	0.047433266989461056	0.886001	1.0
4902	1606	0.03232577216802781	0.193971056283113	0.648001	1.0
4904	0	0.039242392717770525	0.2442116247284529	0.577001	1.0
4905	526	0.01388804924987751	0.07537067779779869	0.848001	1.0
4907	0	0.06622299973246462	0.47202303994535877	0.321001	1.0
4909	0	0.057745180916069366	0.39483708695724334	0.437001	1.0
4915	1112	0.09204741099732619	0.740335474958527	0.191001	1.0
4917	3335	0.010767111003645862	0.05742057590826155	0.889001	1.0
4918	3792	0.018716813267654817	0.10433317257868832	0.814001	1.0
4921	0	0.07244001502052222	0.5319921727870667	0.273001	1.0
4922	1604	0.006555854489919801	0.034139532045996186	0.939001	1.0
4923	585	0.04386388053766423	0.2795929603766454	0.521001	1.0
4924	0	0.12411849716965945	1.1468398121416228	0.069001	1.0
4925	3282	0.0	-0.0	1.0	1.0
4927	3432	0.03205997844409936	0.19210439811897642	0.711001	1.0
4928	52	0.05818673589091487	0.39872812026620397	0.41600099999999995	1.0
4930	3765	0.026062140106728367	0.15122155318112956	0.706001	1.0
4932	0	0.021647573275314632	0.12262742919674924	0.733001	1.0
4933	0	0.10033614783365949	0.8374210367248994	0.14000100000000001	1.0
4936	918	0.11901196381099438	1.076472018760334	0.079001	1.0
4937	0	0.03399652137991143	0.20581245774984397	0.613001	1.0
4940	592	0.07444533446186725	0.5519519575989407	0.269001	1.0
4943	0	0.04023088393840914	0.2516562262923024	0.5550010000000001	1.0
4947	349	0.1159659039386707	1.035531283204404	0.093001	1.0
4948	349	0.06045652852930266	0.4189524775607803	0.377001	1.0
4951	1642	0.16292079852860925	1.754597465139844	0.013000999999999999	0.729989482051282
4954	0	0.03373534275719113	0.2039490689828916	0.651001	1.0
4956	0	0.0027090953057483137	0.013801079901989956	0.971001	1.0
4958	349	0.11555406099818735	1.0300548419187683	0.092001	1.0
4959	0	0.17318154310496364	1.9376212654736618	0.011000999999999999	0.7212571796407184
4960	0	0.05049260244983761	0.3329265475217856	0.455001	1.0
4962	0	0.0	-0.0	1.0	1.0
4964	2579	0.018264667654096622	0.10155924808524881	0.8020010000000001	1.0
4965	0	0.0052306169314876114	0.027033662084405854	0.948001	1.0
4966	1211	0.044994565848562165	0.28847344146933573	0.501001	1.0
4967	0	0.010322608765289083	0.054912540607368616	0.903001	1.0
4969	0	0.0	-0.0	1.0	1.0
4976	590	0.04589966126537032	0.29564608069665954	0.48400099999999996	1.0
4981	0	0.02383396327171651	0.13663219737543394	0.708001	1.0
4983	742	0.18417663687503172	2.144474277099614	0.006001	0.6394375839416058
4985	1543	0.05257211532909756	0.35029453670845184	0.452001	1.0
4989	2180	0.0	-0.0	1.0	1.0
4990	624	0.09404376870303377	0.7632211527749191	0.17100100000000001	1.0
4992	3454	0.06797927435042522	0.4886726907679593	0.318001	1.0
4993	2912	0.10360129876513807	0.8771701554850182	0.121001	1.0
4994	3133	0.03334920251088298	0.2012024915924479	0.645001	1.0
4995	8	0.06512030347917994	0.46168585556240416	0.331001	1.0
4997	0	0.07765433700297104	0.5845242324806204	0.256001	1.0
4998	0	0.0314343467970952	0.18772913801533192	0.653001	1.0
4999	752	0.0715094590561438	0.5228325749532949	0.29300099999999996	1.0
5001	0	0.050455168314078425	0.3326167039298636	0.445001	1.0
5002	1040	0.03641719763272473	0.2233006407510101	0.599001	1.0
5003	0	0.06806066248893233	0.48944979848821013	0.29900099999999996	1.0
5006	0	0.05454347417233576	0.36704299196124557	0.43500099999999997	1.0
5007	1151	0.04882542897161525	0.31922308909683145	0.49000099999999996	1.0
5008	929	0.002024560117479826	0.010273360539529462	0.976001	1.0
5009	2319	0.03272144819073274	0.19675857937336247	0.629001	1.0
5012	0	0.011822537254792827	0.06342397506162407	0.869001	1.0
5014	0	0.013536004081580285	0.07331590023099716	0.834001	1.0
5016	499	0.0072998216606774274	0.03817465174283467	0.9250010000000001	1.0
5017	1212	0.0706241372709605	0.5141784128522884	0.30000099999999996	1.0
5018	0	0.020753357716466997	0.11698773079031896	0.778001	1.0
5019	428	0.09278053179384482	0.7487032835820151	0.179001	1.0
5021	1768	0.014306171464987732	0.07782108427824891	0.833001	1.0
5023	0	0.05045504017351888	0.3326156434761482	0.48700099999999996	1.0
5025	0	0.04178127739325622	0.26346731287832814	0.5340010000000001	1.0
5030	1780	0.0254221384823292	0.14699812666247142	0.710001	1.0
5036	0	0.04888660765090609	0.31972249341948283	0.49100099999999997	1.0
5037	754	0.0	-0.0	1.0	1.0
5038	0	0.014932121567822376	0.08150971676692377	0.8020010000000001	1.0
5040	1644	0.005905268677252162	0.03063803132278288	0.9290010000000001	1.0
5041	874	0.06960397585875402	0.5042787746656385	0.30300099999999996	1.0
5042	499	0.02514634908162279	0.14518635978880798	0.722001	1.0
5043	0	0.024080604806106753	0.13823132689382925	0.723001	1.0
5044	1185	0.0020766936144112763	0.010541062238074977	0.981001	1.0
5045	874	0.06377646122384124	0.449209080495666	0.384001	1.0
5046	0	0.009881711654533346	0.05243672706999846	0.894001	1.0
5048	0	0.14076473196208206	1.3915396191538156	0.034001	0.9848596534391535
5050	0	0.013539162184049484	0.07333429905432048	0.849001	1.0
5051	1397	0.08605573161310882	0.6735244643388318	0.28400099999999995	1.0
5052	579	0.06061144192893401	0.4203464183208352	0.376001	1.0
5053	917	0.1216814731463031	1.1129858937828083	0.078001	1.0
5054	0	0.06236964604182319	0.4362895907344637	0.35600099999999996	1.0
5056	297	0.09955466990536113	0.8280343208820989	0.175001	1.0
5060	1633	0.02304935062319837	0.131571119004785	0.733001	1.0
5062	0	0.06643265927117885	0.47399863763155053	0.337001	1.0
5064	425	0.058992714580537724	0.4058668297213193	0.378001	1.0
5066	918	0.003525882922119236	0.018046363141961844	0.956001	1.0
5069	3145	0.1719416978463868	1.9149959477114256	0.008001	0.6394375839416058
5071	0	0.06674353757882627	0.47693398760001593	0.330001	1.0
5072	1946	0.01168021844049734	0.06261047292570684	0.875001	1.0
5073	2818	0.008321242531417517	0.043768763164701976	0.9110010000000001	1.0
5077	1604	0.03976236536391431	0.24811936849118077	0.571001	1.0
5078	3809	0.10109547703259439	0.8465885420695936	0.128001	1.0
5082	1075	0.023107256613093555	0.13194328368323352	0.723001	1.0
5085	364	0.005928423917398895	0.030762220899749435	0.940001	1.0
5088	0	0.07633704117931675	0.5710589267569224	0.258001	1.0
5089	2904	0.012776774264230155	0.06891054499205547	0.860001	1.0
5090	0	0.06492130903087297	0.45982993431082153	0.36200099999999996	1.0
5095	3483	0.15823711070149277	1.6742183907604682	0.022001	0.9234426174698795
5099	38	0.10019496418107879	0.8357215944769845	0.161001	1.0
5100	0	0.06190862573997362	0.432087306378501	0.35600099999999996	1.0
5101	365	0.08484846194930608	0.6604009296605087	0.216001	1.0
5102	2040	0.034222616068852345	0.20742922510837014	0.646001	1.0
5104	1442	0.10567073654217311	0.9028075141272809	0.110001	1.0
5105	3738	0.09092154468361308	0.7275671397449357	0.178001	1.0
5106	0	0.004328758979942779	0.0222576687565015	0.954001	1.0
5107	2552	0.05378512587174394	0.3605673518469784	0.447001	1.0
5113	1562	0.0961608276649929	0.787834396809038	0.155001	1.0
5117	2335	0.0903094741509447	0.7206674382482663	0.169001	1.0
5120	1644	0.04105648452423616	0.25792524282069673	0.563001	1.0
5121	1096	0.0418291368175326	0.26383453575109134	0.5330010000000001	1.0
5123	0	0.023574821370021683	0.13495624299113768	0.724001	1.0
5125	1905	0.040335368195941246	0.25244702622267773	0.577001	1.0
5126	1448	0.038050713293442145	0.23532525678327754	0.5410010000000001	1.0
5130	985	0.01465631895536633	0.07988145665033418	0.831001	1.0
5134	1947	0.1226296990398861	1.1260990470182666	0.074001	1.0
5136	0	0.00606303338069375	0.03148481145782232	0.939001	1.0
5138	2897	0.056524498987440164	0.38415344447176947	0.399001	1.0
5139	0	0.0	-0.0	1.0	1.0
5145	0	0.04371832461791495	0.27845618708270337	0.5540010000000001	1.0
5146	0	0.02831780300154446	0.16631956837385573	0.6660010000000001	1.0
5149	0	0.004014516058534709	0.020604842854928408	0.957001	1.0
5150	0	0.07246148513407243	0.5322042727020473	0.30000099999999996	1.0
5152	0	0.07397429697030525	0.547236322505256	0.279001	1.0
5153	1445	0.0	-0.0	1.0	1.0
5154	0	0.009404308000833361	0.049769229305318984	0.894001	1.0
5156	0	0.09899112447574675	0.8212955926688663	0.147001	1.0
5158	0	0.07827912623810983	0.5909568870095541	0.244001	1.0
5159	3323	0.010004655332834567	0.05312591668217634	0.891001	1.0
5161	1299	0.0737287025562555	0.5447842673149322	0.278001	1.0
5162	1604	0.014571347162217405	0.07938075866385004	0.852001	1.0
5163	3279	0.022250315962043812	0.12645765442732002	0.737001	1.0
5164	0	0.0506730546403892	0.33442154511672606	0.451001	1.0
5166	0	0.050269603374689165	0.3310822377805039	0.457001	1.0
5167	3831	0.07716060171005368	0.5794618694579987	0.275001	1.0
5168	2170	0.02891158459280504	0.17034931648675858	0.697001	1.0
5169	2374	0.01008304199439258	0.0535658110553343	0.887001	1.0
5170	1040	0.020568275916765605	0.115826807894518	0.7810010000000001	1.0
5171	0	0.009561747957012088	0.0506473984922127	0.9250010000000001	1.0
5179	785	0.018561040151847	0.1033760448408213	0.866001	1.0
5180	3693	0.037684536065871174	0.232614044982199	0.6710010000000001	1.0
5181	1601	0.03994498685128458	0.24949619910252763	0.5520010000000001	1.0
5183	1715	0.06243258960166717	0.43686453761590177	0.48300099999999996	1.0
5184	366	0.04765413253537818	0.309712409910729	0.509001	1.0
5188	1343	0.007544147114647098	0.03950706232480539	0.9200010000000001	1.0
5189	2335	0.11574927707089357	1.0326489616239227	0.083001	1.0
5190	0	0.09483705947179231	0.7724025167466195	0.178001	1.0
5191	0	0.0470886356537971	0.30515510210391694	0.47600099999999995	1.0
5195	1442	0.02391493274083954	0.13715674012121426	0.729001	1.0
5197	1185	0.03125094459392496	0.18645146466263182	0.652001	1.0
5198	2448	0.03309201190429155	0.19937864479465484	0.624001	1.0
5199	2445	0.02934700465862363	0.17331904895014522	0.6730010000000001	1.0
5202	2554	0.024457411604933477	0.1406819755315808	0.732001	1.0
5203	3345	0.0789188317781139	0.5975739143333543	0.275001	1.0
5204	2262	0.018828398559071077	0.10501973544922023	0.761001	1.0
5205	0	0.048157855295953476	0.3137907386643231	0.48600099999999996	1.0
5207	1162	0.19095784340411523	2.277676487687249	0.002001	0.5477237250000001
5208	2290	0.003939586293064025	0.020211596090128504	0.949001	1.0
5209	3484	0.00028383149876053115	0.0014259002249112402	0.994001	1.0
5214	0	0.024156414674222415	0.13872363728355933	0.727001	1.0
5217	100	0.07996176283898372	0.6084287924729721	0.220001	1.0
5218	985	0.03204814148235566	0.19202137687206108	0.634001	1.0
5219	3131	0.1466872014634267	1.4843517174191685	0.013000999999999999	0.729989482051282
5220	763	0.052576096484641045	0.3503280812915321	0.437001	1.0
5221	0	0.0978914145231459	0.808218523683133	0.146001	1.0
5223	1185	0.11541825752380448	1.0282520801251622	0.083001	1.0
5226	1634	0.1147215589074855	1.0190274914561934	0.091001	1.0
5227	2745	0.012996340331823609	0.0701809040207353	0.852001	1.0
5228	2744	0.025242067930175468	0.14581461537003368	0.722001	1.0
5229	1185	0.0	-0.0	1.0	1.0
5232	916	0.004452185916234436	0.0229084563533022	0.954001	1.0
5234	367	0.07149820149327077	0.5227221623713296	0.29800099999999996	1.0
5235	0	0.009493982809771925	0.050269233559500234	0.892001	1.0
5238	1344	0.0	-0.0	1.0	1.0
5242	917	0.11146225634451545	0.9764035738189528	0.111001	1.0
5245	592	0.06582329206966954	0.4682656333469123	0.35300099999999995	1.0
5246	3323	0.04384427047127379	0.2794397228181888	0.513001	1.0
5247	3575	0.07781816441481651	0.5862080807508263	0.261001	1.0
5248	3522	0.003903800944525946	0.0200239042705125	0.952001	1.0
5253	0	0.06382048198803142	0.44961568535205026	0.34400099999999995	1.0
5255	2007	0.06490367661140267	0.4596656261732195	0.339001	1.0
5257	0	0.009561747957012088	0.0506473984922127	0.9250010000000001	1.0
5260	2572	0.11786642686585536	1.0609850995861332	0.087001	1.0
5264	1397	0.0708005952215784	0.5158986409749464	0.30200099999999996	1.0
5265	1259	0.039695061960709085	0.24761252492087876	0.587001	1.0
5267	2904	0.023288691741389426	0.13311077157661488	0.718001	1.0
5270	3225	0.02943354592995717	0.17391077933562207	0.6850010000000001	1.0
5271	1109	0.004433294038230617	0.02280878754811289	0.951001	1.0
5272	2262	0.009561747957012088	0.0506473984922127	0.9250010000000001	1.0
5273	1906	0.008338864448427123	0.043865826059049214	0.887001	1.0
5274	2912	0.06926392205468522	0.5009961376782176	0.31000099999999997	1.0
5276	0	0.010157552262955262	0.053984298014815905	0.893001	1.0
5277	3518	0.0	-0.0	1.0	1.0
5279	3843	0.06279280729186694	0.4401604558165628	0.36500099999999996	1.0
5280	0	0.03046752301342709	0.1810188278982997	0.6660010000000001	1.0
5284	3844	0.061355665068695824	0.4270674316226704	0.401001	1.0
5285	3617	0.06261146208027213	0.438499997992398	0.35700099999999996	1.0
5286	0	0.02211483239127588	0.1255946774421734	0.740001	1.0
5287	887	0.07637104655972365	0.5714048719079587	0.266001	1.0
5288	913	0.013721800723443894	0.07439938279111917	0.858001	1.0
5289	3346	0.03795126399261438	0.23458802481322008	0.596001	1.0
5291	2052	0.160774919646673	1.7175265134012618	0.019001	0.8704684058577405
5293	300	0.029354926954288638	0.17337319755802835	0.6660010000000001	1.0
5297	988	0.052149451534523515	0.3467396446199549	0.449001	1.0
5299	3145	0.08611169885849507	0.6741355915103456	0.212001	1.0
5302	0	0.051446362180012396	0.34085426658191254	0.444001	1.0
5303	0	0.0456251384626493	0.2934645410164629	0.502001	1.0
5307	1185	0.03886684139532715	0.2414007093959654	0.5550010000000001	1.0
5311	3848	0.08937356774163126	0.7101739427604545	0.192001	1.0
5312	0	0.019630080741790876	0.10997547167897269	0.8050010000000001	1.0
5313	572	0.0	-0.0	1.0	1.0
5317	0	0.062199311330588467	0.4347351502503447	0.37200099999999997	1.0
5318	1572	0.059360724842662346	0.4091420031061211	0.36700099999999997	1.0
5319	3192	0.10177684409926561	0.8548541501881761	0.137001	1.0
5321	742	0.001809845331911572	0.00917249170978611	0.985001	1.0
5325	858	0.08996186359567432	0.7167619865959431	0.181001	1.0
5326	101	0.04946647994354677	0.3244690881278981	0.47200099999999995	1.0
5327	1162	0.032370042385368156	0.1942824206164811	0.632001	1.0
5329	1923	0.1384950981874971	1.356778945608649	0.040001	1.0
5330	0	0.00018971243467581084	0.0009525514649677255	0.999001	1.0
5333	985	0.03838370568521032	0.23779866517184559	0.598001	1.0
5335	3787	0.044761156283726004	0.2866329657707477	0.510001	1.0
5336	0	0.0	-0.0	1.0	1.0
5337	1299	0.17074059287255328	1.8932118427056732	0.010001	0.6974582738853503
5341	3270	0.05076751678161419	0.3352050559713525	0.48700099999999996	1.0
5342	0	0.03286552904118802	0.1977762133424205	0.622001	1.0
5344	1185	0.16471355765673307	1.7858863126751774	0.018001	0.8644427587719298
5351	916	0.032892019063190434	0.1979634612618041	0.644001	1.0
5352	277	0.15414512992586463	1.605599610552614	0.030001	0.9576704052478133
5354	0	0.019985088010978185	0.11218301085216613	0.752001	1.0
5356	1110	0.01805610209002484	0.10028403561433628	0.7820010000000001	1.0
5360	0	0.04767719541963082	0.3098987473700591	0.49400099999999997	1.0
5361	1606	0.032627491678138235	0.19609571546104276	0.633001	1.0
5363	0	0.049698275600317164	0.3263730929547419	0.457001	1.0
5366	0	0.008822059400891188	0.04653460483733914	0.891001	1.0
5367	0	0.0290075023546104	0.17100244212784038	0.6720010000000001	1.0
5368	994	0.003467284976064012	0.017740490532312983	0.960001	1.0
5369	3240	0.06874250622177966	0.4959794780995582	0.316001	1.0
5371	2361	0.08202601537553483	0.6301590374399059	0.242001	1.0
5372	0	0.051894060782746776	0.3445977807495102	0.460001	1.0
5373	926	0.05673482856254941	0.3859866390203942	0.403001	1.0
5376	0	0.10995624090040507	0.9570027588597483	0.108001	1.0
5377	0	0.009561747957012088	0.0506473984922127	0.9250010000000001	1.0
5381	3043	0.0578167034429017	0.39546639645109505	0.397001	1.0
5384	1984	0.11011059050343154	0.9589825951763504	0.116001	1.0
5386	8	0.007307888427735144	0.03821858603186893	0.9240010000000001	1.0
5388	1445	0.010899340422396679	0.058168984465942535	0.884001	1.0
5389	0	0.07454817516562559	0.5529837383487877	0.29900099999999996	1.0
5390	960	0.05042315793026386	0.33235183141269053	0.47800099999999995	1.0
5391	0	0.011549220207231047	0.06186277618831045	0.861001	1.0
5393	916	0.07764058076158059	0.5843829361822428	0.267001	1.0
5394	0	0.0	-0.0	1.0	1.0
5395	0	0.013886789791343931	0.07536331307883277	0.843001	1.0
5396	2614	0.08246257354505447	0.6347965440181187	0.228001	1.0
5400	0	0.035611145186418516	0.21743355761083835	0.600001	1.0
5402	0	0.061703392477555	0.43022155959033637	0.37300099999999997	1.0
5403	0	0.06928595360467087	0.5012085536725512	0.30300099999999996	1.0
5404	0	0.009561747957012088	0.0506473984922127	0.9250010000000001	1.0
5405	368	0.04938572517569911	0.3238066449166158	0.47800099999999995	1.0
5406	3856	0.03961516276765336	0.2470112272270902	0.576001	1.0
5408	3241	0.054508410510367825	0.36674267271672456	0.41500099999999995	1.0
5409	1185	0.0928421283311062	0.7494082702984396	0.190001	1.0
5412	0	0.025664233314161747	0.14859260518917047	0.725001	1.0
5414	354	0.011011976665510686	0.05880733866858396	0.885001	1.0
5417	0	0.03696510796081483	0.22731378923226264	0.585001	1.0
5418	0	0.051282795089212685	0.33949011253519235	0.48400099999999996	1.0
5421	0	0.05245230037077897	0.3492855219951062	0.464001	1.0
5422	0	0.07828613606240703	0.5910292267306294	0.250001	1.0
5424	1768	0.08992911767380103	0.7163945691928295	0.173001	1.0
5426	918	0.05144529133224627	0.3408453295199096	0.438001	1.0
5427	2923	0.06491607461659886	0.4597811549037019	0.334001	1.0
5428	2450	0.05380180316445991	0.36070932005119094	0.437001	1.0
5429	3860	0.0	-0.0	1.0	1.0
5430	8	0.03788523697957306	0.2340989277264862	0.591001	1.0
5431	1546	0.06361330482508407	0.44770330013513904	0.35400099999999995	1.0
5436	1769	0.0	-0.0	1.0	1.0
5437	917	0.0964492052402503	0.7912145980866763	0.162001	1.0
5439	349	0.08527193086048743	0.6649913644127163	0.229001	1.0
5440	2584	0.09563746555553185	0.7817166873712779	0.161001	1.0
5442	0	0.040804965592160514	0.25601044545355167	0.577001	1.0
5444	1611	0.02927989198885937	0.1728605019274163	0.6860010000000001	1.0
5446	0	0.04734841359127441	0.30724586000843096	0.49000099999999996	1.0
5447	1392	0.12652382531201323	1.1807424712075447	0.063001	1.0
5448	1185	0.0457286124777619	0.2942861979773015	0.49200099999999997	1.0
5450	38	0.019424353382345508	0.10869985395081587	0.7880010000000001	1.0
5451	0	0.006000054786394756	0.031146604545401458	0.9200010000000001	1.0
5455	0	0.004860250481116969	0.025066464293544206	0.940001	1.0
5457	103	0.0	-0.0	1.0	1.0
5459	1324	0.030208112928113918	0.17922889206442866	0.652001	1.0
5462	0	0.0045595274084785364	0.02347516436698911	0.949001	1.0
5463	3162	0.003777116142231113	0.01936005844481014	0.956001	1.0
5465	1657	0.021522886880489405	0.12183798827849178	0.760001	1.0
5468	0	0.010218422336131332	0.054326425408079616	0.886001	1.0
5470	0	0.023602103705070814	0.13513248299447678	0.734001	1.0
5471	0	0.027082136847747934	0.15800765193516525	0.698001	1.0
5472	3866	0.020880991851678153	0.11778958418097275	0.768001	1.0
5473	0	0.07930626246698262	0.6015966166264837	0.35000099999999995	1.0
5475	1604	0.010930830287808623	0.058347372019543375	0.873001	1.0
5476	3867	0.01927190018479645	0.1077562925703238	0.762001	1.0
5477	0	0.029428869548631626	0.1738787917395355	0.639001	1.0
5478	1075	0.006201669018744723	0.0322301450368036	0.9260010000000001	1.0
5480	874	0.0448711407941958	0.28749974196153166	0.499001	1.0
5484	1066	0.06915086313061708	0.4999066546551856	0.34400099999999995	1.0
5485	1633	0.07791378513412589	0.5871918315465141	0.263001	1.0
5487	0	0.004761597176693876	0.024543841510078154	0.940001	1.0
5488	3208	0.0780851696239372	0.5889567846981724	0.280001	1.0
5489	0	0.013030382605398023	0.07037813065588928	0.839001	1.0
5490	1612	0.12479396568649334	1.1563112587693136	0.078001	1.0
5492	1768	0.007409394553099618	0.03877175592790595	0.9140010000000001	1.0
5493	2594	0.054886153938998865	0.36998266258964985	0.41800099999999996	1.0
5498	3869	0.005109623270767506	0.026390109429416293	0.938001	1.0
5501	2491	0.13245473506040795	1.266427724345684	0.060001	1.0
5502	349	0.05840487057808738	0.4006555451269527	0.388001	1.0
5503	3871	0.08276439213714654	0.6380112973391967	0.218001	1.0
5504	0	0.12493799664779653	1.158335827417693	0.069001	1.0
5505	0	0.04218418216328861	0.2665636978561217	0.6770010000000001	1.0
5508	0	0.08796047320316427	0.6944598182293968	0.195001	1.0
5509	0	0.0356842024762252	0.21796352210062203	0.597001	1.0
5510	887	0.06366940724848626	0.44822085254667765	0.35400099999999995	1.0
5511	977	0.0	-0.0	1.0	1.0
5512	2418	0.02974193099146099	0.1760233875731719	0.643001	1.0
5515	1604	0.027881054296930104	0.163370292021829	0.6730010000000001	1.0
5516	0	0.011629109290968474	0.06231863297650908	0.865001	1.0
5517	0	0.07368170484521078	0.5443155522075352	0.391001	1.0
5519	3844	0.14766143739495236	1.4999124606433536	0.025001000000000002	0.9234426174698795
5521	2313	0.04121569443484775	0.25913953888204155	0.5550010000000001	1.0
5522	0	0.009561747957012088	0.0506473984922127	0.9250010000000001	1.0
5523	2584	0.05262950745249353	0.3507782225504943	0.454001	1.0
5525	1767	0.03637568136709552	0.22299738268991653	0.593001	1.0
5526	0	0.06876140705597009	0.4961609740727154	0.329001	1.0
5527	94	0.11608834394082557	1.0371621201806942	0.088001	1.0
5528	874	0.11678833036110382	1.0465093805463361	0.076001	1.0
5530	0	0.07830707476919169	0.5912453314910581	0.250001	1.0
5532	3708	0.15151789942479954	1.562327388459024	0.023001	0.9234426174698795
5533	2917	0.00048615099396505856	0.002445156321065386	0.998001	1.0
5537	1500	0.09453877911765027	0.7689444532990646	0.185001	1.0
5538	1110	0.061052693956646635	0.42432645904144395	0.374001	1.0
5539	1283	0.028114892845290243	0.16494780286621183	0.708001	1.0
5540	0	0.1699613207370245	1.8791489406253934	0.012001	0.7219722472527472
5542	574	0.02874276985644456	0.1692012868543403	0.6690010000000001	1.0
5544	608	0.05022302646792228	0.33069746754855367	0.459001	1.0
5545	1657	0.1183919384893491	1.0680761462260353	0.079001	1.0
5548	0	0.06936845711297299	0.5020043278345286	0.30900099999999997	1.0
5550	1363	0.025321413817791565	0.14633585616205355	0.691001	1.0
5554	916	0.05591995889131782	0.3789020857434618	0.395001	1.0
5562	0	0.06693223569908462	0.4787191831781298	0.463001	1.0
5563	1648	0.02645827967489666	0.15384904741754507	0.706001	1.0
5564	0	0.008652480125751212	0.04559637998150711	0.9060010000000001	1.0
5565	297	0.013367437884173603	0.07233474203875705	0.844001	1.0
5567	3882	0.06837096595437117	0.4924171393769503	0.317001	1.0
5568	3572	0.030484122294392173	0.18113351465976807	0.654001	1.0
5575	3883	0.00018388094590385956	0.0009232403210191729	0.997001	1.0
5576	0	0.027899214915372613	0.16349267813879065	0.6800010000000001	1.0
5577	56	0.014846497193938171	0.0810037093215139	0.836001	1.0
5578	1789	0.03416957383272196	0.2070496211814716	0.639001	1.0
5579	1729	0.06489989823580196	0.4596304202634244	0.36200099999999996	1.0
5580	0	0.02691462886278065	0.15688855969574525	0.689001	1.0
5583	3433	0.028820189624099664	0.169727549926522	0.6770010000000001	1.0
5584	277	0.06460229539731174	0.4568607347928312	0.395001	1.0
5585	0	0.04235087996601348	0.2678480620707515	0.5400010000000001	1.0
5586	0	0.010233361766528698	0.05441042867953564	0.888001	1.0
5589	0	0.10125039043222575	0.8484645123489254	0.137001	1.0
5599	3195	0.09574343793450044	0.7829536713685177	0.170001	1.0
5602	0	0.12688848823276966	1.1859248811028067	0.060001	1.0
5603	1925	0.023483001902267937	0.1343634542355142	0.733001	1.0
5605	0	0.03413006680170769	0.20676700619999003	0.628001	1.0
5611	2892	0.04813823448301516	0.31363154830298434	0.503001	1.0
5613	0	0.05192174725301236	0.34482975285938394	0.451001	1.0
5614	0	0.04245983649136145	0.2686885782619605	0.5480010000000001	1.0
5616	0	0.14721214978964572	1.4927259890191635	0.034001	0.9848596534391535
5617	2831	0.021392839386530298	0.12101566158265004	0.765001	1.0
5619	0	0.058387310444238213	0.4005002575743788	0.403001	1.0
5620	0	0.09375747441732407	0.7599198575109698	0.208001	1.0
5622	0	0.017493879031540642	0.09686012170637161	0.8020010000000001	1.0
5625	0	0.10032155558493319	0.8372453143858442	0.151001	1.0
5626	1727	0.0474727705065415	0.3082483862326207	0.499001	1.0
5627	3214	0.04511388085089343	0.2894157223454936	0.500001	1.0
5633	1223	0.007295610841198785	0.038151719774894406	0.900001	1.0
5636	0	0.018424034892548485	0.10253549894612615	0.780001	1.0
5637	0	0.0474210510025737	0.3078313084773088	0.507001	1.0
5638	985	0.03135799856927998	0.18719698638812537	0.6680010000000001	1.0
5640	1442	0.07914437425068496	0.5999143342937785	0.242001	1.0
5641	1567	0.0	-0.0	1.0	1.0
5642	1185	0.030036826567545902	0.17804944733219535	0.6630010000000001	1.0
5646	0	0.05752702798017639	0.39291989128228855	0.394001	1.0
5647	1362	0.01825727521247698	0.10151400235320006	0.7900010000000001	1.0
5649	0	0.10067958142971556	0.8415616451126322	0.138001	1.0
5650	3894	0.08227390762797533	0.632790570231363	0.265001	1.0
5651	0	0.00904169836337875	0.04775237713656363	0.9060010000000001	1.0
5655	0	0.03030005340106586	0.1798627751039542	0.652001	1.0
5657	3432	0.016953571320631283	0.09358837713555132	0.820001	1.0
5658	0	0.04650177305724141	0.30044924381824845	0.501001	1.0
5661	0	0.041803894996555395	0.26364083695374024	0.5590010000000001	1.0
5663	1015	0.039487803403592064	0.24605365877174615	0.5440010000000001	1.0
5664	0	0.011194053348077361	0.05984087768040017	0.881001	1.0
5665	1034	0.06118323610318309	0.42550665084228656	0.379001	1.0
5667	370	0.021588378724236017	0.1222525203218078	0.742001	1.0
5669	918	0.11140016924343978	0.9756000864960684	0.097001	1.0
5671	370	0.04320810405484134	0.27448299383457136	0.5310010000000001	1.0
5672	2710	0.048093462722271385	0.31326840078942597	0.48100099999999996	1.0
5673	0	0.08255246904257474	0.6357533129535338	0.224001	1.0
5674	3899	0.09778058217219013	0.8069059200303473	0.162001	1.0
5676	2039	0.024578837399932107	0.141473649026552	0.726001	1.0
5680	0	0.018802456447938848	0.10486004848180341	0.775001	1.0
5683	917	0.013737588645933104	0.07449154917302594	0.833001	1.0
5684	3901	0.052725972050138015	0.35159172856467713	0.451001	1.0
5685	1397	0.0	-0.0	1.0	1.0
5689	3831	0.10303610173024422	0.8702282532391278	0.127001	1.0
5690	0	0.017347745841164684	0.09597342920694793	0.8050010000000001	1.0
5695	0	0.0698533486484045	0.5066915174083912	0.29800099999999996	1.0
5696	0	0.01605557738618288	0.08819116596819213	0.8110010000000001	1.0
5699	949	0.051244848814638255	0.33917391029397836	0.48300099999999996	1.0
5700	3903	0.06185326804305201	0.4315837545738693	0.339001	1.0
5703	1853	0.0409059537124124	0.2567787406205272	0.570001	1.0
5704	1621	0.09817569195772313	0.8115897355467111	0.175001	1.0
5709	2397	0.026095980815948307	0.1514456114498763	0.714001	1.0
5711	0	0.11383952326941951	1.0074063602402197	0.111001	1.0
5712	0	0.06813796612565731	0.4901883618887861	0.30100099999999996	1.0
5717	3087	0.025677840582797033	0.14868233788568083	0.690001	1.0
5718	3141	0.0002154641070045843	0.0010820121397874633	0.996001	1.0
5723	0	0.028323962961865914	0.1663612547257209	0.6740010000000001	1.0
5728	0	0.0651870547814601	0.4623090644627261	0.34500099999999995	1.0
5729	0	0.04541464096190427	0.291795340705677	0.514001	1.0
5731	1647	0.07542897157659961	0.5618533036037301	0.272001	1.0
5732	988	0.08324391177751467	0.6431332147324792	0.219001	1.0
5735	0	0.014724311171509089	0.08028242478353853	0.852001	1.0
5736	0	0.004076867273225131	0.020932327700383183	0.953001	1.0
5737	52	0.09000859167182143	0.7172864325650276	0.217001	1.0
5739	0	0.011636126400399061	0.062358692119548545	0.868001	1.0
5745	1630	0.007549642010224414	0.039537069557629465	0.9060010000000001	1.0
5747	0	0.023337908653226214	0.13342783450403914	0.734001	1.0
5749	1547	0.018676510594580024	0.10408539118726233	0.780001	1.0
5750	781	0.01588369130369005	0.08716382471289602	0.849001	1.0
5752	3257	0.1510090781772299	1.5540173325933544	0.028001	0.9234426174698795
5754	0	0.0076822135894554985	0.04026158358575304	0.9100010000000001	1.0
5758	1147	0.052420479530732415	0.3490177160689148	0.48300099999999996	1.0
5759	0	0.024369263166398824	0.14010786084606777	0.730001	1.0
5761	349	0.06111938226465559	0.42492921264456646	0.36800099999999997	1.0
5762	1604	0.03629507602094586	0.2224089282025275	0.584001	1.0
5764	0	0.042380768172743326	0.2680785453431865	0.5350010000000001	1.0
5765	0	0.046455245425972014	0.30007718267538785	0.48100099999999996	1.0
5766	0	0.029831534826571013	0.17663839814613974	0.6790010000000001	1.0
5768	0	0.10430457737617721	0.8858439696123044	0.137001	1.0
5770	0	0.0	-0.0	1.0	1.0
5776	2733	0.1164283427706766	1.0416972275920968	0.028001	0.9234426174698795
5778	3918	0.010409411669876176	0.055401366905977405	0.870001	1.0
5779	2344	0.07313171921133471	0.538842818995833	0.29400099999999996	1.0
5780	3282	0.010252270625062213	0.05451677121166328	0.887001	1.0
5782	0	0.0504287196848731	0.332397847408081	0.456001	1.0
5785	0	0.06303393354761577	0.4423720163291758	0.384001	1.0
5789	3919	0.1892802446373757	2.2443203167652377	0.005001	0.6394375839416058
5791	3107	0.023798703649166267	0.13640390777548628	0.754001	1.0
5792	3339	0.07451208576414739	0.5526215695408646	0.29300099999999996	1.0
5793	3573	0.03347076579507372	0.20206608483400842	0.647001	1.0
5795	1647	0.030243377767054404	0.17947195930483886	0.6570010000000001	1.0
5796	1380	0.02735771588930483	0.15985273258768432	0.6860010000000001	1.0
5797	2580	0.00839051275076487	0.04415041684161012	0.890001	1.0
5801	86	0.03007209140648638	0.17829211592054842	0.6630010000000001	1.0
5804	0	0.021354119436988603	0.12077103303463381	0.768001	1.0
5806	3135	0.2805708369859856	4.467953016531998	1e-06	0.0005762631578947368
5809	3923	0.07798777703703316	0.5879535413816392	0.252001	1.0
5810	2882	0.026681629034066838	0.15533496988131595	0.6780010000000001	1.0
5812	1857	0.0937440175720398	0.7597648441463319	0.173001	1.0
5813	0	0.10124787151515856	0.8484339933743338	0.141001	1.0
5818	0	0.037254783423540126	0.22944370681736925	0.592001	1.0
5819	0	0.05748042801443366	0.3925108012164717	0.403001	1.0
5821	1928	0.058898578323254	0.40503062265601075	0.377001	1.0
5822	3925	0.06201459009000854	0.43305181688654193	0.385001	1.0
5825	3926	0.07215437938927019	0.5291737139034145	0.28700099999999995	1.0
5826	1068	0.038058317967969414	0.23538165895307442	0.586001	1.0
5827	0	0.013890288327368678	0.0753837711082006	0.839001	1.0
5831	0	0.07343147034232865	0.5418227260159713	0.28700099999999995	1.0
5832	0	0.12334633094549781	1.1360593984383243	0.08500100000000001	1.0
5834	436	0.009706136139844782	0.051454089141028565	0.885001	1.0
5839	0	0.05012134867687748	0.3298580427058133	0.47900099999999995	1.0
5842	0	0.01849674825373468	0.10298145789832948	0.778001	1.0
5843	0	0.08605573161310878	0.6735244643388312	0.29000099999999995	1.0
5844	0	0.07508922644223165	0.5584251481783615	0.29100099999999995	1.0
5845	0	0.0673910223389879	0.48307056811856663	0.333001	1.0
5847	0	0.04743078067507182	0.30790975645871704	0.518001	1.0
5849	2842	0.05038463863619752	0.3320331963158133	0.456001	1.0
5851	584	0.0519589618031828	0.3451416420050575	0.43600099999999997	1.0
5853	3037	0.034447450352171935	0.2090403746335716	0.627001	1.0
5854	0	0.06295698592855961	0.4416658061812291	0.339001	1.0
5855	2335	0.009453345256975644	0.05004258834639898	0.899001	1.0
5856	866	0.05695793877706581	0.38793470607215486	0.41300099999999995	1.0
5857	0	0.08606098042294637	0.6735817677213958	0.210001	1.0
5860	21	0.004932033405836067	0.02544710229773092	0.952001	1.0
5861	0	0.08334175009389246	0.6441804358208563	0.253001	1.0
5863	1366	0.0536524392526652	0.35943854188422636	0.437001	1.0
5864	3933	0.05030756192968562	0.33139592535195966	0.48900099999999996	1.0
5866	742	0.038359111728592014	0.23761572805336872	0.563001	1.0
5868	0	0.009561747957012088	0.0506473984922127	0.9250010000000001	1.0
5870	0	0.12052136545465933	1.097044800091794	0.065001	1.0
5871	1604	0.04055369712189153	0.2541018817794986	0.5520010000000001	1.0
5872	0	0.0019242961600639168	0.00975895946456798	0.971001	1.0
5875	742	0.1435959052485295	1.435526327339574	0.035001000000000004	0.9905231026894865
5878	1984	0.06099424050337976	0.4237984014631129	0.37100099999999997	1.0
5879	0	0.036664097371287216	0.2251065383215516	0.589001	1.0
5881	0	0.17087457773554104	1.8956353499928218	0.012001	0.7219722472527472
5882	2600	0.0	-0.0	1.0	1.0
5883	1543	0.05375369021354605	0.36029980456512106	0.449001	1.0
5887	0	0.0	-0.0	1.0	1.0
5888	0	0.05224108051470657	0.3475092299787345	0.457001	1.0
5891	0	0.19955490735438852	2.4528133076983276	0.003001	0.5665163620689656
5893	1547	0.25454162675462944	3.745789867484629	1e-06	0.0005762631578947368
5895	3145	0.11673272912327383	1.0457654277145283	0.082001	1.0
5897	503	0.027495239246764825	0.16077534590892853	0.711001	1.0
5899	2136	0.004833659075049571	0.024925537622688034	0.944001	1.0
5901	3578	0.016147517859134833	0.08874143943393785	0.816001	1.0
5910	0	0.03648059770251287	0.22376397484651098	0.621001	1.0
5911	0	0.06607422771076898	0.4706231475258321	0.342001	1.0
5915	1453	0.05787589799398035	0.39598751425846257	0.405001	1.0
5916	1355	0.0	-0.0	1.0	1.0
5917	1185	0.0491586486238733	0.3219463626546568	0.466001	1.0
5921	0	0.014105935576188272	0.0766462510260473	0.845001	1.0
5923	1442	0.0016341373843657275	0.008273620764962797	0.986001	1.0
5924	1185	0.009384646122133574	0.04965966475739445	0.883001	1.0
5927	3739	0.06292712751515853	0.4413918882586994	0.34700099999999995	1.0
5931	2932	0.09922160025091559	0.8240484959409297	0.143001	1.0
5933	616	0.03802552415449505	0.2351384626057494	0.564001	1.0
5937	106	0.05670208264067612	0.38570102234916454	0.41000099999999995	1.0
5942	1928	0.05119885942924085	0.3387908223086285	0.47400099999999995	1.0
5944	655	0.004537207938908418	0.023357272814047605	0.959001	1.0
5945	3197	0.06926566445550231	0.5010129356252871	0.34600099999999995	1.0
5947	0	0.018794876025355393	0.10481339512530362	0.7900010000000001	1.0
5950	1034	0.05354407339682711	0.3585175681929225	0.453001	1.0
5952	3175	0.040540710737671834	0.2540033583756722	0.5380010000000001	1.0
5953	735	0.0	-0.0	1.0	1.0
5954	1173	0.0059421253614693435	0.030835721550203275	0.9220010000000001	1.0
5955	349	0.0535332849701681	0.3584259259336824	0.456001	1.0
5956	1147	0.1316564870744904	1.2547212143519677	0.050001000000000004	1.0
5957	0	0.012523479574905218	0.06744872503803775	0.842001	1.0
5962	0	0.04810375923186918	0.31335190419846876	0.47800099999999995	1.0
5963	1546	0.05913409706903503	0.40712392797938	0.388001	1.0
5967	0	0.0073389365095766455	0.038387720634810794	0.9140010000000001	1.0
5969	2823	0.054558208931186625	0.36716922097007365	0.5610010000000001	1.0
5970	3556	0.005433297270882724	0.028113647577957514	0.942001	1.0
5974	0	0.043637351082051655	0.2778244283175077	0.49600099999999997	1.0
5979	1324	0.022521637497624904	0.12818940025246198	0.749001	1.0
5982	2319	0.014762113472187748	0.08050547907831503	0.832001	1.0
5985	1025	0.0741581779162091	0.5490751951333692	0.28600099999999995	1.0
5986	1192	0.021098449354670153	0.11915813695426734	0.761001	1.0
5987	1034	0.034715715019826204	0.2109671773257175	0.613001	1.0
5989	949	0.0420699017206952	0.2656843009211365	0.5540010000000001	1.0
5990	0	0.0037731891534757006	0.019339495622142145	0.957001	1.0
5991	3727	0.048232224002295224	0.31439436251244324	0.48300099999999996	1.0
5996	3015	0.020041119366005757	0.11253216060376522	0.747001	1.0
5999	0	0.04626746868989755	0.29857714851396744	0.49500099999999997	1.0
6003	425	0.10844111761774056	0.9376715217054328	0.126001	1.0
6004	0	0.00862313928398685	0.04543422332428914	0.9110010000000001	1.0
6006	3950	0.05348794446295892	0.3580408718210103	0.440001	1.0
6010	1408	0.02970810789027939	0.17579137475534676	0.6600010000000001	1.0
6011	2170	0.002869046539514024	0.014629342975984097	0.980001	1.0
6013	0	0.050449981189236104	0.33257377773156227	0.457001	1.0
6015	918	0.11737502419007073	1.0543750352874859	0.091001	1.0
6017	0	0.07964502385434422	0.6051233737877961	0.262001	1.0
6018	38	0.07398689155564109	0.5473621914027634	0.312001	1.0
6019	0	0.029354934631494356	0.17337325003345833	0.653001	1.0
6021	526	0.1153273584621415	1.0270462654446382	0.104001	1.0
6022	108	0.026190440205967412	0.15207141801772656	0.719001	1.0
6023	0	0.05131371316827933	0.3397478249499133	0.48200099999999996	1.0
6024	3952	0.06355750112602156	0.44718873248606106	0.48100099999999996	1.0
6027	1604	0.030252666872439826	0.17953599926826064	0.648001	1.0
6028	0	0.021302454807536078	0.1204447703378552	0.771001	1.0
6029	0	0.0	-0.0	1.0	1.0
6031	0	0.03252425717138267	0.1953680730717542	0.645001	1.0
6033	573	4.296440632108912e-06	2.154947005257061e-05	1.0	1.0
6036	0	0.18375248113345694	2.13628616621373	0.006001	0.6394375839416058
6037	918	0.04188981479986389	0.264300341082469	0.526001	1.0
6038	1607	0.11820899958699137	1.0656050396578762	0.075001	1.0
6040	0	0.06546572492409287	0.4649143525381524	0.35200099999999995	1.0
6041	946	0.05888292559383905	0.4048916425479453	0.382001	1.0
6042	0	0.007935235255111002	0.041647300643504664	0.9200010000000001	1.0
6044	929	0.028958693590497634	0.17067001671637536	0.693001	1.0
6047	532	0.00902486802481979	0.04765895930821297	0.899001	1.0
6048	0	0.008860280853120493	0.04674631123957031	0.904001	1.0
6049	742	0.08194918840498598	0.6293444291822181	0.235001	1.0
6050	0	0.09021743715921082	0.7196324693843901	0.197001	1.0
6051	1554	0.11211070136735712	0.9848141685590626	0.104001	1.0
6052	0	0.055868244127252484	0.37845408225893684	0.41800099999999996	1.0
6053	3133	0.008568085612845444	0.04513010107631977	0.899001	1.0
6054	0	0.05929649253834732	0.4085696493124167	0.381001	1.0
6055	0	0.006701758155891994	0.03492826912333325	0.9260010000000001	1.0
6056	1465	0.03657719473246964	0.22447043734736116	0.590001	1.0
6058	1470	0.06383943415052065	0.44979078383095394	0.34400099999999995	1.0
6062	1952	0.03776990196377769	0.2332452895132484	0.603001	1.0
6063	0	0.07152016094459493	0.5229375463574808	0.278001	1.0
6064	2329	0.05416102321038915	0.3637720576970983	0.47600099999999995	1.0
6065	3960	0.014085169924207993	0.0765245559037162	0.866001	1.0
6066	1357	0.049796722369587404	0.3271828949802541	0.47900099999999995	1.0
6067	1647	0.0	-0.0	1.0	1.0
6070	0	0.08419102459477301	0.65330173667	0.240001	1.0
6073	0	0.0597058912432841	0.4122227946385759	0.403001	1.0
6079	1442	0.034351731503619226	0.2083540448374517	0.623001	1.0
6081	0	0.00879443360786816	0.046381642159131584	0.9070010000000001	1.0
6082	2362	0.07804486695086241	0.5885415383669685	0.271001	1.0
6083	1299	0.07840547331670869	0.5922613329789389	0.267001	1.0
6085	2452	0.029165281262302833	0.17207810970227708	0.688001	1.0
6089	3107	0.08887508245708782	0.7046128153629877	0.220001	1.0
6090	3145	0.036816491853851385	0.226223251492414	0.576001	1.0
6091	0	0.02315262622295261	0.13223502694972084	0.742001	1.0
6093	0	0.049365736682524676	0.3236427472565824	0.465001	1.0
6094	1930	0.06203714898895591	0.4332572587254605	0.35200099999999995	1.0
6095	1927	0.01751148939600224	0.09696706666045571	0.8080010000000001	1.0
6098	427	0.021153800862223633	0.11950696872282408	0.755001	1.0
6099	0	0.12344213024978298	1.1373941593472092	0.068001	1.0
6102	56	0.0934363211331788	0.756224296666247	0.173001	1.0
6103	2831	0.0032306311324022123	0.016507250790074007	0.985001	1.0
6108	918	0.1498314844483249	1.5348724983581385	0.023001	0.9234426174698795
6111	0	0.10597478477882896	0.9066034087173948	0.127001	1.0
6112	1202	0.04725723255211363	0.3065114746639654	0.48500099999999996	1.0
6114	0	0.06479158480191337	0.4586216308891492	0.34800099999999995	1.0
6116	1442	0.13094716319570285	1.2443643477432331	0.052001	1.0
6117	2879	0.06004855589954864	0.41528980699708073	0.36500099999999996	1.0
6122	580	0.08795065321296852	0.6943511612169515	0.232001	1.0
6124	1034	0.04441290435450204	0.2838939644624721	0.5480010000000001	1.0
6125	0	0.05195140505198131	0.3450783021417318	0.43100099999999997	1.0
6128	2089	0.0018577013370426713	0.009417621789420854	0.984001	1.0
6131	373	0.006235579199795376	0.03241262778257749	0.9310010000000001	1.0
6134	1344	0.01297620127155967	0.07006426037163585	0.862001	1.0
6135	3082	0.008422923225941636	0.044329086159002815	0.892001	1.0
6139	1927	0.01728856551632069	0.09561472203401758	0.8050010000000001	1.0
6140	3323	0.08080423882830202	0.617258038159492	0.223001	1.0
6141	930	0.010410229306739611	0.055405973568745576	0.880001	1.0
6146	1186	0.04522776206516463	0.2903160126707012	0.516001	1.0
6147	0	0.18397918366950283	2.1406604499006052	0.007001	0.6394375839416058
6148	3208	0.0009521506513927198	0.004801840527832667	0.994001	1.0
6149	0	0.014096241203179934	0.07658943475630989	0.828001	1.0
6150	0	0.015498896714336855	0.08487063486509945	0.8030010000000001	1.0
6151	0	0.043899229296645054	0.2798692508972606	0.524001	1.0
6152	3966	0.03874220395170783	0.24046994880200745	0.5430010000000001	1.0
6155	1147	0.0617361383994283	0.4305190420871893	0.35100099999999995	1.0
6157	1661	0.1408125018892995	1.3922760302047674	0.044001	1.0
6158	3480	0.07135336376190815	0.5213024607177965	0.30200099999999996	1.0
6159	0	0.11145074509575688	0.9762545795402324	0.110001	1.0
6162	3131	0.11437268889368157	1.0144233438675268	0.100001	1.0
6164	0	0.024380567586867886	0.14018145898803663	0.702001	1.0
6165	3145	0.20793408497835109	2.630347682003998	0.003001	0.5665163620689656
6166	610	0.006533054968765172	0.03401639572657638	0.9160010000000001	1.0
6168	3969	0.06777020423384957	0.4866787064863869	0.334001	1.0
6171	2091	0.05225262251726065	0.34760621271964104	0.458001	1.0
6173	0	0.10879454704841929	0.9421641416513818	0.134001	1.0
6174	0	0.03173929457861449	0.1898584981491059	0.650001	1.0
6175	3970	0.0021788632631076377	0.01106615733046686	0.978001	1.0
6176	0	0.05740633012562733	0.39186063579181735	0.40900099999999995	1.0
6177	1442	0.05019016158780193	0.33042606403171415	0.47600099999999995	1.0
6178	1567	0.07485969631941775	0.5561140400329649	0.281001	1.0
6179	0	0.044438133818214154	0.2840921116502622	0.5410010000000001	1.0
6181	3160	0.12045658470610661	1.0961579558355343	0.076001	1.0
6182	611	0.049397176485556034	0.32390055375555654	0.48900099999999996	1.0
6185	1202	0.032113670840221285	0.19248109898228902	0.646001	1.0
6186	2448	0.022354003218277883	0.12711889536483714	0.733001	1.0
6188	2716	0.008437112716507635	0.04440732855206537	0.9070010000000001	1.0
6189	0	0.06881555481672778	0.49668107703058906	0.334001	1.0
6191	0	0.0415556133280985	0.2617379246998053	0.5330010000000001	1.0
6193	2842	0.10007222489002805	0.8342454651356092	0.146001	1.0
6194	1185	0.06232503542535738	0.43588227824946935	0.35700099999999996	1.0
6198	1343	0.06982431514645787	0.5064103727476585	0.312001	1.0
6200	592	0.011911958810677569	0.06393574844992181	0.840001	1.0
6201	444	0.019359137119784785	0.10829603826517578	0.7940010000000001	1.0
6202	2038	0.051947626676380476	0.3450466337292875	0.451001	1.0
6203	1644	0.029782415943761097	0.1763011971276891	0.6770010000000001	1.0
6204	1293	0.0036637754912500903	0.018766940672953834	0.966001	1.0
6208	1546	0.11228576610352585	0.9870907396883204	0.103001	1.0
6211	2584	0.027289913135254317	0.15939831383551534	0.701001	1.0
6212	3171	0.07324500129252173	0.5399681924246208	0.276001	1.0
6214	1927	0.04418180535827544	0.28208101131877883	0.5390010000000001	1.0
6216	917	0.01812315048248404	0.1006936844285302	0.816001	1.0
6220	19	0.10160036079031774	0.8527096704238875	0.160001	1.0
6222	0	0.07089618031421557	0.5168314389873798	0.30400099999999997	1.0
6223	0	0.0035996609673292126	0.018431761497755952	0.965001	1.0
6224	0	0.11822615574244913	1.0658366639153067	0.073001	1.0
6226	2180	0.022187936568288418	0.12606017629247507	0.773001	1.0
6229	1363	0.03373963465629536	0.20397965283016564	0.613001	1.0
6233	851	0.0481881429536196	0.3140365257882824	0.48700099999999996	1.0
6236	1644	0.062309192032210935	0.43573765683419396	0.36300099999999996	1.0
6237	3972	0.04529007182682969	0.29080898521792276	0.49500099999999997	1.0
6238	0	0.13873048588920425	1.3603633492345515	0.053001	1.0
6239	0	0.017465045281020115	0.09668506095554494	0.8040010000000001	1.0
6241	0	0.013520274586890785	0.07322427076953913	0.853001	1.0
6243	1034	0.05729654706852977	0.3908980815382769	0.41400099999999995	1.0
6245	1500	0.008079426492968538	0.04243871274596964	0.900001	1.0
6246	0	0.04275246717300897	0.27095004765635655	0.5390010000000001	1.0
6249	1034	0.06907752219171416	0.49920041945728	0.29900099999999996	1.0
6250	292	0.08600293746343016	0.6729482080618804	0.196001	1.0
6254	0	0.007000876825085274	0.03654925228595717	0.9260010000000001	1.0
6256	1357	0.0019912014337657644	0.010102149578461976	0.981001	1.0
6258	887	0.18011907227209806	2.0668329961733596	0.007001	0.6394375839416058
6259	3170	0.012894794631843051	0.06959301489748884	0.862001	1.0
6260	3240	0.032181684450246675	0.19295855127988548	0.6700010000000001	1.0
6265	0	0.14993771760772384	1.5365945778411494	0.026001	0.9234426174698795
6269	2448	0.08876498985808173	0.7033872326111564	0.20200100000000001	1.0
6271	8	0.0	-0.0	1.0	1.0
6273	1757	0.004031707303766211	0.020695112818930914	0.957001	1.0
6274	0	0.04897357560394755	0.3204328695582789	0.460001	1.0
6276	1035	0.04102686173163688	0.25769950116782225	0.5510010000000001	1.0
6277	0	0.003268294894661492	0.016703301786796767	0.963001	1.0
6280	0	0.024610736147460434	0.1416817809151094	0.706001	1.0
6281	917	0.025002896769716457	0.14424591415593616	0.707001	1.0
6282	916	0.05442498161194857	0.3660284599407906	0.41700099999999996	1.0
6284	0	0.018444770224399748	0.10266263701293568	0.7970010000000001	1.0
6285	0	0.04247720525322847	0.26882264051494253	0.5370010000000001	1.0
6287	2568	0.13460336231510503	1.2982082024373205	0.045001	1.0
6288	0	0.018561040151847	0.1033760448408213	0.835001	1.0
6289	0	0.13971677296507767	1.3754342143838088	0.042001000000000004	1.0
6292	1068	0.06953344618087309	0.5035972234861525	0.325001	1.0
6294	349	0.018736941005777143	0.10445695657793955	0.8050010000000001	1.0
6296	0	0.025641316285322985	0.14844150673719775	0.712001	1.0
6298	592	0.02411737145968119	0.1384700437784708	0.735001	1.0
6299	0	0.0022481313588821987	0.011422504453350187	0.969001	1.0
6300	0	0.0016867761519785696	0.00854271620538746	0.984001	1.0
6302	2634	0.054440817216241166	0.3661639861176863	0.447001	1.0
6306	0	0.08559723605927519	0.6685271257199834	0.224001	1.0
6308	917	0.08901097240281523	0.7061268864035786	0.224001	1.0
6311	3135	0.09526910186865628	0.7774238098261148	0.167001	1.0
6314	1783	0.0863787040676158	0.6770544660152389	0.195001	1.0
6320	0	0.08493082008875444	0.6612926111880801	0.316001	1.0
6325	0	0.09353242853839698	0.7573293664112787	0.159001	1.0
6326	3883	0.06278904573350809	0.44012598928563756	0.36000099999999996	1.0
6329	0	0.07218586585260993	0.5294841008288842	0.29400099999999996	1.0
6330	1185	0.09612295999513841	0.787391023238689	0.180001	1.0
6331	0	0.013192559466022392	0.07131869570011191	0.858001	1.0
6332	1397	0.04673412298656876	0.3023095055823249	0.48700099999999996	1.0
6336	0	0.03669306491755977	0.2253186853340538	0.603001	1.0
6340	3986	0.036562081230066594	0.22435986315332984	0.609001	1.0
6341	2250	0.0046851813193510665	0.02413941986542335	0.943001	1.0
6343	0	0.026315383461660315	0.1529000757515769	0.703001	1.0
6345	0	0.03032962558832144	0.1800667790103763	0.653001	1.0
6346	0	0.05086568773276341	0.33601999777121233	0.445001	1.0
6351	0	0.010291035677949496	0.05473485206958304	0.895001	1.0
6353	1537	0.05664070640225348	0.3851658939467676	0.42400099999999996	1.0
6354	985	0.02973455651948472	0.17597279524640388	0.6610010000000001	1.0
6355	0	0.028012876704069607	0.16425914601450653	0.6820010000000001	1.0
6356	1448	0.019134603640996273	0.10690779699424266	0.772001	1.0
6357	0	0.008095250297774248	0.042525639982813335	0.905001	1.0
6359	0	0.052183145422161514	0.34702256791868474	0.459001	1.0
6360	3844	0.043408497818652254	0.2760413566750807	0.528001	1.0
6363	2924	0.15322950357194592	1.5904492418553315	0.024001	0.9234426174698795
6368	0	0.015420810285254372	0.08440640335941477	0.7980010000000001	1.0
6369	0	0.0	-0.0	1.0	1.0
6371	0	0.09358813563000346	0.7579702356319514	0.183001	1.0
6372	1689	0.04552116552896977	0.2926396726372526	0.503001	1.0
6374	2453	0.021757146167736816	0.12332200013619925	0.758001	1.0
6377	2912	0.05532325425682878	0.3737445144877962	0.41600099999999995	1.0
6378	3654	0.07593152789391952	0.5669402915068499	0.35800099999999996	1.0
6380	2079	0.004307348184871748	0.022144868808525123	0.961001	1.0
6384	3033	0.02813799787881762	0.16510386736392416	0.707001	1.0
6385	3518	0.03291091094119428	0.19809702935784754	0.620001	1.0
6387	2419	0.0	-0.0	1.0	1.0
6388	932	0.0005624557621771813	0.002830185728706414	0.998001	1.0
6389	2170	0.061329531561290576	0.4268307388129452	0.36900099999999997	1.0
6391	0	0.07421989138435492	0.549692922195741	0.29700099999999996	1.0
6393	0	0.11788806138374536	1.0612765748765305	0.08500100000000001	1.0
6395	0	0.01399258430816534	0.07598229147195441	0.843001	1.0
6404	8	0.055931294018120116	0.3790003072621045	0.41300099999999995	1.0
6406	0	0.034897818821036805	0.21227788320884924	0.605001	1.0
6411	0	0.0	-0.0	1.0	1.0
6413	887	0.0	-0.0	1.0	1.0
6414	0	0.05182411499736502	0.3440119795991611	0.48500099999999996	1.0
6415	0	0.03310234863829969	0.19945186179008118	0.635001	1.0
6416	0	0.03777166489953489	0.2332583308808491	0.600001	1.0
6418	0	0.09068879656917075	0.7249399749798991	0.191001	1.0
6421	1847	0.034136364094375614	0.20681204711041007	0.605001	1.0
6424	2043	0.012106710139279633	0.06505203703098048	0.851001	1.0
6426	3249	0.07328852669394638	0.5404008416251311	0.29200099999999996	1.0
6427	0	0.055826310773266476	0.3780909557557895	0.41500099999999995	1.0
6428	0	0.014333897570767754	0.07798395590131342	0.831001	1.0
6429	917	0.06876264782201415	0.49617288950444954	0.312001	1.0
6430	349	0.10067958142971556	0.8415616451126322	0.138001	1.0
6431	0	0.01085446048016079	0.05791484778471039	0.873001	1.0
6432	0	0.20532826527235706	2.574407569511705	0.002001	0.5477237250000001
6433	899	0.05481740650576519	0.36939224072938615	0.42300099999999996	1.0
6434	742	0.07300948429254603	0.5376295879844791	0.29400099999999996	1.0
6435	3340	0.0	-0.0	1.0	1.0
6436	0	0.06075061927835929	0.42160025161581977	0.379001	1.0
6439	760	0.025035573975502094	0.14446002241884479	0.727001	1.0
6441	2209	0.022620096765306533	0.12881899631307267	0.769001	1.0
6443	0	0.06533949594528328	0.4637335285279155	0.36000099999999996	1.0
6444	2912	0.012808693286592385	0.06909503679039017	0.846001	1.0
6446	1034	0.061291472342955164	0.42648612312225354	0.395001	1.0
6447	0	0.02708753855123504	0.15804377025862767	0.693001	1.0
6448	0	0.060212117739073256	0.416756769647103	0.389001	1.0
6451	0	0.04297690422972985	0.2726885120260009	0.518001	1.0
6452	0	0.09469238984783176	0.7707244349143467	0.150001	1.0
6454	2455	0.0	-0.0	1.0	1.0
6457	0	0.13861953529893062	1.3586732358097455	0.050001000000000004	1.0
6458	0	0.02549395963689314	0.1474707566312903	0.714001	1.0
6459	0	0.004534050720917646	0.02334059875500153	0.940001	1.0
6460	1604	0.05090254254090343	0.33632611475522517	0.47000099999999995	1.0
6461	1109	0.013655049421163724	0.07400987374615974	0.840001	1.0
6467	0	0.028371822386142255	0.16668521895928165	0.6700010000000001	1.0
6470	112	0.08953323493559286	0.7119593034701699	0.185001	1.0
6471	2716	0.12532320009300812	1.1637590073898971	0.069001	1.0
6472	1607	0.07060438472857361	0.5139859968702661	0.31100099999999997	1.0
6477	297	0.019927127821026114	0.11182205150690415	0.760001	1.0
6479	0	0.044346794426175506	0.2833749594902852	0.527001	1.0
6480	3792	0.0142066743661468	0.07723699996112131	0.825001	1.0
6481	0	0.04832668339231434	0.3151616145021047	0.49100099999999997	1.0
6482	1241	0.010686659481366455	0.05696574816845329	0.9110010000000001	1.0
6486	2262	0.036359262397399554	0.22287748143369313	0.602001	1.0
6487	0	0.10847411064017966	0.9380904821963665	0.100001	1.0
6489	1035	0.037559013615588395	0.23168675694946214	0.589001	1.0
6490	2934	0.09058984629181813	0.7238243515244988	0.201001	1.0
6493	1644	0.022549690670858116	0.12836872246071956	0.722001	1.0
6494	0	0.09324266499914975	0.753999797012317	0.182001	1.0
6500	1185	0.0031297544559667698	0.015982569213641194	0.970001	1.0
6501	3145	0.03582181484042743	0.21896275109902535	0.603001	1.0
6502	357	0.05068528497059614	0.3345229533525406	0.47600099999999995	1.0
6504	1757	0.0616188030185478	0.42945346308739485	0.396001	1.0
6505	0	0.013329746020323462	0.07211559225433713	0.839001	1.0
6507	1089	0.008247699736156041	0.043363885869264374	0.905001	1.0
6514	0	0.030629595835381676	0.18213939089842657	0.653001	1.0
6515	0	0.20243906739630568	2.5131548302912203	0.002001	0.5477237250000001
6518	3995	0.2066771453618301	2.6032819689574493	0.002001	0.5477237250000001
6519	2207	0.03648050710950002	0.22376331259007753	0.592001	1.0
6520	1608	0.22862688101532935	3.0983405112077524	1e-06	0.0005762631578947368
6522	0	0.0732148434745515	0.5396685026243052	0.29000099999999995	1.0
6524	612	0.03838016932643536	0.2377723581602404	0.579001	1.0
6525	1185	0.1457924009311074	1.4701329665562837	0.026001	0.9234426174698795
6526	0	0.06749360502914112	0.48404565119519266	0.313001	1.0
6529	0	0.08936056803125011	0.7100286708021742	0.200001	1.0
6530	114	0.03599150118451924	0.2201966313080827	0.601001	1.0
6534	1797	0.1311977954438869	1.2480189463793352	0.063001	1.0
6539	2406	0.012891023721895902	0.06957119580266918	0.855001	1.0
6540	0	0.1541748856390706	1.6060932097091178	0.032001	0.975985930362117
6541	0	0.04986396824490206	0.32773643779982486	0.467001	1.0
6546	1547	0.1570368997352692	1.6539372945261068	0.025001000000000002	0.9234426174698795
6551	0	0.004224989373762592	0.02171122512166751	0.948001	1.0
6553	3573	0.02441183053245528	0.14038504133381913	0.720001	1.0
6554	0	0.052292718314583694	0.34794319486619063	0.447001	1.0
6558	0	0.019179159086145856	0.10718301992792022	0.7830010000000001	1.0
6559	3787	0.03462179011778285	0.21029201554014407	0.618001	1.0
6563	3280	0.02456321978057143	0.14137177168136084	0.708001	1.0
6564	777	0.050988645330392095	0.3370416611190039	0.467001	1.0
6565	0	0.009437122792176685	0.04995213979770617	0.881001	1.0
6566	0	0.010808886931925459	0.05765690925499173	0.889001	1.0
6567	0	0.0	-0.0	1.0	1.0
6570	2263	0.07368170484521078	0.5443155522075352	0.391001	1.0
6572	0	0.0007575915419757327	0.0038163681965996035	0.997001	1.0
6576	20	0.013831671527052627	0.07504110356156933	0.829001	1.0
6577	1214	0.10238516257098873	0.8622651079978828	0.122001	1.0
6584	0	0.07240527446748149	0.5316490495438229	0.30600099999999997	1.0
6585	2001	0.050739987012437975	0.3349766467456687	0.456001	1.0
6588	2928	0.060517601403224694	0.41950181472084885	0.377001	1.0
6589	0	0.09204941031409315	0.7403582375780067	0.17100100000000001	1.0
6595	0	0.02894684478529242	0.17058934080875277	0.638001	1.0
6602	3164	0.07232542231292013	0.53086071430202	0.263001	1.0
6605	1306	0.09325902162891891	0.7541875688993503	0.189001	1.0
6606	1343	0.030137583250233024	0.1787430038608015	0.651001	1.0
6608	0	0.06646408295290179	0.4742950192231449	0.331001	1.0
6609	0	0.00805045894669602	0.04227962014095092	0.9100010000000001	1.0
6611	1928	0.06415177986685053	0.452680334659216	0.35500099999999996	1.0
6612	0	0.04965414399221865	0.32601029750145216	0.449001	1.0
6614	376	0.083187142277862	0.642525915537668	0.20300100000000001	1.0
6615	0	0.015778496508793455	0.0865359979109151	0.828001	1.0
6616	0	0.04600676077344479	0.29649858703675885	0.501001	1.0
6618	1446	0.011536640167668286	0.061791028560708214	0.874001	1.0
6623	0	0.11000774265258328	0.9576631535036594	0.10100100000000001	1.0
6624	20	0.1110855021210163	0.9715327414405186	0.118001	1.0
6625	0	0.026233228756424802	0.1523550890305993	0.706001	1.0
6626	0	0.024160095451439448	0.1387475497421357	0.725001	1.0
6630	0	0.009549214601666025	0.05057743482812264	0.890001	1.0
6631	1254	0.003722759582796751	0.019075513029585454	0.960001	1.0
6633	1254	0.0	-0.0	1.0	1.0
6634	2044	0.005923837572904867	0.030737620205561082	0.9190010000000001	1.0
6635	0	0.041802388982538546	0.26362928160030935	0.5500010000000001	1.0
6636	0	0.003483657916379633	0.01782593448440135	0.960001	1.0
6638	0	0.038620187618174956	0.2395597856821509	0.585001	1.0
6639	2685	0.1370948850061131	1.3355556961074537	0.059001	1.0
6641	0	0.08438498120894561	0.6553926610968784	0.239001	1.0
6643	1179	0.05962772291892021	0.41152434443864966	0.40800099999999995	1.0
6645	370	0.027110174115783817	0.15819514296707354	0.702001	1.0
6646	0	0.0757263994360903	0.564861626916573	0.277001	1.0
6653	0	0.023456155729547366	0.13419023718517092	0.738001	1.0
6654	118	0.20546680571105175	2.577365045031103	0.003001	0.5665163620689656
6656	1766	0.03354795701253894	0.20261496849274113	0.655001	1.0
6657	0	0.0021324422026449985	0.010827503177341007	0.976001	1.0
6658	2990	0.029182913681773073	0.17219842150372092	0.6600010000000001	1.0
6660	1111	0.009821664944671767	0.052100454925320366	0.891001	1.0
6661	917	0.0956155729529519	0.7814612524701294	0.154001	1.0
6662	0	0.11388483818428954	1.0080018389418197	0.113001	1.0
6667	1397	0.0018837643161470213	0.009551179015250306	0.982001	1.0
6669	1185	0.05129249126489832	0.3395709260815763	0.47400099999999995	1.0
6671	994	0.1254814834254524	1.1659910574515293	0.057001	1.0
6672	918	0.08586946152161094	0.6714922616232339	0.218001	1.0
6673	0	0.017037542609461682	0.0940956499288838	0.8110010000000001	1.0
6676	2892	0.05145375727758254	0.34091598667148604	0.443001	1.0
6677	4006	0.031696792914815246	0.1895613515251721	0.645001	1.0
6678	0	0.049581938649372624	0.32541701045458643	0.47500099999999995	1.0
6682	0	0.025386309732411717	0.14676247519510285	0.698001	1.0
6684	0	0.05514820265631597	0.3722363112572574	0.439001	1.0
6687	277	0.07532372563416942	0.5607903999147125	0.28500099999999995	1.0
6688	1361	0.0002795997944565979	0.001404606875195106	0.996001	1.0
6689	2584	0.0023199226188695427	0.011792128518828111	0.971001	1.0
6691	1621	0.047809045935009564	0.3109647539115732	0.49600099999999997	1.0
6694	2253	0.07282748994801991	0.5358253011704283	0.332001	1.0
6696	2260	0.026858685088585233	0.15651521651992542	0.689001	1.0
6698	2534	0.004792233684679846	0.024706078752339787	0.948001	1.0
6700	0	0.028358365952592023	0.16659411611926664	0.6870010000000001	1.0
6701	613	0.0	-0.0	1.0	1.0
6702	4008	0.06505077059104487	0.4610370258931278	0.336001	1.0
6704	0	0.027422190651816745	0.1602851254372322	0.6870010000000001	1.0
6708	2882	0.05522790963698698	0.3729227755750198	0.41900099999999996	1.0
6709	1543	0.0062806366398856575	0.03265520414820384	0.9290010000000001	1.0
6716	4009	0.0031591736335481457	0.01613552291077153	0.967001	1.0
6717	4010	0.015838350710823776	0.08689313697763112	0.818001	1.0
6718	0	0.012704486752293048	0.06849295528171113	0.848001	1.0
6720	2584	0.008899322789999407	0.046962653450344755	0.901001	1.0
6724	0	0.026201742332740967	0.152146335036428	0.6830010000000001	1.0
6725	0	0.11033990266913205	0.9619275670631425	0.105001	1.0
6726	3339	0.046428679382196844	0.2998648133591501	0.527001	1.0
6727	1110	0.049421310029504326	0.32409849611170954	0.49800099999999997	1.0
6728	0	0.07076890815439157	0.5155895632091952	0.28200099999999995	1.0
6732	0	0.028977155671498927	0.17079573934970066	0.698001	1.0
6734	0	0.06230606362837735	0.4357091023555716	0.379001	1.0
6737	1984	0.03213438040704271	0.19262644658957648	0.6640010000000001	1.0
6738	0	0.004137013091551145	0.021248446975349097	0.957001	1.0
6741	0	0.0	-0.0	1.0	1.0
6743	4012	0.0026112020239694132	0.013294907796167443	0.973001	1.0
6745	0	0.03317913382107906	0.19999596856722687	0.620001	1.0
6747	655	0.019635136790168095	0.11000685558820954	0.767001	1.0
6749	0	0.0	-0.0	1.0	1.0
6750	2329	0.15393731926782253	1.6021545583558963	0.025001000000000002	0.9234426174698795
6752	0	0.1077296372480066	0.9286583702524086	0.115001	1.0
6754	0	0.055884694052377386	0.37859656666071445	0.42900099999999997	1.0
6760	0	0.0631934513073503	0.44383742012632393	0.36100099999999996	1.0
6761	1604	0.08659575887653678	0.6794313652397306	0.20300100000000001	1.0
6763	1147	0.09908538121298754	0.8224209237235884	0.139001	1.0
6764	0	0.0685763937047229	0.4943855186557471	0.313001	1.0
6766	778	0.051891312547800994	0.3445747575284079	0.43100099999999997	1.0
6767	370	0.01638303660491582	0.09015345249074773	0.8100010000000001	1.0
6768	0	0.1799388406937517	2.0634198357368443	0.005001	0.6394375839416058
6769	0	0.03467841187834762	0.2106989597490951	0.618001	1.0
6771	0	0.004757158244771577	0.024520339529209706	0.945001	1.0
6773	954	0.010638636184021114	0.05669443949338245	0.877001	1.0
6774	1445	0.14517554051411372	1.4603715687095515	0.034001	0.9848596534391535
6775	0	0.0	-0.0	1.0	1.0
6776	0	0.026266111271325804	0.15257316789546238	0.711001	1.0
6778	0	0.061996846315881066	0.4328902520598234	0.37300099999999997	1.0
6779	0	0.0443625606241773	0.28349870666635846	0.529001	1.0
6782	0	0.00855640433187596	0.04506559599251756	0.9150010000000001	1.0
6784	4014	0.06811025803791838	0.48992358622495724	0.338001	1.0
6785	1283	0.07375767010252803	0.5450732477745462	0.280001	1.0
6786	1455	0.07841640721827098	0.5923742750924419	0.256001	1.0
6787	1547	0.03955703625757483	0.2465740580103221	0.582001	1.0
6788	2456	0.07753736910310881	0.5833232635488761	0.245001	1.0
6790	0	0.009561747957012088	0.0506473984922127	0.9250010000000001	1.0
6796	1874	0.0	-0.0	1.0	1.0
6797	1689	0.06184697075038405	0.431526486499657	0.37300099999999997	1.0
6798	1854	0.07046166712012761	0.512596603914528	0.318001	1.0
6799	1066	0.02261357797057683	0.12877729277984465	0.729001	1.0
6802	4021	0.10078061239919728	0.842781523714581	0.145001	1.0
6804	1060	0.018839016335931158	0.10508510555515659	0.773001	1.0
6808	0	0.1325630484942965	1.268020355126422	0.051001	1.0
6813	4022	0.03754571834479896	0.23158860163090123	0.593001	1.0
6814	0	0.1059418734698419	0.9061921656762753	0.123001	1.0
6815	0	0.08484457671541189	0.6603588776663778	0.221001	1.0
6816	0	0.20175266249550006	2.4987213511231627	0.001001	0.3653316333333333
6817	2813	0.015191588832141327	0.083045851305404	0.824001	1.0
6818	20	0.036526781888123576	0.22410166434779719	0.601001	1.0
6820	1985	0.0	-0.0	1.0	1.0
6822	2584	0.03638197865976348	0.22304337415970887	0.609001	1.0
6823	735	0.044434005211997356	0.2840596833794004	0.654001	1.0
6825	3572	0.05438443345278711	0.36568151749086136	0.445001	1.0
6827	526	0.16329792359057538	1.7611552982663377	0.018001	0.8644427587719298
6829	986	0.08161967210960422	0.625855658972169	0.254001	1.0
6830	1855	0.007683045299150206	0.040266132279391416	0.9170010000000001	1.0
6840	0	0.02375590686054136	0.1361269261534377	0.723001	1.0
6841	2093	0.031020508166944828	0.18484928641669776	0.651001	1.0
6844	20	0.18929535813977877	2.244619635567036	0.006001	0.6394375839416058
6847	0	0.11692687079979852	1.0483641856407728	0.086001	1.0
6848	529	0.0841469435460974	0.6528269317944284	0.226001	1.0
6851	1757	0.017910053084197318	0.09939269237167929	0.8030010000000001	1.0
6852	3351	0.0964852204553035	0.7916372120282931	0.177001	1.0
6862	0	0.012030883750960559	0.0646171337752636	0.869001	1.0
6864	425	0.05837234065094889	0.40036789448865134	0.375001	1.0
6865	874	0.055657248394392345	0.3766282211245583	0.41100099999999995	1.0
6870	3540	0.00827071966932183	0.043490583113375746	0.9210010000000001	1.0
6872	108	0.004597023647597082	0.023673286137935422	0.9350010000000001	1.0
6873	2543	0.0066061001751171015	0.03441101018092785	0.9080010000000001	1.0
6874	0	0.08514799575738287	0.6636464621439357	0.183001	1.0
6875	0	0.05794390875479409	0.3965865575846549	0.381001	1.0
6879	887	0.015186305578783905	0.08301453090505756	0.849001	1.0
6885	3193	0.008364064121559482	0.04400466036926786	0.9190010000000001	1.0
6886	1757	0.0	-0.0	1.0	1.0
6887	0	0.10223311533421346	0.8604099756800103	0.145001	1.0
6889	1254	0.023118620842545703	0.1320163474395413	0.719001	1.0
6893	1681	0.09241124776417475	0.7444830057283992	0.193001	1.0
6895	1038	0.01660593985085509	0.09149302496693479	0.7970010000000001	1.0
6896	0	0.08074010821274127	0.6165840311879429	0.222001	1.0
6902	0	0.004636017227039543	0.023879407893291942	0.943001	1.0
6904	655	0.13815882275902908	1.351666549894845	0.033001	0.9848596534391535
6908	0	0.06389695405275955	0.45032236993688307	0.36500099999999996	1.0
6910	1441	0.005245011976225424	0.0271102857362748	0.950001	1.0
6911	3736	0.05082418966441976	0.3356754287098245	0.446001	1.0
6913	2461	0.06766199489871026	0.48564794440477527	0.339001	1.0
6915	1791	0.0914429868311741	0.7334683881071432	0.193001	1.0
6917	3915	0.013335801876788804	0.07215079658647262	0.875001	1.0
6918	0	0.06119331177145176	0.4255977934946371	0.406001	1.0
6919	917	0.07107376396745153	0.5185662598655532	0.322001	1.0
6921	1458	0.09491699316248864	0.7733304102448583	0.189001	1.0
6923	4025	0.09169771172795807	0.736358912755178	0.175001	1.0
6925	3342	0.030472599220167457	0.1810538981903904	0.6860010000000001	1.0
6926	0	0.0024396111235953644	0.01240902762569023	0.969001	1.0
6929	0	0.01288787227076295	0.06955296166832099	0.839001	1.0
6931	921	0.026346052328331936	0.15310363526115572	0.728001	1.0
6933	1984	0.09752365263133812	0.8038668271005636	0.136001	1.0
6942	0	0.03953481468223426	0.2464069905442464	0.578001	1.0
6945	2717	0.008296970755884217	0.04363510299351877	0.9140010000000001	1.0
6946	1151	0.00691568680793302	0.03608704488507395	0.9180010000000001	1.0
6947	1455	0.048737205491736074	0.3185033799726504	0.47300099999999995	1.0
6950	1647	0.01481820292590677	0.08083660105669158	0.826001	1.0
6952	94	0.052923816002088876	0.35326225818014545	0.446001	1.0
6953	3214	0.007508891777253081	0.03931457860696067	0.903001	1.0
6954	2710	0.04535597736468558	0.29133069991558214	0.501001	1.0
6963	0	0.014691323409434116	0.08008785137253119	0.852001	1.0
6964	0	0.013804924986660675	0.07488481672755815	0.849001	1.0
6965	0	0.07270003579009096	0.5345632058256722	0.29300099999999996	1.0
6966	2345	0.059774265377400236	0.4128340951940694	0.400001	1.0
6967	0	0.08228924220905484	0.6329535116277585	0.229001	1.0
6968	0	0.08769335430730348	0.6915068562497708	0.204001	1.0
6969	5	0.04668382826070608	0.3019065116798329	0.624001	1.0
6971	3381	0.033689298248315	0.20362103571204407	0.647001	1.0
6972	1768	0.07564700081461648	0.5640578976398025	0.281001	1.0
6974	0	0.044592332677995894	0.28530411783079196	0.510001	1.0
6976	0	0.0010239397878072098	0.005166020064373419	0.983001	1.0
6977	0	0.06090599890081838	0.4230017145686126	0.36900099999999997	1.0
6979	735	0.06923495450841269	0.5007169036410553	0.30500099999999997	1.0
6981	0	0.15865492093497902	1.6813087282116368	0.017001000000000002	0.8422803122171947
6982	0	0.020442245712493683	0.11503753227270617	0.755001	1.0
6983	20	0.02655442372217443	0.154488286589451	0.698001	1.0
6984	742	0.012592834480635301	0.06784859533867282	0.855001	1.0
6986	4032	0.11293952758213352	0.9956146002090629	0.120001	1.0
6987	1561	0.10708546181834003	0.920533347642288	0.122001	1.0
6988	0	0.017574462243369903	0.09734965015204038	0.821001	1.0
6993	0	0.06539910618088395	0.46429101325244243	0.34700099999999995	1.0
6994	1604	0.01584398835254005	0.08692678726547833	0.825001	1.0
6996	0	0.05369773568342086	0.3598237527961835	0.444001	1.0
6997	4022	0.05290103678630683	0.35306977609689316	0.454001	1.0
6999	2776	0.0068613087481357235	0.03579223837845621	0.9190010000000001	1.0
7000	0	0.0034055715856436963	0.017418574547687967	0.965001	1.0
7001	0	0.1141785197219679	1.0118651763638988	0.041001	1.0
7002	1101	0.1117558375684266	0.9802071715814891	0.103001	1.0
7003	3135	0.022745027110756245	0.12961875609621545	0.754001	1.0
7004	0	0.006599562716002404	0.034375679651476074	0.9240010000000001	1.0
7005	0	0.01175676365769045	0.06304785536762678	0.853001	1.0
7007	0	0.08726284395819475	0.686759314534305	0.201001	1.0
7008	1283	0.03413384517730844	0.20679403042762542	0.622001	1.0
7009	0	0.05431659976851183	0.36510137440960744	0.42600099999999996	1.0
7011	297	0.04212290514366088	0.26609205467791036	0.5530010000000001	1.0
7014	4038	0.016493213567977054	0.09081519011300929	0.820001	1.0
7015	297	0.10045935557976308	0.8389054049557871	0.147001	1.0
7016	0	0.006053110187363098	0.03143150633361614	0.9290010000000001	1.0
7020	1357	0.0054993606550411064	0.02846619543750581	0.9280010000000001	1.0
7021	917	0.07497397150831611	0.5572641642349161	0.281001	1.0
7023	2806	0.08700051933864786	0.6838735445836089	0.244001	1.0
7025	3351	0.026747255626559968	0.15577219512042392	0.6770010000000001	1.0
7026	1631	0.04013763345520678	0.2509510806805693	0.5450010000000001	1.0
7027	0	0.02698327516248849	0.15734695257085143	0.712001	1.0
7028	1604	0.027641336436661116	0.161756833099063	0.6700010000000001	1.0
7029	19	0.02671877965322796	0.15558244466092816	0.707001	1.0
7030	874	0.060364874699010085	0.41812858022785154	0.379001	1.0
7032	0	0.033368317511279076	0.20133822037418156	0.632001	1.0
7036	0	0.06638228092983534	0.47352363191492897	0.340001	1.0
7037	2543	0.10324570888692562	0.8727997028371872	0.141001	1.0
7038	0	0.04660719953457977	0.30129285219293156	0.504001	1.0
7041	754	0.01700055967221857	0.09387218056719371	0.7890010000000001	1.0
7044	2455	0.057093630193286116	0.3891212359829281	0.42200099999999996	1.0
7048	0	0.02945369726649457	0.1740486358907538	0.6780010000000001	1.0
7054	0	0.04223906667531567	0.266986357884026	0.5550010000000001	1.0
7057	182	0.02756033234668189	0.16121247181083295	0.763001	1.0
7058	3896	0.006860261992234166	0.03578656520888745	0.9280010000000001	1.0
7059	0	0.13001052827296394	1.230754069495	0.050001000000000004	1.0
7061	3883	0.06348552630258236	0.44652538757840177	0.34400099999999995	1.0
7062	963	0.11139775434046918	0.9755688409100817	0.097001	1.0
7063	0	0.12074412300343344	1.100097007583973	0.069001	1.0
7064	0	0.10165987195428362	0.8534325216368198	0.135001	1.0
7068	4041	0.10869756874133299	0.9409303886087435	0.107001	1.0
7069	918	0.08882352237682345	0.704038715808239	0.206001	1.0
7073	499	0.08507307415394107	0.6628340145740124	0.220001	1.0
7074	2409	0.004853833953736394	0.02503245473584707	0.959001	1.0
7075	0	0.04651684147954804	0.30056977178661676	0.499001	1.0
7076	3135	0.021727466467374286	0.12313378790953182	0.752001	1.0
7080	0	0.06870238667616316	0.49559431666683806	0.30200099999999996	1.0
7085	0	0.02953808098824496	0.17462620058729575	0.6730010000000001	1.0
7087	0	0.017571596786365606	0.09733223602443114	0.772001	1.0
7088	0	0.01862786093863925	0.10378642898375433	0.7830010000000001	1.0
7090	2781	0.021671430450567387	0.1227785919729515	0.751001	1.0
7091	1185	0.032283700591467325	0.19367527640755222	0.637001	1.0
7092	444	0.019160124572926842	0.10706542669331788	0.7830010000000001	1.0
7094	1455	0.021379107297476926	0.12092889274796449	0.773001	1.0
7095	3192	0.06296151225514582	0.44170733591873934	0.35600099999999996	1.0
7096	985	0.25360057201345154	3.721051077403	1e-06	0.0005762631578947368
7098	0	0.0037997863958357143	0.01947878409287195	0.943001	1.0
7099	66	0.07502333143994973	0.5577612529634786	0.265001	1.0
7100	2857	0.022316345756649994	0.1268786641870166	0.754001	1.0
7103	1604	0.007771042161995839	0.04074762992837765	0.905001	1.0
7104	38	0.005749827111749574	0.029805171883396115	0.9300010000000001	1.0
7108	3577	0.01462105411642587	0.079673603512163	0.821001	1.0
7118	3654	0.021014065632919764	0.11862671649527534	0.762001	1.0
7119	3135	0.0	-0.0	1.0	1.0
7121	0	0.05285317736203047	0.3526654890313885	0.42400099999999996	1.0
7122	0	0.03397011556794199	0.20562385711836711	0.640001	1.0
7125	2313	0.1057293272833955	0.9035384088268202	0.133001	1.0
7129	916	0.15225846104254942	1.5744630933267012	0.032001	0.975985930362117
7131	1035	0.057003424715166964	0.3883323022023453	0.401001	1.0
7134	94	0.0	-0.0	1.0	1.0
7135	3568	0.03479930047302321	0.21156851362050919	0.595001	1.0
7136	3282	0.0391910630707514	0.2438268673605533	0.574001	1.0
7138	614	0.005746909288763133	0.029789551891319613	0.9360010000000001	1.0
7142	1110	0.025492700178359546	0.14746246569247218	0.711001	1.0
7146	1456	0.0577113326271385	0.39453939268809485	0.441001	1.0
7147	3416	0.022643102760608394	0.12896619733842035	0.756001	1.0
7148	532	0.01017138711725861	0.05406203864656056	0.885001	1.0
7149	3335	0.0006750808271797221	0.0033991032799753533	0.991001	1.0
7152	2457	0.10972360500589344	0.9540224232008336	0.093001	1.0
7155	0	0.05008488750520346	0.3295572066462897	0.439001	1.0
7158	0	0.057816703442901726	0.39546639645109516	0.389001	1.0
7163	1040	0.0	-0.0	1.0	1.0
7167	2319	0.002294730558077964	0.01166239042904701	0.980001	1.0
7170	2792	0.09458403819664565	0.7694687040973448	0.172001	1.0
7171	2806	0.08862479007508106	0.701827857259459	0.179001	1.0
7172	1343	0.07145353492691418	0.5222841725285277	0.29800099999999996	1.0
7173	1185	0.08950459560242019	0.711638918568138	0.190001	1.0
7174	3196	0.04516649012414227	0.28983151407951274	0.510001	1.0
7175	754	0.08797918950577992	0.694666932674353	0.211001	1.0
7177	0	0.03566105284917089	0.21779555363234285	0.644001	1.0
7178	0	0.03509593809499022	0.21370639033169256	0.624001	1.0
7179	1756	0.12129971082841692	1.107727674334437	0.07000100000000001	1.0
7183	0	0.030127507581964256	0.17867361806215923	0.6570010000000001	1.0
7187	0	0.05604212636907589	0.3799611814376808	0.41200099999999995	1.0
7192	0	0.14990313198704383	1.536033822791452	0.036001	0.9905231026894865
7194	1506	0.060330506692124496	0.4178197957356956	0.393001	1.0
7198	1944	0.08660666606219528	0.6795509029452556	0.206001	1.0
7199	2448	0.020588368648566942	0.11595273381028412	0.765001	1.0
7200	3863	0.10505817709882713	0.8951827284491973	0.106001	1.0
7201	821	0.03291601095999203	0.19813309124906955	0.639001	1.0
7205	3509	0.10045501538314444	0.8388530949767307	0.137001	1.0
7206	0	0.015053048393446617	0.08222512410274016	0.859001	1.0
7207	2044	0.08993950093920457	0.7165110629328719	0.214001	1.0
7208	0	0.0005806103839841627	0.0029218426930807738	0.998001	1.0
7209	3261	0.010176061967958477	0.05408831013783654	0.897001	1.0
7210	0	0.04255061499976554	0.26938948934671825	0.5560010000000001	1.0
7211	0	0.03727871377567598	0.22961991513907642	0.593001	1.0
7213	0	0.007240617990334939	0.037852328436715384	0.897001	1.0
7216	1241	0.055140579668302006	0.3721706832653781	0.41000099999999995	1.0
7220	614	0.034403219237578865	0.20872314937667757	0.592001	1.0
7228	0	0.08281272582421217	0.6385267640065064	0.226001	1.0
7229	1089	0.06602451155110939	0.4701557002255343	0.34400099999999995	1.0
7230	0	0.025699251377868007	0.14882355501680536	0.700001	1.0
7234	0	0.02927640786309984	0.1728367047449688	0.6710010000000001	1.0
7237	2195	0.07443651825213211	0.5518635434144752	0.280001	1.0
7239	0	0.06855576757931257	0.4941877404751262	0.30300099999999996	1.0
7240	1756	0.05224185143169909	0.3475157073850558	0.458001	1.0
7242	349	0.007840243723439298	0.0411266114097137	0.9210010000000001	1.0
7247	1554	0.07233337894679381	0.53093924419397	0.316001	1.0
7255	1975	0.013976211347228706	0.07588645191478428	0.813001	1.0
7258	1856	0.0	-0.0	1.0	1.0
7260	742	0.041632661286292824	0.2623279924099128	0.5370010000000001	1.0
7264	0	0.05485947151112973	0.3697534664056983	0.445001	1.0
7266	0	0.08755503833798721	0.6899799757764131	0.184001	1.0
7268	3933	0.028756011564512674	0.16929126983969953	0.6780010000000001	1.0
7269	0	0.05429147900738824	0.36488661418361235	0.42800099999999996	1.0
7272	1147	0.022676550897256228	0.12918027167061794	0.740001	1.0
7273	0	0.011758290060491706	0.06305658094425336	0.855001	1.0
7274	1065	0.02582451039313129	0.1496503101958864	0.710001	1.0
7275	2253	0.0014005178893501165	0.007081283247351962	0.989001	1.0
7276	2249	0.10581801671483032	0.9046453007291532	0.120001	1.0
7281	2544	0.007375382205946222	0.038586332614127035	0.9180010000000001	1.0
7282	3831	0.009018974039750821	0.047626248434074515	0.892001	1.0
7290	0	0.08472684680632239	0.6590851766512993	0.228001	1.0
7292	2861	0.025220625370752668	0.14567382444220725	0.732001	1.0
7294	3135	0.010771539458019196	0.05744562336433019	0.868001	1.0
7301	0	0.05479778133789069	0.36922375643737154	0.41600099999999995	1.0
7303	0	0.014608958799464226	0.0796023307361598	0.828001	1.0
7304	1604	0.08610540156582716	0.6740668168979046	0.209001	1.0
7308	0	0.05453542218130112	0.36697401911819133	0.448001	1.0
7311	1149	0.06358199499899592	0.4474145631332455	0.35600099999999996	1.0
7312	2831	0.0007200798607657349	0.003626618817672929	0.989001	1.0
7313	1202	0.06287580453422922	0.4409212091597565	0.34600099999999995	1.0
7314	3241	0.022715873087828558	0.12943203281913798	0.743001	1.0
7315	1729	0.009944684581212749	0.052789621838643754	0.882001	1.0
7316	821	0.06451084742229776	0.4560109688306493	0.338001	1.0
7318	1299	0.14316477646525538	1.4287831036809915	0.034001	0.9848596534391535
7324	1756	0.012752017652580935	0.06876749506666205	0.843001	1.0
7325	1727	0.03691595420739226	0.22695293613496878	0.588001	1.0
7326	0	0.08402855444394014	0.6515524841652328	0.210001	1.0
7327	0	0.047734206060091024	0.3103595268716929	0.49000099999999996	1.0
7328	918	0.08723135749485503	0.6864126569416311	0.206001	1.0
7330	1446	0.04994690366641681	0.32841957012850714	0.47300099999999995	1.0
7331	0	0.07110021259665689	0.5188248392224701	0.29100099999999995	1.0
7333	20	0.01518529153947342	0.08300851963397333	0.836001	1.0
7334	1397	0.06661288033544802	0.47569943598197795	0.30700099999999997	1.0
7343	0	0.0018425878346395863	0.00934019229515225	0.976001	1.0
7344	0	0.0	-0.0	1.0	1.0
7345	1900	0.005403077109093542	0.027952463969244962	0.950001	1.0
7347	1364	0.11146946555347213	0.9764968907596663	0.106001	1.0
7348	0	0.0	-0.0	1.0	1.0
7349	2819	0.003937190335240271	0.020199027084963114	0.979001	1.0
7352	4010	0.06134444679548236	0.42696582092351154	0.36000099999999996	1.0
7353	4057	0.030762274682892707	0.18305801826943105	0.6590010000000001	1.0
7354	2170	0.01613847194665069	0.0886872752811379	0.8090010000000001	1.0
7359	3131	0.1340649984661111	1.2902081644314085	0.050001000000000004	1.0
7362	0	0.007036617685362522	0.03674329761061384	0.905001	1.0
7364	0	0.014759594555120567	0.0804906133286092	0.829001	1.0
7365	0	0.07258452602280362	0.533420441867178	0.322001	1.0
7367	1898	0.04487576701028258	0.2875362190760293	0.5370010000000001	1.0
7368	754	0.022495668486548798	0.12802344544391012	0.723001	1.0
7369	0	0.1186781658193853	1.0719480314071061	0.008001	0.6394375839416058
7370	1604	0.06275881872870193	0.43984906187714734	0.35200099999999995	1.0
7371	0	0.09205256476143082	0.7403941522281337	0.184001	1.0
7372	1561	0.004863051142393701	0.025081309420745553	0.944001	1.0
7375	2814	0.06359354947549689	0.44752110932858613	0.36500099999999996	1.0
7377	0	0.019918336708697984	0.11176732160897386	0.773001	1.0
7378	3209	0.13909294018662963	1.3658920315777057	0.045001	1.0
7379	2709	0.007435843182304972	0.038915992537888765	0.9130010000000001	1.0
7380	297	0.10039396162944152	0.838117407835347	0.141001	1.0
7383	0	0.0805879230149821	0.6149858392860913	0.256001	1.0
7384	0	0.014454590105500861	0.07869349576965214	0.822001	1.0
7386	351	0.07598439278991206	0.5674765129787815	0.29700099999999996	1.0
7388	1120	0.01915765994690792	0.10705020216660446	0.8000010000000001	1.0
7391	0	0.06988333799703061	0.5069819839557352	0.327001	1.0
7392	1147	0.02552796501730001	0.1476946508669312	0.708001	1.0
7394	1093	0.025041814023334975	0.14450091644965898	0.701001	1.0
7395	0	0.017896905762288896	0.09931251955898732	0.777001	1.0
7397	2554	0.03838199881110159	0.23778596761059465	0.5620010000000001	1.0
7400	1254	0.00952276597246067	0.05042982462457608	0.889001	1.0
7402	4061	0.09115114166790682	0.7301628983893057	0.164001	1.0
7404	742	0.05100136164356313	0.33714738287735585	0.47000099999999995	1.0
7408	0	0.009561747957012088	0.0506473984922127	0.9250010000000001	1.0
7414	429	0.02245743192122458	0.12777917358108676	0.759001	1.0
7417	604	0.004382423514303482	0.02254051249591618	0.944001	1.0
7418	1040	0.10970765448527078	0.9538182403825758	0.106001	1.0
7419	3951	0.016726868784585402	0.09222106714276411	0.8030010000000001	1.0
7422	0	0.0021624943875380234	0.010981989311560523	0.982001	1.0
7424	1045	0.045831688514099175	0.2951054356069405	0.513001	1.0
7426	1323	0.02466649538032567	0.14204575486303891	0.723001	1.0
7427	0	0.0	-0.0	1.0	1.0
7428	1362	0.06764905676680091	0.4855247586530766	0.321001	1.0
7431	754	0.1067792171097979	0.916682483257844	0.120001	1.0
7432	917	0.04616521501084487	0.29776133994821796	0.527001	1.0
7433	0	0.018438576377656814	0.1026246567876826	0.7870010000000001	1.0
7434	4058	0.026661084748851913	0.15519815498753922	0.6850010000000001	1.0
7436	0	0.06190994367706346	0.4320992974935587	0.35500099999999996	1.0
7437	0	0.00022922145311306177	0.0011511898265057893	0.998001	1.0
7438	1689	0.05790134102141614	0.39621157905368076	0.380001	1.0
7440	2335	0.027150147608561673	0.15846254271568908	0.709001	1.0
7444	10	0.03689835665853464	0.22682378672672626	0.602001	1.0
7447	0	0.02273322653126774	0.12954317015077482	0.736001	1.0
7453	2744	0.15383908150220266	1.600527321980027	0.023001	0.9234426174698795
7457	4062	0.06550259607776224	0.46525948973542286	0.324001	1.0
7459	529	0.07818340738955712	0.5899694655961017	0.253001	1.0
7460	0	0.04613648500240437	0.29753225502146285	0.48300099999999996	1.0
7461	0	0.04832276594261509	0.3151297823422564	0.48000099999999996	1.0
7462	913	0.11202310362595358	0.9836759765272788	0.105001	1.0
7464	2722	0.05785063596278557	0.39576508964018764	0.400001	1.0
7465	0	0.004467299418637494	0.022988206614212938	0.951001	1.0
7466	0	0.050393803464422224	0.33210899910820263	0.48700099999999996	1.0
7467	0	0.06505229271836617	0.4610512254525499	0.35800099999999996	1.0
7468	1919	0.08949200102898111	0.7114980448338213	0.20300100000000001	1.0
7469	0	0.04999042811518438	0.32877827153399103	0.452001	1.0
7471	0	0.1389346492157194	1.3634761513658828	0.037001	0.9905231026894865
7473	2709	0.056519529959524514	0.3841101737915074	0.41100099999999995	1.0
7475	0	0.05622453996112246	0.38154455819478045	0.43300099999999997	1.0
7477	0	0.07961153309915832	0.6047743197686855	0.232001	1.0
7479	0	0.057627893533016825	0.39380590239212243	0.405001	1.0
7481	0	0.03530234080826927	0.21519742852357468	0.598001	1.0
7482	1241	0.002686586689156511	0.013684645872236315	0.970001	1.0
7486	0	0.009693373300992054	0.051382732731784196	0.884001	1.0
7489	2829	0.0	-0.0	1.0	1.0
7494	2094	0.011967250597559775	0.06425243713938632	0.863001	1.0
7497	2783	0.18238868665825198	2.110072740549009	0.005001	0.6394375839416058
7498	0	0.00971329157519684	0.05149409915624298	0.874001	1.0
7499	1034	0.11577118816347026	1.032940322665501	0.102001	1.0
7500	1343	0.07804439808148042	0.5885367082413845	0.260001	1.0
7501	0	0.040005278133004044	0.24995125077084426	0.5500010000000001	1.0
7504	3883	0.06210944243176676	0.43391587890734074	0.34700099999999995	1.0
7507	1604	0.04616137307496563	0.2977307021108065	0.520001	1.0
7512	0	0.05798660679262329	0.396962815382875	0.42200099999999996	1.0
7513	616	0.014838940442736648	0.08095907366456714	0.813001	1.0
7514	0	0.057370855122011455	0.39154950358764457	0.42600099999999996	1.0
7519	0	0.07368170484521078	0.5443155522075352	0.391001	1.0
7521	503	0.024618313254607366	0.1417312294380118	0.747001	1.0
7522	0	0.1580090638424624	1.6703549665243496	0.019001	0.8704684058577405
7524	0	0.07952850910342935	0.6039093800293696	0.248001	1.0
7526	0	0.06651727904841767	0.4747969199993054	0.334001	1.0
7528	0	0.0561504398029645	0.3809010697213294	0.395001	1.0
7529	0	0.015803098871956203	0.08668276866930191	0.8120010000000001	1.0
7532	2448	0.0816180864409671	0.6258388907822657	0.231001	1.0
7534	20	0.17048580116195827	1.8886077172427471	0.013000999999999999	0.729989482051282
7544	0	0.0714075204788524	0.521833121867962	0.30700099999999997	1.0
7546	3281	0.07368170484521078	0.5443155522075352	0.391001	1.0
7549	0	0.01263740692602439	0.06810573683848717	0.863001	1.0
7550	4065	0.034935965921454544	0.21255273183305604	0.635001	1.0
7551	0	0.0	-0.0	1.0	1.0
7554	0	0.12863166697988526	1.2108533115072364	0.053001	1.0
7555	1096	0.01708455500812449	0.09437984605906717	0.820001	1.0
7558	0	0.04689398215759193	0.30359157369123835	0.505001	1.0
7560	0	0.046251613981212455	0.29845060745070484	0.503001	1.0
7563	2079	0.14832895041775415	1.5106222068285053	0.033001	0.9848596534391535
7565	0	0.03962722632016247	0.2471019860350118	0.5600010000000001	1.0
7566	0	0.09755311163586329	0.8042150164874418	0.149001	1.0
7567	4067	0.09054790348418679	0.7233516952774601	0.189001	1.0
7568	4027	0.028372097715354472	0.16668708311897223	0.700001	1.0
7570	2598	0.013882407913009837	0.07533769068715684	0.841001	1.0
7572	917	0.07590747021699182	0.5666963387071577	0.268001	1.0
7578	2345	0.057432568590157294	0.39209081763294423	0.402001	1.0
7581	0	0.07152401142850145	0.5229753166215941	0.29500099999999996	1.0
7583	0	0.05992503702812844	0.4141832716222266	0.37100099999999997	1.0
7586	2941	0.12638508905153512	1.178773766144447	0.061001	1.0
7587	2599	0.04349791937453702	0.2767376388273643	0.5500010000000001	1.0
7590	444	0.03764773448601965	0.23234206532898283	0.5500010000000001	1.0
7592	1609	0.140820058640501	1.3923925415872536	0.042001000000000004	1.0
7599	3124	0.03060988020032853	0.1820029852679735	0.641001	1.0
7601	1610	0.08915220018419726	0.707701959103263	0.190001	1.0
7602	94	0.11397218108000057	1.0091500799625297	0.087001	1.0
7603	4069	0.038636409434886394	0.2396807316082087	0.571001	1.0
7605	1854	0.05556111817486316	0.3757974127947028	0.41200099999999995	1.0
7606	0	0.0575723684873856	0.39331807515580713	0.385001	1.0
7607	282	0.068057147223439	0.4894162239815817	0.449001	1.0
7610	1445	0.017394259589476407	0.09625551527405422	0.8000010000000001	1.0
7612	0	0.04284929822973907	0.2716996641449163	0.5460010000000001	1.0
7613	0	0.1164283427706766	1.0416972275920968	0.028001	0.9234426174698795
7614	0	0.07365304228122917	0.5440297778649947	0.266001	1.0
7618	529	0.05621593164671102	0.38146978302971307	0.41600099999999995	1.0
7620	0	0.02032902498853136	0.1143293381914096	0.772001	1.0
7623	4041	0.08962819611606951	0.7130220820314703	0.177001	1.0
7624	0	0.012244430025379456	0.06584283357968858	0.844001	1.0
7625	0	0.11867816581938535	1.0719480314071068	0.001001	0.3653316333333333
7629	1343	0.057276380483599426	0.390721359685979	0.41400099999999995	1.0
7631	3899	0.043247287126352965	0.27478748302176775	0.514001	1.0
7632	0	0.039754432300854764	0.248059610683212	0.5620010000000001	1.0
7633	300	0.007691513264623397	0.04031244669676978	0.9110010000000001	1.0
7638	0	0.1418931173111182	1.408987423296209	0.037001	0.9905231026894865
7639	2314	0.038584771635009285	0.23929579489084307	0.564001	1.0
7642	1068	0.007311924908303362	0.038240571510178414	0.9320010000000001	1.0
7643	349	0.08595300708326298	0.6724034091593936	0.226001	1.0
7646	3257	0.036832864814788056	0.22634332230035256	0.580001	1.0
7647	918	0.07537975775605074	0.5613561773323059	0.274001	1.0
7652	2792	0.11548982861297435	1.0292019810686965	0.094001	1.0
7653	3915	0.01845106751706771	0.10270125404097101	0.7870010000000001	1.0
7658	0	0.08449833247696856	0.6566159755104137	0.217001	1.0
7663	3135	0.10703634293553013	0.9199151912366172	0.139001	1.0
7665	3540	0.10680586202388348	0.9170172265833713	0.11700100000000001	1.0
7666	4074	0.05355847414083988	0.35863990819983665	0.446001	1.0
7667	1835	0.02926118988639271	0.17273277268975923	0.6770010000000001	1.0
7668	1201	0.13745730435582038	1.3410327427709547	0.044001	1.0
7672	0	0.028985178691999736	0.17085038130271193	0.6580010000000001	1.0
7678	2921	0.07503931908462042	0.5579222990882472	0.270001	1.0
7680	735	0.033871071299565	0.20491685991832503	0.638001	1.0
7682	1829	0.1617270702980658	1.733924184358309	0.016001	0.8148602279069768
7685	0	0.06765446186102513	0.4855762197970064	0.317001	1.0
7687	0	0.03304189462868743	0.19902375592829555	0.644001	1.0
7689	916	0.11724803272586354	1.0526700748860862	0.093001	1.0
7696	0	0.0462838416508342	0.2987078442937471	0.505001	1.0
7697	923	0.0032317008447108816	0.016512817806087852	0.959001	1.0
7700	0	0.018803715906472417	0.10486780011198411	0.7900010000000001	1.0
7701	2584	0.042758563362649285	0.27099722216843797	0.5560010000000001	1.0
7702	1323	0.053432114148705856	0.3575669343305824	0.456001	1.0
7703	3736	0.052804058479220525	0.3522507322570613	0.43600099999999997	1.0
7704	19	0.007386724299495048	0.038648157985232315	0.9200010000000001	1.0
7705	1111	0.042708374865045376	0.2706089217646495	0.5530010000000001	1.0
7706	921	0.008133572966008532	0.04273622604952062	0.895001	1.0
7709	0	0.02848073023041413	0.16742298453828647	0.6830010000000001	1.0
7712	4078	0.02364507450958562	0.13541016545325416	0.737001	1.0
7713	1689	0.006013914497883809	0.031221013497204762	0.9130010000000001	1.0
7714	4079	0.02447508999702228	0.14079717609914766	0.763001	1.0
7717	0	0.07705643941827389	0.5783962389136971	0.337001	1.0
7718	0	0.0691203494862806	0.4996127754640064	0.316001	1.0
7720	2344	0.006170087356048806	0.03206025463207239	0.9290010000000001	1.0
7722	1306	0.07391412248769792	0.5466351103126306	0.30900099999999997	1.0
7727	1343	0.10267054710392698	0.8657521110012605	0.141001	1.0
7728	0	0.060182261474407805	0.41648884810371967	0.393001	1.0
7729	0	0.035203125472324875	0.21448034679592573	0.621001	1.0
7730	0	0.043368140525168346	0.2757272949925952	0.5480010000000001	1.0
7732	0	0.0703069702721477	0.5110923078139287	0.406001	1.0
7735	0	0.03184551669050084	0.19060166504882634	0.639001	1.0
7737	2234	0.008794876032946146	0.04638409148188487	0.880001	1.0
7738	8	0.026224410124269612	0.15229661527788754	0.696001	1.0
7746	879	0.0	-0.0	1.0	1.0
7749	297	0.03879138315172327	0.24083708025498524	0.574001	1.0
7751	1857	0.19189739947017206	2.296474313516001	0.002001	0.5477237250000001
7752	3107	0.10406980097638685	0.88294394253604	0.149001	1.0
7753	0	0.09366540703696061	0.7588595918089902	0.174001	1.0
7755	38	0.0712297435513818	0.520091975507075	0.31100099999999997	1.0
7758	0	0.05820150176639205	0.3988584821514561	0.41300099999999995	1.0
7759	3282	0.0540247459670052	0.3626090632100312	0.43200099999999997	1.0
7760	0	0.0784297199101482	0.5925118012965719	0.231001	1.0
7761	1545	0.06074488715419934	0.4215485837193863	0.377001	1.0
7763	2823	0.011987548969474085	0.06436874493248576	0.848001	1.0
7765	0	0.11303141776541051	0.9968154946560246	0.093001	1.0
7766	1343	0.03632371652148686	0.22261796624789598	0.580001	1.0
7767	1283	0.045815718148824895	0.2949784563825128	0.49800099999999997	1.0
7769	3708	0.006734259697183143	0.03510414192015186	0.9110010000000001	1.0
7775	2144	0.01393911520316711	0.07566937001147446	0.858001	1.0
7779	0	0.053433297406832274	0.35757697657672866	0.5530010000000001	1.0
7782	1163	0.06195402472573907	0.43250043742698374	0.37100099999999997	1.0
7786	499	0.005286634365044451	0.027331907626314638	0.9340010000000001	1.0
7787	3147	0.05172243956685669	0.34316105903444255	0.47900099999999995	1.0
7789	2094	0.04377500025192643	0.2788986423887856	0.5460010000000001	1.0
7790	529	0.037216999667532474	0.22916556950531755	0.575001	1.0
7791	224	0.10404890729385877	0.8826860731629877	0.128001	1.0
7792	0	0.010097244387126517	0.05364555275904592	0.876001	1.0
7793	1604	0.0	-0.0	1.0	1.0
7795	3249	0.20365595291934713	2.53885499082628	0.002001	0.5477237250000001
7798	2600	0.09892291106215464	0.8204816351499222	0.142001	1.0
7799	2758	0.052280074345769596	0.3478369172463788	0.465001	1.0
7801	4088	0.05104031086742247	0.3374712727916886	0.451001	1.0
7803	0	0.01743588434557852	0.09650806683653068	0.8030010000000001	1.0
7804	3617	0.15862060377205559	1.6807257693828208	0.003001	0.5665163620689656
7805	1684	0.08355373857677736	0.646452004671579	0.227001	1.0
7810	1769	0.12018201994616223	1.0924030660855961	0.086001	1.0
7812	0	0.08145879202619558	0.6241553615280191	0.226001	1.0
7814	2634	0.04330361306219444	0.275225374064823	0.5480010000000001	1.0
7815	0	0.028577392697523775	0.16807844893875065	0.6690010000000001	1.0
7817	1343	0.09668850984832361	0.7940246055483445	0.172001	1.0
7820	0	0.16463920222085993	1.7845828237724843	0.007001	0.6394375839416058
7823	3831	0.020003979888982025	0.11230071007856413	0.765001	1.0
7825	3107	0.14689316768946348	1.487634528840089	0.034001	0.9848596534391535
7827	1609	0.0270343911733222	0.1576884847397976	0.6860010000000001	1.0
7828	0	0.07405616177498844	0.5480546839862636	0.262001	1.0
7830	0	0.09240352109307885	0.7443948178783131	0.172001	1.0
7831	3634	0.022475874428686142	0.12789698066729335	0.761001	1.0
7833	1835	0.06724314652147051	0.48166633040537654	0.36500099999999996	1.0
7834	2745	0.017313776461237523	0.09576750518551853	0.7880010000000001	1.0
7835	1068	0.04863902910864419	0.3177031199358264	0.449001	1.0
7836	606	0.0040025592197434345	0.020542068671291328	0.957001	1.0
7837	1647	0.06869036846192787	0.49547896096809846	0.28600099999999995	1.0
7838	1984	0.035456797941869456	0.21631508912076813	0.635001	1.0
7841	3923	0.07534953078931425	0.5610509347901822	0.275001	1.0
7845	0	0.11066414102195778	0.966098976038516	0.116001	1.0
7846	767	0.09937237538021898	0.8258517151341301	0.146001	1.0
7848	0	0.10101418522912135	0.8456048844302199	0.133001	1.0
7851	0	0.07038987798371309	0.5118982930505226	0.30800099999999997	1.0
7853	0	0.19644026640082482	2.388547649469181	0.005001	0.6394375839416058
7854	0	0.0031448679583698513	0.016061139694768734	0.960001	1.0
7855	2733	0.043287589799427754	0.27510078316220526	0.514001	1.0
7865	3135	0.004812722931360747	0.024814611703596893	0.949001	1.0
7866	2419	0.0024445986450074967	0.012434752561455868	0.970001	1.0
7870	3677	0.14528745456961836	1.4621400641185944	0.030001	0.9576704052478133
7872	94	0.03472513620717423	0.21103493244693294	0.650001	1.0
7875	918	0.023912470313654934	0.1371407816032666	0.715001	1.0
7876	0	0.042043335773136604	0.2654800025792675	0.570001	1.0
7879	0	0.0	-0.0	1.0	1.0
7881	19	0.06340492095643271	0.44578295160849934	0.378001	1.0
7883	0	0.19328154439858547	2.3243196537673794	0.004001	0.6394375839416058
7884	888	0.08009661130302541	0.6098383691765648	0.225001	1.0
7886	0	0.04561833500083832	0.2934105428148254	0.49500099999999997	1.0
7889	0	0.07709785497336062	0.5788198413815855	0.271001	1.0
7891	38	0.027980130782196314	0.1640382401539628	0.698001	1.0
7892	0	0.0398492680027319	0.24877426595813523	0.597001	1.0
7893	0	0.10037380729284831	0.8378746170956843	0.149001	1.0
7894	4096	0.01962866124597271	0.10996666087411576	0.760001	1.0
7895	0	0.10830587713738707	0.9359551023269074	0.124001	1.0
7898	1987	0.02397387757287491	0.137538866927272	0.741001	1.0
7901	3242	0.07229074228059021	0.5305184869392156	0.326001	1.0
7902	1259	0.011367169966888673	0.060825434537103165	0.874001	1.0
7906	0	0.01873696460419222	0.1044571017213369	0.816001	1.0
7907	0	0.10457032312676431	0.8891319078645838	0.139001	1.0
7908	1066	0.001969790665660793	0.009992294709200827	0.981001	1.0
7910	0	0.0	-0.0	1.0	1.0
7911	985	0.07418588600394807	0.5493525064632064	0.28700099999999995	1.0
7912	1457	0.00910240373989558	0.04808946847900087	0.894001	1.0
7913	0	0.12752360796685852	1.1949776977301263	0.058001000000000004	1.0
7915	2709	0.06918205874779333	0.5002071736123684	0.386001	1.0
7916	4101	0.05178132521301888	0.34365378303008715	0.47400099999999995	1.0
7917	0	0.06607442914418482	0.47062504183863907	0.335001	1.0
7919	529	0.004080153348590767	0.0209495933994068	0.953001	1.0
7921	0	0.005749435649106929	0.02980307623558689	0.9310010000000001	1.0
7922	4012	0.10403893120614482	0.8825629609296485	0.129001	1.0
7925	2572	0.09341192512375161	0.7559439004768821	0.191001	1.0
7932	0	0.00024559441404969906	0.0012335342219112768	0.998001	1.0
7937	752	0.1260903746357561	1.1745970753527253	0.055001	1.0
7941	2043	0.15552453083583762	1.628564323211734	0.024001	0.9234426174698795
7942	0	0.0	-0.0	1.0	1.0
7943	370	0.04556085507051071	0.29295446053238255	0.48800099999999996	1.0
7944	182	0.16679513143722488	1.822580517921941	0.011000999999999999	0.7212571796407184
7945	1408	0.02628348122065113	0.15268839485782396	0.703001	1.0
7946	0	0.034496536649738146	0.20939257474692852	0.619001	1.0
7949	742	0.027213120535241053	0.15888400704903877	0.6860010000000001	1.0
7950	0	0.11582633148443988	1.0336737622041763	0.087001	1.0
7952	2857	0.03297686515363625	0.19856352096778102	0.596001	1.0
7953	930	0.013521813536748431	0.07323323498263185	0.839001	1.0
7954	1185	0.04577556840041182	0.29465930705469373	0.526001	1.0
7959	2326	0.052432518211811996	0.34911902580586457	0.437001	1.0
7960	4025	0.025119147798119117	0.14500793105228255	0.721001	1.0
7961	2448	0.1616037326887506	1.7317955039303676	0.017001000000000002	0.8422803122171947
7962	3342	0.05850184888517371	0.40151354396937905	0.397001	1.0
7968	0	0.10220113897080367	0.8600200677279435	0.124001	1.0
7969	0	0.010389527451798324	0.05528934940238593	0.885001	1.0
7970	0	0.03887271025988872	0.24144456263740852	0.5620010000000001	1.0
7971	1604	0.022551731671320276	0.1283817709646714	0.743001	1.0
7977	1007	0.043227137328215474	0.2746308869662954	0.5330010000000001	1.0
7978	1545	0.08300954794311788	0.640627680016613	0.227001	1.0
7979	0	0.01736041130054554	0.09605022636794201	0.7830010000000001	1.0
7983	1066	0.003093339664015402	0.015793315034412083	0.968001	1.0
7985	1988	0.048486634626080036	0.31646225563423375	0.48200099999999996	1.0
7986	3708	0.0010243948676907644	0.005168329598807867	0.976001	1.0
7987	512	0.09710803131525399	0.7989617672422132	0.155001	1.0
7988	916	0.0920600055667997	0.7404788718855821	0.192001	1.0
7994	0	0.003840670201264454	0.019692972031891295	0.946001	1.0
7996	1185	0.06127265765906783	0.426315800356338	0.376001	1.0
7997	0	0.10805895166249692	0.932825060639356	0.096001	1.0
8003	0	0.05421505800580011	0.3642335595639764	0.42400099999999996	1.0
8005	2044	0.12091829804729189	1.1024864251336928	0.071001	1.0
8009	1730	0.08207009642421043	0.6306266403729186	0.232001	1.0
8012	1093	0.03914019284832169	0.24344573085918209	0.575001	1.0
8013	4025	0.05616329410222489	0.3810126686494833	0.42400099999999996	1.0
8014	3131	0.015401918407250552	0.08429414631508352	0.831001	1.0
8016	881	0.0098950513085923	0.05251146121188717	0.876001	1.0
8017	1202	0.08400874637048264	0.6513393577747809	0.219001	1.0
8018	0	0.08035411871921873	0.6125339691993027	0.253001	1.0
8021	1657	0.04953450412602543	0.32502745678595313	0.48800099999999996	1.0
8024	788	0.07745921873274388	0.5825214334863387	0.259001	1.0
8025	0	0.1442768083177871	1.4462092079516795	0.031001	0.9697998542857144
8028	4112	0.026133764571955986	0.15169586446528005	0.6860010000000001	1.0
8032	0	0.054558208931186625	0.36716922097007365	0.5610010000000001	1.0
8033	20	0.0711405152697317	0.5192189655232655	0.331001	1.0
8034	874	0.009253241846272783	0.0489280243739663	0.889001	1.0
8036	1077	0.05194389128769797	0.34501532660679324	0.439001	1.0
8038	1689	0.05007600822677277	0.32948395915515044	0.459001	1.0
8039	0	0.05017430906108826	0.3302951785422603	0.47600099999999995	1.0
8041	36	0.10075277741743317	0.8424453540743918	0.153001	1.0
8042	0	0.013754489824616578	0.07459023156860997	0.847001	1.0
8043	44	0.08325631600195883	0.6432659436141672	0.233001	1.0
8044	0	0.030013170476462653	0.17788670821347488	0.6840010000000001	1.0
8047	1643	0.20932810784482384	2.660545495511912	0.001001	0.3653316333333333
8049	3880	0.026498487509306553	0.1541163066447406	0.6810010000000001	1.0
8055	0	0.07329161076851451	0.5404315032075604	0.29700099999999996	1.0
8056	0	0.00836406412155951	0.044004660369267964	0.9110010000000001	1.0
8061	0	0.046964185857644426	0.3041551703666478	0.48900099999999996	1.0
8062	579	0.024216838183711974	0.13911629397499795	0.722001	1.0
8063	874	0.004005078136810586	0.02055529244784176	0.957001	1.0
8064	0	0.07797273701161161	0.5877986780695488	0.261001	1.0
8066	1604	0.07389243216562197	0.546418465968737	0.276001	1.0
8068	0	0.0	-0.0	1.0	1.0
8069	0	0.004857731564049846	0.025053112971389107	0.951001	1.0
8072	1093	0.05936237694276663	0.4091567283933653	0.443001	1.0
8073	4025	0.0	-0.0	1.0	1.0
8078	1950	0.01675583633085792	0.09239559963361355	0.821001	1.0
8080	0	0.026010337635664325	0.15087871482676912	0.6820010000000001	1.0
8081	1185	0.0037331111580279873	0.019129687957209422	0.969001	1.0
8084	2776	0.09955138087041521	0.8279949178626007	0.158001	1.0
8087	4027	0.03489203921452859	0.21223624985334774	0.600001	1.0
8089	1448	0.05816627714354839	0.3985475243706725	0.378001	1.0
8091	1689	0.05792791889252544	0.39644568778598455	0.389001	1.0
8096	4115	0.18755262499049774	2.21024726140959	0.006001	0.6394375839416058
8098	1658	0.033491521325178436	0.20221363207421844	0.612001	1.0
8102	3708	0.03993435911457988	0.24941601143435946	0.6830010000000001	1.0
8103	1604	0.025142570706022032	0.14516157240190591	0.727001	1.0
8104	946	0.004118429404833521	0.02115075049506009	0.953001	1.0
8105	3617	0.029232715193518506	0.17253834404341406	0.696001	1.0
8109	1147	0.029898286128851207	0.17709690062917952	0.649001	1.0
8110	1642	0.0026181974486740676	0.01333106004230862	0.970001	1.0
8111	1109	0.07500947741352881	0.5576217147351489	0.28600099999999995	1.0
8112	425	0.04192296827473806	0.26455495655733163	0.5530010000000001	1.0
8114	3693	0.10974291932421122	0.9542696938352285	0.093001	1.0
8116	0	0.08365712444576708	0.6475610960395876	0.230001	1.0
8119	0	0.06463350214981813	0.45715085936928634	0.342001	1.0
8123	3874	0.014013391847956792	0.07610411288463996	0.857001	1.0
8126	3243	0.014176451863068706	0.07705970422728899	0.853001	1.0
8130	3636	0.08763564368413686	0.6908696032493464	0.185001	1.0
8137	0	0.004272537789388759	0.021961532738098023	0.949001	1.0
8139	0	0.015099344212330688	0.08249925234582547	0.824001	1.0
8141	0	0.06545606614681994	0.464823956868323	0.330001	1.0
8144	0	0.07705643941827389	0.5783962389136971	0.337001	1.0
8145	0	0.01692964160849312	0.09344389800617887	0.7900010000000001	1.0
8147	1604	0.08139754556727428	0.6235085865068394	0.242001	1.0
8149	0	0.07354596013954229	0.5429626839769255	0.30100099999999996	1.0
8150	1829	0.0014924611818477145	0.007550159482787317	0.986001	1.0
8155	1537	0.10862398481644922	0.939994768871584	0.104001	1.0
8156	2262	0.0	-0.0	1.0	1.0
8157	0	0.05768374381140051	0.3942968113641833	0.399001	1.0
8158	0	0.005442876470909883	0.028164750969397398	0.9340010000000001	1.0
8159	365	0.1131182681942277	0.997951163372615	0.106001	1.0
8164	0	0.03300876872250294	0.19878927776777186	0.637001	1.0
8167	1657	0.0069396109089943266	0.03621680369404454	0.9150010000000001	1.0
8168	0	0.05490609477177931	0.37015398322066584	0.451001	1.0
8172	2133	0.04553136072935818	0.29272052291849543	0.516001	1.0
8175	0	0.12570301533896786	1.1691185567330467	0.074001	1.0
8177	1688	0.07930472501001087	0.6015806305349171	0.240001	1.0
8178	1604	0.046806516942273314	0.30288988289740293	0.49700099999999997	1.0
8179	0	0.013546237620672356	0.07337552215244876	0.866001	1.0
8182	0	0.04790790203429343	0.31176480065348133	0.48100099999999996	1.0
8183	2453	0.0160179079310616	0.08796586267950969	0.830001	1.0
8184	2459	0.002557148529472879	0.013015656998312603	0.963001	1.0
8186	3556	0.0013076523286139584	0.006608204361886701	0.986001	1.0
8187	3135	0.008871625910595562	0.046809167852624185	0.897001	1.0
8190	0	0.016038978297897362	0.08809187490274789	0.8100010000000001	1.0
8199	2314	0.037921682832803526	0.23436886491230524	0.591001	1.0
8200	3869	0.08732833580194133	0.6874806093298839	0.215001	1.0
8203	0	0.05094479104746165	0.3366771501124786	0.48000099999999996	1.0
8204	0	0.10775189284398624	0.9289396840216037	0.120001	1.0
8205	0	0.0107319978446411	0.05722201728213962	0.893001	1.0
8206	0	0.1622711563845759	1.7433308879720755	0.023001	0.9234426174698795
8207	2161	0.2937119524744389	4.861073340284964	1e-06	0.0005762631578947368
8208	0	0.004720258250894248	0.024325017276469917	0.944001	1.0
8209	4028	0.027726796198141543	0.16233160235515642	0.710001	1.0
8214	0	0.02523325172044038	0.1457567249081034	0.727001	1.0
8215	3146	0.07339494604485464	0.5414592665111293	0.280001	1.0
8217	2917	0.11424183798910814	1.0126990495860384	0.077001	1.0
8220	3442	0.0020343405488243878	0.010323570219322193	0.976001	1.0
8223	0	0.033965077733807636	0.20558788023774932	0.599001	1.0
8225	1979	0.025573555144491826	0.14799493771925332	0.718001	1.0
8226	0	0.07445541013013593	0.5520530095604533	0.281001	1.0
8227	0	0.01995948633092356	0.11202354469371432	0.7860010000000001	1.0
8229	1277	0.05673105018694865	0.38595367931357044	0.401001	1.0
8232	783	0.06945756486315162	0.5028643714971462	0.30300099999999996	1.0
8234	0	0.03320256975589019	0.20016211608886447	0.626001	1.0
8236	2185	0.02197471240981726	0.1247034040863894	0.738001	1.0
8237	0	0.03002965086061084	0.1780000790534047	0.6610010000000001	1.0
8240	4122	0.02799524428459936	0.16414018798098368	0.6760010000000001	1.0
8241	1162	0.08014522634632266	0.6103468853387327	0.28300099999999995	1.0
8242	1606	0.14155807652993796	1.4037952849527928	0.029001000000000002	0.9422313026706233
8246	0	0.010207783127325629	0.05426661023106862	0.888001	1.0
8254	1266	0.0319829561215948	0.19156435121191923	0.628001	1.0
8260	2818	0.0	-0.0	1.0	1.0
8261	3310	0.11347826910124793	1.0026651989100892	0.113001	1.0
8262	3145	0.021157683876675187	0.11953144727199363	0.780001	1.0
8264	0	0.05390141099675501	0.3615576613133195	0.441001	1.0
8265	0	0.17649588422345408	1.9987965747272791	0.003001	0.5665163620689656
8268	2758	0.05807112217366568	0.39770795840064066	0.42100099999999996	1.0
8269	1445	0.13460336231510503	1.2982082024373205	0.045001	1.0
8277	735	0.06326386160067085	0.4444848345146801	0.34800099999999995	1.0
8279	1611	0.034937379721737744	0.21256292009598687	0.581001	1.0
8281	0	0.014000127834921102	0.07602645328492844	0.828001	1.0
8284	0	0.10544816572467533	0.9000335700148167	0.120001	1.0
8286	914	0.00669557735602622	0.03489483064801996	0.9250010000000001	1.0
8288	3211	0.03945757639878593	0.24582655543088616	0.583001	1.0
8289	2313	0.026439812995617908	0.15372633569918082	0.707001	1.0
8290	1857	0.05365538487115126	0.3594635876306139	0.445001	1.0
8291	4078	0.038776160495117694	0.2407234228387867	0.5590010000000001	1.0
8296	0	0.0775524186642294	0.5834777267489126	0.242001	1.0
8297	0	0.009924578391964738	0.052676922332190484	0.880001	1.0
8301	1612	0.09166717045015282	0.7360120726502751	0.180001	1.0
8303	0	0.15086586753706915	1.5516825413821123	0.019001	0.8704684058577405
8307	94	0.03531770283796849	0.2153085172015202	0.629001	1.0
8308	0	0.038273685377213	0.2369806208555305	0.595001	1.0
8311	0	0.0419245703105075	0.2645672619508101	0.5360010000000001	1.0
8313	370	0.033490967498315094	0.20220969464737462	0.633001	1.0
8318	2284	0.03632530302575199	0.22262954726344658	0.574001	1.0
8320	1459	0.00937540046807777	0.049608152047270336	0.897001	1.0
8323	3848	0.08938209513343115	0.7102692436648087	0.200001	1.0
8330	1554	0.11628290049169249	1.0397560615119692	0.097001	1.0
8331	3124	0.011523509921019345	0.061716153272055464	0.869001	1.0
8333	2548	0.05861742908736416	0.4025370081004126	0.401001	1.0
8334	1445	0.13744219085341738	1.340804114686372	0.050001000000000004	1.0
8340	2314	0.008296053360745723	0.043630051765246855	0.905001	1.0
8343	2045	0.08113994241042419	0.6207913952741774	0.266001	1.0
8344	1277	0.0925805342602602	0.7464163250630405	0.174001	1.0
8345	4126	0.0	-0.0	1.0	1.0
8346	0	0.0818218800417636	0.6279955570930087	0.225001	1.0
8347	0	0.005862779473853323	0.03041023015896236	0.9310010000000001	1.0
8354	38	0.10618494896682441	0.9092315832236114	0.130001	1.0
8355	2634	0.09168028923488061	0.7361610463280541	0.231001	1.0
8356	0	0.013357358604849538	0.07227613003977963	0.849001	1.0
8360	1857	0.0	-0.0	1.0	1.0
8367	1040	0.034161510240014695	0.20699192948946488	0.610001	1.0
8368	0	0.12378179772024783	1.1421329114669254	0.057001	1.0
8369	913	0.04074978085424748	0.25559090742876545	0.5490010000000001	1.0
8370	0	0.0029408356759285364	0.015001571808522999	0.970001	1.0
8371	0	0.015415772451120052	0.08437646597529427	0.826001	1.0
8373	0	0.05886331348431354	0.4047175322559409	0.406001	1.0
8375	0	0.12929540497090075	1.2204127471870994	0.063001	1.0
8379	530	0.05157995854259443	0.34196986999932083	0.461001	1.0
8380	3030	0.029655210631868698	0.17542867205073512	0.653001	1.0
8384	0	0.03161166255624123	0.1889665307195306	0.6750010000000001	1.0
8385	0	0.06290174951263977	0.4411591244578962	0.395001	1.0
8386	1149	0.05625673356694984	0.3818242515527091	0.41400099999999995	1.0
8391	3708	0.07189327466589066	0.526602662818457	0.29400099999999996	1.0
8393	1929	0.037330687573694454	0.23000275158826294	0.582001	1.0
8397	0	0.06429406393270022	0.4539989981402409	0.35100099999999995	1.0
8402	1066	0.09893293849973298	0.8206012644057304	0.17100100000000001	1.0
8403	94	0.10253755705355291	0.864126342143577	0.121001	1.0
8406	0	0.028321586724794158	0.16634517370168067	0.6810010000000001	1.0
8411	3592	0.013573514187395533	0.07353447054474	0.825001	1.0
8417	1408	0.06827096797791496	0.49146010740405954	0.326001	1.0
8418	0	0.061573798486250345	0.42904502176186904	0.41600099999999995	1.0
8420	1040	0.11144140160437463	0.9761336513141503	0.104001	1.0
8424	1829	0.03993435911457988	0.24941601143435946	0.6830010000000001	1.0
8426	3682	0.02337932875899846	0.13369478992172676	0.740001	1.0
8427	3540	0.03272753447516188	0.19680153843603437	0.650001	1.0
8435	2864	0.0	-0.0	1.0	1.0
8437	1445	0.05170180007459407	0.3429884168456016	0.48300099999999996	1.0
8438	1214	0.09848839786806667	0.8153055150655706	0.149001	1.0
8440	0	0.07849049612309171	0.5931398189222079	0.250001	1.0
8441	3634	0.07930626246698262	0.6015966166264837	0.312001	1.0
8442	0	0.004099537526829712	0.02105145474759652	0.957001	1.0
8443	2823	0.021980006007250516	0.12473705270180606	0.730001	1.0
8445	3843	0.04709129984710289	0.3051765202523149	0.47900099999999995	1.0
8456	1066	0.011786659441182476	0.06321877853735883	0.871001	1.0
8458	1007	0.03661357201205517	0.224736645941046	0.612001	1.0
8459	0	0.10846191339218358	0.9379355856361242	0.115001	1.0
8464	0	0.15432901880156613	1.6086512874877523	0.020001	0.9011973209876544
8466	89	0.03835051234776189	0.2375517730138093	0.576001	1.0
8469	0	0.007993861339674415	0.04196892638007282	0.9190010000000001	1.0
8471	0	0.039458230567483626	0.24583146971064274	0.5540010000000001	1.0
8472	3135	0.001079355963285126	0.0054473463201231065	0.989001	1.0
8474	19	0.009131074368514756	0.04824875137656805	0.891001	1.0
8475	2823	0.07774738832963249	0.5854803807098452	0.28400099999999995	1.0
8477	0	0.008436836432657725	0.04440580497691337	0.945001	1.0
8478	0	0.037397802618730595	0.23049738828924213	0.582001	1.0
8479	2745	0.05954090217538402	0.41074910260333836	0.377001	1.0
8481	526	0.0	-0.0	1.0	1.0
8483	3176	0.016861630847679374	0.09303346897800957	0.818001	1.0
8485	0	0.0055943617642600155	0.02897362508673501	0.947001	1.0
8490	807	0.13938679482927757	1.370382659780459	0.041001	1.0
8492	3737	0.08605573161310882	0.6735244643388318	0.28400099999999995	1.0
8495	2946	0.050939999851087395	0.336637334563997	0.48300099999999996	1.0
8499	1093	0.0292841937108723	0.17288988453560938	0.6600010000000001	1.0
8503	1397	0.09120338829657695	0.7307541616558468	0.192001	1.0
8504	0	0.015403177865784162	0.08430162942686545	0.849001	1.0
8505	1357	0.01560483442964467	0.0855010520270577	0.814001	1.0
8506	1855	0.031202112586005595	0.18611165177925784	0.6570010000000001	1.0
8509	3135	0.04270692562780782	0.27059771182650827	0.5490010000000001	1.0
8511	0	0.054946501249342763	0.37050122063322044	0.42000099999999996	1.0
8512	3987	0.06467616880542758	0.4575476408734039	0.35200099999999995	1.0
8516	0	0.04516866111775388	0.28984867642515283	0.512001	1.0
8519	56	0.057574610235652454	0.3933377662102127	0.40900099999999995	1.0
8520	1757	0.0	-0.0	1.0	1.0
8522	4027	0.05829522426520134	0.3996862871454651	0.403001	1.0
8523	3441	0.0	-0.0	1.0	1.0
8525	1408	0.027836517450405725	0.16307024539176118	0.6840010000000001	1.0
8529	2584	0.048751120918133585	0.3186168628510207	0.456001	1.0
8538	731	0.0459613768513652	0.2961372359102256	0.516001	1.0
8552	2935	0.01835912704411574	0.10213769363459183	0.7840010000000001	1.0
8555	1068	0.029312500243353155	0.17308326066885368	0.6710010000000001	1.0
8559	988	0.03845141401021632	0.2383025120357863	0.572001	1.0
8563	2044	0.060877222185109964	0.42274202735172506	0.36500099999999996	1.0
8565	499	0.10078565023333168	0.8428423734604491	0.133001	1.0
8574	4230	0.07859273141297328	0.5941968796711794	0.259001	1.0
8575	0	0.1326018592675507	1.268591268774133	0.046001	1.0
8583	918	0.00916130137332085	0.04841673478396087	0.897001	1.0
8584	0	0.014307929322905588	0.07783140905908328	0.835001	1.0
8585	0	0.1474998706058141	1.4973261197757974	0.022001	0.9234426174698795
8586	1111	0.020317559474705694	0.11425766698362053	0.7880010000000001	1.0
8589	1604	0.007652470050082124	0.04009894088833303	0.9080010000000001	1.0
8590	0	0.08100647725356377	0.6193856095195234	0.279001	1.0
8597	1442	0.06436787803179408	0.4546836800690037	0.338001	1.0
8599	506	0.02799398482606577	0.1641316917575312	0.653001	1.0
8601	985	0.1772259670124027	2.012408361146918	0.010001	0.6974582738853503
8604	1299	0.0007575186293135409	0.003815999295267515	0.987001	1.0
8608	2133	0.08362164401953165	0.6471803801823827	0.218001	1.0
8609	0	0.015825096474536213	0.08681403211915988	0.8020010000000001	1.0
8618	0	0.007444650015806173	0.03896402959914997	0.9120010000000001	1.0
8621	3183	0.0463663211332167	0.29936651405656156	0.49700099999999997	1.0
8624	2580	0.0793408497819247	0.6019562945348322	0.250001	1.0
8628	1040	0.10842300678101074	0.9374415796924263	0.131001	1.0
8629	3708	0.08674323166799566	0.681048380878017	0.198001	1.0
8631	2133	0.04724275567850909	0.30639492930962825	0.48200099999999996	1.0
8632	0	0.13460336231510503	1.2982082024373205	0.045001	1.0
8633	4232	0.1416664147750723	1.4054731407134085	0.036001	0.9905231026894865
8634	1066	0.09444740040120352	0.7678864770956738	0.178001	1.0
8636	529	0.042489093089132846	0.2689144097563075	0.5400010000000001	1.0
8637	3206	0.12992826124202989	1.2295622051413062	0.063001	1.0
8639	1366	0.02996503743113137	0.1775556969192917	0.655001	1.0
8641	0	0.02564254344811601	0.14844959690491033	0.710001	1.0
8642	1185	0.059299005981140435	0.40859204018659573	0.383001	1.0
8643	1928	0.15212495843798907	1.5722717818564909	0.025001000000000002	0.9234426174698795
8645	1203	0.021769836552988326	0.12340249271402591	0.758001	1.0
8646	2315	0.0	-0.0	1.0	1.0
8648	0	0.03336050612552988	0.20128275156972347	0.639001	1.0
8652	1611	0.03355449425185787	0.20266147113054025	0.617001	1.0
8654	986	0.14571479033865395	1.4689030028192271	0.043001	1.0
8661	1619	0.048492931918747956	0.3165134987199046	0.467001	1.0
8662	3925	0.04422462694841744	0.28241666399738913	0.520001	1.0
8664	874	0.061577446624196175	0.42907812515416877	0.374001	1.0
8667	1879	0.01714765540593082	0.09476151406236327	0.7850010000000001	1.0
8672	4235	0.10264959125236062	0.8654958367274174	0.129001	1.0
8674	3869	0.07800708319485476	0.588152357201664	0.257001	1.0
8675	742	0.12059343556756529	1.098031846534208	0.067001	1.0
8676	1093	0.0012884260798607747	0.006510324190243217	0.992001	1.0
8677	0	0.01577956972718402	0.0865423996418748	0.8040010000000001	1.0
8679	0	0.02584994569208516	0.1498183168768966	0.705001	1.0
8684	1970	0.0688656754988489	0.497162693176079	0.30700099999999997	1.0
8686	2180	0.11614818250470851	1.0379595895028033	0.097001	1.0
8689	2170	0.017595139830372225	0.09747532851870166	0.7930010000000001	1.0
8691	3161	0.0	-0.0	1.0	1.0
8695	3132	0.0	-0.0	1.0	1.0
8698	0	0.09998954650733695	0.8332518094470698	0.142001	1.0
8702	2421	0.09873273282358283	0.818214291441456	0.141001	1.0
8705	1034	0.05957238863872372	0.4110301890941841	0.401001	1.0
8709	3677	0.1878800816895661	2.216683937108532	0.007001	0.6394375839416058
8713	0	0.047083356879156546	0.305112666116137	0.48400099999999996	1.0
8717	0	0.026018132343519445	0.15093029050178222	0.722001	1.0
8718	0	0.017583364216804755	0.09740375305069539	0.7990010000000001	1.0
8720	0	0.21652863001155723	2.819562451472545	1e-06	0.0005762631578947368
8721	3441	0.022531691882578118	0.12825366434742094	0.745001	1.0
8722	0	0.0758520541113083	0.566134567777769	0.269001	1.0
8725	0	0.034580955699157354	0.209998669422636	0.599001	1.0
8729	2448	0.03756083184720206	0.2317001813831055	0.581001	1.0
8730	0	0.12205572763416583	1.118152528362367	0.073001	1.0
8735	307	0.099009689002296	0.8215171784380155	0.141001	1.0
8736	94	0.0019255529881967923	0.00976540394222286	0.980001	1.0
8743	987	0.0	-0.0	1.0	1.0
8744	3206	0.014313651969490193	0.07786502235750888	0.842001	1.0
8746	918	0.06826557766015813	0.49140854038816373	0.324001	1.0
8749	19	0.0028955006388758572	0.014766473035820698	0.955001	1.0
8752	0	0.0792690606455102	0.6012098520676499	0.250001	1.0
8753	0	0.09891409485241953	0.8203764627043518	0.147001	1.0
8755	1202	0.00016372940315592666	0.0008219666526086004	0.999001	1.0
8759	3708	0.000999437073649051	0.005041686375390697	0.993001	1.0
8761	608	0.07208380213336699	0.5284782482909783	0.29600099999999996	1.0
8762	3530	0.0527456133947176	0.35175744918255863	0.49800099999999997	1.0
8764	0	0.04551403143022026	0.29258310189470327	0.521001	1.0
8765	3556	0.02723874398574512	0.15905557341943968	0.703001	1.0
8766	1928	0.0026722372436119406	0.013610433656193273	0.970001	1.0
8767	1604	0.0552514599758447	0.37312568639868243	0.42000099999999996	1.0
8769	1537	0.03093550867437554	0.18425918977289343	0.6590010000000001	1.0
8770	1929	0.037539794625378334	0.23154487230045892	0.585001	1.0
8771	1397	0.05445268969968752	0.3662656063914215	0.41900099999999996	1.0
8773	2806	0.04354837408429419	0.27713074894906986	0.5520010000000001	1.0
8775	985	0.029608573375332018	0.17510904545536118	0.6570010000000001	1.0
8776	0	0.017044493937190718	0.0941376628906822	0.7920010000000001	1.0
8778	0	0.11488402905831843	1.0211750857439421	0.100001	1.0
8779	368	0.033144000983857336	0.1997469652754259	0.616001	1.0
8780	2457	0.11916870698958562	1.0785995662483292	0.082001	1.0
8784	985	0.03294886068872417	0.19836541103522623	0.615001	1.0
8785	1367	0.037684536065871174	0.232614044982199	0.6710010000000001	1.0
8788	592	0.09485989783279901	0.7726675794935703	0.172001	1.0
8789	0	0.01203160737136845	0.06462128244284672	0.858001	1.0
8792	1727	0.037684536065871174	0.232614044982199	0.6710010000000001	1.0
8794	0	0.002940835675928531	0.015001571808522948	0.966001	1.0
8795	4025	0.10043596742903659	0.8386235384018963	0.138001	1.0
8800	2170	0.0015755806411391557	0.007974462084379734	0.977001	1.0
8801	4242	0.03207398124198994	0.1922026219783552	0.654001	1.0
8806	0	0.052534389314783624	0.3499767192302448	0.43500099999999997	1.0
8809	129	0.04659267070538972	0.3011765483924361	0.530001	1.0
8817	0	0.11391802436305622	1.0084380423706323	0.095001	1.0
8820	0	0.0687576197241827	0.4961246039485986	0.30200099999999996	1.0
8826	1093	0.04850485913038578	0.3166105618878852	0.49500099999999997	1.0
8829	0	0.16440058161986457	1.780403058296056	0.017001000000000002	0.8422803122171947
8831	2584	0.10561267184835298	0.9020834558135262	0.137001	1.0
8832	2605	0.04083940651901993	0.2562723858575234	0.5480010000000001	1.0
8834	4010	0.1003730534990204	0.8378655370922259	0.151001	1.0
8836	1458	0.046534473899018276	0.3007108285449304	0.5310010000000001	1.0
8838	0	0.018869428813549517	0.10527238442577194	0.7940010000000001	1.0
8839	0	0.04072774180252725	0.2554234153963019	0.5580010000000001	1.0
8845	1202	0.037613729105612774	0.23209083240066233	0.580001	1.0
8854	2949	0.10109169865699356	0.8465428107376002	0.144001	1.0
8857	3478	0.036114173110718496	0.221089852927651	0.621001	1.0
8859	20	0.02023068242502791	0.11371486781192906	0.773001	1.0
8863	0	0.0150968582991305	0.08248452929437351	0.845001	1.0
8864	4243	0.09767730657243588	0.8056836923192413	0.145001	1.0
8865	0	0.09566595129429548	0.7820491054427215	0.157001	1.0
8867	0	0.01348787122325397	0.07303555870297027	0.859001	1.0
8870	0	0.030926053319841003	0.1841935769061227	0.6720010000000001	1.0
8871	0	0.029154001213005376	0.17200115293674806	0.6610010000000001	1.0
8873	0	0.0	-0.0	1.0	1.0
8875	2518	0.09448709810685688	0.768346013186676	0.158001	1.0
8881	4122	0.04847026166514335	0.3163290366400817	0.48500099999999996	1.0
8883	0	0.1309171835185878	1.2439275564281207	0.051001	1.0
8886	0	0.0	-0.0	1.0	1.0
8887	1835	0.09113411280968245	0.7299702329401203	0.200001	1.0
8888	1343	0.027895747060445914	0.16346930627067088	0.713001	1.0
8893	0	0.08645679049669827	0.6779091447939274	0.209001	1.0
8894	4244	0.011567919539527089	0.061969441823066525	0.864001	1.0
8895	1797	0.0	-0.0	1.0	1.0
8899	1427	0.0543228970532486	0.3651552176758078	0.41700099999999996	1.0
8904	0	0.045808017686448155	0.29491723690558924	0.504001	1.0
8905	1380	0.09699125437787055	0.7975860666048592	0.153001	1.0
8909	4246	0.11903142600942448	1.0767360770669732	0.069001	1.0
8911	0	0.017099646974217654	0.09447110835684808	0.7840010000000001	1.0
8912	2364	0.0	-0.0	1.0	1.0
8913	2007	0.06179659240904056	0.43106844609655726	0.385001	1.0
8917	20	0.1707284204376209	1.8929917499982305	0.013000999999999999	0.729989482051282
8918	1648	0.03565425414758946	0.21774623064138207	0.597001	1.0
8922	0	0.12080043418411082	1.1008692347037885	0.082001	1.0
8928	1185	0.0133992900346699	0.07252000662554234	0.848001	1.0
8931	1829	0.07499697729957885	0.5574958256019732	0.30200099999999996	1.0
8939	0	0.04594372998250615	0.29599676859063495	0.499001	1.0
8940	0	0.04702247200936596	0.3046233543652196	0.48100099999999996	1.0
8941	4247	0.027935655111147574	0.16373831716124562	0.6670010000000001	1.0
8944	499	0.00520660157785377	0.026905857725001283	0.938001	1.0
8947	2917	0.01749918490583583	0.09689234139051356	0.8120010000000001	1.0
8948	874	0.020718197252762197	0.11676701958466311	0.763001	1.0
8951	3896	0.0397943270180306	0.24836017127277654	0.593001	1.0
8954	2134	0.11176057189501958	0.9802685667305293	0.118001	1.0
8956	3809	0.07436724803278474	0.5511690645324024	0.270001	1.0
8957	1202	0.028407638911691187	0.16692776210651403	0.6670010000000001	1.0
8959	0	0.0652827736300128	0.4632032952032159	0.342001	1.0
8960	0	0.009561747957012088	0.0506473984922127	0.9250010000000001	1.0
8961	0	0.04788180738192023	0.31155354897092047	0.503001	1.0
8963	0	0.12234132204081014	1.1221030791755702	0.078001	1.0
8966	2722	0.10084031496897633	0.8435027751181581	0.141001	1.0
8967	1797	0.03483826451630195	0.21184899167854473	0.610001	1.0
8970	4010	0.02422460359593029	0.13916677388575552	0.754001	1.0
8971	3573	0.09548495589628013	0.7799380495088395	0.159001	1.0
8973	0	0.03019551834277804	0.17914210223196378	0.6640010000000001	1.0
8974	1988	0.008744505952632667	0.04610531216589193	0.9210010000000001	1.0
8977	3167	0.03862124729059326	0.23956768579607685	0.576001	1.0
8980	0	0.023493909895931045	0.13443384811276965	0.714001	1.0
8985	4248	0.04956356530738727	0.3252661014914643	0.448001	1.0
8990	1147	0.03033657769853991	0.1801147465680165	0.6650010000000001	1.0
8996	2531	0.06573483645321812	0.4674357096154379	0.313001	1.0
8999	0	0.040863365198580304	0.2564546514760631	0.5550010000000001	1.0
9000	2902	0.12112212717518099	1.1052858670288548	0.083001	1.0
9002	916	0.023352880129793113	0.13352431396196035	0.739001	1.0
9003	0	0.036880202566547664	0.22669057475529497	0.585001	1.0
9009	3207	0.013065622827444397	0.07058237290989004	0.853001	1.0
9011	0	0.11994831182187672	1.0892118730913671	0.089001	1.0
9013	2373	0.01034958830384591	0.0550644254267986	0.897001	1.0
9015	0	0.05105630813086707	0.33760433226903164	0.48300099999999996	1.0
9020	887	0.18540140936848165	2.1682124164725285	0.008001	0.6394375839416058
9028	1040	0.0	-0.0	1.0	1.0
9029	0	0.0	-0.0	1.0	1.0
9032	3694	0.0025273649717054564	0.012861862635232	0.977001	1.0
9038	0	0.06384045492464625	0.4498002154815087	0.339001	1.0
9041	2716	0.04808337488680129	0.3131865969107187	0.527001	1.0
9046	985	0.059928771567417244	0.41421671099760105	0.378001	1.0
9047	0	0.008411965924085026	0.04426867471881724	0.900001	1.0
9049	3416	0.06953190730599784	0.5035823569698107	0.34700099999999995	1.0
9050	1223	0.015983007043695534	0.08775719739702897	0.843001	1.0
9051	0	0.02748218003690952	0.1606876815023189	0.6830010000000001	1.0
9053	3145	0.06644139180068338	0.4740809937014341	0.329001	1.0
9063	3131	0.07606080866316692	0.5682519917676017	0.280001	1.0
9064	2344	0.060295365816158505	0.41750415604973246	0.41300099999999995	1.0
9067	3484	0.0638708739437951	0.45008131329958456	0.380001	1.0
9069	1110	0.007311924908303364	0.038240571510178414	0.9180010000000001	1.0
9074	10	0.05972470790044754	0.41239099157395087	0.382001	1.0
9077	0	0.10707790506713849	0.9204382339076601	0.116001	1.0
9079	1923	0.07168798645909043	0.5245848150835727	0.316001	1.0
9081	742	0.07976153558642335	0.606338373237287	0.251001	1.0
9084	0	0.1023749579656244	0.8621405431602921	0.151001	1.0
9086	1185	0.06802713377470156	0.4891296011137284	0.319001	1.0
9087	0	0.031871984219146915	0.19078695770228882	0.647001	1.0
9089	742	0.19220848572796834	2.302716701615639	0.007001	0.6394375839416058
9090	0	0.007958648781620586	0.041775723642244376	0.9190010000000001	1.0
9091	2831	0.01503440267545576	0.08211475612836741	0.828001	1.0
9092	1696	0.004515153156262077	0.02324080832722276	0.956001	1.0
9096	1185	0.046194420094949416	0.29799427195600087	0.48700099999999996	1.0
9098	1147	0.06973747681016669	0.5055698525353473	0.319001	1.0
9100	0	0.01293648253007518	0.06983428616293266	0.880001	1.0
9104	0	0.033169099940579864	0.19992484523488419	0.635001	1.0
9109	0	0.02593099174804827	0.15035392713055826	0.689001	1.0
9110	0	0.06371095908742244	0.4486043226701888	0.343001	1.0
9114	2874	0.184431329283061	2.1493990727102803	0.007001	0.6394375839416058
9117	3595	0.05753836310697867	0.39301942335267326	0.42300099999999996	1.0
9123	0	0.0562197100223118	0.3815026028133489	0.41500099999999995	1.0
9124	0	0.016311217103138268	0.08972250345885331	0.863001	1.0
9129	1923	0.15192470453114854	1.5689877697018606	0.024001	0.9234426174698795
9131	1459	0.08811131959386878	0.696129859551452	0.200001	1.0
9133	1093	0.007776111715417113	0.04077538349365799	0.905001	1.0
9141	0	0.07529932927880323	0.5605441349046778	0.276001	1.0
9142	0	0.03503999249363598	0.21330273648076475	0.609001	1.0
9143	1993	0.07049567250053451	0.5129275170663783	0.29900099999999996	1.0
9144	1930	0.013641956032060485	0.07393350313430816	0.859001	1.0
9145	349	0.03787351117592676	0.2340120994063216	0.605001	1.0
9146	0	0.014561845810305625	0.07932479959792277	0.826001	1.0
9148	3335	0.09712922740916928	0.7992115858687514	0.158001	1.0
9149	1173	0.0032531966583561295	0.016624700982857794	0.959001	1.0
9150	0	0.06296582426950972	0.44174690070391215	0.376001	1.0
9152	0	0.056315428870864534	0.3823343794491213	0.399001	1.0
9153	3844	0.048882960331266614	0.3196927128105139	0.49200099999999997	1.0
9154	0	0.06623492428140552	0.47213531651011664	0.335001	1.0
9158	2709	0.0818795191767882	0.6286061076084999	0.228001	1.0
9159	3727	0.026297543862430963	0.15278169652441784	0.713001	1.0
9161	1455	0.11409686747482578	1.0107903402936935	0.091001	1.0
9162	1455	0.02334306370335236	0.13346105314332332	0.721001	1.0
9165	8	0.004850643465737693	0.025015545082889792	0.941001	1.0
9166	3192	0.0	-0.0	1.0	1.0
9169	2096	0.07368170484521078	0.5443155522075352	0.391001	1.0
9170	742	0.04619921336586546	0.2980325074933093	0.515001	1.0
9172	2389	0.018582051204560898	0.10350505520565355	0.7930010000000001	1.0
9178	2373	0.03170654594096103	0.18962952834450947	0.641001	1.0
9179	3371	0.07284786289328885	0.5360271542702421	0.29700099999999996	1.0
9188	0	0.0627122187629592	0.4394222630958967	0.34800099999999995	1.0
9191	2709	0.04595134459796693	0.2960573775114588	0.49700099999999997	1.0
9192	0	0.08300209573906575	0.6405480794670239	0.225001	1.0
9195	0	0.09114151117142923	0.7300539356211782	0.207001	1.0
9196	3923	0.0627435469332808	0.4397091733779017	0.36600099999999997	1.0
9209	0	0.06695785347968514	0.47896174559140536	0.327001	1.0
9212	3249	0.043038217009777294	0.27316403821277574	0.5410010000000001	1.0
9214	0	0.09494176263748225	0.77361804409996	0.166001	1.0
9218	0	0.04813016239758095	0.3135660645530845	0.48100099999999996	1.0
9221	3208	0.02840039710595503	0.16687871510032917	0.718001	1.0
9223	1546	0.039759846446847096	0.24810039364453493	0.5560010000000001	1.0
9226	1604	0.012508011246528054	0.06735958169644733	0.858001	1.0
9227	3207	0.07444953002700314	0.5519940352755801	0.254001	1.0
9229	0	0.05007978659761485	0.32951512724506754	0.459001	1.0
9231	0	0.12056750932141219	1.0976767200684525	0.077001	1.0
9235	350	0.0	-0.0	1.0	1.0
9239	2634	0.0781694548944386	0.5898255919813975	0.259001	1.0
9241	0	0.07859147195443966	0.5941838526670127	0.240001	1.0
9243	3579	0.0403224676798197	0.25234934693242517	0.572001	1.0
9245	1985	0.01498755654970004	0.08183755926816187	0.8120010000000001	1.0
9247	1696	0.009248204012138439	0.04889999524897328	0.880001	1.0
9250	1402	0.024723171014337176	0.14241591668330336	0.718001	1.0
9251	1163	0.07721032960026344	0.5799709003491262	0.267001	1.0
9252	1397	0.13732506120979365	1.339032913854518	0.049001	1.0
9254	357	0.009492470986913455	0.05026079997369195	0.900001	1.0
9255	132	0.0012438529461317616	0.006283486791053537	0.995001	1.0
9256	0	0.0696313819626369	0.504543708737671	0.29400099999999996	1.0
9257	2902	0.04454823268082978	0.28495732263305235	0.5360010000000001	1.0
9259	1283	0.013060568544055157	0.07055307502793647	0.838001	1.0
9260	2627	0.044307751211634244	0.28306858767996457	0.5390010000000001	1.0
9263	2746	0.06525574013773085	0.4629506727984098	0.390001	1.0
9266	3135	0.029471510111472553	0.17417051693769067	0.6700010000000001	1.0
9268	0	0.007881691503195218	0.04135373763864578	0.9200010000000001	1.0
9269	0	0.04610815879459906	0.29730644620187513	0.49000099999999996	1.0
9270	918	0.04854450857879101	0.3169332992892139	0.465001	1.0
9272	0	0.0076990845608735856	0.04035386055173138	0.9100010000000001	1.0
9273	0	0.047424380643279876	0.30785815381443826	0.48200099999999996	1.0
9275	0	0.028685243871036263	0.1688105071837441	0.746001	1.0
9278	3371	0.025828975606827613	0.149679801038668	0.692001	1.0
9279	0	0.01912613729107099	0.10685551379311878	0.7810010000000001	1.0
9280	0	0.03750784548101221	0.23130906236637147	0.571001	1.0
9281	0	0.07648617162888499	0.5725767184115718	0.280001	1.0
9284	0	0.024242027322659017	0.1392800528874427	0.737001	1.0
9285	0	0.0984296005324274	0.814606250991967	0.150001	1.0
9287	0	0.031148509472014196	0.18573881954957921	0.6590010000000001	1.0
9288	2007	0.2485712306609766	3.59042597698706	1e-06	0.0005762631578947368
9292	0	0.029968345850679208	0.17757844405314216	0.6740010000000001	1.0
9296	0	0.0	-0.0	1.0	1.0
9297	2709	0.11806107075280542	1.0636088746884036	0.084001	1.0
9301	0	0.1252713360203522	1.1630280991068078	0.064001	1.0
9302	4010	0.07737813632367554	0.5816900110266828	0.280001	1.0
9304	297	0.14622173716737047	1.4769465542387004	0.039001	1.0
9307	499	0.10016851555187342	0.8354034070099897	0.133001	1.0
9310	3214	0.07368170484521078	0.5443155522075352	0.391001	1.0
9311	2712	0.08887132701660366	0.7045709931240719	0.217001	1.0
9312	3540	0.18602837757453705	2.180418523020467	0.007001	0.6394375839416058
9313	529	0.08493082008875444	0.6612926111880801	0.316001	1.0
9315	1343	0.02817757939538478	0.1653713046436603	0.689001	1.0
9317	0	0.07109530108501329	0.5187768170682041	0.29700099999999996	1.0
9322	4061	0.0	-0.0	1.0	1.0
9323	3844	0.06895412391355857	0.49801306123386513	0.31000099999999997	1.0
9325	3214	0.10255648015500853	0.8643575853407262	0.133001	1.0
9328	370	0.10267125362382057	0.8657607518227888	0.119001	1.0
9337	0	0.05600994801362204	0.379682116527963	0.405001	1.0
9340	1397	0.09696193412535775	0.7972408271188522	0.152001	1.0
9341	529	0.0022330199800518966	0.01134474056394691	0.976001	1.0
9342	1429	0.022453598457417113	0.12775468890964378	0.744001	1.0
9343	4263	0.03489455813159576	0.21225439457931675	0.634001	1.0
9344	3107	0.03694810707699374	0.22718896194040306	0.579001	1.0
9345	932	0.13930115164899362	1.3690731074536127	0.048001	1.0
9348	3730	0.1310957793026662	1.2465307511282278	0.059001	1.0
9351	0	0.03488448246332701	0.21218181823117271	0.629001	1.0
9352	0	0.12315309412378204	1.1333693930995574	0.065001	1.0
9353	38	0.014216281350966684	0.07729336972878012	0.868001	1.0
9355	0	0.05624177841015783	0.38169431406825377	0.438001	1.0
9356	0	0.07368170484521078	0.5443155522075352	0.391001	1.0
9358	3950	0.05057985470890369	0.33364912162046056	0.48800099999999996	1.0
9361	0	0.078217412769964	0.5903201801537672	0.272001	1.0
9363	1358	0.01791327872322552	0.09941236408854458	0.7940010000000001	1.0
9367	946	0.10977692470461806	0.9547051200928571	0.121001	1.0
9370	1772	0.025267257100847252	0.1459800444390804	0.711001	1.0
9371	0	0.0946797952624959	0.7705784235211446	0.172001	1.0
9372	0	0.012881741881540494	0.06951749330289952	0.844001	1.0
9375	3340	0.048984656080857045	0.32052341587237965	0.499001	1.0
9376	1096	0.05407349201450653	0.3630249112734974	0.438001	1.0
9377	3995	0.09923147840288375	0.8241665796916485	0.159001	1.0
9379	0	0.045725277424617135	0.2942597036726585	0.507001	1.0
9383	0	0.1156837852271469	1.0317783254042738	0.091001	1.0
9384	0	0.005063023305024725	0.026142481072000023	0.9310010000000001	1.0
9390	0	0.007991104673290828	0.0419537985286313	0.9110010000000001	1.0
9395	0	0.1451181541262463	1.4594651581255358	0.036001	0.9905231026894865
9397	0	0.107394530339187	0.9244274399536913	0.116001	1.0
9400	2946	0.0027481385202895448	0.014003115723377252	0.977001	1.0
9401	2820	0.029017140256331134	0.1710681021981952	0.6590010000000001	1.0
9405	370	0.010252270625062213	0.05451677121166328	0.887001	1.0
9408	0	0.017830154460008678	0.09890563560282435	0.7830010000000001	1.0
9410	2161	0.010058684581288557	0.0534290808475295	0.893001	1.0
9417	1065	0.009467947103167822	0.05012401476016293	0.889001	1.0
9420	1925	0.1186781658193853	1.0719480314071061	0.008001	0.6394375839416058
9424	0	0.039713112979612906	0.2477484318796072	0.588001	1.0
9431	850	0.01886918398524922	0.10527087654924946	0.7820010000000001	1.0
9432	0	0.03185666469242662	0.19067970379537447	0.6580010000000001	1.0
9438	3082	0.021467470705011538	0.12148744429650284	0.770001	1.0
9439	3135	0.06164406139978884	0.42968276176032316	0.375001	1.0
9440	2508	0.010954343358546441	0.05848061114031405	0.881001	1.0
9441	2389	0.012605003757620428	0.06791878860945184	0.851001	1.0
9442	0	0.01909107800807828	0.10663905650755563	0.7850010000000001	1.0
9443	0	0.060090139617837386	0.41566258117728583	0.37300099999999997	1.0
9449	3682	0.07705879265388053	0.5784203045548627	0.29500099999999996	1.0
9452	1567	0.11507672621395741	1.0237250548724905	0.095001	1.0
9454	0	0.04355644305316607	0.2771936333993299	0.5400010000000001	1.0
9458	3135	0.019812531787537675	0.11110900761665309	0.769001	1.0
9461	1065	0.06824997197708291	0.4912592592189934	0.313001	1.0
9467	0	0.11589159612522157	1.034542146097858	0.088001	1.0
9471	0	0.04977044865089982	0.32696670618150425	0.48300099999999996	1.0
9475	1555	0.029066082597230074	0.1714016255878362	0.635001	1.0
9481	0	0.08380590856440004	0.649158652670688	0.28400099999999995	1.0
9482	985	0.06890642026535772	0.4975543525955073	0.329001	1.0
9483	0	0.0	-0.0	1.0	1.0
9487	0	0.010778446130448156	0.05748469007525901	0.886001	1.0
9488	0	0.042888341444280303	0.27200209963700667	0.5520010000000001	1.0
9491	0	0.05497284607405943	0.37072768065155887	0.42000099999999996	1.0
9492	1223	0.09100961847270694	0.728562388242056	0.162001	1.0
9493	0	0.06101942964232682	0.4240259249315965	0.375001	1.0
9496	3556	0.1345415953402307	1.297289090521431	0.046001	1.0
9497	464	0.0	-0.0	1.0	1.0
9501	0	0.0646291146510805	0.4571100651138915	0.36300099999999996	1.0
9504	1397	0.05594517777420802	0.37912062581429296	0.391001	1.0
9505	2579	0.134612871737053	1.2983497346388555	0.050001000000000004	1.0
9506	0	0.012441860563714293	0.06697852394538453	0.856001	1.0
9508	2161	0.01642079967959415	0.09038017710140153	0.7820010000000001	1.0
9510	1357	0.1691427621438333	1.864436751407831	0.016001	0.8148602279069768
9513	0	0.001396810324426864	0.007062386404715114	0.989001	1.0
9514	349	0.007429545889637006	0.038881646677118326	0.9210010000000001	1.0
9516	0	0.1164283427706766	1.0416972275920968	0.028001	0.9234426174698795
9517	1780	0.18298896523411828	2.121589265061158	0.007001	0.6394375839416058
9520	2491	0.0877964073597012	0.6926454349584933	0.205001	1.0
9525	2445	0.0808827795141395	0.6180839229142201	0.241001	1.0
9526	1957	0.022721960457943825	0.1294710162000518	0.738001	1.0
9527	0	0.006627270803741304	0.03452544060809832	0.9340010000000001	1.0
9531	0	0.08355671498871	0.6464839231668585	0.219001	1.0
9536	4279	0.019901944948490742	0.11166528625402777	0.776001	1.0
9541	4280	0.12789549516881848	1.2002942965467625	0.07000100000000001	1.0
9542	4281	0.018990115769443466	0.10601614603592048	0.7920010000000001	1.0
9543	3374	0.07368170484521078	0.5443155522075352	0.391001	1.0
9544	3437	0.01561980362209794	0.0855901874924138	0.819001	1.0
9545	0	0.14197100653905842	1.4101958711232048	0.025001000000000002	0.9234426174698795
9548	3952	0.007211783839548035	0.037695422466530536	0.9270010000000001	1.0
9551	3682	0.02993803882280756	0.17737009419356198	0.6840010000000001	1.0
9552	3870	0.08345503129938572	0.6453938729040632	0.231001	1.0
9559	0	0.028345373756936895	0.16650616753044864	0.703001	1.0
9561	3951	0.03912126401658145	0.24330395480465825	0.582001	1.0
9562	3282	0.01743612862749263	0.09650954929910571	0.849001	1.0
9564	4280	0.07429323328227397	0.5504274185586551	0.30400099999999997	1.0
9567	2806	0.013810939464888214	0.0749199569983699	0.818001	1.0
9569	0	0.051190028438311386	0.3387172779791302	0.454001	1.0
9570	0	0.11027567028391905	0.9611022209201975	0.106001	1.0
9571	0	0.038955767830657406	0.24206543553096904	0.582001	1.0
9572	0	0.04472589144478555	0.28635522505715955	0.5370010000000001	1.0
9573	4282	0.0440930377139506	0.281385619643431	0.5370010000000001	1.0
9576	0	0.02543980291994885	0.14711433914962999	0.715001	1.0
9583	3261	0.12356547673034214	1.1391138654808208	0.075001	1.0
9585	3674	0.06375874850282055	0.44904551421915195	0.338001	1.0
9588	2823	0.019162661588545106	0.10708109878741962	0.773001	1.0
9589	4008	0.0532335338391741	0.35588300732476835	0.450001	1.0
9590	1252	0.07858469339407625	0.5941137418082536	0.264001	1.0
9596	4007	0.06917827887440121	0.5001707568328815	0.29700099999999996	1.0
9597	1797	0.0470105492247146	0.30452756518463114	0.49200099999999997	1.0
9598	2569	0.10362069139243879	0.8774087976798857	0.142001	1.0
9605	0	0.05899881673676474	0.4059210569741316	0.384001	1.0
9606	0	0.015694323300948124	0.08603412969349215	0.823001	1.0
9607	0	0.013559313495207144	0.07345171329760211	0.822001	1.0
9612	1147	0.07122944719186437	0.5200890749380424	0.31100099999999997	1.0
9613	1611	0.00859320326512053	0.04526883091592916	0.903001	1.0
9614	1530	0.2096242203423941	2.666984446305496	1e-06	0.0005762631578947368
9616	2313	0.17284530663906236	1.9314715233442774	0.013000999999999999	0.729989482051282
9620	0	0.061694576267819885	0.43014148151555576	0.378001	1.0
9621	576	0.03367787877223098	0.2035397022757032	0.605001	1.0
9624	0	0.056790410208609865	0.38647161018577425	0.41400099999999995	1.0
9625	3972	0.027560332346681905	0.16121247181083304	0.7870010000000001	1.0
9628	0	0.03469590234525789	0.21082470832819566	0.588001	1.0
9637	985	0.16495852280430212	1.7901842144167932	0.012001	0.7219722472527472
9642	0	0.04865099838951289	0.3178006482718825	0.48100099999999996	1.0
9645	0	0.1102064000645717	0.9602125196020117	0.127001	1.0
9646	0	0.0754130070408473	0.5616920200927629	0.28900099999999995	1.0
9647	182	0.0984297583810068	0.8146081278821936	0.182001	1.0
9651	0	0.008921383008593946	0.0470849360009715	0.9250010000000001	1.0
9652	3431	0.06375930388952847	0.4490506425302711	0.35100099999999995	1.0
9656	963	0.045956315307003386	0.2960969443025474	0.513001	1.0
9657	0	0.044567737284148465	0.28511068702506565	0.5390010000000001	1.0
9658	1185	0.024144292219197318	0.1386448889812831	0.713001	1.0
9659	4237	0.014689716100134179	0.08007837262292511	0.849001	1.0
9660	2133	0.04057219720101153	0.2542422556978495	0.5560010000000001	1.0
9664	0	0.09371527072372224	0.7594337486053488	0.178001	1.0
9666	1657	0.013641956032060485	0.07393350313430816	0.859001	1.0
9668	1217	0.06261730078343795	0.438553421644737	0.36100099999999996	1.0
9670	3282	0.037281232052745444	0.22963846042908598	0.605001	1.0
9671	0	0.06355750112602156	0.44718873248606106	0.48100099999999996	1.0
9673	2320	0.010472031762969305	0.05575429375240896	0.883001	1.0
9674	0	0.06051648107054866	0.41949173513119026	0.376001	1.0
9676	2106	0.05593347339977026	0.3790191931696844	0.42400099999999996	1.0
9677	2260	0.0244782480854224	0.1408177577870568	0.724001	1.0
9679	0	0.013867880447308755	0.07525275195300385	0.850001	1.0
9683	1696	0.2330905097282426	3.2049205309309166	0.001001	0.3653316333333333
9686	0	0.04603572831971731	0.2967293044255197	0.49200099999999997	1.0
9688	0	0.058830402528542644	0.40442542144484306	0.395001	1.0
9690	874	0.029145818018925438	0.17194532932628484	0.6800010000000001	1.0
9694	0	0.13369912565198386	1.284785483570267	0.051001	1.0
9697	874	0.04423596207521972	0.2825055344957923	0.516001	1.0
9699	0	0.0009855301161152408	0.00497113409555371	0.992001	1.0
9701	0	0.0840649993340661	0.6519446947154308	0.228001	1.0
9704	2744	0.10486851494385141	0.8928280760954568	0.120001	1.0
9705	2790	0.08718064313746318	0.6858544674516419	0.277001	1.0
9706	2931	0.080431173991337	0.6133415738228926	0.30100099999999996	1.0
9707	1837	0.001967823532035416	0.009982203039200962	0.982001	1.0
9712	985	0.09280640503979459	0.7489993725123405	0.175001	1.0
9718	0	0.040021402791663094	0.25007299458105037	0.565001	1.0
9719	0	0.02173447591413224	0.12317823286258445	0.761001	1.0
9720	0	0.024633718433285923	0.14183177572984682	0.716001	1.0
9722	4288	0.026859660794240018	0.15652172618508234	0.6870010000000001	1.0
9723	0	0.03316337653853336	0.1998842789519321	0.6620010000000001	1.0
9725	3572	0.04077995649835707	0.2558202897609311	0.5540010000000001	1.0
9729	2491	0.13468901449899354	1.2994832745114695	0.057001	1.0
9735	2370	0.016754141494202048	0.09238538661896287	0.817001	1.0
9737	742	0.14116415750636263	1.3977031643373008	0.043001	1.0
9740	2235	0.04427248637269378	0.2827919555351764	0.518001	1.0
9741	0	0.032194195470376955	0.19304641153457208	0.640001	1.0
9742	0	0.12367127124716354	1.140589877563163	0.083001	1.0
9746	3303	0.0014558839734396724	0.007363570385880082	0.987001	1.0
9748	0	0.009156263539186499	0.048388733708031435	0.870001	1.0
9752	3346	0.04558358270615915	0.29313476855777776	0.517001	1.0
9753	0	0.0	-0.0	1.0	1.0
9754	0	0.058303979676501146	0.39976365182847695	0.40800099999999995	1.0
9758	1647	0.006960101358295924	0.036327966434641056	0.9290010000000001	1.0
9761	3145	0.059620054753313834	0.4114558516615536	0.374001	1.0
9762	4291	0.028748113868688956	0.16923760028352058	0.704001	1.0
9764	3682	0.11272657659028174	0.9928342527219851	0.096001	1.0
9767	0	0.09215709981971867	0.741584768439251	0.174001	1.0
9769	1467	0.05817696212600731	0.39864184035039996	0.389001	1.0
9771	1299	0.01397243297162792	0.07586433744905417	0.839001	1.0
9772	0	0.0	-0.0	1.0	1.0
9776	0	0.02403550665499793	0.13793863469567014	0.727001	1.0
9782	0	0.06772589538911732	0.4862565318623724	0.329001	1.0
9788	0	0.1164283427706766	1.0416972275920968	0.028001	0.9234426174698795
9791	2345	0.050939999851087395	0.336637334563997	0.48300099999999996	1.0
9792	2249	0.0	-0.0	1.0	1.0
9794	1728	0.0012653886488682153	0.006393069802860266	0.980001	1.0
9803	0	0.03679004322464607	0.22602932922778327	0.598001	1.0
9804	1689	0.07444606839956203	0.5519593182261651	0.266001	1.0
9809	3455	0.044434005211997356	0.2840596833794004	0.629001	1.0
9813	0	0.19685714717544256	2.3970954495425523	0.003001	0.5665163620689656
9814	4298	0.04123377505123939	0.25927754989943264	0.5350010000000001	1.0
9824	0	0.07607786488652399	0.5684251410366169	0.28500099999999995	1.0
9825	3190	0.00560333101593407	0.02902156033084062	0.9350010000000001	1.0
9826	0	0.012707936603905332	0.06851287704128002	0.865001	1.0
9831	0	0.026529234551502672	0.15432075153109165	0.696001	1.0
9834	1035	0.01881082653831855	0.10491156602691036	0.7890010000000001	1.0
9835	0	0.10931219045216314	0.9487625386800523	0.100001	1.0
9836	0	0.009595814567408809	0.05083761318527821	0.879001	1.0
9838	624	0.006900679822887598	0.03600566796076675	0.9340010000000001	1.0
9840	988	0.04434679442617549	0.28337495949028496	0.5460010000000001	1.0
9843	0	0.0	-0.0	1.0	1.0
9844	0	0.0889102559551863	0.7050045763731498	0.170001	1.0
9850	0	0.057552217150848205	0.3931410862432281	0.393001	1.0
9851	529	0.05383902595761693	0.3610262567769491	0.42100099999999996	1.0
9853	0	0.0006196535985253833	0.003119024448680694	0.994001	1.0
9855	3540	0.040471270798347156	0.2534767363638633	0.580001	1.0
9859	3972	0.04302310350737429	0.2730467976788349	0.5420010000000001	1.0
9862	3135	0.027403436828303984	0.1601593269916888	0.6750010000000001	1.0
9865	1068	0.03880944759022554	0.24097197581655747	0.651001	1.0
9867	3682	0.0	-0.0	1.0	1.0
9876	0	0.040756047744158655	0.25563854051276597	0.514001	1.0
9877	0	0.026711906502792065	0.1555366531428601	0.6780010000000001	1.0
9880	4303	0.01767395934221082	0.09795463985893639	0.8000010000000001	1.0
9884	0	0.019396920875792457	0.1085299605014643	0.7820010000000001	1.0
9885	0	0.011059433339762389	0.05907652635429789	0.878001	1.0
9886	0	0.09720123124673954	0.8000604948447751	0.165001	1.0
9888	0	0.1213414228673445	1.1083016043657377	0.072001	1.0
9889	1283	0.12006659510080284	1.0908264161978902	0.071001	1.0
9890	1606	0.03638540270249818	0.223068382340033	0.610001	1.0
9895	0	0.10590001330172472	0.9056692289839064	0.126001	1.0
9898	918	0.0227329661841471	0.1295415026568507	0.747001	1.0
9902	2373	0.06659838893198883	0.4755625876512082	0.37200099999999997	1.0
9904	0	0.09202792291478104	0.7401136157197872	0.204001	1.0
9906	0	0.04979143366687745	0.32713937388373604	0.463001	1.0
9911	4021	0.03230341258302381	0.19381384486988487	0.634001	1.0
9912	0	0.017842766017187886	0.09898248814062913	0.8030010000000001	1.0
9913	1147	0.07125861547925963	0.5203745861615636	0.28400099999999995	1.0
9916	0	0.042297438522287234	0.2674361010191525	0.5440010000000001	1.0
9918	1900	0.036214773399479344	0.22182311958963916	0.597001	1.0
9919	0	0.046936608023336934	0.30393373391075695	0.5320010000000001	1.0
9920	3755	0.06179393898244952	0.4310443262490278	0.35900099999999996	1.0
9922	0	0.1739144079677961	1.951061279616701	0.012001	0.7219722472527472
9923	887	0.030728836171591334	0.18282639060955916	0.653001	1.0
9924	529	0.05604852954817546	0.38001672150362936	0.41000099999999995	1.0
9926	0	0.0914345558487059	0.7333728035293581	0.176001	1.0
9927	3387	0.08156556402916115	0.6252835838240177	0.249001	1.0
9931	3017	0.04439348966755527	0.2837415154114415	0.48800099999999996	1.0
9932	1442	0.02287176696996242	0.13043112299097748	0.752001	1.0
9940	0	0.020397198261012533	0.11475566348827854	0.756001	1.0
9943	752	0.007613342869350052	0.03988506786224715	0.9290010000000001	1.0
9944	0	0.013836411450000408	0.07506880474944333	0.828001	1.0
9947	0	0.04884809922521985	0.3194081167235161	0.48100099999999996	1.0
9949	1780	0.06268577013375382	0.43918009662356894	0.36800099999999997	1.0
9958	0	0.038342589516694496	0.23749285403514997	0.576001	1.0
9959	3636	0.0038174188153059577	0.01957114723745388	0.951001	1.0
9962	0	0.040529375610869535	0.2539173719499749	0.571001	1.0
9970	3480	0.0005819127650719957	0.002928418740806645	0.993001	1.0
9974	0	0.025898376298392096	0.15013832963260912	0.6870010000000001	1.0
9976	1628	0.11511002374413234	1.0241659928234355	0.083001	1.0
9978	1985	0.006936290666484154	0.03619879341449348	0.9110010000000001	1.0
9979	0	0.0	-0.0	1.0	1.0
9981	0	0.1259569393106831	1.1727084388908364	0.074001	1.0
9982	742	0.0004733455939827174	0.0023805741527728654	0.995001	1.0
9983	0	0.02074202258966471	0.11691656871181592	0.763001	1.0
9984	1034	0.10268623315895638	0.8659439627535984	0.14000100000000001	1.0
9990	917	0.03675915862325975	0.22580294209155222	0.634001	1.0
9991	0	0.05161151178059192	0.3422335415856329	0.444001	1.0
9993	4288	0.068057147223439	0.4894162239815817	0.449001	1.0
9994	4310	0.07076371450679855	0.5155389111820335	0.29600099999999996	1.0
9995	532	0.03166228163142906	0.18932015714455536	0.652001	1.0
10001	0	0.07462111497452145	0.5537160129339493	0.28500099999999995	1.0
10002	3478	0.041562340993383184	0.26178943192334303	0.5560010000000001	1.0
10010	2260	0.08925404789979774	0.708838804179388	0.179001	1.0
10018	3708	0.03152934449483225	0.188391817237878	0.642001	1.0
10021	1151	0.19497551612626174	2.3586458064173828	0.006001	0.6394375839416058
10024	3145	0.04167794930182003	0.26267501854843567	0.5470010000000001	1.0
10025	2239	0.048933651309414815	0.3201066918514046	0.571001	1.0
10028	0	0.05380811800788817	0.3607630813756966	0.42900099999999997	1.0
10029	2733	0.013311217241494117	0.07200789349982208	0.839001	1.0
10034	2409	0.05416679261256299	0.36382132322279226	0.438001	1.0
10035	1241	0.052370663868745095	0.3485986091960466	0.442001	1.0
10036	0	0.024749588472442463	0.14258852624564805	0.712001	1.0
10037	917	0.037684536065871174	0.232614044982199	0.6710010000000001	1.0
10042	0	0.07065560525152381	0.5144850129600674	0.339001	1.0
10045	0	0.10553758728056013	0.9011475667428928	0.122001	1.0
10046	1611	0.004423573698638531	0.022757513710914522	0.953001	1.0
10047	3870	0.018437257445160265	0.10261656950031224	0.7910010000000001	1.0
10049	0	0.12500751048874498	1.1593135717226444	0.068001	1.0
10052	1147	0.061914208044209065	0.43213809726828856	0.336001	1.0
10055	762	0.05005856283376918	0.32934006374186364	0.5550010000000001	1.0
10058	994	0.027810068854511302	0.16289212150290322	0.708001	1.0
10060	0	0.06962286773675791	0.5044613959514443	0.318001	1.0
10061	0	0.0	-0.0	1.0	1.0
10063	171	0.0014073156712707674	0.007115932495684035	0.984001	1.0
10068	2554	0.032758516458630094	0.19702025805439777	0.644001	1.0
10072	1756	0.00013325619321603865	0.0006688650901925847	0.998001	1.0
10075	1727	0.0941345548132625	0.7642693703153118	0.168001	1.0
10079	1367	0.05515294864436257	0.3722771726213587	0.42200099999999996	1.0
10082	0	0.12058307892280519	1.0978899789854115	0.077001	1.0
10089	1343	0.10659161982536366	0.914327305879252	0.111001	1.0
10090	0	0.06671973383874974	0.47670897724377387	0.314001	1.0
10091	2710	0.00021158876715538996	0.0010625272923683595	0.996001	1.0
10092	742	0.02697508287239287	0.1572922315436963	0.6700010000000001	1.0
10094	1065	0.08743111140214138	0.6886132016515953	0.209001	1.0
10095	0	0.1054088907965168	0.8995444949338802	0.118001	1.0
10097	0	0.09857984131894185	0.8163935801153683	0.158001	1.0
10101	2088	0.0578279657377332	0.3955655243125548	0.388001	1.0
10103	0	0.09812995053159318	0.8110468588747969	0.177001	1.0
10107	1147	0.01863912443793409	0.1038556322315069	0.7920010000000001	1.0
10109	0	0.014838184004446843	0.08095460578628028	0.849001	1.0
10111	3915	0.04036438654296946	0.25266678705629453	0.528001	1.0
10117	0	0.002581889993855892	0.013143454907099446	0.975001	1.0
10118	3145	0.05074625895149061	0.33502867911115336	0.463001	1.0
10121	349	0.040685281004677235	0.25510081627900577	0.573001	1.0
10122	1185	0.11844703724983953	1.0688209551838694	0.088001	1.0
10123	987	0.06951959213700364	0.5034633909093504	0.30300099999999996	1.0
10127	0	0.009627617489441173	0.05101525186627758	0.876001	1.0
10129	935	0.045990387812508186	0.2963682074131991	0.49300099999999997	1.0
10132	4126	0.07147166284841304	0.5224619126530139	0.30100099999999996	1.0
10133	134	0.049575878702349085	0.32536723461051315	0.468001	1.0
10134	1604	0.08732493567004561	0.6874431537467248	0.224001	1.0
10135	0	0.05621089381257671	0.3814260249135211	0.41600099999999995	1.0
10136	56	0.068057147223439	0.4894162239815817	0.449001	1.0
10137	2048	0.16083198791833925	1.718507032192578	0.015000999999999999	0.7858657846889952
10152	1038	0.005228038711016176	0.027019939727187723	0.938001	1.0
10153	932	0.11146520186541603	0.9764417005111656	0.11700100000000001	1.0
10156	2424	0.04091800859869055	0.25687049819927243	0.5340010000000001	1.0
10157	0	0.005969833449208248	0.03098439429403732	0.9220010000000001	1.0
10158	917	0.02596853764969312	0.15060220189845924	0.729001	1.0
10160	918	0.11733313283779806	1.0538124631746646	0.089001	1.0
10163	0	0.025450312889113612	0.14718349273712597	0.730001	1.0
10167	1932	0.0006335180150585928	0.0031890658640447117	0.991001	1.0
10168	0	0.1337193748139024	1.2850853015243435	0.051001	1.0
10169	0	0.20747666376463778	2.620480197452033	0.006001	0.6394375839416058
10183	0	0.010997977198951934	0.058727955999192366	0.864001	1.0
10187	0	0.04198809681391481	0.26505535747665115	0.528001	1.0
10189	0	0.14170903766660203	1.4061335289984607	0.035001000000000004	0.9905231026894865
10190	3431	0.020068212274195002	0.11270105686323362	0.765001	1.0
10192	135	0.10415631981675591	0.8840121310934496	0.113001	1.0
10194	2249	0.06911439467736048	0.4995554323343515	0.30300099999999996	1.0
10196	1060	0.013080552063877999	0.07066892157160176	0.848001	1.0
10204	0	0.15827568715214216	1.6748723880491452	0.023001	0.9234426174698795
10205	3762	0.0361896509190002	0.2216399401041378	0.597001	1.0
10206	0	0.07129741776959779	0.5207544976555316	0.343001	1.0
10211	0	0.013889766435786127	0.07538071924842434	0.834001	1.0
10219	0	0.001908185939954881	0.009676361320995875	0.969001	1.0
10220	0	0.05568312045554098	0.3768519343813499	0.5450010000000001	1.0
10223	3416	0.009561747957012088	0.0506473984922127	0.9250010000000001	1.0
10224	0	0.023249604530038867	0.13285907670598193	0.735001	1.0
10226	0	0.1040543160027786	0.882752823951568	0.118001	1.0
10232	1306	0.027496498705298435	0.16078380104376094	0.700001	1.0
10234	946	0.006023371816191364	0.03127179379763228	0.938001	1.0
10238	0	0.11206158248454715	0.9841758700209311	0.108001	1.0
10239	0	0.008109653497774663	0.04260477631704361	0.9100010000000001	1.0
10240	1835	0.007081814228537112	0.03698878965984303	0.9110010000000001	1.0
10246	1657	0.003489959596573	0.01785882469177002	0.976001	1.0
10249	3270	0.06724385777273689	0.48167308061435	0.319001	1.0
10251	1185	0.038728349907838355	0.2403665556114656	0.5600010000000001	1.0
10255	103	0.027173101951947193	0.15861614124824863	0.701001	1.0
10256	0	0.01048156458720978	0.05580804169539664	0.877001	1.0
10258	0	0.027272280737991404	0.15928018947604275	0.6830010000000001	1.0
10259	1984	0.16486862058810572	1.7886062538926495	0.010001	0.6974582738853503
10265	0	0.031211960344768433	0.1861801677867258	0.6610010000000001	1.0
10268	3335	0.030781166560896574	0.18318891449265262	0.6570010000000001	1.0
10271	0	0.02100390767178337	0.11856277565152451	0.767001	1.0
10274	0	0.03789420108294547	0.2341653122421062	0.586001	1.0
10277	3576	0.048248596963231846	0.3145273080107057	0.48700099999999996	1.0
10279	0	0.19245156122495088	2.307600748207334	0.005001	0.6394375839416058
10282	2258	0.05918721207393968	0.4075965726233309	0.36800099999999997	1.0
10283	0	0.014481254219197572	0.07885037331463446	0.841001	1.0
10288	0	0.055160756127834144	0.3723443959431284	0.42700099999999996	1.0
10291	1716	0.1952500780865839	2.364235198709868	0.003001	0.5665163620689656
10298	3509	0.0	-0.0	1.0	1.0
10300	0	0.0984297583810068	0.8146081278821936	0.182001	1.0
10303	0	0.07504231780678806	0.557952507851095	0.271001	1.0
10305	0	0.0656884433759076	0.4670006631078407	0.34800099999999995	1.0
10308	4073	0.07632570605251446	0.5709436311820602	0.278001	1.0
10310	0	0.0025395024238260497	0.01292453092417908	0.971001	1.0
10313	887	0.14363494846307068	1.4361377957556756	0.038001	1.0
10315	987	0.009561747957012088	0.0506473984922127	0.9250010000000001	1.0
10323	1661	0.0025566976031274795	0.013013328146722286	0.977001	1.0
10326	1254	0.05165867930722575	0.3426278240454673	0.48700099999999996	1.0
10327	742	0.13697361088147375	1.3337254703664445	0.037001	0.9905231026894865
10329	1797	0.14882625586750825	1.5186265360192828	0.029001000000000002	0.9422313026706233
10335	0	0.08892658868106482	0.7051865224560538	0.173001	1.0
10337	0	0.031634160792698506	0.189123683103687	0.636001	1.0
10351	1797	0.021621124646109303	0.12245988906129594	0.752001	1.0
10353	1768	0.03172124200251558	0.1897322705109291	0.618001	1.0
10354	0	0.10342421586119901	0.8749924070769869	0.126001	1.0
10355	0	0.02916155797848308	0.17205270712578613	0.6740010000000001	1.0
10356	0	0.009039122511155642	0.04773807859962726	0.879001	1.0
10358	0	0.1322582595291682	1.2635413204259147	0.045001	1.0
10363	0	0.05322060932523315	0.35577350701531907	0.444001	1.0
10365	0	0.03837643526195243	0.23774458133601167	0.616001	1.0
10366	2007	0.0453039258532506	0.2909186299867504	0.507001	1.0
10368	0	0.006576892462397774	0.03425318212409751	0.9160010000000001	1.0
10369	0	0.003937190335240271	0.020199027084963114	0.979001	1.0
10373	0	0.06074757882918898	0.4215728454893676	0.42800099999999996	1.0
10377	1075	0.1016331698242887	0.8531081495645676	0.137001	1.0
10379	1060	0.06932809981185295	0.5016150047321757	0.339001	1.0
10384	0	0.1493442513520347	1.5269869962675995	0.027001	0.9234426174698795
10385	3039	0.0927327918568799	0.7481570944140123	0.179001	1.0
10386	887	0.08749771590451642	0.6893476255268562	0.210001	1.0
10388	3477	0.07069027097163215	0.5148228550563339	0.341001	1.0
10389	0	0.10473412779410578	0.8911614217617807	0.137001	1.0
10392	1913	0.06467279738392137	0.45751628323506954	0.41000099999999995	1.0
10393	1111	0.019298683110172604	0.1079219506126019	0.778001	1.0
10395	1342	0.07081179659246516	0.5160079178460446	0.30000099999999996	1.0
10399	2448	0.014304182000033883	0.07780939938410994	0.839001	1.0
10400	1605	0.11000866507479834	0.9576749834776916	0.106001	1.0
10404	0	0.03779683663341805	0.2334445624872728	0.5620010000000001	1.0
10410	0	0.02152666525609015	0.12186189614410133	0.749001	1.0
10412	137	0.060170974956115265	0.41638758299851	0.403001	1.0
10416	2239	0.018708440605339275	0.10428168889817262	0.8080010000000001	1.0
10421	1525	0.06743550388353031	0.48349328446367346	0.327001	1.0
10423	4244	0.020253327170390672	0.11385630373156926	0.758001	1.0
10425	0	0.029758486231622916	0.17613697731739852	0.6770010000000001	1.0
10428	1065	0.047195630188175464	0.30601564938608494	0.48200099999999996	1.0
10430	0	0.0	-0.0	1.0	1.0
10431	5	0.04154072081334087	0.2616239181789677	0.5550010000000001	1.0
10437	0	0.024772266497396816	0.14273673864979552	0.723001	1.0
10438	5	0.10053879636074836	0.8398631270446966	0.149001	1.0
10439	2946	0.09990025088421911	0.8321792398147925	0.147001	1.0
10442	1397	0.05100310708443537	0.33716189513646444	0.455001	1.0
10444	1283	0.006082826034636675	0.03159115061588388	0.9310010000000001	1.0
10445	1106	0.03194409289276257	0.1912920088387009	0.6680010000000001	1.0
10446	2568	0.06702337300412087	0.4795823393155152	0.338001	1.0
10448	4078	0.05627272957680249	0.38196325024685435	0.41300099999999995	1.0
10449	1077	0.04076720207628782	0.25572332849366086	0.584001	1.0
10450	1990	0.1178619828030846	1.060925230885437	0.099001	1.0
10454	2403	0.024862496531898533	0.1433267671858435	0.727001	1.0
10456	1120	0.049339288053319275	0.3234259222886217	0.47000099999999995	1.0
10457	0	0.044228628141352616	0.28244803342945746	0.5450010000000001	1.0
10465	4280	0.043977866493922546	0.28048419963981724	0.5350010000000001	1.0
10466	0	0.06168244641813379	0.43003131475093825	0.35600099999999996	1.0
10470	0	0.026152656449959778	0.15182102577717105	0.708001	1.0
10471	1254	0.020003279743263908	0.11229634766188604	0.763001	1.0
10475	3708	0.005914417273730356	0.030687094595214962	0.952001	1.0
10478	0	0.03565569625109715	0.21775669250528876	0.607001	1.0
10481	0	0.04449641615511426	0.2845500182194432	0.49200099999999997	1.0
10484	4325	0.10198390907873364	0.8573734218305133	0.151001	1.0
10485	348	0.07596278534195593	0.567257317820015	0.273001	1.0
10486	0	0.12990936936402608	1.2292885854318425	0.064001	1.0
10490	0	0.012657408321231037	0.06822116597647516	0.860001	1.0
10491	0	0.017293657795739426	0.09564557900763525	0.822001	1.0
10493	2349	0.004339625726526776	0.022314929155408593	0.953001	1.0
10497	0	0.10506277141339732	0.895239802858075	0.119001	1.0
10498	3708	0.032241410455787274	0.19337807862518996	0.622001	1.0
10500	0	0.0	-0.0	1.0	1.0
10501	1217	0.012747538226033028	0.06874161584329644	0.848001	1.0
10508	4133	0.10431704057844338	0.8859980430992492	0.126001	1.0
10509	602	0.04823852129496313	0.3144454931709538	0.47900099999999995	1.0
10515	0	0.025510839663874484	0.14758188674990827	0.700001	1.0
10516	1442	0.023057765482294545	0.13162518834558085	0.725001	1.0
10519	3999	0.03956938660567335	0.24666692563755063	0.569001	1.0
10521	4008	0.052784013974694406	0.3520815270176377	0.42500099999999996	1.0
10523	1727	0.08880316174477312	0.7038120659855425	0.206001	1.0
10527	1343	0.036326502999485304	0.22263830683234687	0.595001	1.0
10529	138	0.06004806415854763	0.4152853995724104	0.389001	1.0
10530	3657	0.06180540861877566	0.43114858979655946	0.36900099999999997	1.0
10532	0	0.04380279529720768	0.27911571392708295	0.5380010000000001	1.0
10535	0	0.02713633560424206	0.15837013653488882	0.693001	1.0
10538	1612	0.07892685181139919	0.5976570704625149	0.255001	1.0
10539	0	0.11712323009637407	1.0509958032895474	0.084001	1.0
10546	3335	0.06454963025997598	0.4563712771785714	0.341001	1.0
10548	0	0.10450847253456662	0.8883661524909106	0.147001	1.0
10550	3432	0.07788995355123109	0.5869465859416074	0.260001	1.0
10552	0	0.06155634594095766	0.42888666989227586	0.37200099999999997	1.0
10559	0	0.019705488216521617	0.1104437091209696	0.7860010000000001	1.0
10560	0	0.039538181744935626	0.24643230281444514	0.592001	1.0
10561	0	0.17192994387866414	1.9147821295728973	0.013000999999999999	0.729989482051282
10562	3632	0.01929616419310541	0.10790636864576206	0.7920010000000001	1.0
10563	0	0.07522242037709118	0.5597680850752542	0.28500099999999995	1.0
10566	38	0.20106992945795227	2.484410185162668	0.004001	0.6394375839416058
10567	1766	0.00656429787706192	0.03418514122706048	0.9270010000000001	1.0
10577	0	0.014819992345527382	0.08084716804309454	0.825001	1.0
10578	532	0.02079055102054976	0.11722128829728473	0.758001	1.0
10579	0	0.03329374440328819	0.20080884146455125	0.626001	1.0
10585	0	0.012255790990347164	0.06590812096173117	0.855001	1.0
10594	1647	0.05346023637521999	0.35780563310091035	0.449001	1.0
10596	0	0.12334831732701776	1.1360870666548404	0.083001	1.0
10599	0	0.009325162694233148	0.04932833985720604	0.883001	1.0
10600	0	0.0	-0.0	1.0	1.0
10602	735	0.03894391351080005	0.2419767932568926	0.565001	1.0
10612	3240	0.03517491847953602	0.21427660072172205	0.606001	1.0
10615	1197	0.01235023482574783	0.06645116253274212	0.848001	1.0
10617	0	0.009811943694881262	0.052046034810953164	0.887001	1.0
10620	4237	0.027073255404904573	0.1579482705805421	0.707001	1.0
10622	2491	0.0	-0.0	1.0	1.0
10626	917	0.02418010266496149	0.13887754346673192	0.716001	1.0
10630	3282	0.0	-0.0	1.0	1.0
10634	0	0.1230239095608992	1.1315727902356638	0.07000100000000001	1.0
10637	1860	0.01884275912101365	0.10510815033004577	0.7900010000000001	1.0
10649	0	0.05386074418890105	0.3612112242173533	0.47000099999999995	1.0
10653	0	0.05809590627387855	0.3979265690918237	0.41200099999999995	1.0
10655	874	0.021514070670754292	0.1217822068034221	0.712001	1.0
10659	1993	0.14371681326775396	1.437420337958807	0.033001	0.9848596534391535
10660	0	0.08452740933060757	0.65692993999514	0.215001	1.0
10661	0	0.06393499130077113	0.4506740350805745	0.35100099999999995	1.0
10667	3132	0.04920704490729253	0.32234253592523837	0.463001	1.0
10668	918	0.01175706762240391	0.06304959294962272	0.870001	1.0
10674	0	0.07368170484521078	0.5443155522075352	0.391001	1.0
10676	0	0.024185597773618818	0.13891325159237972	0.761001	1.0
10683	916	0.11356985443694144	1.0038661645215508	0.099001	1.0
10684	0	0.04567527265279014	0.2938625489467459	0.505001	1.0
10685	3478	0.09956226564206411	0.8281253219910985	0.144001	1.0
10686	0	0.07011985659812803	0.5092751724921005	0.29900099999999996	1.0
10692	2043	0.07569975516132109	0.5645918614521038	0.256001	1.0
10693	0	0.028941415024217453	0.17055237384256683	0.6790010000000001	1.0
10698	4338	0.06689865892860648	0.47840133445852734	0.35000099999999995	1.0
10699	2689	0.06763586582694943	0.48539917865725424	0.31000099999999997	1.0
10706	0	0.0344514723802484	0.20906922709593326	0.641001	1.0
10712	0	0.03199129519661775	0.19162280213665508	0.651001	1.0
10716	0	0.02320332432297999	0.13256119086374343	0.738001	1.0
10719	2373	0.09956678945414943	0.8281795219422045	0.136001	1.0
10722	0	0.04971706299677707	0.3265275813180137	0.47500099999999995	1.0
10724	0	0.07091291052398324	0.516994776378829	0.30000099999999996	1.0
10726	0	0.0035370731013970626	0.018104797238935648	0.961001	1.0
10729	0	0.05848247667614126	0.4013420973438206	0.406001	1.0
10731	0	0.1453835935603704	1.463660151357983	0.032001	0.975985930362117
10732	3145	0.11160533044707298	0.978256339897319	0.116001	1.0
10733	532	0.05610286301667437	0.38048811907616814	0.404001	1.0
10736	141	0.08057637860337473	0.6148646765786916	0.253001	1.0
10740	2813	0.03967665677570238	0.24747397432544765	0.578001	1.0
10743	1	0.017524083965475768	0.09704356343201768	0.8050010000000001	1.0
10744	2844	0.0069837650046536345	0.03645637539577916	0.9330010000000001	1.0
10745	1369	0.04810627814893638	0.31337233343356263	0.48100099999999996	1.0
10746	3043	0.003560489274453963	0.018227098248769055	0.971001	1.0
10747	1306	0.0	-0.0	1.0	1.0
10751	0	0.03468922270095583	0.2107766822720833	0.601001	1.0
10753	0	0.13415532567254063	1.291548686392042	0.051001	1.0
10754	2205	0.14344962738966208	1.433236602689507	0.031001	0.9697998542857144
10755	3786	0.05942489591913631	0.40971410994028923	0.381001	1.0
10756	1179	0.140891755062854	1.393498216401839	0.047001	1.0
10759	19	0.046204820414772946	0.29807723650470486	0.49200099999999997	1.0
10763	1689	0.04166110449750375	0.2625459262800454	0.530001	1.0
10766	3682	0.00956174795701209	0.05064739849221275	0.9290010000000001	1.0
10773	2408	0.12112338663371452	1.1053031755393707	0.071001	1.0
10775	0	0.03199161203809199	0.19162502305886858	0.645001	1.0
10776	0	0.059235488460176414	0.4080263380569077	0.391001	1.0
10779	4342	0.011437164550514137	0.06122403121102722	0.864001	1.0
10781	2419	0.01963122897976186	0.10998259888086169	0.7870010000000001	1.0
10783	1068	0.055202524951918845	0.37270410442942914	0.42700099999999996	1.0
10784	1299	0.07368170484521078	0.5443155522075352	0.391001	1.0
10787	0	0.0242773226934469	0.1395095830371027	0.702001	1.0
10790	0	0.006434573648102307	0.033484872066380865	0.9260010000000001	1.0
10791	0	0.05960301654506053	0.41130368004834034	0.40800099999999995	1.0
10793	1442	0.050814134521257645	0.33559195661401364	0.468001	1.0
10794	3107	0.07005603323958776	0.5086559559951338	0.29200099999999996	1.0
10796	0	0.010008916966425738	0.053149822739698024	0.898001	1.0
10797	0	0.06939490574217838	0.5022595410686518	0.30100099999999996	1.0
10800	0	0.06419227507959693	0.45305548571339715	0.34600099999999995	1.0
10803	2266	0.04853651063327602	0.31686818896325386	0.49700099999999997	1.0
10808	0	0.007954730079484353	0.04175422729377605	0.9130010000000001	1.0
10810	0	0.008436567808545941	0.044404323646021635	0.904001	1.0
10812	1462	0.008070603393008302	0.04239025006226336	0.9090010000000001	1.0
10813	1110	0.0	-0.0	1.0	1.0
10820	0	0.012362816673292344	0.06652354811000769	0.864001	1.0
10823	349	0.04326877966445478	0.27495454520713375	0.526001	1.0
10824	1797	0.04344681954688004	0.27633968167722295	0.5320010000000001	1.0
10826	918	0.0665383209548343	0.474995506378742	0.34400099999999995	1.0
10830	1954	0.01527866254471092	0.08356229536652172	0.830001	1.0
10836	4345	0.005604376069541761	0.029027145824061795	0.940001	1.0
10837	1065	0.0646079938297639	0.4569137069345255	0.35100099999999995	1.0
10839	1456	0.0	-0.0	1.0	1.0
10841	0	0.0	-0.0	1.0	1.0
10842	0	0.05634691533420423	0.3826081340809835	0.41200099999999995	1.0
10843	38	0.037563303454816344	0.23171843020535515	0.568001	1.0
10844	171	0.12260909975955382	1.1258133770506389	0.071001	1.0
10852	363	0.0017216798154151003	0.008721236997122	0.977001	1.0
10856	0	0.008811430462433715	0.04647574745962664	0.885001	1.0
10873	3869	0.05583585646241384	0.37817360661078336	0.405001	1.0
10874	0	0.25446100212616785	3.74366669531323	1e-06	0.0005762631578947368
10877	858	0.003415305545033137	0.01746933496090499	0.952001	1.0
10880	3131	0.024652765533469165	0.1419561132692268	0.702001	1.0
10881	0	0.040305191991890824	0.2522185578266884	0.601001	1.0
10889	0	0.015344133086695091	0.0839509192280388	0.818001	1.0
10896	0	0.19561868766034712	2.371750474033663	0.004001	0.6394375839416058
10897	0	0.006528562431671523	0.033992135967783756	0.9110010000000001	1.0
10902	2897	0.07409142661392894	0.5484073645643378	0.28900099999999995	1.0
10907	3870	0.01812680315794741	0.10071600948657856	0.7910010000000001	1.0
10909	1068	0.050820219941730985	0.33564247346946324	0.46900099999999995	1.0
10920	425	0.030851696238777485	0.18367780234845602	0.6740010000000001	1.0
10922	381	0.021214319539760287	0.11988858813867616	0.770001	1.0
10927	1203	0.09689392336454403	0.7964402784950124	0.161001	1.0
10932	2397	0.005486904857648277	0.028399705092227445	0.955001	1.0
10933	0	0.008139880502580799	0.042770894938741096	0.9100010000000001	1.0
10934	4351	0.01934255169392359	0.10819338511119175	0.774001	1.0
10936	917	0.06699639786507222	0.47932679529498834	0.333001	1.0
10937	2532	0.009035696298815461	0.04771906034206062	0.885001	1.0
10938	0	0.009561747957012088	0.0506473984922127	0.9250010000000001	1.0
10948	2250	0.15727740329889855	1.6579910059375274	0.023001	0.9234426174698795
10951	1797	0.025641316285322957	0.1484415067371976	0.705001	1.0
10952	4281	0.03318488996845373	0.20003677300074837	0.726001	1.0
10957	2371	0.10434299201090456	0.8863189019847522	0.136001	1.0
10958	0	0.02378048001663917	0.13628594965803814	0.712001	1.0
10959	3999	0.1438402402040456	1.4393551204891784	0.040001	1.0
10960	0	0.011389694000093053	0.06095366897382845	0.878001	1.0
10963	0	0.007018326048947254	0.03664397855626693	0.9210010000000001	1.0
10964	0	0.03569683321749145	0.21805518311981767	0.623001	1.0
10965	0	0.014331378653700575	0.07796915704529274	0.863001	1.0
10966	0	0.02306317561993617	0.13165995337115416	0.745001	1.0
10967	1910	0.04208727280970991	0.2658179149025789	0.5540010000000001	1.0
10968	0	0.08221938515053952	0.6322113745246203	0.227001	1.0
10971	0	0.02127184073878918	0.12025152250429366	0.762001	1.0
10974	1757	0.05536027472763087	0.37406375535226777	0.41500099999999995	1.0
10978	0	0.0018236959566357586	0.009243424206128248	0.976001	1.0
10986	913	0.05120098131348802	0.3388084941440166	0.455001	1.0
10989	0	0.0	-0.0	1.0	1.0
10991	1463	0.15177268144167355	1.5664970734929515	0.025001000000000002	0.9234426174698795
11000	2610	0.0597387116780258	0.4125161841731953	0.388001	1.0
11001	0	0.06425465130025657	0.45363357993272263	0.36300099999999996	1.0
11003	1380	0.01817455563705418	0.10100794869261154	0.7850010000000001	1.0
11004	918	0.14907077149403755	1.5225700838652751	0.034001	0.9848596534391535
11007	972	0.002663754798539128	0.013566569977060659	0.971001	1.0
11010	1837	0.0523083858824779	0.34807490279731484	0.567001	1.0
11015	0	0.002463403249969089	0.012531757193403575	0.970001	1.0
11016	887	0.07490835609121237	0.5566036564089272	0.256001	1.0
11018	0	0.0558909209527036	0.3786505073026503	0.404001	1.0
11023	1034	0.07222353806123175	0.5298555632370464	0.30500099999999997	1.0
11024	735	0.19952971818371681	2.4522898357534286	0.004001	0.6394375839416058
11026	2239	0.0924390416383548	0.7448002681173853	0.165001	1.0
11028	1603	0.10409874411699313	0.8833012163352997	0.124001	1.0
11029	891	0.0215871192657024	0.12224454596872072	0.765001	1.0
11031	566	0.03318488996845373	0.20003677300074837	0.715001	1.0
11034	4010	0.015940966659626365	0.08750594744141474	0.818001	1.0
11035	0	0.02083018468701591	0.11747026712071795	0.774001	1.0
11036	94	0.0947271456069882	0.7711274300322772	0.165001	1.0
11037	529	0.009561747957012088	0.0506473984922127	0.9250010000000001	1.0
11038	0	0.0950550238079437	0.7749339003419847	0.188001	1.0
11039	2424	0.051650394462453696	0.3425585580125583	0.463001	1.0
11045	916	0.14453042348045197	1.4501985773776473	0.028001	0.9234426174698795
11046	918	0.0008332293912152178	0.004199224111157878	0.994001	1.0
11047	2370	0.07975133282031453	0.6062319360283973	0.224001	1.0
11054	2329	0.13785279805246883	1.3470225296620661	0.027001	0.9234426174698795
11059	4053	0.05034181704605552	0.3316790952079255	0.442001	1.0
11062	2043	0.10640859853773997	0.9120323283085902	0.128001	1.0
11064	0	0.0902999505655584	0.7205603134269731	0.201001	1.0
11075	2448	0.0013596319945437235	0.00687293896442528	0.985001	1.0
11076	0	0.05650434765090273	0.383977976069843	0.40700099999999995	1.0
11077	1110	0.014151824731597325	0.07691527471181342	0.829001	1.0
11078	4355	0.11755325429503097	1.0567701692967644	0.025001000000000002	0.9234426174698795
11080	1397	0.09457894924103993	0.7694097489697137	0.173001	1.0
11083	3675	0.07335676150957218	0.5410793930086636	0.29600099999999996	1.0
11084	2600	0.009561747957012088	0.0506473984922127	0.9250010000000001	1.0
11089	0	0.0	-0.0	1.0	1.0
11093	297	0.08426138175697369	0.6540598771819878	0.224001	1.0
11098	0	0.0	-0.0	1.0	1.0
11101	0	0.0772799973031477	0.5806843575437477	0.272001	1.0
11102	0	0.018424231575838765	0.10253670477649401	0.7970010000000001	1.0
11103	0	0.07476273129899777	0.5551389076101961	0.28300099999999995	1.0
11109	0	0.01014761893252258	0.05392848795473533	0.888001	1.0
11110	3573	0.11867816581938535	1.0719480314071068	0.001001	0.3653316333333333
11114	0	0.13701019657639657	1.3342774753062323	0.045001	1.0
11117	0	0.03956739502358447	0.2466519493638334	0.565001	1.0
11121	1023	0.019014045481581643	0.1061637278157702	0.7920010000000001	1.0
11124	1163	0.01312358563337291	0.07091847520808717	0.835001	1.0
11128	4067	0.01723632885233965	0.09529828477076062	0.821001	1.0
11129	425	0.09312782161122032	0.7526820043756666	0.161001	1.0
11131	0	0.002812376218621071	0.014335719545952473	0.977001	1.0
11133	0	0.0	-0.0	1.0	1.0
11134	0	0.05003423706659706	0.3291394525487105	0.49100099999999997	1.0
11140	0	0.018482731786033588	0.10289546743870814	0.7880010000000001	1.0
11142	0	0.0889479994761358	0.7054250696260125	0.20300100000000001	1.0
11143	1397	0.0653986438151029	0.46428668812403384	0.338001	1.0
11148	0	0.03318488996845373	0.20003677300074837	0.726001	1.0
11152	1727	0.03462831629032542	0.2103389085945045	0.611001	1.0
11159	0	0.06393893137467413	0.45071046825098593	0.340001	1.0
11165	3736	0.05394665071382697	0.3619431932943652	0.458001	1.0
11166	1930	0.13528003686036877	1.3082987395143835	0.040001	1.0
11167	0	0.08219165942286762	0.6319169300255855	0.237001	1.0
11174	4268	0.07735462297002181	0.5814489975400706	0.280001	1.0
11179	1197	0.04891137350950789	0.3199247330431848	0.467001	1.0
11180	0	0.025937289040716193	0.15039556200442925	0.719001	1.0
11181	2935	0.03289480418121117	0.1979831509223177	0.634001	1.0
11184	1448	0.010211689790333447	0.05428857325779691	0.886001	1.0
11185	2806	0.15139123769875074	1.5602566152247188	0.019001	0.8704684058577405
11189	3736	0.025637537909722185	0.14841659811101854	0.695001	1.0
11190	0	0.002756188130161895	0.014044780942855523	0.955001	1.0
11191	1689	0.038898346190770226	0.24163614653890148	0.5620010000000001	1.0
11192	0	0.01118021340266279	0.05976224557626415	0.879001	1.0
11194	19	0.061411198097762576	0.427570563019225	0.36200099999999996	1.0
11195	3243	0.0010568187988416974	0.0053329123730363175	0.990001	1.0
11196	0	0.054610371547791504	0.36761620985703786	0.42500099999999996	1.0
11198	1728	0.06729530361098901	0.48216143240053944	0.318001	1.0
11200	1066	0.07882438544484933	0.59659501166247	0.263001	1.0
11201	1150	0.01783393283560948	0.09892865928768385	0.7830010000000001	1.0
11202	934	0.004930567420930501	0.02543932566919578	0.945001	1.0
11206	899	0.004272537789388759	0.021961532738098023	0.949001	1.0
11207	1147	0.0	-0.0	1.0	1.0
11209	0	0.11178072323155702	0.9805299115247281	0.093001	1.0
11212	1729	0.025458527284801614	0.14723754687675664	0.716001	1.0
11214	0	0.07041002932025053	0.5120942712866294	0.28800099999999995	1.0
11215	2161	0.017140003564359345	0.09471521796043311	0.8000010000000001	1.0
11218	0	0.1278859228735339	1.2001573018160188	0.053001	1.0
11219	2912	0.07330088920295318	0.5405237528533144	0.30900099999999997	1.0
11229	1324	0.03696064370671573	0.22728100900017278	0.586001	1.0
11232	2038	0.007781038938938757	0.040802359347215635	0.9110010000000001	1.0
11234	2446	0.028872736451115787	0.17008496273262785	0.697001	1.0
11245	1402	0.02898817374857801	0.1708707806573221	0.6650010000000001	1.0
11249	2407	0.04997657407131493	0.3286640806367057	0.465001	1.0
11250	1933	0.03805901959803018	0.23538686298405395	0.569001	1.0
11253	4363	0.048905898015920324	0.3198800160916174	0.457001	1.0
11255	1306	0.18077920520535784	2.0793601324695192	0.008001	0.6394375839416058
11256	3573	0.02780380658749397	0.1628499535891707	0.6750010000000001	1.0
11258	858	0.08895589560617059	0.7055130529489355	0.20300100000000001	1.0
11262	0	0.008436836432657725	0.04440580497691337	0.945001	1.0
11265	4364	0.022864210218760894	0.13038265743674968	0.746001	1.0
11267	1658	0.1262770231412605	1.1772414063905299	0.065001	1.0
11274	522	0.04450417069168115	0.28461096100121	0.48400099999999996	1.0
11275	0	0.07234858078004765	0.5310892955136409	0.262001	1.0
11276	3324	0.10383970639539641	0.8801060617955494	0.125001	1.0
11279	0	0.01148097177684574	0.061473651774861984	0.867001	1.0
11292	0	0.03460362321033686	0.21016149438141216	0.626001	1.0
11293	1306	0.013260826374045007	0.07171510307012417	0.864001	1.0
11294	0	0.13435434797143805	1.2945047875922187	0.050001000000000004	1.0
11295	1321	0.05976839671078436	0.41278161293330307	0.398001	1.0
11298	0	0.0513427280892896	0.3399897354791579	0.46900099999999995	1.0
11301	1780	0.005308978799495594	0.027450924924315355	0.948001	1.0
11306	348	0.0365596245415168	0.2243418908578646	0.709001	1.0
11307	918	0.0	-0.0	1.0	1.0
11310	1966	0.07368170484521078	0.5443155522075352	0.391001	1.0
11311	994	0.016202934034612676	0.0890733660565654	0.821001	1.0
11314	0	0.0010554249218821792	0.00532583584160907	0.993001	1.0
11316	2580	0.06212908946190782	0.4340949366305247	0.398001	1.0
11323	887	0.002997511309940023	0.015295650659294469	0.970001	1.0
11325	1547	0.0338657006313144	0.2048785418045107	0.612001	1.0
11330	0	0.018561040151847	0.1033760448408213	0.866001	1.0
11331	0	0.06606489737937109	0.4705354068452011	0.326001	1.0
11332	0	0.07911732700013871	0.5996334642876631	0.260001	1.0
11336	1766	0.06341148401327518	0.44584338449649297	0.35700099999999996	1.0
11339	2180	0.014962395645865875	0.08168873401248868	0.823001	1.0
11341	0	0.0	-0.0	1.0	1.0
11365	3736	0.0669515561870172	0.47890211506190483	0.327001	1.0
11366	0	0.012298597090906336	0.0661541834186751	0.857001	1.0
11370	2456	0.037684536065871174	0.232614044982199	0.6710010000000001	1.0
11371	3836	0.04152538290526809	0.26150651796236885	0.566001	1.0
11372	3171	0.08081106426307813	0.617329791413077	0.259001	1.0
11376	1647	0.04760243478217063	0.30929485123796	0.47500099999999995	1.0
11382	0	0.030284581752998318	0.17975606686035678	0.6840010000000001	1.0
11387	1537	0.05351313363363068	0.35825477268339534	0.42300099999999996	1.0
11389	0	0.04088266125390085	0.2566014747796249	0.5450010000000001	1.0
11392	1856	0.041210511895451385	0.25909998421434594	0.5560010000000001	1.0
11393	1603	0.013648752128495804	0.07397314181997305	0.832001	1.0
11396	0	0.08201342079019895	0.6300254640254858	0.227001	1.0
11398	0	0.0419928135386584	0.2650916087286008	0.5390010000000001	1.0
11399	1952	0.02671316596370505	0.15554504391569984	0.709001	1.0
11402	1120	0.0058190685653816895	0.03017599127654571	0.9350010000000001	1.0
11405	0	0.0	-0.0	1.0	1.0
11409	1110	0.04615203034041468	0.2976562019891034	0.48300099999999996	1.0
11413	1547	0.04468883938431105	0.28606350139741654	0.520001	1.0
11414	2052	0.05953327044444979	0.41068098331043285	0.37300099999999997	1.0
11415	0	0.06286848880256034	0.44085413284857833	0.384001	1.0
11421	0	0.041493231637796474	0.26126047647007616	0.5580010000000001	1.0
11423	0	0.04658968151161304	0.3011526216159626	0.503001	1.0
11424	0	0.01313224882415722	0.07096872724814018	0.860001	1.0
11425	0	0.013370479151083522	0.07235242853544237	0.832001	1.0
11428	0	0.195047028422433	2.3601009247922318	0.003001	0.5665163620689656
11431	0	0.005141366454279841	0.026558863940291787	0.941001	1.0
11435	1907	0.0026083386230612467	0.013280110613131443	0.973001	1.0
11438	0	0.1697356132584232	1.8750861325442694	0.011000999999999999	0.7212571796407184
11441	3161	0.01988814727641994	0.11157941177785599	0.776001	1.0
11443	1548	0.06412226253149118	0.4524069594746628	0.36500099999999996	1.0
11448	0	0.009561747957012088	0.0506473984922127	0.9250010000000001	1.0
11453	529	0.014822567481799994	0.08086237523879006	0.8100010000000001	1.0
11454	94	0.03125775367340713	0.18649886033581728	0.638001	1.0
11464	1363	0.11064475234750594	0.9658492941661988	0.107001	1.0
11466	1605	0.004282328148795415	0.022013088422238744	0.950001	1.0
11468	1835	0.04929772592171085	0.32308529681642584	0.457001	1.0
11473	3919	0.0461095291272405	0.2973173688337158	0.507001	1.0
11474	887	0.03030845897004776	0.17992075509584396	0.6780010000000001	1.0
11475	0	0.011811571005720816	0.06336124725706795	0.9150010000000001	1.0
11476	297	0.03402175336781914	0.20599271806812686	0.631001	1.0
11477	2161	0.015992584317493983	0.08781445039489257	0.813001	1.0
11478	3788	0.034358028796287174	0.20839917924524182	0.638001	1.0
11484	182	0.0	-0.0	1.0	1.0
11486	3520	0.03243418263776099	0.1947337675754251	0.653001	1.0
11488	0	0.0	-0.0	1.0	1.0
11491	532	0.06747656090988025	0.483883587079832	0.326001	1.0
11492	986	0.09328459340675993	0.7544811716966459	0.190001	1.0
11497	1999	0.12417253574353168	1.147596132522119	0.065001	1.0
11504	0	0.08643915807722805	0.6777161114373746	0.20200100000000001	1.0
11512	1463	0.008542896473898387	0.04499101465788037	0.893001	1.0
11516	0	0.028631270844061456	0.16844406062787817	0.6650010000000001	1.0
11519	350	0.0	-0.0	1.0	1.0
11520	3244	0.040961369887890314	0.2572006315023779	0.5420010000000001	1.0
11526	3897	0.0	-0.0	1.0	1.0
11531	3714	0.06672249932473538	0.47673511648809186	0.37100099999999997	1.0
11532	1363	0.12384946328463274	1.143078080309002	0.062001	1.0
11533	521	0.012349171390033092	0.06644504484607995	0.870001	1.0
11541	988	0.049882983513142715	0.3278930221707557	0.47400099999999995	1.0
11542	608	0.01894603472076789	0.10574437958496781	0.8020010000000001	1.0
11552	1109	0.06598769420073136	0.4698096492580911	0.324001	1.0
11555	1928	0.028459730476631587	0.16728066707481956	0.707001	1.0
11559	0	0.07941137945980568	0.6026900246800617	0.233001	1.0
11560	1455	0.0021788605189214556	0.011066143218670414	0.967001	1.0
11565	2316	0.06999312988111475	0.5080459627009255	0.31100099999999997	1.0
11566	0	0.045298945077568195	0.2908792091526785	0.507001	1.0
11571	1612	0.03883157660080126	0.24113725368849923	0.565001	1.0
11574	732	0.21302985420524911	2.741657726364491	0.003001	0.5665163620689656
11576	1780	0.00739349692892809	0.03868507904439575	0.9350010000000001	1.0
11578	994	0.020918242559279515	0.11802380494597532	0.766001	1.0
11579	4370	0.07415309474073327	0.5490243273833811	0.28300099999999995	1.0
11580	0	0.0002947130184752997	0.0014806592941501604	0.995001	1.0
11581	2423	0.07102192272792573	0.5180595772690281	0.30700099999999997	1.0
11585	917	0.09678460212758469	0.7951542381459183	0.164001	1.0
11587	3170	0.01529484516866017	0.0836583283159991	0.826001	1.0
11589	0	0.004010110920373334	0.020581714609379482	0.942001	1.0
11596	3325	0.06536038340067281	0.4639288416460897	0.35400099999999995	1.0
11600	3257	0.016124941108367	0.08860626630395069	0.816001	1.0
11601	0	0.06452197941291675	0.45611437823961554	0.31100099999999997	1.0
11602	0	0.05371212381756667	0.3599461433049823	0.47900099999999995	1.0
11603	0	0.07532372563416942	0.5607903999147125	0.28500099999999995	1.0
11605	0	0.037684536065871174	0.232614044982199	0.6710010000000001	1.0
11611	436	0.0649671568550333	0.46025727549852485	0.35900099999999996	1.0
11614	3124	0.045395376395998346	0.29164273071617736	0.513001	1.0
11619	0	0.07200198490670603	0.5276724919066321	0.29600099999999996	1.0
11621	3831	0.0663966140272667	0.47365875628516163	0.34400099999999995	1.0
11622	0	0.042708724480116	0.2706116260801512	0.5480010000000001	1.0
11624	2314	0.0	-0.0	1.0	1.0
11625	2524	0.031297700571748875	0.18677697891979725	0.6570010000000001	1.0
11626	1604	0.11905409626302912	1.077043701187034	0.089001	1.0
11627	1357	0.07336860649372601	0.5411972194392756	0.281001	1.0
11629	2783	0.040970113537693094	0.25726721732049457	0.583001	1.0
11631	1397	0.05056971535013533	0.33356512554031054	0.460001	1.0
11637	1562	0.05480533808909222	0.3692886287411145	0.41300099999999995	1.0
11639	499	0.1000991507794044	0.8345691872831951	0.152001	1.0
11640	0	0.10467346689454439	0.8904095900995612	0.129001	1.0
11645	4088	0.01030868443994698	0.05483416914181452	0.869001	1.0
11646	1862	0.048843937363325984	0.3193741461820011	0.48400099999999996	1.0
11647	0	0.03581288382263188	0.21889786262039526	0.588001	1.0
11652	2343	0.0065402416056431194	0.03405520616927565	0.9270010000000001	1.0
11653	0	0.005480121501362997	0.028363498712423746	0.9350010000000001	1.0
11659	2449	0.035494876100485045	0.2165908713844303	0.627001	1.0
11666	0	0.049358428591839004	0.3235828308531887	0.47700099999999995	1.0
11671	3015	0.03195390114181376	0.19136073277141863	0.645001	1.0
11686	0	0.026081844030605553	0.15135200318702446	0.693001	1.0
11687	0	0.06466941732415529	0.45748484609135975	0.35600099999999996	1.0
11689	3107	0.02652167331779201	0.1542704692621394	0.696001	1.0
11690	0	0.014806745946760775	0.08076894933834249	0.8060010000000001	1.0
11692	0	0.07270910021094447	0.534652924567224	0.30500099999999997	1.0
11693	1933	0.019922646703712438	0.11179415327636341	0.780001	1.0
11695	0	0.010843937974194737	0.05785528094040756	0.868001	1.0
11696	2949	0.03897662740214727	0.24222143901588647	0.575001	1.0
11697	3520	0.042725340345363044	0.2707401615537321	0.526001	1.0
11703	3249	0.0	-0.0	1.0	1.0
11706	0	0.014347913585697845	0.07806630838323832	0.8090010000000001	1.0
11710	4377	0.041025550603090974	0.2576895110514939	0.573001	1.0
11714	0	0.052585544063174824	0.35040768959357493	0.47000099999999995	1.0
11717	1506	0.02754787545305258	0.16112879741719488	0.6670010000000001	1.0
11719	0	0.06265302421188054	0.4388803423664124	0.382001	1.0
11722	0	0.10675615341841013	0.9163927777832466	0.135001	1.0
11729	0	0.06898914894441319	0.4983499626177954	0.320001	1.0
11733	4378	0.08268099704004568	0.6371223322809835	0.30200099999999996	1.0
11738	1696	0.019665098773608048	0.11019286888617517	0.770001	1.0
11746	1096	0.04526644506355417	0.2906220269592962	0.5320010000000001	1.0
11747	1768	0.0967390459925983	0.7946186021697139	0.141001	1.0
11750	1728	0.1354041746328235	1.3101541371471843	0.055001	1.0
11751	1040	0.010573214103654645	0.056325062200482334	0.862001	1.0
11752	0	0.053399208251301906	0.35728770376732605	0.43600099999999997	1.0
11753	0	0.03937589034037776	0.24521313853236634	0.5420010000000001	1.0
11754	1614	0.027663971848618317	0.16190902361493448	0.691001	1.0
11755	2091	0.040540975260937084	0.25400536511107596	0.5500010000000001	1.0
11756	0	0.014635056093343028	0.07975612279318221	0.818001	1.0
11761	1648	0.0015054880387345287	0.007616631453582196	0.980001	1.0
11764	2052	0.003836404716365628	0.019670620787704422	0.944001	1.0
11767	0	0.05698430900649853	0.38816519215688344	0.41700099999999996	1.0
11771	0	0.0	-0.0	1.0	1.0
11776	0	0.02184463242392338	0.12387711709902753	0.762001	1.0
11781	3131	0.06118449556171664	0.42551804326936443	0.35800099999999996	1.0
11786	0	0.03464936510223703	0.2104901718514098	0.641001	1.0
11787	2929	0.059409631750125466	0.40957799765682684	0.37000099999999997	1.0
11791	3556	0.02740807822975916	0.16019045882793406	0.688001	1.0
11798	0	0.06438696738850513	0.454860813537112	0.401001	1.0
11800	3247	0.11954150671552771	1.083667960120147	0.08500100000000001	1.0
11807	2051	0.10070000705304762	0.8418082043376542	0.144001	1.0
11808	0	0.06004814549055337	0.4152861285417089	0.36400099999999996	1.0
11811	3040	0.10592725775600342	0.9060095632543054	0.138001	1.0
11822	0	0.06942387328845091	0.5025391200977255	0.318001	1.0
11823	0	0.012308799281893887	0.06621284531280605	0.861001	1.0
11825	2605	0.042509785630972845	0.26907417095258307	0.505001	1.0
11832	1188	0.0686228576610888	0.49483116444016517	0.34500099999999995	1.0
11835	0	0.02575589457337784	0.149197294603964	0.694001	1.0
11837	0	0.021665205694784907	0.12273914744548911	0.733001	1.0
11838	5	0.01387795610288756	0.07531166059551006	0.830001	1.0
11840	0	0.0	-0.0	1.0	1.0
11841	0	0.027472085809672194	0.16061992819062862	0.6720010000000001	1.0
11843	1545	0.0215710351698285	0.12214271725613945	0.761001	1.0
11845	3145	0.022994158890568245	0.1312165994801674	0.758001	1.0
11848	0	0.08353106832317278	0.6462089154497703	0.237001	1.0
11851	632	0.050483275943170564	0.3328493424569025	0.48300099999999996	1.0
11855	0	0.028970539527589267	0.17075068231760113	0.6700010000000001	1.0
11859	1298	0.008917383412351224	0.04706276355453283	0.9060010000000001	1.0
11863	1863	0.0399464475541556	0.24950722090042268	0.5560010000000001	1.0
11865	0	0.0483428635828966	0.3152931018588684	0.47600099999999995	1.0
11867	0	0.0050554665538231815	0.02610233727576999	0.946001	1.0
11871	1066	0.051374573043597854	0.34025530989963193	0.446001	1.0
11873	0	0.023058137792146778	0.131627580712736	0.753001	1.0
11874	1919	0.017881304113474893	0.09921739428568234	0.7950010000000001	1.0
11876	0	0.0010932100071545867	0.00551770582766965	0.989001	1.0
11881	0	0.12085386250752665	1.1016021721824452	0.079001	1.0
11885	0	0.04054584978631795	0.2540423452587598	0.524001	1.0
11887	2424	0.10525550296850619	0.8976356126455606	0.138001	1.0
11888	1068	0.014073366353258546	0.07645539409919459	0.845001	1.0
11896	2161	0.020789691318274107	0.11721588875287402	0.768001	1.0
11911	3933	0.04039060961048991	0.25286542830868985	0.5490010000000001	1.0
11914	881	0.04329892492623008	0.2751889190367828	0.5530010000000001	1.0
11919	4270	0.027389444729943445	0.16006548460540593	0.6780010000000001	1.0
11926	1457	0.041976121374276816	0.2649633249149273	0.5510010000000001	1.0
11930	1189	0.043506694488081546	0.2768059961385327	0.5550010000000001	1.0
11934	1205	7.052961125904658e-05	0.00035388760521162295	0.999001	1.0
11941	0	0.060801648970570124	0.42206032555554474	0.374001	1.0
11943	0	0.03788474612874561	0.23409529284164726	0.599001	1.0
11956	3572	0.0709866515209423	0.5177149606877919	0.28500099999999995	1.0
11958	3040	0.017272214329629117	0.09551565203422091	0.8120010000000001	1.0
11967	0	0.11515103426743914	1.024709194750191	0.114001	1.0
11968	1689	0.008769609769374888	0.04624423311626539	0.894001	1.0
11971	0	0.03276938011298059	0.19709696597491744	0.635001	1.0
11973	0	0.11321609011750847	0.9992310392950334	0.087001	1.0
11979	3776	0.033910216774228945	0.20519620947357067	0.644001	1.0
11980	1465	0.034682969097952945	0.21073172212843452	0.624001	1.0
11984	3478	0.18797013314484218	2.2184558100701968	0.006001	0.6394375839416058
11986	3972	0.017130017402898247	0.09465480399504178	0.8010010000000001	1.0
11990	0	0.06476282584427354	0.4583539261180242	0.36900099999999997	1.0
11992	933	0.12414356819725919	1.1471906741250946	0.074001	1.0
11994	0	0.11286833082980105	0.9946846210628875	0.106001	1.0
11998	3326	0.02783873197539278	0.16308516167425194	0.691001	1.0
11999	349	0.17956336616997715	2.0563189236181123	0.011000999999999999	0.7212571796407184
12001	3708	0.04226954013016497	0.2672211203588853	0.519001	1.0
12005	3708	0.01621804753701575	0.08916392478625584	0.824001	1.0
12007	732	0.02603969748183642	0.15107300231914145	0.696001	1.0
12012	0	0.04171732028145675	0.26297681900834896	0.5310010000000001	1.0
12013	0	0.14862584099077514	1.5153981645595465	0.034001	0.9848596534391535
12014	3025	0.06243258960166717	0.43686453761590177	0.48300099999999996	1.0
12015	0	0.022573070293923202	0.12851820882794954	0.754001	1.0
12019	0	0.015199886081918242	0.08309504290736505	0.826001	1.0
12031	0	0.0463913702935382	0.29956664711032205	0.500001	1.0
12040	2542	0.07818135094262825	0.5899482592496255	0.334001	1.0
12041	1864	0.1221687372165928	1.1197149437099294	0.065001	1.0
12047	2097	0.11205890239350594	0.984141048004165	0.096001	1.0
12053	0	0.04897908291271302	0.32047787254485255	0.499001	1.0
12054	0	0.03378489379270318	0.2043022420320047	0.639001	1.0
12055	0	0.01873338669884602	0.10443509601188815	0.7860010000000001	1.0
12057	2373	0.05436704651940356	0.3655327855621693	0.42500099999999996	1.0
12060	0	0.13007309897339261	1.2316609630938897	0.053001	1.0
12063	0	0.025534262309967963	0.14773612099302977	0.724001	1.0
12066	0	0.11715105441877727	1.0513689646747846	0.090001	1.0
12067	1253	0.11204432081649385	0.9839516021050534	0.106001	1.0
12069	0	0.0832251230955383	0.642932192841386	0.242001	1.0
12071	4389	0.004164354969224621	0.02139222334908177	0.959001	1.0
12072	1068	2.473541942486085e-05	0.00012407900796000904	1.0	1.0
12077	0	0.003663320393528454	0.018764560649673762	0.955001	1.0
12078	0	0.0016320735032781261	0.008263073264279356	0.973001	1.0
12079	3270	0.03289702582297042	0.19799885740378373	0.629001	1.0
12084	0	0.12564943211612528	1.168361711202463	0.057001	1.0
12089	0	0.0026826432978628197	0.01366425030435956	0.970001	1.0
12091	20	0.03192569526288173	0.1911631185127146	0.637001	1.0
12095	0	0.09375161153556275	0.7598523194921549	0.174001	1.0
12096	0	0.0	-0.0	1.0	1.0
12099	887	0.04986781767043603	0.32776813447307424	0.458001	1.0
12101	0	0.011100853533973234	0.059311585824070964	0.879001	1.0
12107	2461	0.0	-0.0	1.0	1.0
12108	3844	0.022485113200150834	0.1279560043055103	0.748001	1.0
12109	0	0.04549542060880794	0.29243554168377217	0.520001	1.0
12117	1657	0.07309962169960967	0.5385241294612648	0.30900099999999997	1.0
12123	0	0.04054947587699135	0.2540698553238097	0.5360010000000001	1.0
12131	597	0.0	-0.0	1.0	1.0
12136	0	0.018049590712217255	0.10024426781022139	0.8120010000000001	1.0
12138	935	0.024031337665380653	0.1379115840955719	0.733001	1.0
12139	1530	0.07941912577532356	0.602770633836857	0.241001	1.0
12140	2569	0.0	-0.0	1.0	1.0
12141	1397	0.016186561073676026	0.08897527686565722	0.8000010000000001	1.0
12145	0	0.11796466463147527	1.0623089393641139	0.065001	1.0
12147	499	0.08202162398849722	0.6301124626639241	0.245001	1.0
12150	529	0.005214348783199461	0.026947082879745538	0.939001	1.0
12152	0	0.020621114570440243	0.1161580152984056	0.772001	1.0
12157	0	0.06735584237629905	0.4827363502336861	0.35000099999999995	1.0
12159	0	0.018982535110511047	0.10596940136466587	0.8060010000000001	1.0
12160	2373	0.04147650138002909	0.2611324742074824	0.509001	1.0
12164	0	0.04772464578930978	0.31028224160732243	0.49200099999999997	1.0
12165	0	0.07824532943366508	0.5906081645266752	0.260001	1.0
12166	0	0.037995345041290006	0.2349147211570766	0.589001	1.0
12168	2879	0.023283991141924306	0.13308049773925867	0.737001	1.0
12171	3424	0.014582625417433877	0.07944719022930935	0.839001	1.0
12178	1606	0.05573793597933503	0.37732607763918335	0.393001	1.0
12179	0	0.0552826728733222	0.3733946794128906	0.42800099999999996	1.0
12183	1	0.07421737246728774	0.5496677032259705	0.29100099999999995	1.0
12186	0	0.1169608761802054	1.048819698911823	0.082001	1.0
12187	2373	0.009042828709233862	0.047758651804926604	0.880001	1.0
12188	0	0.007264120808217056	0.03798025995246843	0.9120010000000001	1.0
12189	0	0.014775887427280764	0.0805867750117206	0.840001	1.0
12191	0	0.055061008171410616	0.371485883048534	0.396001	1.0
12193	1369	0.01672057149191748	0.09218313224779402	0.814001	1.0
12194	3145	0.058319755492268636	0.3999030642876708	0.399001	1.0
12195	2814	0.0	-0.0	1.0	1.0
12201	2931	0.008624153473660393	0.04543982753132027	0.887001	1.0
12202	52	0.05600648975638687	0.37965212941807824	0.43000099999999997	1.0
12204	171	0.15968873420468027	1.698919936470487	0.017001000000000002	0.8422803122171947
12205	2144	0.08018594645796245	0.6107729591877116	0.242001	1.0
12208	3809	0.04572173037295196	0.29423152606042785	0.5330010000000001	1.0
12212	3654	0.06135655556375885	0.4270754977690845	0.386001	1.0
12213	0	0.043573486886552305	0.2773264770708377	0.519001	1.0
12221	4398	0.09215206198558426	0.7415273696366923	0.173001	1.0
12228	0	0.0	-0.0	1.0	1.0
12229	425	0.047202560325505655	0.3060714154476282	0.48300099999999996	1.0
12232	3810	0.019801207065074315	0.11103858770440585	0.760001	1.0
12244	3682	0.02308041542493759	0.13177074724713878	0.761001	1.0
12250	2897	0.08369490882042266	0.6479666407304907	0.230001	1.0
12251	934	0.13325410316293612	1.2782051361615663	0.050001000000000004	1.0
12254	0	0.07930626246698262	0.6015966166264837	0.312001	1.0
12264	0	0.04182661790046541	0.263815204306823	0.5610010000000001	1.0
12268	0	0.2021355378897108	2.5067667084076715	0.003001	0.5665163620689656
12270	878	0.008370177390627665	0.044038346400832214	0.9060010000000001	1.0
12271	0	0.011850662046797878	0.06358488476384144	0.875001	1.0
12272	3147	0.04285160568621611	0.2717175351789562	0.5400010000000001	1.0
12279	1357	0.040718095539578	0.2553501163473163	0.5610010000000001	1.0
12282	0	0.1600557688239942	1.7051954747925624	0.023001	0.9234426174698795
12284	4030	0.031578724528544	0.18873651594992558	0.641001	1.0
12286	3591	0.057585075962126364	0.3934296997885864	0.400001	1.0
12293	0	0.015267156344156638	0.08349402374353335	0.829001	1.0
12301	0	0.02613124565488877	0.1516791780435397	0.701001	1.0
12302	349	0.0	-0.0	1.0	1.0
12306	4401	0.04132149994039846	0.25994748046770255	0.565001	1.0
12308	0	0.01532635089523528	0.08384534027630298	0.827001	1.0
12315	2051	0.0005632756508940299	0.002834324675659056	0.993001	1.0
12319	1203	0.017670203226242968	0.09793178958765199	0.7970010000000001	1.0
12329	2267	0.03880237591599717	0.2409191656923229	0.573001	1.0
12338	1862	0.039840451792996764	0.24870780358351735	0.5570010000000001	1.0
12365	2744	0.018488687598241307	0.1029320045907931	0.8060010000000001	1.0
12369	1647	0.007915646146329065	0.041539879901536014	0.904001	1.0
12371	2345	0.0	-0.0	1.0	1.0
12374	2170	0.09628296471127579	0.7892652135480555	0.177001	1.0
12380	38	0.03181373406191712	0.19037922416176375	0.651001	1.0
12385	0	0.03454442865925824	0.2097363613827907	0.625001	1.0
12386	350	0.093094415921334	0.7522988794976275	0.182001	1.0
12392	4317	0.02869099784865492	0.16884958474086767	0.646001	1.0
12395	0	0.0021461213956696585	0.010897815822161653	0.976001	1.0
12396	3086	0.04176364497378601	0.26333205992082515	0.5490010000000001	1.0
12397	0	0.03385716324591725	0.20481763408097037	0.640001	1.0
12398	0	0.0	-0.0	1.0	1.0
12402	0	0.0	-0.0	1.0	1.0
12407	0	0.04668382826070608	0.3019065116798329	0.624001	1.0
12409	1473	0.04578629786408698	0.294744584300956	0.48500099999999996	1.0
12410	147	0.0755157791063649	0.5627306237253037	0.269001	1.0
12414	0	0.0009760791341989067	0.004923194137323762	0.979001	1.0
12415	2373	0.037724561456568544	0.23290995421807292	0.588001	1.0
12419	3206	0.06821027696704597	0.49087962535506313	0.336001	1.0
12422	0	0.09243669961417521	0.7447735319608408	0.163001	1.0
12431	3831	0.031970095416603846	0.19147421596715614	0.646001	1.0
12434	2267	0.10051358823567422	0.8395591682162368	0.147001	1.0
12437	916	0.04134172636503397	0.2601020189501192	0.5360010000000001	1.0
12438	3131	0.1299886242820391	1.2304366737660124	0.064001	1.0
12440	0	0.010791055360487613	0.057556020079964916	0.879001	1.0
12443	0	0.07794699336858923	0.5875336422772117	0.251001	1.0
12447	0	0.08788645544888181	0.69364100574108	0.208001	1.0
12451	2990	0.025894791536281707	0.15011463753926874	0.6790010000000001	1.0
12457	985	0.08597063950273323	0.6725957774169744	0.244001	1.0
12459	0	0.02340850194868731	0.1338828793580722	0.736001	1.0
12462	2052	0.017459873651133752	0.0966536675299702	0.8110010000000001	1.0
12465	4363	0.05383198671416134	0.36096631294457165	0.42500099999999996	1.0
12468	635	0.011769639996382083	0.06312146654871556	0.861001	1.0
12473	0	0.09413209151675786	0.7642409204719436	0.193001	1.0
12474	3325	0.03708544538030328	0.22819791354604618	0.606001	1.0
12475	2547	0.0022368920187788195	0.011364664988663484	0.982001	1.0
12477	0	0.12779875829811943	1.1989101950455292	0.058001000000000004	1.0
12479	0	0.06193891122333601	0.4323628877551515	0.35000099999999995	1.0
12486	1467	0.0	-0.0	1.0	1.0
12490	0	0.015529123719142994	0.08505043931463271	0.819001	1.0
12498	2180	0.05684387911470442	0.38693835666734855	0.406001	1.0
12503	2462	0.09047815612926385	0.7225660129738775	0.184001	1.0
12512	917	0.03964386321241223	0.2472271681504045	0.568001	1.0
12515	0	0.01256792466680598	0.06770494212490313	0.853001	1.0
12523	3131	0.009498836260322475	0.05029630909121545	0.899001	1.0
12526	1863	0.09565701460844116	0.7819448106903073	0.169001	1.0
12527	1060	0.010806749213676331	0.057644813244431804	0.873001	1.0
12531	0	0.14976430578720015	1.5337840199717092	0.028001	0.9234426174698795
12534	1709	0.06512451912427303	0.4617252043017042	0.35100099999999995	1.0
12536	1455	0.01516136182733524	0.08286668177290081	0.8110010000000001	1.0
12537	0	0.05816497649747075	0.39853604417469657	0.387001	1.0
12543	1423	0.018592306229709865	0.10356803239444021	0.7990010000000001	1.0
12545	0	0.06838633488572306	0.4925642937802398	0.34600099999999995	1.0
12547	0	0.015582817208714458	0.08536997377905772	0.8120010000000001	1.0
12552	2136	0.0829630525245245	0.6401311101513114	0.223001	1.0
12554	917	0.04085619400650043	0.2564000925192864	0.565001	1.0
12557	0	0.07838743967199843	0.592075073719148	0.268001	1.0
12559	0	0.09873399228211643	0.8182292974703484	0.169001	1.0
12561	3660	0.08955640939106589	0.7122186003564788	0.185001	1.0
12563	0	0.0	-0.0	1.0	1.0
12565	2423	0.044567761261707035	0.2851108755764696	0.516001	1.0
12566	0	0.09292411006667384	0.7503470339075937	0.177001	1.0
12569	1604	0.031182992743770496	0.18597864338590378	0.6650010000000001	1.0
12570	2463	0.05275745851347774	0.35185740368694224	0.445001	1.0
12572	0	0.030065921905171163	0.1782496556954141	0.6660010000000001	1.0
12575	0	0.009745690132905813	0.05167529638962278	0.889001	1.0
12579	2574	0.004647460483028089	0.023939914544851094	0.940001	1.0
12580	0	0.0018879823381442499	0.009572797596886829	0.977001	1.0
12582	1769	0.04124958147397776	0.2593982201576216	0.568001	1.0
12583	1062	0.039750475604124307	0.24802980746798592	0.5340010000000001	1.0
12585	3249	0.0950550238079437	0.7749339003419847	0.188001	1.0
12589	0	0.06135955242186335	0.4271026438761508	0.374001	1.0
12590	3831	0.0649699101423146	0.46028294343060416	0.35800099999999996	1.0
12591	1564	0.0635371641024595	0.4470012609320625	0.35900099999999996	1.0
12593	1066	0.04305678351384264	0.2733080864193514	0.5360010000000001	1.0
12597	3135	0.015071080549682161	0.08233188082764856	0.816001	1.0
12601	2819	0.044994382787533746	0.2884719965188045	0.49800099999999997	1.0
12602	1408	0.005539091654460426	0.028678345358554982	0.9350010000000001	1.0
12604	1769	0.03821197190906718	0.23652211685975352	0.5620010000000001	1.0
12613	1200	0.022709864537109097	0.12939355652712667	0.732001	1.0
12615	0	0.029795010529096996	0.1763876437663598	0.6600010000000001	1.0
12617	1689	0.1894011526566002	2.2467154710445936	0.006001	0.6394375839416058
12618	4414	0.025942833005018012	0.1504322183414838	0.714001	1.0
12623	0	0.009009133826510248	0.04757164117500917	0.9060010000000001	1.0
12624	586	0.10765010420332102	0.9276533907732313	0.115001	1.0
12631	0	0.008453184453605787	0.04449596453118251	0.9130010000000001	1.0
12632	4415	0.052530677047340324	0.349945451223941	0.49800099999999997	1.0
12637	913	0.012947217418793344	0.06989643231613933	0.840001	1.0
12639	0	0.12262536172277709	1.1260388943309485	0.059001	1.0
12640	0	0.06843747929723291	0.49305411749455097	0.327001	1.0
12648	0	0.05904145804564289	0.4063000673041576	0.386001	1.0
12649	2558	0.10798597466985566	0.9319009497348233	0.121001	1.0
12651	3033	0.06568076252662666	0.46692865201675304	0.36400099999999996	1.0
12662	0	0.008895544419157318	0.04694171242020721	0.9070010000000001	1.0
12663	1065	0.0654427248637785	0.4646991082499914	0.331001	1.0
12667	0	0.0	-0.0	1.0	1.0
12668	3484	0.041979400116267176	0.2649885214248697	0.585001	1.0
12669	0	0.02410424875232897	0.13838483124400394	0.715001	1.0
12673	0	0.01024700625218682	0.054487162440660514	0.886001	1.0
12677	0	0.04930971394152321	0.32318353302838937	0.463001	1.0
12688	1666	0.04779393243260649	0.31084250001382385	0.49100099999999997	1.0
12696	1446	0.22405767312534774	2.9913288211506357	1e-06	0.0005762631578947368
12699	3739	0.0756810221689817	0.5644022275622557	0.258001	1.0
12719	0	0.038884162139588466	0.24153013995048137	0.600001	1.0
12722	0	0.015314996479817818	0.08377793552215036	0.8100010000000001	1.0
12727	1266	0.01574826950398736	0.08635572379066818	0.8050010000000001	1.0
12731	0	0.01623526059538668	0.08926708124251165	0.833001	1.0
12737	3778	0.014482541038031309	0.07885794539112544	0.815001	1.0
12738	2864	0.09085859807158918	0.726856205308613	0.213001	1.0
12740	0	0.0352346119356646	0.21470784445457555	0.610001	1.0
12748	1455	0.01513491319812988	0.08270995503691608	0.843001	1.0
12749	334	0.016653799214854555	0.09178104870000985	0.8070010000000001	1.0
12752	4418	0.06868233332163151	0.49540184241866725	0.339001	1.0
12759	0	0.0	-0.0	1.0	1.0
12768	0	0.00903001290314245	0.04768751445255824	0.893001	1.0
12769	0	0.02323449102763581	0.13276178243366357	0.717001	1.0
12771	3145	0.0	-0.0	1.0	1.0
12772	917	0.0021536740924359135	0.010936642257410303	0.977001	1.0
12776	0	0.15181633616086931	1.5672120889634378	0.030001	0.9576704052478133
12780	1857	0.010847794986566128	0.05787711431390333	0.873001	1.0
12796	0	0.15817665669188058	1.67319376473769	0.019001	0.8704684058577405
12798	0	0.06622610807167038	0.4720523057551499	0.35900099999999996	1.0
12799	0	0.0009726128639739179	0.004905612838889768	0.992001	1.0
12803	899	0.07570479299545546	0.5646428639262423	0.266001	1.0
12807	282	0.028678163764852035	0.1687624263409541	0.692001	1.0
12808	0	0.06646512101389278	0.4743048112423216	0.321001	1.0
12810	3135	0.0	-0.0	1.0	1.0
12813	0	0.03996634636739377	0.2496573827887579	0.591001	1.0
12815	610	0.02145349023337806	0.12139903952898223	0.771001	1.0
12816	1864	0.005362716287244055	0.027737278412308646	0.9320010000000001	1.0
12823	2491	0.02784132276571965	0.16310261275863194	0.6810010000000001	1.0
12828	0	0.09507491318710061	0.7751650778286082	0.149001	1.0
12835	0	0.02133168802082109	0.12062935748010206	0.726001	1.0
12836	0	0.03321318098925544	0.20023735578600232	0.630001	1.0
12837	0	0.020204475110236594	0.11355122123893607	0.757001	1.0
12839	1789	0.0	-0.0	1.0	1.0
12841	3708	0.030702508405479483	0.1826440709253421	0.646001	1.0
12843	2212	0.03450361505589557	0.20944337649147585	0.638001	1.0
12845	4024	0.034262309947734465	0.20771342298215792	0.596001	1.0
12846	0	0.059678183155545114	0.4119751664091806	0.403001	1.0
12848	0	0.06853952199705944	0.4940319883600935	0.342001	1.0
12853	3762	0.12068770257486915	1.0993235476129535	0.091001	1.0
12866	2850	0.05719201201024195	0.3899823478311727	0.395001	1.0
12867	919	0.04900993629328866	0.3207300304557338	0.503001	1.0
12875	2052	0.02822572519624601	0.16569674590777234	0.6870010000000001	1.0
12883	0	0.07039365635931386	0.511935036660335	0.30400099999999997	1.0
12886	1617	0.01977259481842905	0.11086070593516438	0.762001	1.0
12887	4321	0.07368170484521078	0.5443155522075352	0.391001	1.0
12891	0	0.028531970706709313	0.16777036785340627	0.6700010000000001	1.0
12893	0	0.06615854523926269	0.4714163451794612	0.341001	1.0
12897	1608	0.0018048040786319552	0.009146676980617484	0.977001	1.0
12900	0	0.17213523561963903	1.9185184411551015	0.008001	0.6394375839416058
12901	0	0.017338536934091302	0.0959175972126431	0.7900010000000001	1.0
12905	0	0.10201467205522008	0.8577479957249472	0.131001	1.0
12907	0	0.23967452043528312	3.365847073451568	1e-06	0.0005762631578947368
12909	1197	0.12845791481095498	1.2083570237333952	0.059001	1.0
12913	916	0.004836314677837205	0.02493960965479458	0.943001	1.0
12914	1729	0.010269624882878529	0.05461438988863151	0.889001	1.0
12915	851	0.08291123078732016	0.6395778515116874	0.220001	1.0
12923	2844	0.0396455363920774	0.247239758816731	0.523001	1.0
12929	2126	0.002241152471272956	0.01138658909642567	0.973001	1.0
12934	1975	0.02658248754918477	0.15467498986092673	0.695001	1.0
12950	874	0.023303761246983183	0.1332078351081592	0.698001	1.0
12952	3249	0.05138893018960891	0.34037506635117454	0.437001	1.0
12954	3809	0.0333932174908024	0.20151506281476064	0.6700010000000001	1.0
12955	0	0.025357938115265613	0.14657592953305865	0.6780010000000001	1.0
12957	3736	0.052217085037273625	0.34730763604091874	0.43500099999999997	1.0
12964	1110	0.13319403721962425	1.277318264430657	0.056001	1.0
12966	3684	0.07605883735057331	0.5682319810594554	0.255001	1.0
12967	0	0.10967887362455044	0.9534498687583997	0.079001	1.0
12971	918	0.017791088838314692	0.0986676402804908	0.7880010000000001	1.0
12975	2371	0.02206479099242118	0.1252762305563385	0.743001	1.0
12982	0	0.021580164653927716	0.12220051416379606	0.754001	1.0
12983	0	0.004058806463346928	0.020837443977204294	0.970001	1.0
12987	0	0.001289685538394359	0.006516735390701636	0.984001	1.0
12989	1564	0.04230626398467848	0.26750411981135475	0.5400010000000001	1.0
12995	1068	0.11851502824082184	1.0697403851109493	0.095001	1.0
12997	1927	0.07872914956049644	0.5956086142773018	0.252001	1.0
13002	3135	0.05506042873294735	0.3714808980062084	0.453001	1.0
13003	0	0.03929955281533817	0.2446402973458727	0.576001	1.0
13005	2213	0.14346456286386886	1.4334703060814584	0.038001	1.0
13006	5	0.006136341200916762	0.031878786368596986	0.9360010000000001	1.0
13009	3282	0.06901580872356834	0.49860646086208743	0.318001	1.0
13010	3663	0.02500727344429147	0.1442745870844958	0.712001	1.0
13011	349	0.0256918564611944	0.14877477770946965	0.688001	1.0
13015	4426	0.13211725411544378	1.2614718520601047	0.045001	1.0
13019	0	0.18648420227744916	2.1893158928320364	0.005001	0.6394375839416058
13022	3595	0.06446070469842297	0.45554528641757414	0.35800099999999996	1.0
13026	0	0.021946064947775096	0.12452133832916991	0.740001	1.0
13032	4101	0.05815918961416747	0.3984849675376756	0.41800099999999996	1.0
13036	2052	0.0	-0.0	1.0	1.0
13039	1110	0.011084480593657627	0.059218656916577	0.880001	1.0
13040	929	0.07495670437047156	0.5570903156365379	0.266001	1.0
13043	0	0.04755211639415754	0.30888861327974987	0.502001	1.0
13046	1604	0.1750269524127576	1.9715586047962865	0.012001	0.7219722472527472
13047	52	0.0730925839396569	0.5384542633560856	0.28300099999999995	1.0
13050	0	0.03848149603525508	0.23852646532378732	0.581001	1.0
13051	1546	0.02541587320781067	0.14695691293718502	0.734001	1.0
13059	0	0.03187254759361157	0.19079090225394021	0.636001	1.0
13061	0	0.1164283427706766	1.0416972275920968	0.028001	0.9234426174698795
13062	526	0.07259086059137809	0.5334830852058127	0.29400099999999996	1.0
13069	1120	0.010733092105346025	0.057228203995401065	0.875001	1.0
13070	0	0.0338940914393763	0.2050811235995852	0.640001	1.0
13074	4429	0.009326278695152231	0.04933455405015634	0.878001	1.0
13090	3323	0.15710119169115863	1.655020436404408	0.003001	0.5665163620689656
13100	3131	0.013978959143409842	0.07590253505386398	0.824001	1.0
13101	2448	0.06160432156416773	0.4293220196622919	0.35600099999999996	1.0
13102	0	0.0016334898377294432	0.00827031143968085	0.973001	1.0
13106	0	0.05047809286890314	0.3328064394891491	0.446001	1.0
13109	0	0.02592341013132072	0.1503038043000317	0.691001	1.0
13121	4363	0.03254940082532666	0.19554523128091642	0.639001	1.0
13123	0	0.03600636118693874	0.2203047787265267	0.619001	1.0
13125	0	0.0546466463138601	0.3679271681833444	0.437001	1.0
13128	0	0.053433297406832274	0.35757697657672866	0.5530010000000001	1.0
13129	572	0.0035944946548608706	0.018404763502081	0.962001	1.0
13135	2626	0.16936064847014415	1.8683469175287324	0.008001	0.6394375839416058
13136	0	0.024770176545043817	0.14272307835901255	0.702001	1.0
13139	3769	0.08603218434988255	0.6732674156265523	0.209001	1.0
13140	0	0.018878424578011112	0.10532779119345338	0.759001	1.0
13144	3015	0.0	-0.0	1.0	1.0
13147	0	0.08318405009063062	0.6424928435888407	0.220001	1.0
13148	899	0.0515634918236361	0.34183229547065175	0.451001	1.0
13153	1565	0.03796256326018278	0.23467175411587282	0.590001	1.0
13162	4432	0.10627376825397777	0.9103433744713626	0.108001	1.0
13166	0	0.0038828347347102804	0.019913973004163525	0.954001	1.0
13168	3883	0.0	-0.0	1.0	1.0
13171	1458	0.02627414342111002	0.15262644829550787	0.704001	1.0
13172	1708	0.03923363961573785	0.24414600042705042	0.574001	1.0
13174	0	0.05161764854058042	0.3422848310238202	0.446001	1.0
13175	0	0.12003453102733655	1.0903886328446704	0.067001	1.0
13176	1218	0.09333221080326404	0.7550280290169452	0.170001	1.0
13180	0	0.0005518112437570416	0.0027764538133226236	0.995001	1.0
13185	1110	0.057509560236154195	0.39276652774745413	0.384001	1.0
13189	0	0.13891478129082035	1.3631730744697796	0.056001	1.0
13196	3675	0.0	-0.0	1.0	1.0
13197	532	0.0	-0.0	1.0	1.0
13198	0	0.040523743542765646	0.2538746512686312	0.5520010000000001	1.0
13200	0	0.08933387912826993	0.7097304633013305	0.187001	1.0
13203	0	0.005175115114514059	0.02673834571469721	0.939001	1.0
13210	1689	0.07575894971239976	0.5651912618178037	0.274001	1.0
13211	4433	0.05348570263295377	0.35802183688818484	0.41900099999999996	1.0
13215	0	0.00024390642508293967	0.00122504411435664	0.997001	1.0
13219	4435	0.06341373716616783	0.44586413234579325	0.36600099999999997	1.0
13223	19	0.01356059003114455	0.07345915204529453	0.817001	1.0
13231	0	0.07368170484521078	0.5443155522075352	0.391001	1.0
13233	0	0.001408698451531673	0.007122981050650311	0.987001	1.0
13236	0	0.015016818708637955	0.08201069268111845	0.838001	1.0
13242	1442	0.04474528342059455	0.2865079427441444	0.512001	1.0
13246	4436	0.0687374683876453	0.4959311065902579	0.312001	1.0
13249	0	0.04113319289299536	0.25851008155910127	0.568001	1.0
13250	2251	0.02331542267080965	0.13328295701577966	0.736001	1.0
13251	3632	0.07065149743179167	0.5144449852854377	0.315001	1.0
13255	3843	0.01145658685998336	0.06133468814107891	0.873001	1.0
13256	1999	0.0009307386840942088	0.004693277711674914	0.982001	1.0
13257	3131	0.03935880510539979	0.24508489544057038	0.593001	1.0
13259	2464	0.06695783178482662	0.47896154015270487	0.329001	1.0
13260	3107	0.04445379241378702	0.2842151133332315	0.515001	1.0
13261	0	0.015609729065292646	0.08553019605962006	0.819001	1.0
13263	0	0.003198391328266631	0.016339499427986497	0.955001	1.0
13264	2563	0.026703039829137857	0.15547758456855523	0.699001	1.0
13272	1069	0.12328716012211428	1.1352353624829654	0.07000100000000001	1.0
13276	0	0.007234329816930854	0.03781810601056939	0.9110010000000001	1.0
13278	3969	0.07800355713942798	0.588116043581939	0.271001	1.0
13284	2239	0.04904457475645961	0.3210132027726152	0.464001	1.0
13287	4280	0.023509023379299297	0.13453139444004575	0.737001	1.0
13296	2864	0.005993951988560835	0.031113843948330937	0.9370010000000001	1.0
13298	0	0.10335368618331808	0.8741257435586687	0.133001	1.0
13304	0	0.09193320066063472	0.7390356892451149	0.186001	1.0
13312	3324	0.06131519987046254	0.426700956926943	0.395001	1.0
13313	0	0.03994368966215571	0.24948641122696016	0.565001	1.0
13321	0	0.00828681616266239	0.04357919407094534	0.9070010000000001	1.0
13328	0	0.07312038408453239	0.5387302660267094	0.278001	1.0
13332	1796	0.10752380211791117	0.9260584942744051	0.128001	1.0
13333	3673	0.08530690485553219	0.6653711056340637	0.211001	1.0
13344	0	0.00847111809691449	0.04459488736489469	0.894001	1.0
13355	0	0.004326076840219316	0.022243536771005802	0.966001	1.0
13367	1930	0.11125175064744995	0.9736806374578022	0.103001	1.0
13369	2450	0.028291270487633503	0.1661400430969098	0.6630010000000001	1.0
13373	0	0.09284464015060385	0.7494370249988127	0.17100100000000001	1.0
13374	529	0.024470313878091204	0.1407660507120644	0.737001	1.0
13381	4439	0.0894304661861719	0.7108099391463276	0.248001	1.0
13386	0	0.0291489083013662	0.17196640990766413	0.648001	1.0
13395	0	0.053660820718410704	0.3595098087000202	0.47000099999999995	1.0
13396	4079	0.0	-0.0	1.0	1.0
13397	1202	0.06686303380403401	0.47806418654657845	0.30500099999999997	1.0
13416	1324	0.10038856015191573	0.8380523353380306	0.126001	1.0
13419	0	0.009561747957012088	0.0506473984922127	0.9250010000000001	1.0
13422	3694	0.11900119900461838	1.0763259780514347	0.074001	1.0
13425	3225	0.025611089280516863	0.14824226366529858	0.691001	1.0
13429	1185	0.038504341156161234	0.23869658272913177	0.575001	1.0
13431	0	0.04004322461690445	0.25023778121817847	0.571001	1.0
13432	0	0.027325350005831563	0.15963577674314333	0.697001	1.0
13434	0	0.022245681847841384	0.12642811753448793	0.733001	1.0
13442	0	0.04295131437095972	0.272490120361573	0.5390010000000001	1.0
13444	1853	0.0513817331935449	0.3403150326293696	0.42600099999999996	1.0
13446	0	0.031007826761198627	0.18476121724017272	0.6840010000000001	1.0
13450	0	0.07099234519933283	0.5177705843554208	0.31100099999999997	1.0
13453	0	0.0423479312024116	0.26782532597745745	0.5560010000000001	1.0
13455	2929	0.06580732417473024	0.4681157738821762	0.439001	1.0
13458	2205	0.038432377152445116	0.2381608190802574	0.594001	1.0
13459	3041	0.03355718407099005	0.20268060598230578	0.614001	1.0
13463	4440	0.0	-0.0	1.0	1.0
13467	2614	0.15074979136521297	1.5497914565080968	0.027001	0.9234426174698795
13470	0	0.026336703139979004	0.15304157509182625	0.703001	1.0
13472	1617	0.0667436311163687	0.47693487186791506	0.335001	1.0
13475	3807	0.019304879900439127	0.10796028553268035	0.7940010000000001	1.0
13478	0	0.07405231344996903	0.5480162028951492	0.266001	1.0
13485	3325	0.07141955600461718	0.5219510832414125	0.29400099999999996	1.0
13489	1491	0.022763957050935264	0.1297400262125608	0.731001	1.0
13497	0	0.04488200777588717	0.28758542905799533	0.510001	1.0
13498	3216	0.07294396801986919	0.5369797747721503	0.261001	1.0
13522	0	0.008528099519855982	0.04490932844198966	0.893001	1.0
13527	4035	0.018375859968471735	0.10224022048264296	0.7810010000000001	1.0
13529	3674	0.0	-0.0	1.0	1.0
13535	1930	0.009266909325074582	0.04900407421363812	0.886001	1.0
13538	1065	0.04923358654819395	0.32255987647565165	0.460001	1.0
13542	0	0.09808413678986627	0.8105032910322576	0.168001	1.0
13550	3694	0.007850195152853998	0.04118113398574595	0.9180010000000001	1.0
13553	0	0.11617875243084713	1.0383671095655411	0.095001	1.0
13559	0	0.12719869351889782	1.190342202327294	0.059001	1.0
13562	2818	0.07443525879359855	0.5518509132953044	0.29400099999999996	1.0
13568	0	0.031359948931846564	0.18721057571959818	0.650001	1.0
13572	1445	0.04551431248681179	0.292585330501676	0.49300099999999997	1.0
13574	1618	0.03465580638016316	0.21053646680055205	0.603001	1.0
13576	3972	0.030072268805259064	0.17829333686542018	0.6680010000000001	1.0
13577	1674	0.15607036882478964	1.6376983347992335	0.023001	0.9234426174698795
13578	0	0.0343375760741189	0.20825259872720397	0.618001	1.0
13579	1781	0.022451079543522413	0.1277386008971562	0.738001	1.0
13580	0	0.011464886616944822	0.06138198232732281	0.847001	1.0
13585	2991	0.10742905057584166	0.9248628575249818	0.104001	1.0
13597	3198	0.09765191630693182	0.8053833381426834	0.157001	1.0
13603	0	0.020924076895086033	0.11806049742437734	0.758001	1.0
13604	0	0.12498221300827576	1.1589577039228134	0.074001	1.0
13611	4345	0.06403100619296788	0.451562192388436	0.342001	1.0
13614	0	0.010602685637656262	0.05649142809966057	0.888001	1.0
13620	0	0.045565272092987	0.2929894998421008	0.502001	1.0
13621	3682	0.04706842503649276	0.3049926398103334	0.48200099999999996	1.0
13630	0	0.05569547897525539	0.3769588142725762	0.468001	1.0
13631	841	0.11565745307776262	1.031428370648905	0.105001	1.0
13634	0	0.07177667742911595	0.5254562014237699	0.30200099999999996	1.0
13643	0	0.007521841984638452	0.03938527423174625	0.900001	1.0
13648	0	0.09650223176059802	0.7918368638807961	0.141001	1.0
13649	0	0.029776081149330016	0.17625772035581974	0.6630010000000001	1.0
13651	1369	0.0058174389666440715	0.030167260752748615	0.9270010000000001	1.0
13652	0	0.061461576439106116	0.4280271872224608	0.36800099999999997	1.0
13653	0	0.024807709087335875	0.14296844057729216	0.738001	1.0
13656	2144	0.04496428107318132	0.28823442714255665	0.5460010000000001	1.0
13657	0	0.0	-0.0	1.0	1.0
13662	0	0.09038000382882563	0.72146100333508	0.194001	1.0
13665	2722	0.08966985345472	0.7134885216433069	0.187001	1.0
13673	3527	0.09231432159304925	0.7433770854031309	0.181001	1.0
13675	3390	0.021560670636497067	0.12207710795423053	0.767001	1.0
13678	2531	0.03441848280589939	0.20883260476917279	0.626001	1.0
13679	4351	0.0	-0.0	1.0	1.0
13683	755	0.003273268882500553	0.016729199104132036	0.960001	1.0
13687	1619	0.05712015093332058	0.3893532968626141	0.404001	1.0
13688	1185	0.01802285161564768	0.10008098854938902	0.7980010000000001	1.0
13691	0	0.05545144031682299	0.3748503278288371	0.41000099999999995	1.0
13695	3087	0.03207333062130273	0.19219805785353974	0.6600010000000001	1.0
13697	0	0.05183285327021242	0.34408514431714904	0.47000099999999995	1.0
13705	0	0.027064303288487395	0.15788842191040298	0.692001	1.0
13708	572	0.001266187793286376	0.006397136717073413	0.988001	1.0
13709	1862	0.0	-0.0	1.0	1.0
13712	0	0.0009830528593269272	0.004958567746348556	0.990001	1.0
13713	1343	0.07640172083569194	0.5717170040964304	0.275001	1.0
13714	0	0.04687350438638615	0.3034272426064816	0.506001	1.0
13715	0	0.03027360477186054	0.17968036800349282	0.6670010000000001	1.0
13722	0	0.02315206477464267	0.13223141582242864	0.721001	1.0
13724	0	0.20071866521205173	2.4770646373743	0.004001	0.6394375839416058
13727	0	0.08259143424168953	0.6361682175347223	0.239001	1.0
13729	2744	0.030331817668806285	0.18008190338962846	0.6570010000000001	1.0
13731	578	0.0030629992959635595	0.015635690293789858	0.963001	1.0
13734	0	0.011741595338020603	0.06296115446793511	0.862001	1.0
13738	0	0.003110862577962944	0.015884375010975806	0.971001	1.0
13740	4449	0.0006889272885872745	0.003469098582647166	0.986001	1.0
13742	0	0.08686737397864806	0.6824108912314258	0.210001	1.0
13746	742	0.029163265638075534	0.17206435773695164	0.6850010000000001	1.0
13756	4355	0.01651620390211498	0.09095336886138053	0.820001	1.0
13759	3135	0.0003186430089978168	0.0016011063427852116	0.996001	1.0
13760	0	0.09626191429424708	0.7890185267207444	0.167001	1.0
13764	3870	0.012298612580489164	0.06615427247786257	0.857001	1.0
13768	1481	0.016648782355502913	0.09175084987839388	0.7850010000000001	1.0
13781	0	0.015399752201981212	0.08428127597051448	0.816001	1.0
13786	1530	0.027689025960169016	0.16207751546496146	0.726001	1.0
13800	0	0.06062389040401481	0.42045850786928934	0.375001	1.0
13805	0	0.02962498362706255	0.1752214961295877	0.6630010000000001	1.0
13808	3390	0.05017515440632971	0.33030215763978205	0.451001	1.0
13810	0	0.036054519441030525	0.2206553648468705	0.579001	1.0
13812	0	0.043599404120589345	0.2775285206091502	0.504001	1.0
13813	0	0.0	-0.0	1.0	1.0
13824	2260	0.062200878598322344	0.4347494431587007	0.388001	1.0
13828	1202	0.018133683966603482	0.10075806709317513	0.822001	1.0
13830	0	0.13807591636439276	1.3504076222912542	0.034001	0.9848596534391535
13831	2448	0.027975092948061955	0.1640042608682267	0.691001	1.0
13832	2016	0.02503801199696218	0.1444759996445119	0.690001	1.0
13841	4355	0.029351828995478658	0.17335202262846816	0.6740010000000001	1.0
13847	2634	0.02665643986339508	0.15516722613268924	0.707001	1.0
13854	1689	0.06617845262511252	0.4716036959086002	0.318001	1.0
13864	893	0.007823203042600896	0.04103326159469778	0.9150010000000001	1.0
13866	0	0.06874628459738046	0.49601575796977115	0.316001	1.0
13867	4452	0.030478503721754972	0.18109469311458268	0.709001	1.0
13869	3121	0.04668382826070608	0.3019065116798329	0.616001	1.0
13870	1470	0.07893394526148216	0.597730623354123	0.233001	1.0
13873	1111	0.0681413606020558	0.4902208030777052	0.314001	1.0
13877	0	0.01631121710313827	0.08972250345885331	0.862001	1.0
13880	0	0.022647583350983706	0.1289948697928348	0.728001	1.0
13884	742	0.0007695918748683757	0.0038770880466440765	0.989001	1.0
13888	0	0.0	-0.0	1.0	1.0
13893	2614	0.019014045481581657	0.10616372781577033	0.759001	1.0
13900	3755	0.0	-0.0	1.0	1.0
13901	2744	0.058325345904186726	0.39995247163219305	0.386001	1.0
13903	742	0.105701491989027	0.9031911406570895	0.127001	1.0
13908	0	0.04166912960042143	0.2626074252306413	0.5370010000000001	1.0
13916	1068	0.07429545889637024	0.5504497137341441	0.265001	1.0
13917	0	0.09259035355527297	0.7465285345405728	0.196001	1.0
13920	0	0.02481670237589262	0.14302724610889753	0.717001	1.0
13930	138	0.024925912445071915	0.14374176909199504	0.708001	1.0
13932	1631	0.09025783635106759	0.7200866822740623	0.189001	1.0
13945	0	0.022578426878435753	0.12855246308963839	0.756001	1.0
13949	0	0.06134134271504785	0.42693770700598516	0.376001	1.0
13953	0	0.05225500217599545	0.347626209197817	0.444001	1.0
13960	1190	0.0344434765340155	0.20901186907527794	0.631001	1.0
13968	3135	0.0894304661861719	0.7108099391463276	0.248001	1.0
13971	349	0.09769367953337253	0.8058774034942833	0.150001	1.0
13972	0	0.05663036673881878	0.38507577094621026	0.393001	1.0
13978	20	0.1164283427706766	1.0416972275920968	0.028001	0.9234426174698795
13983	0	0.0377501140351823	0.2330989222037293	0.600001	1.0
13984	3518	0.012453729886479567	0.06704687679757883	0.852001	1.0
13990	0	0.05636357224654194	0.3827529840796642	0.40900099999999995	1.0
13994	730	0.0870652750397005	0.6845854090901208	0.212001	1.0
13996	0	0.0	-0.0	1.0	1.0
13999	2582	0.043273735755558304	0.2749930735874357	0.5340010000000001	1.0
14007	3164	0.040922691384962545	0.2569061446162507	0.5390010000000001	1.0
14008	0	0.03745947242501311	0.23095216259005685	0.593001	1.0
14009	0	0.0186551054058983	0.10395383347271821	0.7920010000000001	1.0
14016	3276	0.03594169409068833	0.21983425613617885	0.613001	1.0
14021	917	0.05165867930722575	0.3426278240454673	0.48700099999999996	1.0
14022	3744	0.02396242618527672	0.13746461248735667	0.732001	1.0
14025	1932	0.0	-0.0	1.0	1.0
14026	940	0.00992190132486841	0.052661918649398495	0.888001	1.0
14029	1668	0.055860959990594955	0.3783909954182346	0.42200099999999996	1.0
14034	1343	0.007658212364249337	0.040130336688714824	0.9130010000000001	1.0
14038	0	0.042222087880012124	0.26685558376807383	0.5310010000000001	1.0
14040	735	0.01611319245234657	0.08853593650410269	0.814001	1.0
14041	4455	0.06851992725466725	0.49384415275943067	0.328001	1.0
14043	0	0.0	-0.0	1.0	1.0
14050	1442	0.0033646498289504195	0.01720523783286446	0.959001	1.0
14053	349	0.0	-0.0	1.0	1.0
14060	1369	0.0031753441421817005	0.016219616939931094	0.962001	1.0
14061	4317	0.2416596373203779	3.4152436349404987	0.001001	0.3653316333333333
14064	3788	0.02914624278089592	0.17194822683304092	0.6820010000000001	1.0
14065	3844	0.030303320622503294	0.17988531121227153	0.6670010000000001	1.0
14067	935	0.05563456577874661	0.3764321261957902	0.41900099999999996	1.0
14069	2439	0.05085561207718456	0.3359363258359227	0.468001	1.0
14070	0	0.08140233962632484	0.6235592023598857	0.241001	1.0
14073	0	0.07787484004882794	0.586791078584682	0.236001	1.0
14076	0	0.08380590856440008	0.6491586526706884	0.28400099999999995	1.0
14077	3572	0.0010566857096805486	0.005332236691847206	0.987001	1.0
14078	8	0.0670497939526371	0.4798326855196292	0.333001	1.0
14082	2052	0.0513393299679413	0.3399614007213298	0.457001	1.0
14089	600	0.018349721599621394	0.10208007185137516	0.7970010000000001	1.0
14095	0	0.03113235798679423	0.18562651648557046	0.643001	1.0
14100	0	0.058403258047134865	0.4006412842842542	0.394001	1.0
14106	4259	0.029740524359804232	0.17601373714552865	0.6710010000000001	1.0
14112	1207	0.1218362401637255	1.1151210535857103	0.075001	1.0
14119	2598	0.06938734899097687	0.5021866176861776	0.30800099999999997	1.0
14120	1370	0.03277657188608446	0.19714775118381428	0.639001	1.0
14121	0	0.011690294108766021	0.06266802518880622	0.850001	1.0
14122	0	0.059079940352090694	0.40664222405617173	0.386001	1.0
14125	0	0.02279617074709726	0.12994644837942343	0.750001	1.0
14126	1868	0.010871370642983817	0.05801058866175346	0.886001	1.0
14132	918	0.0306138376103687	0.182030363151907	0.6720010000000001	1.0
14135	1299	0.0229249463035138	0.13077229464539494	0.736001	1.0
14151	1537	0.04414920132802001	0.28182553310358366	0.525001	1.0
14159	0	0.09785948850968434	0.8078403189662524	0.152001	1.0
14165	1606	0.04512630362152653	0.2895138870369304	0.506001	1.0
14169	2934	0.047054630273390186	0.30488176751501106	0.49000099999999996	1.0
14175	0	0.022871766969962452	0.13043112299097767	0.759001	1.0
14176	2615	0.02679802094525214	0.15611060234230772	0.711001	1.0
14177	8	0.06778895341961352	0.48685739254337196	0.340001	1.0
14178	0	0.02924663091480091	0.17263335560762658	0.692001	1.0
14186	0	0.054558208931186625	0.36716922097007365	0.5610010000000001	1.0
14187	3135	0.025158911980332325	0.14526878318526715	0.725001	1.0
14188	0	0.036767504719986695	0.22586411343787904	0.589001	1.0
14189	1459	0.06300559324830321	0.4421118641943531	0.35500099999999996	1.0
14193	0	0.01851932510510993	0.10311999201452077	0.7920010000000001	1.0
14194	1617	0.08605831630641528	0.673552682215313	0.201001	1.0
14202	4298	0.011103396275154095	0.059326019285969624	0.859001	1.0
14209	1658	0.022580222234563622	0.12856394443628336	0.770001	1.0
14211	1781	0.08699835766614122	0.6838497867703442	0.205001	1.0
14213	0	0.009561747957012088	0.0506473984922127	0.9250010000000001	1.0
14223	1669	0.07017126226738393	0.5097741330964343	0.319001	1.0
14227	1900	0.1448192603712035	1.4547488186219457	0.028001	0.9234426174698795
14240	3602	0.030903487793887036	0.18403701347494902	0.653001	1.0
14241	0	0.0704339590323887	0.5123270348225801	0.30400099999999997	1.0
14257	0	0.06121550425378806	0.4257985687169499	0.35600099999999996	1.0
14260	3584	0.0024124885509497467	0.012269158733317317	0.970001	1.0
14265	0	0.0	-0.0	1.0	1.0
14275	1689	0.04653409099564316	0.30070776514390546	0.49200099999999997	1.0
14277	0	0.03993435911457988	0.24941601143435946	0.6830010000000001	1.0
14290	0	0.004741980827178971	0.024439991328915684	0.951001	1.0
14291	1604	0.07839373696466637	0.5921401120588531	0.264001	1.0
14292	3208	0.060868299463587155	0.42266151905352256	0.390001	1.0
14294	2616	0.0179104028288783	0.09939482527502813	0.7990010000000001	1.0
14296	3346	0.08149278864208165	0.6245144969078747	0.264001	1.0
14299	21	0.03996886622426144	0.24967640024744192	0.5450010000000001	1.0
14310	2544	0.11390325317338001	1.0082438767463051	0.096001	1.0
14312	2212	0.04482643327753702	0.2871473055270746	0.5520010000000001	1.0
14319	1363	0.03889087777379291	0.24158032852156314	0.594001	1.0
14326	0	0.0969908100546306	0.797580834287156	0.151001	1.0
14334	0	0.0	-0.0	1.0	1.0
14341	3125	0.014245111192811619	0.07746256549216492	0.846001	1.0
14343	1789	0.023170842304810448	0.13235220026751854	0.734001	1.0
14344	879	0.009687755040360724	0.05135132444465947	0.890001	1.0
14346	1241	0.011463591572720162	0.06137460254907364	0.876001	1.0
14350	3274	0.03337087650215318	0.20135639270490727	0.629001	1.0
14358	0	0.005475301600510886	0.028337774002507084	0.9300010000000001	1.0
14359	0	0.08949926886872014	0.7115793360876292	0.191001	1.0
14362	0	0.07369872240175109	0.5444852516032865	0.277001	1.0
14365	3381	0.1337293370417193	1.2852328194981648	0.055001	1.0
14368	0	0.004904331529792617	0.025300173375684902	0.9340010000000001	1.0
14370	0	0.1194397344138222	1.0822831684990424	0.088001	1.0
14374	0	0.018255851444361523	0.10150528851940038	0.7920010000000001	1.0
14375	0	0.06355750112602152	0.4471887324860605	0.460001	1.0
14379	1930	0.030861376953628245	0.1837449314757136	0.645001	1.0
14380	1442	0.04112026882099902	0.25841151779085825	0.526001	1.0
14389	0	0.033827796753646534	0.20460816381647695	0.627001	1.0
14391	0	0.009741232249780997	0.05165036075575111	0.883001	1.0
14397	0	0.10392925873316791	0.8812100515390192	0.131001	1.0
14400	3520	0.0	-0.0	1.0	1.0
14405	2912	0.020580585986743713	0.11590395497592561	0.756001	1.0
14408	3335	0.05539190724350048	0.37433661174987337	0.41500099999999995	1.0
14413	0	0.02643542082232754	0.15369715282427732	0.772001	1.0
14414	913	0.09098568879070723	0.7282919186505029	0.183001	1.0
14418	0	0.039040695624168245	0.24270077435639617	0.579001	1.0
14421	0	0.17541204838180102	1.9786800883100741	0.012001	0.7219722472527472
14423	4242	0.00254410623784826	0.01294830367188278	0.972001	1.0
14426	0	0.0028224430190190754	0.014387864432740654	0.966001	1.0
14435	0	0.032323957154229525	0.1939582935857697	0.6570010000000001	1.0
14438	1783	0.012342578210550705	0.06640711744065339	0.842001	1.0
14439	0	0.05089236930874415	0.3362416060295997	0.438001	1.0
14440	1202	0.0	-0.0	1.0	1.0
14442	760	0.0	-0.0	1.0	1.0
14446	2733	0.024918971532035636	0.14369633418099634	0.703001	1.0
14453	4465	0.01570670737237893	0.08610793987305394	0.829001	1.0
14458	0	0.0672381254662989	0.481618678590473	0.330001	1.0
14465	0	0.06515556831812035	0.4620150571148729	0.329001	1.0
14468	3194	0.07872665496240483	0.5955827859878833	0.280001	1.0
14470	0	0.05399162188969717	0.3623265815326051	0.43600099999999997	1.0
14471	0	0.06345085834451743	0.44620601119293823	0.336001	1.0
14485	2271	0.01983842688071632	0.11127006023749722	0.774001	1.0
14486	0	0.05680803197989534	0.3866254133037124	0.527001	1.0
14505	0	0.03704067547283009	0.22786887265972955	0.586001	1.0
14506	1038	0.06658127537814226	0.47540099725972274	0.338001	1.0
14510	526	0.09505502380794374	0.7749339003419854	0.192001	1.0
14533	0	0.007636097089145498	0.04000943347146763	0.9160010000000001	1.0
14537	0	0.031588449642646274	0.1888044214488754	0.636001	1.0
14543	1863	0.0	-0.0	1.0	1.0
14548	0	0.0	-0.0	1.0	1.0
14550	370	0.10234117260481998	0.8617281942083985	0.142001	1.0
14551	0	0.0400129472174188	0.2500091513973755	0.5580010000000001	1.0
14554	0	0.03416515497180911	0.20701800550838467	0.615001	1.0
14555	0	0.007551157343944889	0.03954534500618379	0.9160010000000001	1.0
14556	0	0.01290578957019867	0.0696566383870665	0.863001	1.0
14557	1864	0.1356764299893267	1.3142279705193334	0.047001	1.0
14571	1306	0.08174389666401108	0.6271699134864032	0.247001	1.0
14572	0	0.102225211337223	0.8603135896171901	0.137001	1.0
14577	1966	0.0295103450251922	0.17443630996022141	0.6680010000000001	1.0
14581	1630	0.04730447140082231	0.30689187062370454	0.502001	1.0
14582	636	0.03697196185033032	0.22736411875930415	0.597001	1.0
14587	1423	0.04248196706859375	0.2688593986174922	0.5390010000000001	1.0
14590	4053	0.10517922752713298	0.8966870877876956	0.116001	1.0
14593	0	0.03265625141168328	0.19629855315555295	0.6560010000000001	1.0
14594	370	0.07656331806060723	0.5733625464521703	0.267001	1.0
14595	0	0.10439758699410147	0.8869940821305744	0.141001	1.0
14596	0	0.00832011929915898	0.04376257694869696	0.903001	1.0
14599	1936	0.0	-0.0	1.0	1.0
14606	0	0.029355422528913974	0.17337658493015173	0.6670010000000001	1.0
14611	0	0.13530363026338452	1.308651271339947	0.045001	1.0
14614	0	0.04370400540393933	0.2783444350040798	0.528001	1.0
14616	0	0.0074056729106798955	0.03875146346192209	0.905001	1.0
14619	0	0.02448465905448522	0.1408595409183031	0.714001	1.0
14622	0	0.04614790731146231	0.2976233263805865	0.514001	1.0
14628	1305	0.06489163291243213	0.45955340981768295	0.37000099999999997	1.0
14630	1628	0.013116067245608865	0.07087486750589413	0.854001	1.0
14631	2942	0.005852090383026892	0.03035293872625076	0.9320010000000001	1.0
14638	4363	0.0	-0.0	1.0	1.0
14641	1470	0.028133784723294107	0.16507540671554843	0.710001	1.0
14644	1442	0.15120350843070862	1.557190064138663	0.024001	0.9234426174698795
14665	0	0.0841227634890983	0.6525665477958582	0.209001	1.0
14670	0	0.11067827642351565	0.9662810271239608	0.108001	1.0
14675	1182	0.01780090478605873	0.09872743190522565	0.8110010000000001	1.0
14680	0	0.053729750113936714	0.3600960988775777	0.43400099999999997	1.0
14684	1188	0.0	-0.0	1.0	1.0
14685	2709	0.08046461068536079	0.6136921601345036	0.235001	1.0
14686	529	0.10067958142971555	0.841561645112632	0.153001	1.0
14703	2491	0.012093305608487724	0.06497512950070773	0.846001	1.0
14714	0	0.14054304820538024	1.3881247765922629	0.038001	1.0
14716	0	0.02112374494366738	0.11931752852538403	0.765001	1.0
14718	0	0.048933651309414815	0.3201066918514046	0.571001	1.0
14725	1952	0.08624172655074916	0.6755563503345395	0.231001	1.0
14728	2563	0.10583511208157374	0.9048587333362085	0.100001	1.0
14729	1205	0.029239589315784506	0.17258527649786407	0.650001	1.0
14734	779	0.01842312079048998	0.10252989478054254	0.7820010000000001	1.0
14737	0	0.027979329432457865	0.16403283508288005	0.689001	1.0
14738	0	0.027593444182244804	0.16143493715162913	0.698001	1.0
14740	2823	0.004751937047228406	0.024492697328738464	0.947001	1.0
14741	1756	0.056456146006098606	0.38355837715722707	0.401001	1.0
14758	0	0.008721750345098589	0.04597941877724294	0.889001	1.0
14760	4255	0.10027266582963616	0.8366566998623481	0.155001	1.0
14763	0	0.006371600721422904	0.0331452983296725	0.9230010000000001	1.0
14766	0	0.005493420559659713	0.028434485437267006	0.941001	1.0
14771	0	0.004925349872734939	0.025411649110639145	0.951001	1.0
14775	2298	0.053091254172737135	0.3546782271012002	0.445001	1.0
14777	3682	0.07839110375992449	0.5921129159942127	0.267001	1.0
14778	0	0.034044519686430096	0.20615539991963125	0.626001	1.0
14781	0	0.0340242294327532	0.20601040966588657	0.618001	1.0
14789	0	0.03865149428834825	0.23979321667014447	0.585001	1.0
14806	0	0.06648295387994602	0.47447304092824605	0.339001	1.0
14808	1185	0.04581660049331329	0.2949854713765901	0.49200099999999997	1.0
14818	499	0.048933651309414815	0.3201066918514046	0.570001	1.0
14825	0	0.027175921589468143	0.1586350111683484	0.698001	1.0
14826	0	0.008594858960520028	0.04527797699263578	0.9220010000000001	1.0
14831	349	0.053990676808531174	0.3623185230424689	0.443001	1.0
14835	1408	0.04308426013514362	0.27352130741429537	0.5450010000000001	1.0
14836	0	0.002797305959012883	0.01425766843340681	0.973001	1.0
14840	1647	0.0	-0.0	1.0	1.0
14841	0	0.028071782688930638	0.16465670591397744	0.6670010000000001	1.0
14842	0	0.028285068601463313	0.16609808631895598	0.6800010000000001	1.0
14850	4455	0.041599915364419544	0.26207715968382006	0.5570010000000001	1.0
14853	1756	0.06606993521350542	0.4705827808911418	0.342001	1.0
14861	3107	0.1186781658193853	1.0719480314071061	0.008001	0.6394375839416058
14862	2634	0.09217554497655309	0.7417949412419158	0.182001	1.0
14866	425	0.0	-0.0	1.0	1.0
14870	0	0.059537451704371774	0.410718303871054	0.40800099999999995	1.0
14871	370	0.0	-0.0	1.0	1.0
14874	637	0.04880017833910375	0.31901704372982204	0.468001	1.0
14881	4083	0.1141785197219679	1.0118651763638988	0.041001	1.0
14887	3135	0.023826406530032367	0.13658326425558062	0.735001	1.0
14891	3714	0.08474266743248465	0.6592562751294873	0.207001	1.0
14892	0	0.0933359530071572	0.7550710135674263	0.189001	1.0
14893	535	0.012607412332629069	0.06793268252403231	0.855001	1.0
14894	0	0.0	-0.0	1.0	1.0
14896	874	0.11889689659574712	1.0749114587140296	0.100001	1.0
14900	0	0.030444786229853055	0.1808617658187363	0.615001	1.0
14911	1671	0.04634051728484566	0.2991603970950715	0.47600099999999995	1.0
14912	0	0.12479158857414696	1.1562778595651655	0.058001000000000004	1.0
14915	2235	0.09392160122527576	0.761811632807296	0.161001	1.0
14922	0	0.08286165191997419	0.6390487317172924	0.229001	1.0
14926	1537	0.09821878096494441	0.8121012847984135	0.147001	1.0
14927	0	0.022142540479014865	0.12577107146847571	0.758001	1.0
14928	0	0.04637724303208204	0.2994537704023782	0.500001	1.0
14930	1604	0.03436180717188792	0.20842626116538904	0.614001	1.0
14932	349	0.014814408988594069	0.08081419753166917	0.832001	1.0
14934	1066	0.05587713730117581	0.3785311098981214	0.400001	1.0
14936	2709	0.0016583436160046115	0.00839734570805977	0.977001	1.0
14940	0	0.008743150128527583	0.04609781031216531	0.9070010000000001	1.0
14943	0	0.0737471885087594	0.5449686760210128	0.28300099999999995	1.0
14947	1644	0.037256133739512184	0.2294536486776521	0.609001	1.0
14948	4470	0.18230094293231874	2.108392167258064	0.008001	0.6394375839416058
14952	0	0.0	-0.0	1.0	1.0
14955	0	0.0233299522863247	0.13337656780758916	0.735001	1.0
14961	8	0.08880286647064155	0.7038087793005818	0.222001	1.0
14962	1648	0.06781121861903838	0.487069621256057	0.313001	1.0
14970	3197	0.039436760694526146	0.24567019786379693	0.5530010000000001	1.0
14974	2373	0.08713941702190309	0.685400858030598	0.209001	1.0
14978	1065	0.04585076197057153	0.29525711055420795	0.508001	1.0
14980	2196	0.02688555633432852	0.15669451746297047	0.693001	1.0
14983	3018	0.1157939811008081	1.0332434520623688	0.083001	1.0
14988	0	0.059204728316184424	0.4077524859742851	0.390001	1.0
14989	0	0.0023939709318267343	0.012173689658729666	0.964001	1.0
14992	0	0.07568706525120497	0.5644633987205092	0.277001	1.0
15005	1647	0.029869481348175762	0.176899009827803	0.6570010000000001	1.0
15007	0	0.01968595167620136	0.11032236375462057	0.830001	1.0
15008	2572	0.054952394452524575	0.370551874273147	0.41000099999999995	1.0
15013	4471	0.11159684228565313	0.9781463739927287	0.104001	1.0
15015	3126	0.010066786877553451	0.05347455904054603	0.895001	1.0
15017	0	0.029449918890893774	0.17402278575047261	0.6610010000000001	1.0
15026	638	0.027293725881390736	0.1594238591575384	0.6740010000000001	1.0
15029	0	0.055683120455540976	0.3768519343813499	0.521001	1.0
15037	1343	0.02512671314968473	0.145057551698827	0.6860010000000001	1.0
15039	1644	0.021660743844302305	0.12271087547638301	0.756001	1.0
15040	0	0.06591250289680689	0.469103227406079	0.343001	1.0
15045	4473	0.09097843852066188	0.7282099800180118	0.192001	1.0
15058	4474	0.020705498292190636	0.11668732430751705	0.771001	1.0
15060	0	0.12297187434923212	1.1308495183229594	0.066001	1.0
15062	3426	0.0513712075247704	0.3402272393995621	0.48800099999999996	1.0
15066	0	0.02363018051782946	0.13531390524208828	0.754001	1.0
15077	2185	0.19747969276808383	2.409891197179902	0.005001	0.6394375839416058
15078	0	0.0	-0.0	1.0	1.0
15081	1604	0.0	-0.0	1.0	1.0
15082	20	0.015408215699918515	0.08433156286136571	0.829001	1.0
15084	3426	0.004484931838107699	0.023081265682070355	0.954001	1.0
15085	0	0.09055537771052626	0.7234359127296214	0.232001	1.0
15089	0	0.020810863200555724	0.11734887698613457	0.829001	1.0
15091	2088	0.0	-0.0	1.0	1.0
15093	2823	0.04859868052951605	0.3173744249576214	0.49600099999999997	1.0
15098	3026	0.05114697687257533	0.33835882438210413	0.442001	1.0
15101	899	0.08036216943978092	0.6126183263216782	0.242001	1.0
15110	0	0.022840280506622707	0.1302292073636377	0.744001	1.0
15111	917	0.0	-0.0	1.0	1.0
15112	0	0.032330995070985316	0.1940077835790294	0.649001	1.0
15116	0	0.03434686670395616	0.20831917931555796	0.603001	1.0
15118	899	0.009144974483422875	0.048325992936818114	0.896001	1.0
15121	0	0.07519437898550892	0.5594852444275836	0.272001	1.0
15129	0	0.08267686258100683	0.6370782741955242	0.246001	1.0
15132	1277	0.016143719151176374	0.08871869331206529	0.8060010000000001	1.0
15139	2996	0.0016352677467829438	0.008279397607458014	0.982001	1.0
15141	2449	0.025915869866375014	0.15025395855379578	0.707001	1.0
15151	0	0.06819970991084598	0.49077858419791254	0.34500099999999995	1.0
15153	529	0.0	-0.0	1.0	1.0
15159	0	0.0	-0.0	1.0	1.0
15166	1191	0.032507884210446036	0.1952527344047657	0.6650010000000001	1.0
15167	349	0.07368170484521078	0.5443155522075352	0.391001	1.0
15171	71	0.1369965456396542	1.3340714965143117	0.043001	1.0
15172	0	0.10630352084849523	0.9107159441377106	0.130001	1.0
15178	0	0.04529768561903461	0.29086924131862485	0.513001	1.0
15179	0	0.06177048141953742	0.4308311175837706	0.385001	1.0
15182	0	0.023669864989313335	0.1355704185666748	0.713001	1.0
15189	1191	0.07378411873173339	0.5453371546836856	0.279001	1.0
15196	3831	0.03956924483194495	0.24666585952032175	0.580001	1.0
15197	0	0.06096786869393946	0.42356024490716004	0.376001	1.0
15198	3592	0.006558000584393951	0.03415112433674804	0.9340010000000001	1.0
15202	1241	0.019912014337657893	0.11172796412314907	0.759001	1.0
15203	0	0.03950561930768924	0.24618754347487443	0.5590010000000001	1.0
15206	0	0.007342634003070562	0.03840786660799495	0.905001	1.0
15209	0	0.056058499330012515	0.3801032035241	0.41200099999999995	1.0
15211	0	0.02968146153851453	0.17560864462756276	0.6860010000000001	1.0
15213	0	0.017088333383725285	0.09440269285145846	0.8060010000000001	1.0
15227	1993	0.053775371921044895	0.36048432892826804	0.458001	1.0
15234	1612	0.04923131969999448	0.32254131208398934	0.48200099999999996	1.0
15235	2054	0.09151289120370948	0.7342611299403933	0.183001	1.0
15244	4270	0.02262743201444631	0.12886592631471616	0.726001	1.0
15249	349	0.06426513113487349	0.45373073364094474	0.315001	1.0
15252	0	0.0529404263631207	0.35340263733662164	0.441001	1.0
15254	0	0.027560332346681905	0.16121247181083304	0.7870010000000001	1.0
15259	0	0.09420691985020602	0.7651053641857471	0.183001	1.0
15268	916	0.014847877044142359	0.08101186010111468	0.8060010000000001	1.0
15274	1727	0.09912492380434029	0.8228932338626774	0.158001	1.0
15276	1672	0.16792990357598786	1.8427499418353668	0.013000999999999999	0.729989482051282
15277	0	0.09003869056622323	0.7176243337481382	0.195001	1.0
15281	2717	0.014765375815845262	0.08052473285185731	0.836001	1.0
15282	4270	0.02583106837117588	0.14969362330526043	0.738001	1.0
15284	0	0.014906951203550393	0.08136092224358861	0.831001	1.0
15294	20	0.109504881661363	0.9512243527157724	0.116001	1.0
15298	3249	0.005339469409513121	0.027613380601199822	0.9310010000000001	1.0
15302	0	0.018398170258657007	0.10237694871059344	0.777001	1.0
15312	3755	0.01634523226275297	0.08992656939932578	0.822001	1.0
15314	0	0.010077811311732396	0.05353644560497812	0.869001	1.0
15327	297	0.037259648639418746	0.22947952812067468	0.579001	1.0
15329	0	0.003422519326464743	0.017506956813366854	0.959001	1.0
15332	0	0.0	-0.0	1.0	1.0
15333	0	0.1223909183157926	1.122789826674233	0.066001	1.0
15337	0	0.007920734717736428	0.04156778186558071	0.904001	1.0
15338	918	0.07811035879460901	0.5892163764351687	0.252001	1.0
15343	0	0.04351051395987292	0.27683575112760417	0.529001	1.0
15346	1343	0.0	-0.0	1.0	1.0
15348	2339	0.011049585875433874	0.05902065744218047	0.860001	1.0
15353	3454	0.058746151469864914	0.40367798372929864	0.404001	1.0
15355	0	0.05021713065123026	0.3306487733261915	0.455001	1.0
15356	1495	0.03417799079476959	0.2071098457303157	0.622001	1.0
15358	4456	0.020542392470481265	0.11566462804123412	0.774001	1.0
15363	1565	0.07320980564041718	0.5396184464019373	0.258001	1.0
15366	3270	0.0223276808834523	0.12695096568830685	0.739001	1.0
15368	1835	0.009561747957012088	0.0506473984922127	0.9250010000000001	1.0
15370	4480	0.0681817366697552	0.4906067448664692	0.341001	1.0
15374	0	0.014369162409708203	0.07819118116615874	0.832001	1.0
15380	0	0.07527758576486192	0.5603246864868594	0.279001	1.0
15383	3145	0.10098703640964088	0.8452764927702276	0.157001	1.0
15386	20	0.07770839856693065	0.5850796615451263	0.258001	1.0
15387	0	0.1461870069125197	1.4763947839564615	0.032001	0.975985930362117
15389	0	0.013155622761964459	0.07110433409499153	0.869001	1.0
15395	0	0.059645603663110135	0.41168407349799574	0.406001	1.0
15404	1930	0.00499626571015108	0.025787961456348978	0.946001	1.0
15412	1727	0.03155264072259634	0.18855441705435774	0.643001	1.0
15413	499	0.1468075509351809	1.486269467171999	0.012001	0.7219722472527472
15416	0	0.023875079210131413	0.13689850506104073	0.738001	1.0
15420	0	0.011676440064896588	0.06258889242988597	0.876001	1.0
15429	4429	0.15174977962536362	1.5661220347126208	0.032001	0.975985930362117
15435	0	0.022331899324489996	0.12697787526277662	0.743001	1.0
15437	3708	0.14719543773752466	1.4924590168175103	0.023001	0.9234426174698795
15441	1023	0.04570271189866322	0.2940804591260129	0.5380010000000001	1.0
15445	913	0.05022342794389818	0.33070078347363385	0.48100099999999996	1.0
15448	2556	0.006606446633918173	0.03441288262694676	0.9180010000000001	1.0
15452	0	0.11873184738116813	1.0726749564205136	0.089001	1.0
15454	1619	0.03437580112869762	0.20852657271332808	0.613001	1.0
15455	0	0.09764030662245007	0.8052460184611765	0.14000100000000001	1.0
15461	1857	0.0015532603698278388	0.007860483462296284	0.987001	1.0
15466	3663	0.09546241334193711	0.7796753041826905	0.179001	1.0
15473	4485	0.0035365551081684623	0.01810209216252749	0.952001	1.0
15475	4486	0.06495783332834701	0.4601703596718155	0.340001	1.0
15476	0	0.09237840918251322	0.7441082371890531	0.182001	1.0
15483	1628	0.07368170484521078	0.5443155522075352	0.391001	1.0
15485	3566	0.02096773567021571	0.11833513882774967	0.752001	1.0
15487	0	0.024263808581348186	0.1394216895998655	0.727001	1.0
15491	0	0.10370567751286812	0.8784549791835107	0.11700100000000001	1.0
15497	3015	0.023452377353946577	0.13416586204809747	0.733001	1.0
15499	1733	0.08194728635349297	0.6293242671881342	0.228001	1.0
15500	0	0.0029786194319361744	0.015197603393210302	0.967001	1.0
15504	0	0.0	-0.0	1.0	1.0
15519	0	0.054440026549352455	0.3661572189119705	0.459001	1.0
15520	1298	0.07709271214495048	0.578767232932919	0.264001	1.0
15522	3145	0.044487395974579944	0.28447913400650937	0.506001	1.0
15525	1564	0.0148534522768956	0.08104479422290498	0.847001	1.0
15528	0	0.02333680663885752	0.1334207334528552	0.730001	1.0
15534	0	0.02151343663635081	0.12177819536437909	0.748001	1.0
15538	2629	0.07554761223927464	0.5630524880347416	0.30200099999999996	1.0
15543	0	0.0	-0.0	1.0	1.0
15544	0	0.0	-0.0	1.0	1.0
15546	0	0.07310778949919652	0.5386052185015666	0.30600099999999997	1.0
15550	0	0.004068058748833911	0.020886049095165764	0.945001	1.0
15561	0	0.0642825233661806	0.4538919867945143	0.34900099999999995	1.0
15562	429	0.25517818141806914	3.7625771817059346	1e-06	0.0005762631578947368
15563	4489	0.09183090005951926	0.7378723143407587	0.175001	1.0
15567	0	0.06785576195256131	0.4874943123257438	0.30000099999999996	1.0
15575	1442	0.017389376825123776	0.09622589700875485	0.8020010000000001	1.0
15578	1756	0.057423196277877696	0.3920085915717413	0.397001	1.0
15581	1007	0.0022053098091891835	0.011202177431129143	0.973001	1.0
15584	0	0.06666894263414508	0.47622900172743554	0.317001	1.0
15585	0	0.08605573161310882	0.6735244643388318	0.28400099999999995	1.0
15590	0	0.09560550495049927	0.781343795439483	0.155001	1.0
15593	0	0.07114289531972387	0.5192422442131989	0.30100099999999996	1.0
15594	8	0.03230706160857992	0.19383949908880913	0.636001	1.0
15601	0	0.0	-0.0	1.0	1.0
15619	3521	0.07144584813449274	0.5222088127147235	0.28700099999999995	1.0
15627	2838	0.016360366351311217	0.09001738604277723	0.7880010000000001	1.0
15635	1202	0.05168764586331386	0.342870039237439	0.464001	1.0
15636	1202	0.11209511581379206	0.9846116132841531	0.095001	1.0
15646	1397	0.041059270638934255	0.257946477612102	0.6730010000000001	1.0
15647	1715	0.02994704638746336	0.1774320116173809	0.6690010000000001	1.0
15653	4298	0.007809902366780655	0.04096041188060869	0.9210010000000001	1.0
15654	0	0.0	-0.0	1.0	1.0
15657	1202	0.08075253969451693	0.616714660320352	0.239001	1.0
15666	1189	0.008212196092417561	0.043168543339973796	0.898001	1.0
15669	0	0.07531260612519336	0.5606781502739636	0.274001	1.0
15672	0	0.08437380784594117	0.6552721292041656	0.205001	1.0
15674	0	0.0332566711541223	0.20054580437550087	0.6650010000000001	1.0
15676	1185	0.08916853871558783	0.7078842785684485	0.173001	1.0
15677	0	0.051127835086629214	0.33819948921714105	0.47900099999999995	1.0
15682	1	0.09397575794222007	0.7624363261422189	0.173001	1.0
15683	0	0.03768453606587117	0.232614044982199	0.6720010000000001	1.0
15687	0	0.012249493697679217	0.06587193170541872	0.856001	1.0
15691	0	0.06239869127208676	0.4365548632992089	0.36500099999999996	1.0
15702	0	0.037684536065871174	0.232614044982199	0.6710010000000001	1.0
15706	0	0.09694639170932431	0.7970578463171024	0.139001	1.0
15709	0	0.021609789519307008	0.1223880998242265	0.748001	1.0
15713	532	0.0916821684825937	0.7361823877078074	0.177001	1.0
15741	1020	0.018104169492363938	0.10057768663242389	0.771001	1.0
15748	4491	0.12446768024080472	1.151731284183821	0.059001	1.0
15749	0	0.05339978236560777	0.3572925748850592	0.42200099999999996	1.0
15755	0	0.04549578673045224	0.2924384443317949	0.510001	1.0
15756	1200	0.054754890786190794	0.3688556320998224	0.405001	1.0
15759	0	0.056199559196637126	0.3813275802549204	0.42100099999999996	1.0
15765	1096	0.017473727695003237	0.096737769725169	0.7990010000000001	1.0
15769	3868	0.07292381670871154	0.5367799719172301	0.268001	1.0
15772	0	0.04361121571600759	0.27762061592018655	0.5420010000000001	1.0
15775	3242	0.09261073450918512	0.7467614610458387	0.17100100000000001	1.0
15777	4456	0.0523083858824779	0.34807490279731484	0.567001	1.0
15780	3844	0.1499347600480791	1.5365466212350538	0.030001	0.9576704052478133
15782	0	0.031408079941452616	0.18754601288076292	0.626001	1.0
15789	0	0.0016385555521983147	0.008296200725843469	0.981001	1.0
15791	2459	0.057708317327734626	0.3945128772672103	0.400001	1.0
15792	0	0.0	-0.0	1.0	1.0
15793	3556	0.06652490695149452	0.4748689057812322	0.34800099999999995	1.0
15795	322	0.1532975143327597	1.5915720233227808	0.031001	0.9697998542857144
15803	1936	0.0401023331397537	0.2506843002878293	0.5470010000000001	1.0
15808	0	0.02529891591168945	0.14618802097113495	0.724001	1.0
15815	0	0.0	-0.0	1.0	1.0
15816	0	0.16639577163935737	1.815510117931954	0.018001	0.8644427587719298
15818	2222	0.03828030150685583	0.23702979114822786	0.599001	1.0
15825	3764	0.0	-0.0	1.0	1.0
15828	0	0.06870465905822462	0.4956161291192635	0.320001	1.0
15829	1035	0.08386889323338073	0.649835459659229	0.220001	1.0
15831	917	0.036011697850888494	0.22034362127741838	0.612001	1.0
15837	3960	0.009705387459830959	0.05144990303463417	0.892001	1.0
15844	1869	0.017716441860584783	0.09821314330882036	0.7950010000000001	1.0
15845	3214	0.0	-0.0	1.0	1.0
15847	1040	0.0017739730721885935	0.008988833068529187	0.988001	1.0
15849	0	0.0926172291813325	0.7468356931605371	0.167001	1.0
15852	0	0.03196889635345236	0.19146581280044134	0.654001	1.0
15858	1408	0.033964791097099184	0.2055858333189502	0.652001	1.0
15860	1742	0.050271506603319596	0.33109796354333526	0.48000099999999996	1.0
15864	0	0.010835121764459651	0.057805378467852254	0.873001	1.0
15870	1657	0.0	-0.0	1.0	1.0
15871	0	0.05631851446363137	0.3823612035532194	0.42400099999999996	1.0
15872	0	0.10124544133930655	0.8484045500627219	0.124001	1.0
15878	8	0.06018276655295845	0.41649337999503844	0.49100099999999997	1.0
15882	4432	0.09359479930677812	0.7580469127383748	0.189001	1.0
15883	0	0.04662389545490304	0.3014265218283358	0.502001	1.0
15893	1453	0.08367968443013615	0.6478032220893254	0.224001	1.0
15895	0	0.06030053744742074	0.41755060264817456	0.375001	1.0
15899	0	0.10680534957490968	0.9170107880807277	0.122001	1.0
15901	147	0.03563401379767306	0.21759941005245342	0.596001	1.0
15905	0	0.017842415297728516	0.09898035078475372	0.779001	1.0
15907	25	0.04980901903701509	0.3272840927188771	0.465001	1.0
15908	1040	0.0846029932913118	0.6577463821299162	0.223001	1.0
15912	0	0.12700685690317687	1.1876094914282935	0.063001	1.0
15916	3933	0.012230137733595214	0.06576071217088972	0.865001	1.0
15920	3249	0.11675684389776407	1.0460880555554457	0.087001	1.0
15922	0	0.04566837757577466	0.29380779957601694	0.513001	1.0
15924	1674	0.08100197356903652	0.6193381961192499	0.229001	1.0
15927	4041	0.012784763574454221	0.06895671728447982	0.848001	1.0
15932	0	0.06881923577725818	0.49671644150269356	0.332001	1.0
15937	1864	0.0034345434210951084	0.017569672585736537	0.963001	1.0
15939	0	0.107807412026632	0.9296416295935247	0.116001	1.0
15942	2052	0.021490113892691756	0.12163065375549763	0.759001	1.0
15949	2362	0.06236048505249492	0.43620593542900005	0.35500099999999996	1.0
15950	3521	0.12292643477650875	1.1302181091355044	0.074001	1.0
15958	0	0.02223812722099279	0.12637996884154423	0.741001	1.0
15960	1222	0.03306073174991064	0.19915712510411548	0.630001	1.0
15962	0	0.07258418317213786	0.5334170514601304	0.29300099999999996	1.0
15965	0	0.05517378057797612	0.372456547658024	0.40900099999999995	1.0
15971	0	0.0888308698325121	0.7041205139222267	0.199001	1.0
15973	0	0.006575785907924889	0.03424720370197122	0.9140010000000001	1.0
15978	3249	0.04802465528541498	0.3127105718643224	0.48600099999999996	1.0
15996	0	0.009343793333654947	0.049432090148926536	0.900001	1.0
16004	2195	0.02767282290000075	0.16196854328831656	0.6800010000000001	1.0
16005	349	0.11728666778816825	1.0531886395702639	0.090001	1.0
16011	0	0.007915056410270538	0.04153664632572624	0.9130010000000001	1.0
16014	1035	0.06559020542469732	0.46607997030172243	0.329001	1.0
16020	0	0.043309093687642984	0.2752679934295439	0.627001	1.0
16022	0	0.011736894074508786	0.0629342852835516	0.860001	1.0
16024	0	0.00490852023203721	0.025322387053289232	0.946001	1.0
16026	3240	0.10152336947272197	0.8517749186351513	0.142001	1.0
16032	1769	0.09073598389747553	0.725472262844976	0.194001	1.0
16033	2722	0.044834969722921	0.28721458896289676	0.49700099999999997	1.0
16040	3454	0.0877586066840162	0.692227699241641	0.188001	1.0
16041	1151	0.059691962019816275	0.41209830167870165	0.385001	1.0
16045	3518	0.041059270638934255	0.257946477612102	0.6730010000000001	1.0
16046	1001	0.015828137784362244	0.08683218250834891	0.8040010000000001	1.0
16048	918	0.1299534504127017	1.2299270785603766	0.071001	1.0
16050	2902	0.016913265422333304	0.09334504506925985	0.8030010000000001	1.0
16053	2620	0.013074804857057087	0.07063560189487526	0.852001	1.0
16056	887	0.08091013511477566	0.6183716882943479	0.239001	1.0
16060	1853	0.04087348592808817	0.25653165672566597	0.5510010000000001	1.0
16066	2424	0.007252605667232216	0.0379175761161689	0.9190010000000001	1.0
16067	891	0.01409334099085239	0.07657243847539015	0.824001	1.0
16070	2621	0.11085618999759896	0.968573789139879	0.110001	1.0
16071	0	0.10113452024713565	0.8470611661954253	0.145001	1.0
16076	0	0.017520327660745988	0.09702074738291444	0.8010010000000001	1.0
16078	2888	0.0883055546618175	0.6982828747037556	0.261001	1.0
16080	985	0.09546458775704629	0.7797006463800968	0.165001	1.0
16088	0	0.014061101104650905	0.07638353627731359	0.814001	1.0
16109	1930	0.0756884200345188	0.5644771129068868	0.268001	1.0
16110	0	0.013189337497541006	0.07129999370626723	0.852001	1.0
16116	0	0.0	-0.0	1.0	1.0
16128	160	0.027690455319471008	0.16208712931232938	0.6830010000000001	1.0
16132	0	0.057902613045418806	0.3962227823982364	0.41100099999999995	1.0
16133	1604	0.01966596505935038	0.11019824790321482	0.7970010000000001	1.0
16135	1147	0.01189666458087002	0.06384818246336667	0.845001	1.0
16140	1675	0.011187594040298444	0.05980417745469084	0.868001	1.0
16142	2390	0.048059678183193635	0.3129944645994387	0.47400099999999995	1.0
16150	0	0.12519151667264924	1.161903665950296	0.081001	1.0
16155	1864	0.14051278594783398	1.387658943396986	0.038001	1.0
16156	4494	0.10770111256629067	0.9282978732622774	0.120001	1.0
16164	0	0.00863426895672785	0.04549572704483318	0.9120010000000001	1.0
16172	1442	0.08520417129058082	0.6642559129036375	0.206001	1.0
16176	0	0.05653366222894557	0.3842332433446405	0.41400099999999995	1.0
16183	0	0.13448393838742423	1.2964314318766803	0.050001000000000004	1.0
16185	0	0.00450624912543051	0.02319379705833173	0.957001	1.0
16190	4074	0.11931465075416844	1.0805823654525695	0.073001	1.0
16191	1299	0.036030544349887214	0.22048080961599992	0.588001	1.0
16192	0	0.025520408266098485	0.14764489011085485	0.734001	1.0
16202	2709	0.024849424376207862	0.14324125366012683	0.707001	1.0
16207	1202	0.03034264663816183	0.1801566231125601	0.689001	1.0
16215	0	0.12005153567700831	1.0906207933184862	0.096001	1.0
16218	0	0.09434635357404181	0.7667173326298575	0.17100100000000001	1.0
16222	0	0.06392437410644988	0.45057586542438766	0.35800099999999996	1.0
16224	1561	0.07368170484521078	0.5443155522075352	0.391001	1.0
16225	3831	0.022480117835274434	0.1279240897932597	0.759001	1.0
16228	0	0.0364865137180513	0.2238072235241559	0.616001	1.0
16230	0	0.1651519280092687	1.7935813344119027	0.014001	0.7626713880597015
16231	0	0.14980307222075173	1.5344120939214065	0.033001	0.9848596534391535
16235	2345	0.03128185128636623	0.18666662025485464	0.6820010000000001	1.0
16236	0	0.03432839909432589	0.2081868382809067	0.632001	1.0
16240	0	0.08027662747238076	0.6117222534546323	0.23400100000000001	1.0
16249	1445	0.0674494505425518	0.4836258523304494	0.339001	1.0
16254	1932	0.10837913683366511	0.9368847009774255	0.099001	1.0
16259	1676	0.044994181354112046	0.2884704065526609	0.524001	1.0
16261	988	0.04128510573955052	0.25966948399880657	0.564001	1.0
16263	0	0.04920002452841923	0.3222850566980548	0.462001	1.0
16268	0	0.06679920549429763	0.47746036503536243	0.332001	1.0
16271	0	0.0	-0.0	1.0	1.0
16274	2196	0.06862529014739427	0.49485449935844095	0.315001	1.0
16276	1385	0.06008914177698166	0.4156536346357608	0.36900099999999997	1.0
16280	0	0.0073053912961744925	0.03820498540769967	0.902001	1.0
16291	0	0.03961118045121306	0.2469812688881171	0.5440010000000001	1.0
16299	1069	0.003958897355630833	0.020312912777227327	0.949001	1.0
16305	0	0.005379147396955367	0.027824869926978524	0.942001	1.0
16306	0	0.030637766138726652	0.18219592592096734	0.636001	1.0
16308	1780	0.03958110177115749	0.24675502666748828	0.565001	1.0
16309	0	0.01575700403110471	0.0864078107349872	0.834001	1.0
16313	0	0.044638666832358065	0.2856686273697535	0.513001	1.0
16314	0	0.07288612479728498	0.5364063336588847	0.30500099999999997	1.0
16317	0	0.011933392150217121	0.06405848758620684	0.875001	1.0
16319	0	0.004910061528442683	0.02533056117433017	0.941001	1.0
16321	2897	0.01837902929164514	0.10225964171300549	0.8080010000000001	1.0
16323	2620	0.025044713383327588	0.14451991820613203	0.727001	1.0
16325	1248	0.020024106005972347	0.11242612371394962	0.777001	1.0
16332	597	0.06644903223211548	0.47415305486847725	0.336001	1.0
16343	0	0.0328599146155659	0.19773653310414424	0.627001	1.0
16360	1910	0.04516866111775388	0.28984867642515283	0.512001	1.0
16371	963	0.05590225606522979	0.37874870507307107	0.42500099999999996	1.0
16374	0	0.0	-0.0	1.0	1.0
16376	2599	0.0715950896292537	0.5236727381124928	0.30800099999999997	1.0
16378	0	0.040232143396942706	0.25166575418995063	0.5540010000000001	1.0
16381	0	0.10361033793502432	0.8772813861172744	0.156001	1.0
16383	0	0.0043380177050892504	0.02230645553032157	0.957001	1.0
16389	1950	0.06366240144088112	0.44815621041405945	0.383001	1.0
16393	297	0.0055350574336081385	0.028656799715851965	0.938001	1.0
16395	0	0.054597101094797054	0.36750247500528144	0.444001	1.0
16400	1214	0.07930626246698262	0.6015966166264837	0.312001	1.0
16405	1397	0.053019425888464075	0.35407055481599725	0.439001	1.0
16406	1471	0.0031965057582469553	0.016329690252759384	0.954001	1.0
16407	2579	0.05572326275248643	0.3771991360513624	0.41000099999999995	1.0
16408	0	0.040279475775167765	0.25202390578582623	0.598001	1.0
16412	3682	0.04197856416183233	0.26498209720347804	0.5620010000000001	1.0
16413	0	0.034381958508425334	0.20857071422940623	0.613001	1.0
16427	1672	0.1186781658193853	1.0719480314071061	0.008001	0.6394375839416058
16428	0	0.027554781227212416	0.16117518304716347	0.6810010000000001	1.0
16431	3527	0.0	-0.0	1.0	1.0
16444	3836	0.032470100454438426	0.1949866363555814	0.614001	1.0
16446	350	0.012890909716216016	0.0695705361610021	0.863001	1.0
16451	926	0.01613240435673174	0.0886509472745167	0.8040010000000001	1.0
16454	0	0.014701176944148082	0.08014596390899388	0.824001	1.0
16459	2533	0.006877203737102076	0.03587839352718115	0.884001	1.0
16464	0	0.0387988795857193	0.24089305691796348	0.5470010000000001	1.0
16466	0	0.06592104671591667	0.46918347552451334	0.35100099999999995	1.0
16469	0	0.014161351751666176	0.07697114290008418	0.837001	1.0
16474	4498	0.043089974588031064	0.2735656586153438	0.526001	1.0
16475	0	0.06243913108524686	0.43692430626064127	0.36200099999999996	1.0
16492	924	0.01397371882919883	0.07587186334949884	0.844001	1.0
16494	1125	0.04012508942158772	0.2508562700106215	0.567001	1.0
16496	0	0.025652065387765422	0.14851237436558234	0.716001	1.0
16501	1034	0.0	-0.0	1.0	1.0
16502	1357	0.033020483833616485	0.1988721935564653	0.638001	1.0
16507	0	0.020476410045883676	0.11525138974005991	0.770001	1.0
16510	0	0.012005147402165156	0.06446960277275363	0.853001	1.0
16513	4028	0.015022338290368212	0.08204335597745117	0.817001	1.0
16515	2648	0.04500305304319076	0.2885404357618244	0.516001	1.0
16516	1185	0.0	-0.0	1.0	1.0
16529	0	0.004509344269790747	0.02321013818801335	0.947001	1.0
16541	1445	0.04446491874052501	0.28430252338509865	0.5340010000000001	1.0
16547	1862	0.008582957430189136	0.045212236510757974	0.900001	1.0
16548	3634	0.09614167219481523	0.7876101007895624	0.164001	1.0
16553	349	0.10497460931604616	0.8941448775395331	0.129001	1.0
16558	4501	0.03999191440851647	0.24985036592641968	0.5430010000000001	1.0
16560	0	0.01883772128687929	0.10507713198944331	0.780001	1.0
16561	4502	0.01760056580120943	0.09750831201680053	0.814001	1.0
16571	1428	0.03340713760342805	0.20161394305488942	0.642001	1.0
16572	0	0.03205997844409936	0.19210439811897642	0.727001	1.0
16576	3416	0.10699246914490596	0.9193632094166723	0.124001	1.0
16577	2133	0.04708863565379709	0.3051551021039167	0.507001	1.0
16578	0	0.09937668378164408	0.8259032688339357	0.14000100000000001	1.0
16579	0	0.0	-0.0	1.0	1.0
16582	4007	0.0031763544217095416	0.01622487136554144	0.965001	1.0
16588	1185	0.11946427570666177	1.08261701719027	0.096001	1.0
16589	2131	0.0	-0.0	1.0	1.0
16590	0	0.056722233977213515	0.38587677732518433	0.42200099999999996	1.0
16592	0	0.052921498683465275	0.35324267538394005	0.43400099999999997	1.0
16593	3752	0.023208013168881866	0.13259136468579535	0.738001	1.0
16597	0	0.01798954145705492	0.09987764679022187	0.7900010000000001	1.0
16599	0	0.03770297052359434	0.23275031813864508	0.5590010000000001	1.0
16603	1110	0.07725217709178138	0.5803994104380146	0.264001	1.0
16604	0	0.04498090231886978	0.28836559790472965	0.507001	1.0
16609	641	0.010685160655400807	0.056957278392648455	0.874001	1.0
16612	3135	0.041696709781877436	0.26281881478184416	0.5430010000000001	1.0
16618	3582	0.1186781658193853	1.0719480314071061	0.008001	0.6394375839416058
16619	2407	0.00870657149077218	0.04589546050249775	0.905001	1.0
16620	1060	0.02465001617008963	0.14193816425553804	0.734001	1.0
16621	0	0.07733957017205301	0.5812947273826752	0.267001	1.0
16624	2158	0.04691807788644246	0.3037849758644784	0.527001	1.0
16625	0	0.0	-0.0	1.0	1.0
16628	2403	0.06592894499535602	0.46925766518072753	0.37200099999999997	1.0
16633	1397	0.02051028221948447	0.11546349164285413	0.7820010000000001	1.0
16640	529	0.0044706598643576845	0.02300594070373216	0.950001	1.0
16644	3579	1.0999727936861214e-05	5.517299158373408e-05	1.0	1.0
16653	370	0.1235040261350169	1.1382569570319268	0.079001	1.0
16656	0	0.06976123880723746	0.5057997923127714	0.30100099999999996	1.0
16660	0	0.08641900674069063	0.6774955314409911	0.20300100000000001	1.0
16671	0	0.055989623681780565	0.3795058932523114	0.41700099999999996	1.0
16680	0	0.00416376991204271	0.021389146382107135	0.960001	1.0
16682	0	0.07586080341438325	0.5662232468293975	0.281001	1.0
16684	0	0.05610795298492764	0.3805322905382919	0.40800099999999995	1.0
16686	0	0.0065516295610225095	0.03411671157973981	0.905001	1.0
16688	4426	0.0644389364125087	0.45534317886901876	0.36900099999999997	1.0
16689	3682	0.08552198433209429	0.667708481528066	0.213001	1.0
16692	0	0.031708360759064205	0.1896422152090056	0.640001	1.0
16701	0	0.0	-0.0	1.0	1.0
16704	0	0.05905785502860407	0.4064458442683339	0.49600099999999997	1.0
16706	0	0.050534514201694525	0.33327356993898266	0.47700099999999995	1.0
16708	0	0.08493082008875441	0.6612926111880799	0.28700099999999995	1.0
16711	754	0.01136530102518174	0.060814795621513554	0.880001	1.0
16717	0	0.014036665356840908	0.07624040348707696	0.829001	1.0
16723	203	0.0660460178321693	0.47035788679452567	0.333001	1.0
16724	19	0.06449375626896897	0.45585222016240057	0.34700099999999995	1.0
16739	499	0.0705301162710779	0.513262784317356	0.29000099999999995	1.0
16741	0	0.009824996887992023	0.05211910865590038	0.899001	1.0
16751	3170	0.046219585610150375	0.29819503311849904	0.509001	1.0
16762	0	0.013682757508902622	0.07417152332599249	0.853001	1.0
16765	2061	0.0	-0.0	1.0	1.0
16766	4097	0.011740338454328985	0.06295397085379896	0.883001	1.0
16777	0	0.0	-0.0	1.0	1.0
16781	0	0.08411945917482058	0.6525309686497194	0.243001	1.0
16785	1151	0.0	-0.0	1.0	1.0
16796	3522	0.10297962699884236	0.8695360291649934	0.145001	1.0
16801	598	0.010192307595623543	0.05417961683725485	0.886001	1.0
16802	3455	0.08138695829190186	0.623396811908121	0.262001	1.0
16807	0	0.055880862892012814	0.3785633805443238	0.405001	1.0
16816	0	0.06604476793244764	0.47034613520286106	0.34400099999999995	1.0
16819	0	0.05822384975797956	0.39905581340544016	0.392001	1.0
16825	0	0.12634888008957212	1.1782602183291786	0.061001	1.0
16826	2750	0.0032539104902329433	0.01662841686031045	0.963001	1.0
16827	0	0.0	-0.0	1.0	1.0
16832	0	0.09778100154615052	0.8069108848937409	0.155001	1.0
16840	1218	0.00535017985068284	0.02767045955233164	0.9340010000000001	1.0
16855	0	0.011887213181464604	0.0637940763404396	0.853001	1.0
16857	0	0.1026274956316918	0.8652256621973984	0.132001	1.0
16858	1645	0.019015149204906025	0.10617053568474366	0.779001	1.0
16859	0	0.009826344982738662	0.052126656093566474	0.876001	1.0
16862	1740	0.015005170070768903	0.08194176560807995	0.8080010000000001	1.0
16874	3708	0.0	-0.0	1.0	1.0
16875	0	0.09324401253420528	0.7540152657344332	0.177001	1.0
16876	1473	0.01514882341886519	0.0827923774590286	0.817001	1.0
16880	0	0.1149053313144289	1.0214568287592285	0.103001	1.0
16886	0	0.05696782839126323	0.3880211392883446	0.42200099999999996	1.0
16891	2463	0.0206722420377523	0.11647866558417966	0.776001	1.0
16897	349	0.047295142178567603	0.30681673368036794	0.47700099999999995	1.0
16898	2823	0.03362502392973882	0.20316336544857705	0.631001	1.0
16899	1900	0.0017846527420945606	0.009043502934087434	0.972001	1.0
16901	2634	0.017498642396570677	0.09688904694614166	0.7890010000000001	1.0
16912	0	0.10215846003494283	0.8594997845986638	0.156001	1.0
16916	4377	0.13460336231510503	1.2982082024373205	0.045001	1.0
16921	1833	0.11848063438313908	1.069275235175483	0.083001	1.0
16922	0	0.1061722713522061	0.9090729439193243	0.130001	1.0
16925	1604	0.009231831051201803	0.048808911209135504	0.891001	1.0
16927	0	0.1164283427706766	1.0416972275920968	0.028001	0.9234426174698795
16929	1742	0.0795484459190931	0.6041170327178627	0.246001	1.0
16930	1425	0.04801937551011876	0.3126677818977381	0.47200099999999995	1.0
16931	0	0.12104026237049768	1.1041610979118643	0.07000100000000001	1.0
16936	0	0.11326562484265754	0.9998794384147729	0.118001	1.0
16937	0	0.15394201805761049	1.6022324118088853	0.012001	0.7219722472527472
16943	1459	0.07322844696380314	0.5398036772451009	0.256001	1.0
16951	0	0.0	-0.0	1.0	1.0
16960	2316	0.040508355472548004	0.2537579398765722	0.563001	1.0
16967	1357	0.0693587925168255	0.5019110833371534	0.30100099999999996	1.0
16975	0	0.013641956032060485	0.07393350313430816	0.859001	1.0
16976	10	0.009790518038576265	0.05192611301917066	0.893001	1.0
16984	2741	0.007089735913784007	0.03703183013969729	0.9150010000000001	1.0
16987	3966	0.09709587196292296	0.7988184723979316	0.172001	1.0
16991	0	0.051739358969657694	0.34330260649226985	0.452001	1.0
16993	887	0.07215939687680686	0.529223170258624	0.29200099999999996	1.0
16999	2144	0.05259739094640222	0.3505075241658143	0.43600099999999997	1.0
17004	0	0.0076071295428729695	0.03985111367517072	0.9240010000000001	1.0
17010	0	0.07657549151376353	0.573486588755833	0.277001	1.0
17021	3124	0.07513865927502428	0.5589234016322735	0.276001	1.0
17024	0	0.03734149235512536	0.2300823620395039	0.599001	1.0
17029	0	0.03577935399744384	0.21865429898320612	0.642001	1.0
17038	0	0.08820687727588952	0.6971887093227095	0.201001	1.0
17043	0	0.020357931385890392	0.11451006986618055	0.768001	1.0
17046	1448	0.13403546324526483	1.2897699915705303	0.040001	1.0
17049	2464	0.0	-0.0	1.0	1.0
17054	4507	0.09280520075923498	0.7489855897650777	0.197001	1.0
17061	0	0.08483913457077363	0.6602999763457225	0.207001	1.0
17071	0	0.04668799392921785	0.3019398830050286	0.5370010000000001	1.0
17076	2100	0.006379261921017313	0.03318659773933899	0.9330010000000001	1.0
17077	0	0.07650822633864969	0.5728013257640707	0.276001	1.0
17078	1028	0.10855396210019609	0.9391048394024895	0.072001	1.0
17080	3804	0.052308385882477895	0.34807490279731484	0.5590010000000001	1.0
17081	0	0.06094455489409	0.42334974656392343	0.35200099999999995	1.0
17089	2886	0.11456893618902052	1.0170120469494865	0.097001	1.0
17097	4509	0.054144448446148796	0.36363053728317574	0.444001	1.0
17098	0	0.006533054968765172	0.03401639572657638	0.9160010000000001	1.0
17101	0	0.09461658122643121	0.7698457608064182	0.166001	1.0
17103	0	0.028186681981704806	0.16543282188026023	0.6730010000000001	1.0
17110	1373	0.11625118550282666	1.0393330052592566	0.094001	1.0
17111	0	0.051207065058630624	0.33885916358644824	0.463001	1.0
17118	1611	0.028782410881380827	0.16947069867771802	0.6740010000000001	1.0
17126	0	0.09336967428510473	0.7554584003585016	0.169001	1.0
17132	2524	0.09641831642867914	0.7908522210173101	0.167001	1.0
17133	2195	0.0051890541193664805	0.026812495734731396	0.9350010000000001	1.0
17148	0	0.01318870382180014	0.07129631559544293	0.848001	1.0
17156	0	0.17693344677099104	2.0069486521962583	0.009000999999999999	0.6796686137931034
17158	0	0.037684536065871174	0.232614044982199	0.6710010000000001	1.0
17159	0	0.0	-0.0	1.0	1.0
17160	0	0.0338781324268602	0.20496724188849644	0.602001	1.0
17165	0	0.09617993533229807	0.788058162095536	0.197001	1.0
17168	0	0.015215518544279515	0.08318773414895082	0.8030010000000001	1.0
17171	592	0.009561747957012088	0.0506473984922127	0.9250010000000001	1.0
17172	913	0.0038186782738395524	0.019577745307221426	0.951001	1.0
17173	3654	0.017694024541170944	0.09807672119549438	0.7900010000000001	1.0
17185	4511	0.07277208673796298	0.5352765294142797	0.325001	1.0
17190	0	0.11384875414370887	1.0075276485152633	0.094001	1.0
17198	1999	0.10338013481252341	0.8744506954114538	0.122001	1.0
17199	0	0.07484458281701471	0.5559620038186617	0.273001	1.0
17200	0	0.03041370153308003	0.18064709295356166	0.6750010000000001	1.0
17203	1068	0.009134841239154486	0.04826968234780262	0.875001	1.0
17211	0	0.09114276811899986	0.7300681567478183	0.186001	1.0
17213	0	0.0	-0.0	1.0	1.0
17215	4513	0.010950218690737559	0.05845723586511181	0.887001	1.0
17220	3040	0.020400683633230984	0.11477746739083006	0.776001	1.0
17222	0	0.018775249877399376	0.10469262377223738	0.7860010000000001	1.0
17229	1621	0.062398613588095744	0.43655415372245254	0.34800099999999995	1.0
17231	2234	0.10075151796048576	0.8424301447837739	0.145001	1.0
17232	3778	0.03373091168558233	0.20391749469181322	0.634001	1.0
17239	297	0.05804131698630554	0.39744511744880096	0.41700099999999996	1.0
17242	917	0.04059479638284596	0.2544137643574	0.573001	1.0
17243	0	0.18719961913988792	2.203319681543422	0.009000999999999999	0.6796686137931034
17245	2476	0.0	-0.0	1.0	1.0
17250	0	0.022475846096815598	0.12789679967219578	0.729001	1.0
17252	355	0.09495183830575094	0.7737350610070937	0.174001	1.0
17256	3744	0.05809126540322393	0.39788563044170766	0.391001	1.0
17257	1065	0.00767867821719432	0.04024224878739881	0.902001	1.0
17262	1604	0.0	-0.0	1.0	1.0
17280	2448	0.04833975557963935	0.3152678434297535	0.47100099999999995	1.0
17282	0	0.061859745198941954	0.431642661357886	0.374001	1.0
17288	0	0.03318488996845373	0.20003677300074837	0.715001	1.0
17294	0	0.024322640954453596	0.13980441118529913	0.709001	1.0
17296	0	0.02513372284138525	0.14510353111685348	0.705001	1.0
17297	1611	0.03545207676362414	0.21628090263482894	0.615001	1.0
17307	0	0.004462659260600056	0.022963720194587683	0.955001	1.0
17313	464	0.10325922679329896	0.8729656612551748	0.131001	1.0
17314	4514	0.029208312384291654	0.1723717611492061	0.6720010000000001	1.0
17319	1397	0.052035788773731655	0.3457858272671864	0.451001	1.0
17329	0	0.05720586605411139	0.3901036648731539	0.403001	1.0
17330	1034	0.005145744905950697	0.026582145556103255	0.942001	1.0
17332	4515	0.0958095538959927	0.7837258741994545	0.161001	1.0
17333	2534	0.017084807145310646	0.09438137063503634	0.7960010000000001	1.0
17334	0	0.056773713836724755	0.3863259045846136	0.400001	1.0
17337	94	0.0025829686369709783	0.013149027275324554	0.968001	1.0
17344	994	0.06951973555132561	0.5034647762444748	0.337001	1.0
17347	0	0.02029489563979119	0.11411601936908876	0.763001	1.0
17350	1474	0.018123609457755433	0.10069648962738052	0.8040010000000001	1.0
17355	1324	0.08004598886987144	0.6093090477122031	0.239001	1.0
17359	2263	0.1075690938952379	0.9266302731623454	0.103001	1.0
17362	0	0.0	-0.0	1.0	1.0
17369	1363	0.0034672860677885634	0.017740496229068425	0.965001	1.0
17372	0	0.05832557608359466	0.3999545059767335	0.42000099999999996	1.0
17380	0	0.014622356699774332	0.07968127964656656	0.832001	1.0
17382	0	0.03237229668305899	0.1942982791867637	0.6600010000000001	1.0
17383	0	0.09181063309122373	0.7376419335183333	0.176001	1.0
17387	0	0.046450765520108704	0.30004136679580357	0.511001	1.0
17399	2000	0.02039186743459954	0.11472231622811838	0.758001	1.0
17401	1034	0.09767226873830154	0.8056240931736676	0.166001	1.0
17415	2744	0.025359890251208526	0.1465887633121371	0.707001	1.0
17420	0	0.030781686617616745	0.18319251814543414	0.649001	1.0
17426	1457	0.03644957511919543	0.22353722478441282	0.588001	1.0
17429	1548	0.06112728556692626	0.42500066708367473	0.35700099999999996	1.0
17430	0	0.015060393346015458	0.08226860637305702	0.822001	1.0
17435	0	0.07791115100881632	0.5871647222153313	0.241001	1.0
17436	0	0.08374924004979958	0.648549978033459	0.212001	1.0
17445	0	0.09304355752191436	0.7517157609551111	0.153001	1.0
17448	937	0.0	-0.0	1.0	1.0
17451	0	0.093037663507993	0.7516481961364013	0.188001	1.0
17463	0	0.058679432538409654	0.4030864476264725	0.379001	1.0
17465	0	0.03101375681612805	0.18480239865627496	0.636001	1.0
17474	1874	0.051879615915566765	0.3444767754825976	0.42100099999999996	1.0
17476	0	0.054455208616754694	0.3662871678804709	0.43500099999999997	1.0
17488	638	0.09525389807768553	0.7772468571466855	0.162001	1.0
17491	503	0.07307835956543478	0.5383130647893537	0.29300099999999996	1.0
17493	0	0.03510833720705822	0.21379587979353198	0.626001	1.0
17496	4268	0.014256146236821492	0.07752734127020328	0.822001	1.0
17500	529	0.007050017631501371	0.03681606872798556	0.9220010000000001	1.0
17507	1185	0.03607840371388664	0.2208292973833214	0.586001	1.0
17509	3192	0.028458901023592192	0.16727504638114973	0.696001	1.0
17511	0	0.13569026848188528	1.3144352096375058	0.037001	0.9905231026894865
17512	0	0.03531379576515088	0.21528026216787222	0.612001	1.0
17515	0	0.029600328473389833	0.1750525542490052	0.6760010000000001	1.0
17523	2254	0.11132353978386444	0.9746088375699115	0.092001	1.0
17528	1871	0.0903880028186172	0.7215510286163198	0.20300100000000001	1.0
17535	349	0.0585677230398879	0.4020967420296344	0.375001	1.0
17538	0	0.0248830263003558	0.14346108815233183	0.734001	1.0
17540	0	0.016311226925174407	0.08972256237341028	0.8110010000000001	1.0
17541	0	0.02558834728355289	0.14809239754071124	0.714001	1.0
17547	0	0.04189525481498354	0.26434211468924596	0.5500010000000001	1.0
17552	3654	0.06419211497191368	0.4530540022251939	0.36300099999999996	1.0
17553	3192	0.10357772610154986	0.8768801153312544	0.125001	1.0
17559	1278	0.10322878397994553	0.8725919376541804	0.156001	1.0
17561	0	0.0016674674333482277	0.008443989017456242	0.977001	1.0
17562	2254	0.08820491894131875	0.6971670023844967	0.20300100000000001	1.0
17578	2818	0.07027590826365979	0.5107904714121798	0.30500099999999997	1.0
17579	0	0.05221463188550121	0.34728702860536614	0.447001	1.0
17583	0	0.0811069779392811	0.6204440541848794	0.218001	1.0
17590	1120	0.05308448357593885	0.35462093170435766	0.452001	1.0
17599	0	0.03017552755172105	0.1790043663257788	0.6660010000000001	1.0
17601	0	0.025287408437384667	0.1461124172955775	0.714001	1.0
17603	0	0.06092006189866215	0.42312864398683747	0.376001	1.0
17604	887	0.027593442259566538	0.16143492423183278	0.700001	1.0
17606	2733	0.05118347435812354	0.338662699288951	0.572001	1.0
17607	1756	0.05616508581865032	0.3810282249814658	0.445001	1.0
17608	918	0.02925092444258686	0.17266267285000012	0.6640010000000001	1.0
17610	0	0.03717665017197881	0.22886865171154538	0.574001	1.0
17612	0	0.08656967558218984	0.6791455418722596	0.187001	1.0
17622	0	0.041040331648681774	0.2578021417411453	0.5530010000000001	1.0
17628	1769	0.07544220435891025	0.5619870038773598	0.259001	1.0
17629	1442	0.05634313695860349	0.38257527976346184	0.393001	1.0
17634	0	0.03881737140435689	0.24103115362691235	0.574001	1.0
17637	2159	0.06641352706347069	0.4738182223887014	0.37100099999999997	1.0
17649	3736	0.007874962847791895	0.04131685881164279	0.894001	1.0
17651	0	0.003936765765642319	0.020196799861813747	0.956001	1.0
17661	1052	0.05584935887344097	0.37829052770313487	0.400001	1.0
17663	4452	0.0285146215375297	0.16765273038084177	0.6850010000000001	1.0
17665	2623	0.01936369484246709	0.10832425069618946	0.772001	1.0
17669	0	0.07271494543953409	0.534710783334665	0.28700099999999995	1.0
17672	0	0.005822776911356787	0.03019585921300367	0.938001	1.0
17679	4079	0.15295783810005126	1.5859684369414384	0.023001	0.9234426174698795
17690	1285	0.01132253221695827	0.060571393354231506	0.864001	1.0
17692	0	0.09491073903508965	0.7732577922888786	0.163001	1.0
17693	0	0.022659032630665328	0.1290681425377069	0.765001	1.0
17694	2624	0.03971986387789711	0.2477992654197252	0.570001	1.0
17710	2421	0.10226790412509935	0.8608342706740331	0.144001	1.0
17713	1475	0.01064367066208391	0.05672287529141548	0.877001	1.0
17726	0	0.051222178561033685	0.33898505014221547	0.467001	1.0
17735	0	0.061023157401996826	0.4240596002259819	0.390001	1.0
17738	1207	0.015881324126103998	0.08714968926089854	0.815001	1.0
17741	2736	0.03588216545643494	0.2194013704539261	0.600001	1.0
17743	2424	0.051538457271777575	0.341623176063134	0.445001	1.0
17745	2391	0.02989198883618329	0.17705363312768785	0.6720010000000001	1.0
17747	0	0.055785741079071055	0.3777397581050426	0.403001	1.0
17748	1077	0.0763189670455202	0.5708750897900943	0.29300099999999996	1.0
17751	1328	0.06391405742164405	0.45048048229231413	0.35700099999999996	1.0
17755	532	0.0025579602817177305	0.013019849399320186	0.969001	1.0
17761	1	0.006803586429603294	0.03547949502848513	0.9170010000000001	1.0
17763	0	0.022811736922199975	0.13004621874787872	0.734001	1.0
17764	0	0.08066700368944632	0.6158160935051581	0.259001	1.0
17767	1397	0.09412803387435408	0.764194057775331	0.178001	1.0
17772	0	0.0	-0.0	1.0	1.0
17778	4058	0.041042930789179685	0.2578219485857649	0.5570010000000001	1.0
17779	0	0.06668877027112723	0.4764163496644169	0.334001	1.0
17786	2426	0.08077951406770667	0.6169981458416793	0.233001	1.0
17788	0	0.01702282010042912	0.09400667891233667	0.820001	1.0
17789	0	0.02238180941141796	0.12729633988191158	0.753001	1.0
17795	0	0.07678293709109626	0.5756020985392858	0.278001	1.0
17797	3374	0.031060827785553986	0.18512936678505265	0.649001	1.0
17800	1408	0.02189442714789794	0.12419329260713279	0.744001	1.0
17802	52	0.0	-0.0	1.0	1.0
17803	0	0.010671047800227578	0.05687753420908192	0.867001	1.0
17809	0	0.08043117399133695	0.6133415738228921	0.29800099999999996	1.0
17812	1567	0.1044859394050139	0.8880872527165296	0.138001	1.0
17813	1835	0.055047154127541194	0.37136670010735173	0.41300099999999995	1.0
17821	0	0.04772088383765839	0.31025183173129217	0.48300099999999996	1.0
17822	1628	0.075897894656611	0.5665992515495184	0.259001	1.0
17824	1913	0.06020997798574776	0.416737565960951	0.374001	1.0
17831	3657	0.01713115497386723	0.09466168572050306	0.8050010000000001	1.0
17836	0	0.003908547610355202	0.02004879587239247	0.951001	1.0
17840	0	0.04210712625470438	0.2659706479513862	0.5320010000000001	1.0
17846	1547	0.03259474579750701	0.19586483118765577	0.635001	1.0
17850	3844	0.03188868783667568	0.190903919563627	0.6690010000000001	1.0
17855	0	0.10553526773987267	0.901118662171497	0.125001	1.0
17857	1898	0.07964563874705308	0.6051297832461409	0.226001	1.0
17858	0	0.010007862313896818	0.05314390645864751	0.896001	1.0
17865	0	0.015241967173484848	0.08334459346485858	0.840001	1.0
17868	3339	0.1186781658193853	1.0719480314071061	0.008001	0.6394375839416058
17871	3249	0.17132368854285696	1.9037708014710955	0.008001	0.6394375839416058
17877	2001	0.022782323894016514	0.12985771095975066	0.743001	1.0
17878	1548	0.029952442845795492	0.17746910909029143	0.6640010000000001	1.0
17881	0	0.040487016561669635	0.2535961209272625	0.5420010000000001	1.0
17893	0	0.014799306092542156	0.08072502249574955	0.841001	1.0
17895	0	0.03848758864577623	0.23857183080261524	0.594001	1.0
17909	1185	0.03628822547469059	0.22235893641184962	0.606001	1.0
17919	3994	0.02733573409579158	0.15970537619499653	0.6760010000000001	1.0
17928	0	0.04889406326381614	0.3197833719071067	0.464001	1.0
17930	0	0.030467561386033085	0.18101909299902327	0.6860010000000001	1.0
17932	1910	0.020504879405739657	0.11542965523407397	0.763001	1.0
17943	1975	0.0730709339597702	0.5382393603924853	0.332001	1.0
17960	3318	0.010129575209238767	0.0538271252946317	0.885001	1.0
17967	0	0.0075553052451870824	0.039567997978567776	0.9090010000000001	1.0
17981	94	0.0	-0.0	1.0	1.0
17989	0	0.10000623530166411	0.8334523367535027	0.132001	1.0
18012	1328	0.03841276001266587	0.23801483280170935	0.581001	1.0
18016	1879	0.15965236580111203	1.6982987690592781	0.014001	0.7626713880597015
18018	0	0.07493719415422567	0.5568939104252947	0.28200099999999995	1.0
18021	4522	0.04909571452371115	0.32143142886607146	0.468001	1.0
18022	0	0.01792335439149425	0.09947381525834506	0.7840010000000001	1.0
18030	0	0.06805913167500582	0.4894351774820118	0.313001	1.0
18032	0	0.04415726928672644	0.28188874504970285	0.5350010000000001	1.0
18038	0	0.0023324859135065434	0.011856842873851522	0.974001	1.0
18048	8	0.00573916543427914	0.029748099147575757	0.943001	1.0
18056	0	0.09520719940502612	0.7767034587733054	0.164001	1.0
18059	0	0.030757294955192842	0.18302351914390225	0.638001	1.0
18068	522	0.0580098152068829	0.39716738460976325	0.382001	1.0
18070	3966	0.10179684849910446	0.8550973849630917	0.153001	1.0
18072	0	0.06918205874779332	0.5002071736123682	0.42900099999999997	1.0
18079	2055	0.0837777364191094	0.6488560256223197	0.217001	1.0
18082	2001	0.0032340575526226337	0.0165250828654115	0.959001	1.0
18093	1900	0.12220274259699968	1.1201852946222268	0.069001	1.0
18095	0	0.12912415199614374	1.2179427148913553	0.060001	1.0
18100	0	0.11567088603977005	1.0316068878072346	0.119001	1.0
18101	0	0.06721383503302503	0.4813881790584835	0.342001	1.0
18102	1910	0.0841058051271859	0.6523839578703494	0.225001	1.0
18107	2052	0.009814947990725367	0.05206285241882001	0.903001	1.0
18110	1987	0.010389260358718524	0.055287844900586636	0.888001	1.0
18117	2806	0.07480661636956513	0.5555801515574762	0.35700099999999996	1.0
18119	3043	0.10992428135304794	0.9565930581502757	0.118001	1.0
18131	20	0.08053607593029992	0.6144417656835409	0.230001	1.0
18136	0	0.0	-0.0	1.0	1.0
18138	0	0.03532780262576189	0.21538156125214855	0.596001	1.0
18145	0	0.006968584066343722	0.03637399334004675	0.9170010000000001	1.0
18151	0	0.009786011293634496	0.05190089181257021	0.890001	1.0
18154	2625	0.011345553014237687	0.060702393492517825	0.871001	1.0
18157	1714	0.045316279889626415	0.29101641465305444	0.527001	1.0
18163	874	0.023257535416502086	0.13291013823980877	0.732001	1.0
18172	0	0.04481861262074316	0.2870856683065865	0.500001	1.0
18173	0	0.021580821973034486	0.12220467572282973	0.757001	1.0
18176	1068	0.10762560876494556	0.9273439700036579	0.113001	1.0
18177	2532	0.0062738224294465045	0.03261851060583874	0.9270010000000001	1.0
18178	913	0.05657612280325634	0.38460309369789586	0.42600099999999996	1.0
18185	0	0.019767135474905002	0.11082677120116982	0.7880010000000001	1.0
18187	1566	0.012685586507092745	0.06838382556882718	0.863001	1.0
18191	4526	0.04354703825734699	0.2771203387911826	0.5420010000000001	1.0
18194	0	0.05254800762310931	0.3500914330783597	0.43000099999999997	1.0
18195	919	0.0	-0.0	1.0	1.0
18209	0	0.019729393080291632	0.11059221992782865	0.773001	1.0
18216	2161	0.05984160515579553	0.4134364796609511	0.42600099999999996	1.0
18227	2161	0.0889989884275715	0.7059933042809489	0.216001	1.0
18228	0	0.035860821329122244	0.2192462164517801	0.593001	1.0
18229	2290	0.07209770375525876	0.5286152048056189	0.28800099999999995	1.0
18232	0	0.030172905091583244	0.17898629961714563	0.655001	1.0
18234	821	0.09413209151675786	0.7642409204719436	0.193001	1.0
18237	0	0.03294135178548997	0.19831230024167548	0.643001	1.0
18241	0	0.0155379203594994	0.08510277656045052	0.814001	1.0
18244	1029	0.035543970842485055	0.2169465855618487	0.597001	1.0
18249	2931	0.007788867375093121	0.04084522193428945	0.9170010000000001	1.0
18253	2921	0.0	-0.0	1.0	1.0
18260	0	0.08064458434026148	0.6155806680241751	0.246001	1.0
18261	0	0.11559677339623634	1.0306221546149568	0.082001	1.0
18272	0	0.05530040209205746	0.37354750105235834	0.456001	1.0
18274	4061	0.07932158464900475	0.6017559426882028	0.28700099999999995	1.0
18276	0	0.0712273943889974	0.5200689836549578	0.28400099999999995	1.0
18282	2093	0.06581657210996116	0.4682025639083405	0.34400099999999995	1.0
18286	0	0.0	-0.0	1.0	1.0
18288	3595	0.10704307790789108	0.919999938627515	0.14000100000000001	1.0
18294	0	0.016587955273396997	0.09138482854086549	0.815001	1.0
18297	0	0.021300055705566454	0.12042962412009407	0.745001	1.0
18298	0	0.04156117993996581	0.26178054263882367	0.564001	1.0
18301	4377	0.02408658036748164	0.13827011881758805	0.714001	1.0
18307	1661	0.03852121884901643	0.23882228615054477	0.575001	1.0
18319	0	0.056157925825542535	0.38096606070428457	0.41400099999999995	1.0
18321	0	0.06415303932538416	0.4526920005741778	0.339001	1.0
18328	0	0.10858907181123295	0.939551004205982	0.127001	1.0
18329	0	0.03476479011779701	0.21132017999472988	0.609001	1.0
18349	0	0.013817519571996596	0.07495840458160867	0.846001	1.0
18351	1269	0.0036610810026496687	0.01875284949143985	0.956001	1.0
18353	0	0.030009839153401465	0.17786379375871014	0.6580010000000001	1.0
18367	2373	0.09715544455554868	0.7995206323796151	0.143001	1.0
18368	0	0.009803544273326931	0.05199901898827559	0.889001	1.0
18369	0	0.0	-0.0	1.0	1.0
18372	2002	0.016448177152820057	0.0905446036505514	0.822001	1.0
18380	1633	0.03243658228020158	0.19475065887280574	0.654001	1.0
18384	918	0.03258848955659567	0.1958207278814787	0.620001	1.0
18390	0	0.026494897315535414	0.1540924385483063	0.697001	1.0
18392	0	0.003663320393528454	0.018764560649673762	0.955001	1.0
18410	1448	0.07719132903213718	0.5797763821712774	0.28300099999999995	1.0
18412	1202	0.012592842905293649	0.06784864392956236	0.854001	1.0
18417	0	0.023276031172829857	0.13302923543062026	0.706001	1.0
18425	0	0.11787828205004493	1.0611448160736319	0.092001	1.0
18428	963	0.000889778038690725	0.004485673654114368	0.990001	1.0
18436	2584	0.040142559282755036	0.2509883141505355	0.5500010000000001	1.0
18445	20	0.01449470018164677	0.0789294989657618	0.834001	1.0
18450	1110	0.05763786033113219	0.39389349138147384	0.400001	1.0
18452	2990	0.01360215216275298	0.0737014016996157	0.850001	1.0
18457	0	0.09393419581061163	0.7619568896626885	0.163001	1.0
18465	0	0.05079469464366388	0.33543059804486974	0.47900099999999995	1.0
18468	2656	0.10045472075336534	0.8388495440223287	0.142001	1.0
18478	3951	0.01423740293638871	0.07741732245246968	0.829001	1.0
18479	0	0.06575057028080432	0.4675832880798836	0.36200099999999996	1.0
18482	3341	0.03338950518395782	0.20148869497002383	0.627001	1.0
18485	0	0.05182294028155526	0.3440021442296023	0.460001	1.0
18489	1797	0.08534980242594821	0.665837008909048	0.211001	1.0
18490	348	0.06693223569908462	0.4787191831781298	0.463001	1.0
18492	3556	0.08071192287605164	0.6162879055067125	0.219001	1.0
18497	3345	0.09675916130145006	0.7948550918782186	0.153001	1.0
18500	0	0.04429389716776479	0.28295990049050224	0.529001	1.0
18508	1566	0.057779172116130574	0.39513612131421005	0.42600099999999996	1.0
18509	0	0.0	-0.0	1.0	1.0
18511	2818	0.06750634779414803	0.48416682991977267	0.336001	1.0
18512	742	0.013118686057906528	0.07089005658865838	0.851001	1.0
18513	1306	0.025748765689037362	0.14915024578887737	0.713001	1.0
18516	0	0.010699090136528845	0.057035998335029175	0.864001	1.0
18520	2554	0.15564388558083458	1.6305593312036784	0.025001000000000002	0.9234426174698795
18533	0	0.05104704953318228	0.3375273203800154	0.461001	1.0
18537	0	0.07930626246698262	0.6015966166264837	0.312001	1.0
18538	0	0.08155608551569135	0.6251833923106481	0.319001	1.0
18540	3453	0.05394386845211788	0.36191947869978464	0.40900099999999995	1.0
18547	3484	0.00858156989218749	0.04520457272396446	0.897001	1.0
18555	0	0.016074449019071974	0.08830407164629774	0.7990010000000001	1.0
18561	0	0.044374502513914435	0.28359244872697936	0.517001	1.0
18564	0	0.058539558912987906	0.4018473605546828	0.387001	1.0
18565	0	0.004398972354455306	0.022627769031128186	0.946001	1.0
18566	742	0.05488759646759102	0.36999505504445684	0.438001	1.0
18570	1797	0.0060369953466150195	0.03134495361527059	0.9250010000000001	1.0
18577	0	0.08879190353177607	0.7036867560679092	0.204001	1.0
18583	1608	0.0	-0.0	1.0	1.0
18590	2448	0.01430529160955507	0.0778159165180765	0.847001	1.0
18595	4534	0.043677491133379674	0.27813754593647083	0.501001	1.0
18597	964	0.0	-0.0	1.0	1.0
18598	3025	0.06494769631083228	0.46007586757691243	0.333001	1.0
18614	0	0.06355750112602152	0.4471887324860605	0.460001	1.0
18615	2391	0.060211107498300796	0.4167477029779687	0.42200099999999996	1.0
18616	0	0.06790819538404219	0.48799441881120187	0.36400099999999996	1.0
18617	0	0.01733642488032008	0.09590479295002656	0.821001	1.0
18619	2044	0.01576670120935595	0.0864656438653709	0.8100010000000001	1.0
18624	888	0.024330433008818392	0.13985511750691088	0.740001	1.0
18625	0	0.0025990527833567555	0.013232127534433447	0.974001	1.0
18626	1530	0.10872905520467269	0.9413308737846457	0.119001	1.0
18629	0	0.0866492856795586	0.6800180828077993	0.188001	1.0
18631	0	0.03642574631845753	0.22336309958259176	0.628001	1.0
18634	1837	0.08148959294397815	0.6244807342343317	0.235001	1.0
18641	2472	0.0	-0.0	1.0	1.0
18647	3657	0.07893656359264288	0.5977577741346864	0.270001	1.0
18649	0	0.020354109361319542	0.11448617034852489	0.777001	1.0
18653	0	0.09574332337046776	0.7829523336161017	0.179001	1.0
18659	0	0.0791295341166478	0.5997602211993778	0.242001	1.0
18661	0	0.006918262937789826	0.03610101557191526	0.9270010000000001	1.0
18663	0	0.0564488603803812	0.3834949697732116	0.389001	1.0
18664	0	0.0877995391636872	0.6926800495528681	0.194001	1.0
18669	0	0.0	-0.0	1.0	1.0
18674	1111	0.0	-0.0	1.0	1.0
18677	0	0.010662575945358063	0.05682967012825614	0.892001	1.0
18679	0	0.08187602221905975	0.6285690583288636	0.240001	1.0
18690	581	0.0600397510848877	0.4152108929949277	0.37200099999999997	1.0
18691	356	0.012989407593703792	0.07014074739729793	0.849001	1.0
18695	4539	0.08065326368094168	0.6156718051735125	0.245001	1.0
18697	742	0.05736532789584513	0.3915010354229307	0.41400099999999995	1.0
18700	0	0.09935145393474568	0.8256013932687594	0.175001	1.0
18701	1872	0.05741769734908119	0.39196035079428543	0.405001	1.0
18707	354	0.07176507460463363	0.5253421704863745	0.29000099999999995	1.0
18711	0	0.04040342975751071	0.2529625587831003	0.5620010000000001	1.0
18715	2806	0.0242265660299328	0.13917953151843832	0.715001	1.0
18716	0	0.06468241265037589	0.4576057171699389	0.449001	1.0
18718	0	0.07368170484521078	0.5443155522075352	0.391001	1.0
18724	0	0.046402230752991526	0.29965343155960456	0.48800099999999996	1.0
18727	529	0.06856309501584647	0.4942579976057814	0.319001	1.0
18728	0	0.10474164963609038	0.8912546682474942	0.138001	1.0
18734	1797	0.0053182847360580855	0.027500501613661365	0.9370010000000001	1.0
18736	2626	0.023226259876230324	0.13270879997336174	0.718001	1.0
18742	3773	0.058183205876175884	0.398696957540421	0.406001	1.0
18744	0	0.08163214910449151	0.6259876079136109	0.235001	1.0
18756	2314	0.017449023751898857	0.09658781067492193	0.813001	1.0
18760	0	0.06432279678189207	0.45426546958739744	0.34900099999999995	1.0
18761	742	0.04956354751956167	0.3252659554031457	0.48500099999999996	1.0
18767	0	0.003910613821532412	0.020059631537049597	0.958001	1.0
18769	1068	0.0990260619426116	0.8217126283147296	0.143001	1.0
18770	1188	0.14398885631100905	1.4416865177376472	0.037001	0.9905231026894865
18780	3135	0.03676732666408895	0.2258628083572593	0.569001	1.0
18786	2912	0.009812524807572397	0.05204928775188269	0.881001	1.0
18799	2424	0.08222614777018356	0.632283201843856	0.251001	1.0
18812	3556	0.08709407651469393	0.6849021307062062	0.200001	1.0
18815	963	0.03632183095088792	0.22260420235672865	0.624001	1.0
18828	4065	0.030110026852388245	0.17855325341749415	0.652001	1.0
18835	0	0.07922307408690724	0.6007319039787868	0.261001	1.0
18840	3891	0.0318333838242918	0.19051674138994368	0.637001	1.0
18845	0	0.033651561521647805	0.20335229495832594	0.6560010000000001	1.0
18848	3341	0.029001208893221594	0.1709595699991463	0.6790010000000001	1.0
18850	169	0.05016442275006087	0.3302135617530535	0.46900099999999995	1.0
18852	0	0.10170253604578389	0.8539509151761351	0.128001	1.0
18856	0	0.044142563284005065	0.28177352782871296	0.515001	1.0
18866	2344	0.02603801292958503	0.1510618533537508	0.709001	1.0
18868	0	0.0	-0.0	1.0	1.0
18885	0	0.01891413568409919	0.10554779368023882	0.7810010000000001	1.0
18889	1923	0.02361858383176474	0.13523896548306605	0.745001	1.0
18890	4020	0.07266194117830627	0.5341862165837648	0.29500099999999996	1.0
18897	3682	0.07598807546162245	0.5675138750958796	0.269001	1.0
18901	888	0.09132368106624121	0.7321163021162298	0.173001	1.0
18910	0	0.013382140553441812	0.07242025074464278	0.830001	1.0
18923	0	0.011743191367176678	0.06297027657920931	0.885001	1.0
18924	0	0.0	-0.0	1.0	1.0
18935	1068	0.09156338247900385	0.7348339586445465	0.190001	1.0
18936	0	0.058662845638195266	0.40293943664793774	0.42900099999999997	1.0
18937	0	0.06789992846280912	0.487915555939494	0.34700099999999995	1.0
18942	3556	0.06553071297193701	0.46552274890064593	0.34700099999999995	1.0
18945	762	0.0	-0.0	1.0	1.0
18947	2131	0.0	-0.0	1.0	1.0
18957	2805	0.0	-0.0	1.0	1.0
18962	1647	0.025152646374290738	0.145227674155014	0.689001	1.0
18970	0	0.02456446315572647	0.14137988192775316	0.724001	1.0
18978	4498	0.10292940447842422	0.8689206555963446	0.132001	1.0
18987	3071	0.033349202510883	0.20120249159244805	0.610001	1.0
18988	0	0.027855663823876057	0.16319921941817422	0.706001	1.0
18998	1772	0.059095668777197734	0.40678210067837095	0.400001	1.0
19002	4390	0.04408826851713106	0.2813482739552024	0.49700099999999997	1.0
19003	0	0.041141832986731366	0.25857598050786207	0.5390010000000001	1.0
19006	1756	0.049808455213707165	0.327279452395721	0.48400099999999996	1.0
19008	1367	0.05236198853393105	0.3485256402846787	0.458001	1.0
19014	1546	0.13150128955395984	1.2524515081800727	0.048001	1.0
19015	0	0.023633997611254922	0.1353385738434867	0.739001	1.0
19020	0	0.05393758249947413	0.3618659024459797	0.42700099999999996	1.0
19026	0	0.010074664230426196	0.05351877845263051	0.878001	1.0
19029	0	0.010135667926203079	0.053861349608423065	0.883001	1.0
19031	2052	0.0740691967209191	0.5481850344247365	0.29400099999999996	1.0
19038	1185	0.007380628467398891	0.0386149288489819	0.9240010000000001	1.0
19046	0	0.12672051293619904	1.1835363047705618	0.069001	1.0
19051	0	0.028540553883976322	0.1678285740960236	0.688001	1.0
19054	0	0.0018614797126434053	0.009436981249653323	0.978001	1.0
19061	0	0.021591117633683824	0.1222698622753972	0.739001	1.0
19083	646	0.03138099376472066	0.18735722357888088	0.648001	1.0
19089	3033	0.026110923253156264	0.15154456854676743	0.710001	1.0
19093	1035	0.0499340355370122	0.32831354460509304	0.509001	1.0
19094	4548	0.017082104638446203	0.09436502982967392	0.816001	1.0
19096	0	0.0010566857096805451	0.005332236691847158	0.985001	1.0
19098	1566	0.06832545056608613	0.4919814416654441	0.29200099999999996	1.0
19112	0	0.06468241265037589	0.4576057171699389	0.47000099999999995	1.0
19115	2547	0.07783957520988753	0.5864282956595307	0.269001	1.0
19116	1203	0.0	-0.0	1.0	1.0
19117	3744	0.006725439409563154	0.03505640720406875	0.938001	1.0
19118	637	0.029787601211048904	0.17633678646779183	0.6770010000000001	1.0
19121	1628	0.0016514458534704702	0.008362085792946831	0.983001	1.0
19123	0	0.05318315549783058	0.35545625428078936	0.441001	1.0
19124	0	0.009081162941496402	0.047971494923283405	0.888001	1.0
19127	0	0.01759643199421	0.09748318318182009	0.8010010000000001	1.0
19128	297	0.08946553948430543	0.7112021056444993	0.208001	1.0
19130	2373	0.017609749216630707	0.09756414055751933	0.7810010000000001	1.0
19157	0	0.004459815688513762	0.022948715107485244	0.947001	1.0
19161	2373	0.09168028923488061	0.7361610463280541	0.221001	1.0
19162	2502	0.04484782115931642	0.2873158922782091	0.517001	1.0
19164	3620	0.10169614269148426	0.8538732228926487	0.139001	1.0
19166	2454	0.009561747957012088	0.0506473984922127	0.9250010000000001	1.0
19167	1162	0.02180497812953011	0.12362544242722642	0.759001	1.0
19193	0	0.020932022124708516	0.11811046892385013	0.778001	1.0
19196	2709	0.0	-0.0	1.0	1.0
19205	913	0.08813305983398857	0.6963706949501827	0.209001	1.0
19206	0	0.051885666010036025	0.344527455580113	0.504001	1.0
19211	2600	0.016427151472535158	0.09041832120223588	0.7960010000000001	1.0
19216	3810	0.008668815646540415	0.04568668327444059	0.890001	1.0
19220	0	0.0	-0.0	1.0	1.0
19244	0	0.05922551929474666	0.4079375768440946	0.391001	1.0
19246	349	0.025904941779291743	0.1501817237938145	0.735001	1.0
19254	503	0.053140775272598244	0.35509739293738984	0.42200099999999996	1.0
19256	0	0.0	-0.0	1.0	1.0
19257	0	0.007277697571272883	0.0380541766598882	0.9080010000000001	1.0
19260	0	0.04541714776104155	0.2918152009580799	0.504001	1.0
19262	4303	0.0054715462594000855	0.028317732004682503	0.9370010000000001	1.0
19264	0	0.04460404825160802	0.2853962698674722	0.515001	1.0
19267	0	0.004848690730746834	0.025005195844636455	0.941001	1.0
19271	2472	0.06529477128489945	0.46331542806004233	0.331001	1.0
19272	4550	0.0	-0.0	1.0	1.0
19285	0	0.04452311862087782	0.28475989001984725	0.49300099999999997	1.0
19291	1446	0.10605270582079768	0.9075774203643507	0.137001	1.0
19296	4551	0.027198473817614678	0.15878595659844386	0.701001	1.0
19300	3190	0.010398076557349988	0.05533750773559385	0.886001	1.0
19310	913	0.018890317192938405	0.10540104810577175	0.7900010000000001	1.0
19311	0	0.03966916543242877	0.2474175875933836	0.571001	1.0
19312	988	0.07566493140751393	0.564239362147591	0.259001	1.0
19332	3636	0.12405875363893439	1.1460039309780883	0.067001	1.0
19344	0	0.05137576779644156	0.340265275067209	0.459001	1.0
19349	529	0.02934034599847162	0.17327354044034526	0.6590010000000001	1.0
19351	0	0.04218418216328861	0.2665636978561217	0.6770010000000001	1.0
19352	0	0.09695222938363995	0.7971265709822455	0.136001	1.0
19360	994	0.033870575685176055	0.20491332377688365	0.595001	1.0
19367	1537	0.0	-0.0	1.0	1.0
19369	1190	0.0009963017581768492	0.005025779421985357	0.988001	1.0
19376	0	0.07188230869927228	0.5264947947545937	0.30700099999999997	1.0
19379	0	0.02219916266109659	0.1261316899677836	0.751001	1.0
19380	0	0.0005624557621771813	0.002830185728706414	0.998001	1.0
19384	0	0.033679047486218666	0.2035480258582731	0.638001	1.0
19386	0	0.08782014432058846	0.6929078092705406	0.193001	1.0
19394	3131	0.07663129909618921	0.5740553881083217	0.262001	1.0
19397	0	0.07685905665585892	0.5763791771833277	0.274001	1.0
19398	0	0.07433788232556886	0.5508747634975866	0.29100099999999995	1.0
19402	0	0.04193739743297483	0.26466579469602797	0.5380010000000001	1.0
19407	1675	0.08869161733037881	0.7025709536551232	0.191001	1.0
19438	0	0.04060300387525171	0.25447606093073993	0.5450010000000001	1.0
19439	0	0.015213305570331508	0.08317461160085005	0.8060010000000001	1.0
19442	0	0.0	-0.0	1.0	1.0
19444	0	0.0	-0.0	1.0	1.0
19445	1561	0.11631560450793038	1.0401923978340246	0.080001	1.0
19446	0	0.020633709155776107	0.1162369878801063	0.7910010000000001	1.0
19447	1046	0.006757527184316131	0.035230086113683744	0.9190010000000001	1.0
19454	2319	0.04990730385196759	0.32809332917569894	0.449001	1.0
19455	0	0.05394370253467003	0.36191806452065295	0.43100099999999997	1.0
19459	919	0.04376990729137413	0.2788588735825451	0.518001	1.0
19463	916	0.0	-0.0	1.0	1.0
19466	0	0.06148340266517067	0.4282250753817032	0.377001	1.0
19469	0	0.0	-0.0	1.0	1.0
19474	0	0.0	-0.0	1.0	1.0
19476	1790	0.07014435824795626	0.5095129691004113	0.323001	1.0
19480	0	0.07368170484521078	0.5443155522075352	0.391001	1.0
19496	1034	0.07185462825827621	0.5262225528182811	0.314001	1.0
19508	0	0.028199385600409528	0.1655186847436643	0.727001	1.0
19518	0	0.07275924368648198	0.5351493512237324	0.29000099999999995	1.0
19526	0	0.006144092012400377	0.03192045995581733	0.9230010000000001	1.0
19527	3951	0.07346286428217878	0.5421352126737518	0.29800099999999996	1.0
19530	0	0.01159237295349684	0.06210896246375847	0.879001	1.0
19534	0	0.03848592174996359	0.2385594188727977	0.587001	1.0
19537	1922	0.11790811547024119	1.0615467921762016	0.080001	1.0
19538	182	0.024267414566057056	0.1394451411448633	0.757001	1.0
19554	0	0.01977552881749813	0.11087894416088614	0.764001	1.0
19567	0	0.035550372065857434	0.21699297734518255	0.601001	1.0
19572	3883	0.03318488996845373	0.20003677300074837	0.715001	1.0
19573	0	0.07878917049364416	0.5962301952967964	0.29900099999999996	1.0
19574	0	0.01849074022852456	0.10294459739076434	0.7910010000000001	1.0
19579	2446	0.03205997844409936	0.19210439811897642	0.727001	1.0
19580	1954	0.1322847081583735	1.2639296830213702	0.063001	1.0
19604	0	0.023799617881784692	0.13640982599346305	0.724001	1.0
19605	2548	0.002336280316212705	0.011876389909876795	0.976001	1.0
19606	1458	0.09108581086627784	0.7294238658614052	0.177001	1.0
19612	0	0.024432236093078246	0.140517955112646	0.722001	1.0
19621	0	0.053077360981009195	0.3545606610858224	0.466001	1.0
19623	2026	0.0	-0.0	1.0	1.0
19631	0	0.03881896883622417	0.24104308432327584	0.587001	1.0
19632	0	0.018471185453740845	0.10282464046572289	0.778001	1.0
19637	0	0.0013676226561272	0.006913649709460243	0.988001	1.0
19641	0	0.043437563972120376	0.27626762006541633	0.530001	1.0
19647	0	0.0	-0.0	1.0	1.0
19659	916	0.08676942344594643	0.6813357462095984	0.209001	1.0
19678	0	0.019605536508275945	0.10982314369986233	0.772001	1.0
19686	3170	0.0011299394267103172	0.005704294920881907	0.991001	1.0
19692	0	0.0857870697744261	0.6705942275696863	0.232001	1.0
19703	0	0.04249448879312476	0.26895606560069224	0.5390010000000001	1.0
19704	0	0.0052149594734472865	0.026950332693570833	0.951001	1.0
19713	0	0.04427656459239086	0.2828239423902654	0.519001	1.0
19720	0	0.022641286058315786	0.1289545721583507	0.756001	1.0
19723	583	0.011149651993301406	0.05958865138222445	0.858001	1.0
19732	0	0.04844484490763115	0.3161222698560574	0.49200099999999997	1.0
19737	0	0.0	-0.0	1.0	1.0
19747	0	0.027831514675232937	0.16303654959147873	0.6690010000000001	1.0
19750	0	0.006420830388736048	0.0334107430154013	0.938001	1.0
19751	2850	0.058696991031407075	0.4032420915936488	0.41000099999999995	1.0
19752	0	0.06447347122027391	0.4556638333337947	0.37000099999999997	1.0
19763	0	0.025909516379287442	0.15021196099949133	0.702001	1.0
19767	4441	0.15044182028238268	1.5447798256052907	0.029001000000000002	0.9422313026706233
19772	0	0.041038648976574665	0.2577893191241618	0.568001	1.0
19784	4133	0.11785536318022968	1.0608360569158595	0.088001	1.0
19785	1015	0.058086346567770585	0.3978422414705382	0.397001	1.0
19786	0	0.009807391249041243	0.052020551930818	0.877001	1.0
19790	4556	0.07135359123332365	0.5213046891649064	0.30200099999999996	1.0
19806	0	0.008549357187712495	0.045026685013182674	0.904001	1.0
19814	598	0.011776652477135247	0.06316155962281832	0.892001	1.0
19817	2648	0.011953822053321527	0.06417550670907707	0.876001	1.0
19818	4432	0.1217197437072166	1.1135136866192057	0.10100100000000001	1.0
19824	1343	0.07330648796240183	0.5405794209344185	0.29500099999999996	1.0
19827	2271	0.03813634211850487	0.23596057336982418	0.586001	1.0
19851	1109	0.023761743369309633	0.13616469319975288	0.711001	1.0
19856	0	0.005016891684243952	0.025897468494282302	0.954001	1.0
19859	1442	0.016630792628035598	0.0916425742488497	0.8050010000000001	1.0
19860	0	0.0	-0.0	1.0	1.0
19868	0	0.045725277424617135	0.2942597036726585	0.507001	1.0
19878	3869	0.0	-0.0	1.0	1.0
19884	101	0.08043914537983607	0.6134251466758491	0.269001	1.0
19887	1604	0.009441921061546748	0.049978890945020414	0.882001	1.0
19888	3346	0.09431470062722491	0.7663512637700056	0.179001	1.0
19895	0	0.0	-0.0	1.0	1.0
19898	2040	0.10892808409874077	0.9438642471448966	0.120001	1.0
19900	0	0.15841366728315973	1.677212692633136	0.024001	0.9234426174698795
19907	1125	0.21285512108443444	2.737798728271142	0.002001	0.5477237250000001
19908	0	0.007507646502104941	0.039307781138427714	0.902001	1.0
19911	3190	0.06944771553401602	0.5027692793933486	0.330001	1.0
19914	3416	0.008953490715278817	0.047262965627958814	0.896001	1.0
19926	2919	0.12100499753155722	1.1036767543977908	0.075001	1.0
19928	0	0.1186781658193853	1.0719480314071061	0.008001	0.6394375839416058
19931	0	0.03318488996845373	0.20003677300074837	0.715001	1.0
19942	0	0.0412267067940844	0.25922359456909483	0.5600010000000001	1.0
19965	1207	0.028522957410172828	0.16770924998831976	0.6720010000000001	1.0
19969	0	0.05765416067899844	0.3940367555357877	0.41100099999999995	1.0
19975	0	0.005074139626047063	0.026201540566575914	0.9350010000000001	1.0
19977	1060	0.08391299954141242	0.6503095899018745	0.211001	1.0
19980	1065	0.076837798581576	0.5761621165152173	0.276001	1.0
19982	1397	0.01829167341999622	0.10172456721026968	0.8000010000000001	1.0
19984	2339	0.005190519097246195	0.026820289511016795	0.942001	1.0
19985	3667	0.09606241103734806	0.7866823221958261	0.154001	1.0
19987	3556	0.0	-0.0	1.0	1.0
19992	3131	0.009292273357573695	0.04914523707559458	0.899001	1.0
19993	1873	0.06469334703629351	0.4577074288194557	0.339001	1.0
19997	3952	0.02635344327920431	0.1531527006213948	0.712001	1.0
19999	0	0.009561747957012088	0.0506473984922127	0.9250010000000001	1.0
20006	3708	0.023076498133796988	0.13174557058364741	0.735001	1.0
20007	2195	0.0033917218309531243	0.01734636080754793	0.962001	1.0
20017	0	0.005914018710687614	0.030684957025972914	0.942001	1.0
20018	0	0.025862878028232644	0.14990375438937073	0.698001	1.0
20027	1202	0.0455589167363517	0.2929390845638986	0.605001	1.0
20028	0	0.17624736773180455	1.9941744206136574	0.014001	0.7626713880597015
20037	4526	0.06850517587509468	0.49370276455616446	0.34900099999999995	1.0
20038	1863	0.018951072554902238	0.10577543239387736	0.7920010000000001	1.0
20042	0	0.08846814577483869	0.7000873912891749	0.210001	1.0
20049	0	0.03433301047610292	0.20821988183748735	0.611001	1.0
20051	1397	0.039353826086736474	0.24504752628695747	0.598001	1.0
20053	0	0.04161880724242337	0.26222186188372537	0.5380010000000001	1.0
20054	2946	0.042066709605918795	0.26565975024687977	0.5550010000000001	1.0
20061	1797	0.03169462691275481	0.1895462113242995	0.6560010000000001	1.0
20062	3524	0.0	-0.0	1.0	1.0
20085	389	0.0	-0.0	1.0	1.0
20087	0	0.030638909848474696	0.1822038402579161	0.637001	1.0
20096	1727	0.044981280649313095	0.2883685838183441	0.49000099999999996	1.0
20097	3211	0.019982797211385586	0.11216874036750205	0.765001	1.0
20109	4560	0.025979697377750292	0.1506760139981738	0.701001	1.0
20123	4561	0.0025737318953355723	0.013101311640523132	0.978001	1.0
20124	2995	0.0467334683473252	0.3023042590545229	0.519001	1.0
20133	4562	0.10681200112906533	0.917094361080541	0.105001	1.0
20142	0	0.16011749492951924	1.7062520510611003	0.019001	0.8704684058577405
20144	3145	0.08605573161310878	0.6735244643388312	0.29000099999999995	1.0
20145	2315	0.015791071205917426	0.08661101029168794	0.813001	1.0
20146	0	0.09277807747286722	0.7486751994968848	0.158001	1.0
20165	0	0.01861015204761533	0.10367764125955968	0.8090010000000001	1.0
20172	0	0.03672581083943304	0.22555857195603557	0.598001	1.0
20173	0	0.058647801954225996	0.40280612052563414	0.42000099999999996	1.0
20184	994	0.017288759479553002	0.0956158973360899	0.815001	1.0
20186	1258	0.028256578604312996	0.16590537920222642	0.700001	1.0
20192	2627	0.003997516350899812	0.020515595813630317	0.943001	1.0
20193	0	0.013646174078056801	0.07395810483299124	0.833001	1.0
20200	1182	0.15453085754367435	1.612004302449623	0.019001	0.8704684058577405
20205	1676	0.01843013614600751	0.10257290578454	0.8020010000000001	1.0
20216	1397	0.026142547856215358	0.15175405205540565	0.693001	1.0
20222	1283	0.10377434533353655	0.87930070728402	0.121001	1.0
20224	3249	0.018347829228376734	0.1020684790479817	0.773001	1.0
20226	0	0.003945744872721778	0.020243905067728447	0.958001	1.0
20243	1402	0.0013911577919547835	0.007033577928647265	0.985001	1.0
20249	0	0.039020544287630785	0.24254997919132396	0.581001	1.0
20262	2579	0.08114061602642232	0.6207984939213412	0.242001	1.0
20263	1619	0.019676699875744188	0.11026490740795448	0.7860010000000001	1.0
20269	0	0.11089871251195269	0.969122157750898	0.08500100000000001	1.0
20274	0	0.09125352008845457	0.7313216931757045	0.192001	1.0
20282	2491	0.05928137905497906	0.4084350212862478	0.36900099999999997	1.0
20283	2569	0.0502292702152108	0.33074903804408234	0.462001	1.0
20288	1295	0.0938482020612938	0.7609653489839432	0.169001	1.0
20290	0	0.05450684641663181	0.366729278347046	0.390001	1.0
20293	0	0.053433297406832274	0.35757697657672866	0.5530010000000001	1.0
20297	0	0.05171049926546161	0.34306117887585197	0.439001	1.0
20299	0	0.11530343124632225	1.0267289741655832	0.043001	1.0
20304	20	0.06630716209859917	0.47281570210202206	0.340001	1.0
20305	1248	0.028102675670738316	0.1648652952755054	0.693001	1.0
20319	0	0.05018809989508724	0.33040904077931726	0.47700099999999995	1.0
20336	0	0.21470113420761047	2.778720110540014	1e-06	0.0005762631578947368
20349	0	0.03199230637168275	0.19162989006149006	0.637001	1.0
20358	2251	0.03828365939740443	0.23705474773090096	0.5580010000000001	1.0
20360	0	0.14160370936498273	1.4045018855283091	0.047001	1.0
20370	0	0.04113494694886362	0.25852345952270944	0.5310010000000001	1.0
20372	0	0.0011512463788182102	0.005812572367492364	0.984001	1.0
20373	0	0.047389586558067895	0.3075776636639165	0.509001	1.0
20375	0	0.052282642646314985	0.34785850392182527	0.437001	1.0
20379	2180	0.08557618718487041	0.668298096231289	0.232001	1.0
20380	0	0.048469550325548776	0.31632324923475846	0.49400099999999997	1.0
20384	3276	0.18215750342952622	2.1056463878035965	0.005001	0.6394375839416058
20388	4567	0.05148091935464481	0.3411427168365052	0.458001	1.0
20396	3736	0.08442024604788612	0.6557731414114595	0.256001	1.0
20403	3522	0.07765549664940734	0.5845361443677322	0.320001	1.0
20426	0	0.07935167201694332	0.6020688550985502	0.268001	1.0
20427	1343	0.09673425479622406	0.7945622782374524	0.170001	1.0
20428	592	0.06573708662349183	0.46745681440171594	0.338001	1.0
20432	2054	0.003937190335240271	0.020199027084963114	0.979001	1.0
20446	4569	0.055438465967111134	0.3747383493861615	0.437001	1.0
20449	135	0.024717691350095123	0.14238011864557681	0.750001	1.0
20451	913	0.024845101879546277	0.14321297981258174	0.702001	1.0
20458	1990	0.028037360240185258	0.16442435922129647	0.693001	1.0
20459	2345	0.027063236482123568	0.15788129020904768	0.711001	1.0
20461	3346	0.05568312045554098	0.3768519343813499	0.5450010000000001	1.0
20465	0	0.045265526782494625	0.29061476139691145	0.49400099999999997	1.0
20466	0	0.07722612164087089	0.5801325921150641	0.266001	1.0
20467	1985	0.001365214320211864	0.006901379350976275	0.986001	1.0
20470	0	0.020935979203837364	0.11813535846193134	0.764001	1.0
20473	3518	0.02213739796538335	0.12573832970765142	0.742001	1.0
20475	2456	0.06970851091704183	0.5052896126855965	0.315001	1.0
20476	2733	0.009600517997044283	0.05086388083673811	0.895001	1.0
20479	913	0.006841828422437239	0.035686670372352146	0.9220010000000001	1.0
20485	0	0.042620431590566304	0.2699289373208226	0.526001	1.0
20490	0	0.04637403194472546	0.29942811578112105	0.522001	1.0
20503	0	0.05913787544463578	0.4071575431577067	0.42500099999999996	1.0
20507	2234	0.0368630713887861	0.22656488920412057	0.591001	1.0
20511	2709	0.00457161257574675	0.023539010599448653	0.938001	1.0
20517	2900	0.07911440385435911	0.5996031124569723	0.238001	1.0
20523	0	0.022044294517950803	0.12514584403927298	0.7850010000000001	1.0
20534	4237	0.0	-0.0	1.0	1.0
20544	0	0.003108839258208748	0.015873859658678418	0.966001	1.0
20545	390	0.0736905001592321	0.5444032565229442	0.30300099999999996	1.0
20547	0	0.001410345372119707	0.007131376174493605	0.978001	1.0
20551	0	0.06178721522493198	0.430983209087376	0.391001	1.0
20553	3994	0.07272666263388566	0.5348267732541605	0.30500099999999997	1.0
20562	4078	0.1141785197219679	1.0118651763638988	0.041001	1.0
20563	1450	0.0	-0.0	1.0	1.0
20569	0	0.05565288358965381	0.3765904838052838	0.41900099999999996	1.0
20570	0	0.0	-0.0	1.0	1.0
20581	965	0.07295614663174586	0.5371005420774158	0.270001	1.0
20586	0	0.07997435742431958	0.6085603853368348	0.254001	1.0
20596	0	0.0	-0.0	1.0	1.0
20603	0	0.03482025007811402	0.21171930421076857	0.605001	1.0
20609	0	0.039147116779996584	0.24349759687673514	0.5610010000000001	1.0
20628	1900	0.06885963586540339	0.497104647654564	0.339001	1.0
20629	919	0.17852158975048804	2.0366855140551823	0.007001	0.6394375839416058
20630	297	0.12577752696751568	1.170171411142232	0.078001	1.0
20636	858	0.0041450658811092705	0.021290787714797445	0.962001	1.0
20644	4435	0.051923631568540296	0.34484554264267575	0.43400099999999997	1.0
20654	0	0.04776244596926682	0.31058785578484743	0.49600099999999997	1.0
20661	349	0.08317533634688672	0.6423996512264999	0.232001	1.0
20664	0	0.0445620639030159	0.2850660745970032	0.526001	1.0
20667	0	0.03256220497099783	0.19563546344080626	0.650001	1.0
20672	0	0.02074147927264053	0.11691315796561512	0.7830010000000001	1.0
20674	0	0.02535286835022474	0.14654260091552426	0.720001	1.0
20679	3682	0.05587209946704148	0.37848747433320595	0.43000099999999997	1.0
20682	0	0.0482180302670471	0.31427912715165945	0.47200099999999995	1.0
20683	0	0.019764829285871574	0.11081243672817337	0.770001	1.0
20685	0	0.05653132601984387	0.38421289769433575	0.42400099999999996	1.0
20689	0	0.1532572020405028	1.5909064630695102	0.031001	0.9697998542857144
20690	2274	0.09252611687092424	0.7457946107820541	0.179001	1.0
20695	0	0.007594549305098607	0.03978237310646782	0.9190010000000001	1.0
20702	0	0.03202002086835872	0.19182418383052804	0.637001	1.0
20715	3635	0.09919296663286678	0.8237062527696898	0.160001	1.0
20720	0	0.0	-0.0	1.0	1.0
20721	0	0.024185597773618818	0.13891325159237972	0.761001	1.0
20723	1065	0.02161983795826913	0.12245173961397693	0.754001	1.0
20727	0	0.05814164374456747	0.3983301176129492	0.401001	1.0
20728	2584	0.1072602823227301	0.922735036209517	0.124001	1.0
20731	0	0.059371686338787026	0.4092397074090401	0.390001	1.0
20742	0	0.03490858803980612	0.21235546518410484	0.618001	1.0
20748	0	0.0641442194893572	0.4526103080290903	0.36200099999999996	1.0
20757	0	0.05316547285853941	0.3553065081538481	0.451001	1.0
20766	1065	0.055286981533791135	0.3734318169676559	0.42200099999999996	1.0
20768	0	0.06622193562209105	0.47201302123758343	0.329001	1.0
20777	3966	0.018880519097775418	0.10534069250603835	0.8030010000000001	1.0
20786	4539	0.039210093901569876	0.24396949794352202	0.591001	1.0
20804	0	0.08646426557421767	0.6779909865265404	0.200001	1.0
20808	742	0.03155629931779261	0.18857995608648148	0.6750010000000001	1.0
20809	390	0.021831025537477417	0.12379074668311484	0.757001	1.0
20825	4573	0.029745485154507697	0.17604777207380318	0.642001	1.0
20831	0	0.09669830605060827	0.7941397332480442	0.172001	1.0
20832	1929	0.022244450967267924	0.1264202723854659	0.750001	1.0
20833	0	0.04332675385994664	0.2754053395546421	0.5540010000000001	1.0
20834	0	0.06355750112602156	0.44718873248606106	0.48100099999999996	1.0
20838	0	0.08841147014082723	0.6994581430237756	0.194001	1.0
20841	0	0.0	-0.0	1.0	1.0
20846	2044	0.00028977919334180133	0.0014558299559094946	0.998001	1.0
20853	0	0.058714623428670024	0.40339841311723057	0.43200099999999997	1.0
20859	171	0.022604864493738767	0.12872155317698308	0.768001	1.0
20881	0	0.016422059136541524	0.09038774025401605	0.822001	1.0
20887	0	0.0030340356074140575	0.015485268213174006	0.976001	1.0
20897	2476	0.05222596701230345	0.34738225168351905	0.47800099999999995	1.0
20908	0	0.051266259609709264	0.33935231162313956	0.462001	1.0
20910	0	0.0	-0.0	1.0	1.0
20916	0	0.02369671230946271	0.13574401235134234	0.727001	1.0
20917	1874	0.0	-0.0	1.0	1.0
20919	0	0.011741595338020603	0.06296115446793511	0.862001	1.0
20928	1060	0.11018752476104578	0.9599701546426788	0.128001	1.0
20937	0	0.04668382826070608	0.3019065116798329	0.616001	1.0
20942	2234	0.026245856381445304	0.152438827899901	0.705001	1.0
20943	2924	0.0531038096102145	0.35478448468356605	0.446001	1.0
20945	4020	0.007832572620385257	0.04108458651008888	0.9080010000000001	1.0
20947	1957	0.0	-0.0	1.0	1.0
20970	2052	0.0418404719443349	0.26392153264703966	0.509001	1.0
20971	2685	0.13110926329193592	1.2467274026248858	0.061001	1.0
20974	0	0.0321841628326698	0.19297595521389846	0.647001	1.0
20979	19	0.14045607512429403	1.3867861954963039	0.039001	1.0
20994	0	0.10855396210019606	0.9391048394024891	0.088001	1.0
20995	0	0.01681503088193658	0.09275241635158987	0.7930010000000001	1.0
20997	0	0.07189735929661847	0.5266428440890005	0.29500099999999996	1.0
21000	3736	0.0	-0.0	1.0	1.0
21007	2160	1.763241947023292e-05	8.844496836983372e-05	1.0	1.0
21011	3530	0.040782526776120785	0.25583983079483275	0.5410010000000001	1.0
21019	2736	0.11121423881797297	0.9731957948274852	0.109001	1.0
21032	4465	0.09804776299738124	0.8100718447556695	0.161001	1.0
21039	3353	0.11559295862809872	1.0305714801451542	0.089001	1.0
21046	0	0.1186781658193853	1.0719480314071061	0.008001	0.6394375839416058
21048	2419	0.005062101859594635	0.026137585887735567	0.959001	1.0
21050	3933	0.07723846315731697	0.580258967791847	0.256001	1.0
21053	3883	0.04816698719404251	0.313864838081487	0.49000099999999996	1.0
21055	172	0.09417418670381915	0.7647271647303058	0.182001	1.0
21063	0	0.002850407765978419	0.014532749898118362	0.973001	1.0
21068	3841	0.06693223569908459	0.47871918317812945	0.40900099999999995	1.0
21077	0	0.11124475433098659	0.9735902009105221	0.108001	1.0
21098	3776	0.06017408546529811	0.4164154902419316	0.399001	1.0
21100	0	0.024786112723915687	0.14282724712127245	0.729001	1.0
21103	0	0.0	-0.0	1.0	1.0
21105	4574	0.036137701845999834	0.22126129067257985	0.620001	1.0
21108	0	0.0036592292583172044	0.018743165799899267	0.962001	1.0
21111	1781	0.0	-0.0	1.0	1.0
21116	3037	0.046899051456755145	0.303632258590413	0.516001	1.0
21117	0	0.0035000352648417122	0.017911417246978176	0.956001	1.0
21121	1397	0.0	-0.0	1.0	1.0
21135	2002	0.07798417166617483	0.5879164162274386	0.264001	1.0
21136	0	0.05231400200651749	0.34812211845864904	0.456001	1.0
21139	0	0.1497992872022069	1.5343507651549522	0.035001000000000004	0.9905231026894865
21160	2796	0.012405666555844172	0.0667701439596221	0.872001	1.0
21161	3682	0.02252356923677129	0.12820174674724358	0.733001	1.0
21166	0	0.06393129410460796	0.4506398487942149	0.35500099999999996	1.0
21168	147	0.08043117399133695	0.6133415738228921	0.29800099999999996	1.0
21181	0	0.041738455803114256	0.2631388784700088	0.573001	1.0
21185	0	0.04992295862645772	0.32822228698196243	0.48300099999999996	1.0
21188	1361	0.08100647725356377	0.6193856095195234	0.279001	1.0
21198	0	0.11647976302037472	1.0423839339733176	0.080001	1.0
21203	1868	0.002953435191761132	0.015066931924033387	0.967001	1.0
21207	0	0.024559898763489126	0.14135010995059744	0.710001	1.0
21209	38	0.03318488996845373	0.20003677300074837	0.726001	1.0
21215	503	0.06244782039693726	0.43700370415585643	0.36200099999999996	1.0
21227	0	0.03805599077139594	0.23536439823990063	0.593001	1.0
21228	0	0.04326366008728959	0.27491474767617907	0.5370010000000001	1.0
21230	3518	0.0	-0.0	1.0	1.0
21232	2629	0.024365945679194714	0.14008626370265323	0.704001	1.0
21242	1789	0.024190750493617408	0.13894673658993567	0.749001	1.0
21249	4576	0.041059270638934255	0.257946477612102	0.6730010000000001	1.0
21261	1621	0.021547057369375205	0.1219909440233578	0.762001	1.0
21266	0	0.08937873429462294	0.7102316827351135	0.196001	1.0
21268	3779	0.029231776992138685	0.1725319387985332	0.6730010000000001	1.0
21270	0	0.04741861378959719	0.3078116588596663	0.48300099999999996	1.0
21272	1221	0.08829399523215756	0.698154660919014	0.188001	1.0
21279	3247	0.1589310723534999	1.686003654199068	0.025001000000000002	0.9234426174698795
21280	1921	0.05617059113950183	0.3810760256169986	0.42000099999999996	1.0
21292	0	0.057326701872686514	0.3911623858543871	0.40700099999999995	1.0
21298	0	0.07753153989772187	0.5832634393388499	0.275001	1.0
21303	2949	0.0	-0.0	1.0	1.0
21304	349	0.04028824723097425	0.25209029389826026	0.5510010000000001	1.0
21311	1402	0.028683733023747163	0.16880024677741803	0.645001	1.0
21315	2903	0.13577823387795862	1.3157529246549045	0.051001	1.0
21326	0	0.05906729258527216	0.4065297574569299	0.35500099999999996	1.0
21338	0	0.07930626246698262	0.6015966166264837	0.312001	1.0
21355	1162	0.0636295869613079	0.4478534812583266	0.37000099999999997	1.0
21358	1604	0.01147935649109803	0.061464445534184474	0.865001	1.0
21366	2464	0.05717967386166694	0.3898743168159455	0.41300099999999995	1.0
21372	3134	0.06956944858696873	0.503945080120221	0.29500099999999996	1.0
21374	3527	0.08634552452428504	0.67669144950339	0.208001	1.0
21379	4578	0.09646743578124772	0.7914285081594077	0.160001	1.0
21389	0	0.2380086953019046	3.3247098389996483	1e-06	0.0005762631578947368
21392	0	0.03820562649796661	0.23647498790297472	0.585001	1.0
21394	3899	0.05266200496837367	0.35105220696349326	0.462001	1.0
21398	0	0.010387523008528486	0.055278058731011104	0.876001	1.0
21399	0	0.0001738052776351865	0.0008726010621860494	0.997001	1.0
21400	0	0.020885574557962097	0.11781839403346928	0.758001	1.0
21413	0	0.07408707852641662	0.5483638746548893	0.278001	1.0
21414	1547	0.04464416297134595	0.2857118752251078	0.513001	1.0
21424	3894	0.08268099704004568	0.6371223322809835	0.30200099999999996	1.0
21433	1769	0.0	-0.0	1.0	1.0
21444	4351	0.13561264648979746	1.313272989611847	0.044001	1.0
21446	0	0.021490140958616146	0.1216308249566514	0.772001	1.0
21448	0	0.021108848365335317	0.11922365785442456	0.751001	1.0
21465	0	0.031165258468062527	0.18585529542374668	0.6570010000000001	1.0
21469	0	0.010042102488172854	0.05333601799244953	0.890001	1.0
21471	3883	0.12031025527250955	1.0941560032354003	0.081001	1.0
21473	1345	0.0	-0.0	1.0	1.0
21488	169	0.1186781658193853	1.0719480314071061	0.008001	0.6394375839416058
21499	0	0.06652317051214242	0.4748525183380362	0.377001	1.0
21503	0	0.03142729533625398	0.18767997272009648	0.650001	1.0
21516	0	0.028335262401557686	0.16643772798642056	0.688001	1.0
21527	0	0.06027169176479857	0.4172915633927518	0.381001	1.0
21532	0	0.02436870163160773	0.14010420515354402	0.697001	1.0
21547	1611	0.05998162079799095	0.4146900359578325	0.41400099999999995	1.0
21549	0	0.032920664721408754	0.19816599919727768	0.636001	1.0
21553	1857	0.07581096943680952	0.5657182292462873	0.264001	1.0
21557	0	0.09042929787086769	0.7220158668686704	0.193001	1.0
21560	1783	0.03132373101381128	0.18695826516368988	0.652001	1.0
21564	0	0.023589658334107703	0.1350520817250937	0.720001	1.0
21567	4053	0.08578423963976214	0.6705633896865641	0.220001	1.0
21572	3171	0.11372845085728855	1.0059474837436126	0.109001	1.0
21574	1110	0.06555103829766709	0.4657130917116391	0.315001	1.0
21582	4441	0.06891439968220814	0.49763106926671896	0.335001	1.0
21585	935	0.0596920371994146	0.41209897356141356	0.380001	1.0
21586	0	0.019359570077962945	0.1082987182319084	0.762001	1.0
21593	0	0.03152403975761975	0.18835479699257565	0.6580010000000001	1.0
21597	3510	0.03278567411039408	0.1972120321187221	0.634001	1.0
21601	0	0.0	-0.0	1.0	1.0
21608	2900	0.02756033234668189	0.16121247181083295	0.763001	1.0
21616	0	0.026717549268566104	0.15557424714850326	0.727001	1.0
21618	0	0.07757100973342403	0.5836685624647707	0.261001	1.0
21621	0	0.02182163906652737	0.12373117247154965	0.733001	1.0
21627	4514	0.005212595669270071	0.026937753733422914	0.940001	1.0
21630	3682	0.097722413486695	0.806217411174747	0.161001	1.0
21637	1646	0.0	-0.0	1.0	1.0
21640	3708	0.08614307682813326	0.6744783255336357	0.195001	1.0
21654	0	0.025951620762285826	0.15049032652098351	0.696001	1.0
21656	0	0.003074338280488923	0.015694592421657577	0.958001	1.0
21663	4491	0.05934903208319257	0.40903779035364934	0.36800099999999997	1.0
21664	4136	0.002515559455469535	0.012800916493631681	0.964001	1.0
21676	1189	0.08852482140885018	0.7007168900765113	0.193001	1.0
21695	94	0.014313728206671856	0.07786547016805759	0.834001	1.0
21703	0	0.02027900341800365	0.1140167133964625	0.7890010000000001	1.0
21715	0	0.09204500801022927	0.7403081168878269	0.194001	1.0
21717	0	0.017339339678431653	0.0959224638995438	0.8070010000000001	1.0
21718	0	0.12248863968412421	1.1241435530569224	0.076001	1.0
21737	0	0.011856690454355057	0.06361938125724377	0.861001	1.0
21745	1630	0.0022517510683449163	0.011441133639925763	0.977001	1.0
21746	3381	0.013101865917588957	0.07079250731896675	0.841001	1.0
21753	0	0.0851696238753711	0.6638810776017746	0.213001	1.0
21759	3882	0.1036282481436403	0.8775017979132128	0.136001	1.0
21782	1343	0.024498667825006672	0.14095085153407572	0.721001	1.0
21789	2044	0.0850625699000161	0.6627201414892142	0.198001	1.0
21792	0	0.09769081781967565	0.805843544553262	0.161001	1.0
21794	0	0.052348243481931137	0.3484100405351535	0.43200099999999997	1.0
21797	0	0.05320607042407868	0.35565034335644874	0.42800099999999996	1.0
21799	2746	0.01855638417610305	0.10334746036480306	0.776001	1.0
21818	3207	0.012291751519857945	0.06611482544082413	0.862001	1.0
21819	0	0.092805200759235	0.748985589765078	0.210001	1.0
21823	2397	0.0	-0.0	1.0	1.0
21825	0	0.01725836028575964	0.09543172506940535	0.7980010000000001	1.0
21826	3107	0.05638791201099275	0.3829646807042756	0.46900099999999995	1.0
21830	1185	0.03590447112851962	0.2195635468795084	0.589001	1.0
21856	2456	0.0011637396850355183	0.0058760730214150415	0.988001	1.0
21857	0	0.12568892381797192	1.168919495162867	0.069001	1.0
21860	0	0.07966873903735786	0.6053705947153333	0.236001	1.0
21876	0	0.08369479793253926	0.6479654503950516	0.199001	1.0
21877	0	0.08969485838655361	0.7137685684788543	0.193001	1.0
21878	0	0.10336527057819409	0.874268064247268	0.120001	1.0
21885	0	0.0833604366777022	0.6443805332341999	0.239001	1.0
21887	0	0.01787308857572715	0.09916730924221984	0.7990010000000001	1.0
21889	529	0.022174317433008045	0.12597342902903025	0.742001	1.0
21890	0	0.006648673225078821	0.03464115116963065	0.9360010000000001	1.0
21892	3386	0.02418559777361881	0.13891325159237963	0.8030010000000001	1.0
21893	1621	0.05377009180996596	0.3604393889206942	0.43200099999999997	1.0
21894	0	0.058068037047527485	0.3976807488347479	0.42900099999999997	1.0
21902	0	0.004677372754312984	0.024098113479838465	0.947001	1.0
21910	881	0.012376683421642262	0.06660333721136925	0.862001	1.0
21913	1548	0.0	-0.0	1.0	1.0
21918	0	0.10953889097935714	0.9516591686963481	0.112001	1.0
21926	0	0.13446336408718595	1.296125453985498	0.043001	1.0
21932	1185	0.014728135916056893	0.08030498883980644	0.820001	1.0
21935	3387	0.08527780340265298	0.6650551207821546	0.239001	1.0
21940	0	0.02223594237292103	0.1263660446022251	0.759001	1.0
21944	1980	0.06373238017516568	0.44880206128365513	0.377001	1.0
21957	3769	0.022278562000642363	0.12663771861633394	0.745001	1.0
21961	0	0.06269788602754915	0.4392910246885975	0.377001	1.0
21964	0	0.006975894171859256	0.03641366120068012	0.9200010000000001	1.0
21978	1610	0.016934539105105333	0.09347346443672648	0.823001	1.0
21981	2052	0.024185597773618818	0.13891325159237972	0.761001	1.0
21985	2343	0.005838849761715035	0.030281981034415477	0.9360010000000001	1.0
21986	1612	0.010271708382473564	0.05462611092330807	0.867001	1.0
21989	429	0.00819276744253412	0.043061678266058966	0.9220010000000001	1.0
21998	0	0.02514045840747174	0.14514771543147387	0.715001	1.0
22000	4573	0.03526513680072095	0.21492845793668583	0.621001	1.0
22004	0	0.05881167568443643	0.4042592408585342	0.385001	1.0
22010	1111	0.08929302709060166	0.7092741123308173	0.173001	1.0
22014	0	0.06305927578569648	0.4426046973188672	0.337001	1.0
22022	3524	0.06930665635591245	0.5014081910591297	0.320001	1.0
22024	0	0.07114536044082564	0.5192663554096981	0.333001	1.0
22026	0	0.09179296255976266	0.7374410935264535	0.177001	1.0
22029	2990	0.1312379279824627	1.2486046362332814	0.07000100000000001	1.0
22036	1837	0.14765639956081797	1.4998317810426385	0.024001	0.9234426174698795
22041	4136	0.04829400034855838	0.3148960737177247	0.46900099999999995	1.0
22052	0	0.02732536242025998	0.1596358599467515	0.702001	1.0
22053	0	0.0421503907050046	0.26630357638167934	0.5400010000000001	1.0
22059	0	0.13103668883277017	1.2456691538030273	0.066001	1.0
22064	1109	0.03971576539817151	0.24776840393593033	0.581001	1.0
22066	0	0.0	-0.0	1.0	1.0
22067	1657	0.07133116396436844	0.5210849967506389	0.325001	1.0
22069	0	0.07129165029376229	0.5206980214280184	0.281001	1.0
22074	1925	0.04953079634307897	0.3249970134802701	0.450001	1.0
22085	4581	0.08664373130273359	0.6799571898694212	0.183001	1.0
22086	0	0.07457002085669251	0.553203014665987	0.259001	1.0
22087	1607	0.09150280614170823	0.7341467378642368	0.197001	1.0
22096	0	0.036654764281436845	0.22503819848436746	0.579001	1.0
22097	0	0.04928892970174961	0.32301322234375635	0.468001	1.0
22101	1202	0.025320387276886874	0.14632910998138415	0.708001	1.0
22104	0	0.09684732339880121	0.7958919666418907	0.157001	1.0
22105	887	0.013214078445346653	0.07144361954725309	0.845001	1.0
22106	292	0.0	-0.0	1.0	1.0
22107	0	0.08145170228421858	0.6240804776854415	0.239001	1.0
22125	3682	0.08254113391577242	0.6356326375417144	0.210001	1.0
22135	3302	0.0692588842205508	0.5009475707497817	0.30800099999999997	1.0
22138	3455	0.017396157055377337	0.09626702547935102	0.7990010000000001	1.0
22152	2805	0.0	-0.0	1.0	1.0
22161	0	0.04331985134891175	0.2753516550031879	0.5310010000000001	1.0
22162	0	0.1512008104366114	1.5571460151801555	0.025001000000000002	0.9234426174698795
22170	1634	0.03232148434747498	0.19394090581487952	0.642001	1.0
22175	1727	0.03857955784517804	0.23925693849552698	0.588001	1.0
22177	0	0.04413950357491754	0.2817495577869537	0.504001	1.0
22181	0	0.08526660218245737	0.664933514918148	0.213001	1.0
22183	4268	0.02671987210348404	0.15558972325968212	0.705001	1.0
22187	4587	0.11930155914046972	1.0804044297964166	0.083001	1.0
22217	0	0.03486691591415419	0.21205530039293358	0.624001	1.0
22218	1929	0.0	-0.0	1.0	1.0
22222	0	0.016560148046304204	0.09121757822506278	0.8070010000000001	1.0
22223	1901	0.05883899047358123	0.40450163870283007	0.401001	1.0
22230	0	0.039546789493536655	0.24649701604215032	0.5540010000000001	1.0
22232	0	0.022389394351598126	0.12734475158439565	0.741001	1.0
22242	0	0.016381622762605845	0.0901449656958009	0.814001	1.0
22245	3374	0.030564759313591615	0.18169090622708556	0.649001	1.0
22249	1008	0.054453949158221104	0.36627638707926097	0.459001	1.0
22253	3632	0.06327513377420263	0.4445885145569709	0.327001	1.0
22260	4237	0.05943285624346591	0.40978509973413735	0.398001	1.0
22262	742	0.02988317262644822	0.17699306301846995	0.6600010000000001	1.0
22274	2709	0.03393995268222178	0.20540847908559431	0.625001	1.0
22277	0	0.04160364134192618	0.2621056968404722	0.5560010000000001	1.0
22280	2373	0.030499862782867274	0.18124228472249795	0.6580010000000001	1.0
22286	0	0.052046766213540464	0.3458779060271379	0.48500099999999996	1.0
22287	0	0.04575160387156336	0.29446886710287684	0.5370010000000001	1.0
22295	0	0.008516458604123681	0.04484507434656878	0.903001	1.0
22314	0	0.046530432915363885	0.3006784993548539	0.499001	1.0
22315	2832	0.020001788463509508	0.11228705600886649	0.766001	1.0
22326	0	0.09431698211350636	0.7663776466936262	0.173001	1.0
22336	0	0.04743828199440239	0.30797024229300246	0.508001	1.0
22341	0	0.11143018705330798	0.9759885163225841	0.102001	1.0
22352	1397	0.06435408278937331	0.4545556882791315	0.35400099999999995	1.0
22363	2921	0.04955537881145308	0.32519886957895316	0.467001	1.0
22365	0	0.11513806804857755	1.024537436631077	0.094001	1.0
22366	3016	0.03622162384421648	0.22187307669857217	0.586001	1.0
22371	3249	0.031598555149195344	0.18887498968175134	0.652001	1.0
22378	887	0.0503972418736665	0.3321374399079402	0.467001	1.0
22386	641	0.05905785502860407	0.4064458442683339	0.49600099999999997	1.0
22391	0	0.0	-0.0	1.0	1.0
22394	2656	0.10180449295406988	0.8551903428651351	0.168001	1.0
22398	0	0.042521556739938744	0.26916506547906316	0.5380010000000001	1.0
22399	0	0.04384481692845752	0.27944399259965	0.5460010000000001	1.0
22408	0	0.04035808925030153	0.252619091704239	0.592001	1.0
22413	874	0.030174266325231677	0.17899567740053446	0.653001	1.0
22418	0	0.04409238380239067	0.2813804990282687	0.507001	1.0
22419	0	0.06180930376401636	0.4311840003968815	0.36700099999999997	1.0
22425	2159	0.0	-0.0	1.0	1.0
22427	0	0.07368170484521078	0.5443155522075352	0.391001	1.0
22434	0	0.053695755121000985	0.3598069065944723	0.42300099999999996	1.0
22436	2942	0.0	-0.0	1.0	1.0
22445	1361	0.031176314807282314	0.18593219360453958	0.644001	1.0
22447	2556	0.015495118338736102	0.08484816330953958	0.841001	1.0
22453	0	0.026152623511794183	0.15182080753706242	0.698001	1.0
22455	0	0.0031058208321735926	0.015858173108216765	0.959001	1.0
22459	2533	0.02410467063149717	0.13838757055109713	0.734001	1.0
22465	4589	0.15452826197896563	1.6119611610698175	0.026001	0.9234426174698795
22471	3135	0.040905953712412436	0.2567787406205273	0.5600010000000001	1.0
22475	1222	0.01968595167620136	0.11032236375462057	0.826001	1.0
22480	1442	0.09664757273133077	0.7935435836182495	0.159001	1.0
22483	352	0.08546811554783151	0.6671227262930132	0.237001	1.0
22484	0	0.03587189795366025	0.21932673044242287	0.603001	1.0
22490	735	0.03265190376572538	0.19626788638571163	0.629001	1.0
22492	1358	0.0	-0.0	1.0	1.0
22493	0	0.05554841862390931	0.3756877060947614	0.40700099999999995	1.0
22499	4012	0.034309801492808094	0.20805358880183056	0.734001	1.0
22511	3763	0.06165823425723166	0.4298114450753926	0.375001	1.0
22521	0	0.03115152528603411	0.18575979075270016	0.6600010000000001	1.0
22524	0	0.052815797206854295	0.3523498377334741	0.442001	1.0
22539	3386	0.0002784724425471917	0.001398934371813018	0.997001	1.0
22547	3376	0.028487746390053956	0.16747054021101143	0.717001	1.0
22549	1035	0.08554323682992646	0.6679396375329909	0.194001	1.0
22555	0	0.0683577721009004	0.49229082489850373	0.331001	1.0
22557	3376	0.0133619941080578	0.07230308516764966	0.844001	1.0
22564	0	0.029168834223627444	0.17210235108195174	0.6820010000000001	1.0
22572	0	0.009561747957012088	0.0506473984922127	0.9250010000000001	1.0
22584	0	0.03196675964502105	0.1914508387490414	0.639001	1.0
22598	4004	0.0	-0.0	1.0	1.0
22602	0	0.05749043127584247	0.39259860428203996	0.41100099999999995	1.0
22604	0	0.04260665919660426	0.2698224963375834	0.5580010000000001	1.0
22618	4298	0.012092046151540359	0.06496790402371698	0.875001	1.0
22629	0	0.07182294314886695	0.5259109947567432	0.278001	1.0
22631	0	0.005507004617842547	0.028507004279986512	0.9270010000000001	1.0
22634	0	0.14005757538558217	1.3806613585890595	0.047001	1.0
22635	2480	0.1227386012229972	1.1276098884884371	0.062001	1.0
22648	1480	0.03296311999521951	0.19846627806734526	0.641001	1.0
22661	0	0.024264697547711375	0.13942747092043897	0.712001	1.0
22664	0	0.0	-0.0	1.0	1.0
22665	0	0.04615915525600895	0.29771301639729114	0.47700099999999995	1.0
22669	0	0.006491249282113766	0.033790691118777416	0.9270010000000001	1.0
22675	0	0.03200235462124053	0.19170032788503963	0.635001	1.0
22677	0	0.020773402595770568	0.11711359283050127	0.746001	1.0
22697	0	0.009121790171055147	0.04819716652715044	0.886001	1.0
22698	0	0.023929832693160024	0.13725331218987286	0.722001	1.0
22705	4458	0.024051950459052503	0.13804534168516844	0.754001	1.0
22723	0	0.055360757006938995	0.3740679148686181	0.452001	1.0
22726	0	0.07979590449994957	0.6066969748570349	0.235001	1.0
22729	0	0.02353939858079797	0.13472748830075637	0.736001	1.0
22736	1669	0.02643220244468884	0.1536757697856965	0.708001	1.0
22741	3883	0.06182270913479224	0.4313058765171111	0.35700099999999996	1.0
22744	1763	0.15394361877104568	1.6022589342062634	0.026001	0.9234426174698795
22746	0	0.0	-0.0	1.0	1.0
22758	0	0.005362716287244055	0.027737278412308646	0.9320010000000001	1.0
22763	0	0.002940463112198352	0.01499963927245933	0.963001	1.0
22770	2006	0.0011171397192927812	0.005639262217306293	0.987001	1.0
22772	0	0.00998876562988834	0.05303679154353779	0.877001	1.0
22775	3763	0.038213326578488215	0.2365321786828448	0.5560010000000001	1.0
22780	1306	0.04670227466241515	0.3020542956842804	0.499001	1.0
22782	913	0.0	-0.0	1.0	1.0
22792	0	0.11085017403709072	0.9684962195039537	0.116001	1.0
22796	0	0.058697064957879894	0.4032427469481505	0.405001	1.0
22798	0	0.04231795077663615	0.2675941994307935	0.525001	1.0
22802	3388	0.07944034700607817	0.6029914881669272	0.244001	1.0
22808	0	0.0	-0.0	1.0	1.0
22813	0	0.0	-0.0	1.0	1.0
22822	3135	0.05299229880175265	0.35384115330169613	0.455001	1.0
22830	830	0.03828544913378664	0.23706804975905565	0.592001	1.0
22834	0	0.016464194717580313	0.09064082537896859	0.8120010000000001	1.0
22837	0	0.060699317001857586	0.4211379111106385	0.40700099999999995	1.0
22840	4029	0.017324503683140167	0.09583252629930508	0.8010010000000001	1.0
22842	0	0.036585284808136484	0.22452963271871165	0.582001	1.0
22845	0	0.059233837769095715	0.40801164050748867	0.406001	1.0
22862	887	0.030399550625219353	0.18054938704157752	0.650001	1.0
22864	0	0.025263978481450695	0.14595850988424355	0.712001	1.0
22870	0	0.0	-0.0	1.0	1.0
22871	0	0.0646214765117576	0.45703905030420544	0.337001	1.0
22876	0	0.05676505556735553	0.3862503536513969	0.41600099999999995	1.0
22891	0	0.0	-0.0	1.0	1.0
22897	0	0.0	-0.0	1.0	1.0
22910	0	0.006706616691357364	0.034954555678976235	0.9190010000000001	1.0
22922	2373	0.005098288143965193	0.026329863632846277	0.943001	1.0
22930	147	0.0	-0.0	1.0	1.0
22936	3017	0.04025689830178497	0.2518530489045534	0.576001	1.0
22942	0	0.11603013632388373	1.0363866705449616	0.099001	1.0
22944	4595	0.004398695919160728	0.022626311346527088	0.947001	1.0
22945	742	0.04750935441546485	0.30854352016829956	0.505001	1.0
22963	0	0.015099398976529885	0.08249957669619841	0.823001	1.0
22971	1354	0.06331699908685313	0.4449736679685537	0.34800099999999995	1.0
22972	0	0.05184370097391386	0.3441759786306198	0.466001	1.0
22979	2534	0.0021927145453423235	0.011137392254440853	0.969001	1.0
22985	4596	0.01517713596079749	0.0829601753184916	0.839001	1.0
23024	532	0.019368211000791564	0.10835220713944342	0.777001	1.0
23027	0	0.0030629992959635907	0.01563569029379001	0.963001	1.0
23028	3321	0.02768289856826951	0.16203630424098264	0.6860010000000001	1.0
23043	0	0.09857957551191199	0.8163904163709579	0.154001	1.0
23046	3620	0.05920634243829191	0.40776685451158573	0.380001	1.0
23048	0	0.0	-0.0	1.0	1.0
23049	1901	0.011556648316105131	0.06190514540362282	0.880001	1.0
23056	0	0.0883055546618175	0.6982828747037556	0.261001	1.0
23063	0	0.11613719029923872	1.0378130740403135	0.086001	1.0
23065	0	0.09450915531758965	0.7686013987664838	0.180001	1.0
23075	0	0.0	-0.0	1.0	1.0
23082	4597	0.08718064313746314	0.6858544674516412	0.276001	1.0
23103	735	0.09273393182810202	0.7481701346507859	0.175001	1.0
23107	0	0.044021854124509714	0.28082837284698803	0.5310010000000001	1.0
23125	499	0.08942781717483633	0.7107803235532709	0.20200100000000001	1.0
23131	0	0.036284724793658615	0.2223333914503744	0.606001	1.0
23133	1471	0.01888696800828587	0.10538041667398429	0.7830010000000001	1.0
23138	3573	0.030109546065551364	0.17854994321493414	0.693001	1.0
23139	4282	0.07584683952229121	0.5660817177745379	0.28300099999999995	1.0
23147	0	0.07368170484521078	0.5443155522075352	0.391001	1.0
23153	3966	0.08033370781581683	0.6123201217427114	0.231001	1.0
23157	3831	0.05430659250979129	0.36501581582131604	0.449001	1.0
23164	0	0.06796177456448116	0.48850566405267876	0.29400099999999996	1.0
23166	924	0.012272163951283794	0.06600222442296927	0.839001	1.0
23168	4035	0.04884889903389056	0.31941464517513485	0.49600099999999997	1.0
23178	4599	0.0792774866837202	0.6012974431734059	0.245001	1.0
23180	1508	0.12197729951948737	1.1170688474450725	0.074001	1.0
23195	0	0.0	-0.0	1.0	1.0
23197	0	0.03192097653379391	0.19113006360953189	0.627001	1.0
23198	4042	0.0087803317546426	0.046303578664605376	0.893001	1.0
23214	0	0.004023161298642868	0.020650236191757796	0.959001	1.0
23217	2806	0.11079304582885824	0.9677597574542423	0.10100100000000001	1.0
23221	0	0.07008404857903544	0.5089277243957513	0.328001	1.0
23224	0	0.004974708783518016	0.025673538816951412	0.948001	1.0
23226	2480	0.10855396210019606	0.9391048394024891	0.088001	1.0
23238	0	0.007284349303894093	0.038090395086389665	0.9090010000000001	1.0
23241	1873	0.0	-0.0	1.0	1.0
23260	0	0.0	-0.0	1.0	1.0
23264	529	0.10867405226093513	0.9406313285672664	0.109001	1.0
23265	0	0.03263383006380488	0.19614041432556265	0.640001	1.0
23270	735	0.1485374579348469	1.5139755728043591	0.020001	0.9011973209876544
23276	3654	0.05247282088488682	0.3494582619177307	0.453001	1.0
23277	444	0.18651134215723417	2.1898462592996033	0.005001	0.6394375839416058
23281	20	0.10755110758846567	0.9264031879180824	0.102001	1.0
23283	0	0.03988196369489404	0.2490207938818479	0.5570010000000001	1.0
23284	0	0.06693223569908462	0.4787191831781298	0.463001	1.0
23290	2213	0.033124489175803504	0.19960871128961424	0.649001	1.0
23291	4317	0.02564572024662479	0.14847054065411214	0.724001	1.0
23295	3111	0.008804237325122324	0.04643591958612067	0.901001	1.0
23299	0	0.0	-0.0	1.0	1.0
23301	3601	0.08493082008875441	0.6612926111880799	0.28700099999999995	1.0
23315	0	0.0820855717653248	0.6307908351020053	0.265001	1.0
23326	1567	0.05386074418890108	0.36121122421735363	0.443001	1.0
23327	0	0.08397691664406302	0.6509969469839179	0.216001	1.0
23345	0	0.04370784683781407	0.2783744134856657	0.500001	1.0
23365	1445	0.05568312045554098	0.3768519343813499	0.5450010000000001	1.0
23367	3145	0.19246843715634038	2.3079400396916765	0.004001	0.6394375839416058
23371	4603	0.0037306071098504624	0.019116582451296854	0.956001	1.0
23372	4070	0.09878516237915033	0.8188390791512901	0.164001	1.0
23408	1621	0.03767632670833216	0.23255336631076653	0.594001	1.0
23414	0	0.10843385087938329	0.9375792572471273	0.11700100000000001	1.0
23422	0	0.06415256148882083	0.4526875745308915	0.340001	1.0
23423	0	0.059057855028604084	0.4064458442683339	0.518001	1.0
23424	0	0.04678191898741849	0.3026926417531415	0.501001	1.0
23427	985	0.0191515133970521	0.10701223527540417	0.760001	1.0
23434	4604	0.06137216995070633	0.4272169430169326	0.375001	1.0
23452	0	0.07922388625853163	0.6007403436511328	0.257001	1.0
23453	4232	0.0051921684847657116	0.02682906451104746	0.945001	1.0
23454	0	0.027018758204556244	0.15758401480102951	0.691001	1.0
23456	0	0.021880545546371317	0.12410513435130245	0.745001	1.0
23457	1930	0.0009678216675996654	0.004881312522816379	0.982001	1.0
23461	3926	0.02412030185767301	0.13848907388741086	0.751001	1.0
23463	0	0.01234798937113435	0.06643824506075467	0.878001	1.0
23466	3690	0.024326410938131687	0.1398289436361691	0.741001	1.0
23471	0	0.024864199054651624	0.14333790531508966	0.695001	1.0
23473	916	0.034762346846427324	0.211302601448015	0.627001	1.0
23477	0	0.005922680004266656	0.030731411321161375	0.938001	1.0
23488	2888	0.026461036654864475	0.15386736954855132	0.691001	1.0
23501	4243	0.003027541398816967	0.015451547499413701	0.965001	1.0
23507	0	0.02613729935526465	0.15171928113030464	0.6800010000000001	1.0
23508	3859	0.1148398033735814	1.0205902776415599	0.087001	1.0
23512	0	0.1400714015957999	1.3808736336896952	0.043001	1.0
23532	0	0.020728691143555897	0.11683288417867439	0.767001	1.0
23534	0	0.03107059840941749	0.18519725466107528	0.6590010000000001	1.0
23536	1968	0.028217306639168063	0.16563982976218647	0.6720010000000001	1.0
23541	0	0.00947742546525148	0.05017687725815056	0.887001	1.0
23562	0	0.03911374421911636	0.24324763865108823	0.563001	1.0
23563	0	0.015795449273536762	0.08663712928024309	0.844001	1.0
23570	0	0.059632802664521145	0.4115697195531908	0.36700099999999997	1.0
23571	4389	0.031154945306016098	0.18578357343022497	0.653001	1.0
23574	0	0.057110147205558695	0.3892657566331872	0.399001	1.0
23580	2886	0.003089447891857983	0.015773093413291178	0.962001	1.0
23586	1481	0.08925026952419698	0.7087966147021175	0.225001	1.0
23596	0	0.026999905856195217	0.15745805202231597	0.6760010000000001	1.0
23597	1680	0.05660021606551526	0.38481301430663334	0.42300099999999996	1.0
23598	3126	0.06189734909172759	0.43198471213797135	0.36900099999999997	1.0
23600	0	0.14642781797282645	1.4802227949150315	0.040001	1.0
23610	1198	0.005443372926461576	0.028167399623542904	0.9260010000000001	1.0
23612	3433	0.08920901526525271	0.7083360407426624	0.209001	1.0
23618	0	0.11543928253760918	1.0285310830091567	0.092001	1.0
23630	0	0.018607683735577293	0.10366247971018991	0.771001	1.0
23637	0	0.005910650452490973	0.0306668927962985	0.9170010000000001	1.0
23640	0	0.09055537771052627	0.7234359127296215	0.239001	1.0
23641	0	0.11990423077320117	1.088610473710862	0.090001	1.0
23652	2250	0.05215288761056864	0.3467684932241758	0.463001	1.0
23654	0	0.08012170355894431	0.610100813050431	0.243001	1.0
23665	4138	0.10587151610664605	0.9053133099600233	0.121001	1.0
23678	0	0.022172116810891374	0.1259594132514608	0.750001	1.0
23679	2129	0.023771020362944404	0.1362247275489949	0.715001	1.0
23695	0	0.003954911953913521	0.020292001315964703	0.949001	1.0
23705	3039	0.09393011228358933	0.7619097918378895	0.225001	1.0
23710	0	0.06757750707821057	0.4848437481812715	0.30700099999999997	1.0
23719	2614	0.1276864250522429	1.19730393520934	0.056001	1.0
23721	916	0.055858192659822406	0.37836702896982954	0.42400099999999996	1.0
23738	0	0.0	-0.0	1.0	1.0
23756	0	0.01970722599975273	0.11045450401233783	0.7940010000000001	1.0
23771	5	0.025871046844170263	0.14995772729050247	0.738001	1.0
23776	0	0.014074449112848528	0.0764617380579347	0.824001	1.0
23780	0	0.07593152789391952	0.5669402915068499	0.34400099999999995	1.0
23786	4611	0.0	-0.0	1.0	1.0
23787	2712	0.06395446147438842	0.4508540834493108	0.37100099999999997	1.0
23788	3145	0.10840568005848734	0.9372216180830547	0.122001	1.0
23792	52	0.02592222451037137	0.1502959663783432	0.702001	1.0
23810	2222	0.01329104916542086	0.07189069038011921	0.846001	1.0
23813	499	0.02232097861065628	0.12690821401330243	0.720001	1.0
23823	0	0.0548330461768312	0.3695265288094295	0.42300099999999996	1.0
23828	3282	0.018315045995440142	0.10186768240804454	0.780001	1.0
23843	1068	0.015543500626591685	0.08513597989441078	0.8060010000000001	1.0
23845	0	0.038271269894955946	0.2369626700180673	0.574001	1.0
23846	2409	0.05061260063077696	0.33392044371849827	0.48600099999999996	1.0
23851	1604	0.06331030329898443	0.44491205928626026	0.37000099999999997	1.0
23853	4062	0.043130577716986085	0.273880853862823	0.5460010000000001	1.0
23868	3141	0.07763057991421211	0.5842802221903458	0.249001	1.0
23880	3891	0.0011637396850355287	0.0058760730214151395	0.985001	1.0
23881	1110	0.028635929966688567	0.16847568591506049	0.6610010000000001	1.0
23884	1565	0.052262833627030936	0.3476920203974627	0.458001	1.0
23890	0	0.005088250549459612	0.026276520546068372	0.943001	1.0
23914	0	0.006047560955649324	0.031401699692249554	0.9160010000000001	1.0
23920	3510	0.07419701300144452	0.5494638852702902	0.30400099999999997	1.0
23932	349	0.021195331255094242	0.11976882644044061	0.778001	1.0
23936	1397	0.011518095548729755	0.06168528086286959	0.887001	1.0
23941	0	0.07580276544161163	0.565635107970062	0.271001	1.0
23950	1547	0.022306241994576818	0.1268142239256903	0.749001	1.0
23955	1525	0.04947656903348038	0.324551882678885	0.459001	1.0
23966	1890	0.038202097945877395	0.23644878164619826	0.563001	1.0
23968	0	0.05421287894891119	0.36421494458000453	0.43100099999999997	1.0
23972	1801	0.10319499502050088	0.8721772233263985	0.132001	1.0
23982	0	0.0770953808645109	0.57879453228955	0.251001	1.0
23983	0	0.06224661644892164	0.4351666346599779	0.379001	1.0
23997	0	0.034029310119020634	0.20604671268760258	0.624001	1.0
24000	3654	0.04912979086107001	0.3217102106530946	0.48000099999999996	1.0
24005	0	0.14129310142153917	1.3996958537854292	0.041001	1.0
24012	0	0.0	-0.0	1.0	1.0
24028	1068	0.09633976160976518	0.7899309837251421	0.170001	1.0
24044	0	0.05762664937894217	0.39379496917334256	0.40900099999999995	1.0
24048	4248	0.027651739352712895	0.16182677355292177	0.6700010000000001	1.0
24054	0	0.13084136867888138	1.2428233071677337	0.066001	1.0
24062	1151	0.03875727616046065	0.24058244802732884	0.568001	1.0
24091	0	0.059545940009518364	0.4107940716103075	0.385001	1.0
24104	4556	0.041955029830237814	0.26480125807417787	0.5610010000000001	1.0
24109	1874	0.013618599575114666	0.07379729679314694	0.829001	1.0
24122	0	0.11564031568903736	1.0312006452020175	0.098001	1.0
24126	0	0.07097387684730386	0.5175901689575833	0.34700099999999995	1.0
24128	0	0.06486584689629338	0.4593131862386828	0.35800099999999996	1.0
24133	0	0.06543339843659562	0.46461183871155287	0.329001	1.0
24146	0	0.08052120605958862	0.6142857620229571	0.244001	1.0
24151	0	0.057215017741403085	0.39018381191970364	0.40900099999999995	1.0
24166	0	0.03595732853719788	0.21994798770001145	0.592001	1.0
24169	2584	0.04512516959707637	0.2895049255349269	0.499001	1.0
24183	0	0.053947542167385856	0.36195079171143607	0.43500099999999997	1.0
24193	1397	0.022820468330580254	0.13010218893923103	0.7830010000000001	1.0
24204	0	0.10702027506602796	0.9197130211633017	0.127001	1.0
24221	0	0.06812789045738858	0.4900920732359001	0.316001	1.0
24226	0	0.004284657670719345	0.02202535643701589	0.941001	1.0
24234	0	0.00629257441776768	0.032719494050103326	0.9220010000000001	1.0
24248	2061	0.01068665948136645	0.05696574816845329	0.9170010000000001	1.0
24255	0	0.07930626246698262	0.6015966166264837	0.35000099999999995	1.0
24258	1658	0.018611001170981432	0.1036828570689799	0.775001	1.0
24270	0	0.022868363020712938	0.13040929115993669	0.715001	1.0
24284	2052	0.019769720601734587	0.11084283985578564	0.768001	1.0
24289	0	0.05397766451046969	0.36220757664552344	0.42400099999999996	1.0
24294	0	0.0774705538595462	0.5826377041603454	0.265001	1.0
24299	2806	0.0	-0.0	1.0	1.0
24302	0	0.11999994962175384	1.0899165753793625	0.088001	1.0
24309	0	0.012304988261021749	0.06619093145790671	0.857001	1.0
24310	2161	0.0444312811084613	0.2840382874671601	0.500001	1.0
24312	0	0.07085242543117418	0.5164043580629254	0.29800099999999996	1.0
24329	4614	0.06273866739216455	0.43966448074485626	0.35500099999999996	1.0
24337	0	0.04062887283502299	0.2546724418848359	0.5520010000000001	1.0
24352	2224	0.026379539717517456	0.1533259721406981	0.692001	1.0
24365	0	0.012390698177636779	0.06668398994888167	0.865001	1.0
24371	0	0.08043117399133695	0.6133415738228921	0.29800099999999996	1.0
24381	0	0.005657562850387758	0.029311498851400976	0.944001	1.0
24396	3158	0.009777385844621296	0.05185262444076782	0.876001	1.0
24424	3883	0.020315066146778277	0.1142420822353555	0.751001	1.0
24426	0	0.04295347865327785	0.2725068977429797	0.564001	1.0
24427	1987	0.06979902709929928	0.506165548242858	0.30100099999999996	1.0
24446	4025	0.09937743992487308	0.8259123168859239	0.142001	1.0
24453	3708	0.014510203490458977	0.07902074542675036	0.831001	1.0
24474	1875	0.12179878163100936	1.1146040934405093	0.07000100000000001	1.0
24476	4096	0.1064331395569573	0.912339900338825	0.151001	1.0
24478	0	0.012343144462646026	0.06641037471308638	0.848001	1.0
24494	0	0.05253453435303265	0.34997794089079387	0.457001	1.0
24495	0	0.027603604829161858	0.16150321689529315	0.693001	1.0
24499	3491	0.0616165784859627	0.42943327073830867	0.406001	1.0
24507	1203	0.0833232045848324	0.643981875656567	0.269001	1.0
24510	0	0.030740929096456954	0.18291014943486153	0.634001	1.0
24514	2007	0.01646761389249178	0.09066136734052103	0.817001	1.0
24522	1343	0.0854208472967381	0.6666089286960752	0.218001	1.0
24531	297	0.0634201364552561	0.4459230613506959	0.339001	1.0
24534	1202	0.004095966794442057	0.021032689342051526	0.965001	1.0
24536	0	0.05266452389813086	0.3510734470294627	0.441001	1.0
24538	0	0.22121937297916036	2.9259120031646275	1e-06	0.0005762631578947368
24555	2052	0.02195908668205152	0.12460409000528815	0.743001	1.0
24556	4440	0.00392278246657125	0.020123451696269903	0.952001	1.0
24557	3339	0.0023199196970250524	0.011792113469291293	0.973001	1.0
24558	0	0.05945488852597308	0.40998160653564913	0.385001	1.0
24560	0	0.01032414014259096	0.05492116050888908	0.866001	1.0
24570	0	0.03623336255280003	0.2219586890020805	0.582001	1.0
24573	0	0.0468888808918789	0.3035506340488519	0.509001	1.0
24580	0	0.016119789469176672	0.08857542650257395	0.7880010000000001	1.0
24594	2629	0.07365228135522663	0.5440221920477627	0.28700099999999995	1.0
24602	1780	0.05765387609858737	0.3940342541872416	0.41700099999999996	1.0
24610	735	0.11386260818757832	1.0077096956893006	0.088001	1.0
24616	3635	0.1390268350620248	1.3648828539135327	0.048001	1.0
24630	0	0.024539692182108996	0.14121832546900243	0.727001	1.0
24632	0	0.0	-0.0	1.0	1.0
24652	1729	0.08721969321331739	0.6862842558748008	0.213001	1.0
24659	182	0.09019488121877278	0.7193789258750286	0.190001	1.0
24665	0	0.12697986881489984	1.1872252957133709	0.063001	1.0
24677	2313	0.05756743940919516	0.39327478042414094	0.397001	1.0
24678	0	0.02560856170300833	0.14822560567607318	0.707001	1.0
24680	0	0.07021220590105959	0.5101716867591561	0.29300099999999996	1.0
24692	0	0.033889879652543406	0.20505106710947094	0.611001	1.0
24699	2931	0.038884162139588466	0.24153013995048137	0.600001	1.0
24708	3658	0.09527929752448383	0.7775424844712159	0.17100100000000001	1.0
24713	0	0.048933651309414815	0.3201066918514046	0.571001	1.0
24733	0	0.0799986901723902	0.6088146571979233	0.235001	1.0
24734	4616	0.02619712914198305	0.15211575514251122	0.715001	1.0
24738	0	0.12366119557889485	1.1404492645269588	0.068001	1.0
24752	0	0.06408370857290892	0.45204998785360784	0.36000099999999996	1.0
24756	1864	0.03962882449606768	0.247114010480189	0.5520010000000001	1.0
24766	0	0.03445497455738906	0.20909435123337636	0.622001	1.0
24771	3387	0.02910050750373147	0.17163631252500927	0.6660010000000001	1.0
24776	2579	0.06958710463194948	0.504115708798559	0.30700099999999997	1.0
24777	985	0.013130238084463019	0.07095706326135862	0.859001	1.0
24783	0	0.009561747957012088	0.0506473984922127	0.9250010000000001	1.0
24798	2161	0.03619931158083256	0.22171037536740254	0.585001	1.0
24810	1343	0.04858752243132781	0.3172835469971185	0.49800099999999997	1.0
24811	0	0.0	-0.0	1.0	1.0
24820	4377	0.17233133605711176	1.922091076643914	0.006001	0.6394375839416058
24825	0	0.03431646666467873	0.2081013412569226	0.622001	1.0
24837	1040	0.06167587808878908	0.4299716637848183	0.36500099999999996	1.0
24839	0	0.044434005211997356	0.2840596833794004	0.629001	1.0
24848	0	0.01913996722893023	0.10694092170606202	0.761001	1.0
24856	2008	0.001970869317770886	0.0099978284411405	0.973001	1.0
24860	1729	0.015631139860363616	0.08565769947971408	0.837001	1.0
24866	830	0.03336196516890082	0.20129311195608013	0.645001	1.0
24867	3522	0.07140669160952168	0.5218249984371115	0.29700099999999996	1.0
24878	0	0.029471329685964782	0.17416928230531362	0.6850010000000001	1.0
24885	3249	0.046924541564767885	0.3038368628894431	0.47600099999999995	1.0
24894	4242	0.016566111769979585	0.09125344377044159	0.817001	1.0
24897	1096	0.0735627581453153	0.5431300222184197	0.276001	1.0
24901	0	0.03360735976493656	0.20303763476460215	0.595001	1.0
24909	0	0.0662384576292809	0.4721685870526181	0.332001	1.0
24911	0	0.03954070066200278	0.24645123956069967	0.5540010000000001	1.0
24912	4599	0.003390775769064623	0.017341428376734757	0.953001	1.0
24918	3649	0.0230279108254103	0.13143337899909918	0.743001	1.0
24923	913	0.0358607974657274	0.2192460430019788	0.603001	1.0
24931	0	0.001687367286531545	0.008545739072279549	0.985001	1.0
24937	0	0.07010649981365574	0.50914555934904	0.29800099999999996	1.0
24941	0	0.06714783395213955	0.48076209475053133	0.36200099999999996	1.0
24942	2552	0.05722342640300355	0.3902574571447657	0.395001	1.0
24953	2648	0.0	-0.0	1.0	1.0
24960	1930	0.013516535347965299	0.07320249072469813	0.847001	1.0
24980	0	0.1330508355194715	1.275205139197022	0.053001	1.0
24984	0	0.03654662846691089	0.2242468227891205	0.597001	1.0
24987	4268	0.04837832119219143	0.3155813102535326	0.502001	1.0
24996	985	0.0523083858824779	0.34807490279731484	0.567001	1.0
25000	348	0.06474069903891141	0.4581479986164658	0.340001	1.0
25003	0	0.02867702256643408	0.16875467679594494	0.705001	1.0
25005	4004	0.03484292033171864	0.21188251283064263	0.602001	1.0
25016	1482	0.16454321957916912	1.7829009379951517	0.017001000000000002	0.8422803122171947
25021	0	0.0930889480314848	0.7522361774594415	0.153001	1.0
25022	3682	0.07310875503438721	0.538614804563111	0.28900099999999995	1.0
25027	0	0.04580999273220504	0.29493293833118883	0.501001	1.0
25032	2722	0.03377741841230298	0.20424895103741092	0.640001	1.0
25042	3897	0.10357094612599754	0.876796702201272	0.136001	1.0
25052	0	0.06130767807731282	0.42663284865776163	0.47900099999999995	1.0
25059	0	0.09672296120166707	0.7944295211895145	0.181001	1.0
25062	1666	0.007305415090684948	0.038205115002707145	0.9110010000000001	1.0
25063	1214	0.07143175855738979	0.5220706927334168	0.30100099999999996	1.0
25079	2481	0.012690157894067338	0.0684102186692174	0.838001	1.0
25085	650	0.08301217140733441	0.6406557035083633	0.232001	1.0
25090	0	0.05015260941277871	0.3301160453749252	0.448001	1.0
25101	1483	0.03616318585884238	0.22144701729180483	0.618001	1.0
25114	94	0.04213653024094638	0.266196903372684	0.5350010000000001	1.0
25118	2234	0.009561747957012088	0.0506473984922127	0.9250010000000001	1.0
25123	0	0.057522469657196984	0.39287986793507174	0.41400099999999995	1.0
25130	0	0.0616530365192395	0.42976425019791353	0.36400099999999996	1.0
25131	0	0.04982226431816741	0.32739310917590647	0.468001	1.0
25147	0	0.000685145442271988	0.003449979849974973	0.991001	1.0
25155	3309	0.07185275900270825	0.5262041704354797	0.322001	1.0
25163	0	0.08756150105113931	0.6900512849924992	0.183001	1.0
25165	2627	0.10607708772602283	0.9078822947856442	0.125001	1.0
25170	0	0.0	-0.0	1.0	1.0
25172	0	0.026375284509415307	0.15329771597502487	0.729001	1.0
25176	0	0.12558438875968406	1.1674433199488405	0.071001	1.0
25181	2409	0.06231909123994484	0.4358280164783931	0.342001	1.0
25194	2352	0.040334159538163376	0.2524378741029623	0.5560010000000001	1.0
25200	0	0.002326258272227823	0.011824762728864584	0.985001	1.0
25206	0	0.01637630920720623	0.09011307142069146	0.828001	1.0
25233	0	0.05817741987395044	0.3986458810602871	0.386001	1.0
25237	1621	0.040946442959382975	0.2570869700561869	0.5530010000000001	1.0
25238	0	0.06163820547488174	0.42962959681424523	0.36900099999999997	1.0
25242	3682	0.06834664008504493	0.4921842599663738	0.333001	1.0
25245	0	0.06588381394344818	0.46883380482357884	0.36600099999999997	1.0
25254	918	0.050482876401817374	0.3328460351804208	0.460001	1.0
25257	0	0.02677555193087216	0.15596080069268473	0.703001	1.0
25258	988	0.06707985407623412	0.4801175768032515	0.319001	1.0
25259	3107	0.023705342767798513	0.1357998264368066	0.718001	1.0
25263	0	0.11824103638793132	1.0660375864344493	0.092001	1.0
25271	3326	0.038250435295329135	0.2368078525793326	0.601001	1.0
25277	1797	0.049593673669921526	0.3255134081820773	0.48400099999999996	1.0
25299	0	0.04238962109304321	0.26814682655403244	0.5330010000000001	1.0
25305	913	0.03945751440644388	0.24582608973033757	0.5490010000000001	1.0
25307	4136	0.026621175024454616	0.15493245432289218	0.6870010000000001	1.0
25313	1684	0.09412428513988788	0.7641507638871532	0.161001	1.0
25335	0	0.10939656822747446	0.949840172496955	0.111001	1.0
25338	1068	0.049125806353995966	0.32167760880143165	0.47500099999999995	1.0
25341	3738	0.06509778145605345	0.4614756576611373	0.398001	1.0
25348	0	0.037684536065871174	0.232614044982199	0.6710010000000001	1.0
25351	0	0.017935948976830117	0.09955063820220521	0.8090010000000001	1.0
25391	1062	0.10180449295406989	0.8551903428651353	0.150001	1.0
25392	0	0.0426200230984404	0.2699257800705983	0.518001	1.0
25398	0	0.057418739559834266	0.39196949369070444	0.403001	1.0
25399	3145	0.14649877265920483	1.4813516817170185	0.036001	0.9905231026894865
25403	2048	0.02114010695581939	0.1194206499173728	0.768001	1.0
25404	1075	0.05716880900567455	0.38977919481414974	0.399001	1.0
25408	0	0.10068020309142478	0.8415691487444215	0.153001	1.0
25411	1756	0.07596895098056204	0.5673198610805825	0.265001	1.0
25420	0	0.025402166255816462	0.14686675584155162	0.702001	1.0
25428	2656	0.16872801936749904	1.8570057740055337	0.012001	0.7219722472527472
25431	0	0.03264174190222127	0.19619621307439458	0.6620010000000001	1.0
25433	0	0.0424691646614032	0.26876057594601016	0.5480010000000001	1.0
25441	2625	0.024713384624175487	0.14235198464620202	0.735001	1.0
25445	0	0.10039401489915245	0.8381180495960385	0.156001	1.0
25482	2634	0.0642587920275796	0.45367196573977997	0.36200099999999996	1.0
25483	0	0.011197977446894436	0.05986317470640819	0.866001	1.0
25490	0	0.05397217497686123	0.3621607750115024	0.42400099999999996	1.0
25504	0	0.037041899941783425	0.22787787021278114	0.589001	1.0
25505	529	0.0	-0.0	1.0	1.0
25510	0	0.09018369867190469	0.7192532415114383	0.179001	1.0
25512	0	0.06640747010050708	0.47376111133199644	0.333001	1.0
25520	742	0.15037179215923424	1.543641421025988	0.026001	0.9234426174698795
25523	4259	0.07368170484521082	0.5443155522075357	0.375001	1.0
25525	0	0.07043829463846395	0.512369211697882	0.34400099999999995	1.0
25529	2180	0.044430478594148844	0.28403198438125216	0.49600099999999997	1.0
25531	4057	0.03774758471459458	0.23308021524402203	0.567001	1.0
25533	0	0.011993050950206363	0.06440027512551068	0.846001	1.0
25535	0	0.053870752009148704	0.36129646904521184	0.41300099999999995	1.0
25541	0	0.0027923433876169204	0.014231969459010892	0.967001	1.0
25547	1484	0.029060892608524957	0.17136625033094524	0.6710010000000001	1.0
25548	940	0.0455589167363517	0.2929390845638986	0.605001	1.0
25555	4557	0.0006448419570449851	0.0032462813855243374	0.988001	1.0
25558	4085	0.049983829662040596	0.3287238826002817	0.47600099999999995	1.0
25562	1979	0.012352373532104041	0.06646346619984286	0.878001	1.0
25568	3282	0.045274497191472564	0.2906857389807604	0.522001	1.0
25574	2126	0.0	-0.0	1.0	1.0
25578	0	0.0076618370674681885	0.04015015558343444	0.9060010000000001	1.0
25582	899	0.033731740204402214	0.2039233983319612	0.649001	1.0
25584	428	0.1242669951335508	1.14891876907292	0.069001	1.0
25588	0	0.037895166140225714	0.23417245939009354	0.580001	1.0
25602	2275	0.0	-0.0	1.0	1.0
25604	0	0.028760995073021028	0.16932513786147232	0.637001	1.0
25607	0	0.002200848806784815	0.011179230693672285	0.974001	1.0
25613	526	0.11709629725396657	1.0506346589307372	0.090001	1.0
25614	0	0.01644835550791997	0.09054567498827447	0.818001	1.0
25619	0	0.008120016618040446	0.04266172273967236	0.9240010000000001	1.0
25634	0	0.015382166858585629	0.08417680479419265	0.824001	1.0
25652	3337	0.07274128706592235	0.5349715567369988	0.263001	1.0
25654	0	0.04226737515318148	0.2672044396238039	0.5420010000000001	1.0
25663	0	0.007241900249472157	0.03785930722805376	0.9180010000000001	1.0
25666	1842	0.10432079681643472	0.886044481191175	0.143001	1.0
25668	1567	0.0	-0.0	1.0	1.0
25683	0	0.10784794057942534	0.9301542024176843	0.128001	1.0
25685	4136	0.03344282862538442	0.20186753007395108	0.609001	1.0
25697	0	0.045243528902090324	0.2904407287459702	0.507001	1.0
25699	0	0.03154472458861088	0.188499161069459	0.652001	1.0
25714	0	0.05961742830426779	0.4114323929520405	0.385001	1.0
25722	2645	0.009564655634481601	0.05066363108357636	0.890001	1.0
25735	0	0.01316092698068163	0.07113511187674537	0.850001	1.0
25738	2409	0.01423460892881883	0.07740092414082293	0.826001	1.0
25741	0	0.08082212570593489	0.6174460838211107	0.256001	1.0
25744	1829	0.0060718495904288974	0.03153217504892803	0.9230010000000001	1.0
25750	3135	0.12358637527011804	1.1394053609633221	0.077001	1.0
25754	2709	0.05317865365039638	0.3554181280960505	0.444001	1.0
25762	3147	0.04235810940163965	0.26790380631288446	0.529001	1.0
25766	2146	0.05447949422759394	0.36649507172020845	0.443001	1.0
25771	0	0.09416971455639267	0.7646755000176362	0.179001	1.0
25775	3249	0.08743599815140167	0.6886670743427362	0.218001	1.0
25793	0	0.11680071002147016	1.0466750570788643	0.084001	1.0
25802	1109	0.02621436991810562	0.15223004778480634	0.6840010000000001	1.0
25811	1646	0.11731064759242124	1.053510561744069	0.113001	1.0
25813	0	0.04125623354361868	0.2594490088762536	0.5470010000000001	1.0
25817	2946	0.06724923230905404	0.4817240894580203	0.36300099999999996	1.0
25818	0	0.10742677508094245	0.9248341528158754	0.120001	1.0
25820	0	0.0030126741392049973	0.015374359654923448	0.968001	1.0
25831	3919	0.12405641087885767	1.1459711591590975	0.067001	1.0
25840	2831	0.0	-0.0	1.0	1.0
25881	2007	0.028173059153463305	0.16534075789358924	0.701001	1.0
25883	4338	0.02272619311682058	0.1294981234531872	0.729001	1.0
25884	0	0.0043165016355913785	0.022193089235757395	0.946001	1.0
25885	0	0.04718016005603412	0.3058911750298767	0.47800099999999995	1.0
25893	1789	0.12122662203110393	1.1067223712794791	0.072001	1.0
25896	3792	0.016608227102081697	0.09150678667441109	0.8040010000000001	1.0
25902	0	0.06493935135953025	0.4599980858829873	0.36200099999999996	1.0
25905	0	0.06197417606227645	0.4326838629301071	0.37100099999999997	1.0
25920	297	0.037669863913185914	0.23250560039986964	0.583001	1.0
25921	499	0.09018978182957879	0.7193216109294134	0.183001	1.0
25923	1283	0.10855396210019606	0.9391048394024891	0.088001	1.0
25926	1162	0.17420990852521995	1.9564944268762694	0.015000999999999999	0.7858657846889952
25935	0	0.015107360391168376	0.08254673152509104	0.841001	1.0
25942	297	0.10953630539460361	0.9516261081597693	0.121001	1.0
25945	2266	0.01662221462788908	0.09159095256096016	0.8000010000000001	1.0
25946	0	0.0005273035973523375	0.0026527679488723963	0.992001	1.0
25947	0	0.015217743694555187	0.08320092920765029	0.828001	1.0
25972	0	0.09112203316750106	0.7298335769911386	0.17100100000000001	1.0
25974	0	0.031250905234680895	0.1864511907053281	0.6560010000000001	1.0
25975	0	0.0	-0.0	1.0	1.0
25984	0	0.05522851615637789	0.37292800087609845	0.401001	1.0
25990	1034	0.0036927510240181635	0.01891849908906366	0.954001	1.0
25995	0	0.014469919092395284	0.07878367803649321	0.823001	1.0
25998	2371	0.10292940447842422	0.8689206555963446	0.132001	1.0
26002	20	0.010864311159915097	0.05797061761101695	0.886001	1.0
26008	4628	0.07750204032288589	0.5829607294900286	0.263001	1.0
26024	1987	0.0405675515147465	0.2542070032035313	0.566001	1.0
26034	0	0.0	-0.0	1.0	1.0
26042	1930	0.0	-0.0	1.0	1.0
26055	3040	0.07002602891239734	0.508364957952572	0.30500099999999997	1.0
26056	2818	0.05807992478157616	0.3977855976241036	0.41600099999999995	1.0
26059	1603	0.017353713267554395	0.09600961151228264	0.817001	1.0
26075	1621	0.043309093687642984	0.2752679934295439	0.627001	1.0
26083	0	0.03088769900078514	0.18392748820032698	0.6750010000000001	1.0
26084	916	0.05107601704297142	0.3377682887994184	0.455001	1.0
26087	887	0.03849201983595461	0.23860482695742308	0.580001	1.0
26088	899	0.024181839880534028	0.13888883197046403	0.737001	1.0
26093	0	0.18254009527384918	2.1129743891595205	0.005001	0.6394375839416058
26100	0	0.05163481749066606	0.34242833880685913	0.454001	1.0
26101	0	0.06327393726893953	0.4445775088095556	0.35700099999999996	1.0
26105	3478	0.03848076395695513	0.23852101445046933	0.576001	1.0
26110	0	0.04479151175471889	0.2868721101265356	0.519001	1.0
26126	0	0.0	-0.0	1.0	1.0
26131	1274	0.0	-0.0	1.0	1.0
26133	0	0.08203735050233713	0.6302792639335766	0.218001	1.0
26139	0	0.013351269522733234	0.07224072446639754	0.842001	1.0
26140	0	0.0	-0.0	1.0	1.0
26141	0	0.068057147223439	0.4894162239815817	0.449001	1.0
26143	3320	0.057212378107821746	0.390160694379143	0.396001	1.0
26144	0	0.012735278337789617	0.06867079246863876	0.858001	1.0
26159	2709	0.09078412584869477	0.7260154990416123	0.182001	1.0
26161	0	0.09710551239818682	0.7989320814862643	0.167001	1.0
26167	4630	0.030476435171604657	0.18108040098623465	0.6580010000000001	1.0
26170	0	0.06109132479855074	0.42467557941327705	0.36100099999999996	1.0
26177	0	0.08861743736015436	0.7017461188432466	0.206001	1.0
26179	0	0.0	-0.0	1.0	1.0
26182	0	0.0845770097858176	0.6574656639288313	0.238001	1.0
26184	0	0.02392091805918006	0.13719553145011237	0.737001	1.0
26186	1768	0.09644933450218737	0.7912161147030612	0.159001	1.0
26187	94	0.05688605421124996	0.3873066611709236	0.41000099999999995	1.0
26202	0	0.007838869913053225	0.041119084951008696	0.9110010000000001	1.0
26209	0	0.08155608551569135	0.6251833923106481	0.30900099999999997	1.0
26223	0	0.005062101859594635	0.026137585887735567	0.959001	1.0
26235	1180	0.029465032393296856	0.17412619195050608	0.6710010000000001	1.0
26240	1797	0.12376785364621759	1.1419381850465578	0.079001	1.0
26248	4631	0.07574625972773064	0.5650627414878564	0.266001	1.0
26249	0	0.013172676802799408	0.07120329651233537	0.852001	1.0
26256	2002	0.015605757464473525	0.08550654792095136	0.824001	1.0
26268	4074	0.014778272468362916	0.08060085307545668	0.855001	1.0
26271	1185	0.037112785488356906	0.2283989190692831	0.585001	1.0
26291	1397	0.08413078476341113	0.6526529202339606	0.230001	1.0
26300	0	0.007872914956049606	0.04130563514192641	0.9130010000000001	1.0
26305	0	0.048151558011216705	0.31373964369900686	0.49800099999999997	1.0
26325	0	0.023275631986134554	0.1330266647701756	0.736001	1.0
26327	735	0.014317407239593382	0.07788708091419286	0.832001	1.0
26340	0	0.056778909611225004	0.38637124482729035	0.42100099999999996	1.0
26341	0	0.0	-0.0	1.0	1.0
26356	0	0.1186781658193853	1.0719480314071061	0.008001	0.6394375839416058
26368	2623	0.10822779070830457	0.9349647377904894	0.113001	1.0
26370	0	0.05635482379445933	0.3826769042722035	0.442001	1.0
26371	0	0.08259719140090367	0.636229530134684	0.250001	1.0
26381	0	0.02669990457312563	0.1554566991451573	0.713001	1.0
26384	0	0.017542997914350572	0.09715846150319829	0.821001	1.0
26395	0	0.03402725674005111	0.20603204047320123	0.619001	1.0
26397	0	0.15852678616421811	1.6791325913333381	0.021001000000000002	0.9234426174698795
26403	0	0.09392537960087652	0.7618552085489577	0.181001	1.0
26416	0	0.05386200364743462	0.3612219516674409	0.43200099999999997	1.0
26420	0	0.02379739778847769	0.13639545447523735	0.731001	1.0
26426	937	0.04848285625047929	0.31643151111911466	0.464001	1.0
26459	0	0.030859067552027303	0.18372891679407027	0.6810010000000001	1.0
26470	1392	0.042438232477330126	0.2685218548524209	0.571001	1.0
26471	3086	0.0	-0.0	1.0	1.0
26483	1007	0.027981531207575593	0.16404768606658104	0.6850010000000001	1.0
26485	0	0.10158633141071091	0.8525393042412059	0.129001	1.0
26489	0	0.02279651561101737	0.1299486585934464	0.743001	1.0
26495	4633	0.06355750112602152	0.4471887324860605	0.460001	1.0
26507	0	0.07094646835990281	0.5173224653235767	0.29600099999999996	1.0
26512	0	0.03911357832011995	0.2432463962683172	0.609001	1.0
26542	4634	0.050908877180050355	0.33637874010483515	0.517001	1.0
26543	0	0.04100067338854901	0.2574999819687353	0.575001	1.0
26550	3120	0.052089516108164216	0.3462365736226701	0.46900099999999995	1.0
26552	0	0.017265593689441472	0.09547554309171176	0.821001	1.0
26558	0	0.0	-0.0	1.0	1.0
26575	1223	0.0315066146762434	0.1882332054643047	0.654001	1.0
26579	0	0.0	-0.0	1.0	1.0
26581	0	0.01090614461558028	0.058207524547370805	0.885001	1.0
26591	2831	0.034398126968194574	0.20868663607164167	0.644001	1.0
26598	3058	0.03284317332711534	0.19761822567016246	0.618001	1.0
26607	0	0.0	-0.0	1.0	1.0
26616	0	0.14080368567956433	1.3921401065116303	0.035001000000000004	0.9905231026894865
26630	2455	0.0058154960104607675	0.03015685163319919	0.9220010000000001	1.0
26634	3573	0.0	-0.0	1.0	1.0
26638	0	0.0055470847096754615	0.028721036887161384	0.941001	1.0
26639	0	0.015488801538552595	0.08481059668317492	0.817001	1.0
26640	0	0.0	-0.0	1.0	1.0
26647	1442	0.02972631952329113	0.17591628983714666	0.6810010000000001	1.0
26658	1482	0.02043703140511912	0.11500489895372656	0.7860010000000001	1.0
26662	19	0.05480019739851194	0.3692444971044756	0.440001	1.0
26664	2928	0.07461268660005635	0.553631376288048	0.30100099999999996	1.0
26670	0	0.04517812240848953	0.2899234745457266	0.505001	1.0
26673	373	0.12349360170379403	1.1381116231725805	0.061001	1.0
26686	2815	0.07022935645384114	0.5103382520250446	0.30600099999999997	1.0
26695	0	0.05749965067350548	0.3926795334164607	0.36800099999999997	1.0
26699	0	0.0	-0.0	1.0	1.0
26700	0	0.04755583487511856	0.30891862781296303	0.49700099999999997	1.0
26701	2390	0.021443516954293942	0.12133598165448577	0.729001	1.0
26703	3390	0.06253165063955342	0.43776997985874705	0.36600099999999997	1.0
26713	0	0.0147965432727067	0.08070871096082242	0.823001	1.0
26714	0	0.08419491291034378	0.6533436256159324	0.214001	1.0
26721	3441	0.01148980190710567	0.061523981484266216	0.868001	1.0
26738	0	0.042514138010178476	0.2691077781817002	0.5600010000000001	1.0
26740	2806	0.05918951324451287	0.4076170542422831	0.382001	1.0
26753	3249	0.046591925268323564	0.3011705815392138	0.49400099999999997	1.0
26757	4638	0.05647676161155781	0.38373781709747457	0.43300099999999997	1.0
26758	529	0.14808519701088435	1.5067068324927018	0.026001	0.9234426174698795
26762	2823	0.05076751678161419	0.3352050559713525	0.48700099999999996	1.0
26764	0	0.038262585406446864	0.23689813386436331	0.583001	1.0
26772	0	0.0056818726167193745	0.029441522503395542	0.940001	1.0
26786	2045	0.0	-0.0	1.0	1.0
26797	0	0.05383693969562046	0.3610084905020882	0.43000099999999997	1.0
26818	3530	0.13009535515016704	1.2319836221084632	0.051001	1.0
26820	0	0.04583043657874242	0.29509548091762006	0.49600099999999997	1.0
26822	0	0.0030038086026079533	0.015328337744580194	0.957001	1.0
26831	1930	0.05999052887187499	0.4147698378615114	0.376001	1.0
26840	4640	0.030736123454252237	0.18287686311614593	0.653001	1.0
26844	0	0.028186608269746716	0.16543232369718675	0.710001	1.0
26859	1075	0.000872804763776644	0.0043996752794648345	0.991001	1.0
26866	0	0.13178806602111565	1.256647114778118	0.051001	1.0
26871	2634	0.0	-0.0	1.0	1.0
26878	0	0.0	-0.0	1.0	1.0
26880	592	0.049334250219184916	0.3233846278772815	0.49100099999999997	1.0
26893	2634	0.07977528167226221	0.6064817876149523	0.246001	1.0
26896	0	0.07886651320893416	0.5970315669236388	0.252001	1.0
26904	3328	0.007895873906413255	0.04143147834867545	0.9060010000000001	1.0
26929	4550	0.043309093687642984	0.2752679934295439	0.627001	1.0
26942	651	0.008715771821216398	0.04594634831205717	0.880001	1.0
26970	735	0.07238691725155424	0.531467776758652	0.272001	1.0
26972	0	0.06468241265037589	0.4576057171699389	0.449001	1.0
26979	0	0.10068361588537794	0.8416103426794352	0.167001	1.0
26981	181	0.06108775377176109	0.4246433022413577	0.389001	1.0
26999	0	0.013202970322231403	0.07137913014147544	0.850001	1.0
27001	0	0.038882983292607934	0.2415213302808655	0.583001	1.0
27012	1068	0.11188363860050457	0.9818651508289821	0.110001	1.0
27021	3531	0.09876274532473786	0.8185719148185282	0.167001	1.0
27022	0	0.15900019873468335	1.6871799588229632	0.010001	0.6974582738853503
27038	0	0.011655814134068725	0.06247110118102215	0.881001	1.0
27041	4061	0.033080937843228644	0.1993002130838604	0.631001	1.0
27045	4298	0.025329803626760093	0.14639099453485976	0.740001	1.0
27046	1179	0.032680812632528145	0.19647182303963573	0.627001	1.0
27061	1612	0.0	-0.0	1.0	1.0
27089	0	0.1394182812926173	1.3708642721830488	0.040001	1.0
27092	0	0.09069612792075626	0.7250226634731225	0.183001	1.0
27095	2584	0.08441258298246962	0.655690454695899	0.207001	1.0
27111	147	0.021090691911200495	0.11910926422809845	0.738001	1.0
27122	0	0.0011738153533042508	0.0059272919922309245	0.984001	1.0
27126	0	0.032864631762638305	0.19776987163963472	0.615001	1.0
27130	0	7.730390801526099e-05	0.00038789331669463595	0.999001	1.0
27132	0	0.041059270638934255	0.257946477612102	0.6730010000000001	1.0
27135	1835	0.057841433872356636	0.39568407943511774	0.403001	1.0
27147	0	0.08617362206446888	0.6748120371793584	0.214001	1.0
27160	0	0.03318449676863791	0.20003398559804997	0.629001	1.0
27164	0	0.08394496602976773	0.6506533143811516	0.214001	1.0
27170	0	0.043055849429247534	0.2733008387565194	0.5380010000000001	1.0
27179	3682	0.010084826951590544	0.053575832321517684	0.886001	1.0
27196	182	0.07587650352695005	0.5663823907289957	0.280001	1.0
27205	2401	0.031578683317153675	0.18873622820521152	0.639001	1.0
27206	3776	0.0	-0.0	1.0	1.0
27222	3595	0.016798642053092644	0.09265360475302502	0.7950010000000001	1.0
27225	0	0.061618758188321784	0.4294530561544926	0.35600099999999996	1.0
27243	1631	0.020692903706854775	0.11660829419762962	0.778001	1.0
27258	1644	0.06259516231228426	0.43835086965581305	0.375001	1.0
27260	918	0.035588474961366134	0.21726917868705323	0.632001	1.0
27261	182	0.06154270507784688	0.42876291795672217	0.40900099999999995	1.0
27275	2692	0.08239425709972956	0.634069859287539	0.238001	1.0
27278	3131	0.06591771664128246	0.46915219704197186	0.34900099999999995	1.0
27279	4652	0.12250079267812192	1.1243119634094052	0.069001	1.0
27285	2491	0.009058025773566632	0.04784301981011059	0.893001	1.0
27289	1337	0.08545094422510793	0.6669360570132374	0.231001	1.0
27293	0	0.06226755147715407	0.4353576416262143	0.391001	1.0
27298	0	0.0017793459240285948	0.009016336183515298	0.980001	1.0
27300	1970	0.007311924908303362	0.038240571510178414	0.9320010000000001	1.0
27321	3763	0.060400698392203175	0.4184505349376094	0.403001	1.0
27334	4377	0.0	-0.0	1.0	1.0
27346	0	0.0011561870634395933	0.005837683664546341	0.992001	1.0
27349	0	0.05228710837979306	0.34789603971722627	0.438001	1.0
27370	1470	0.10438451430364763	0.8868323893009369	0.142001	1.0
27376	1065	0.029568307993051088	0.17483320349202977	0.650001	1.0
27401	4067	0.06918205874779333	0.5002071736123684	0.386001	1.0
27413	1604	0.039564354141873745	0.2466290831021094	0.570001	1.0
27438	0	0.06110486261278276	0.4247979510738537	0.36900099999999997	1.0
27441	0	0.029728259226816812	0.17592959571028888	0.696001	1.0
27443	0	0.0	-0.0	1.0	1.0
27461	1442	0.0262773097495822	0.15264745294745358	0.708001	1.0
27464	0	0.05778222900485319	0.3951630180886732	0.41500099999999995	1.0
27466	1695	0.04583081201214471	0.29509846614247115	0.502001	1.0
27475	0	0.021014187297485835	0.11862748237138325	0.764001	1.0
27478	1035	0.08380590856440008	0.6491586526706884	0.28400099999999995	1.0
27479	1269	0.003488700138039383	0.017852251043091533	0.949001	1.0
27483	0	0.04757360667065437	0.3090620901190214	0.502001	1.0
27490	3883	0.006509802780229834	0.03389084664954757	0.9180010000000001	1.0
27491	0	0.018815028161702434	0.10493742850525174	0.8070010000000001	1.0
27506	4470	0.04629837427423575	0.29882386539173433	0.518001	1.0
27507	0	0.13315916865405447	1.2768035725734879	0.034001	0.9848596534391535
27512	3339	0.06788229604333892	0.48774736718198297	0.34500099999999995	1.0
27515	0	0.015228093950450447	0.08326230988941206	0.820001	1.0
27516	0	0.028323793463220948	0.16636010764281856	0.688001	1.0
27538	349	0.0326555768801488	0.196293795164162	0.642001	1.0
27547	0	0.012936482530075176	0.0698342861629326	0.887001	1.0
27551	3172	0.0	-0.0	1.0	1.0
27567	2737	0.0	-0.0	1.0	1.0
27571	0	0.08471900442957817	0.6590003693115958	0.240001	1.0
27576	2180	0.043965580526977244	0.28038809425493	0.5310010000000001	1.0
27584	1606	0.029041854326011217	0.17123649947967134	0.6680010000000001	1.0
27589	0	0.03840592852323978	0.2379640005551049	0.5560010000000001	1.0
27597	0	0.05284411127220542	0.3525889226213256	0.47600099999999995	1.0
27609	0	0.03103179766052116	0.18492769807188608	0.6620010000000001	1.0
27628	0	0.06528722880490564	0.4632449330601859	0.339001	1.0
27630	425	0.12478841096645633	1.156233213882296	0.072001	1.0
27636	0	0.15743624374405507	1.6606711078019962	0.027001	0.9234426174698795
27642	4345	0.08605573161310882	0.6735244643388318	0.28400099999999995	1.0
27648	4551	0.09730484685665243	0.8012828229636069	0.219001	1.0
27650	3041	0.005122235736246563	0.026457153206919506	0.940001	1.0
27655	3196	0.015080832456205156	0.08238962397436321	0.830001	1.0
27665	4061	0.06908885731851647	0.49930954469769606	0.315001	1.0
27676	1173	0.05202642981377223	0.3457073310684881	0.43300099999999997	1.0
27678	0	0.021521627421955833	0.12183001919251087	0.762001	1.0
27682	874	0.025345343529929704	0.14649313584485132	0.714001	1.0
27688	0	0.04369642201229647	0.27828525734626514	0.5440010000000001	1.0
27689	0	0.06225324819324259	0.4352271378893375	0.376001	1.0
27695	1052	0.03190375309900047	0.19100942524910255	0.6680010000000001	1.0
27696	0	0.07995964553174303	0.6084066712583399	0.238001	1.0
27701	0	0.11583614400345053	1.03380430097805	0.094001	1.0
27723	1068	0.0	-0.0	1.0	1.0
27728	0	0.03176849962212048	0.19006275213741422	0.6670010000000001	1.0
27729	1182	0.06089293771590418	0.4228838401807955	0.379001	1.0
27739	2931	0.0	-0.0	1.0	1.0
27741	0	0.05347157150202228	0.3579018605096877	0.43500099999999997	1.0
27742	1681	0.04075515639161108	0.2556317653978928	0.5420010000000001	1.0
27747	0	0.0787724122229207	0.5960566178260197	0.265001	1.0
27751	2635	0.015272934134181158	0.08352830502122786	0.820001	1.0
27755	1970	0.03292119689357303	0.1981697624160086	0.631001	1.0
27762	0	0.009561747957012088	0.0506473984922127	0.9250010000000001	1.0
27782	0	0.037684536065871174	0.232614044982199	0.6710010000000001	1.0
27783	1459	0.1130536081976135	0.997105600986975	0.065001	1.0
27786	2261	0.07213170913566563	0.5289502813574076	0.30200099999999996	1.0
27800	2897	0.06577900418775337	0.467850035700425	0.329001	1.0
27807	0	0.0	-0.0	1.0	1.0
27820	0	0.0035011141205084843	0.017917048967685097	0.955001	1.0
27821	2399	0.1186781658193853	1.0719480314071061	0.008001	0.6394375839416058
27824	0	0.0	-0.0	1.0	1.0
27826	0	0.0	-0.0	1.0	1.0
27828	4654	0.0	-0.0	1.0	1.0
27833	4655	0.058030921025161386	0.3973534543930698	0.40900099999999995	1.0
27841	0	0.07134193878283562	0.5211905397177021	0.28700099999999995	1.0
27842	0	0.056629685486177514	0.3850698332538664	0.40700099999999995	1.0
27845	742	0.0932950442058345	0.7546011775617758	0.188001	1.0
27849	754	0.012163415183064002	0.06537750010794642	0.863001	1.0
27850	0	0.08073884875420766	0.616570797547061	0.259001	1.0
27889	0	0.0037758519281655967	0.01935343856342424	0.956001	1.0
27890	3107	0.010124607064575736	0.053799219655412754	0.890001	1.0
27894	0	0.06674878336310949	0.4769835802235638	0.325001	1.0
27900	1628	0.09173346090205878	0.736764989096602	0.193001	1.0
27905	1641	0.0034261990240028115	0.01752614862808063	0.954001	1.0
27911	0	0.04548808750119412	0.29237740605634915	0.510001	1.0
27916	0	0.04432986665349829	0.2832421144157059	0.520001	1.0
27922	0	0.0	-0.0	1.0	1.0
27926	0	0.0416148959267679	0.2621919011782075	0.5520010000000001	1.0
27931	0	0.061331338347551265	0.42684710138729365	0.36600099999999997	1.0
27944	1733	0.07158706234217056	0.5235939551735231	0.29500099999999996	1.0
27963	0	0.0	-0.0	1.0	1.0
27966	1767	0.07933581194779038	0.6019038997715066	0.247001	1.0
27976	4506	0.006913522026474037	0.03607530530148998	0.9150010000000001	1.0
27984	0	0.03266034039466283	0.19632739655627557	0.624001	1.0
28002	0	0.04100965635427664	0.25756841453044016	0.579001	1.0
28005	0	0.0	-0.0	1.0	1.0
28018	0	0.07507926576966865	0.5583247728928309	0.328001	1.0
28019	3807	0.04427121758665609	0.2827820042525666	0.5320010000000001	1.0
28026	1567	0.03205997844409936	0.19210439811897642	0.727001	1.0
28029	0	0.0	-0.0	1.0	1.0
28032	526	0.07616323590168159	0.5692921311627624	0.256001	1.0
28038	1176	0.014356567824372331	0.07811716329684386	0.839001	1.0
28041	0	0.06326616854612226	0.4445060527527127	0.35700099999999996	1.0
28061	0	0.05912238133974319	0.40701970290224376	0.401001	1.0
28065	2424	0.03876777152930824	0.24066079476877492	0.579001	1.0
28070	0	0.008436836432657727	0.044405804976913425	0.9370010000000001	1.0
28077	2410	0.10523556729961314	0.8973876567956917	0.141001	1.0
28079	918	0.11549310013716692	1.0292454112785827	0.084001	1.0
28083	4237	0.035048022727422856	0.21336066260396783	0.648001	1.0
28108	1617	0.01855157714324693	0.10331794993712869	0.8090010000000001	1.0
28126	917	0.06839363620797578	0.49263420860832896	0.320001	1.0
28133	0	0.06575970355070164	0.46766896371907674	0.404001	1.0
28139	3578	0.08322376044097726	0.6429176147288823	0.238001	1.0
28143	0	0.03269124592746894	0.19654543804724003	0.636001	1.0
28156	0	0.06575436754882974	0.46761890802145534	0.325001	1.0
28157	0	0.025283598218120304	0.14608738618864966	0.699001	1.0
28203	521	0.028219687512107315	0.1656559258870355	0.6830010000000001	1.0
28214	0	0.04765665145244539	0.3097327597861489	0.49300099999999997	1.0
28217	0	0.1108037851489048	0.96789818184658	0.073001	1.0
28221	0	0.009323772624910685	0.04932059968329009	0.889001	1.0
28238	3992	0.06807751211604506	0.489610742996443	0.319001	1.0
28256	0	0.03221165874738046	0.19316906705568795	0.642001	1.0
28262	0	0.006721730193760444	0.035036334605389234	0.9090010000000001	1.0
28264	0	0.027637799648259274	0.16173305632177862	0.6830010000000001	1.0
28303	0	0.06199629395206915	0.4328852229146021	0.341001	1.0
28313	1202	0.05482800834269687	0.3694832701658329	0.399001	1.0
28316	4008	0.04477116862103068	0.2867118372019582	0.517001	1.0
28317	1862	0.0	-0.0	1.0	1.0
28328	986	0.06899037994619653	0.49836180512978645	0.332001	1.0
28330	3843	0.027569251600428446	0.16127238970002664	0.6730010000000001	1.0
28332	1223	0.03462356496726239	0.21030476823201524	0.617001	1.0
28335	2093	0.01600437961985652	0.08788497064607241	0.8090010000000001	1.0
28354	0	0.02218513955370071	0.1260423597019513	0.746001	1.0
28384	0	0.037684536065871174	0.232614044982199	0.6710010000000001	1.0
28400	0	0.1910787514233397	2.2800908217959783	0.006001	0.6394375839416058
28402	0	0.0800385898095326	0.6092316976087231	0.249001	1.0
28403	0	0.057563027890432744	0.39323603317974104	0.40900099999999995	1.0
28409	1944	0.06314421303997998	0.4433848958193116	0.34800099999999995	1.0
28416	0	0.0	-0.0	1.0	1.0
28420	0	0.110644422537749	0.9658450472352442	0.103001	1.0
28428	0	0.00956174795701209	0.05064739849221275	0.9290010000000001	1.0
28435	0	0.1186781658193853	1.0719480314071061	0.008001	0.6394375839416058
28437	913	0.1461275306960838	1.4754501120452455	0.037001	0.9905231026894865
28453	4656	0.029171633665786692	0.172121451885917	0.691001	1.0
28460	529	0.04602811359797882	0.29666864989995373	0.47100099999999995	1.0
28461	3944	0.10685992899603883	0.9176966536384095	0.099001	1.0
28474	4513	0.08295630279747129	0.6400590370793655	0.230001	1.0
28489	917	0.0	-0.0	1.0	1.0
28490	0	0.019453330803840763	0.108879367020294	0.751001	1.0
28493	19	0.03605836593780645	0.2206833736080867	0.585001	1.0
28498	0	0.03145160350532356	0.18784947183642312	0.6740010000000001	1.0
28500	3194	0.02289214175357218	0.1305618158226519	0.759001	1.0
28506	3483	0.09812073231724203	0.810937473778384	0.148001	1.0
28510	0	0.03256451883077052	0.19565177061826158	0.649001	1.0
28511	0	0.042664157825301585	0.2702669654453239	0.5470010000000001	1.0
28513	0	0.010769152696914936	0.05743212363125206	0.870001	1.0
28522	4658	0.050038868155816554	0.32917764127577914	0.48700099999999996	1.0
28552	0	0.0016621516826066454	0.00841681293631705	0.979001	1.0
28564	0	0.0	-0.0	1.0	1.0
28567	0	0.036419443445508924	0.2233170487420571	0.620001	1.0
28606	0	0.13123660185318672	1.2485852806583697	0.056001	1.0
28614	0	0.023355399046860265	0.13354054782924146	0.748001	1.0
28635	3524	0.057791441486259955	0.3952440804117814	0.385001	1.0
28642	0	0.018969237647476704	0.1058874138950913	0.772001	1.0
28651	4136	0.0019643000048799523	0.009964127419080648	0.980001	1.0
28672	0	0.005448554862782496	0.02819504679490772	0.940001	1.0
28679	0	0.0	-0.0	1.0	1.0
28691	0	0.030007522191336643	0.1778478570022023	0.6560010000000001	1.0
28692	0	0.18231971808556452	2.1087517111705263	0.007001	0.6394375839416058
28702	3281	0.12980970864982438	1.2278456552815016	0.059001	1.0
28707	0	0.027738279808512168	0.16240887307523974	0.708001	1.0
28715	3682	0.03814769147838836	0.23604481644421452	0.577001	1.0
28727	2904	0.000604484822734376	0.003042406357112239	0.992001	1.0
28730	994	0.008826285403386376	0.046558008076893656	0.903001	1.0
28735	4660	0.0	-0.0	1.0	1.0
28749	3107	0.03176606313416257	0.19004570968340628	0.655001	1.0
28760	0	0.01722939273948711	0.09525628032629034	0.8060010000000001	1.0
28766	3172	0.07706374875319716	0.5784709900635707	0.259001	1.0
28770	0	0.0	-0.0	1.0	1.0
28771	1604	0.05522812060604628	0.37292459311796544	0.42800099999999996	1.0
28785	3883	0.05883273617309255	0.404446131807099	0.40700099999999995	1.0
28792	0	0.036312851851476105	0.22253866190870583	0.597001	1.0
28796	0	0.034673866533239964	0.21066628412465274	0.616001	1.0
28805	1668	0.0	-0.0	1.0	1.0
28810	1621	0.07105449734620864	0.5183779295244246	0.29500099999999996	1.0
28813	2455	0.051259041664680816	0.3392921658590552	0.42900099999999997	1.0
28817	499	0.050361797983318676	0.3318443058430451	0.48600099999999996	1.0
28829	297	0.1186781658193853	1.0719480314071061	0.008001	0.6394375839416058
28832	0	0.032900272195419036	0.1980218090803678	0.618001	1.0
28840	0	0.00011205509136038953	0.0005623796139802228	0.997001	1.0
28841	3682	0.0	-0.0	1.0	1.0
28853	2044	0.10794902091003127	0.9314331678473154	0.107001	1.0
28880	3177	0.053391840346646596	0.3572251922886104	0.443001	1.0
28885	0	0.07422988197711626	0.5497929510243751	0.278001	1.0
28893	4661	0.04336984668134754	0.2757405700740277	0.5330010000000001	1.0
28899	2146	0.13331712733573187	1.279136017459639	0.036001	0.9905231026894865
28907	3763	0.0433178168042339	0.27533583187972716	0.528001	1.0
28915	0	0.1014153795001258	0.8504646136536418	0.124001	1.0
28929	0	0.05181790244742094	0.34395996580958715	0.463001	1.0
28936	349	0.055135816715357826	0.37212968006116054	0.41900099999999996	1.0
28942	4057	0.07795081966651461	0.5875730315651535	0.271001	1.0
28958	0	0.05864741144531327	0.4028026600797384	0.403001	1.0
28967	1734	0.045521869238013296	0.292645252979345	0.514001	1.0
28977	1278	0.04028457684787673	0.252062513399086	0.564001	1.0
28978	0	0.029274707875011997	0.17282509382175365	0.689001	1.0
28989	2350	0.11939592156413209	1.0816872828422819	0.089001	1.0
29007	4603	0.0	-0.0	1.0	1.0
29017	0	0.12582980399109767	1.1709103682455673	0.068001	1.0
29030	0	0.023073280335336538	0.13172489033877743	0.755001	1.0
29034	2574	0.011767921784966844	0.06311164332671652	0.869001	1.0
29042	0	0.040490879696854026	0.25362541385555826	0.5450010000000001	1.0
29062	0	0.04452719674182921	0.28479194693885546	0.5510010000000001	1.0
29063	2015	0.004272518748504341	0.021961432475003963	0.951001	1.0
29071	441	0.044931183185760414	0.28797328392380783	0.510001	1.0
29077	0	0.017277230403794495	0.09554604207928104	0.8040010000000001	1.0
29078	2709	0.023063114382849994	0.13165955985699093	0.754001	1.0
29083	3972	0.0	-0.0	1.0	1.0
29088	965	0.010983724037869375	0.058647147071342984	0.882001	1.0
29101	1328	0.025171538252294547	0.14535163266447423	0.731001	1.0
29113	0	0.056939147696056396	0.3877704952462202	0.399001	1.0
29122	0	0.061431272064111406	0.4277524892505692	0.36400099999999996	1.0
29124	0	0.0348180251801848	0.2117032884931217	0.626001	1.0
29134	0	0.08758652480132692	0.69032742631744	0.196001	1.0
29162	0	0.0	-0.0	1.0	1.0
29170	1089	0.00626076837046715	0.03254822412369817	0.9150010000000001	1.0
29175	0	0.04492561384520861	0.2879293491530671	0.512001	1.0
29185	913	0.019652996143654816	0.11011772515295813	0.764001	1.0
29191	2636	0.09135200379278785	0.7324371809453298	0.166001	1.0
29195	1913	0.05760180468842742	0.3935766655403692	0.393001	1.0
29204	1328	0.03550753962188035	0.21668260895095615	0.606001	1.0
29222	1657	0.0183910832506034	0.10233351270381995	0.8050010000000001	1.0
29224	2636	0.029597162409827616	0.17503086267021323	0.6730010000000001	1.0
29241	1402	0.03015795344147954	0.17888330306030545	0.705001	1.0
29261	1604	0.029449881799965487	0.17402253199377912	0.6670010000000001	1.0
29265	0	0.010917953640702697	0.05827441953609933	0.863001	1.0
29269	0	0.02356195024636877	0.13487311399765609	0.734001	1.0
29279	0	0.09012179074403362	0.7185576148518201	0.196001	1.0
29283	1674	0.05374991183794526	0.3602676517483636	0.444001	1.0
29288	184	0.06447809582267133	0.45570677925888736	0.34600099999999995	1.0
29307	4494	0.07036846718864212	0.511690099394603	0.29900099999999996	1.0
29308	0	0.05034113683954065	0.3316734714758688	0.47200099999999995	1.0
29316	0	0.05386069331237863	0.3612107908784661	0.440001	1.0
29318	0	0.10903258471126748	0.9451956934777742	0.108001	1.0
29319	4562	0.004209110419251892	0.02162766383395448	0.960001	1.0
29322	0	0.01352254112090569	0.0732374731309646	0.851001	1.0
29346	0	0.09803156252779223	0.8098797174625615	0.148001	1.0
29351	4652	0.029845175801170593	0.17673207162287569	0.6770010000000001	1.0
29356	1059	0.0	-0.0	1.0	1.0
29360	0	0.07727911616244079	0.580675331603139	0.263001	1.0
29372	1275	0.17751843678695284	2.017875035881183	0.007001	0.6394375839416058
29378	3682	0.12573392008597706	1.169555186161378	0.061001	1.0
29391	0	0.06182808355269993	0.431354742198288	0.34600099999999995	1.0
29396	2991	0.007923256812407159	0.04158161174613614	0.9110010000000001	1.0
29420	2158	0.08418647629568762	0.6532527391826106	0.216001	1.0
29424	3682	0.034309801492808094	0.20805358880183056	0.734001	1.0
29433	0	0.06334143135264036	0.4451984998052858	0.401001	1.0
29436	1856	0.1727938301141369	1.9305309367427896	0.010001	0.6974582738853503
29444	0	0.04256088222554736	0.2694687994870408	0.516001	1.0
29448	1202	0.060961686569599945	0.42350442316958936	0.384001	1.0
29454	0	0.05288108829037393	0.35290124363227365	0.448001	1.0
29475	1744	0.006180157186574144	0.032114417813902424	0.9200010000000001	1.0
29488	3175	0.10348533190665393	0.8757437207055798	0.127001	1.0
29494	3442	0.042251163654642404	0.267079543369376	0.530001	1.0
29520	2987	0.0013287270794578709	0.0067155199550665125	0.984001	1.0
29524	916	0.033744582440894046	0.20401491201128794	0.616001	1.0
29525	0	0.06853721448080483	0.4940098669801568	0.337001	1.0
29531	529	0.0073521609532613275	0.03845977844161044	0.9190010000000001	1.0
29532	4259	0.029114534576145972	0.17173196245049274	0.6820010000000001	1.0
29550	0	0.10286118913993078	0.8680851422447493	0.153001	1.0
29559	3346	0.007126465394229516	0.037231439687278885	0.9300010000000001	1.0
29560	0	0.15485104480657919	1.6173307867128783	0.023001	0.9234426174698795
29572	572	0.06849102867287893	0.49356718242629866	0.316001	1.0
29584	935	0.04363262648411258	0.277787580812914	0.5340010000000001	1.0
29585	0	0.011380524642915453	0.06090146199637296	0.851001	1.0
29586	1040	0.023334994273948743	0.13340905528496558	0.726001	1.0
29588	0	0.06520720611799748	0.4624972674838179	0.35000099999999995	1.0
29599	0	0.0011851489874596145	0.005984912815797344	0.988001	1.0
29606	0	0.03121669949541243	0.18621314282617538	0.650001	1.0
29610	0	0.07095059583150301	0.5173627754898305	0.312001	1.0
29634	0	0.05678891375616661	0.38645855015286656	0.403001	1.0
29637	0	0.06098550111340973	0.42371947282656963	0.390001	1.0
29639	3215	0.04526347245628555	0.2905985075057795	0.510001	1.0
29650	0	0.0034609985887912136	0.017707688540866528	0.963001	1.0
29652	0	0.01079046206785917	0.05755266362542456	0.890001	1.0
29654	3682	0.11210287250229542	0.9847124194153931	0.102001	1.0
29665	0	0.0	-0.0	1.0	1.0
29670	918	0.09685107253533778	0.7959360739398206	0.143001	1.0
29674	2806	0.0061870133839489975	0.03215129910513605	0.944001	1.0
29676	0	0.03348119096248551	0.20214019183172505	0.608001	1.0
29697	2008	0.0978020490311142	0.8071600787886751	0.177001	1.0
29708	0	0.0	-0.0	1.0	1.0
29715	0	0.031611916577465524	0.18896830489518057	0.641001	1.0
29718	0	0.08839131880428981	0.6992344706737759	0.20300100000000001	1.0
29719	0	0.05298535377515921	0.3537824307701146	0.445001	1.0
29720	0	0.03885488878834414	0.2413114045544804	0.5480010000000001	1.0
29731	1802	0.046829423115635566	0.3030735963194026	0.502001	1.0
29748	0	0.03686896317005897	0.2266081129360452	0.576001	1.0
29751	0	0.015549529649926848	0.08517185556760169	0.830001	1.0
29758	2949	0.016557181666504123	0.09119973938912716	0.820001	1.0
29759	0	0.00799126439561737	0.04195467502976097	0.890001	1.0
29767	1342	0.03524366619041444	0.21477327607007862	0.594001	1.0
29769	4666	0.029163409459117606	0.17206533897349147	0.649001	1.0
29776	0	0.01862991062883721	0.10379902174056764	0.7850010000000001	1.0
29787	0	0.016981772736311698	0.09375869335760928	0.815001	1.0
29789	0	0.08534353762452528	0.665768959072368	0.214001	1.0
29792	0	0.07707940929697249	0.5786311610614212	0.262001	1.0
29794	0	0.06661318889230937	0.47570234998114513	0.337001	1.0
29797	0	0.056358318371015154	0.38270729375565327	0.394001	1.0
29800	4279	0.028356947405622092	0.16658451295443238	0.6850010000000001	1.0
29820	4412	0.0	-0.0	1.0	1.0
29821	2569	0.025510300468643908	0.1475783366576619	0.695001	1.0
29824	0	0.039116805561437124	0.24327056473779798	0.5520010000000001	1.0
29829	0	0.015483711725378218	0.08478032887573313	0.832001	1.0
29833	0	0.005543880971949194	0.028703925018488466	0.943001	1.0
29855	0	0.045455117935733126	0.2921160751645137	0.506001	1.0
29862	0	0.0	-0.0	1.0	1.0
29871	0	0.04158279333216585	0.2619460347793879	0.5620010000000001	1.0
29873	988	0.04082091711683898	0.25613175464225457	0.565001	1.0
29874	0	0.009561747957012088	0.0506473984922127	0.9250010000000001	1.0
29876	0	0.05597125365646759	0.37934664041774785	0.42900099999999997	1.0
29877	4514	0.03612285076594535	0.22115307670088055	0.606001	1.0
29883	3094	0.08493082008875441	0.6612926111880799	0.28700099999999995	1.0
29896	0	0.05340922448107108	0.35737269062148674	0.464001	1.0
29898	147	0.06734012722650694	0.48258708225403435	0.30400099999999997	1.0
29903	0	0.10509489246930043	0.8956388850905417	0.132001	1.0
29906	0	0.03543186268006329	0.21613454754837247	0.595001	1.0
29907	3918	0.027927883665536918	0.16368592347971314	0.6840010000000001	1.0
29910	1682	0.04347281233235298	0.27654208671731534	0.5390010000000001	1.0
29926	2621	0.06479032534337976	0.45860990585716827	0.337001	1.0
29962	3788	0.11553464735179769	1.0297970366605715	0.079001	1.0
29965	0	0.024156710718805492	0.13872556052814408	0.720001	1.0
29966	3990	0.009566535773583629	0.05067412754472046	0.895001	1.0
29977	0	0.03402117474233708	0.205988583821611	0.620001	1.0
29980	0	0.12135876045300278	1.108540200818759	0.091001	1.0
29982	0	0.10956395593469659	0.9519796896082611	0.107001	1.0
29983	1068	0.0936278005017048	0.7584267000997633	0.180001	1.0
29986	3228	0.08600884012831779	0.6730126258251801	0.226001	1.0
30002	2746	0.052906388779496036	0.3531149965833204	0.437001	1.0
30004	638	0.07392517808749528	0.5467455479966321	0.28400099999999995	1.0
30018	0	0.041637699120427155	0.26236658859710715	0.5560010000000001	1.0
30020	0	0.03552189877245509	0.21678664311202875	0.626001	1.0
30036	2579	0.04895767211764205	0.32030292615227773	0.502001	1.0
30041	3190	0.07583703614148224	0.5659823658123921	0.264001	1.0
30047	0	0.08493082008875444	0.6612926111880801	0.316001	1.0
30050	4081	0.044239740450820506	0.2825351599730521	0.522001	1.0
30062	0	0.03411999113343901	0.2066949462659155	0.624001	1.0
30063	0	0.02433175407118105	0.13986371462880864	0.746001	1.0
30064	1484	0.09929174750074182	0.8248872072788976	0.149001	1.0
30068	0	0.0	-0.0	1.0	1.0
30070	1192	0.04016577412195233	0.2511638133907882	0.564001	1.0
30072	0	0.07949442863301098	0.6035544838512872	0.231001	1.0
30073	4667	0.018327984933792688	0.101946925053614	0.777001	1.0
30080	0	0.07340124333752257	0.5415219247823512	0.275001	1.0
30086	0	0.0	-0.0	1.0	1.0
30121	38	0.07542015536686453	0.5617642344744829	0.273001	1.0
30136	0	0.014217536431844181	0.07730073444040157	0.829001	1.0
30141	0	0.054401608109033196	0.3658284547586181	0.442001	1.0
30142	3654	0.059278240471190256	0.40840706545638455	0.36900099999999997	1.0
30144	3919	0.0587236245272848	0.4034782217979726	0.42700099999999996	1.0
30150	0	0.0	-0.0	1.0	1.0
30160	226	0.05792375741825671	0.39640902845571885	0.390001	1.0
30161	1361	0.035000352648417166	0.21301685775977727	0.601001	1.0
30168	1990	0.046828745220978366	0.3030681589031143	0.527001	1.0
30170	0	0.028216367540276066	0.16563348099424013	0.6810010000000001	1.0
30171	1040	0.0	-0.0	1.0	1.0
30193	2061	0.004974768637881544	0.02567385648147857	0.942001	1.0
30200	4668	0.008755609471611938	0.04616675276303105	0.888001	1.0
30211	0	0.04968186077445529	0.32623813454747225	0.47400099999999995	1.0
30226	0	0.0010017807815743546	0.00505357749927476	0.980001	1.0
30247	0	0.06718468826447195	0.4811116539042417	0.314001	1.0
30252	2903	0.04138706687224312	0.2604485417020942	0.5540010000000001	1.0
30258	0	0.06430661227491928	0.4541153653167236	0.35000099999999995	1.0
30267	0	0.060154182719495006	0.4162369365136865	0.36900099999999997	1.0
30272	1890	0.17285651107386835	1.9316762846286772	0.011000999999999999	0.7212571796407184
30275	0	0.004961007163804057	0.025600825930160317	0.941001	1.0
30278	0	0.01732611767965222	0.09584230987200462	0.7970010000000001	1.0
30288	0	0.0488740897044948	0.3196202874516312	0.464001	1.0
30315	0	0.04384642569327477	0.27945656291611237	0.517001	1.0
30335	0	0.11150017450842864	0.9768944391699383	0.127001	1.0
30346	0	0.18275233298297566	2.117045388809337	0.005001	0.6394375839416058
30355	0	0.0	-0.0	1.0	1.0
30356	3337	0.049373293433726144	0.32370470629152986	0.467001	1.0
30363	3068	0.03496674650816947	0.21277457619105766	0.625001	1.0
30376	3870	0.11945994834351752	1.0825581460518046	0.073001	1.0
30384	0	0.021578275879006494	0.12218855627710257	0.769001	1.0
30405	0	0.052739395075292496	0.351704980166309	0.47500099999999995	1.0
30410	1342	0.09145075472682453	0.7335564600106641	0.186001	1.0
30412	2637	0.08041594303814283	0.6131819044756983	0.245001	1.0
30432	884	0.06482323422361416	0.4589163120780365	0.389001	1.0
30434	0	0.008656779386264902	0.045620144871264263	0.890001	1.0
30444	0	0.033297641220875626	0.20083649496478054	0.619001	1.0
30452	0	0.005362716287244055	0.027737278412308646	0.9320010000000001	1.0
30454	2932	0.003322201740044474	0.016984048142395076	0.974001	1.0
30457	0	0.06036073054799327	0.4180913419320124	0.393001	1.0
30462	0	0.11277061652422715	0.9934089448688319	0.10100100000000001	1.0
30465	4057	0.0	-0.0	1.0	1.0
30474	0	0.06871731705110791	0.49573763942096394	0.29500099999999996	1.0
30477	4551	0.024014216840025363	0.13780050691689205	0.737001	1.0
30483	0	0.04888161809754961	0.3196817536177435	0.48400099999999996	1.0
30508	0	0.09336480296425786	0.7554024335533297	0.172001	1.0
30511	0	0.0006308009238018449	0.0031753385559126685	0.994001	1.0
30514	0	0.029810155395390628	0.17649160885365575	0.754001	1.0
30518	172	0.002904308635060082	0.014812140153421926	0.969001	1.0
30550	0	0.023553280184219063	0.13481712384527503	0.714001	1.0
30570	349	0.0020116678086245536	0.010207184004653085	0.980001	1.0
30573	4670	0.041847315833208616	0.2639740636477714	0.590001	1.0
30582	0	0.020949029932095072	0.11821745299709994	0.760001	1.0
30583	0	0.05534935446534165	0.3739695757822556	0.43100099999999997	1.0
30600	914	0.0	-0.0	1.0	1.0
30606	4364	0.00155920966458227	0.007890860734677964	0.993001	1.0
30610	0	0.023337392755009484	0.13342451020041698	0.752001	1.0
30611	0	0.0	-0.0	1.0	1.0
30613	1981	0.01160358145672899	0.062172925586607135	0.874001	1.0
30614	1329	0.023265057258486727	0.1329585699533417	0.725001	1.0
30615	0	0.030905852955721815	0.18405342178626283	0.652001	1.0
30639	0	0.04907412567684268	0.32125485069950577	0.48000099999999996	1.0
30640	754	0.08663689306700137	0.6798822252062158	0.210001	1.0
30648	3431	0.0	-0.0	1.0	1.0
30652	0	0.0	-0.0	1.0	1.0
30653	0	0.007507592985038562	0.03930748901184443	0.9100010000000001	1.0
30656	3491	0.12396094670988887	1.1446361457312753	0.065001	1.0
30659	1780	0.011602441261304802	0.06216641852701281	0.884001	1.0
30660	0	0.02290840846518193	0.1306661768039099	0.726001	1.0
30661	0	0.02191541565820108	0.12432660829665837	0.733001	1.0
30678	0	0.031627541484748736	0.1890774431023802	0.641001	1.0
30680	0	0.048505466550048386	0.3166155053119003	0.47100099999999995	1.0
30681	0	0.1372557909904463	1.3379859852798395	0.047001	1.0
30686	735	0.05747531779247421	0.3924659493142602	0.403001	1.0
30689	0	0.020089196072129396	0.11283190115548465	0.752001	1.0
30692	0	0.009797794727812607	0.05196683833577197	0.871001	1.0
30693	0	0.03262375439553617	0.19606936106262468	0.621001	1.0
30695	0	0.04430741021051277	0.28306591231200895	0.5430010000000001	1.0
30702	0	0.036680641670531366	0.22522769537538911	0.603001	1.0
30710	0	0.08681000387234404	0.6817810830859076	0.211001	1.0
30716	0	0.038297857575661495	0.23716028018667032	0.566001	1.0
30720	2491	0.023951640291343883	0.13739468105143118	0.739001	1.0
30723	0	0.0	-0.0	1.0	1.0
30737	0	0.09335751950640671	0.7553187570974564	0.205001	1.0
30742	0	0.09168028923488061	0.7361610463280541	0.221001	1.0
30743	0	0.0048075480847419305	0.024787197834109032	0.944001	1.0
30744	0	0.04253278693922128	0.26925179208888794	0.522001	1.0
30756	0	0.0	-0.0	1.0	1.0
30760	2495	0.15821096410530544	1.6737751958938416	0.020001	0.9011973209876544
30782	0	0.009611891275220871	0.05092740371629744	0.902001	1.0
30802	0	0.024841528829599266	0.14318960907731268	0.746001	1.0
30808	1313	0.10151361726574566	0.8516565510111257	0.146001	1.0
30841	4432	0.024722593838912375	0.1424121459688944	0.726001	1.0
30850	0	0.025979608217577308	0.15067542424747404	0.724001	1.0
30863	3094	0.045743570411327525	0.2944050362052758	0.5380010000000001	1.0
30883	0	0.009477520900644423	0.05017740954587777	0.905001	1.0
30890	0	0.004896854955363307	0.025260525923054368	0.952001	1.0
30898	4325	0.0072116595633261935	0.03769474630415382	0.9260010000000001	1.0
30901	0	0.04087745026551763	0.2565618219575888	0.590001	1.0
30904	4230	0.08127921727946506	0.6222598308805635	0.252001	1.0
30914	0	0.024864199054651624	0.14333790531508966	0.732001	1.0
30920	0	0.07037098610570927	0.5117145909894796	0.31100099999999997	1.0
30921	0	0.038541824027758	0.23897577777697224	0.574001	1.0
30923	1276	0.04218418216328861	0.2665636978561217	0.643001	1.0
30940	1052	0.0005624557621771813	0.002830185728706414	0.998001	1.0
30947	0	0.001675923716535326	0.008487224061727394	0.983001	1.0
30951	1797	0.0052771262709895225	0.027281271907984222	0.9360010000000001	1.0
30966	100	0.0	-0.0	1.0	1.0
30972	0	0.10251236788288112	0.8638185713032107	0.149001	1.0
30983	0	0.004833659075049571	0.024925537622688034	0.944001	1.0
30989	0	0.07054363363205289	0.5133943832182456	0.35200099999999995	1.0
30990	4672	0.008403100173178055	0.04421980003304143	0.898001	1.0
30991	4136	0.05007733075400198	0.3294948686758049	0.460001	1.0
31003	4673	0.020924617723330055	0.11806389883457187	0.762001	1.0
31022	0	0.0	-0.0	1.0	1.0
31025	1040	0.07165911104959725	0.5243012421381432	0.324001	1.0
31033	0	0.030688109918892148	0.1825443808489361	0.6690010000000001	1.0
31041	0	0.0198725708021714	0.11148248083515494	0.778001	1.0
31047	1442	0.013060712477142602	0.07055390933504353	0.855001	1.0
31055	874	0.0	-0.0	1.0	1.0
31061	742	0.03266925948567777	0.19639031506591856	0.618001	1.0
31067	0	0.030446303974971063	0.1808722490963217	0.649001	1.0
31076	0	0.0027330215757569824	0.013924879877412501	0.975001	1.0
31081	3856	0.0023893677284815215	0.012149960593375647	0.973001	1.0
31083	0	0.03993435911457988	0.24941601143435946	0.6650010000000001	1.0
31096	0	0.018302434121723048	0.1017904529755144	0.763001	1.0
31101	4674	0.030010504159258072	0.17786836793284863	0.6680010000000001	1.0
31138	3682	0.0413114473301402	0.25987068469499625	0.5490010000000001	1.0
31147	2535	0.0703069702721477	0.5110923078139287	0.406001	1.0
31159	918	0.0948321106154599	0.7723450856013863	0.153001	1.0
31184	1860	0.11393650175971681	1.0086809509545076	0.110001	1.0
31195	0	0.10096827172070194	0.8450495499433712	0.14000100000000001	1.0
31204	0	0.11019323997072747	0.9600435366978677	0.106001	1.0
31211	94	0.0014959365143459614	0.0075678920474248285	0.979001	1.0
31218	0	0.06176096761445123	0.4307446568878086	0.37200099999999997	1.0
31229	0	0.0	-0.0	1.0	1.0
31230	2221	0.009921158731707595	0.05265775684645874	0.894001	1.0
31238	370	0.044434005211997356	0.2840596833794004	0.629001	1.0
31268	2277	0.0	-0.0	1.0	1.0
31272	0	0.09342127744920953	0.7560513861328999	0.188001	1.0
31278	0	0.013726921131274904	0.07442927290606739	0.833001	1.0
31296	0	0.0	-0.0	1.0	1.0
31315	0	0.0	-0.0	1.0	1.0
31318	1109	0.04890351540069775	0.3198605585423182	0.49200099999999997	1.0
31344	1905	0.09325786657807476	0.7541743083805204	0.175001	1.0
31354	0	0.0	-0.0	1.0	1.0
31364	2160	0.010911087804071656	0.05823552536073959	0.845001	1.0
31365	4640	0.00027079731267067204	0.0013603173340433737	0.998001	1.0
31378	0	0.05356461402730052	0.35869207345482446	0.42100099999999996	1.0
31385	3721	0.06109381113773607	0.4246980530491875	0.377001	1.0
31396	3556	0.019466426963699462	0.10896051424357134	0.8110010000000001	1.0
31426	0	0.026208039617477745	0.1521880806773839	0.692001	1.0
31429	3660	0.08047184354508692	0.6137680084844168	0.248001	1.0
31434	1671	0.07467964376944913	0.5543038993988285	0.28500099999999995	1.0
31435	0	0.0909899240174493	0.7283397848012599	0.197001	1.0
31452	2709	0.03676309061210014	0.22583176037210878	0.589001	1.0
31457	0	0.0	-0.0	1.0	1.0
31461	1871	0.041712332888559675	0.26293858197671655	0.5440010000000001	1.0
31470	4630	0.02739826093967858	0.16012461178442605	0.6810010000000001	1.0
31486	0	0.1330162536563463	1.2746951018978838	0.049001	1.0
31487	1153	0.02306068624926445	0.13164395668044387	0.815001	1.0
31509	2856	0.130147232083745	1.2327358714914223	0.062001	1.0
31518	1873	0.10302244858898442	0.8700608799397584	0.124001	1.0
31536	135	0.036169312383272076	0.22149167372290096	0.622001	1.0
31538	0	0.024373010845183778	0.1401322594306557	0.708001	1.0
31561	3426	0.022032195311124637	0.12506888861736887	0.759001	1.0
31566	2942	0.010633650608086388	0.05666628142742678	0.883001	1.0
31580	0	0.00734642162642022	0.0384285045091299	0.9140010000000001	1.0
31588	2459	0.0244372739272126	0.14055077371776845	0.742001	1.0
31594	0	0.044813175277632754	0.28704281728241415	0.527001	1.0
31605	1397	0.11104175781272108	0.9709679501512714	0.106001	1.0
31615	4589	0.006355012147182596	0.033055885930797654	0.9130010000000001	1.0
31622	1442	0.03854069058633371	0.23896733382085228	0.5560010000000001	1.0
31624	1060	0.059120869039226066	0.40700624994973983	0.401001	1.0
31631	3145	0.048663389851987635	0.3179016272377428	0.461001	1.0
31632	0	0.12490558787452762	1.1578801219568955	0.072001	1.0
31641	1930	0.008650607280608583	0.04558602786228528	0.895001	1.0
31654	0	0.022850302033756795	0.13029346626567836	0.753001	1.0
31660	0	0.0	-0.0	1.0	1.0
31683	3673	0.03271317595142091	0.19670019505507647	0.635001	1.0
31687	0	0.0	-0.0	1.0	1.0
31688	2222	0.05264485509874664	0.35090760818783356	0.43300099999999997	1.0
31690	0	0.05218834462863921	0.3470662321733946	0.42800099999999996	1.0
31691	182	0.04746395429680639	0.3081772770928614	0.47600099999999995	1.0
31700	2912	0.042825031791267364	0.2715117450886584	0.5550010000000001	1.0
31703	0	0.03200284133847717	0.191703739923563	0.648001	1.0
31705	0	0.023265057258486727	0.1329585699533417	0.725001	1.0
31716	0	0.021280649236508457	0.1203071190202978	0.737001	1.0
31726	0	0.0789554554706467	0.5979536889288497	0.251001	1.0
31751	4288	0.009284569257450637	0.04910235598612162	0.895001	1.0
31759	3966	0.06688191961736653	0.4782429058071969	0.31000099999999997	1.0
31770	0	0.07941552848255737	0.6027331993752674	0.241001	1.0
31782	3135	0.036622535239678816	0.22480225248032232	0.594001	1.0
31783	0	0.02392254707360364	0.13720608962319425	0.730001	1.0
31794	0	0.05485058837711064	0.3696771735428635	0.41700099999999996	1.0
31795	0	0.05334495504366426	0.3568274941467972	0.450001	1.0
31798	0	0.09973366098612636	0.8301799586541021	0.135001	1.0
31803	0	0.037684536065871174	0.232614044982199	0.6710010000000001	1.0
31804	0	0.053670565950329215	0.3595926777894453	0.43500099999999997	1.0
31807	0	0.12212717508498439	1.1191402017522785	0.08500100000000001	1.0
31811	0	0.14637678969069232	1.4794112089886065	0.026001	0.9234426174698795
31812	0	0.0	-0.0	1.0	1.0
31815	0	0.027097250350150964	0.1581087126906847	0.694001	1.0
31819	4081	0.023770210069121167	0.1362194836613442	0.748001	1.0
31826	1223	0.05362802513860704	0.35923097951104116	0.41300099999999995	1.0
31827	2882	0.0	-0.0	1.0	1.0
31834	754	0.03504917638920646	0.21336898490364442	0.604001	1.0
31845	0	0.08501521878985747	0.662206930020931	0.207001	1.0
31847	1120	0.01914562071152607	0.10697583873286536	0.7870010000000001	1.0
31863	0	0.0003362751108243857	0.0016898754262603373	0.997001	1.0
31900	0	0.09131693759979723	0.7320399121278234	0.167001	1.0
31921	0	0.04656563756139187	0.3009601863074298	0.520001	1.0
31950	0	0.04227372567988922	0.2672533701366498	0.5600010000000001	1.0
31954	1397	0.019952762063246823	0.11198166788743409	0.775001	1.0
31957	0	0.0	-0.0	1.0	1.0
31972	4681	0.03162963395821903	0.189092060022521	0.6560010000000001	1.0
31981	0	0.0729839767054059	0.5373765565014793	0.28600099999999995	1.0
31982	0	0.03257489224516206	0.19572488276159694	0.637001	1.0
32002	0	0.044653573967965834	0.2857859330613481	0.529001	1.0
32005	0	0.16863944117467056	1.8554207423840812	0.007001	0.6394375839416058
32014	1110	0.04419943777774566	0.2822192058639918	0.5430010000000001	1.0
32042	0	0.06059405800372682	0.4201899074608624	0.391001	1.0
32056	0	0.07118877381635907	0.5196910534416495	0.312001	1.0
32057	0	0.04834928068530962	0.3153452551477392	0.466001	1.0
32063	735	0.046548920989956194	0.3008264193133752	0.49400099999999997	1.0
32098	0	0.062308647539828274	0.43573268693332745	0.390001	1.0
32102	1987	0.0346600663045214	0.2105670853877197	0.608001	1.0
32106	349	0.06435077431515748	0.4545249944470884	0.34500099999999995	1.0
32107	0	0.0655290310103813	0.46550699901483145	0.34400099999999995	1.0
32114	0	0.04625057717491918	0.2984423330071653	0.49700099999999997	1.0
32126	0	0.07718389596765592	0.5797002936889439	0.275001	1.0
32132	1604	0.06282009659584008	0.44041053415374765	0.380001	1.0
32141	0	0.0013041834600404038	0.0065905428777300505	0.984001	1.0
32143	0	0.09530647827669586	0.777858901215575	0.163001	1.0
32169	1680	0.1225163477718632	1.1245275364665448	0.077001	1.0
32176	5	0.09221125653666293	0.7422019316257586	0.184001	1.0
32177	0	0.005641143191192827	0.029223696284037076	0.9120010000000001	1.0
32184	1708	0.006997551612616238	0.03653120283853375	0.9170010000000001	1.0
32194	2212	0.0070645609480593265	0.036895061332051865	0.9120010000000001	1.0
32199	1311	0.14930142153138817	1.52629482682146	0.018001	0.8644427587719298
32202	171	0.03805202067530145	0.23533495306267868	0.594001	1.0
32213	0	0.10131168969109527	0.8492073655957402	0.17100100000000001	1.0
32217	0	0.05356570673163002	0.35870135749123877	0.468001	1.0
32221	1202	0.04570807154456931	0.29412302914587685	0.517001	1.0
32227	370	0.023265057258486727	0.1329585699533417	0.725001	1.0
32234	0	0.07606914775627342	0.5683366447938437	0.268001	1.0
32249	4235	0.011215565545043299	0.059963123169733824	0.874001	1.0
32251	1682	0.02384119089835064	0.13667900277789896	0.739001	1.0
32256	0	0.11238384109248305	0.9883672221939661	0.123001	1.0
32260	0	0.1807524509064497	2.078851636720738	0.009000999999999999	0.6796686137931034
32261	3682	0.05334468605148754	0.3568252129094316	0.43200099999999997	1.0
32264	4079	0.08073945186310912	0.6165771346413809	0.269001	1.0
32266	0	0.04310127956766352	0.27365340583713216	0.516001	1.0
32271	0	0.058079896149338034	0.39778534507797064	0.402001	1.0
32282	3145	0.1237103144617048	1.1411348335339995	0.074001	1.0
32283	1225	0.04668382826070608	0.3019065116798329	0.616001	1.0
32300	0	0.0	-0.0	1.0	1.0
32319	1179	0.04512891817553381	0.2895345485993984	0.511001	1.0
32321	1068	0.06420467712526126	0.45317040339997605	0.34700099999999995	1.0
32328	2246	0.04593082315295909	0.2958940452449424	0.523001	1.0
32331	1554	0.00583632349403581	0.030268443723774543	0.9260010000000001	1.0
32336	0	0.009543999196091684	0.05054832421176094	0.879001	1.0
32337	0	0.048971526161511535	0.32041612307900574	0.47200099999999995	1.0
32339	0	0.04519441001928037	0.29005225407004476	0.525001	1.0
32347	4683	0.06102506764824758	0.4240768571235058	0.384001	1.0
32359	3831	0.0038816585337170736	0.0199078066468409	0.948001	1.0
32388	0	0.00307177597131671	0.01568128144469517	0.966001	1.0
32397	0	0.00816117071572466	0.04288793266019296	0.9150010000000001	1.0
32409	0	0.03136470008686995	0.1872436808867972	0.6720010000000001	1.0
32417	0	0.09168028923488061	0.7361610463280541	0.221001	1.0
32418	0	0.07877983363821209	0.5961334841239005	0.261001	1.0
32422	0	0.012812947262073084	0.06911962948379378	0.862001	1.0
32423	94	0.043703806255353014	0.2783428808798792	0.526001	1.0
32426	3282	0.06790562192885194	0.4879698686124694	0.326001	1.0
32437	3346	0.0	-0.0	1.0	1.0
32444	1902	0.034640322020667	0.21042518183598194	0.610001	1.0
32450	0	0.003571082513080935	0.018282436602799743	0.971001	1.0
32452	297	0.16819476937376746	1.8474745111491644	0.008001	0.6394375839416058
32459	3416	0.04979683318742656	0.32718380692892357	0.48900099999999996	1.0
32461	0	0.06244521355383846	0.436979883754574	0.36700099999999997	1.0
32496	0	0.026123213454474183	0.15162597194709726	0.702001	1.0
32500	1611	0.006601211728093012	0.034384591201477945	0.9170010000000001	1.0
32506	1442	0.0370346703750663	0.22782474790847862	0.589001	1.0
32509	0	0.02005994900143252	0.11264953896677617	0.762001	1.0
32511	964	0.0197886124797384	0.11096028102244711	0.765001	1.0
32514	988	0.024737070352346523	0.14250672822274266	0.725001	1.0
32521	0	0.03769399199366472	0.2326839432184452	0.577001	1.0
32523	1186	0.052946644030934416	0.3534551897668208	0.41900099999999996	1.0
32534	182	0.09204972381546622	0.7403618068820647	0.180001	1.0
32540	0	0.04500239360716289	0.2885352302760158	0.525001	1.0
32549	0	0.01856042082870219	0.10337224254551823	0.7880010000000001	1.0
32552	4548	0.0	-0.0	1.0	1.0
32568	0	0.05793498551114204	0.39650794202747414	0.43500099999999997	1.0
32571	1034	0.04859494805996865	0.31734402460863936	0.47400099999999995	1.0
32583	3145	0.020580785976702563	0.11590520839049721	0.7820010000000001	1.0
32584	0	0.041516791101202696	0.26144076118576864	0.525001	1.0
32593	0	0.0412510453506156	0.25940939663197715	0.5540010000000001	1.0
32596	0	0.05311010690288245	0.3548377833560675	0.448001	1.0
32612	2055	0.02611221239265421	0.15155310662279065	0.693001	1.0
32638	3135	0.125203850597508	1.162077381708853	0.073001	1.0
32641	3520	0.08493082008875444	0.6612926111880801	0.316001	1.0
32642	0	0.045261710552550356	0.2905845675037538	0.506001	1.0
32645	297	0.11623475417994972	1.0391138553669974	0.094001	1.0
32658	4083	0.01340812672117122	0.07257141534962956	0.877001	1.0
32664	0	0.04388781064161271	0.2797799917437313	0.5490010000000001	1.0
32670	0	0.008011948397966148	0.04206819469393179	0.884001	1.0
32690	0	0.021216838456827473	0.11990447701906465	0.753001	1.0
32697	1657	0.15182898568259579	1.567419305453245	0.037001	0.9905231026894865
32711	4074	0.005573104011127934	0.028860034338425794	0.9270010000000001	1.0
32715	1905	0.024725689703273004	0.14243237164960496	0.747001	1.0
32729	0	0.0182818658880537	0.10166452388074569	0.7830010000000001	1.0
32735	2918	0.006698092531209568	0.03490843761146702	0.9060010000000001	1.0
32741	0	0.04589337389775643	0.29559605841273795	0.49700099999999997	1.0
32743	3340	0.022325161966385128	0.12693489797680468	0.735001	1.0
32746	425	0.06652287156581813	0.47484969708956815	0.336001	1.0
32747	0	0.0	-0.0	1.0	1.0
32749	0	0.0010617235438148478	0.0053578140227202205	0.986001	1.0
32754	0	0.12105875222370222	1.104415087543361	0.079001	1.0
32756	2639	0.008436836432657725	0.04440580497691337	0.945001	1.0
32772	4685	0.02591075628906527	0.15022015679325715	0.737001	1.0
32776	0	0.01576581651539119	0.08646036738424462	0.840001	1.0
32777	0	0.005244742045337987	0.027108848802804675	0.9340010000000001	1.0
32779	0	0.03263576827695473	0.19615408331280204	0.624001	1.0
32782	3682	0.0005982420499928915	0.003010877746121327	0.991001	1.0
32787	0	0.010007786338403104	0.05314348026176438	0.887001	1.0
32803	0	0.018362153781591693	0.10215623791115053	0.8020010000000001	1.0
32821	0	0.004163180819015901	0.02138604821003174	0.950001	1.0
32822	0	0.029254683446789664	0.17268834123212343	0.6620010000000001	1.0
32832	171	0.10144310574403492	0.850800942968097	0.150001	1.0
32842	917	0.028684312609827334	0.16880418282175655	0.6740010000000001	1.0
32848	0	0.0014080746405516417	0.007119801235894999	0.983001	1.0
32852	0	0.04241172633157249	0.2683173444155999	0.5380010000000001	1.0
32854	0	0.0006952218848046976	0.003500922105781377	0.993001	1.0
32869	0	0.031484662192500595	0.18808005056942093	0.6650010000000001	1.0
32885	0	0.05123119503033298	0.3390601597110607	0.443001	1.0
32886	2946	0.07616617193644894	0.5693219580482263	0.280001	1.0
32890	0	0.037493344612796325	0.2312020573147435	0.607001	1.0
32891	3274	0.059456239250257205	0.4099936548440436	0.383001	1.0
32892	746	0.10906618712590688	0.9456240122624688	0.116001	1.0
32893	0	0.046755341986866546	0.3024795789219756	0.47900099999999995	1.0
32896	0	0.0013974933346677099	0.007065867534221616	0.979001	1.0
32897	0	0.039566346214070826	0.24664406264812933	0.5580010000000001	1.0
32905	0	0.007687201806642095	0.04028886520865853	0.904001	1.0
32915	0	0.0	-0.0	1.0	1.0
32941	0	0.0	-0.0	1.0	1.0
32947	392	0.0	-0.0	1.0	1.0
32948	0	0.07184876101626322	0.5261648548514959	0.29100099999999995	1.0
32962	0	0.05876922165220715	0.40388260100000883	0.41000099999999995	1.0
32997	0	0.07368170484521078	0.5443155522075352	0.391001	1.0
33004	2738	0.010386741444823818	0.05527365638836942	0.884001	1.0
33005	0	0.060313889953823405	0.4176705309557115	0.41700099999999996	1.0
33014	0	0.037684536065871174	0.232614044982199	0.6710010000000001	1.0
33023	734	0.20399678584967476	2.5460789431771653	0.004001	0.6394375839416058
33027	0	0.06685480580720797	0.47798633204090607	0.314001	1.0
33070	0	0.0	-0.0	1.0	1.0
33072	3387	0.1148777317656505	1.0210918051030302	0.094001	1.0
33080	0	0.0026651751372432668	0.013573914414111831	0.970001	1.0
33097	0	0.030053519649622926	0.1781643075195192	0.695001	1.0
33098	1618	0.023265057258486727	0.1329585699533417	0.725001	1.0
33102	0	0.05894655354886171	0.4054567037133786	0.399001	1.0
33109	2709	0.0	-0.0	1.0	1.0
33114	887	0.04271609473273488	0.2706686378501289	0.5370010000000001	1.0
33115	0	0.09567106346709599	0.782108769420883	0.182001	1.0
33120	0	0.007914556448467693	0.04153390500662661	0.9120010000000001	1.0
33130	370	0.04237196344550913	0.2680106411905364	0.5350010000000001	1.0
33151	1343	0.05412105446896848	0.3634308257237639	0.42300099999999996	1.0
33159	988	0.026194657618098045	0.1520993724876952	0.722001	1.0
33165	0	0.06287141840991067	0.44088099329440167	0.35700099999999996	1.0
33166	0	0.1321245963073815	1.2615795680265895	0.049001	1.0
33170	0	0.0027456196032223483	0.013990078453014008	0.969001	1.0
33171	0	0.06500266690880539	0.46058836609146286	0.328001	1.0
33173	0	0.020850545981417754	0.11759821572684002	0.769001	1.0
33186	0	0.06748319772596673	0.4839466907283072	0.35200099999999995	1.0
33189	0	0.0029764335053223748	0.015186259971440037	0.965001	1.0
33196	0	0.023265057258486727	0.1329585699533417	0.725001	1.0
33202	0	0.10268818677428407	0.8659678582625165	0.153001	1.0
33220	0	0.08341180773738749	0.6449307572958765	0.221001	1.0
33224	0	0.050567123973098996	0.33354365932119795	0.47100099999999995	1.0
33225	0	0.016021834333121612	0.08798934259309153	0.8090010000000001	1.0
33228	0	0.03737314369945473	0.23031561704371376	0.580001	1.0
33245	742	0.033860542675519814	0.20484174314683476	0.629001	1.0
33248	0	0.011544362984122083	0.06183507288311361	0.877001	1.0
33249	0	0.004157641526134404	0.021356916832688026	0.940001	1.0
33274	1877	0.03134612260269969	0.1871142449357245	0.632001	1.0
33285	3323	0.0749844971451078	0.5573701492560401	0.277001	1.0
33290	0	0.08968471653919097	0.7136549773013245	0.193001	1.0
33292	425	0.023819397457868322	0.13653788081819088	0.712001	1.0
33296	0	0.018639962820830917	0.10386078359906316	0.776001	1.0
33306	3125	0.037042375907503214	0.227881367696582	0.590001	1.0
33322	4666	0.1331752383573602	1.277040763159977	0.048001	1.0
33338	0	0.03539413371110982	0.2158614537724997	0.629001	1.0
33357	0	0.028094680116668345	0.16481130331227353	0.696001	1.0
33362	0	0.092805200759235	0.748985589765078	0.210001	1.0
33377	1956	0.10474272673389806	0.8912680211469473	0.137001	1.0
33401	3043	0.06355750112602156	0.44718873248606106	0.48100099999999996	1.0
33406	0	0.0371330625269751	0.22854802929524612	0.616001	1.0
33415	2789	0.06513116202564338	0.46178721165394626	0.337001	1.0
33418	0	0.029373409996215114	0.17349954454811728	0.6690010000000001	1.0
33446	0	0.09043336376848765	0.7220616419180678	0.185001	1.0
33456	985	0.11250743080543742	0.989976912480873	0.107001	1.0
33470	0	0.008300329609476784	0.04365359745989231	0.899001	1.0
33480	4317	0.06628880351335331	0.47264275175130743	0.325001	1.0
33487	742	0.016818572615233913	0.0927737723956151	0.7880010000000001	1.0
33492	0	0.03540773748974513	0.21595991103185036	0.609001	1.0
33506	2816	0.02306068624926445	0.13164395668044387	0.815001	1.0
33507	0	0.012872925671805395	0.06946648974182718	0.852001	1.0
33511	0	0.09566721075282907	0.7820638043440331	0.168001	1.0
33514	0	0.04755715422829193	0.308929277493598	0.519001	1.0
33519	0	0.17460503380400558	1.9637718459128841	0.013000999999999999	0.729989482051282
33527	3572	0.037684536065871174	0.232614044982199	0.6710010000000001	1.0
33531	0	0.07368170484521078	0.5443155522075352	0.391001	1.0
33547	0	0.06891007250083458	0.4975894657702982	0.324001	1.0
33548	3309	0.05173216967334074	0.34324245847257717	0.452001	1.0
33549	0	0.021335576888851508	0.12065391705008569	0.748001	1.0
33553	0	0.05129892581911556	0.33962455905929023	0.513001	1.0
33555	572	0.0	-0.0	1.0	1.0
33581	297	0.05745186257376837	0.392260109380295	0.41500099999999995	1.0
33583	0	0.028485628691092557	0.16745618606416543	0.6800010000000001	1.0
33592	3349	0.05433430059753022	0.36525272787316376	0.41700099999999996	1.0
33596	0	0.0	-0.0	1.0	1.0
33603	4688	0.0	-0.0	1.0	1.0
33615	0	0.03901471207556478	0.24250634112253608	0.580001	1.0
33622	1343	0.05659074979676976	0.384730531294109	0.41600099999999995	1.0
33627	0	0.08710936530866614	0.6850702834226273	0.210001	1.0
33675	429	0.07546895735655203	0.5622573490135798	0.28600099999999995	1.0
33677	1530	0.019297423651638987	0.10791415957899925	0.764001	1.0
33684	0	0.034790240691580106	0.21150331245526063	0.601001	1.0
33725	0	0.06119934136609589	0.42565233964234034	0.395001	1.0
33734	4141	0.01655810134108459	0.09120526995177387	0.8090010000000001	1.0
33740	3135	0.07365434099527955	0.5440427250950868	0.28600099999999995	1.0
33759	0	0.1413364882799938	1.4003666751580224	0.050001000000000004	1.0
33771	0	0.08013042936146791	0.610192088884541	0.239001	1.0
33772	994	0.09566212253533672	0.7820044214961562	0.154001	1.0
33776	1120	0.06331566008579004	0.4449613474093621	0.392001	1.0
33777	0	0.07357050569866751	0.543207208890904	0.28400099999999995	1.0
33783	742	0.0	-0.0	1.0	1.0
33819	1223	0.022967391636741552	0.1310447326913007	0.729001	1.0
33828	0	0.0	-0.0	1.0	1.0
33835	0	0.022210663133888236	0.12620495989469177	0.750001	1.0
33844	0	0.023265057258486727	0.1329585699533417	0.725001	1.0
33858	0	0.09646287064844282	0.7913749401915252	0.159001	1.0
33861	4614	0.0676064746244831	0.4851194157872767	0.35700099999999996	1.0
33902	0	0.14416014267157706	1.4443759393770526	0.024001	0.9234426174698795
33916	0	0.018601669897835925	0.10362554146070627	0.7830010000000001	1.0
33927	0	0.031573952320391147	0.1887031963556448	0.641001	1.0
33929	0	0.03062986593597534	0.1821412598090603	0.651001	1.0
33931	1475	0.04265025006517689	0.2701594364313058	0.522001	1.0
33940	3634	0.01072688296362217	0.05719309981988477	0.883001	1.0
33949	0	0.007501866071156179	0.03927622925347611	0.9180010000000001	1.0
33955	0	0.025572511442770438	0.14798806169864165	0.710001	1.0
33957	4691	0.018202857602825053	0.10118104316221117	0.7990010000000001	1.0
33959	4692	0.027170805597638046	0.1586007736909133	0.696001	1.0
33960	4693	0.04064447588067515	0.2547909125927714	0.584001	1.0
33966	0	0.0084962992420275	0.04473382052743266	0.9200010000000001	1.0
33972	0	0.0633947654450354	0.44568944547866773	0.339001	1.0
33995	0	0.0	-0.0	1.0	1.0
34004	3370	0.031642216392933006	0.18917996042619908	0.622001	1.0
34008	1758	0.12225186147980965	1.1208648611916237	0.07000100000000001	1.0
34010	0	0.06108112869141134	0.4245834230845807	0.386001	1.0
34015	0	0.025434765085814496	0.14708119370369072	0.727001	1.0
34037	0	0.09939645501902689	0.8261398675788515	0.151001	1.0
34045	52	0.019588969798528713	0.10972034790898284	0.755001	1.0
34065	913	0.030762886763323602	0.18306225882325228	0.6650010000000001	1.0
34070	0	0.047589955023074865	0.3091940812459227	0.49200099999999997	1.0
34099	370	0.03803660583819509	0.23522063533781004	0.602001	1.0
34116	1802	0.037709989779495384	0.2328022126834304	0.573001	1.0
34125	994	0.046687500216903315	0.3019359277940573	0.49200099999999997	1.0
34130	0	0.12384129814919795	1.1429640073501923	0.076001	1.0
34151	4079	0.11941093470105305	1.0818914541028852	0.092001	1.0
34189	887	0.0038226725995012378	0.01959867145829092	0.951001	1.0
34209	1729	0.08191746123640126	0.6290081534001127	0.221001	1.0
34214	0	0.006936508935006767	0.036199977367094446	0.9210010000000001	1.0
34233	0	0.0196639260849132	0.11018558740093935	0.750001	1.0
34277	1450	0.06541860679951808	0.4644734430845012	0.337001	1.0
34278	38	0.03042218256332234	0.1807056571476142	0.6590010000000001	1.0
34292	0	0.14210787869184552	1.4123207124679533	0.036001	0.9905231026894865
34311	0	0.09168028923488061	0.7361610463280541	0.231001	1.0
34313	2052	0.06950070025899976	0.5032809149831882	0.30700099999999997	1.0
34326	0	0.027929049055749902	0.1636937800779037	0.6610010000000001	1.0
34340	2806	0.0	-0.0	1.0	1.0
34355	3531	0.048824666337456184	0.3192168653396906	0.47700099999999995	1.0
34363	4599	0.06724878840094405	0.481719876317832	0.333001	1.0
34382	0	0.0033879434553523366	0.017326662013794677	0.960001	1.0
34403	918	0.005923837572904867	0.030737620205561082	0.9190010000000001	1.0
34404	0	0.038763916211077616	0.24063201438339726	0.563001	1.0
34416	2339	0.08179417198892178	0.6277021465171787	0.236001	1.0
34457	887	0.04160741971276826	0.2621346362498926	0.5460010000000001	1.0
34470	0	0.05677002190195632	0.3862936885820222	0.40800099999999995	1.0
34471	0	0.011946539372330912	0.06413378977563078	0.873001	1.0
34472	0	0.005465954122640732	0.028287888709812973	0.9350010000000001	1.0
34473	1357	0.04147110748380062	0.2610912099067047	0.5340010000000001	1.0
34480	0	0.037684536065871174	0.232614044982199	0.6710010000000001	1.0
34481	0	0.069039226656004	0.4988318123740307	0.332001	1.0
34482	0	0.05788939086128466	0.39610633378547694	0.42100099999999996	1.0
34488	0	0.02967248559320015	0.175547101682897	0.6810010000000001	1.0
34500	3682	0.14950011186220313	1.5295072085495383	0.034001	0.9848596534391535
34524	2709	0.07933315186900272	0.6018762350534959	0.241001	1.0
34529	0	0.018089528229078236	0.10048822553929693	0.820001	1.0
34535	0	0.07487239813405075	0.5562418289042217	0.273001	1.0
34541	0	0.06659980307047188	0.4755759412636056	0.321001	1.0
34546	977	0.08319654054899837	0.6426264376284635	0.216001	1.0
34549	0	0.035078717376557766	0.2135821184988206	0.602001	1.0
34570	4136	0.04267704860311711	0.2703666434794739	0.5350010000000001	1.0
34585	0	0.15341086560078265	1.593444236660324	0.026001	0.9234426174698795
34587	0	0.05034795766582654	0.3317298653861195	0.48900099999999996	1.0
34593	3657	0.08325776582138415	0.6432814578860481	0.231001	1.0
34598	367	0.05060940730126374	0.33389398149090727	0.48800099999999996	1.0
34601	0	0.012083397255873053	0.06491828812704145	0.856001	1.0
34603	0	0.0	-0.0	1.0	1.0
34604	4138	0.018806234823539592	0.1048833036728296	0.7830010000000001	1.0
34608	1397	0.011130663817931794	0.059480823939065355	0.875001	1.0
34609	0	0.14748825930329654	1.4971403356844457	0.037001	0.9905231026894865
34612	0	0.016711755282182345	0.09213002756509675	0.7950010000000001	1.0
34619	1756	0.06264546746067903	0.4388111794460147	0.384001	1.0
34631	0	0.1530201239663045	1.5869951920127308	0.025001000000000002	0.9234426174698795
34643	0	0.080148987267315	0.6103862323231476	0.278001	1.0
34661	1093	0.019938160496329724	0.11189074340335582	0.767001	1.0
34665	1525	0.0110933234520636	0.059268844840053105	0.880001	1.0
34698	0	0.0010995072998225344	0.005549691117499517	0.981001	1.0
34701	4268	0.045142649835437657	0.2896430710978325	0.520001	1.0
34703	1283	0.020819135243424547	0.11740084442564325	0.765001	1.0
34709	932	0.006454197159927941	0.03359073787647218	0.9300010000000001	1.0
34710	935	0.05310378314610025	0.35478426070403696	0.447001	1.0
34712	612	0.0	-0.0	1.0	1.0
34728	0	0.017165160354274116	0.09486743843622594	0.7820010000000001	1.0
34736	3708	0.054318333182139904	0.3651161952213902	0.41200099999999995	1.0
34741	3030	0.05757851725080901	0.3933720854917664	0.42600099999999996	1.0
34747	0	0.016822566445799898	0.09279785545092145	0.7910010000000001	1.0
34754	1096	0.0	-0.0	1.0	1.0
34767	3162	0.016866459088353568	0.09306259672627566	0.818001	1.0
34771	2350	0.039746118237808215	0.24799698750659402	0.5490010000000001	1.0
34782	1674	0.02352956539397012	0.13466400147891106	0.730001	1.0
34784	0	0.013933372208571104	0.07563577034870343	0.822001	1.0
34788	0	0.04642624817322464	0.299845380700289	0.49100099999999997	1.0
34795	0	0.018369202712384458	0.10219942768153896	0.7890010000000001	1.0
34825	0	0.0	-0.0	1.0	1.0
34826	4569	0.09055537771052627	0.7234359127296215	0.239001	1.0
34845	0	0.0028904573345850115	0.01474032689709148	0.971001	1.0
34857	0	0.03216356654718768	0.1928313344142559	0.655001	1.0
34868	3883	0.03164584462928026	0.18920530909691374	0.634001	1.0
34875	1442	0.03195246299713361	0.19135065565372458	0.630001	1.0
34915	0	0.059836799568761936	0.4133934806283776	0.379001	1.0
34916	0	0.10799988906222924	0.932077114879657	0.114001	1.0
34917	4480	0.018787342945535773	0.1047670367320016	0.7850010000000001	1.0
34926	0	0.032008684807510804	0.19174470567966329	0.634001	1.0
34928	0	0.12404910880724002	1.1458690167140662	0.068001	1.0
34936	0	0.07107027964203112	0.5185321986875735	0.322001	1.0
34944	4237	0.060647753078096125	0.4206734055692072	0.36300099999999996	1.0
34974	0	0.06441137958161687	0.4550873775550003	0.35300099999999995	1.0
34998	0	0.045297141464763484	0.29086493470878216	0.517001	1.0
35001	499	0.0673055911881375	0.4822591111772757	0.334001	1.0
35006	0	0.03607696944061549	0.2208188514840234	0.605001	1.0
35007	0	0.02709877631717142	0.15811891733392092	0.6840010000000001	1.0
35009	0	0.013868124977753447	0.07525418155801093	0.839001	1.0
35013	0	0.018335861701206976	0.10199517033603285	0.7830010000000001	1.0
35021	0	0.046860673659217617	0.30332429284522794	0.47400099999999995	1.0
35023	1036	0.0	-0.0	1.0	1.0
35025	297	0.012429596267982297	0.06690790562335089	0.854001	1.0
35030	182	0.0	-0.0	1.0	1.0
35047	1253	0.10575887596592555	0.9039071215621924	0.137001	1.0
35066	0	0.0067282876552590964	0.03507182118088392	0.9220010000000001	1.0
35077	611	0.03081621422423636	0.1834318118948341	0.640001	1.0
35107	0	0.0146286615033572	0.07971843539377454	0.834001	1.0
35119	0	0.012187764879539258	0.0655173176745012	0.858001	1.0
35125	0	0.010539135735453576	0.05613275684803028	0.866001	1.0
35147	1180	0.04337251428863021	0.275761326316558	0.502001	1.0
35151	0	0.0	-0.0	1.0	1.0
35171	4432	0.05478533109680663	0.36911688399094944	0.41400099999999995	1.0
35189	0	0.043737216495918795	0.27860364750122457	0.505001	1.0
35192	0	0.004820239879559272	0.02485443573995949	0.939001	1.0
35195	0	0.07178787695599606	0.5255662783759818	0.29400099999999996	1.0
35244	0	0.04133039123823169	0.26001541030497394	0.5340010000000001	1.0
35247	0	0.05905776288978003	0.40644502505603947	0.393001	1.0
35251	0	0.027941140353832904	0.16377530005587143	0.694001	1.0
35252	0	0.06355750112602156	0.44718873248606106	0.48100099999999996	1.0
35255	1158	0.06785645550814959	0.48750092608066065	0.312001	1.0
35263	1222	0.037684536065871174	0.232614044982199	0.6710010000000001	1.0
35264	0	0.1304671451763429	1.237379872502253	0.050001000000000004	1.0
35271	1008	0.011957799044831852	0.06419828923767643	0.851001	1.0
35276	3850	0.1180741974696527	1.0637859343453826	0.095001	1.0
35297	2645	0.0	-0.0	1.0	1.0
35298	0	0.04025563193649703	0.2518434666137086	0.572001	1.0
35317	915	0.09191910244009702	0.7388753136959585	0.174001	1.0
35327	0	0.020779613470947932	0.11715259618108814	0.771001	1.0
35328	0	0.005892555102784145	0.030569857613897473	0.9310010000000001	1.0
35337	946	0.0038237161079738824	0.01960413852272455	0.955001	1.0
35340	0	0.0	-0.0	1.0	1.0
35358	0	0.043827856110779	0.279311477693434	0.523001	1.0
35360	1040	0.14105445311266787	1.396008935877821	0.040001	1.0
35364	0	0.0016580459586422805	0.008395824088690391	0.984001	1.0
35370	3318	0.0257772261234908	0.1493380970907488	0.696001	1.0
35371	0	0.08279696041744311	0.6383586101303549	0.227001	1.0
35379	0	0.0	-0.0	1.0	1.0
35382	0	0.0	-0.0	1.0	1.0
35414	0	0.03303067814697236	0.19894435307541602	0.620001	1.0
35417	0	0.027344666360377703	0.15976525040919615	0.6810010000000001	1.0
35420	0	0.09082119916109584	0.7264339600037173	0.210001	1.0
35430	0	0.03471693075379758	0.21097592028419865	0.620001	1.0
35431	3418	0.0	-0.0	1.0	1.0
35433	0	0.10967887362455044	0.9534498687583997	0.079001	1.0
35445	0	0.04330177386987285	0.2752110722919214	0.529001	1.0
35455	0	0.0452762748239636	0.29069980500776116	0.513001	1.0
35457	0	0.05721586966131944	0.39019127302195344	0.37100099999999997	1.0
35461	3228	0.007311924908303364	0.038240571510178414	0.9180010000000001	1.0
35467	2585	0.0673576317093488	0.4827533471037849	0.35100099999999995	1.0
35469	0	0.011794818025731915	0.06326543312543761	0.865001	1.0
35482	1900	0.06396718488611905	0.4509717568858336	0.333001	1.0
35486	20	0.035096248306715615	0.2137086291305906	0.623001	1.0
35491	4703	0.08875283590530514	0.7032519892659671	0.182001	1.0
35493	4599	0.06520216828386316	0.4624502139246387	0.35200099999999995	1.0
35506	3556	0.02167058120075886	0.1227732103698373	0.764001	1.0
35513	0	0.04385051253600475	0.2794884968577687	0.525001	1.0
35535	0	0.01811147979328004	0.10062235910783256	0.7910010000000001	1.0
35540	3708	0.0011964198351105265	0.006042221852161631	0.984001	1.0
35560	0	0.08341611398668661	0.6449768898208498	0.206001	1.0
35569	2616	0.048670041590989005	0.3179558372111085	0.459001	1.0
35574	2163	0.11917336487161496	1.078662821092552	0.077001	1.0
35575	0	0.0	-0.0	1.0	1.0
35578	2361	0.07948946588888811	0.6035028118311472	0.229001	1.0
35589	0	0.053315499367070314	0.35657772051416703	0.41800099999999996	1.0
35614	0	0.02014795465525777	0.11319843851975549	0.765001	1.0
35615	0	0.07091133904555147	0.5169794331112325	0.30400099999999997	1.0
35620	0	0.0015310595080173552	0.007747143456421634	0.987001	1.0
35631	0	0.04150205008964978	0.2613279536839322	0.5580010000000001	1.0
35637	0	0.024369358750026694	0.1401084831147108	0.731001	1.0
35641	2001	0.09225368337488193	0.7426855837232555	0.217001	1.0
35644	4072	0.10221387621042076	0.8601753710706483	0.141001	1.0
35647	4498	0.07359159206446722	0.5434173092431835	0.276001	1.0
35658	0	0.019096012134887576	0.10666951528682232	0.7970010000000001	1.0
35688	1120	0.021671543929159473	0.12277931107786284	0.748001	1.0
35694	2246	0.05295088543277082	0.35349104015215216	0.468001	1.0
35700	0	0.031025501516412667	0.1848839668958328	0.643001	1.0
35709	1730	0.01706733601939981	0.09427573892907455	0.8080010000000001	1.0
35715	0	0.07251087567804854	0.5326923255580605	0.271001	1.0
35717	0	0.0	-0.0	1.0	1.0
35748	0	0.005279650172801903	0.027294712519556896	0.953001	1.0
35750	0	0.07588034194103269	0.566421301580754	0.30100099999999996	1.0
35760	0	0.037708141003761984	0.23278854404807592	0.585001	1.0
35771	3966	0.03749338980597371	0.2312023907828735	0.605001	1.0
35776	3387	0.00636018589862491	0.03308377068134855	0.9170010000000001	1.0
35777	1205	0.0	-0.0	1.0	1.0
35783	0	0.0	-0.0	1.0	1.0
35793	3730	0.056987178244036076	0.3881902734314367	0.401001	1.0
35797	1890	0.06499566141636047	0.4605230405460121	0.321001	1.0
35801	0	0.052934962966893095	0.35335646236545604	0.47600099999999995	1.0
35813	0	0.04469227977905786	0.28609058480155825	0.5370010000000001	1.0
35825	0	0.06389814753171934	0.4503334023745709	0.339001	1.0
35828	0	0.005923837572904867	0.030737620205561082	0.9190010000000001	1.0
35830	0	0.037635104350765794	0.23224874430384593	0.595001	1.0
35841	0	0.016642464102328374	0.09171281959983399	0.818001	1.0
35847	0	0.03030169982464089	0.17987413144843753	0.6820010000000001	1.0
35854	0	0.10965008233832979	0.9530814313417943	0.094001	1.0
35857	4433	0.05680502885720072	0.3865992004184693	0.42100099999999996	1.0
35870	349	0.03376941298362493	0.20419188554262535	0.615001	1.0
35893	0	0.013490063303738808	0.07304832298892405	0.840001	1.0
35897	612	0.07215933923807376	0.5292226021146225	0.29800099999999996	1.0
35901	0	0.08647976720763727	0.6781607217413926	0.233001	1.0
35903	1619	0.06276379727648956	0.4398946686892863	0.374001	1.0
35905	3055	0.017819732272941348	0.09884213223728017	0.7880010000000001	1.0
35910	0	0.04431651160652549	0.28313732124181185	0.514001	1.0
35921	1370	0.00812098862457698	0.0426670643485202	0.9130010000000001	1.0
35924	0	0.06060185565381722	0.4202601085028622	0.395001	1.0
35926	4596	0.08094226323215398	0.6187097310658549	0.262001	1.0
35931	0	0.17253480122818743	1.9258016111928478	0.011000999999999999	0.7212571796407184
35932	0	0.04276365504945504	0.2710366254392246	0.526001	1.0
35941	0	0.0452596616159971	0.2905683567987706	0.503001	1.0
35976	0	0.059180015347336	0.40753252047702143	0.394001	1.0
35980	0	0.043366935687043855	0.27571792063534983	0.514001	1.0
35987	0	0.0963863292391566	0.7904770379768897	0.185001	1.0
35994	2234	0.016364934192068734	0.09004479955539536	0.840001	1.0
35995	3740	0.01030058360105917	0.05478857993048459	0.883001	1.0
35996	0	0.035424780664502734	0.2160832784625917	0.591001	1.0
36002	0	0.07271940643266217	0.5347549420278535	0.28300099999999995	1.0
36010	0	0.08439183525392818	0.6554666034138039	0.220001	1.0
36011	3556	0.050100314240252096	0.3296844790464592	0.455001	1.0
36020	1689	0.0	-0.0	1.0	1.0
36029	392	0.018080470414106695	0.10043288720695327	0.8040010000000001	1.0
36036	2584	0.00034474216060061125	0.0017325093273024208	0.996001	1.0
36038	171	0.009126036534380369	0.0482207595196631	0.896001	1.0
36043	0	0.027492772268822102	0.16075878462306165	0.6670010000000001	1.0
36045	3196	0.008217966931663254	0.04320028956638595	0.902001	1.0
36062	1727	0.02214757831314916	0.12580314838897452	0.748001	1.0
36084	985	0.039213424497409465	0.2439944623350687	0.569001	1.0
36092	3485	0.04574634298139411	0.2944270655118026	0.5410010000000001	1.0
36099	0	0.05028648895134624	0.331221766769828	0.458001	1.0
36114	4705	0.023760914768770014	0.1361593313342511	0.733001	1.0
36120	0	0.0536218188601961	0.35917822213999145	0.43100099999999997	1.0
36137	350	0.002306883431485038	0.011724972590645196	0.974001	1.0
36154	2459	0.0	-0.0	1.0	1.0
36174	0	0.01770294914811625	0.09813102871015494	0.8070010000000001	1.0
36178	3128	0.03318488996845373	0.20003677300074837	0.726001	1.0
36182	4706	0.05290548807688218	0.3531073861525524	0.451001	1.0
36187	0	0.0650132495038249	0.46068705462625154	0.341001	1.0
36195	1065	0.058498410968737855	0.40148311597133474	0.41500099999999995	1.0
36197	0	0.12801538557514708	1.2020107749183055	0.060001	1.0
36211	4707	0.004528838281690657	0.023313071850008703	0.965001	1.0
36232	0	0.02198221463503991	0.12475109231726174	0.762001	1.0
36253	0	0.03323585124286006	0.2003981259915839	0.651001	1.0
36256	529	0.003937190335240271	0.020199027084963114	0.979001	1.0
36269	2634	0.049876634024522325	0.32784073342178993	0.47500099999999995	1.0
36289	0	0.16620192646790477	1.812083433191302	0.018001	0.8644427587719298
36293	2647	0.0410243428145697	0.2576803084365806	0.5360010000000001	1.0
36295	0	0.08410527548731542	0.6523782556191018	0.218001	1.0
36298	920	0.05770197220878685	0.39445708279483094	0.43100099999999997	1.0
36314	0	0.007890507712930336	0.041402062185713476	0.9170010000000001	1.0
36333	1671	0.031443433396319	0.18779249788176158	0.632001	1.0
36353	1644	0.0	-0.0	1.0	1.0
36359	4631	0.09379691483045052	0.7603742655747225	0.158001	1.0
36361	0	0.06355750112602156	0.44718873248606106	0.48100099999999996	1.0
36368	0	0.06119285515306023	0.42559366284818706	0.35900099999999996	1.0
36374	0	0.03764055024335172	0.23228898136569998	0.608001	1.0
36375	0	0.09315435239331449	0.7529863446220173	0.177001	1.0
36382	0	0.048439180937057624	0.31607619930822395	0.48400099999999996	1.0
36388	887	0.08955762919758786	0.7122322498245583	0.189001	1.0
36390	0	0.09590364373779942	0.7848253960902885	0.191001	1.0
36408	0	0.034827806829315584	0.21177370325126907	0.620001	1.0
36409	874	0.06947152601215457	0.5029991742786206	0.322001	1.0
36414	0	0.008075954880141921	0.04241964364185183	0.9150010000000001	1.0
36422	0	0.09358579726831304	0.7579433295737554	0.172001	1.0
36444	0	0.020179019210496807	0.11339230849451863	0.779001	1.0
36452	1604	0.03196071270384353	0.19140846343278992	0.635001	1.0
36453	1147	0.04981656009561796	0.3273461585520613	0.48100099999999996	1.0
36456	0	0.04352616883931172	0.27695771851700196	0.5380010000000001	1.0
36463	0	0.017666446030016485	0.09790893363168152	0.8020010000000001	1.0
36475	0	0.044434005211997356	0.2840596833794004	0.629001	1.0
36476	1835	0.03343229519413284	0.20179268051458896	0.642001	1.0
36480	1758	0.06184806335198653	0.4315364224969376	0.37300099999999997	1.0
36492	0	0.1666757281231338	1.8204650450358835	0.027001	0.9234426174698795
36495	1444	0.037613681732710444	0.23209048246268257	0.584001	1.0
36496	1299	0.013725220894146437	0.07441934768040441	0.852001	1.0
36503	0	0.002592995307458523	0.013200829231947231	0.968001	1.0
36505	0	0.0	-0.0	1.0	1.0
36508	0	0.0511254587971795	0.33817971092486343	0.451001	1.0
36521	1328	0.003670062166876119	0.01879981933297394	0.957001	1.0
36538	2709	0.01965690014901553	0.11014196362551924	0.760001	1.0
36540	0	0.036348039811793	0.22279553778591674	0.604001	1.0
36547	0	0.09110432353593864	0.7296332501545448	0.186001	1.0
36557	0	0.047737447579560985	0.31038573278027665	0.505001	1.0
36566	0	0.10750315985704498	0.9257979546136411	0.121001	1.0
36568	0	0.05030019156340171	0.3313350090619622	0.461001	1.0
36571	0	0.015521547419183782	0.08500536657347421	0.828001	1.0
36591	1202	0.08087035990659541	0.6179532946243054	0.249001	1.0
36613	0	0.0655951193463427	0.4661260070047404	0.34400099999999995	1.0
36618	2763	0.0825079859226179	0.6352797958920892	0.221001	1.0
36621	988	0.08939085009151199	0.7103670937298047	0.201001	1.0
36624	0	0.009561747957012088	0.0506473984922127	0.9250010000000001	1.0
36628	0	0.03416407218211458	0.20701025866042286	0.594001	1.0
36633	1059	0.009628829365175756	0.0510220221437771	0.892001	1.0
36639	0	0.08718024525664732	0.6858500889521695	0.209001	1.0
36640	0	0.024021002377942885	0.13784452814131068	0.721001	1.0
36658	913	0.0993372729197052	0.8254317394957683	0.167001	1.0
36660	0	0.004093958626214162	0.02102213607042695	0.965001	1.0
36666	3026	0.0	-0.0	1.0	1.0
36670	0	0.10583596936064255	0.9048694369357468	0.136001	1.0
36679	0	0.04921835122033337	0.32243511345152315	0.48800099999999996	1.0
36682	522	0.03083663616916029	0.1835733834074947	0.6590010000000001	1.0
36687	4278	0.06406739614510018	0.4518989837265456	0.35000099999999995	1.0
36694	0	0.008728036645159342	0.0460141940490828	0.888001	1.0
36695	0	0.11464843472902934	1.0180616175917283	0.089001	1.0
36699	0	0.03714017269698361	0.22860032157751203	0.567001	1.0
36705	0	0.036559624541516816	0.22434189085786468	0.720001	1.0
36719	0	0.07079543133856817	0.5158482669976407	0.326001	1.0
36725	0	0.013402782708926832	0.07254032519610554	0.862001	1.0
36747	4714	0.06355750112602156	0.44718873248606106	0.48100099999999996	1.0
36752	4501	0.12610744179345593	1.1748387512430754	0.051001	1.0
36753	4101	0.023485337801248264	0.1343785281312087	0.712001	1.0
36760	2946	0.09483140803323598	0.7723369323389351	0.173001	1.0
36775	0	0.08631184761237234	0.6763230786703971	0.205001	1.0
36779	0	0.06956115426861204	0.503864931535946	0.31000099999999997	1.0
36789	0	0.03561119003720746	0.21743388285249768	0.609001	1.0
36791	3037	0.1642356588135882	1.777517217926736	0.003001	0.5665163620689656
36798	135	0.04196702302124264	0.26489340967037933	0.525001	1.0
36826	532	0.038584536816643235	0.2392940448390027	0.567001	1.0
36831	0	0.04684955788146061	0.3032351126005193	0.507001	1.0
36857	0	0.03572122758504799	0.21823224292672458	0.614001	1.0
36881	4417	0.10545998554562336	0.9001807819834298	0.144001	1.0
36899	2014	0.08658651472565788	0.6793300608588004	0.200001	1.0
36904	0	0.0344394814039589	0.20898321170640724	0.623001	1.0
36916	0	0.04779393243260649	0.31084250001382385	0.47400099999999995	1.0
36921	349	0.051568693405988825	0.34187575106459966	0.460001	1.0
36926	322	0.08435069980538454	0.655022883391697	0.23400100000000001	1.0
36938	2709	0.0	-0.0	1.0	1.0
36945	1829	0.009561747957012088	0.0506473984922127	0.9250010000000001	1.0
36947	4053	0.035532205262571954	0.21686132370308256	0.621001	1.0
36953	581	0.030338382037520106	0.18012719650890135	0.6820010000000001	1.0
36962	1222	0.10401868028905266	0.8823130744642731	0.150001	1.0
36969	0	0.007228490147237556	0.037786326622474734	0.901001	1.0
36973	0	0.028847565869239804	0.1699137349353544	0.6870010000000001	1.0
37002	964	0.03570409916706772	0.21810791682678662	0.600001	1.0
37018	1930	0.1557374565428999	1.6321242511507694	0.016001	0.8148602279069768
37021	4025	0.05016297393428597	0.3302016015827667	0.456001	1.0
37026	0	0.030015619960250976	0.1779035574173235	0.694001	1.0
37038	0	0.0253783696312206	0.14671026313378283	0.713001	1.0
37070	0	0.03570899109813214	0.2181434227442774	0.636001	1.0
37080	0	0.07499076434612915	0.5574332590975244	0.262001	1.0
37091	878	0.05804520276157934	0.3974793810307398	0.405001	1.0
37092	672	0.029595134455146443	0.17501696893762966	0.6690010000000001	1.0
37097	2106	0.05819049272420705	0.3987612863193254	0.37300099999999997	1.0
37108	4053	0.02367677418514326	0.13561508873721473	0.726001	1.0
37109	3708	0.08010030327767843	0.6098769811019651	0.242001	1.0
37116	1254	0.0	-0.0	1.0	1.0
37127	4020	0.04787376745154846	0.31148847058292395	0.49800099999999997	1.0
37128	4717	0.04575820571984516	0.2945213263050969	0.500001	1.0
37158	0	0.005062101859594635	0.026137585887735567	0.959001	1.0
37160	68	0.06924835807638555	0.5008461002058965	0.339001	1.0
37171	0	0.0	-0.0	1.0	1.0
37174	1035	0.02531050929797317	0.1462641977630745	0.7960010000000001	1.0
37199	1324	0.10424153496880875	0.8850648143886328	0.142001	1.0
37202	3047	0.052308385882477895	0.34807490279731484	0.5590010000000001	1.0
37215	1757	0.031385602372121305	0.1873893419087469	0.648001	1.0
37223	3690	0.10189752646679057	0.8563220226514225	0.131001	1.0
37228	0	0.054491345208850815	0.36659654070169195	0.448001	1.0
37231	0	0.0	-0.0	1.0	1.0
37240	0	0.10231831461937663	0.861449265471701	0.131001	1.0
37250	0	0.10327401736320725	0.8731472609393425	0.113001	1.0
37266	0	0.04319534263882535	0.274383848556108	0.524001	1.0
37293	2745	0.0347850950643101	0.21146628301090328	0.596001	1.0
37295	0	0.08230687462852497	0.6331408916219545	0.229001	1.0
37311	3736	0.0	-0.0	1.0	1.0
37321	2061	0.04454699222789118	0.28494756986310005	0.523001	1.0
37331	0	0.10259549214609798	0.8648344087368348	0.126001	1.0
37334	0	0.0	-0.0	1.0	1.0
37348	3018	0.11687901137552217	1.047723255114406	0.086001	1.0
37349	0	0.004855514834327555	0.02504136368095645	0.949001	1.0
37352	4526	0.011025606161290759	0.0588846349492174	0.887001	1.0
37358	0	0.031128933939165424	0.18560271092342517	0.638001	1.0
37359	3765	0.09349754579522201	0.7569281906779471	0.165001	1.0
37360	0	0.029533728678260297	0.17459639971798183	0.6870010000000001	1.0
37363	0	0.18265801166776868	2.1152356624200643	0.002001	0.5477237250000001
37365	0	0.0	-0.0	1.0	1.0
37380	4693	0.09793504911076711	0.8087355628100636	0.144001	1.0
37383	52	0.08466458100340221	0.6584119662385972	0.219001	1.0
37399	0	0.06378898095072635	0.44932470649435796	0.386001	1.0
37409	0	0.08167129551076655	0.6264016735371807	0.236001	1.0
37413	0	0.026020739882704872	0.15094754483199396	0.709001	1.0
37420	0	0.042518522635708836	0.269141635722729	0.529001	1.0
37423	1871	0.08152978871330108	0.6249054611514419	0.233001	1.0
37429	0	0.032192219592453816	0.19303253498461714	0.623001	1.0
37432	0	0.049307653145987874	0.32316664505352893	0.48900099999999996	1.0
37433	0	0.10784695371249325	0.9301417197249916	0.114001	1.0
37440	4633	0.10283047216720555	0.8677090376988906	0.123001	1.0
37469	3795	0.15248769476730303	1.5782294128458725	0.026001	0.9234426174698795
37479	0	0.004180679611230059	0.021478087023807678	0.959001	1.0
37482	0	0.12896820433839576	1.2156955987213576	0.064001	1.0
37483	0	0.07190525495936734	0.5267205187337017	0.28400099999999995	1.0
37498	0	0.0511200969538526	0.3381350847890134	0.462001	1.0
37501	887	0.011348473532574191	0.06071901505536826	0.885001	1.0
37502	0	0.10517922752713298	0.8966870877876956	0.116001	1.0
37504	0	0.03465148263461319	0.21050539073761232	0.592001	1.0
37531	1767	0.06551961041794771	0.46541878845467144	0.329001	1.0
37551	0	0.046002982397844026	0.2964684977738762	0.524001	1.0
37552	0	0.033692430218171046	0.20364334420188565	0.6650010000000001	1.0
37561	2647	0.011813721045057696	0.06337354506990037	0.867001	1.0
37575	0	0.11755325429503097	1.0567701692967644	0.025001000000000002	0.9234426174698795
37576	0	0.0	-0.0	1.0	1.0
37580	0	0.007779801034819848	0.04079558185945607	0.9190010000000001	1.0
37583	0	0.07735146181781494	0.5814165987166007	0.29200099999999996	1.0
37594	0	0.018797418613804448	0.10482904296267907	0.7950010000000001	1.0
37601	0	0.035036821552374205	0.21327986407628	0.619001	1.0
37632	0	0.04106979869373764	0.25802672356715256	0.5430010000000001	1.0
37641	0	0.02764831569157164	0.1618037549550832	0.695001	1.0
37652	0	0.03787695593913269	0.23403760654146186	0.581001	1.0
37659	0	0.07297722046136479	0.5373095437537392	0.312001	1.0
37662	0	0.03829331397707366	0.2371265069616088	0.5500010000000001	1.0
37690	0	0.01598116264979147	0.08774617225693308	0.8030010000000001	1.0
37695	0	0.005302448965386782	0.027416140789947512	0.9350010000000001	1.0
37722	2015	0.13627363105190193	1.32318634398651	0.046001	1.0
37729	0	0.08488429048986992	0.6607887764204553	0.249001	1.0
37735	994	0.007726817030133469	0.04050558243914287	0.9260010000000001	1.0
37739	1425	0.009136112202649068	0.04827674476988791	0.901001	1.0
37754	1343	0.07066897786797202	0.5146153279803146	0.30200099999999996	1.0
37757	4640	0.09784351244107603	0.8076510923429147	0.147001	1.0
37773	0	0.0033981913934208532	0.017380092222591986	0.964001	1.0
37776	1540	0.07182898081472935	0.5259703570144763	0.29300099999999996	1.0
37779	1366	0.0507586978206732	0.3351318809081168	0.460001	1.0
37800	0	0.0	-0.0	1.0	1.0
37808	0	0.04910433623722872	0.3215019562138708	0.468001	1.0
37812	1565	0.08380753177252755	0.6491760911455805	0.241001	1.0
37839	0	0.07536607607969259	0.5612180063947283	0.262001	1.0
37840	0	0.04606643420010199	0.29697393092507657	0.512001	1.0
37851	0	0.026434648528536872	0.15369202160984677	0.6820010000000001	1.0
37872	1990	0.06579400076838796	0.46799074746568314	0.35100099999999995	1.0
37874	4548	0.0065680886610429805	0.03420561953293723	0.9130010000000001	1.0
37880	735	0.0	-0.0	1.0	1.0
37892	1975	0.0664406746257208	0.47407422984612513	0.35400099999999995	1.0
37899	4233	0.055683087281649835	0.3768516474991216	0.43000099999999997	1.0
37908	0	0.0	-0.0	1.0	1.0
37915	0	0.0023087756246051444	0.011734717364104029	0.975001	1.0
37919	0	0.0	-0.0	1.0	1.0
37922	0	0.0	-0.0	1.0	1.0
37924	3141	0.04502816149284672	0.2887386604363157	0.521001	1.0
37926	2861	0.01385324614758604	0.07516720177922635	0.844001	1.0
37927	3249	0.07480661636956519	0.5555801515574765	0.380001	1.0
37948	0	0.028645017051541627	0.1685373715132663	0.694001	1.0
37951	0	0.012079064371704208	0.06489343350763438	0.854001	1.0
37971	0	0.04195189439702273	0.2647771681037309	0.514001	1.0
37973	0	0.037467155646680184	0.23100883934633437	0.601001	1.0
37977	0	0.009236915419559745	0.048837194202876626	0.894001	1.0
37983	0	0.06558818576205848	0.46606104935037707	0.34900099999999995	1.0
38015	2045	0.0	-0.0	1.0	1.0
38026	1453	0.0161930708135208	0.08901427422770093	0.824001	1.0
38029	0	0.10647669639103362	0.9128859173877736	0.119001	1.0
38037	3870	0.006188971439294818	0.032161832515750936	0.943001	1.0
38045	0	0.09670644734099196	0.7942354177615293	0.179001	1.0
38048	4010	0.009928330376798057	0.05269795114841472	0.897001	1.0
38052	381	0.054099414627345736	0.36324612379924737	0.43300099999999997	1.0
38055	0	0.011383172604571466	0.06091653799677729	0.873001	1.0
38065	1110	0.01785660308921405	0.09906682025160729	0.7890010000000001	1.0
38074	0	0.040093188601216925	0.25061520477695587	0.582001	1.0
38092	1481	0.11824048605033108	1.06603015529923	0.068001	1.0
38110	3249	0.06929256398019427	0.5012722942974495	0.31000099999999997	1.0
38133	0	0.03602872458252262	0.220467562034035	0.596001	1.0
38140	4661	0.0730592418733573	0.5381233165531629	0.28700099999999995	1.0
38168	0	0.12649956738857543	1.1803981275861886	0.067001	1.0
38172	0	0.014089889929194289	0.07655221469881651	0.864001	1.0
38174	0	0.017237785044237956	0.09530710371470881	0.7960010000000001	1.0
38176	0	0.07432694535970992	0.5507651706222885	0.264001	1.0
38178	0	0.1186781658193853	1.0719480314071061	0.008001	0.6394375839416058
38186	0	0.13578222450614802	1.3158127197143696	0.046001	1.0
38200	2180	0.057932943504249726	0.3964899523475113	0.48200099999999996	1.0
38201	1910	0.0	-0.0	1.0	1.0
38205	0	0.06511890357221671	0.4616727891507979	0.34700099999999995	1.0
38222	0	0.15144100559771817	1.5610700940115987	0.015000999999999999	0.7858657846889952
38225	0	0.025050112543789707	0.1445553045457553	0.726001	1.0
38226	2195	0.04552218769103189	0.29264777829114336	0.5350010000000001	1.0
38228	3145	0.0016764974491341005	0.008490157576761578	0.976001	1.0
38235	0	0.014931693187065179	0.08150718406633264	0.823001	1.0
38249	0	0.0	-0.0	1.0	1.0
38252	0	0.035572146822666253	0.2171508068527991	0.605001	1.0
38263	3682	0.06244659573367369	0.43699251355843177	0.385001	1.0
38270	1902	0.05052941115124207	0.33323131088561175	0.47200099999999995	1.0
38288	0	0.0033526743938548514	0.01714282515356139	0.964001	1.0
38308	0	0.01676339308205946	0.09244113848807353	0.8040010000000001	1.0
38331	0	0.05664792592373183	0.3852288255963687	0.380001	1.0
38338	0	0.11224844793675956	0.986605237143652	0.10100100000000001	1.0
38344	0	0.13302948169206247	1.2748901860800366	0.061001	1.0
38364	506	0.020876784652758648	0.11776313618789742	0.777001	1.0
38376	1238	0.020287979635561126	0.11407280125431463	0.766001	1.0
38385	0	0.08292149039291612	0.639687368579043	0.229001	1.0
38400	4104	0.10477217843337103	0.8916331734137511	0.139001	1.0
38404	4071	0.1293493556888351	1.2211914095064207	0.057001	1.0
38425	1530	0.006242928875655272	0.03245218805782553	0.9300010000000001	1.0
38435	0	0.12331232556509086	1.1355857903767	0.08500100000000001	1.0
38441	0	0.020209271629956872	0.11358116892926069	0.771001	1.0
38444	0	0.09657539835717605	0.7926958398498244	0.160001	1.0
38466	0	0.0	-0.0	1.0	1.0
38478	3657	0.06099784449267313	0.4238309520319815	0.375001	1.0
38503	0	0.01471641389380442	0.08023583771636518	0.818001	1.0
38510	0	0.037684536065871174	0.232614044982199	0.6710010000000001	1.0
38514	0	0.0	-0.0	1.0	1.0
38516	0	0.05030992385389743	0.3314154475350845	0.501001	1.0
38528	0	0.03043821814512602	0.18081640089431952	0.654001	1.0
38533	0	0.028263321257278984	0.1659509818852573	0.6770010000000001	1.0
38535	0	0.09624196819344893	0.7887848136623197	0.185001	1.0
38560	0	0.004269726252343304	0.021946728332234218	0.942001	1.0
38564	3162	0.03649906233430271	0.22389896725341157	0.586001	1.0
38580	0	0.0	-0.0	1.0	1.0
38588	0	0.08331315089001967	0.6438742454049023	0.252001	1.0
38604	1358	0.003369482941017238	0.01723042907837235	0.966001	1.0
38611	0	0.018826421726801643	0.10500756553932124	0.7890010000000001	1.0
38641	0	0.03447389898137724	0.2092301266744254	0.622001	1.0
38644	2806	0.04974609315966826	0.3267663446428605	0.47200099999999995	1.0
38670	0	0.05096874702933292	0.33687625221010026	0.48400099999999996	1.0
38675	0	0.025819805523000408	0.14961923792479204	0.718001	1.0
38680	0	0.0	-0.0	1.0	1.0
38706	0	0.0	-0.0	1.0	1.0
38707	1554	0.0040605517812724	0.02084661228500476	0.961001	1.0
38712	1066	0.057932943504249726	0.3964899523475113	0.48200099999999996	1.0
38721	926	0.0	-0.0	1.0	1.0
38725	0	0.025564533282723394	0.14793550304602826	0.707001	1.0
38741	4480	0.05318414274932942	0.3554646155151786	0.456001	1.0
38742	0	0.01157664963321401	0.062019247773792446	0.888001	1.0
38751	4506	0.010970811831973477	0.05857395145524502	0.869001	1.0
38773	0	0.020758547946497452	0.11702031785385897	0.758001	1.0
38774	0	0.012297605444641299	0.0661484818619172	0.862001	1.0
38789	0	0.0	-0.0	1.0	1.0
38803	2739	0.037684536065871174	0.232614044982199	0.6710010000000001	1.0
38809	0	0.06646101734886396	0.47426610187507745	0.332001	1.0
38819	0	0.060780694018954425	0.421871376791384	0.37200099999999997	1.0
38821	4474	0.05494632824218854	0.3704997336285332	0.41500099999999995	1.0
38833	0	0.023307583655083713	0.1332324577749975	0.735001	1.0
38841	1968	0.00904290088199769	0.04775905244613206	0.888001	1.0
38844	0	0.011797336940419734	0.06327983827731211	0.873001	1.0
38868	349	0.0	-0.0	1.0	1.0
38887	0	0.073991285591071	0.5474061077207171	0.30700099999999997	1.0
38897	0	0.0589853173815483	0.40580109759254124	0.396001	1.0
38905	349	0.02756033234668189	0.16121247181083295	0.763001	1.0
38920	19	0.023260876951852617	0.1329316533029619	0.735001	1.0
38922	0	0.0846448176311062	0.6581983496926114	0.213001	1.0
38933	0	0.051318504364653586	0.3397877672134919	0.48100099999999996	1.0
38948	0	0.015472448085131534	0.08471335264428362	0.8030010000000001	1.0
38977	0	0.021659823895514154	0.1227050464917025	0.767001	1.0
38980	1380	0.04933757694610273	0.3234118963853081	0.48400099999999996	1.0
38984	0	0.11737260825115169	1.0543425869335339	0.093001	1.0
38998	0	0.03465522827507097	0.21053231171232337	0.617001	1.0
39010	0	0.07829046136491212	0.5910738646914271	0.258001	1.0
39011	0	0.0	-0.0	1.0	1.0
39017	0	0.0	-0.0	1.0	1.0
39048	0	0.016061310147854595	0.0882254617274911	0.829001	1.0
39049	0	0.021705508367859686	0.12299457802766456	0.763001	1.0
39075	3328	0.007124196733554165	0.03721910810972589	0.9130010000000001	1.0
39076	913	0.06773614666388028	0.48635419305286287	0.343001	1.0
39077	0	0.1186781658193853	1.0719480314071061	0.008001	0.6394375839416058
39087	0	0.056414920977108374	0.38319964271729806	0.393001	1.0
39098	1975	0.06468241265037589	0.4576057171699389	0.47000099999999995	1.0
39136	1109	0.027375743903091627	0.1599736081152151	0.729001	1.0
39140	0	0.015424163962407058	0.08442633349829995	0.823001	1.0
39141	4126	0.06070212294335235	0.4211631935450843	0.37100099999999997	1.0
39186	19	0.10697138999793962	0.9190980655192978	0.122001	1.0
39201	0	0.050538630610378554	0.3333076598184415	0.47300099999999995	1.0
39209	0	0.0	-0.0	1.0	1.0
39236	0	0.0	-0.0	1.0	1.0
39237	20	0.04263111260018902	0.27001149530660584	0.520001	1.0
39241	0	0.06243258960166717	0.43686453761590177	0.48300099999999996	1.0
39244	3575	0.06404491314647648	0.4516908906552255	0.35700099999999996	1.0
39252	0	0.030318877914213855	0.17999262943715505	0.6790010000000001	1.0
39254	3682	0.0	-0.0	1.0	1.0
39257	2709	0.013593335953017881	0.0736500064947258	0.854001	1.0
39271	0	0.02555741343318154	0.14788860227200962	0.695001	1.0
39280	0	0.0	-0.0	1.0	1.0
39285	0	0.005059445382669262	0.02612347362069634	0.938001	1.0
39291	0	0.02992463664783447	0.17727797840269913	0.6690010000000001	1.0
39312	0	0.013448481283840037	0.07280624520904204	0.833001	1.0
39318	0	0.037684536065871174	0.232614044982199	0.6710010000000001	1.0
39342	0	0.013131114671190994	0.07096214817335995	0.838001	1.0
39344	0	0.04204336791007771	0.2654802496905256	0.5490010000000001	1.0
39362	4666	0.09182172482172966	0.737768012610077	0.205001	1.0
39382	0	0.08184134531002804	0.6282017171063768	0.233001	1.0
39385	0	0.016901955494694355	0.09327678381910676	0.8100010000000001	1.0
39390	0	0.036316939956655955	0.22256850122513874	0.612001	1.0
39399	2722	0.02646248324922248	0.15387698341491868	0.697001	1.0
39400	0	0.13276579469842822	1.2710042075242702	0.036001	0.9905231026894865
39409	900	0.03774219387603875	0.2330403458264299	0.573001	1.0
39412	0	0.062397333452154036	0.4365424608400142	0.35900099999999996	1.0
39417	0	0.08851869134498262	0.7006487911006506	0.189001	1.0
39436	962	0.0250812232022558	0.14475924196531417	0.704001	1.0
39453	0	0.1186781658193853	1.0719480314071061	0.008001	0.6394375839416058
39484	0	0.0	-0.0	1.0	1.0
39495	0	0.08105508841811829	0.6198974718095174	0.240001	1.0
39524	1567	0.006408758077881622	0.03334563612144285	0.9290010000000001	1.0
39544	0	0.0391602451580966	0.24359594833454698	0.5590010000000001	1.0
39559	0	0.12799613094704587	1.2017350232556228	0.061001	1.0
39576	2627	0.0034738229013069576	0.017774607504406275	0.965001	1.0
39577	1727	0.07728433895741887	0.5807288320211775	0.267001	1.0
39582	521	0.023402740994926265	0.13384573219964174	0.766001	1.0
39584	0	0.04640841008842928	0.2997028134577609	0.48400099999999996	1.0
39594	3744	0.035397955003774406	0.21588910909628029	0.616001	1.0
39608	2373	0.025556491314548	0.14788252821596543	0.728001	1.0
39609	0	0.1194697175791132	1.0826910527608868	0.068001	1.0
39610	0	0.08106756743147417	0.6200289016322342	0.245001	1.0
39611	0	0.03620812777946408	0.22177465919668193	0.580001	1.0
39629	20	0.07545154680204988	0.5620814052434857	0.262001	1.0
39646	0	0.01206696418436194	0.06482402959289434	0.868001	1.0
39650	781	0.004976798973329706	0.025684632188575716	0.942001	1.0
39651	4288	0.0	-0.0	1.0	1.0
39655	1879	0.0019389573237232824	0.009834141394589055	0.977001	1.0
39660	1684	0.03778225260427475	0.23333665816228405	0.5600010000000001	1.0
39661	0	0.0011521933257420593	0.005817385166328057	0.990001	1.0
39663	0	0.04777881893020346	0.3107202621171071	0.47400099999999995	1.0
39673	0	0.09697452871069367	0.7973891172034777	0.152001	1.0
39682	1065	0.0	-0.0	1.0	1.0
39700	0	0.01450620466902166	0.07899720848890317	0.826001	1.0
39710	0	0.02614975483563412	0.1518018006715475	0.735001	1.0
39737	0	0.0207971574868248	0.11726278319476421	0.755001	1.0
39738	921	0.03867666339627678	0.2399809326708906	0.565001	1.0
39751	3573	0.024786143941016546	0.14282745119174978	0.716001	1.0
39781	0	0.0	-0.0	1.0	1.0
39793	1077	0.09607916939718315	0.7868784429080533	0.174001	1.0
39824	0	0.02756033234668189	0.16121247181083295	0.763001	1.0
39834	0	0.008519502206706525	0.0448618732600902	0.903001	1.0
39845	2026	0.03397522767184724	0.20566036612063313	0.631001	1.0
39855	2284	0.16944731587329315	1.8699034451797827	0.014001	0.7626713880597015
39861	529	0.09175315966181544	0.7369887910277725	0.187001	1.0
39868	0	0.05117551414181236	0.33859641517762723	0.462001	1.0
39869	2373	0.014393092121846411	0.07833184219924078	0.832001	1.0
39872	0	0.041523036097295546	0.2614885563271466	0.530001	1.0
39873	4009	0.04655966306969002	0.3009123758319636	0.48900099999999996	1.0
39877	0	0.05203698269380209	0.34579584145372516	0.42800099999999996	1.0
39881	0	0.00486608045595513	0.02509736706145842	0.961001	1.0
39900	0	0.0455589167363517	0.2929390845638986	0.605001	1.0
39909	0	0.03837723551618459	0.23775053415857697	0.593001	1.0
39924	2	0.0025629981158520714	0.013045868819394778	0.965001	1.0
39928	0	0.04827142093641725	0.3147126659477275	0.520001	1.0
39932	0	0.030385563947556378	0.18045282806737264	0.6640010000000001	1.0
39934	0	0.03772959929070288	0.23294720681250874	0.577001	1.0
39935	1227	0.0	-0.0	1.0	1.0
39947	0	0.09964027485454723	0.8290601821851555	0.157001	1.0
39950	0	0.00023230240940726697	0.0011666836667591112	0.998001	1.0
39955	0	0.06411586651722294	0.4523477311402503	0.37000099999999997	1.0
39958	3198	0.029438639379332446	0.17394562141735906	0.6660010000000001	1.0
39960	4726	0.15004589972069768	1.5383492721919398	0.032001	0.975985930362117
39962	4408	0.018793322198619164	0.10480383261936642	0.7860010000000001	1.0
39972	0	0.0	-0.0	1.0	1.0
39976	3483	0.016463088799378807	0.0906341813216138	0.8120010000000001	1.0
39979	0	0.03318488996845373	0.20003677300074837	0.715001	1.0
39985	0	0.14187322259325807	1.4086788420971335	0.024001	0.9234426174698795
39990	0	0.03118793238731325	0.18601300400872103	0.6590010000000001	1.0
40012	0	0.0052138565465681425	0.026944463437953342	0.9330010000000001	1.0
40023	1979	0.027434785237152613	0.16036962133366678	0.717001	1.0
40037	1442	0.016633668853099873	0.09165988416159056	0.7920010000000001	1.0
40039	349	0.009049837887106463	0.04779756221241225	0.900001	1.0
40045	0	0.03818070710464082	0.23628993178228913	0.588001	1.0
40049	0	0.06363822480646823	0.44793316182316145	0.36300099999999996	1.0
40051	0	0.05343307267924238	0.35757506931845245	0.451001	1.0
40057	0	0.03236181291597476	0.19422453068069476	0.635001	1.0
40061	1147	0.0438598606124268	0.27956154559047397	0.5470010000000001	1.0
40069	0	0.08008371136216079	0.6097034653967576	0.239001	1.0
40083	0	0.0	-0.0	1.0	1.0
40090	0	0.023504761824800185	0.13450388777801942	0.750001	1.0
40097	1796	0.009913520200793544	0.052614949266319065	0.875001	1.0
40118	0	0.029109528480550782	0.17169782464322758	0.6760010000000001	1.0
40124	0	0.00833840734374543	0.04386330805416642	0.901001	1.0
40146	2107	0.05790990337438724	0.3962869941843807	0.404001	1.0
40148	1040	0.09328724393498475	0.7545116067297036	0.158001	1.0
40165	4727	0.04997297124175987	0.328634386807341	0.47800099999999995	1.0
40168	2763	0.02416767829664334	0.13879681504745775	0.749001	1.0
40176	0	0.0	-0.0	1.0	1.0
40177	3556	0.08387094268086287	0.6498574873097649	0.227001	1.0
40209	2014	0.09523773539287549	0.7770587642403824	0.169001	1.0
40212	4285	0.044194839454539135	0.28218316431097057	0.520001	1.0
40219	0	0.05850488695651785	0.401540433766171	0.440001	1.0
40225	0	0.010477925884601369	0.055787525319357226	0.884001	1.0
40232	0	0.015973848711768743	0.08770245418963891	0.835001	1.0
40250	0	0.09382979851460169	0.7607532249154355	0.183001	1.0
40253	2621	0.021162032021074285	0.11955885914435914	0.7920010000000001	1.0
40257	0	0.0036271899114660904	0.018575648154572515	0.960001	1.0
40265	0	0.0	-0.0	1.0	1.0
40269	4565	0.001378970284829216	0.006971469897429416	0.982001	1.0
40287	4729	0.0	-0.0	1.0	1.0
40292	0	0.0377031506614975	0.2327516498868398	0.581001	1.0
40307	1488	0.014977833495488792	0.08178004331540392	0.835001	1.0
40311	735	0.024185597773618818	0.13891325159237972	0.761001	1.0
40320	0	0.03613640880333713	0.22125186818891207	0.583001	1.0
40325	0	0.0	-0.0	1.0	1.0
40327	918	0.06355750112602156	0.44718873248606106	0.48100099999999996	1.0
40329	4548	0.06013295420630273	0.41604652062825526	0.391001	1.0
40346	1537	0.009737791761380604	0.051631116850131886	0.878001	1.0
40348	0	0.07349887240319984	0.5424937189380048	0.257001	1.0
40350	0	0.03910248296441063	0.24316330973299663	0.580001	1.0
40361	0	0.0	-0.0	1.0	1.0
40364	0	0.05736203891227635	0.3914721954194943	0.41100099999999995	1.0
40372	1185	0.0060171218765235155	0.031238234657596804	0.9310010000000001	1.0
40388	0	0.02599852485354289	0.15080056006282921	0.711001	1.0
40402	2224	0.014277221936756283	0.07765107672091655	0.822001	1.0
40410	0	0.14228354945653054	1.4150502583976774	0.046001	1.0
40425	4567	0.04525906434995461	0.2905636314249808	0.508001	1.0
40426	0	0.019100794418540654	0.10669903819434286	0.771001	1.0
40428	0	0.00913359328558191	0.048262747881173865	0.873001	1.0
40433	0	0.07735640994935407	0.5814673127257934	0.277001	1.0
40458	0	0.09037638778919217	0.7214203079678553	0.180001	1.0
40461	0	0.036383697487924874	0.22305592786575618	0.582001	1.0
40471	3708	0.03014310041635114	0.17878100050478496	0.6640010000000001	1.0
40504	0	0.004230515886160226	0.02174031129654006	0.953001	1.0
40506	4728	0.03312930381922007	0.19964282384254364	0.643001	1.0
40525	19	0.052801473060845594	0.35222890590010186	0.446001	1.0
40539	0	0.08715973301990773	0.6856243776868085	0.233001	1.0
40544	0	0.03736627044683183	0.23026495875112457	0.588001	1.0
40567	2222	0.05306807176738822	0.35448206220307604	0.43200099999999997	1.0
40585	0	0.0	-0.0	1.0	1.0
40588	0	0.09370749327456573	0.759344182037962	0.175001	1.0
40603	0	0.01653896768852143	0.09109021856039433	0.827001	1.0
40606	135	0.02306068624926445	0.13164395668044387	0.7960010000000001	1.0
40607	4292	0.01659082636748689	0.0914020998783991	0.821001	1.0
40610	0	0.0684849785075411	0.493509204172343	0.313001	1.0
40613	0	0.038603130486762935	0.2394326311526116	0.570001	1.0
40620	0	0.009561747957012088	0.0506473984922127	0.9250010000000001	1.0
40632	0	0.025572511442770438	0.14798806169864165	0.710001	1.0
40645	1598	0.031880085280564185	0.1908436805387082	0.633001	1.0
40656	4731	0.04866524750352562	0.31791676631038107	0.48400099999999996	1.0
40668	0	0.08377867276005144	0.6488660828748564	0.220001	1.0
40683	0	0.03408976412863288	0.20647880724370946	0.607001	1.0
40707	2038	0.1094783296195139	0.9508849451133035	0.120001	1.0
40708	0	0.0	-0.0	1.0	1.0
40719	0	0.13750390432156318	1.3417378031832343	0.041001	1.0
40725	0	0.0200354663523217	0.11249692578488009	0.7820010000000001	1.0
40740	20	0.07255679332085643	0.5331462251857645	0.42500099999999996	1.0
40752	0	0.00875853336970475	0.046182933201473396	0.880001	1.0
40755	0	0.02175934992357633	0.1233359773806622	0.757001	1.0
40757	0	0.043827114190869335	0.279305681525838	0.520001	1.0
40770	0	0.09174661937062381	0.7369144819638523	0.167001	1.0
40779	0	0.025641316285322957	0.1484415067371976	0.718001	1.0
40785	0	0.08358522504011709	0.646789694337736	0.228001	1.0
40802	3329	0.05839353545128508	0.40055530392731276	0.385001	1.0
40808	0	0.02228860959731384	0.12670178283290928	0.747001	1.0
40809	0	0.10621391651309693	0.909594112865121	0.121001	1.0
40826	557	0.06973650639646081	0.5055604629433755	0.315001	1.0
40842	3972	0.0631668832935845	0.4435932247307741	0.35900099999999996	1.0
40873	0	0.005302898599170094	0.027418535887731646	0.9370010000000001	1.0
40874	52	0.0342365817309186	0.20752920359192056	0.627001	1.0
40879	2277	0.052637809952786864	0.35084821324255466	0.42600099999999996	1.0
40884	4732	0.062247223294331036	0.4351721709441594	0.394001	1.0
40891	0	0.014133643663927206	0.07680867319940701	0.851001	1.0
40902	0	0.12617853557281702	1.1758457239057445	0.086001	1.0
40913	192	0.06187165432691179	0.43175097744592605	0.342001	1.0
40923	655	0.059161692829310296	0.4073694637458849	0.403001	1.0
40925	0	0.015991345000969888	0.08780704143117031	0.822001	1.0
40955	0	0.14013890908969392	1.3819103201056395	0.034001	0.9848596534391535
40957	0	0.10105851392478593	0.8461412105875967	0.141001	1.0
40988	0	0.08193507211766725	0.6291948013168736	0.246001	1.0
40991	4136	0.028230646916864627	0.1657300228072661	0.6710010000000001	1.0
41011	0	0.07327233606274244	0.5402398876119453	0.28700099999999995	1.0
41022	0	0.07917684614965745	0.6002516098674272	0.230001	1.0
41056	1647	0.01680621467220146	0.09269925953100863	0.7930010000000001	1.0
41057	2639	0.03313005672603863	0.1996481584529634	0.634001	1.0
41065	0	0.02326096293641827	0.13293220693918678	0.734001	1.0
41084	0	0.040845005515789505	0.25631497669572656	0.5500010000000001	1.0
41087	129	0.1282368413131596	1.2051845683074138	0.064001	1.0
41093	0	0.027125068259143344	0.15829476405842027	0.695001	1.0
41123	4522	0.08569930953173015	0.6696382580054157	0.217001	1.0
41149	0	0.08390517774140996	0.6502254968293085	0.216001	1.0
41157	0	0.059851530136949646	0.4135252908887919	0.36300099999999996	1.0
41161	0	0.018421491541449807	0.10251990633131722	0.8060010000000001	1.0
41163	0	0.034861071921004336	0.2120132153648553	0.610001	1.0
41170	0	0.005043319794510606	0.02603781704569761	0.941001	1.0
41179	0	0.09958286733375489	0.8283721648173787	0.141001	1.0
41183	3047	0.11704693110500665	1.0499728608099095	0.094001	1.0
41185	0	0.0441620075809956	0.2819258713866774	0.527001	1.0
41186	0	0.015182904577461236	0.08299436986718524	0.819001	1.0
41193	0	0.019073851744868902	0.10653272940412851	0.763001	1.0
41201	913	0.07598691170697922	0.5675020682476463	0.259001	1.0
41204	0	0.02651863440672981	0.1542502615262306	0.696001	1.0
41209	0	0.005283284092073279	0.027314065006269303	0.945001	1.0
41234	0	0.007487469690953564	0.039197656825874845	0.9080010000000001	1.0
41235	1274	0.055091422227403	0.37174757591158797	0.446001	1.0
41240	0	0.05822224909071711	0.39904167842210325	0.37000099999999997	1.0
41241	0	0.07336852646684278	0.5411964233469074	0.29400099999999996	1.0
41242	1607	0.0417561607059628	0.2632746568244234	0.5460010000000001	1.0
41244	0	0.014767600946822765	0.08053786555913905	0.837001	1.0
41246	3831	0.02238561597599737	0.12732063523202297	0.725001	1.0
41258	0	0.08402956823418262	0.6515633929290129	0.216001	1.0
41273	0	0.05456833956581142	0.3672560165980775	0.442001	1.0
41292	2709	0.015624225816502491	0.0856165225365211	0.843001	1.0
41296	0	0.014992594383834393	0.0818673624849754	0.821001	1.0
41297	1729	0.037896215968206914	0.23418023441581828	0.566001	1.0
41301	492	0.008524015355325182	0.04488678424119375	0.9200010000000001	1.0
41307	21	0.05075359606444893	0.33508955174947685	0.446001	1.0
41309	831	0.023105613233445607	0.13193271863029662	0.741001	1.0
41314	0	0.13234642162651933	1.2648360944232462	0.051001	1.0
41317	2173	0.009288191476823339	0.04912251684335282	0.897001	1.0
41318	0	0.1468364175518111	1.4867296407597828	0.032001	0.975985930362117
41330	0	0.06654573603809635	0.47506549521917435	0.37200099999999997	1.0
41340	0	0.09855848753229468	0.8161394365350237	0.144001	1.0
41343	0	0.10057542438580824	0.8403048773862135	0.134001	1.0
41347	0	0.01897094521245924	0.10589794151357446	0.774001	1.0
41348	0	0.05059503371214098	0.33377488050276194	0.49000099999999996	1.0
41358	1716	0.0	-0.0	1.0	1.0
41360	0	0.025509041011696574	0.14757004439452687	0.718001	1.0
41371	4599	0.01708581446665803	0.09438746155708501	0.814001	1.0
41386	0	0.08804187419996709	0.6953607997325596	0.186001	1.0
41389	4058	0.009192864023190583	0.048592199937951185	0.887001	1.0
41392	1197	0.0015925156488278205	0.008060960226565874	0.987001	1.0
41398	1007	0.012680440850778584	0.06835411843743677	0.832001	1.0
41400	1110	0.10268492069304977	0.8659279095913051	0.138001	1.0
41407	0	0.10871858509984349	0.9411976926165403	0.105001	1.0
41409	0	0.08037501203445241	0.6127529039640771	0.259001	1.0
41412	0	0.0026801243839681237	0.01365122273715114	0.976001	1.0
41436	4146	0.05163631327019738	0.3424408423664712	0.459001	1.0
41437	0	0.0441871464752192	0.2821228701880269	0.516001	1.0
41442	2001	0.04712418390186408	0.30544092464495226	0.49000099999999996	1.0
41458	0	0.07634593001497089	0.57114934662164	0.257001	1.0
41465	0	0.0060984052254724735	0.03167486872218003	0.9340010000000001	1.0
41474	2733	0.09984421847230374	0.8315065351164106	0.167001	1.0
41484	0	0.029102553568625206	0.1716502637362938	0.700001	1.0
41488	0	0.014041729718498187	0.07627006503241941	0.838001	1.0
41500	0	0.0624715835026253	0.4372208658350042	0.35900099999999996	1.0
41517	0	0.0159031628742319	0.0872801112332423	0.833001	1.0
41534	0	0.022681587565093926	0.12921251350336968	0.762001	1.0
41570	0	0.024279841610514077	0.13952596693948285	0.717001	1.0
41574	0	0.005433628028033408	0.028115412019703873	0.945001	1.0
41575	1343	0.05773861701381926	0.3947793512538808	0.404001	1.0
41580	3601	0.0	-0.0	1.0	1.0
41584	1202	0.004020199234141743	0.02063468285953415	0.944001	1.0
41601	0	0.02877369246112398	0.1694114369312174	0.6820010000000001	1.0
41610	0	0.06158851940787646	0.42917860610965175	0.36200099999999996	1.0
41629	0	0.02988607959025038	0.17701303419967276	0.649001	1.0
41641	0	0.03941590953865627	0.24551360362221195	0.565001	1.0
41646	0	0.037684536065871174	0.232614044982199	0.6710010000000001	1.0
41664	0	0.047315900325377296	0.30698392672847735	0.515001	1.0
41690	0	0.0077942915326795065	0.04087492267528767	0.9110010000000001	1.0
41692	0	0.005844691686167018	0.030313287149659255	0.9340010000000001	1.0
41693	0	0.010027162257419425	0.05325218399418722	0.885001	1.0
41699	2016	0.0	-0.0	1.0	1.0
41712	600	0.01161094822114997	0.062214969398832705	0.848001	1.0
41740	4006	0.001231223468597515	0.006219235097884138	0.986001	1.0
41748	2582	0.049574290301697604	0.32535418806240823	0.467001	1.0
41755	0	0.003425783713095959	0.017523982494353572	0.960001	1.0
41756	0	0.04258044558226426	0.26961993855877936	0.5350010000000001	1.0
41760	182	0.0932407532415782	0.7539778516717821	0.200001	1.0
41770	0	0.0	-0.0	1.0	1.0
41772	0	0.007088159107521954	0.037023262660397675	0.9150010000000001	1.0
41773	0	0.029565747742080397	0.17481566785152297	0.6730010000000001	1.0
41778	0	0.03288198071651736	0.19789249849204169	0.6760010000000001	1.0
41779	0	0.009128799013349738	0.048236108567583626	0.9090010000000001	1.0
41780	0	0.0	-0.0	1.0	1.0
41790	0	0.09999363972288527	0.8333009901762727	0.168001	1.0
41800	3441	0.028078678132426996	0.1647032585180346	0.694001	1.0
41806	2710	0.009561747957012088	0.0506473984922127	0.9250010000000001	1.0
41807	0	0.03740579063324616	0.23055628012732357	0.610001	1.0
41809	3248	0.06462029844134541	0.45702809769838665	0.341001	1.0
41819	0	0.008235599351133488	0.04329730050977871	0.9120010000000001	1.0
41834	3518	0.08963429148619695	0.7130903237651343	0.199001	1.0
41838	0	0.0020542866642684864	0.010425984695151049	0.970001	1.0
41845	0	0.019474414366515275	0.10901001160664017	0.760001	1.0
41855	0	0.04030904651901837	0.25224773753858803	0.576001	1.0
41856	0	0.0	-0.0	1.0	1.0
41858	1971	0.08431948936519902	0.6546863097111537	0.229001	1.0
41885	0	0.08936320812139383	0.7100581727803532	0.181001	1.0
41897	0	0.028434795312821663	0.16711171649984138	0.6720010000000001	1.0
41901	0	0.02989779228331707	0.17709350741585067	0.6580010000000001	1.0
41914	0	0.04747726830508284	0.30828466634254714	0.48700099999999996	1.0
41919	0	0.09327088580381127	0.7543237812123305	0.170001	1.0
41922	2582	0.015627153409110885	0.08563395760103135	0.835001	1.0
41929	0	0.06979213525639563	0.5060988336023089	0.327001	1.0
41935	0	0.0006102659410373319	0.0030716054396075004	0.991001	1.0
41937	0	0.015114502289928756	0.08258903577914316	0.823001	1.0
41944	0	0.008953490715278796	0.0472629656279587	0.9070010000000001	1.0
41946	742	0.040118741600996474	0.2508082958314358	0.572001	1.0
41948	4693	0.0489799775999641	0.3204851836851904	0.47500099999999995	1.0
41949	0	0.003759783752577437	0.019269308012075145	0.954001	1.0
41958	0	0.046303092023292976	0.29886153267468896	0.501001	1.0
41961	913	0.039271930731907295	0.24443311750421678	0.566001	1.0
41979	0	0.07107001883812517	0.518529649223928	0.30500099999999997	1.0
41994	0	0.023265057258486727	0.1329585699533417	0.725001	1.0
41997	0	0.0	-0.0	1.0	1.0
42000	0	0.0	-0.0	1.0	1.0
42006	0	0.01406139405442954	0.07638525245955848	0.876001	1.0
42026	0	0.0025101008574413518	0.012772739169405887	0.966001	1.0
42037	0	0.0694892776132787	0.5031705969827216	0.313001	1.0
42038	0	0.06834282514043913	0.4921477422550443	0.332001	1.0
42040	0	0.014144960975726487	0.0768750278744889	0.843001	1.0
42049	0	0.05777514131129327	0.3951006563341286	0.41100099999999995	1.0
42052	0	0.0	-0.0	1.0	1.0
42081	0	0.037684536065871174	0.232614044982199	0.6710010000000001	1.0
42085	2648	0.03391181053682173	0.20520758503849118	0.634001	1.0
42090	3218	0.06018276655295845	0.41649337999503844	0.49100099999999997	1.0
42098	0	0.0	-0.0	1.0	1.0
42116	0	0.0065278804613292645	0.03398845342458374	0.9190010000000001	1.0
42118	0	0.01452160484327998	0.0790878588764077	0.845001	1.0
42128	147	0.0	-0.0	1.0	1.0
42161	4291	0.05417476182646971	0.3638893770791197	0.42000099999999996	1.0
42173	0	0.02470053850077847	0.1422680735370786	0.705001	1.0
42203	0	0.01106808646519196	0.05912562415501271	0.871001	1.0
42218	0	0.05190702462769013	0.34470639203199693	0.457001	1.0
42240	3107	0.007981178675378741	0.04189933108421807	0.899001	1.0
42242	0	0.03910826603550602	0.2432066146747054	0.5580010000000001	1.0
42246	0	0.10593510865131872	0.9061076468018371	0.123001	1.0
42261	0	0.07411157795046634	0.5486089384037921	0.267001	1.0
42265	0	0.0302995258707935	0.17985913645759047	0.6700010000000001	1.0
42267	3244	0.037684536065871174	0.232614044982199	0.6710010000000001	1.0
42268	0	0.04325945953793257	0.2748820956489693	0.511001	1.0
42276	0	0.053177904985694996	0.3554117877881856	0.43500099999999997	1.0
42277	0	0.07464249102349901	0.5539306924920828	0.28900099999999995	1.0
42299	0	0.01860589597779043	0.10365149868953333	0.777001	1.0
42340	1829	0.09272550706563047	0.7480737654260756	0.200001	1.0
42344	0	0.0038794007570829986	0.019895970244472018	0.949001	1.0
42351	1068	0.07424057578575098	0.54990002900068	0.260001	1.0
42364	0	0.016821282370023675	0.09279011228241478	0.814001	1.0
42365	0	0.01773819164652587	0.09834553329395071	0.8090010000000001	1.0
42366	4634	0.0	-0.0	1.0	1.0
42368	0	0.08044161654028086	0.6134510555625325	0.225001	1.0
42371	0	0.04218418216328861	0.2665636978561217	0.6770010000000001	1.0
42373	0	0.019198477626499642	0.10730239128120568	0.7920010000000001	1.0
42392	988	0.0053900959210377575	0.02788324360414081	0.9300010000000001	1.0
42405	0	0.0	-0.0	1.0	1.0
42422	4736	0.0459414704152356	0.2959787842264599	0.512001	1.0
42423	3249	0.055024703561015485	0.37117359256724775	0.42700099999999996	1.0
42431	0	0.11042680530794963	0.9630447485702704	0.098001	1.0
42452	4006	0.04672977825324602	0.30227468579723443	0.512001	1.0
42473	0	0.10959960807195487	0.9524356836107006	0.104001	1.0
42489	4136	0.09222789684490196	0.7423916088291086	0.166001	1.0
42492	0	0.06180552538127758	0.4311496512634185	0.37300099999999997	1.0
42501	1402	0.09519621214395191	0.7765756331253664	0.176001	1.0
42520	0	0.0008256498917580679	0.004160843976738207	0.987001	1.0
42545	0	0.004464780501570318	0.022974913964707307	0.947001	1.0
42546	0	0.0894943118950512	0.7115238915713484	0.192001	1.0
42566	0	0.1162772098664375	1.039680146340464	0.091001	1.0
42587	499	0.0	-0.0	1.0	1.0
42615	891	0.23896330927389597	3.348248827348537	0.001001	0.3653316333333333
42628	0	0.0124232872403438	0.06687158158133581	0.854001	1.0
42630	0	0.02379384093167274	0.13637243023444198	0.738001	1.0
42655	4737	0.017299899186400156	0.09568340130930163	0.8110010000000001	1.0
42657	0	0.0	-0.0	1.0	1.0
42663	0	0.027166220727246622	0.1585700920604879	0.712001	1.0
42699	0	0.1474567249307072	1.496635836551679	0.036001	0.9905231026894865
42705	0	0.032130858834588084	0.19260172884440865	0.649001	1.0
42706	0	0.0	-0.0	1.0	1.0
42713	0	0.02319220033003116	0.13248961101570883	0.747001	1.0
42720	0	0.0	-0.0	1.0	1.0
42738	0	0.021389593056828634	0.12099514794058377	0.752001	1.0
42770	0	0.0	-0.0	1.0	1.0
42777	0	0.0928560993058601	0.7495682129335554	0.189001	1.0
42795	0	0.010337060409936344	0.05499389250921792	0.879001	1.0
42808	0	0.06269141989028451	0.43923182209926503	0.35200099999999995	1.0
42811	0	0.09447549432268057	0.7682116762268236	0.161001	1.0
42817	147	0.10180449295406989	0.8551903428651353	0.150001	1.0
42828	2131	0.029308979109697743	0.17305920316624235	0.6670010000000001	1.0
42845	600	0.01906458802888343	0.10647555795243793	0.776001	1.0
42853	0	0.04938582581962307	0.32380747022775574	0.453001	1.0
42879	0	0.0	-0.0	1.0	1.0
42897	0	0.025621164948785555	0.14830867143542684	0.710001	1.0
42898	0	0.06972428985084636	0.5054422633015518	0.30700099999999997	1.0
42904	0	0.0	-0.0	1.0	1.0
42906	0	0.021519032560659804	0.121813600811037	0.747001	1.0
42907	0	0.00029063800542687875	0.0014601518024195317	0.996001	1.0
42918	0	0.022500792987881924	0.12805619011529337	0.761001	1.0
42926	4738	0.0888559824532097	0.704400120748673	0.208001	1.0
42932	2100	0.10620180132359723	0.9094424826609652	0.114001	1.0
42933	0	0.007538495948351195	0.03947620360132557	0.9260010000000001	1.0
42938	0	0.011928208212284313	0.06402879891326123	0.858001	1.0
42946	940	0.0	-0.0	1.0	1.0
42962	735	0.05125850580280075	0.33928770077093484	0.464001	1.0
42968	0	0.14005567491641388	1.3806321818008587	0.046001	1.0
42971	1397	0.020703897512657207	0.11667727897204404	0.775001	1.0
42972	2018	0.0060327987778229925	0.03132241641111927	0.9240010000000001	1.0
42979	0	0.02433111099500685	0.13985952964632145	0.698001	1.0
42992	2764	0.05153074590176279	0.34155877015047303	0.445001	1.0
42993	0	0.009644828447771904	0.05111141113783658	0.885001	1.0
42994	0	0.0414910505858235	0.26124378827463546	0.524001	1.0
43011	1311	0.10608278532965468	0.9079535452833808	0.125001	1.0
43020	913	0.1134016284934414	1.0016607348803752	0.099001	1.0
43044	0	0.045643890187744784	0.2936133877185378	0.514001	1.0
43060	0	0.05118347435812354	0.338662699288951	0.572001	1.0
43065	0	0.0033148948604042223	0.016945983955055775	0.961001	1.0
43073	0	0.11477193724882905	1.019693179333538	0.100001	1.0
43083	821	0.06582120663122323	0.4682460603385227	0.35700099999999996	1.0
43087	0	0.030045281994015145	0.17810762433681032	0.6680010000000001	1.0
43090	0	0.04716613013457813	0.305778303233542	0.49800099999999997	1.0
43095	1567	0.05646604084081892	0.38364449880650275	0.440001	1.0
43101	0	0.02584408910923067	0.14977962892012092	0.698001	1.0
43104	0	0.08423762456051576	0.6538038364252577	0.216001	1.0
43108	3582	0.0036233683216630452	0.018555671023419516	0.954001	1.0
43111	0	0.012759050457897932	0.068808128548575	0.842001	1.0
43120	0	0.06514827264914948	0.46194694364604433	0.324001	1.0
43129	0	0.06540590968243877	0.46435465736543713	0.323001	1.0
43132	0	0.0	-0.0	1.0	1.0
43135	4020	0.01967112729048309	0.11023030266535393	0.758001	1.0
43150	0	0.0	-0.0	1.0	1.0
43156	0	0.04604813559723566	0.29682814236737776	0.503001	1.0
43169	0	0.07883202853435506	0.5966742042726554	0.265001	1.0
43173	0	0.07879438415031406	0.5962842012580922	0.241001	1.0
43194	0	0.008433896019534372	0.044389590270451196	0.9080010000000001	1.0
43204	1254	0.051743408660753026	0.3433364891545901	0.468001	1.0
43207	1408	0.15344889972862857	1.594072698300823	0.030001	0.9576704052478133
43236	831	0.030043180617549244	0.17809316551406576	0.631001	1.0
43248	0	0.07786638193432077	0.5867040580924366	0.254001	1.0
43252	4673	0.08897104191140423	0.705681835611393	0.195001	1.0
43265	0	0.013937451146718753	0.07565963416023837	0.824001	1.0
43266	994	0.0	-0.0	1.0	1.0
43275	0	0.005884882242436485	0.03052871827431627	0.938001	1.0
43280	147	0.03009096961910668	0.17842205663401314	0.653001	1.0
43293	0	0.0516163890820468	0.3422743045804584	0.456001	1.0
43295	878	0.016323243162310205	0.08979464270632113	0.840001	1.0
43297	0	0.14963374945855154	1.5316697862839521	0.031001	0.9697998542857144
43305	4745	0.06770141138807459	0.486023310772112	0.328001	1.0
43307	0	0.015796015341374127	0.08664050645543515	0.824001	1.0
43309	4071	0.0059484151623502915	0.03086946659407765	0.9330010000000001	1.0
43318	887	0.030902171213172944	0.18402787985604493	0.6700010000000001	1.0
43324	0	0.0781782957086234	0.5899167538762294	0.275001	1.0
43333	0	0.09392034176674215	0.76179710781054	0.180001	1.0
43348	0	0.04912050049126414	0.3216341971475463	0.46900099999999995	1.0
43358	0	0.059674776988531214	0.41194472920998715	0.36900099999999997	1.0
43369	2737	0.0	-0.0	1.0	1.0
43372	0	0.04032025471257304	0.2523325920744188	0.5450010000000001	1.0
43380	3196	0.009909294576397516	0.052591269697014595	0.898001	1.0
43389	0	0.0	-0.0	1.0	1.0
43398	0	0.010659447436766506	0.056811995862247396	0.872001	1.0
43415	0	0.04375320528970372	0.2787284672015382	0.5400010000000001	1.0
43447	2001	0.0	-0.0	1.0	1.0
43455	0	0.04953827625902109	0.32505842944089736	0.520001	1.0
43472	887	0.09316115415080096	0.753064377963792	0.166001	1.0
43481	0	0.0	-0.0	1.0	1.0
43492	0	0.05172301896531155	0.34316590593720303	0.450001	1.0
43532	0	0.0	-0.0	1.0	1.0
43555	1482	0.009995050334196908	0.05307204053446459	0.892001	1.0
43564	0	0.05954051278450051	0.41074562687649907	0.396001	1.0
43584	4025	0.12322866467653847	1.1344210206432033	0.066001	1.0
43592	2364	0.016360366351311224	0.09001738604277723	0.8100010000000001	1.0
43600	0	0.05753451226899986	0.3929856086753378	0.402001	1.0
43603	0	0.050637643075105536	0.3341279884249809	0.451001	1.0
43620	0	0.039831746933289086	0.24864218584548195	0.5580010000000001	1.0
43625	0	0.03836058801603056	0.2376267079562925	0.5560010000000001	1.0
43627	4746	0.04064902417156042	0.25482544996493633	0.5450010000000001	1.0
43644	0	0.0479562860357018	0.31215662409745765	0.48600099999999996	1.0
43653	0	0.0	-0.0	1.0	1.0
43677	0	0.06732756299995264	0.48246775600264313	0.322001	1.0
43680	0	0.02630977812632798	0.15286287788347178	0.706001	1.0
43704	0	0.0	-0.0	1.0	1.0
43705	4666	0.07215302656537242	0.5291603797162864	0.315001	1.0
43706	0	0.0	-0.0	1.0	1.0
43720	0	0.025757154030325205	0.14920560704092561	0.731001	1.0
43723	0	0.04648056450625966	0.3002796295693182	0.49000099999999996	1.0
43740	4412	0.03468170963941935	0.21072266759591432	0.614001	1.0
43742	1192	0.10788018015303419	0.9305620382247878	0.128001	1.0
43767	0	0.0824579058001771	0.6347468816063452	0.215001	1.0
43780	0	0.00884768505515792	0.046676534089792276	0.890001	1.0
43781	0	0.1434132837611592	1.4326679955234922	0.040001	1.0
43793	0	0.09462689800408511	0.7699653126473008	0.163001	1.0
43796	0	0.06260230195279871	0.43841618860590126	0.35500099999999996	1.0
43799	3196	0.1083315946116142	0.9362813838307198	0.114001	1.0
43804	887	0.024295241112793717	0.13962613950101885	0.723001	1.0
43813	0	0.04515530993346289	0.28974313655568495	0.49600099999999997	1.0
43848	0	0.037773680339378474	0.23327324041280983	0.565001	1.0
43855	0	0.0	-0.0	1.0	1.0
43863	1160	0.05196250305831343	0.34517132581294646	0.458001	1.0
43886	349	0.020003131637298572	0.11229542485806704	0.775001	1.0
43927	884	0.13039037534638903	1.2362646543823148	0.075001	1.0
43945	425	0.07430677658738129	0.5505630949216125	0.28800099999999995	1.0
43960	4053	0.0017183360939646633	0.0087041318758296	0.978001	1.0
43968	0	0.01389077953593501	0.0753866435586212	0.847001	1.0
43976	0	0.05506352708847784	0.3715075541506141	0.41200099999999995	1.0
44000	0	0.004073621609454058	0.020915274958530024	0.945001	1.0
44036	4053	0.05630409374406223	0.3822358452215986	0.42400099999999996	1.0
44041	0	0.031431616002001346	0.18771009754861215	0.6770010000000001	1.0
44048	3804	0.01068665948136645	0.05696574816845329	0.9170010000000001	1.0
44060	0	0.018858148929070728	0.10520291651471977	0.7900010000000001	1.0
44113	1740	0.006526469662435105	0.033980835398781745	0.9360010000000001	1.0
44121	0	0.13640765320974121	1.3252009654406134	0.045001	1.0
44148	499	0.008611666892391769	0.04537083353424698	0.9170010000000001	1.0
44158	0	0.010429677919307413	0.055515561352087815	0.862001	1.0
44166	0	0.0	-0.0	1.0	1.0
44169	1182	0.05634660721316678	0.38260545482073033	0.41500099999999995	1.0
44177	0	0.053814194256665476	0.36081481411372307	0.451001	1.0
44179	297	0.00271650273460676	0.013839404035165028	0.971001	1.0
44184	4253	0.039789432102220634	0.24832328789122882	0.5470010000000001	1.0
44186	4070	0.06337713304777247	0.44552711442392817	0.35700099999999996	1.0
44193	0	0.04303381908566695	0.2731299204067202	0.5470010000000001	1.0
44201	0	0.029908200931979115	0.17716502865728412	0.642001	1.0
44223	0	0.051894148310443894	0.3445985140178644	0.43100099999999997	1.0
44232	0	0.011260615166541907	0.06021921436181475	0.863001	1.0
44235	0	0.005201353732377498	0.026877934424623707	0.945001	1.0
44255	352	0.026766451006013728	0.1559001338933667	0.717001	1.0
44256	1701	0.0023279922332761216	0.011833694569582985	0.978001	1.0
44259	0	0.11832864814768225	1.067220917004593	0.08500100000000001	1.0
44265	0	0.0959757780935582	0.7856688243417537	0.151001	1.0
44278	0	0.04803174365191418	0.31276802264070863	0.49400099999999997	1.0
44281	0	0.0	-0.0	1.0	1.0
44295	2806	0.0634642354036349	0.44632923607001096	0.35700099999999996	1.0
44297	0	0.06175577334061216	0.4306974545319551	0.389001	1.0
44299	1756	0.027203648899818113	0.1588205988795341	0.700001	1.0
44306	1066	0.0	-0.0	1.0	1.0
44322	4455	0.05566167458521953	0.37666649057232404	0.42100099999999996	1.0
44347	0	0.04329901895183272	0.275189650166613	0.524001	1.0
44351	0	0.004541616052103736	0.023380554151806864	0.956001	1.0
44355	0	0.05794516821332769	0.3965976541285851	0.41700099999999996	1.0
44358	0	0.08271251507937759	0.637458241579488	0.215001	1.0
44367	0	0.0	-0.0	1.0	1.0
44388	0	0.07048055899813144	0.5127804338931774	0.323001	1.0
44390	1148	0.0	-0.0	1.0	1.0
44393	929	0.0	-0.0	1.0	1.0
44401	0	0.005373404311732825	0.02779425266880111	0.941001	1.0
44404	0	0.0	-0.0	1.0	1.0
44440	746	0.023491420568487832	0.1344177827600676	0.730001	1.0
44442	1500	0.0	-0.0	1.0	1.0
44446	370	0.07435440573444418	0.5510403519278025	0.28800099999999995	1.0
44465	1085	0.04079658963197873	0.25594675438772646	0.574001	1.0
44469	0	0.03403535886539999	0.20608993504094805	0.614001	1.0
44478	3463	0.020438493083069966	0.11501404657206198	0.765001	1.0
44492	1979	0.06707246420624166	0.48004753397993466	0.336001	1.0
44493	0	0.08503423429740123	0.6624130073313154	0.20200100000000001	1.0
44505	0	0.1650004030268616	1.7909195442476171	0.021001000000000002	0.9234426174698795
44520	0	0.03132899156541681	0.18699490717086914	0.6690010000000001	1.0
44537	3055	0.04757638190298462	0.30908449509770414	0.48700099999999996	1.0
44538	0	0.017425956060134865	0.09644781867134578	0.8080010000000001	1.0
44541	2722	0.07723997566729182	0.5802744565118768	0.267001	1.0
44551	1283	0.011730007254281933	0.06289492740645848	0.878001	1.0
44552	935	0.16197671764343377	1.7382370293750338	0.015000999999999999	0.7858657846889952
44558	656	0.11487604266497531	1.0210694675857745	0.098001	1.0
44568	0	0.050939999851087395	0.336637334563997	0.48300099999999996	1.0
44575	0	0.03211558642109837	0.192494542059988	0.643001	1.0
44577	0	0.02197721776871124	0.12471932911210502	0.750001	1.0
44579	0	0.003225805487725497	0.016482137920674413	0.966001	1.0
44581	147	0.09153440024424939	0.7345051277364417	0.177001	1.0
44586	0	0.05373945614581593	0.3601786823246729	0.439001	1.0
44598	0	0.07038615154597033	0.5118620555653614	0.317001	1.0
44618	0	0.009561747957012088	0.0506473984922127	0.9250010000000001	1.0
44629	0	0.004669492197487933	0.02405642993092845	0.952001	1.0
44630	0	0.021748850583018592	0.12326938846288288	0.733001	1.0
44632	2540	0.029353611979225678	0.1733642094645677	0.6730010000000001	1.0
44639	0	0.035393303710896676	0.21585544705420145	0.613001	1.0
44644	0	0.011147697764142494	0.05957755295716435	0.857001	1.0
44648	0	0.017732187785652623	0.09830898508695712	0.8020010000000001	1.0
44650	2610	0.003948402502799122	0.020257848148320594	0.946001	1.0
44657	0	0.04883759451653287	0.3193223760364523	0.459001	1.0
44662	0	0.08169096487416584	0.6266097678770206	0.256001	1.0
44671	0	0.03923867192609484	0.24418372833954138	0.576001	1.0
44676	19	0.08438255054339266	0.6553664396367778	0.260001	1.0
44680	0	0.07383712732365574	0.5458662379975864	0.28500099999999995	1.0
44717	1148	0.06256202035683896	0.43804771024695965	0.34400099999999995	1.0
44724	3682	0.05680803197989534	0.3866254133037124	0.527001	1.0
44725	2650	0.0973328772199858	0.8016136370694356	0.157001	1.0
44745	0	0.0	-0.0	1.0	1.0
44749	0	0.0	-0.0	1.0	1.0
44751	0	0.05037043206895091	0.331915704748168	0.507001	1.0
44759	0	0.009602111860076694	0.05087278252632478	0.886001	1.0
44784	0	0.029844907478083695	0.17673022891217693	0.6610010000000001	1.0
44789	0	0.03079707787205109	0.18329917756812475	0.6620010000000001	1.0
44790	0	0.037684536065871174	0.232614044982199	0.6710010000000001	1.0
44800	2491	0.010722709622032346	0.05716950662144685	0.853001	1.0
44801	0	0.043373019916935214	0.27576526058815276	0.500001	1.0
44802	0	0.023201788938395754	0.132551310611311	0.719001	1.0
44824	0	0.04459690011660589	0.2853400431316892	0.5350010000000001	1.0
44831	499	0.06620217835953221	0.4718270197844342	0.36000099999999996	1.0
44849	1068	0.008929978355357152	0.04713258905080915	0.886001	1.0
44859	0	0.0	-0.0	1.0	1.0
44864	0	0.016556015327797907	0.09119272556115389	0.819001	1.0
44871	0	0.037497858920522646	0.23123536784356338	0.598001	1.0
44876	2258	0.0014270386049614076	0.007216478313312948	0.979001	1.0
44897	0	0.002433315882030528	0.012376559735222831	0.981001	1.0
44903	3225	0.023214339691098426	0.13263207957839185	0.737001	1.0
44906	0	0.0128326229987306	0.06923339154028604	0.849001	1.0
44907	0	0.0023879333796833005	0.01214256691871403	0.974001	1.0
44922	1373	0.11608303358229442	1.0370913632648842	0.086001	1.0
44925	0	0.04266800643685225	0.2702967236632048	0.5310010000000001	1.0
44928	2823	0.01747559791033286	0.09674912395559024	0.7860010000000001	1.0
44930	0	0.0	-0.0	1.0	1.0
44934	0	0.013252548610863727	0.07166702104022035	0.847001	1.0
44943	1804	0.0758899333998929	0.5665185371944137	0.263001	1.0
44964	0	0.049544337517727556	0.32510820000622703	0.48200099999999996	1.0
44969	994	0.08409817278081146	0.6523017879835863	0.214001	1.0
44983	0	0.013170419745563412	0.07119019806853778	0.839001	1.0
44984	4640	0.0020378039073457727	0.01034135136230415	0.980001	1.0
44987	0	0.06532217529144087	0.46357159201602166	0.322001	1.0
44992	532	0.05787841691104753	0.3960096950942239	0.398001	1.0
45013	0	0.008436836432657725	0.04440580497691337	0.945001	1.0
45044	1185	0.01662545141866755	0.09161043075644082	0.829001	1.0
45045	0	0.06511912337798749	0.4616748407580691	0.34400099999999995	1.0
45069	2243	0.0	-0.0	1.0	1.0
45074	0	0.05770370925967676	0.3944723568986911	0.383001	1.0
45077	0	0.05448220483154271	0.36651827922702357	0.454001	1.0
45081	3321	0.02817165127292833	0.16533124403576765	0.6700010000000001	1.0
45089	1537	0.05646614800482764	0.3836454315681563	0.397001	1.0
45091	0	0.026237442034726374	0.1523830278237029	0.689001	1.0
45096	812	0.07060450980672461	0.5139872152057852	0.317001	1.0
45109	0	0.07172112565371587	0.5249103377991018	0.30100099999999996	1.0
45117	0	0.01396129805625105	0.07579917100621875	0.828001	1.0
45118	160	0.0	-0.0	1.0	1.0
45130	297	0.12043297167179162	1.0958347819481407	0.079001	1.0
45154	0	0.015527844703920565	0.08504282997728389	0.823001	1.0
45165	2744	0.0	-0.0	1.0	1.0
45172	0	0.12232302248219966	1.1218497416515207	0.065001	1.0
45178	2052	0.0007885462696617038	0.003973011445929244	0.987001	1.0
45184	4085	0.08148822658169266	0.624466298803332	0.239001	1.0
45186	0	0.04260614028758675	0.26981848616569243	0.5420010000000001	1.0
45199	0	0.04289589819548184	0.27206064768185423	0.523001	1.0
45209	988	0.04723977715490566	0.30637095267073616	0.456001	1.0
45216	0	0.002795997944565899	0.014250894661543261	0.960001	1.0
45228	1483	0.05436467225592334	0.365512477228667	0.463001	1.0
45233	529	0.13460336231510503	1.2982082024373205	0.045001	1.0
45234	0	0.11345328416416219	1.0023376892689442	0.099001	1.0
45237	0	0.0	-0.0	1.0	1.0
45247	0	0.07979682688301458	0.6067066001485873	0.243001	1.0
45257	935	0.08761439325547733	0.6906350167989712	0.231001	1.0
45288	0	0.003663320393528454	0.018764560649673762	0.955001	1.0
45298	0	0.011917823762237875	0.06396933160194862	0.885001	1.0
45299	0	0.0018873451889913004	0.009569531956650914	0.980001	1.0
45300	3633	0.0	-0.0	1.0	1.0
45305	4754	0.05633970300701901	0.38254542122498614	0.41300099999999995	1.0
45311	0	0.09873961130653844	0.8182962478163383	0.151001	1.0
45316	1728	0.0	-0.0	1.0	1.0
45329	0	0.0	-0.0	1.0	1.0
45342	3809	0.10520029878953405	0.8969490728772602	0.128001	1.0
45343	1299	0.09904727099487225	0.8219658404729357	0.153001	1.0
45347	3107	0.09323263572427547	0.7538846727303208	0.181001	1.0
45353	0	0.06827017489273435	0.49145252013970786	0.330001	1.0
45360	1065	0.04770597250072847	0.3101313051352501	0.507001	1.0
45361	297	0.03447097497932697	0.20920914651971606	0.601001	1.0
45368	0	0.016795474733764526	0.09263451027677225	0.8090010000000001	1.0
45375	1448	0.0	-0.0	1.0	1.0
45378	0	0.11202963722101784	0.983760848388445	0.104001	1.0
45379	0	0.08219748306341744	0.6319787716128015	0.218001	1.0
45387	0	0.1141785197219679	1.0118651763638988	0.055001	1.0
45388	0	0.03049665397322436	0.18122010984904624	0.636001	1.0
45398	0	0.06742209132258553	0.4833658069797319	0.320001	1.0
45412	0	0.04504347561098115	0.2888595829071857	0.49500099999999997	1.0
45421	0	0.014933464265533505	0.08151765522557387	0.8080010000000001	1.0
45422	0	0.0	-0.0	1.0	1.0
45431	0	0.06717918979245416	0.4810594951112682	0.333001	1.0
45438	0	0.023165337511857485	0.13231678893059928	0.744001	1.0
45445	0	0.1112497910157657	0.9736553062493809	0.096001	1.0
45447	735	0.0	-0.0	1.0	1.0
45453	0	0.1414348539716142	1.4018881506399705	0.043001	1.0
45456	0	0.095558501888582	0.780795546659846	0.161001	1.0
45474	2776	0.008629809872146635	0.04547108478485274	0.9100010000000001	1.0
45515	2648	0.007326821851366112	0.03832171908029663	0.9290010000000001	1.0
45518	2937	0.018561040151847	0.1033760448408213	0.866001	1.0
45529	0	0.0035038710097275785	0.017931440481592162	0.969001	1.0
45532	0	0.07231577163487819	0.530765471012694	0.31000099999999997	1.0
45546	0	0.19669449122804683	2.3937583446552395	0.004001	0.6394375839416058
45561	0	0.01719664681761382	0.0950580148709547	0.7920010000000001	1.0
45568	2550	0.012161074913972978	0.06536406404490434	0.864001	1.0
45583	0	0.022258675711203633	0.12651094123059914	0.732001	1.0
45592	0	0.06841342755528507	0.49282374332464157	0.31100099999999997	1.0
45603	913	0.021278531825386117	0.12029375412367675	0.768001	1.0
45604	0	0.013024407771375809	0.07034350981158558	0.851001	1.0
45638	0	0.08744018641044257	0.688713248189555	0.215001	1.0
45658	913	0.08376816364788346	0.6487532082193996	0.229001	1.0
45659	2161	0.0	-0.0	1.0	1.0
45677	988	0.004434148554684242	0.022813295306049246	0.944001	1.0
45689	2399	0.024094701206076617	0.13832284106283238	0.757001	1.0
45716	0	0.059057855028604084	0.4064458442683339	0.518001	1.0
45723	0	0.0793760146500032	0.6023220721216875	0.222001	1.0
45725	0	0.037684536065871174	0.232614044982199	0.6710010000000001	1.0
45730	0	0.05885465260880355	0.40464065252215087	0.448001	1.0
45738	0	0.010108344677185608	0.05370788572868817	0.881001	1.0
45776	4136	0.0	-0.0	1.0	1.0
45778	1769	0.0039371903352402714	0.020199027084963114	0.966001	1.0
45781	0	0.017008523784722493	0.09392029646682887	0.832001	1.0
45783	0	0.05906794819449804	0.4065355869871725	0.395001	1.0
45785	0	0.12511856855769027	1.1608764982837003	0.078001	1.0
45788	0	0.06468241265037589	0.4576057171699389	0.47000099999999995	1.0
45790	0	0.02661291807314601	0.15487749627590278	0.6750010000000001	1.0
45792	0	0.051256183941440575	0.33926835401368277	0.47700099999999995	1.0
45812	0	0.006564102675534145	0.03418408674640496	0.9270010000000001	1.0
45817	0	0.13029295865066137	1.2348502248768818	0.057001	1.0
45839	0	0.0	-0.0	1.0	1.0
45842	4432	0.04067925117636652	0.25505501421393945	0.529001	1.0
45853	916	0.04166903486690247	0.2626066992313435	0.5500010000000001	1.0
45855	0	0.00982728655293013	0.052131927630004404	0.899001	1.0
45862	0	0.011711208837538789	0.06278751006265884	0.861001	1.0
45875	2418	0.07950590472227084	0.6036739799309432	0.225001	1.0
45881	0	0.08859901787547245	0.7015413722479686	0.183001	1.0
45897	3214	0.04780873978506046	0.31096227729011305	0.593001	1.0
45910	0	0.004031319772030865	0.020693077725888527	0.952001	1.0
45917	0	0.06211139837234336	0.4339337035574897	0.327001	1.0
45925	0	0.07544154191648855	0.5619803104324554	0.29700099999999996	1.0
45944	3068	0.08430759097134925	0.654558017132284	0.212001	1.0
45950	0	0.13163466362281126	1.254401930507437	0.031001	0.9697998542857144
45958	0	0.03426468846811523	0.207730455922396	0.591001	1.0
45963	0	0.023265057258486727	0.1329585699533417	0.725001	1.0
45980	0	0.019616066660636828	0.10988849192475635	0.771001	1.0
45997	0	0.0	-0.0	1.0	1.0
46004	0	0.05209120494920957	0.34625074550338775	0.447001	1.0
46019	0	0.037854476390821956	0.2338711687186521	0.587001	1.0
46020	529	0.029379700390154986	0.17354254975908873	0.646001	1.0
46054	0	0.006478249520708175	0.033720528044639986	0.940001	1.0
46063	4551	0.00719185999800966	0.03758703261410359	0.9180010000000001	1.0
46070	0	0.07593152789391952	0.5669402915068499	0.35800099999999996	1.0
46087	0	0.07504609618238879	0.5579905717151399	0.28200099999999995	1.0
46094	370	0.01293648253007518	0.06983428616293266	0.880001	1.0
46097	0	0.02812376218621089	0.16500770728856007	0.689001	1.0
46103	3518	0.03827662731134558	0.23700248459482837	0.576001	1.0
46111	0	0.08845416863883185	0.6999321851289493	0.205001	1.0
46135	0	0.005141103259096745	0.02655746448434356	0.9370010000000001	1.0
46138	0	0.0	-0.0	1.0	1.0
46143	0	0.0	-0.0	1.0	1.0
46147	0	0.022076460612673453	0.12535047782677053	0.755001	1.0
46150	0	0.09333289503703475	0.7550358883354668	0.186001	1.0
46162	0	0.03517033525484483	0.21424350000773001	0.601001	1.0
46179	0	0.05831797245813797	0.39988730653546933	0.41200099999999995	1.0
46198	4321	0.0003989586482418678	0.002005602709545842	0.994001	1.0
46202	0	0.09784481455740313	0.8076665143424312	0.157001	1.0
46229	0	0.05712743403211481	0.3894170340525275	0.41100099999999995	1.0
46238	809	0.06492769149883669	0.4598894151368659	0.330001	1.0
46239	3966	0.010704102230795275	0.057064326173104904	0.883001	1.0
46244	3172	0.06692391156579508	0.47864037642629387	0.337001	1.0
46248	0	0.0020404063861831027	0.010354713146177027	0.979001	1.0
46249	0	0.04251170980096805	0.26908902841752985	0.574001	1.0
46251	0	0.037684536065871174	0.232614044982199	0.6710010000000001	1.0
46265	0	0.08112682672531801	0.6206531875257356	0.244001	1.0
46277	0	0.014805492715992769	0.08076154969586156	0.818001	1.0
46314	0	0.09803063732822517	0.8098687458136526	0.160001	1.0
46315	3527	0.010293235044621249	0.054747227805069326	0.885001	1.0
46319	0	0.08930503616140315	0.7094082500279194	0.183001	1.0
46328	0	0.08010519715770674	0.6099281645690254	0.245001	1.0
46347	0	0.09333583545446872	0.755069663290296	0.187001	1.0
46351	0	0.11023757184184194	0.9606128389678157	0.106001	1.0
46366	0	0.1308177527753537	1.242479439489584	0.058001000000000004	1.0
46373	1780	0.026715608087915208	0.1555613141152715	0.721001	1.0
46377	0	0.04829645638750821	0.3149160257575237	0.48500099999999996	1.0
46384	760	0.04386058819158356	0.27956723137047396	0.517001	1.0
46385	0	0.0	-0.0	1.0	1.0
46389	0	0.05988496765128698	0.4138245507990419	0.383001	1.0
46408	0	0.10320064144023092	0.8722465191847905	0.122001	1.0
46412	0	0.0	-0.0	1.0	1.0
46436	0	0.04824918260769855	0.31453206368680237	0.49200099999999997	1.0
46445	4317	0.0	-0.0	1.0	1.0
46451	0	0.02081086320055573	0.11734887698613457	0.813001	1.0
46465	0	0.0	-0.0	1.0	1.0
46480	557	0.0619160422965514	0.43215478680659	0.402001	1.0
46485	0	0.0	-0.0	1.0	1.0
46506	0	0.016570594875563935	0.09128040641518366	0.7940010000000001	1.0
46511	0	0.021334405602836906	0.12064651986522598	0.752001	1.0
46521	0	0.11912363818515953	1.0779876172841671	0.094001	1.0
46523	0	0.059740122261297574	0.4125287954583944	0.400001	1.0
46536	1007	0.035236054152669005	0.21471826643303235	0.592001	1.0
46562	3107	0.01869095316503467	0.1041741725237836	0.7970010000000001	1.0
46576	1470	0.005740640916601231	0.029755997108074077	0.9300010000000001	1.0
46583	0	0.0	-0.0	1.0	1.0
46592	4685	0.06552930349366842	0.46550955053382137	0.326001	1.0
46616	2423	0.07312290300159958	0.5387552769628146	0.29100099999999995	1.0
46618	0	0.17741138929806652	2.01587324888895	0.010001	0.6974582738853503
46642	4756	0.03831519740492344	0.23728918253169787	0.567001	1.0
46645	0	0.10106942376621408	0.8462732312601262	0.141001	1.0
46658	0	0.02660835691490393	0.15484713923267934	0.6840010000000001	1.0
46667	3107	0.028113118927651098	0.1649358222660821	0.6720010000000001	1.0
46679	0	0.0	-0.0	1.0	1.0
46685	0	0.0	-0.0	1.0	1.0
46691	0	0.027166045045168927	0.15856891643566515	0.6800010000000001	1.0
46695	0	0.04860874088310602	0.31745636975100605	0.468001	1.0
46710	0	0.06150782465855588	0.428446539322691	0.35600099999999996	1.0
46717	1007	0.0	-0.0	1.0	1.0
46729	0	0.0	-0.0	1.0	1.0
46737	0	0.0460669930046287	0.296978383397424	0.519001	1.0
46761	0	0.05497752506905446	0.3707679064708253	0.42300099999999996	1.0
46767	0	0.025757510110818747	0.14920795719682367	0.712001	1.0
46769	0	0.033167840482046296	0.19991591826725913	0.613001	1.0
46792	1343	0.014002889247358381	0.0760426202084345	0.857001	1.0
46797	0	0.03148523543287278	0.1880840494630357	0.641001	1.0
46810	1872	0.1141785197219679	1.0118651763638988	0.055001	1.0
46811	0	0.045557651923055414	0.29292905148670356	0.518001	1.0
46820	0	0.025360179129176805	0.14659066248160715	0.711001	1.0
46821	0	0.037467155646680184	0.23100883934633437	0.601001	1.0
46826	1689	0.020173573973252812	0.11335832102593556	0.758001	1.0
46831	0	0.038943155612527085	0.24197112629579312	0.601001	1.0
46843	0	0.04707168713986743	0.30501886017449625	0.528001	1.0
46868	0	0.0026737698125900156	0.013618359193550124	0.973001	1.0
46869	0	0.11276169941044821	0.9932925695431717	0.100001	1.0
46879	3556	0.05147745322206218	0.34111378105843865	0.455001	1.0
46913	1109	0.019393460959675986	0.10850853612743859	0.8070010000000001	1.0
46927	1110	0.07145412044459515	0.5222899130109905	0.29400099999999996	1.0
46943	2549	0.032370083290856985	0.19428270837607123	0.632001	1.0
46968	0	0.051134785527820796	0.33825734130587726	0.465001	1.0
46970	0	0.0908054286591343	0.7262559390160717	0.177001	1.0
46972	0	0.06384047941806993	0.4498004417944276	0.342001	1.0
46991	0	0.06875126878383264	0.49606361762980317	0.30700099999999997	1.0
46993	0	0.004529979842775429	0.023319100299393415	0.954001	1.0
46994	0	0.05688914677395152	0.3873336727805672	0.392001	1.0
46995	4672	0.005162433244333832	0.02667089318706866	0.941001	1.0
47017	0	0.06594138739258407	0.4693745477166188	0.35100099999999995	1.0
47025	529	0.0	-0.0	1.0	1.0
47040	0	0.10945881441890828	0.9506355242317428	0.107001	1.0
47043	1186	0.039258168948469924	0.24432991645247026	0.5410010000000001	1.0
47053	0	0.0028122788108859084	0.014335215013989084	0.981001	1.0
47059	0	0.05905140737301224	0.4063885192257709	0.406001	1.0
47062	3016	0.005947223606354227	0.030863073665337894	0.9290010000000001	1.0
47064	0	0.06443802825987104	0.4553347478869616	0.36900099999999997	1.0
47085	0	0.06511400618651196	0.4616270792075444	0.334001	1.0
47087	1179	0.0	-0.0	1.0	1.0
47096	3518	0.06893689294053262	0.49784735215252884	0.330001	1.0
47102	2857	0.07564716483950885	0.5640595575246612	0.28900099999999995	1.0
47104	0	0.013735576318041495	0.0744798007935846	0.854001	1.0
47108	3020	0.013001390442231388	0.07021015772968608	0.864001	1.0
47124	3396	0.014550698959503984	0.07925915635581539	0.817001	1.0
47126	3572	0.048567084299646526	0.3171171097875666	0.47200099999999995	1.0
47127	606	0.10831973118125647	0.9361308639980634	0.120001	1.0
47130	4759	0.05896262242514677	0.4055994530365415	0.41800099999999996	1.0
47141	0	0.0	-0.0	1.0	1.0
47151	0	0.04114679446210858	0.25861382454217213	0.5590010000000001	1.0
47215	0	0.11352759221764389	1.0033118910317387	0.103001	1.0
47221	0	0.027609849973321415	0.1615451877338973	0.646001	1.0
47227	0	0.068057147223439	0.4894162239815817	0.449001	1.0
47239	0	0.09842975838100682	0.8146081278821939	0.191001	1.0
47244	0	0.07347094171528848	0.5422156252204353	0.28500099999999995	1.0
47246	0	0.07509899344079954	0.5585235790590324	0.269001	1.0
47248	0	0.04687578716162065	0.30344556008939316	0.499001	1.0
47249	0	0.055536359083559056	0.3755835389126416	0.43100099999999997	1.0
47251	8	0.011057810307031679	0.05906731778205144	0.892001	1.0
47256	0	0.050647244499428354	0.33420757407068263	0.47600099999999995	1.0
47261	1530	0.0723219014350279	0.5308259656756369	0.28300099999999995	1.0
47292	0	0.09466227714558892	0.7703753535599798	0.170001	1.0
47303	0	0.021513922248264268	0.12178126775464668	0.754001	1.0
47304	0	0.032925339327935496	0.1981990560001835	0.618001	1.0
47311	0	0.020593591198421624	0.11598546897357828	0.772001	1.0
47313	0	0.0978653844617742	0.8079101579960235	0.143001	1.0
47324	0	0.015626495650148557	0.08563004031893648	0.7940010000000001	1.0
47342	0	0.0664139971191457	0.4738226546533578	0.340001	1.0
47351	0	0.0065495432505283165	0.034105443007972774	0.9270010000000001	1.0
47358	0	0.0	-0.0	1.0	1.0
47361	0	0.006107136230779374	0.031721792976382016	0.9310010000000001	1.0
47366	0	0.019037713627891216	0.10630973203830815	0.771001	1.0
47368	0	0.08268099704004568	0.6371223322809835	0.30200099999999996	1.0
47378	0	0.05745293638901858	0.3922695321762517	0.41800099999999996	1.0
47391	0	0.029708070474172933	0.17579111813770598	0.6590010000000001	1.0
47397	0	0.09614415843391597	0.7876392111187612	0.168001	1.0
47398	0	0.0424873626539838	0.2689010508978732	0.5360010000000001	1.0
47405	0	0.018015272174943617	0.1000347137402534	0.8020010000000001	1.0
47414	0	0.04668382826070608	0.3019065116798329	0.616001	1.0
47424	0	0.0	-0.0	1.0	1.0
47430	1491	0.04367884357511234	0.27814809777168886	0.513001	1.0
47441	0	0.03668835898693276	0.22528421707695664	0.566001	1.0
47451	2739	0.08328559537490922	0.6435792886161709	0.251001	1.0
47456	0	0.0	-0.0	1.0	1.0
47460	2709	0.12304411295365501	1.131853671739126	0.073001	1.0
47473	3416	0.12485430955977753	1.157159269009441	0.072001	1.0
47486	0	0.075525918130879	0.5628331309253416	0.281001	1.0
47503	917	0.10913125796294032	0.9464537102531465	0.110001	1.0
47515	0	0.040027482121253524	0.25011889912493934	0.581001	1.0
47518	0	0.12917532361795497	1.2186805178127844	0.058001000000000004	1.0
47582	4436	0.09611562187059611	0.7873051179739133	0.145001	1.0
47597	0	0.0782418868136783	0.5905726477359232	0.248001	1.0
47607	2832	0.10628617643912139	0.9104987442456559	0.120001	1.0
47610	0	0.0	-0.0	1.0	1.0
47621	0	0.031847159771821246	0.19061316650231347	0.626001	1.0
47627	1283	0.07714016498234262	0.5792527269010126	0.254001	1.0
47628	4024	0.018733186228591492	0.10443386305455445	0.7880010000000001	1.0
47629	0	0.09254101877497012	0.7459648406584576	0.187001	1.0
47645	0	0.06331547636782522	0.4449596569743075	0.34500099999999995	1.0
47650	0	0.09516634478964565	0.776228205027991	0.158001	1.0
47668	0	0.021990145996450668	0.12480151228652606	0.755001	1.0
47680	0	0.19303469052600225	2.319340272732364	0.009000999999999999	0.6796686137931034
47682	0	0.037049833623244044	0.22793617036678976	0.597001	1.0
47698	0	0.07597809549724413	0.567412626908578	0.276001	1.0
47708	0	0.06749982060703408	0.4841047574132254	0.30300099999999996	1.0
47709	3360	0.1164283427706766	1.0416972275920968	0.028001	0.9234426174698795
47734	0	0.06695659402115156	0.478949819250753	0.34700099999999995	1.0
47740	0	0.018859033547703394	0.10520836420639759	0.775001	1.0
47751	2745	0.018197754354596554	0.10114982803142317	0.7920010000000001	1.0
47768	2235	0.020458581439846402	0.11513977928438959	0.746001	1.0
47769	4762	0.07369973500998298	0.5444953500390437	0.280001	1.0
47787	2036	0.06354541480287997	0.4470773142086133	0.37200099999999997	1.0
47789	0	0.018123608298334766	0.1006964825411312	0.8020010000000001	1.0
47793	0	0.0	-0.0	1.0	1.0
47796	0	0.01255266620337878	0.06761696643860861	0.849001	1.0
47797	0	0.05745533618703663	0.392290590854381	0.391001	1.0
47801	3107	0.06223778320573485	0.43508605154090796	0.376001	1.0
47824	1644	0.06184185502894862	0.43147996585770954	0.36900099999999997	1.0
47827	0	0.04079461782297353	0.2559317613885734	0.564001	1.0
47845	529	0.014354115130406787	0.07810275005695384	0.842001	1.0
47874	3986	0.0	-0.0	1.0	1.0
47913	1259	0.015579831521700362	0.08535220098977268	0.819001	1.0
47914	0	0.03230133301093755	0.19379922498002033	0.628001	1.0
47937	1431	0.0570680815724857	0.3888977292115119	0.406001	1.0
47946	3540	0.06673231199798542	0.47682786998090637	0.34500099999999995	1.0
47951	0	0.02080247659927693	0.11729619430380842	0.762001	1.0
47975	1727	0.11884239112317545	1.0741726309380606	0.097001	1.0
47989	0	0.011945488101721748	0.0641277681154706	0.862001	1.0
48004	3577	0.03192057487598166	0.19112725004733802	0.645001	1.0
48006	4703	0.06305095382687884	0.44252828366391095	0.41000099999999995	1.0
48020	4032	0.0	-0.0	1.0	1.0
48051	2549	0.0	-0.0	1.0	1.0
48070	0	0.0744755214044609	0.5522547345856226	0.317001	1.0
48081	0	0.0	-0.0	1.0	1.0
48101	0	0.021237717751243772	0.12003619546805777	0.757001	1.0
48128	4763	0.0	-0.0	1.0	1.0
48129	0	0.004889218027389498	0.025220031557938723	0.944001	1.0
48145	0	0.009561747957012088	0.0506473984922127	0.9250010000000001	1.0
48147	4764	0.06858638387193042	0.4944813229554359	0.327001	1.0
48153	0	0.05592205058213869	0.37892021003860576	0.40700099999999995	1.0
48157	0	0.15231413744006272	1.575377431397936	0.025001000000000002	0.9234426174698795
48169	2445	0.01498133473079677	0.08180075391724043	0.8100010000000001	1.0
48170	0	0.13543959402977634	1.3106837676729142	0.039001	1.0
48182	0	0.08941319012555313	0.7106168049708054	0.192001	1.0
48197	0	0.062157664000679166	0.4343554075777334	0.35900099999999996	1.0
48219	0	0.06705503094835545	0.47988231371912604	0.323001	1.0
48232	0	0.0018598634568555983	0.009428699853373655	0.982001	1.0
48238	2790	0.06515053048398603	0.46196802271470006	0.327001	1.0
48253	0	0.037684536065871174	0.232614044982199	0.6710010000000001	1.0
48255	1110	0.03250382253622962	0.1952241248661373	0.638001	1.0
48256	0	0.01759083518368549	0.09744916266368826	0.8060010000000001	1.0
48258	0	0.1371495058269051	1.3363804273572726	0.028001	0.9234426174698795
48270	0	0.09118493446182785	0.730545299319026	0.182001	1.0
48278	0	0.0476490947012439	0.30967171149272793	0.48400099999999996	1.0
48285	1397	0.0007112324173846	0.0035818767643020742	0.994001	1.0
48288	0	0.03288506163315992	0.19791427729824326	0.627001	1.0
48304	1343	0.037684536065871174	0.232614044982199	0.6710010000000001	1.0
48313	0	0.08323887394338032	0.6430793117981132	0.213001	1.0
48314	2634	0.09116327222028406	0.7303001580110519	0.183001	1.0
48319	4766	0.10012369216859127	0.8348642918079047	0.146001	1.0
48343	0	0.04492402512210846	0.2879168166124446	0.514001	1.0
48391	1273	0.07623880341369688	0.570060021915751	0.257001	1.0
48395	1604	0.00337557916637481	0.01726220591115552	0.968001	1.0
48398	0	0.08629306088733177	0.676117620594626	0.211001	1.0
48405	0	0.0365596245415168	0.2243418908578646	0.709001	1.0
48408	0	0.02226974579090724	0.12658151113883453	0.754001	1.0
48414	0	0.012261722594886774	0.06594221090974826	0.853001	1.0
48422	0	0.0836268969460426	0.6472367395719263	0.222001	1.0
48429	4136	0.11289526813990247	0.9950364299472434	0.105001	1.0
48442	0	0.0606209923099064	0.42043241161342265	0.400001	1.0
48447	1200	0.013385188977616926	0.07243798163054765	0.841001	1.0
48489	0	0.013436203826330286	0.07273479002054878	0.865001	1.0
48493	0	0.03778123709058003	0.23332914511594902	0.578001	1.0
48496	4764	0.08178661524723768	0.6276221356834398	0.230001	1.0
48510	0	0.0	-0.0	1.0	1.0
48514	4061	0.01857323499482577	0.10345091923727681	0.813001	1.0
48525	0	0.018739483521259374	0.10447259466652463	0.7810010000000001	1.0
48531	2858	0.0011576835232906656	0.005845289783367174	0.989001	1.0
48551	1689	0.07771191046429211	0.585115750502051	0.316001	1.0
48556	0	0.023564167172684503	0.13488743140100462	0.755001	1.0
48560	4768	0.07383116439064874	0.5458067108865328	0.28500099999999995	1.0
48562	2407	0.10173276305059002	0.854318279317628	0.134001	1.0
48563	0	0.04837479407640626	0.31555263701482894	0.456001	1.0
48583	0	0.0	-0.0	1.0	1.0
48601	0	0.09393011228358933	0.7619097918378895	0.230001	1.0
48605	916	0.01065573630752595	0.056791030899852483	0.878001	1.0
48607	0	0.028761551834657378	0.16932892172576572	0.704001	1.0
48618	0	0.014808366754430969	0.08077851946606557	0.8080010000000001	1.0
48634	1227	0.167529059791364	1.8356119848792276	0.013000999999999999	0.729989482051282
48642	1604	0.0855813050901382	0.6683537801942652	0.240001	1.0
48650	4292	0.06576993590331166	0.4677649567323413	0.35400099999999995	1.0
48669	0	0.03165523078320682	0.18927088950800566	0.639001	1.0
48670	0	0.0	-0.0	1.0	1.0
48691	0	0.06787292146964763	0.48765795617783647	0.328001	1.0
48692	0	0.039399150995120535	0.24538776679129037	0.587001	1.0
48698	0	0.0	-0.0	1.0	1.0
48702	3795	0.11558062393595439	1.0304076372637347	0.096001	1.0
48722	3345	0.1530351515252078	1.5872429661538519	0.024001	0.9234426174698795
48724	940	0.06110652457458939	0.42481297487879743	0.36600099999999997	1.0
48727	0	0.0	-0.0	1.0	1.0
48736	0	0.04179383250036177	0.2635636323308464	0.521001	1.0
48744	2941	0.1445997727019363	1.4512904181626598	0.046001	1.0
48751	3257	0.03051576963521882	0.18135222102826612	0.6560010000000001	1.0
48766	0	0.0	-0.0	1.0	1.0
48775	0	0.0	-0.0	1.0	1.0
48794	0	0.019946440018946587	0.11194229862908948	0.777001	1.0
48798	0	0.00891114116490609	0.04702816052046958	0.898001	1.0
48810	0	0.06861546736628768	0.4947602718053442	0.29400099999999996	1.0
48822	0	0.057708390009013094	0.39451351639161164	0.40800099999999995	1.0
48828	0	0.016939426395651706	0.09350297075080906	0.778001	1.0
48831	2635	0.02288465855469402	0.13051381219425892	0.754001	1.0
48835	0	0.0	-0.0	1.0	1.0
48839	0	0.024103517415811748	0.13838008262405646	0.729001	1.0
48846	0	0.12137915830690119	1.1088209442308483	0.077001	1.0
48848	0	0.030081894449938255	0.17835958835962948	0.646001	1.0
48861	1854	0.04313565970017456	0.27392031245419374	0.5480010000000001	1.0
48869	3454	0.050784718495411475	0.3353478024954287	0.463001	1.0
48891	0	0.02219534771649083	0.12610738668842325	0.733001	1.0
48896	0	0.0	-0.0	1.0	1.0
48904	0	0.029099837421016524	0.171631743587265	0.6680010000000001	1.0
48934	2722	0.0	-0.0	1.0	1.0
48946	4486	0.02564679189351729	0.1484776058718028	0.692001	1.0
48950	0	0.007699930819846013	0.04035848967557918	0.895001	1.0
48951	0	0.0028459992696545037	0.014509906410473719	0.973001	1.0
48966	2946	0.09293798782405241	0.7505059989380662	0.187001	1.0
48971	0	0.06195304741675786	0.4324915423245884	0.376001	1.0
48977	0	0.041296857163265754	0.25975923710944127	0.5570010000000001	1.0
48990	0	0.022436222851530564	0.12764372119058273	0.7810010000000001	1.0
48994	0	0.0	-0.0	1.0	1.0
49005	1756	0.1186781658193853	1.0719480314071061	0.008001	0.6394375839416058
49033	0	0.07405499542789482	0.5480430210518332	0.28500099999999995	1.0
49037	2316	0.07065572334861901	0.5144861637478314	0.28900099999999995	1.0
49038	4233	0.01937954590065292	0.10842237942747661	0.768001	1.0
49061	0	0.050356733940726664	0.3318024315823458	0.47300099999999995	1.0
49064	0	0.012826325706062621	0.06919697897836076	0.846001	1.0
49072	0	0.023438119929120357	0.13407389251783985	0.739001	1.0
49081	0	0.09718107991020211	0.7998228735998358	0.148001	1.0
49091	4731	0.013924556009939658	0.07558419472921807	0.840001	1.0
49113	0	0.013051813476475653	0.07050232874187526	0.859001	1.0
49130	3682	0.0	-0.0	1.0	1.0
49162	932	0.01642639178525808	0.090413758957865	0.8080010000000001	1.0
49170	0	0.037836653266057896	0.23373923125971519	0.578001	1.0
49172	4550	0.05494067798478276	0.3704511705759277	0.42600099999999996	1.0
49174	0	0.0	-0.0	1.0	1.0
49177	0	0.04046890952345256	0.2534588346125145	0.5340010000000001	1.0
49178	0	0.0	-0.0	1.0	1.0
49183	3107	0.03045593819580108	0.18093879755510364	0.6660010000000001	1.0
49219	917	0.0	-0.0	1.0	1.0
49253	0	0.0	-0.0	1.0	1.0
49277	0	0.08135513000886488	0.623060838281743	0.258001	1.0
49286	2021	0.05450806487522874	0.3667397127992573	0.440001	1.0
49290	0	0.04033164062109619	0.25241880084426804	0.5580010000000001	1.0
49307	3765	0.121707427158256	1.1133438145963757	0.067001	1.0
49319	0	0.056834782832813235	0.38685893790953935	0.42100099999999996	1.0
49325	0	0.037684536065871174	0.232614044982199	0.6710010000000001	1.0
49329	1500	0.05984443168197877	0.4134617714000694	0.375001	1.0
49331	0	0.003501771976818141	0.017920483068688563	0.955001	1.0
49347	135	0.12687271212158446	1.185700446502375	0.074001	1.0
49363	0	0.1307637166290627	1.2416928055892011	0.061001	1.0
49377	425	0.05904459661950624	0.4063279692092908	0.383001	1.0
49382	735	0.08672786225990291	0.6808797789147039	0.210001	1.0
49392	2765	0.058586366223119885	0.4022618511155678	0.379001	1.0
49420	4653	0.05548922407283064	0.37517649893221794	0.43600099999999997	1.0
49434	3416	0.04515375883224728	0.28973087604785586	0.49400099999999997	1.0
49440	0	0.04794695563762312	0.3120810518753125	0.48100099999999996	1.0
49445	4736	0.017406046816533363	0.0963270213527495	0.7840010000000001	1.0
49472	4268	0.06579111930041337	0.46796370958520606	0.35000099999999995	1.0
49478	0	0.07317195276657487	0.5392423990181656	0.29200099999999996	1.0
49479	1630	0.003850975698832186	0.0197469775216311	0.957001	1.0
49489	4363	0.022851507577169906	0.13030119674907686	0.753001	1.0
49491	2280	0.027066994320482398	0.1579064120434813	0.6840010000000001	1.0
49510	0	0.0	-0.0	1.0	1.0
49552	0	0.04184367093127369	0.2639460864125701	0.5600010000000001	1.0
49578	0	0.0	-0.0	1.0	1.0
49596	0	0.08241015022827927	0.6342388830857917	0.246001	1.0
49598	0	0.07137855293257986	0.5215492525490342	0.30100099999999996	1.0
49612	0	0.06392647653457434	0.45059530442723583	0.34400099999999995	1.0
49620	2709	0.018729901609143694	0.10441366193685885	0.775001	1.0
49621	0	0.01723708911011665	0.09530288900359775	0.8070010000000001	1.0
49624	0	0.01746926041429918	0.09671064938708508	0.7860010000000001	1.0
49626	0	0.07151205553714024	0.5228580422178075	0.29500099999999996	1.0
49629	932	0.01596875059714753	0.08767198287882512	0.8030010000000001	1.0
49639	0	0.08817883809251718	0.696877940663509	0.197001	1.0
49649	1491	0.04633801959302619	0.2991404484021195	0.504001	1.0
49653	0	0.05670860028569135	0.3857578644415893	0.40700099999999995	1.0
49657	0	0.03779154064423724	0.23340537685107987	0.565001	1.0
49663	735	0.037684536065871174	0.232614044982199	0.6710010000000001	1.0
49667	0	0.07197813763920637	0.5274377325487973	0.29100099999999995	1.0
49675	1040	0.09798703553388506	0.8093517632555064	0.166001	1.0
49679	0	0.003141850666086591	0.01604545264036936	0.962001	1.0
49682	4769	0.034309801492808094	0.20805358880183056	0.734001	1.0
49689	1548	0.12027998419218582	1.093742083363149	0.075001	1.0
49691	2709	0.10949026747729527	0.951037536418284	0.109001	1.0
49692	4770	0.06494845281217793	0.4600829190345507	0.35600099999999996	1.0
49708	1343	0.025229554400128223	0.14573244844761524	0.714001	1.0
49710	3135	0.01859463162723595	0.10358231382819925	0.766001	1.0
49712	0	0.03367574368559789	0.20352449642163575	0.616001	1.0
49734	4736	0.027045033914267796	0.15775961576473885	0.713001	1.0
49744	0	0.10630413905148732	0.910723686196037	0.138001	1.0
49753	3903	0.04820325645602265	0.3141591973111418	0.503001	1.0
49785	0	0.08605573161310878	0.6735244643388312	0.29000099999999995	1.0
49799	0	0.004630954936587335	0.02385264331602338	0.9210010000000001	1.0
49804	2584	0.11575130521345905	1.032675929025378	0.086001	1.0
49843	0	0.03814245094188491	0.2360059163437245	0.583001	1.0
49852	0	0.0	-0.0	1.0	1.0
49854	0	0.1677180601669654	1.838975756706505	0.011000999999999999	0.7212571796407184
49862	742	0.007976795692179432	0.041875282000903	0.9090010000000001	1.0
49866	0	0.013352014592605127	0.07224505662642285	0.839001	1.0
49881	0	0.0	-0.0	1.0	1.0
49883	942	0.09055537771052626	0.7234359127296214	0.232001	1.0
49886	1715	0.04467195977861539	0.2859306340122943	0.516001	1.0
49889	3424	0.14187469355845783	1.4087016566354638	0.041001	1.0
49891	0	0.1420324970056166	1.411150264969858	0.039001	1.0
49907	0	0.06075315860432585	0.4216231412127134	0.387001	1.0
49910	0	0.08265944493826079	0.6368926808037634	0.225001	1.0
49919	0	0.09204214342401401	0.7402755040923216	0.179001	1.0
49932	3866	0.035999130956877054	0.22025215704338882	0.583001	1.0
49944	0	0.11485002367791153	1.020725409137983	0.102001	1.0
49945	0	0.04702314381005053	0.3046287519936958	0.49800099999999997	1.0
49963	0	0.062187024554452935	0.43462310556483685	0.35000099999999995	1.0
49972	988	0.08777655323792406	0.6924260129494267	0.225001	1.0
49977	0	0.0008639874658844804	0.004355007352366163	0.989001	1.0
49997	0	0.030052126546409867	0.17815472128299267	0.653001	1.0
49999	0	0.01971188773224626	0.11048346305500913	0.7850010000000001	1.0
50005	0	0.048545663230241294	0.3169426995407524	0.47900099999999995	1.0
50006	3310	0.024623673790183667	0.14176621476200646	0.729001	1.0
50007	0	0.0	-0.0	1.0	1.0
50017	2163	0.03876670641430348	0.24065284346405016	0.571001	1.0
50020	0	0.07128534447141521	0.5206362764570579	0.28700099999999995	1.0
50045	0	0.011183991778263576	0.059783711379768324	0.865001	1.0
50050	1688	0.0792150678191695	0.6006487096314659	0.260001	1.0
50062	4774	0.05620129157429207	0.3813426258952418	0.41500099999999995	1.0
50065	0	0.0	-0.0	1.0	1.0
50069	1459	0.06455328471804314	0.45640523428255253	0.328001	1.0
50072	0	0.024185597773618818	0.13891325159237972	0.761001	1.0
50073	0	0.1248287136395312	1.156799533084988	0.063001	1.0
50103	0	0.0829099491266886	0.639564170881388	0.223001	1.0
50119	0	0.018561040151847	0.1033760448408213	0.866001	1.0
50125	0	0.023265057258486727	0.1329585699533417	0.725001	1.0
50126	0	0.0100256744240182	0.05324383606931084	0.891001	1.0
50146	0	0.0830674619573547	0.6412464330333828	0.261001	1.0
50157	970	0.05171084847206593	0.3430640998320903	0.453001	1.0
50184	0	0.06795348149496491	0.4884265187817871	0.337001	1.0
50188	0	0.0	-0.0	1.0	1.0
50192	0	0.0566201643528889	0.3849868520262887	0.42700099999999996	1.0
50202	0	0.060964668377133636	0.42353134717190033	0.37000099999999997	1.0
50210	3682	0.003206577387961859	0.016382087646946937	0.969001	1.0
50211	1109	0.028416716821340192	0.16698924945975435	0.6640010000000001	1.0
50221	764	0.0077091522561783055	0.040408934674823496	0.9140010000000001	1.0
50226	0	0.009393892606321171	0.049711187274197335	0.881001	1.0
50234	0	0.10449771274362368	0.888232969991074	0.132001	1.0
50258	0	0.02666904345633555	0.15525115282503166	0.6560010000000001	1.0
50270	0	0.011342343138486408	0.060684125709775896	0.873001	1.0
50274	349	0.005923837572904867	0.030737620205561082	0.9190010000000001	1.0
50280	0	0.0883891651614864	0.6992105679116265	0.199001	1.0
50284	0	9.005145527606062e-05	0.0004518908463769926	0.998001	1.0
50289	0	0.0325563766640994	0.19559438939623522	0.610001	1.0
50298	20	0.15496092207729173	1.6191607524526355	0.018001	0.8644427587719298
50306	0	0.024453204521841472	0.14065456320886124	0.733001	1.0
50310	0	0.11979969571491329	1.0871849450322477	0.083001	1.0
50312	0	0.0040926142652064346	0.02101507135385351	0.939001	1.0
50324	0	0.015441014935251247	0.08452648558645962	0.826001	1.0
50327	0	0.07368170484521078	0.5443155522075352	0.391001	1.0
50344	0	0.0	-0.0	1.0	1.0
50350	3117	0.05969586987495059	0.41213322686065545	0.42100099999999996	1.0
50363	2832	0.11790294620667671	1.0614771361260813	0.080001	1.0
50370	2406	0.10292940447842425	0.8689206555963447	0.131001	1.0
50376	349	0.1779060746205403	2.0251327284807865	0.010001	0.6974582738853503
50401	0	0.009772649913029542	0.05182612444049539	0.878001	1.0
50407	0	0.018812766467695738	0.10492350683999026	0.7870010000000001	1.0
50422	0	0.15383181536883053	1.600406997823315	0.027001	0.9234426174698795
50464	0	0.07039647269032631	0.5119624253581487	0.325001	1.0
50470	0	0.02562410341225993	0.14832803980902237	0.717001	1.0
50472	0	0.09386769361905126	0.7611900429038341	0.161001	1.0
50474	0	0.02893603541401308	0.1705157502245587	0.692001	1.0
50479	0	0.0	-0.0	1.0	1.0
50480	0	0.0	-0.0	1.0	1.0
50481	0	0.005970079303459549	0.03098571367434263	0.9280010000000001	1.0
50500	0	0.034625667689181606	0.2103198770343826	0.611001	1.0
50508	0	0.048912858694577316	0.31993686253201276	0.48600099999999996	1.0
50523	1068	0.0001536542313801013	0.0007713416591270431	0.997001	1.0
50524	0	0.05855096776798363	0.40194837424568747	0.389001	1.0
50543	0	0.0	-0.0	1.0	1.0
50560	349	0.19899104586362582	2.4411099423941325	0.003001	0.5665163620689656
50568	2653	0.09521176642656938	0.776756594252728	0.177001	1.0
50582	0	0.09581996644360176	0.7838475193636505	0.154001	1.0
50585	3434	0.03287016611560404	0.19780898768564859	0.650001	1.0
50589	0	0.051802925748205005	0.34383458653972343	0.460001	1.0
50594	0	0.08248949611589534	0.6350830190738074	0.23400100000000001	1.0
50601	0	0.10596368883275575	0.9064647495939421	0.122001	1.0
50606	1890	0.0594426366369737	0.40987232710796656	0.41200099999999995	1.0
50611	1911	0.07880698824521223	0.5964147700584662	0.242001	1.0
50618	1930	0.05155719453096817	0.3417796885465784	0.462001	1.0
50634	0	0.06383557579918392	0.44975513449822346	0.381001	1.0
50635	0	0.10020538821120357	0.8358470150606403	0.159001	1.0
50652	2491	0.05284506256477058	0.3525969563568003	0.454001	1.0
50655	0	0.027551106519694616	0.16115049989087202	0.693001	1.0
50657	4652	0.10303676352305827	0.8702363665114727	0.134001	1.0
50675	4072	0.1186781658193853	1.0719480314071061	0.008001	0.6394375839416058
50680	0	0.0	-0.0	1.0	1.0
50699	132	0.08892255748667664	0.7051416131340733	0.198001	1.0
50707	0	0.09617993533229807	0.788058162095536	0.197001	1.0
50709	0	0.016803794993682297	0.09268467107222632	0.8060010000000001	1.0
50711	0	0.058439228943806265	0.40095944706627484	0.41400099999999995	1.0
50721	0	0.05221702832729627	0.3473071596500764	0.42700099999999996	1.0
50733	0	0.10190153049409081	0.8563707441084035	0.149001	1.0
50736	1684	0.006021579870165758	0.03126217167962286	0.9270010000000001	1.0
50743	0	0.045636422487351905	0.2935541079700386	0.508001	1.0
50752	0	0.0723911575935848	0.531509646799335	0.30100099999999996	1.0
50753	0	0.0004571834476925288	0.0022990763153656144	0.994001	1.0
50754	0	0.06845035024725026	0.4931774166290719	0.322001	1.0
50755	0	0.02692652362331745	0.15696796619724554	0.698001	1.0
50769	0	0.047727136047529234	0.31030237224743845	0.505001	1.0
50771	1007	0.1108037851489048	0.96789818184658	0.079001	1.0
50774	0	0.1446663515973745	1.4523390374244254	0.031001	0.9697998542857144
50787	1797	0.10180449295406989	0.8551903428651353	0.150001	1.0
50797	425	0.04215874181640039	0.2663678546499751	0.5370010000000001	1.0
50807	0	0.05162898366738268	0.3423795740731113	0.468001	1.0
50811	0	0.13040559602625984	1.236485721979928	0.060001	1.0
50814	4083	0.021164767093086553	0.11957610239188937	0.766001	1.0
50821	0	0.11788795298180202	1.0612751143132633	0.093001	1.0
50841	0	0.0883055546618175	0.6982828747037556	0.261001	1.0
50850	0	0.031751447484143006	0.18994348615905282	0.619001	1.0
50854	1567	0.0375397663594771	0.23154466364520604	0.586001	1.0
50859	0	0.06517108200789411	0.4621599082984581	0.35600099999999996	1.0
50861	0	0.04097910258900963	0.25733567741564695	0.5600010000000001	1.0
50863	0	0.032787709211039004	0.1972264049842048	0.646001	1.0
50875	0	0.011194005192375046	0.05984060406190513	0.880001	1.0
50876	0	0.03792013187014529	0.23435737583024494	0.588001	1.0
50883	1191	0.09281816849690769	0.7491340089050444	0.177001	1.0
50894	0	0.026207543648521923	0.152184792731552	0.693001	1.0
50916	0	0.01428808471165284	0.0777148628261126	0.860001	1.0
50930	0	0.09557628517780847	0.7810029522752171	0.177001	1.0
50944	0	0.016350754630148873	0.08995970636466427	0.8010010000000001	1.0
50957	0	0.014660097330967087	0.0799037312057337	0.8070010000000001	1.0
50982	742	0.047927534037191244	0.31192376481056355	0.47900099999999995	1.0
50991	0	0.05274222239881516	0.3517288362524881	0.456001	1.0
51003	0	0.0005897260776780919	0.002967872178449841	0.993001	1.0
51004	0	0.04261048163063322	0.2698520369962702	0.5380010000000001	1.0
51012	0	0.0	-0.0	1.0	1.0
51015	0	0.013516534517797375	0.07320248588929265	0.831001	1.0
51017	0	0.013787518311821598	0.07478312885740433	0.834001	1.0
51029	0	0.09532132093881977	0.7780317124042186	0.160001	1.0
51040	913	0.05641295781713541	0.3831825626208758	0.42000099999999996	1.0
51050	0	0.0489842305143561	0.3205199381119332	0.499001	1.0
51066	0	0.009858430296129234	0.052306321370884964	0.878001	1.0
51074	0	0.037684536065871174	0.232614044982199	0.6710010000000001	1.0
51075	0	0.04407047218799669	0.2812089318640415	0.5430010000000001	1.0
51091	0	0.0	-0.0	1.0	1.0
51094	1438	0.06017636672982009	0.4164359580143512	0.383001	1.0
51126	3336	0.0	-0.0	1.0	1.0
51130	0	0.0012658419201644327	0.006395376534639128	0.986001	1.0
51152	0	0.09505502380794374	0.7749339003419854	0.192001	1.0
51167	366	0.03958575701620676	0.24679003789608703	0.571001	1.0
51174	0	0.08753992483558412	0.6898132269245894	0.210001	1.0
51183	0	0.06843128093872305	0.49299474380943864	0.323001	1.0
51185	0	0.0	-0.0	1.0	1.0
51205	887	0.0015870797584668396	0.008033193760219392	0.985001	1.0
51210	0	0.06028018806339776	0.4173678553522347	0.385001	1.0
51229	0	0.07331324741606274	0.5406466328601045	0.254001	1.0
51250	1930	0.0	-0.0	1.0	1.0
51259	0	0.0703069702721477	0.5110923078139287	0.43100099999999997	1.0
51260	0	0.0	-0.0	1.0	1.0
51263	1299	0.0	-0.0	1.0	1.0
51268	1182	0.09006559293266136	0.7179264095529264	0.212001	1.0
51279	0	0.06025753408099572	0.4171644470470944	0.381001	1.0
51287	0	0.05252319922623036	0.3498824693608763	0.446001	1.0
51294	0	0.029107025962665733	0.17168075997090854	0.6680010000000001	1.0
51298	0	0.06265316223013094	0.43888160561281636	0.35300099999999995	1.0
51303	3214	0.06302594300592772	0.4422986605340933	0.36900099999999997	1.0
51338	2796	0.024570436868629968	0.14141884845795757	0.718001	1.0
51346	297	0.03632867898156371	0.2226541913153035	0.578001	1.0
51349	0	0.009200030139461225	0.048632046684326684	0.881001	1.0
51358	0	0.024862970911565425	0.14332987062158112	0.720001	1.0
51366	0	0.04259614706448782	0.26974126132866616	0.506001	1.0
51392	3520	0.08490652386644229	0.6610295043918394	0.23400100000000001	1.0
51395	0	0.00719024818040944	0.03757826503154745	0.9130010000000001	1.0
51408	3087	0.038923113182005004	0.24182127911454554	0.571001	1.0
51412	658	0.010636915310179344	0.05668471998786976	0.871001	1.0
51423	0	0.18511439434880989	2.162636977265765	0.006001	0.6394375839416058
51459	0	0.018778370024654625	0.10471182226689142	0.7820010000000001	1.0
51466	0	0.0	-0.0	1.0	1.0
51488	0	0.057554736067915356	0.39316320825582196	0.40700099999999995	1.0
51501	0	0.012785540375082083	0.06896120682597204	0.857001	1.0
51503	0	0.06537597379172903	0.46407464425674183	0.35300099999999995	1.0
51510	1448	0.0	-0.0	1.0	1.0
51525	887	0.04674606293266111	0.30240520209987976	0.47500099999999995	1.0
51526	0	0.08944684511098104	0.7109930655190343	0.201001	1.0
51532	0	0.02691714777984787	0.15690537459774992	0.6840010000000001	1.0
51539	2931	0.04771962437912478	0.3102416510728758	0.48400099999999996	1.0
51568	1756	0.037684536065871174	0.232614044982199	0.6710010000000001	1.0
51575	0	0.053336339679340664	0.3567544325347616	0.439001	1.0
51578	0	0.07481174267279433	0.5556317036335068	0.264001	1.0
51583	0	0.0	-0.0	1.0	1.0
51627	4363	0.080431173991337	0.6133415738228926	0.30100099999999996	1.0
51628	0	0.0	-0.0	1.0	1.0
51632	0	0.006198346692406417	0.03221227011055294	0.9300010000000001	1.0
51671	4780	0.16991858860052372	1.878379391506312	0.015000999999999999	0.7858657846889952
51680	0	0.031257752907620624	0.18649885500526675	0.639001	1.0
51689	0	0.03259054600206278	0.19583522448517213	0.632001	1.0
51698	1540	0.1186781658193853	1.0719480314071061	0.008001	0.6394375839416058
51712	0	0.09408407137610866	0.7636864075865162	0.198001	1.0
51715	0	0.0036074344585286452	0.018472386993384327	0.956001	1.0
51718	0	0.006653029210986379	0.034664704832909156	0.9290010000000001	1.0
51726	0	0.11530343124632225	1.0267289741655832	0.043001	1.0
51746	0	0.019851171946091473	0.11134934284524552	0.778001	1.0
51764	297	0.057096847009092094	0.38914938095594714	0.387001	1.0
51782	0	0.016618827452679792	0.09157057009160251	0.818001	1.0
51792	0	0.0	-0.0	1.0	1.0
51808	0	0.06063339276731392	0.42054407739006566	0.376001	1.0
51826	1222	0.10246019456064451	0.8631812601616715	0.138001	1.0
51828	0	0.08971492733970417	0.7139933693849604	0.200001	1.0
51845	4781	0.06733295242702952	0.4825189395860062	0.321001	1.0
51850	0	0.0	-0.0	1.0	1.0
51856	0	0.018558904954489766	0.10336293603368761	0.759001	1.0
51867	4574	0.04350417376489637	0.27678635939667906	0.518001	1.0
51882	0	0.022049340547529314	0.12517794141781455	0.749001	1.0
51891	0	0.07026267267182065	0.5106618801221955	0.30000099999999996	1.0
51892	1068	0.0	-0.0	1.0	1.0
51897	0	0.12564786131085548	1.1683395277392947	0.072001	1.0
51902	1397	0.09310063732493017	0.7523702251839823	0.185001	1.0
51904	2091	0.0	-0.0	1.0	1.0
51906	917	0.023172777559490026	0.13236464987334554	0.743001	1.0
51915	0	0.04955339600402926	0.3251825864068714	0.500001	1.0
51920	0	0.1153143634171625	1.0268739363791939	0.076001	1.0
51930	0	0.16017875100718437	1.7073009196467337	0.013000999999999999	0.729989482051282
51938	0	0.08660393298147881	0.6795209487783483	0.223001	1.0
51949	1604	0.029894599203092558	0.17707156814547254	0.6710010000000001	1.0
51951	1214	0.0	-0.0	1.0	1.0
51959	0	0.0	-0.0	1.0	1.0
51960	0	0.0421175528217243	0.26605087065177724	0.565001	1.0
51962	0	0.05716189299522474	0.3897186494524122	0.42900099999999997	1.0
51977	0	0.03101593367561143	0.18481751649610456	0.654001	1.0
51978	0	0.0036410900347987963	0.018648317478828218	0.953001	1.0
51984	1007	0.018145712776439712	0.10083159801866234	0.8070010000000001	1.0
52025	0	0.0	-0.0	1.0	1.0
52030	0	0.05213000166041886	0.34657636318290935	0.449001	1.0
52032	1151	0.037684536065871174	0.232614044982199	0.6710010000000001	1.0
52040	10	0.053433297406832274	0.35757697657672866	0.5530010000000001	1.0
52044	3190	0.138914613071711	1.3631705085030292	0.032001	0.975985930362117
52046	0	0.0	-0.0	1.0	1.0
52063	2946	0.06070821823515299	0.42121811605637605	0.36800099999999997	1.0
52076	0	0.08057192809980318	0.6148179696855772	0.221001	1.0
52082	3214	0.01802918296890324	0.10011964617368696	0.7890010000000001	1.0
52094	4501	0.037684536065871174	0.232614044982199	0.6710010000000001	1.0
52098	0	0.06870751573300002	0.49564355070527977	0.322001	1.0
52100	0	0.05444102346017694	0.36616575133761675	0.454001	1.0
52129	0	0.0	-0.0	1.0	1.0
52137	0	0.029810155395390628	0.17649160885365575	0.760001	1.0
52139	0	0.010102292108436176	0.05367389698670035	0.855001	1.0
52166	0	0.0608365808390984	0.4223753738602012	0.36800099999999997	1.0
52183	0	0.06918205874779333	0.5002071736123684	0.386001	1.0
52187	0	0.10981556997703326	0.9552000730443749	0.104001	1.0
52199	0	0.135395483433205	1.3100241930317074	0.045001	1.0
52204	887	0.00798440576467351	0.041917038608198925	0.9120010000000001	1.0
52211	4587	0.05267102889687875	0.351128300428344	0.43100099999999997	1.0
52225	0	0.06343011012710449	0.44601491168722207	0.34400099999999995	1.0
52229	994	0.02876020650867318	0.16931977865406214	0.6770010000000001	1.0
52231	0	0.05170521137997282	0.34301694914782405	0.450001	1.0
52244	0	0.013439297642610384	0.07275279525172038	0.852001	1.0
52255	0	0.04347273020386529	0.2765414471117271	0.514001	1.0
52269	1228	0.12533702504281719	1.1639538774025961	0.069001	1.0
52270	4303	0.02218947482689184	0.12606997499743286	0.717001	1.0
52278	0	0.07545655169815417	0.562131980279155	0.263001	1.0
52280	4255	0.10961924894277811	0.9526869364052303	0.119001	1.0
52310	0	0.06263093964037882	0.43867822577559223	0.36800099999999997	1.0
52316	0	0.13975440704066666	1.3760109432556105	0.037001	0.9905231026894865
52322	0	0.07368170484521078	0.5443155522075352	0.391001	1.0
52336	887	0.006669602283322293	0.0347543290380438	0.9110010000000001	1.0
52342	0	0.03993435911457988	0.24941601143435946	0.6830010000000001	1.0
52363	297	0.015094253613202675	0.08246910321255774	0.840001	1.0
52372	0	0.012522947304399151	0.06744565734061873	0.864001	1.0
52408	4666	0.0	-0.0	1.0	1.0
52420	0	0.04900301262485118	0.3206734390077844	0.48300099999999996	1.0
52421	0	0.0	-0.0	1.0	1.0
52422	0	0.02075585049238468	0.11700338156803948	0.746001	1.0
52423	0	0.04071881639033763	0.25535559365499066	0.577001	1.0
52427	1482	0.044345904871991526	0.283367977989439	0.505001	1.0
52430	0	0.05423858174897754	0.36443453694768624	0.41700099999999996	1.0
52434	0	0.0	-0.0	1.0	1.0
52451	2823	0.022747692090165618	0.12963582725632172	0.750001	1.0
52456	0	0.0	-0.0	1.0	1.0
52464	0	0.069588862356351	0.5041326967840756	0.29400099999999996	1.0
52467	3656	0.0	-0.0	1.0	1.0
52468	0	0.055085137400957336	0.37169349370207544	0.42800099999999996	1.0
52471	0	0.0	-0.0	1.0	1.0
52483	0	0.017601651865010386	0.09751491422494075	0.8100010000000001	1.0
52488	0	0.011160062066125385	0.059647776022954624	0.880001	1.0
52496	0	0.005455379349372028	0.028231459898136097	0.9360010000000001	1.0
52501	0	0.09449465485805844	0.7684335033857501	0.158001	1.0
52506	0	0.03145160350532356	0.18784947183642312	0.6740010000000001	1.0
52507	0	0.06685728173025354	0.47800975905898746	0.329001	1.0
52516	0	0.040335418996696924	0.25244741089503964	0.5580010000000001	1.0
52517	0	0.06141046599851065	0.4275639287093721	0.36700099999999997	1.0
52530	0	0.01442968911397548	0.07854703130280077	0.8090010000000001	1.0
52531	0	0.009749468508506554	0.05169643207193701	0.856001	1.0
52536	4745	0.10873644654001222	0.9414248979602734	0.126001	1.0
52538	0	0.02336169633952821	0.13358113428278176	0.726001	1.0
52546	0	0.0555371327020692	0.3755902209157116	0.457001	1.0
52547	0	0.11222153371831284	0.9862551589876195	0.119001	1.0
52554	0	0.028387842707671716	0.1667936953326627	0.6860010000000001	1.0
52555	1111	0.04234294257002266	0.2677868630800099	0.5360010000000001	1.0
52559	3257	0.10175165492859384	0.85454791915773	0.149001	1.0
52572	4268	0.0928806422233859	0.7498492226020238	0.184001	1.0
52591	0	0.016167648833176146	0.08886199587838146	0.8050010000000001	1.0
52593	3388	0.13405884284070685	1.2901168358491235	0.047001	1.0
52597	0	0.025218551124290063	0.1456602066088075	0.723001	1.0
52607	0	0.02360225291944359	0.13513344702984798	0.737001	1.0
52613	0	0.0027859222762971862	0.014198719494673174	0.976001	1.0
52621	0	0.03082455986170908	0.1834896632129073	0.6620010000000001	1.0
52622	0	0.05656300497128317	0.3844888177491861	0.40800099999999995	1.0
52625	1228	0.04505641509265863	0.2889617676031095	0.524001	1.0
52636	1681	0.018145831530090528	0.10083232399341065	0.7850010000000001	1.0
52643	0	0.09097824663228	0.7282078114552619	0.197001	1.0
52650	3869	0.038611220264214624	0.23949293494875246	0.593001	1.0
52654	203	0.0	-0.0	1.0	1.0
52655	0	0.06786331869424542	0.4875663754340418	0.320001	1.0
52657	425	0.0	-0.0	1.0	1.0
52661	0	0.018498926941344064	0.10299482517081189	0.772001	1.0
52662	0	0.021278592124318544	0.12029413472081883	0.760001	1.0
52665	0	0.08919476909581792	0.7081770234516158	0.220001	1.0
52668	2558	0.004553108724237847	0.0234412578205473	0.939001	1.0
52669	0	0.06654726999773537	0.47507997433081606	0.35300099999999995	1.0
52670	0	0.022208238459645025	0.12618951150320973	0.750001	1.0
52676	0	0.038870388390012486	0.24142721291601443	0.572001	1.0
52689	0	0.04096600872633076	0.2572359571563379	0.575001	1.0
52696	349	0.04028754195614737	0.2520849557227453	0.564001	1.0
52710	0	0.029415346130689995	0.17378629634191403	0.6750010000000001	1.0
52714	2880	0.0703069702721477	0.5110923078139287	0.43100099999999997	1.0
52725	0	0.03283749581597033	0.1975781080432231	0.627001	1.0
52733	0	0.02639853356976333	0.15345211275780804	0.6690010000000001	1.0
52737	0	0.10709797341595498	0.9206908361935896	0.127001	1.0
52738	0	0.037684536065871174	0.232614044982199	0.6710010000000001	1.0
52739	0	0.006092100673634872	0.03164098812267459	0.9130010000000001	1.0
52740	3055	0.024850376326229558	0.14324748061503323	0.739001	1.0
52752	0	0.11934194734965314	1.0809534150538582	0.08500100000000001	1.0
52756	0	0.030871905898271497	0.18381794953593605	0.647001	1.0
52762	0	0.031473560113327186	0.18800260736810812	0.6650010000000001	1.0
52765	3135	0.013126076837056633	0.07093292530684654	0.845001	1.0
52772	0	0.010768424711922001	0.057428006152534274	0.871001	1.0
52774	0	0.025599754153714554	0.1481675627972124	0.694001	1.0
52776	0	0.027260398054013785	0.15920059550379528	0.693001	1.0
52778	0	0.03472848456216811	0.21105901451891373	0.612001	1.0
52784	0	0.05490691242063017	0.3701610086157139	0.444001	1.0
52788	114	0.019696385829389644	0.11038716936110478	0.757001	1.0
52799	0	0.05773727913634075	0.39476758374258347	0.41700099999999996	1.0
52809	0	0.011603391469948446	0.062171841332471875	0.855001	1.0
52810	0	0.09393011228358933	0.7619097918378895	0.230001	1.0
52813	0	0.0	-0.0	1.0	1.0
52815	0	0.05339845565389115	0.35728131833130006	0.453001	1.0
52818	0	0.0624839415210522	0.4373338172237572	0.400001	1.0
52820	1241	0.08632706626773873	0.6764895351928727	0.222001	1.0
52823	2724	0.06834923614147617	0.4922091107589519	0.320001	1.0
52825	0	0.07131683946443403	0.5209446969151195	0.30900099999999997	1.0
52836	5	0.06489778902977512	0.4596107676935208	0.35700099999999996	1.0
52837	0	0.1186781658193853	1.0719480314071061	0.008001	0.6394375839416058
52840	0	0.004442217143934557	0.02285586097989606	0.946001	1.0
52864	0	0.00286148978831249	0.014590178611806883	0.963001	1.0
52867	1891	0.0	-0.0	1.0	1.0
52868	0	0.14319819717591672	1.4293052538054347	0.036001	0.9905231026894865
52870	1714	0.07371533824859619	0.5446509661807375	0.30400099999999997	1.0
52877	0	0.0	-0.0	1.0	1.0
52879	0	0.10560433858284024	0.9019795635946843	0.127001	1.0
52886	1902	0.0989518786084272	0.8208272454340791	0.149001	1.0
52889	1900	0.0	-0.0	1.0	1.0
52898	4786	0.03705826121892759	0.22799810468124748	0.595001	1.0
52901	0	0.004651779154412061	0.023962751701485915	0.955001	1.0
52902	3831	0.020189450857632206	0.1134574248334381	0.777001	1.0
52913	0	0.06486709777107612	0.45932483830999915	0.34400099999999995	1.0
52915	874	0.0	-0.0	1.0	1.0
52916	0	0.04822340779256008	0.3143227842638226	0.49000099999999996	1.0
52917	0	0.008984638308699	0.047435731242117696	0.9070010000000001	1.0
52930	0	0.012692807115427963	0.06842551465167077	0.856001	1.0
52936	2585	0.09064849323620484	0.7244854789406995	0.182001	1.0
52947	0	0.15167785065856526	1.564944431618909	0.021001000000000002	0.9234426174698795
52963	0	0.04038100869453152	0.25279269535715	0.581001	1.0
53003	0	0.0	-0.0	1.0	1.0
53011	4464	0.0	-0.0	1.0	1.0
53017	0	0.0781926367051559	0.5900646434561214	0.259001	1.0
53031	0	0.02899903273402025	0.17094474623843772	0.697001	1.0
