row ID	ComponentIndex	rho_abs	es_member	p_feature_perm	p_feature_fdr
1	0	0.062068971979674835	0.4335471309923039	0.37100099999999997	1.0
3	1	0.15379141831876253	1.5997381248121627	0.021001000000000002	1.0
5	0	0.11812380091762578	1.0644551393471404	0.073001	1.0
10	0	0.1585628231895028	1.6797444664570993	0.018001	1.0
17	277	0.18096618876054665	2.0829158255558977	0.008001	1.0
20	278	0.13044232374563158	1.2370192423455688	0.054001	1.0
22	348	0.2062202617474506	2.593482011458792	0.003001	0.9387985428571429
24	277	0.12217459832733218	1.119796005709458	0.079001	1.0
26	425	0.12609075625981175	1.1746024789913765	0.090001	1.0
37	7	0.007151600498107903	0.037368085219365355	0.9120010000000001	1.0
40	8	0.02730010943181132	0.15946663094145966	0.723001	1.0
42	0	0.06120404672081735	0.4256949080210374	0.35500099999999996	1.0
48	499	0.06925599260046268	0.500919695118603	0.326001	1.0
51	0	0.02480789862625914	0.1429696798849981	0.731001	1.0
55	425	0.0004962260372572518	0.002495975026048781	0.993001	1.0
57	349	0.036716749888358116	0.22549218694656614	0.593001	1.0
60	426	0.061290212886007805	0.4264747208925199	0.35500099999999996	1.0
71	1	0.050390249783249116	0.33207960571405964	0.49300099999999997	1.0
72	572	0.12162622968298896	1.112224241977703	0.079001	1.0
79	572	0.11375271515733107	1.0062660956260643	0.105001	1.0
86	444	0.009758519320481406	0.05174706451933741	0.905001	1.0
87	427	0.07542509820615546	0.5618141706741862	0.280001	1.0
92	10	0.0012585110612878302	0.00635807071100185	0.984001	1.0
98	0	0.03497260051411033	0.21281677486105616	0.599001	1.0
99	573	0.0747790285865257	0.5553027522748344	0.29900099999999996	1.0
100	777	0.0003347219683164024	0.001682055382336778	0.994001	1.0
106	0	0.09471494081182077	0.7709859038147299	0.167001	1.0
108	425	0.0982300851518842	0.8122355117018951	0.146001	1.0
114	572	0.00563702357257459	0.02920166953459204	0.939001	1.0
122	574	0.08450130871412094	0.6566481091618773	0.210001	1.0
124	0	0.0475596132459606	0.3089491267518662	0.505001	1.0
129	0	0.05725239391279269	0.3905112010624713	0.377001	1.0
136	0	0.014648852595315405	0.07983744302463387	0.835001	1.0
138	777	0.030052749709102218	0.17815900938085774	0.653001	1.0
139	816	0.03871972063274268	0.24030216164322055	0.582001	1.0
152	348	0.12274545328027844	1.1277049829019221	0.083001	1.0
154	0	0.09414495216952953	0.7643894598640899	0.194001	1.0
156	1	0.03406179725875031	0.20627888385384394	0.641001	1.0
157	728	0.10351602597692297	0.8761211635265329	0.134001	1.0
178	0	0.14818558483305516	1.508318715108967	0.030001	1.0
181	499	0.09388999651130428	0.7614471819930879	0.151001	1.0
184	0	0.07954453257522137	0.6040762707359427	0.226001	1.0
185	499	0.03853056639038381	0.23889191406517934	0.5540010000000001	1.0
186	572	0.006209280558319038	0.032271099461563424	0.9340010000000001	1.0
191	866	0.07705065352244553	0.5783370705560213	0.29500099999999996	1.0
192	0	0.001920368017165757	0.009738818221783596	0.971001	1.0
202	878	0.013273640126711703	0.07178954108057858	0.849001	1.0
205	879	0.036447554458999054	0.22352245764166248	0.595001	1.0
209	887	0.02705855039289254	0.1578499641391392	0.708001	1.0
213	572	0.03375458992069749	0.2040862328806837	0.636001	1.0
225	0	0.09365447806214916	0.7587337760401361	0.175001	1.0
227	779	0.001964544401172809	0.009965381143476783	0.974001	1.0
228	849	0.06066552224012052	0.42083345444286346	0.35800099999999996	1.0
229	0	0.1349796470116389	1.303814497100378	0.055001	1.0
230	899	0.025180354462029677	0.14540948788013525	0.740001	1.0
233	350	0.06431920684439284	0.4542321728156735	0.334001	1.0
249	0	0.13115916492575094	1.247455306328531	0.069001	1.0
250	0	0.0489336513094148	0.3201066918514044	0.587001	1.0
252	0	0.022679029464672307	0.1291961378215087	0.751001	1.0
253	913	0.05970933298305388	0.4122535574863462	0.402001	1.0
256	914	0.08692745961521321	0.6830707846349034	0.213001	1.0
259	10	0.048069708445073196	0.3130757849196717	0.500001	1.0
261	572	0.026456314512685642	0.1538359877917175	0.693001	1.0
263	754	0.13006789732403184	1.2315855582261028	0.060001	1.0
272	0	0.04199533245255306	0.265110968929393	0.5380010000000001	1.0
276	0	0.11867816581938533	1.0719480314071066	0.007001	1.0
284	972	0.053225400521607374	0.35581409806228054	0.457001	1.0
285	576	0.14770226430647132	1.5005663751251759	0.037001	1.0
286	572	0.0527614542526233	0.3518911238034664	0.452001	1.0
287	985	0.040406025009315644	0.2529822227995555	0.579001	1.0
290	0	0.008729307096300144	0.046021222365692546	0.903001	1.0
291	1	0.1374252676059599	1.340548133195438	0.048001	1.0
295	8	0.02914887158954802	0.1719661594717006	0.6710010000000001	1.0
296	1	0.02484451151650442	0.1432091182875334	0.708001	1.0
299	994	0.08349950298664982	0.6458705117902872	0.205001	1.0
300	0	0.009307228906415423	0.04922849005813669	0.885001	1.0
301	0	0.0203889714456489	0.11470420097666394	0.759001	1.0
303	5	0.04783776843104493	0.31119713576121366	0.49300099999999997	1.0
308	0	0.013647648467581638	0.07396670445004347	0.834001	1.0
311	0	0.014763662065433988	0.08051461851857089	0.845001	1.0
312	503	0.04706666679446065	0.30497850759721906	0.49500099999999997	1.0
313	349	0.029531602879149063	0.17458184453043676	0.6650010000000001	1.0
316	746	0.06513741328988927	0.46184556628505496	0.36000099999999996	1.0
318	278	0.10134608690536774	0.8496243392378635	0.143001	1.0
324	0	0.1186723308643779	1.071869032212061	0.083001	1.0
329	499	0.017306496204169866	0.09572338133857287	0.8060010000000001	1.0
330	8	0.08010719183746577	0.609949026788108	0.269001	1.0
332	1020	0.03198634887710251	0.19158813143300307	0.641001	1.0
334	499	0.08751785140148904	0.6895697203608894	0.213001	1.0
335	0	0.09149399959150831	0.7340468541270482	0.179001	1.0
336	1033	0.08003345117652173	0.609177980575773	0.230001	1.0
337	17	0.03954074169400926	0.24645154803521416	0.574001	1.0
340	1034	0.12056390187207351	1.0976273112363144	0.08500100000000001	1.0
341	1035	0.04218418216328863	0.26656369785612194	0.655001	1.0
345	1037	0.06026030231240748	0.41718930077654615	0.379001	1.0
346	504	0.03948523473542628	0.24603435727787187	0.580001	1.0
347	0	0.035681722396799065	0.21794552547872353	0.594001	1.0
351	0	0.03725442652562628	0.2294410791350904	0.591001	1.0
355	1020	0.019036697753223506	0.10630346457651577	0.7870010000000001	1.0
357	0	0.09055537771052627	0.7234359127296215	0.231001	1.0
358	0	0.11305655472608188	0.9971441254323831	0.108001	1.0
360	0	0.029184136384073932	0.17220676516201255	0.6650010000000001	1.0
364	0	0.026967843418335122	0.15724387870082077	0.720001	1.0
367	1052	0.1004713887035541	0.8390504414010743	0.134001	1.0
368	0	0.06551715669174614	0.4653958138437374	0.35300099999999995	1.0
370	576	0.06488218409985981	0.45946537861416475	0.333001	1.0
371	914	0.06476001677596653	0.4583277809708456	0.35800099999999996	1.0
372	887	0.017362412675378542	0.09606236264882013	0.7930010000000001	1.0
374	914	0.025407056998075543	0.1468989231650715	0.712001	1.0
379	610	0.04171901301106774	0.2629897971102092	0.530001	1.0
380	277	0.1581679574301325	1.6730463491317895	0.024001	1.0
381	1075	0.058528880142042314	0.4017528195364565	0.388001	1.0
382	913	0.0	-0.0	1.0	1.0
385	994	0.033082918545524635	0.19931424074871523	0.652001	1.0
387	8	0.010543233851136658	0.05615587890657896	0.873001	1.0
393	506	0.06186958256231235	0.4317321335561653	0.403001	1.0
394	879	0.008461058413209356	0.04453939527855981	0.897001	1.0
399	0	0.0003809731156757118	0.001914989037071677	0.997001	1.0
401	499	0.06025164217955166	0.41711155024376234	0.36100099999999996	1.0
402	572	0.024442225529082626	0.140583032166447	0.736001	1.0
404	578	0.025453452460416602	0.14720415190534045	0.746001	1.0
408	581	0.06436202838060286	0.4546294054964657	0.339001	1.0
409	572	0.0022834158141263085	0.011604132059163804	0.973001	1.0
410	499	0.0012431485935160708	0.0062799031954868445	0.986001	1.0
411	914	0.04023913971733645	0.2517186838495503	0.5580010000000001	1.0
414	19	0.0	-0.0	1.0	1.0
416	579	0.011675165901966378	0.06258161514305761	0.864001	1.0
417	572	0.013670145706574259	0.07409793991871251	0.841001	1.0
418	1109	0.01868043113798557	0.10410949024108714	0.7970010000000001	1.0
420	914	0.06798926438898076	0.4887680508836909	0.312001	1.0
422	0	0.04550543896482712	0.29251497154785067	0.529001	1.0
425	777	0.04776238581448452	0.310587369354368	0.47500099999999995	1.0
428	1162	0.001286628524684398	0.006501174000287769	0.986001	1.0
429	1163	0.007667576309733696	0.04018153782017716	0.9100010000000001	1.0
431	20	0.1555465149419223	1.628931691103056	0.017001000000000002	1.0
432	503	0.0713343820411515	0.5211165179839314	0.315001	1.0
435	282	0.002850018350258221	0.014530732018271245	0.970001	1.0
436	913	0.019525361054820396	0.10932581964701102	0.8010010000000001	1.0
440	1167	0.05019691609371871	0.3304818376153175	0.46900099999999995	1.0
441	0	0.00946691961623862	0.0501182846114843	0.884001	1.0
443	781	0.07827373606515386	0.5909012642502675	0.258001	1.0
444	0	0.07681546796913812	0.5759341413686536	0.258001	1.0
448	21	0.021957372420159875	0.12459319544134159	0.743001	1.0
456	580	0.11203891223094256	0.9838813374344396	0.115001	1.0
458	425	0.019850307197390372	0.11134396321934864	0.780001	1.0
459	8	0.03884996795035819	0.2412746409524921	0.582001	1.0
461	499	0.003355200579189758	0.01715599023483643	0.956001	1.0
463	0	0.05815252059673287	0.3984261079405004	0.42700099999999996	1.0
471	782	0.0666397590629043	0.4759533040533588	0.382001	1.0
473	351	0.03901943308882107	0.2425416647454139	0.592001	1.0
474	1179	0.08084869116052906	0.6177254130454118	0.236001	1.0
475	0	0.0506743140989228	0.334431987475539	0.442001	1.0
480	1185	0.028961767365777866	0.17069094688295383	0.6590010000000001	1.0
481	581	0.03653054875798656	0.2241292132962446	0.585001	1.0
483	0	0.10651929838571422	0.9134201136366601	0.130001	1.0
485	0	0.106550652633396	0.913813365810022	0.122001	1.0
486	572	0.04700551139058028	0.30448709356476067	0.511001	1.0
487	297	0.027745994394363004	0.16246078769173955	0.704001	1.0
489	0	0.0983673659591457	0.8138664088543484	0.162001	1.0
490	1250	0.001539825244942769	0.007791890924816305	0.981001	1.0
491	0	0.05095671852493318	0.33677627626159934	0.48000099999999996	1.0
495	572	0.03039055860190437	0.18048730787479175	0.6780010000000001	1.0
496	0	0.052796435233056216	0.3521863774266919	0.437001	1.0
499	572	0.055908553349966555	0.37880326337464426	0.456001	1.0
500	1254	0.04179601350242992	0.26358036550473796	0.5330010000000001	1.0
504	1255	0.04293843496930859	0.27239028672688964	0.5430010000000001	1.0
505	581	0.0	-0.0	1.0	1.0
509	0	0.0	-0.0	1.0	1.0
511	1257	0.015602787291366275	0.08548886323462267	0.814001	1.0
512	572	0.11123663714504681	0.9734852806806362	0.099001	1.0
515	572	0.06323180175097734	0.4441900029191382	0.377001	1.0
516	499	0.08045835263736277	0.6136265375094864	0.257001	1.0
517	0	0.012362147301753279	0.066519696853159	0.873001	1.0
522	0	0.07396160923333081	0.5471095347448068	0.278001	1.0
523	23	0.171306115461061	1.9034521257625394	0.014001	1.0
524	0	0.0	-0.0	1.0	1.0
526	349	0.04256951128228993	0.2695354610552514	0.528001	1.0
536	0	0.02558780411287323	0.14808881854304845	0.744001	1.0
537	0	0.0031373112071683036	0.016021852774243832	0.965001	1.0
539	20	0.038993477892502515	0.24234748122294572	0.616001	1.0
542	8	0.009001341636936059	0.04752840337067894	0.902001	1.0
543	917	0.011152505314923844	0.059604856336971115	0.875001	1.0
544	1254	0.027170035482442012	0.1585956200382716	0.6850010000000001	1.0
545	0	0.06823142756577646	0.49108189021248927	0.35100099999999995	1.0
546	746	0.010679123756822423	0.05692316562693658	0.861001	1.0
547	350	0.018709029155355127	0.10428530776028215	0.7830010000000001	1.0
548	1109	0.008529708074868334	0.04491820778947428	0.894001	1.0
549	899	0.004454624170966426	0.022921321512930207	0.950001	1.0
554	0	0.022602214377204846	0.12870460150171592	0.768001	1.0
556	913	0.06193977391858706	0.4323707387921318	0.383001	1.0
561	532	0.06726471129973738	0.48187100997477894	0.318001	1.0
564	1034	0.09821366979989059	0.8120405977210465	0.120001	1.0
566	1297	0.18547154428203078	2.169576003575469	0.009000999999999999	1.0
570	1298	0.05482165926578318	0.3694287547891224	0.43000099999999997	1.0
572	0	0.11243312275195573	0.9890089393185163	0.114001	1.0
578	5	0.09420737966203728	0.7651106774640744	0.174001	1.0
581	0	0.058556969637953066	0.40200151841720677	0.403001	1.0
582	728	0.0007454006609609806	0.0037546927760916714	0.995001	1.0
584	499	0.0	-0.0	1.0	1.0
589	0	0.041636596351230085	0.2623581398399557	0.5390010000000001	1.0
592	735	0.03215956655610852	0.19280325097437442	0.632001	1.0
595	0	0.009773385911462679	0.051830242645128005	0.877001	1.0
596	1306	0.07203084629056129	0.5279566686917461	0.315001	1.0
597	1308	0.041219831409557546	0.2591711148142577	0.5490010000000001	1.0
599	0	0.03458253668976208	0.2100100248550552	0.625001	1.0
601	899	0.03955867298587623	0.24658636468263836	0.568001	1.0
603	777	0.04136183863140014	0.26025571305112827	0.5610010000000001	1.0
604	1316	0.004453998912860885	0.022918022379714895	0.949001	1.0
608	0	0.06663190008239006	0.4758790708981643	0.343001	1.0
614	913	0.0472051077860288	0.3060919154295553	0.501001	1.0
617	0	0.04607854990985928	0.29707047199785863	0.521001	1.0
618	0	0.036136656196569306	0.22125367095032142	0.603001	1.0
619	19	0.0512334491613906	0.3390789381169031	0.468001	1.0
620	1320	0.03427891541667995	0.2078323451418163	0.610001	1.0
622	1033	0.0015655069572501883	0.007923017145690351	0.979001	1.0
626	994	0.03550848483435238	0.21668945672803214	0.652001	1.0
627	881	0.0	-0.0	1.0	1.0
630	0	0.017133652311796206	0.09467679362870195	0.7980010000000001	1.0
631	915	0.0567158831110262	0.38582138348756806	0.42400099999999996	1.0
632	0	0.04500666312641122	0.28856893373444936	0.5320010000000001	1.0
633	0	0.05749125191018292	0.3926058076741171	0.43100099999999997	1.0
635	814	0.0	-0.0	1.0	1.0
636	584	0.022333068806336814	0.12698533562784348	0.755001	1.0
638	0	0.02140402010185779	0.12108631796128194	0.739001	1.0
642	0	0.05118347435812353	0.338662699288951	0.588001	1.0
643	0	0.05832546959654519	0.39995356483495514	0.41400099999999995	1.0
645	1075	0.027039510813711087	0.1577227010618704	0.699001	1.0
648	36	0.07814804412633361	0.5896048398892817	0.29300099999999996	1.0
650	914	0.04242228835770595	0.2683988308339412	0.522001	1.0
652	816	0.041119254639515664	0.2584037837512406	0.5540010000000001	1.0
655	1357	0.08440332938787495	0.6555906117533774	0.237001	1.0
663	0	0.07708390008973458	0.5786770948788542	0.29300099999999996	1.0
669	1036	0.0015353920045362464	0.0077692594905616145	0.974001	1.0
670	499	0.02505059868285992	0.1445584908156226	0.747001	1.0
672	503	0.09910414827334751	0.822645068300464	0.138001	1.0
676	1380	0.09013206077447365	0.7186729929957024	0.185001	1.0
679	0	0.16270798357164357	1.7509024820058754	0.017001000000000002	1.0
683	0	0.021428400502271433	0.12124041723554735	0.747001	1.0
686	1110	0.015587941506060687	0.08540047828982357	0.818001	1.0
688	783	0.025845736362376453	0.14979051027218163	0.722001	1.0
690	25	0.06052115010609761	0.41953374286546846	0.42000099999999996	1.0
694	349	0.010129824985650203	0.05382852830677816	0.869001	1.0
698	0	0.025891739324063193	0.15009446578556615	0.735001	1.0
704	522	0.02563750562032664	0.1484163852498622	0.708001	1.0
707	624	0.01293546694107292	0.06982840710756512	0.858001	1.0
711	890	0.0760032846679159	0.5676681892064261	0.271001	1.0
712	444	0.07489486683131968	0.5564679090768361	0.275001	1.0
716	916	0.05411004882914585	0.36333688542116005	0.439001	1.0
717	0	0.1115338693589737	0.9773307309269104	0.115001	1.0
718	0	0.04465681455635806	0.28581143560431893	0.524001	1.0
721	0	0.025349834610607157	0.14652265791870003	0.731001	1.0
724	1109	0.042191659269364606	0.26662126609061887	0.573001	1.0
725	777	0.07124001249388516	0.5201924851171376	0.316001	1.0
727	1034	0.012027278093266806	0.06459646226211214	0.863001	1.0
729	0	0.02753984791005472	0.16107488085767552	0.706001	1.0
732	0	0.03660994065434293	0.2247100676838115	0.594001	1.0
734	503	0.013336389615525569	0.07215421339121103	0.836001	1.0
735	28	0.05429641636611264	0.3649288206618044	0.461001	1.0
737	532	0.094792124618146	0.7718811218559865	0.176001	1.0
738	1357	0.019893874161989143	0.11161505352023084	0.776001	1.0
740	0	0.0581326509095782	0.39825076055556785	0.388001	1.0
741	985	0.02129692566029104	0.12040986379991805	0.776001	1.0
743	0	0.052232264304971444	0.3474351573355175	0.449001	1.0
744	1205	0.012945185243190944	0.06988466715065562	0.858001	1.0
745	816	0.028853442915729544	0.16995371096747847	0.6850010000000001	1.0
746	1038	0.09153773261091594	0.7345429332366464	0.195001	1.0
748	583	0.058321546648084595	0.39991889404745923	0.41100099999999995	1.0
749	0	0.0784609555750259	0.592834533020518	0.246001	1.0
750	0	0.014546515829329226	0.07923452410175502	0.839001	1.0
756	349	0.020275100892818265	0.11399233008060781	0.775001	1.0
757	0	0.06310511021668963	0.4430256478223691	0.35300099999999995	1.0
758	0	0.09543547038264885	0.7793613226315935	0.166001	1.0
761	1537	0.05976878889360485	0.4127851200644908	0.36300099999999996	1.0
763	1179	0.06942758608312571	0.5025749584942983	0.314001	1.0
764	574	0.023843732305995718	0.13669546148489203	0.718001	1.0
765	1109	0.060184387860461624	0.41650792753945615	0.40900099999999995	1.0
767	0	0.08208609403534216	0.6307963767538084	0.239001	1.0
773	1185	0.017436128627492626	0.09650954929910566	0.871001	1.0
775	1306	0.020724390170194437	0.11680588839949184	0.7820010000000001	1.0
782	0	0.03214885330704489	0.19272803982495293	0.643001	1.0
785	0	0.013435268387096955	0.07272934611623309	0.848001	1.0
786	1551	0.04847523844668657	0.3163695283531938	0.458001	1.0
789	0	0.10263095387167824	0.8652679452858787	0.132001	1.0
793	20	0.10622601139557092	0.9097455007778431	0.14000100000000001	1.0
795	849	0.02238965293725299	0.12734640210032686	0.777001	1.0
800	818	0.026050224548030007	0.15114267836124767	0.6850010000000001	1.0
802	0	0.037387065812470865	0.23041823772205383	0.592001	1.0
805	0	0.04553629479473352	0.29275965378656876	0.5360010000000001	1.0
810	1109	0.03659227367000698	0.22458077402785417	0.593001	1.0
811	1323	0.0121029266963136	0.06503032868269208	0.875001	1.0
821	917	0.005639997382233026	0.02921756977884215	0.949001	1.0
822	0	0.08867584474926102	0.7023955364905319	0.187001	1.0
825	20	0.009719229262726514	0.051527302426135645	0.886001	1.0
828	1167	0.04644025560414504	0.29995734778302424	0.49600099999999997	1.0
836	572	0.007710395431697766	0.040415735740641244	0.901001	1.0
837	1299	0.01419157875647228	0.07714843678498672	0.834001	1.0
838	850	0.10819378532789767	0.9345336051100419	0.129001	1.0
840	1109	0.017777257201597996	0.09858339827821505	0.824001	1.0
842	1600	0.040393303215519545	0.25288583518649393	0.584001	1.0
843	918	0.10389674456116119	0.8808091462060202	0.120001	1.0
845	1630	0.01185148987459586	0.06358962172971429	0.862001	1.0
846	499	0.09675307041508865	0.794783479744432	0.182001	1.0
847	499	0.015801435663493804	0.08667284524738852	0.815001	1.0
849	1197	0.09825336609381549	0.8125119837241114	0.161001	1.0
852	10	0.05285814862347656	0.35270747561566984	0.43200099999999997	1.0
858	1066	0.0	-0.0	1.0	1.0
860	499	0.07908730395489065	0.599321757749507	0.243001	1.0
861	0	0.07658097116036493	0.5735424276889193	0.29200099999999996	1.0
867	0	0.01709966851052755	0.0944712385987995	0.813001	1.0
873	1709	0.029611846780243867	0.17513147493138945	0.6650010000000001	1.0
874	1710	0.00783230357235274	0.0410831126381546	0.9070010000000001	1.0
875	1711	0.0	-0.0	1.0	1.0
877	0	0.03077357105163396	0.18313628462231865	0.6720010000000001	1.0
879	1197	0.0036558460503699174	0.0187254738462599	0.958001	1.0
885	0	0.05858428808071903	0.40224344527810624	0.376001	1.0
886	512	0.005986198870770898	0.031072227427576173	0.942001	1.0
887	0	0.013266037442067427	0.07174537413060195	0.846001	1.0
892	1036	0.047296401635911464	0.3068268769116622	0.49600099999999997	1.0
893	1713	0.07615814824621853	0.5692404477226702	0.265001	1.0
896	584	0.029060709603233276	0.17136500298883303	0.6770010000000001	1.0
898	499	0.017436128627492626	0.09650954929910566	0.871001	1.0
901	1714	0.02059842485967384	0.11601576811262103	0.762001	1.0
906	1717	0.012822483576749843	0.06917476399983401	0.864001	1.0
909	1718	0.05401691704706598	0.36254229122037646	0.449001	1.0
910	0	0.025910123238188646	0.15021597231952222	0.696001	1.0
911	17	0.05797912952443215	0.3968969157176987	0.379001	1.0
916	0	0.020662623342928888	0.11641832841542389	0.765001	1.0
917	0	0.06396026161439712	0.4509077250093715	0.35600099999999996	1.0
918	532	0.1491899781599754	1.5244945553513705	0.032001	1.0
920	585	0.00194717164797438	0.009876269654892425	0.986001	1.0
924	1034	0.0310969918525835	0.18538067218140739	0.649001	1.0
928	1727	0.038999084374799264	0.24238942217607676	0.588001	1.0
934	0	0.023792401192453832	0.13636311074815663	0.712001	1.0
935	1337	0.02894584232173133	0.17058251567818708	0.6810010000000001	1.0
936	0	0.1229370069220816	1.130364999780037	0.069001	1.0
937	513	0.032662797610077385	0.1963447301180926	0.648001	1.0
939	0	0.0022025492279710915	0.011187977271632083	0.975001	1.0
940	352	0.05805726002281706	0.39758570522608394	0.41300099999999995	1.0
941	0	0.0031516517915635284	0.01609641114101445	0.966001	1.0
945	1077	0.04720324638035362	0.30607693623906773	0.49800099999999997	1.0
948	514	0.1582094026137538	1.6737487299450813	0.019001	1.0
950	0	0.1913678598479563	2.2858694549603564	0.006001	1.0
955	1109	0.0630710850095656	0.4427131403447681	0.37000099999999997	1.0
961	749	0.04204702314384337	0.2655083564200021	0.520001	1.0
966	0	0.015194120808969657	0.08306086209011336	0.814001	1.0
967	1756	0.04410366338242272	0.28146883070079465	0.511001	1.0
969	499	0.0	-0.0	1.0	1.0
970	499	0.005559249967258494	0.028786019771835727	0.9320010000000001	1.0
971	1766	0.043322063388835465	0.2753688588725241	0.524001	1.0
974	518	0.07425002487427472	0.5499946506681646	0.29000099999999995	1.0
980	0	0.11841806970356702	1.0684293489164596	0.092001	1.0
981	1768	0.06620713280847565	0.47187365990958036	0.37200099999999997	1.0
982	0	0.04681275527618003	0.30293991231444406	0.514001	1.0
986	0	0.20416578504585509	2.5496650537404157	0.004001	1.0
987	515	0.043641442682744044	0.27785634027459577	0.516001	1.0
992	0	0.09373343389157204	0.7596429376534574	0.206001	1.0
993	821	0.13016739442287278	1.2330283002512883	0.050001000000000004	1.0
995	0	0.018124017274978997	0.10069898216583711	0.817001	1.0
998	916	0.03684793190871958	0.22645383256504534	0.582001	1.0
999	893	0.03975354915417918	0.24805295842280373	0.5480010000000001	1.0
1000	919	0.0007177807278800265	0.003614991526760266	0.993001	1.0
1002	532	0.03553055112908953	0.21684933740831752	0.602001	1.0
1006	0	0.0	-0.0	1.0	1.0
1008	20	0.03799156666568923	0.23488671344702589	0.615001	1.0
1010	8	0.02556197039770689	0.14791862010666956	0.719001	1.0
1011	0	0.05220700938169479	0.3472229993148377	0.448001	1.0
1012	0	0.017436128627492626	0.09650954929910566	0.871001	1.0
1013	985	0.06095622835002608	0.42345514027181547	0.340001	1.0
1014	1	0.007274632490005678	0.038037488304865606	0.9190010000000001	1.0
1015	0	0.0416049007988735	0.26211534320133495	0.5410010000000001	1.0
1018	919	0.011370391641234608	0.06084377435932689	0.884001	1.0
1020	370	0.10628536592668061	0.9104885949884904	0.130001	1.0
1021	887	0.100749469912171	0.8424054126797489	0.137001	1.0
1022	0	0.0	-0.0	1.0	1.0
1023	899	0.009023050005458166	0.04764886930575201	0.875001	1.0
1025	436	0.027565742886192693	0.16124881818934714	0.6710010000000001	1.0
1031	1266	0.0002888724983727206	0.0014512671922012556	0.994001	1.0
1032	1397	0.04781376061312754	0.31100289445964674	0.48100099999999996	1.0
1034	915	0.053927975202760575	0.36178402325457154	0.456001	1.0
1035	526	0.08504871585614662	0.6625699675151117	0.216001	1.0
1037	1040	0.11497482925481839	1.0223762667354181	0.087001	1.0
1042	1829	0.05019431295261165	0.3304603424703726	0.452001	1.0
1045	19	0.11867816581938533	1.0719480314071066	0.007001	1.0
1051	1380	0.0016873672865315458	0.008545739072279599	0.982001	1.0
1052	349	0.02471810204875862	0.14238280162701417	0.729001	1.0
1053	1831	0.09404250924450022	0.7632066156290063	0.169001	1.0
1054	849	0.07259443025449544	0.5335183873768158	0.29600099999999996	1.0
1056	1197	0.10986634626050287	0.9558505804079203	0.124001	1.0
1058	0	0.04804324471374431	0.31286124553652256	0.526001	1.0
1059	0	0.039435004586692815	0.24565700817714392	0.5510010000000001	1.0
1060	0	0.01914502916907484	0.1069721851550058	0.773001	1.0
1062	1059	0.022402320909356288	0.12742726523363362	0.768001	1.0
1063	1260	0.021988965347429387	0.12479400660041545	0.766001	1.0
1066	918	0.005414368351879577	0.028012681089953976	0.9310010000000001	1.0
1067	0	0.04700419273217775	0.304476500368407	0.500001	1.0
1071	1833	0.05434014957709599	0.3653027453278317	0.450001	1.0
1072	499	0.009119739241712457	0.04818577185906204	0.9070010000000001	1.0
1073	0	0.07714401139445193	0.5792920873582312	0.29200099999999996	1.0
1074	0	0.0009181385792449252	0.004629405213062297	0.986001	1.0
1076	1034	0.109361303388534	0.9493897156929049	0.116001	1.0
1078	735	0.10141276478910416	0.8504328994508785	0.149001	1.0
1079	1835	0.049913601144635514	0.3281452016907769	0.46900099999999995	1.0
1080	1837	0.004679127097329063	0.024107393432097786	0.9320010000000001	1.0
1084	913	0.017436128627492626	0.09650954929910566	0.871001	1.0
1085	0	0.04997185849727863	0.3286252159660232	0.47000099999999995	1.0
1086	0	0.03098391011756873	0.18459515113506222	0.6800010000000001	1.0
1090	1841	0.014075238123065142	0.07646636096572423	0.821001	1.0
1093	0	0.013188656015466954	0.0712960381091138	0.858001	1.0
1097	917	0.04470951848384891	0.2862263033406296	0.508001	1.0
1098	0	0.1087559356564612	0.9416728377091826	0.114001	1.0
1103	1185	0.0	-0.0	1.0	1.0
1105	0	0.09629568056108956	0.7894142458106155	0.155001	1.0
1106	586	0.027229538400285594	0.15899393085122385	0.693001	1.0
1111	36	0.05005856283376916	0.3293400637418634	0.590001	1.0
1112	1898	0.01955813156809176	0.10952904418932419	0.7830010000000001	1.0
1113	0	0.0060575409257468404	0.03145530652038461	0.939001	1.0
1114	503	0.0010384020203788938	0.005239421920058219	0.990001	1.0
1117	918	0.017108396595153036	0.09452402453739318	0.818001	1.0
1121	572	0.04070947818117265	0.2552846410231384	0.5560010000000001	1.0
1122	1711	0.006447168233438187	0.0335528152593739	0.9320010000000001	1.0
1123	0	0.038650581151121306	0.23978640712866978	0.590001	1.0
1124	1109	0.036271100626831754	0.22223398185979565	0.592001	1.0
1126	919	0.011615986055284345	0.06224372338528483	0.875001	1.0
1131	0	0.003350971962879274	0.01713395323657539	0.952001	1.0
1132	0	0.08193029652698214	0.6291441851381153	0.228001	1.0
1133	1906	0.05106342247349789	0.33766351262620214	0.462001	1.0
1136	0	0.033880988608853434	0.20498762202890533	0.638001	1.0
1137	1392	0.06483735658075829	0.4590478261910622	0.36300099999999996	1.0
1138	0	0.10127624151497305	0.8487777511747897	0.125001	1.0
1140	1163	0.10414084776681072	0.8838210639946058	0.126001	1.0
1145	1911	0.024820886089467864	0.14305460445884555	0.719001	1.0
1149	1247	0.007199055911072283	0.03762617713409908	0.9080010000000001	1.0
1151	1604	0.039690270764334824	0.247576455515698	0.584001	1.0
1153	1176	0.024493949561224065	0.1409200959866127	0.719001	1.0
1156	0	0.03944429624430875	0.24572679788042973	0.602001	1.0
1157	1944	0.00218193361021397	0.011081946664176357	0.974001	1.0
1159	1945	0.04102450131341697	0.2576815160958231	0.583001	1.0
1160	1185	0.022538296742654576	0.12829588381853754	0.751001	1.0
1163	0	0.08831718190157173	0.6984118511274533	0.20200100000000001	1.0
1170	516	0.0	-0.0	1.0	1.0
1172	353	0.024224288868237194	0.13916472788832784	0.745001	1.0
1174	1306	0.13403098679152564	1.2897035871861333	0.044001	1.0
1175	0	0.04129457468340304	0.2597418036149657	0.5360010000000001	1.0
1178	297	0.0845451729072054	0.6571217787399444	0.223001	1.0
1180	1975	0.08007249434188968	0.6095861714493642	0.281001	1.0
1182	0	0.09681079910132719	0.795462329318962	0.175001	1.0
1184	0	0.030214223919383082	0.17927100694266518	0.708001	1.0
1185	20	0.0194712289292742	0.10899027119598267	0.7900010000000001	1.0
1188	1147	0.03092833353116964	0.18420939927237387	0.6740010000000001	1.0
1192	0	0.0036629094029660206	0.018762411303979407	0.968001	1.0
1194	0	0.0	-0.0	1.0	1.0
1208	718	0.13917016796150045	1.3670714884662067	0.040001	1.0
1209	0	0.09357446208440579	0.7578129088509606	0.191001	1.0
1210	0	0.06623106249047536	0.4720989543523203	0.341001	1.0
1211	2038	0.04179182404751085	0.2635482232852959	0.5480010000000001	1.0
1214	1789	0.03257452570521908	0.19572229925470686	0.638001	1.0
1216	1185	0.08551975334770862	0.6676842179185222	0.20300100000000001	1.0
1221	0	0.0	-0.0	1.0	1.0
1224	0	0.05041858051645292	0.3323139611445277	0.515001	1.0
1225	503	0.02474769430434732	0.14257614840065413	0.715001	1.0
1229	0	0.06585457635730249	0.46855929242602046	0.31100099999999997	1.0
1230	781	0.07050201290865	0.5129892263966681	0.30400099999999997	1.0
1232	1337	0.005569432736684754	0.028840419617532753	0.9370010000000001	1.0
1234	985	0.07261604763888417	0.5337321928654561	0.29400099999999996	1.0
1237	777	0.07851687520926787	0.5934124889836965	0.265001	1.0
1239	1110	0.15946400478510853	1.6950834851238288	0.013000999999999999	1.0
1243	899	0.07894196586584326	0.5978137946499125	0.249001	1.0
1244	1223	0.10897339016018881	0.9444413841294238	0.109001	1.0
1246	0	0.036541929893529154	0.22421245488706687	0.604001	1.0
1251	2126	0.008663815252553449	0.04565903922109936	0.9080010000000001	1.0
1253	0	0.02000521415176204	0.11230840050847819	0.773001	1.0
1255	38	0.0	-0.0	1.0	1.0
1257	0	0.0101612986512475	0.05400534852132991	0.889001	1.0
1260	0	0.09876316116294681	0.8185768703739701	0.136001	1.0
1262	1829	0.06355451993035778	0.44716124921345146	0.391001	1.0
1263	0	0.0	-0.0	1.0	1.0
1266	0	0.04930993142383888	0.3231853152875938	0.453001	1.0
1269	0	0.11685760058045119	1.0474365844418978	0.096001	1.0
1278	785	0.05369207818004288	0.35977563213455366	0.442001	1.0
1279	0	0.1491294274645198	1.5235168692001568	0.023001	1.0
1282	1829	0.1682553609194546	1.8485562157162547	0.012001	1.0
1286	1147	0.08734585821285579	0.6876736490776831	0.198001	1.0
1292	100	0.08707392517815649	0.6846805254226624	0.221001	1.0
1293	1297	0.037972674787685415	0.2347466894273203	0.611001	1.0
1299	1200	0.0655082167075251	0.46531211116851895	0.337001	1.0
1301	0	0.12836401374331335	1.2070090163973106	0.071001	1.0
1302	2143	0.12345202685762313	1.1375320915302602	0.067001	1.0
1303	28	0.02884314734998411	0.16988368138928772	0.6690010000000001	1.0
1309	0	0.09636243186336975	0.7901967947040814	0.184001	1.0
1310	350	0.0337559651029669	0.2040960339928584	0.621001	1.0
1311	2150	0.04523515023627277	0.29037445113849236	0.5450010000000001	1.0
1317	41	0.022733226531267713	0.12954317015077463	0.749001	1.0
1318	1441	0.015325091436701688	0.08383786318645581	0.8020010000000001	1.0
1321	1110	0.015390771155575033	0.08422791887916327	0.825001	1.0
1323	0	0.08791891112390159	0.6939999901977121	0.20200100000000001	1.0
1326	1600	0.005420323103233777	0.028044441320376465	0.9320010000000001	1.0
1327	1180	0.01803250852343135	0.10013995217007951	0.8070010000000001	1.0
1328	0	0.005687185794931951	0.029469945351198283	0.9360010000000001	1.0
1329	503	0.04436971323764978	0.2835548524327347	0.523001	1.0
1332	1147	0.009146834273587843	0.048336328493567	0.903001	1.0
1335	2180	0.015283907288193246	0.08359341759424736	0.821001	1.0
1336	578	0.016815634306681194	0.09275605484373735	0.819001	1.0
1339	10	0.02000810855807618	0.11232643532021991	0.760001	1.0
1340	588	0.0005513772358027406	0.0027742631466044394	0.989001	1.0
1343	0	0.07992513787904934	0.6080461903224039	0.243001	1.0
1344	742	0.020855347591225603	0.11762839247255666	0.765001	1.0
1346	0	0.0901220113622801	0.7185600932897056	0.168001	1.0
1350	0	0.017763380785472925	0.09849889563293365	0.8110010000000001	1.0
1352	1111	0.050110959883566626	0.3297723166615122	0.48300099999999996	1.0
1353	20	0.003018922105011021	0.015406796262940402	0.966001	1.0
1356	499	0.0	-0.0	1.0	1.0
1358	1306	0.0988837433075607	0.8200144332073847	0.149001	1.0
1359	1185	0.08128910280631514	0.622364114837942	0.237001	1.0
1360	5	0.036942437707210236	0.22714733950402896	0.595001	1.0
1366	581	0.10213830869840541	0.8592541779784768	0.130001	1.0
1368	572	0.1487317950065801	1.5171044788623658	0.017001000000000002	1.0
1373	572	0.09806004414749785	0.8102175053381164	0.143001	1.0
1377	0	0.005194770998403937	0.02684291062016999	0.9310010000000001	1.0
1378	994	0.010581952816793978	0.05637438644578561	0.898001	1.0
1382	0	0.09505706850268648	0.774957664717391	0.151001	1.0
1383	1551	0.0012599085324269468	0.006365182025111769	0.987001	1.0
1384	1543	0.08915726889033157	0.7077585178793657	0.199001	1.0
1385	1198	0.017436128627492626	0.09650954929910566	0.871001	1.0
1386	1254	0.029927215983012463	0.17729570576142398	0.689001	1.0
1388	742	0.07036594827157491	0.5116656082734253	0.31100099999999997	1.0
1390	0	0.16158978931790463	1.7315549417534715	0.022001	1.0
1397	0	0.06942009491285014	0.5025026497238549	0.327001	1.0
1400	1109	0.012372373791571165	0.06657853838730841	0.866001	1.0
1404	777	0.125701117044549	1.169091739812122	0.071001	1.0
1405	882	0.01318413276254601	0.07126978404827755	0.838001	1.0
1407	0	0.04856093172925144	0.3170670122900913	0.48700099999999996	1.0
1409	1829	0.012219988173332981	0.06570240190346402	0.833001	1.0
1410	1633	0.15656077139328684	1.6459273213660686	0.019001	1.0
1411	2249	0.03557085376409468	0.21714143351272583	0.634001	1.0
1412	426	0.06924446408600991	0.5008085647783918	0.322001	1.0
1414	0	0.033428173200041156	0.20176339203445565	0.583001	1.0
1418	1185	0.07718465677242164	0.5797080814657508	0.266001	1.0
1419	0	0.06095787393026305	0.4234699981782942	0.388001	1.0
1422	2258	0.061780219448103926	0.4309196228447254	0.341001	1.0
1425	781	0.008862125826446274	0.04675653267416299	0.891001	1.0
1426	499	0.046150295452951934	0.2976423684514395	0.5310010000000001	1.0
1427	8	0.06772960300754939	0.4862918524656799	0.340001	1.0
1428	2259	0.045025642575779554	0.2887187722660245	0.528001	1.0
1429	918	0.012676483937969031	0.06833127532058689	0.847001	1.0
1430	913	0.06264790747525478	0.43883351114370894	0.37200099999999997	1.0
1431	532	0.04045502934378379	0.25335361123738226	0.567001	1.0
1433	1035	0.015715508737328632	0.086160402610489	0.828001	1.0
1435	0	0.08943046618617191	0.7108099391463277	0.239001	1.0
1440	2313	0.01775713941170569	0.09846089174086095	0.7960010000000001	1.0
1444	1768	0.10700207413090287	0.9194840376250282	0.132001	1.0
1446	1020	0.05904341605461669	0.4063174739099338	0.41300099999999995	1.0
1447	0	0.07537084801261343	0.5612661964292085	0.275001	1.0
1448	2319	0.030299719423226446	0.17986047148567758	0.6680010000000001	1.0
1449	913	0.04901302656320644	0.3207552902415726	0.49600099999999997	1.0
1454	2320	0.02868290864393856	0.16879464834506716	0.709001	1.0
1456	0	0.03270431855192679	0.19663768581104066	0.6660010000000001	1.0
1457	0	0.15379069933390443	1.5997262215517718	0.018001	1.0
1459	44	0.04164533454766012	0.26242508895923927	0.574001	1.0
1460	589	0.012578212374945733	0.06776426601829297	0.870001	1.0
1461	0	0.028578517560026016	0.16808608019568608	0.691001	1.0
1462	0	0.0037290471797134933	0.01910841838902117	0.964001	1.0
1463	8	0.09049461455538213	0.7227513776757801	0.187001	1.0
1464	2326	0.058278851324885736	0.3995416272160297	0.405001	1.0
1465	499	0.014910715494569175	0.08138317233461828	0.837001	1.0
1470	532	0.06890988301769374	0.49758764402473904	0.325001	1.0
1471	0	0.14527098509820188	1.4618797405423964	0.038001	1.0
1474	0	0.03278118671223468	0.19718034091675235	0.650001	1.0
1476	0	0.016880522725683165	0.09314744797752864	0.821001	1.0
1481	2327	0.01861099483520362	0.1036828181507803	0.7910010000000001	1.0
1482	0	0.0629728610953931	0.44181146985557773	0.36800099999999997	1.0
1483	2262	0.04136868153996409	0.26030801158134376	0.5560010000000001	1.0
1485	0	0.04850073300952103	0.3165769825525719	0.467001	1.0
1487	2328	0.04916246599623847	0.3219776057809997	0.47300099999999995	1.0
1490	985	0.010482460172822668	0.05581309146813171	0.865001	1.0
1491	0	0.06023730687802034	0.4169828601149812	0.35200099999999995	1.0
1494	994	0.025783918493787777	0.14938227729530545	0.718001	1.0
1495	0	0.05382304376092513	0.36089016285757425	0.444001	1.0
1499	0	0.06668387113689184	0.47637005588234704	0.35100099999999995	1.0
1500	1185	0.039226434938880325	0.2440919889923997	0.570001	1.0
1503	2329	0.06492760632354092	0.4598886213337542	0.36100099999999996	1.0
1504	574	0.005638979379677745	0.029212126704992396	0.947001	1.0
1507	590	0.022496419993627167	0.1280282473379874	0.753001	1.0
1509	499	0.04582162036900736	0.29502538244164234	0.513001	1.0
1513	2333	0.0631819967959876	0.44373213158592606	0.341001	1.0
1514	2343	0.01905558361345755	0.10641999198513102	0.7930010000000001	1.0
1515	0	0.0258629484139029	0.14990421942220356	0.724001	1.0
1521	1543	0.023781716730143287	0.1362939539933112	0.739001	1.0
1522	38	0.01134357338847087	0.06069112713355859	0.868001	1.0
1524	0	0.06964415936516723	0.5046672466751501	0.315001	1.0
1526	2329	0.10032342895150473	0.8372678728307847	0.158001	1.0
1528	0	0.06518654820209631	0.4623043336598482	0.34600099999999995	1.0
1530	2344	0.03824622475035414	0.23677656850424994	0.574001	1.0
1532	0	0.039824260874748905	0.24858575963931331	0.574001	1.0
1534	0	0.08450227331056454	0.6566585238034244	0.242001	1.0
1535	0	0.08824735278850156	0.6976374225070764	0.20200100000000001	1.0
1536	924	0.02898261176569339	0.1708328984159752	0.6570010000000001	1.0
1539	0	0.1650004030268616	1.7909195442476171	0.016001	1.0
1540	0	0.03408554040855395	0.20644861028877268	0.611001	1.0
1542	913	0.008704117925628314	0.04588189048897988	0.888001	1.0
1544	0	0.04707024146246775	0.30500723991514544	0.507001	1.0
1546	1034	0.0	-0.0	1.0	1.0
1548	2313	0.008887987677473227	0.04689983294980479	0.902001	1.0
1553	917	0.06652630307832905	0.4748820817264918	0.34400099999999995	1.0
1555	2333	0.08220667002312457	0.6320763337873104	0.242001	1.0
1556	0	0.0816057708037556	0.625708661477409	0.247001	1.0
1557	913	0.02792093623111766	0.16363908847946235	0.6600010000000001	1.0
1567	19	0.004846390333416002	0.024993004332010745	0.943001	1.0
1568	1109	0.0016372960936647286	0.008289763886240023	0.984001	1.0
1569	574	0.03089199891185231	0.18395731461755868	0.6680010000000001	1.0
1572	0	0.12783879374004947	1.199482922161893	0.065001	1.0
1574	0	0.055071012655254055	0.37157195771397156	0.41000099999999995	1.0
1575	0	0.0	-0.0	1.0	1.0
1576	1544	0.02860651459237252	0.16827604353565326	0.6740010000000001	1.0
1580	0	0.03113759332590202	0.18566291648492922	0.635001	1.0
1581	2373	0.007599563220330653	0.039809768855810196	0.9170010000000001	1.0
1582	0	0.007816681665113276	0.04099754174236318	0.9080010000000001	1.0
1587	1727	0.05316814006841693	0.35532909409989333	0.456001	1.0
1588	917	0.07718710256431281	0.5797331174655177	0.264001	1.0
1589	1397	0.005531593908801358	0.028638302773650325	0.945001	1.0
1590	354	0.01924378809204368	0.10758246216380957	0.7930010000000001	1.0
1591	1835	0.05666821490521776	0.385405702137187	0.41600099999999995	1.0
1597	985	0.04576843341442642	0.2946026029755712	0.49700099999999997	1.0
1600	0	0.11934399718947483	1.0809812815531807	0.086001	1.0
1601	0	0.007487480982182111	0.03919771844615595	0.9090010000000001	1.0
1604	1199	0.07846771303552719	0.5929043619274561	0.253001	1.0
1605	1151	0.006283279243847603	0.03266943493658731	0.9220010000000001	1.0
1606	574	0.007097042132941728	0.037071529975546566	0.9160010000000001	1.0
1610	20	0.10828327245486144	0.9356683577369961	0.104001	1.0
1611	0	0.07999782130585129	0.6088055769544196	0.240001	1.0
1613	0	0.024663945400022383	0.1420291052272165	0.698001	1.0
1617	1	0.016692867074174247	0.09201627029981102	0.8070010000000001	1.0
1621	2389	0.0025907062035910033	0.013189002248110874	0.968001	1.0
1624	2392	0.10762566786662003	0.9273447165037858	0.144001	1.0
1627	532	0.08725780612406037	0.6867038441378785	0.197001	1.0
1630	427	0.02782770125177425	0.16301086567643283	0.714001	1.0
1631	1110	0.08156334536192297	0.6252601310444394	0.227001	1.0
1632	1306	0.03525906991043497	0.21488460548989285	0.614001	1.0
1637	2396	0.14809721004757384	1.5068996738756	0.034001	1.0
1640	899	0.13625950126968725	1.3229740349969508	0.043001	1.0
1644	0	0.046774971567759435	0.302636940830708	0.516001	1.0
1647	0	0.04756087270290795	0.30895929328690747	0.48500099999999996	1.0
1648	0	0.059066086308221244	0.40651903159318126	0.40700099999999995	1.0
1649	742	0.04610438580634971	0.29727637318615163	0.49100099999999997	1.0
1654	1611	0.064054111325327	0.4517760205997109	0.36000099999999996	1.0
1657	0	0.02660271871583955	0.15480961575686697	0.701001	1.0
1658	1254	0.038933592613536905	0.24189962514701724	0.573001	1.0
1659	1112	0.021904502816166675	0.12425728813884895	0.773001	1.0
1661	513	0.08663902806019423	0.6799056298365018	0.205001	1.0
1662	1147	0.06641118574445751	0.4737961457885204	0.34500099999999995	1.0
1665	0	0.027029465325072232	0.15765556521145066	0.702001	1.0
1667	2406	0.007865318542258557	0.0412640044625431	0.9110010000000001	1.0
1670	0	0.01428312094139628	0.0776857147100459	0.839001	1.0
1671	532	0.05110302881003482	0.33799304172168554	0.460001	1.0
1674	767	0.005236821987095599	0.027066689580153645	0.944001	1.0
1675	0	0.10945873079569131	0.9506344555226773	0.11700100000000001	1.0
1680	518	0.0	-0.0	1.0	1.0
1681	0	0.09656075146384506	0.792523851267496	0.174001	1.0
1684	0	0.032186808139428896	0.1929945317905405	0.6620010000000001	1.0
1686	0	0.02179115154814377	0.12353771263146332	0.753001	1.0
1687	814	0.03057335590285452	0.18175035424025238	0.6650010000000001	1.0
1690	7	0.02396654917796702	0.13749134630952345	0.738001	1.0
1692	0	0.02338449543649884	0.13372809725260815	0.764001	1.0
1695	1397	0.062432589601667164	0.43686453761590177	0.48500099999999996	1.0
1697	0	0.039982533743164426	0.2497795571055909	0.580001	1.0
1698	0	0.015928061042630205	0.08742884049349973	0.830001	1.0
1701	0	0.21765213534992778	2.84483560352755	0.001001	0.9387985428571429
1703	1109	0.11579173901500486	1.0332136320574061	0.089001	1.0
1706	1147	0.026885250490738095	0.15669247642766318	0.6810010000000001	1.0
1708	0	0.10010149140921852	0.8345973307360663	0.152001	1.0
1709	584	0.09004876623449193	0.717737462721637	0.182001	1.0
1710	1689	0.056377722627080296	0.38287605271868236	0.441001	1.0
1711	0	0.03439548562939137	0.20866769745771999	0.613001	1.0
1712	0	0.0972427933783479	0.8005506906410433	0.155001	1.0
1713	0	0.0529287652300062	0.35330408354050064	0.47400099999999995	1.0
1716	515	0.13178974095467338	1.2566716400259457	0.058001000000000004	1.0
1717	0	0.02308131948265243	0.1317765578199364	0.731001	1.0
1720	1739	0.013357045614934782	0.07227431007303228	0.840001	1.0
1721	1689	0.05534051840785026	0.37389337726512006	0.42100099999999996	1.0
1722	36	0.007558001141068006	0.03958272165469981	0.9120010000000001	1.0
1723	1151	0.07530754029488437	0.5606270146372656	0.30200099999999996	1.0
1730	2407	0.08102852421693292	0.6196177355774947	0.231001	1.0
1732	2448	0.013694092635704924	0.07423766637081132	0.830001	1.0
1733	0	0.06314399997232761	0.443382938006894	0.375001	1.0
1734	2449	0.057724448640486564	0.3946547376610111	0.42400099999999996	1.0
1735	1604	0.016498886010330067	0.09084928010751966	0.8070010000000001	1.0
1736	2518	0.009916976493473798	0.05263431845830379	0.887001	1.0
1738	10	0.06281675382124703	0.44037989814193945	0.36900099999999997	1.0
1741	887	0.056307801202277616	0.38226807247594136	0.403001	1.0
1743	887	0.08426732825901193	0.6541239718214715	0.225001	1.0
1744	0	0.018492614541709772	0.10295609645495947	0.7860010000000001	1.0
1746	1797	0.07650580862281763	0.5727767017063621	0.272001	1.0
1747	0	0.010545446301734311	0.05616836224264465	0.883001	1.0
1750	0	0.019220649603626825	0.10743942342069991	0.8060010000000001	1.0
1752	0	0.07581930823067709	0.5658027214968376	0.28900099999999995	1.0
1754	1641	0.0050621018595946345	0.026137585887735567	0.961001	1.0
1757	0	0.06669336718763158	0.4764597892901764	0.323001	1.0
1762	0	0.06159655727730104	0.4292515520687231	0.35400099999999995	1.0
1764	499	0.005767060625300574	0.02989743845903176	0.9280010000000001	1.0
1766	1109	0.027510352749167893	0.16087681436870777	0.6770010000000001	1.0
1768	0	0.020536492058070704	0.11562766334748507	0.7830010000000001	1.0
1770	349	0.014463621799727325	0.07874662854613018	0.833001	1.0
1772	1151	0.04873600741573052	0.31849361007710647	0.47200099999999995	1.0
1773	742	0.039683051518000945	0.24752211006099384	0.5590010000000001	1.0
1774	0	0.15541733844106456	1.6267736885074022	0.016001	1.0
1775	1604	0.02966547200666534	0.1754990172089619	0.6670010000000001	1.0
1778	0	0.08830555466181753	0.6982828747037559	0.278001	1.0
1779	0	0.11938281494029562	1.0815090545539774	0.086001	1.0
1780	592	0.08219964810898177	0.6320017630258435	0.231001	1.0
1783	2344	0.05353953168968119	0.3584789876635013	0.463001	1.0
1784	572	0.046409743665797726	0.2997134710343831	0.48800099999999996	1.0
1787	0	0.11227303011487508	0.9869250339546957	0.107001	1.0
1788	2361	0.040579753952213075	0.25429960115218375	0.582001	1.0
1789	1920	0.028013195173890636	0.16426129477484977	0.6810010000000001	1.0
1790	2550	0.003500975866344229	0.017916327265052923	0.972001	1.0
1792	518	0.009450058970168644	0.05002426432592144	0.874001	1.0
1793	1766	0.0032904268980100664	0.01681854435237826	0.960001	1.0
1794	1059	0.013266783022164767	0.07174970533751625	0.844001	1.0
1795	1601	0.08604998539034929	0.6734617329481711	0.217001	1.0
1799	2344	0.06118321759542635	0.4255064834313091	0.35000099999999995	1.0
1800	742	0.05435925657149544	0.36546615551757644	0.42900099999999997	1.0
1802	1257	0.11310301224318098	0.9977516294781168	0.099001	1.0
1804	1258	0.1593958532133814	1.6939209349462956	0.014001	1.0
1806	0	0.1209420312527684	1.1028122047185198	0.072001	1.0
1809	0	0.10245317333180246	0.8630955106767955	0.139001	1.0
1811	1052	0.06778397290656216	0.4868099240333603	0.30200099999999996	1.0
1812	1408	0.020143760758521777	0.11317226963326485	0.771001	1.0
1813	0	0.07906250944600171	0.5990643869951111	0.261001	1.0
1814	1841	0.05862149744586459	0.4025730510683363	0.406001	1.0
1815	47	0.08323257665071238	0.6430119358802995	0.243001	1.0
1816	0	0.03513069353843263	0.2139572606802036	0.610001	1.0
1820	5	0.16492210888509087	1.7895449904959189	0.013000999999999999	1.0
1822	851	0.006695904968905893	0.03489660299475831	0.9240010000000001	1.0
1823	1769	0.01641324293791003	0.09033480026818348	0.8060010000000001	1.0
1827	2572	0.14644728017150108	1.4805323940153419	0.030001	1.0
1829	350	0.05125972311598304	0.33929784410556335	0.443001	1.0
1834	19	0.027371812310473198	0.15994724547932754	0.6760010000000001	1.0
1835	0	0.0372189306802174	0.22917978191335792	0.586001	1.0
1838	887	0.038973906058971206	0.24220108509497518	0.5590010000000001	1.0
1840	1185	0.03553837351886015	0.21690602216539556	0.613001	1.0
1842	0	0.0866607136334955	0.6801433756316121	0.23400100000000001	1.0
1851	787	0.07736727825979192	0.5815787099074153	0.28200099999999995	1.0
1852	787	0.002578111618255132	0.013123936014249299	0.971001	1.0
1853	874	0.010970027917233578	0.05856950799366463	0.884001	1.0
1860	2491	0.09367096897709168	0.758923625200394	0.161001	1.0
1861	349	0.018490110731608955	0.10294073542556455	0.814001	1.0
1862	1975	0.05802068091931857	0.39726317317122795	0.393001	1.0
1865	0	0.01452473297861518	0.07910627388583928	0.827001	1.0
1867	349	0.024234470580974905	0.1392309209141842	0.734001	1.0
1868	0	0.03841458470801037	0.23802841066505384	0.589001	1.0
1870	2579	0.03815655573358928	0.23611061937487085	0.599001	1.0
1876	1185	0.0390961624139271	0.24311598262962636	0.590001	1.0
1878	1077	0.021574524680366552	0.1221648080094636	0.758001	1.0
1879	913	0.007903142113135739	0.04147132364771403	0.902001	1.0
1880	0	0.07185714717534339	0.5262473244293885	0.30400099999999997	1.0
1881	2333	0.05909539443933923	0.40677966077306693	0.386001	1.0
1883	349	0.020419601205066137	0.11489582600800505	0.779001	1.0
1885	1306	0.0	-0.0	1.0	1.0
1891	2709	0.01678352328043195	0.09256246549674174	0.7980010000000001	1.0
1894	2710	0.07290753559235602	0.5366185648307484	0.28700099999999995	1.0
1899	0	0.017436128627492626	0.09650954929910566	0.871001	1.0
1901	1266	0.0476012352769675	0.3092851651502961	0.506001	1.0
1902	920	0.05912988496698944	0.4070864552740338	0.42900099999999997	1.0
1904	48	0.002380662988138077	0.01210509189927686	0.977001	1.0
1907	1343	0.07512128843198744	0.5587482928600097	0.28300099999999995	1.0
1908	0	0.01662735585432065	0.09162189147910224	0.8030010000000001	1.0
1911	1630	0.05923505972409564	0.4080225206248403	0.41000099999999995	1.0
1913	1408	0.08931866808623472	0.7095605281713447	0.178001	1.0
1914	0	0.0038743096577278993	0.01986928124191787	0.953001	1.0
1917	0	0.02491964654557688	0.14370075265305635	0.711001	1.0
1918	0	0.11204073613425375	0.9839050320795835	0.105001	1.0
1923	976	0.01742682392895151	0.0964530849434946	0.8030010000000001	1.0
1925	994	0.07228172846238648	0.5304295521071987	0.30500099999999997	1.0
1930	20	0.06952133222846964	0.5034801997233932	0.328001	1.0
1933	572	0.0452221181070193	0.2902713730189603	0.518001	1.0
1934	0	0.06230037582247585	0.43565718878918913	0.35600099999999996	1.0
1938	2260	0.019053064699562843	0.10640444876327178	0.7920010000000001	1.0
1942	777	0.019390605266862627	0.10849085377504734	0.777001	1.0
1943	516	0.09643287452483544	0.7910230022312554	0.161001	1.0
1944	0	0.03785556993446337	0.23387926448603974	0.608001	1.0
1945	1065	0.032531261254918904	0.19541741850746203	0.623001	1.0
1956	2742	0.054050710271430984	0.36283054119832403	0.42100099999999996	1.0
1957	2743	0.06441248778330332	0.45509766356235415	0.332001	1.0
1959	292	0.054059738637207984	0.3629075652941308	0.442001	1.0
1960	2745	0.005603772278555644	0.02902391873721681	0.9230010000000001	1.0
1963	781	0.026589688561114898	0.15472290508421824	0.692001	1.0
1967	532	0.05100590367624179	0.3371851475134298	0.468001	1.0
1968	1689	0.13122286066214725	1.2483847293453771	0.051001	1.0
1969	985	0.1006030287459614	0.840637869304041	0.156001	1.0
1970	1298	0.04396570116914732	0.28038903791188874	0.519001	1.0
1975	1790	0.018275979763045767	0.10162849096196062	0.774001	1.0
1977	0	0.05989604356023911	0.4139236961426142	0.398001	1.0
1979	0	0.06657815054868665	0.47537149418772273	0.330001	1.0
1980	0	0.0822946319237348	0.6330107856723379	0.247001	1.0
1981	1768	0.05967391272696626	0.41193700638098507	0.404001	1.0
1983	0	0.04776496488633397	0.3106082247676048	0.49400099999999997	1.0
1985	0	0.0018639986297105948	0.00944988802019508	0.978001	1.0
1986	2335	0.039979163882611045	0.2497541215873292	0.569001	1.0
1989	50	0.07898054516853423	0.598213919173306	0.253001	1.0
1991	0	0.024393192878537036	0.140263666499763	0.748001	1.0
1995	521	0.029588459329588535	0.1749712388577251	0.688001	1.0
1996	2789	0.02926100011085557	0.17273147670289168	0.698001	1.0
1997	1113	0.07894278631637773	0.5978223027559929	0.249001	1.0
1998	594	0.06805898666083594	0.48943379244152063	0.323001	1.0
1999	0	0.06647133046069682	0.47436338655618754	0.35300099999999995	1.0
2001	0	0.15299398482616494	1.5865642579593269	0.028001	1.0
2002	0	0.013626081874891168	0.07384092716905767	0.829001	1.0
2005	735	0.015034142314272483	0.0821132151480554	0.834001	1.0
2006	735	0.0	-0.0	1.0	1.0
2008	0	0.03797401925944721	0.2347566536680091	0.616001	1.0
2010	526	0.06118827393731746	0.4255522212439664	0.378001	1.0
2011	1604	0.007079416417299485	0.03697576249881528	0.9210010000000001	1.0
2012	2373	0.09375625823009248	0.7599058473045741	0.177001	1.0
2014	0	0.09836245201470789	0.8138080052301047	0.145001	1.0
2018	1343	0.03569183073267755	0.21801887891003396	0.593001	1.0
2019	0	0.0	-0.0	1.0	1.0
2021	0	0.007206612652756402	0.03766728784352925	0.9170010000000001	1.0
2023	1200	0.03685038019830123	0.2264717911021404	0.591001	1.0
2025	2806	0.014240684187608226	0.07743658106344382	0.848001	1.0
2027	2807	0.04792239720303249	0.3118821682533288	0.505001	1.0
2029	0	0.1456549798960398	1.467955493057127	0.036001	1.0
2032	1007	0.025397993713052174	0.14683931347583437	0.719001	1.0
2033	1739	0.029634035753857646	0.1752835331022294	0.6750010000000001	1.0
2034	921	0.05486075426457009	0.36976448380974986	0.42900099999999997	1.0
2038	661	0.031427268788627345	0.18767978762682283	0.6780010000000001	1.0
2039	349	0.012609269549420692	0.06794339616096198	0.859001	1.0
2041	1604	0.06551325454165945	0.4653592783341959	0.334001	1.0
2043	2818	0.05005172036414841	0.32928363063450977	0.460001	1.0
2044	994	0.07845661107843521	0.5927896405593475	0.256001	1.0
2047	1162	0.017830531588770536	0.09890793361188534	0.7920010000000001	1.0
2049	2361	0.021705807133938625	0.12299647193705918	0.744001	1.0
2053	0	0.05678146079895131	0.38639350814242523	0.42700099999999996	1.0
2055	0	0.0675875189036709	0.48493901797704353	0.334001	1.0
2056	735	0.07000448367243509	0.5081560420936319	0.30700099999999997	1.0
2057	349	0.02048635250734631	0.11531364021207514	0.756001	1.0
2059	0	0.009266801576226159	0.04900347462335845	0.899001	1.0
2060	2823	0.10630413905148729	0.9107236861960366	0.111001	1.0
2063	1147	0.04094373746842006	0.25706637066663524	0.5500010000000001	1.0
2065	878	0.06164683040746579	0.4297079019810332	0.375001	1.0
2066	1946	0.0025201733516542306	0.012824734823586967	0.967001	1.0
2069	0	0.05413530614922328	0.36355248594610684	0.42900099999999997	1.0
2071	1978	0.027657812977515576	0.16186761076716616	0.696001	1.0
2074	52	0.04527838163675531	0.29071647605270423	0.49600099999999997	1.0
2075	354	0.017436128627492626	0.09650954929910566	0.871001	1.0
2076	1829	0.09952999729277884	0.8277387612081608	0.178001	1.0
2078	0	0.0390961624139271	0.24311598262962636	0.590001	1.0
2081	0	0.10644439742474363	0.9124810112754125	0.14000100000000001	1.0
2082	2584	0.11305360819761352	0.9971056009869756	0.045001	1.0
2084	1633	0.03813524782941781	0.23595245123501507	0.593001	1.0
2088	1756	0.03117911618868177	0.1859516788379712	0.635001	1.0
2091	595	0.053276355429316136	0.3562458895199633	0.453001	1.0
2094	742	0.06761906920981897	0.48523929066818405	0.317001	1.0
2096	355	0.02724457268514964	0.1590946064972739	0.689001	1.0
2098	1148	0.0067889513248951955	0.03540023277059224	0.9250010000000001	1.0
2102	589	0.0367950810587804	0.22606626315727368	0.615001	1.0
2104	1797	0.029030482636496782	0.17115900982072055	0.6600010000000001	1.0
2106	0	0.14350525138238357	1.4341070797194435	0.031001	1.0
2108	0	0.07567573013867882	0.5643486612037384	0.29800099999999996	1.0
2109	0	0.056673216259543704	0.3854493078031228	0.441001	1.0
2110	0	0.00956174795701209	0.05064739849221275	0.9350010000000001	1.0
2112	0	0.012131104595521915	0.06519202675563698	0.859001	1.0
2113	0	0.019434862451811804	0.10876495074660382	0.8050010000000001	1.0
2115	54	0.11152253995923722	0.9771840238377318	0.109001	1.0
2119	661	0.0359037462639254	0.2195582761258595	0.598001	1.0
2120	0	0.013574444075014036	0.07353989007694298	0.841001	1.0
2121	0	0.037884512690334236	0.23409356417199834	0.578001	1.0
2125	0	0.010596523997273843	0.056456641453622794	0.861001	1.0
2128	1919	0.030162829404279667	0.1789168901984833	0.650001	1.0
2129	918	0.0	-0.0	1.0	1.0
2130	1151	0.017436128627492626	0.09650954929910566	0.871001	1.0
2131	2579	0.03593734453578307	0.21980261856608854	0.603001	1.0
2133	0	0.08391512391014065	0.6503324300500622	0.233001	1.0
2135	0	0.03739458332076842	0.23047365515562326	0.619001	1.0
2136	985	0.04890225594216415	0.31985027337660626	0.48600099999999996	1.0
2137	2856	0.0	-0.0	1.0	1.0
2138	882	0.010915727110609277	0.05826180618382912	0.883001	1.0
2143	20	0.06061060355706713	0.4203388697913787	0.41400099999999995	1.0
2144	0	0.05071985669712999	0.33480966328144063	0.460001	1.0
2145	1151	0.016871685266746678	0.09309412679370638	0.8110010000000001	1.0
2146	0	0.042107695401637266	0.26597502681277635	0.564001	1.0
2147	1633	0.017879216597617754	0.09920466759255729	0.7990010000000001	1.0
2153	1689	0.07754864028862865	0.5834389452628466	0.254001	1.0
2154	2806	0.11642834277067664	1.0416972275920975	0.028001	1.0
2155	0	0.057935220314856206	0.39651001062141134	0.42100099999999996	1.0
2156	17	0.03907596046310873	0.24296473243575178	0.585001	1.0
2160	0	0.038525577083930646	0.2388547490076734	0.5480010000000001	1.0
2161	1299	0.06002327479374829	0.4150632377682028	0.391001	1.0
2162	2249	0.0031876865374401986	0.016283813386387142	0.962001	1.0
2167	8	0.09917536189022486	0.8234958646772195	0.154001	1.0
2168	0	0.002747468411104615	0.013999647373282558	0.966001	1.0
2169	0	0.033476104849200765	0.20210403643719813	0.612001	1.0
2170	2842	0.08557285886269039	0.6682618844247188	0.222001	1.0
2171	1162	0.08661044443779603	0.6795923143473143	0.229001	1.0
2175	1201	0.13544635365980612	1.310784857467474	0.046001	1.0
2176	356	0.06739994167133578	0.48315531843400567	0.35700099999999996	1.0
2178	2709	0.037262570954876326	0.2295010451300161	0.596001	1.0
2179	2864	0.02508463561347697	0.14478161490838742	0.703001	1.0
2181	0	0.023569742146528072	0.1349234372204208	0.724001	1.0
2185	0	0.007042883249600437	0.03677732268432186	0.9290010000000001	1.0
2188	1109	0.02057829298029824	0.11588958399775012	0.769001	1.0
2189	0	0.003860419679369606	0.019796473776921147	0.955001	1.0
2190	985	0.022529172967890296	0.1282375637216303	0.723001	1.0
2191	1604	0.018250597573624	0.1014731345594519	0.7920010000000001	1.0
2193	1633	0.05027264353854785	0.331107357793528	0.48900099999999996	1.0
2194	778	0.01841279418804121	0.102466588233085	0.7930010000000001	1.0
2197	357	0.12862975949390043	1.2108258928813196	0.074001	1.0
2199	946	0.0	-0.0	1.0	1.0
2201	2880	0.004979999126875804	0.02570161703020925	0.9280010000000001	1.0
2202	0	0.05180146424464698	0.3438223522357075	0.460001	1.0
2206	1036	0.04059859469793814	0.25444259378524825	0.567001	1.0
2215	2039	0.008512021635096232	0.04482058586363461	0.901001	1.0
2219	1525	0.02648208758166115	0.15400728453374843	0.696001	1.0
2220	0	0.09778831799856035	0.8069975047963929	0.157001	1.0
2221	0	0.04959526512571362	0.3255264819970525	0.49400099999999997	1.0
2222	2807	0.023968755352717773	0.13750565177733579	0.728001	1.0
2224	2249	0.06580732417473026	0.4681157738821762	0.447001	1.0
2227	1109	0.05305155151765494	0.3543422944829183	0.47000099999999995	1.0
2228	0	0.03152780067861205	0.1883810431930164	0.637001	1.0
2229	1180	0.12436491168119314	1.150290604485354	0.075001	1.0
2233	0	0.06604600550136729	0.47035777085942154	0.34400099999999995	1.0
2234	1111	0.013221425086753023	0.07148627544537212	0.847001	1.0
2237	532	0.0793122908722762	0.6016593002120052	0.263001	1.0
2238	0	0.06030405809623007	0.4175822228283549	0.36900099999999997	1.0
2243	0	0.0035340406452485868	0.018088961299951228	0.957001	1.0
2245	0	0.02736416833159548	0.15989599294894183	0.6860010000000001	1.0
2246	1757	0.06727775594721655	0.4819948384369088	0.30200099999999996	1.0
2249	0	0.023118101380959575	0.13201300749716696	0.759001	1.0
2250	2327	0.06751346820314255	0.48423454747221406	0.317001	1.0
2253	0	0.017436128627492626	0.09650954929910566	0.871001	1.0
2257	0	0.03351674946080112	0.20239301299145646	0.6570010000000001	1.0
2258	532	0.03749942876617886	0.23124695186763772	0.626001	1.0
2261	1408	0.0	-0.0	1.0	1.0
2262	0	0.07546237069080412	0.5621907842331151	0.278001	1.0
2265	521	0.05297912321538927	0.35372975221633207	0.463001	1.0
2266	1358	0.024268722650680474	0.1394536484891653	0.721001	1.0
2268	2904	0.028572076292982806	0.16804238267717161	0.6860010000000001	1.0
2270	2328	0.01606060004956045	0.08822121351350487	0.821001	1.0
2271	0	0.05493954746491776	0.37044145421405583	0.42700099999999996	1.0
2272	1202	0.15172487906082477	1.5657143171445038	0.020001	1.0
2275	2808	0.07289610865586975	0.5365052928161496	0.30000099999999996	1.0
2278	1202	0.06105978717356677	0.42439055476702053	0.383001	1.0
2280	1343	0.10774906871110176	0.9289039843659843	0.124001	1.0
2281	425	0.051224697478100864	0.33900603280686203	0.42600099999999996	1.0
2282	5	0.04657855494769387	0.30106356535346357	0.48800099999999996	1.0
2283	349	0.02907033974211789	0.1714306438503305	0.6840010000000001	1.0
2284	2920	0.08293560923836743	0.6398380946948559	0.245001	1.0
2286	1642	0.02042967687333482	0.11495887415223974	0.753001	1.0
2288	0	0.05566806718460017	0.3767217643360253	0.440001	1.0
2293	1458	0.06937652067175258	0.502082130767369	0.321001	1.0
2294	2923	0.09264451027221726	0.747147543948387	0.185001	1.0
2303	25	0.02219165936182478	0.12608389074194096	0.751001	1.0
2307	1756	0.051183474358123544	0.338662699288951	0.5520010000000001	1.0
2312	0	0.06553206388469421	0.4655353989969584	0.382001	1.0
2313	0	0.030598898405473234	0.18192701718769133	0.647001	1.0
2316	499	0.09663560395048618	0.7934029724300493	0.170001	1.0
2317	0	0.04054345104618111	0.2540241472295749	0.592001	1.0
2320	370	0.11421147820138233	1.0122991835692052	0.109001	1.0
2321	106	0.02744230742588412	0.16042009193847745	0.716001	1.0
2328	0	0.07876685603920663	0.5959990731587679	0.261001	1.0
2330	1978	0.06302330502075547	0.4422744439909505	0.36600099999999997	1.0
2332	0	0.06585330834572825	0.4685473884619525	0.327001	1.0
2333	0	0.0035176676843119373	0.018003468617337044	0.968001	1.0
2335	1343	0.0700559611486566	0.5086552567381715	0.325001	1.0
2337	0	0.005214168179619949	0.026946121794452025	0.947001	1.0
2340	728	0.008988628595061755	0.047457868309315344	0.9100010000000001	1.0
2341	0	0.05686748849897237	0.38714451570460495	0.442001	1.0
2343	1202	0.09774027949911523	0.8064288520980281	0.156001	1.0
2344	597	0.005076698574381673	0.026215136948619974	0.943001	1.0
2345	1255	0.03740587133639716	0.2305568751353845	0.575001	1.0
2346	370	0.04500682481406704	0.2885702101168891	0.515001	1.0
2353	56	0.03371566248065161	0.20380884413872755	0.622001	1.0
2354	1920	0.017436128627492626	0.09650954929910566	0.871001	1.0
2355	1797	0.06580732417473026	0.4681157738821762	0.447001	1.0
2356	0	0.05366295850938453	0.359527986937573	0.443001	1.0
2357	881	0.09057665047674562	0.7236756321566595	0.179001	1.0
2358	2932	0.0001901782385718368	0.0009548928466380531	0.998001	1.0
2359	0	0.061882235589324534	0.43184722499525297	0.391001	1.0
2364	985	0.017371689674846008	0.09611862139711183	0.8080010000000001	1.0
2371	1905	0.04002302287299761	0.25008522744214007	0.5570010000000001	1.0
2373	0	0.00752148636258896	0.03938333274426208	0.9210010000000001	1.0
2374	2344	0.14241870774599794	1.4171521523429322	0.042001000000000004	1.0
2375	1185	0.0820373505023371	0.6302792639335763	0.245001	1.0
2377	370	0.025160981434646176	0.14528236156210977	0.729001	1.0
2381	1147	0.0	-0.0	1.0	1.0
2384	1182	0.013951399149377507	0.07574124467098556	0.845001	1.0
2386	0	0.10722378939528043	0.9222752394988187	0.121001	1.0
2391	0	0.03844032338224956	0.23821996055161418	0.5560010000000001	1.0
2392	0	0.017199786090251246	0.09507701918754781	0.7980010000000001	1.0
2394	0	0.01620647915799519	0.08909460683214782	0.834001	1.0
2399	1036	0.0	-0.0	1.0	1.0
2400	0	0.007524005279656139	0.03939708471545323	0.903001	1.0
2401	0	0.06504465404606839	0.46097996783712936	0.341001	1.0
2402	522	0.0	-0.0	1.0	1.0
2403	58	0.08488973264182209	0.6608476968284688	0.219001	1.0
2405	921	0.050271444405862405	0.3310974496218148	0.48300099999999996	1.0
2406	1163	0.04462009692796415	0.2855225205553959	0.528001	1.0
2407	532	0.06018276655295845	0.41649337999503844	0.503001	1.0
2411	874	0.06438729861263154	0.4548638872598774	0.36300099999999996	1.0
2415	349	0.0002004041633945977	0.0010062970309608285	1.0	1.0
2417	2946	0.0830638092072115	0.6412073994375896	0.225001	1.0
2418	1359	0.13062892103666346	1.2397315942741824	0.060001	1.0
2419	0	0.05252691144632257	0.34991373499558276	0.453001	1.0
2422	47	0.001351399006540202	0.006830997512087115	0.986001	1.0
2423	1203	0.014670172999235818	0.07996313435071108	0.850001	1.0
2424	1167	0.11080378514890477	0.9678981818465796	0.067001	1.0
2425	0	0.019165180505612205	0.10709665948268302	0.7850010000000001	1.0
2427	0	0.0060542171709586715	0.03143745250503043	0.948001	1.0
2429	56	0.01563617769449796	0.08568770443534132	0.821001	1.0
2430	1163	0.012973179254658393	0.07004675927363421	0.828001	1.0
2438	2329	0.09531316401975362	0.7779367402949029	0.168001	1.0
2439	2990	0.02198762707938351	0.12478549899789315	0.743001	1.0
2440	1343	0.07973818023851423	0.6060947375150106	0.275001	1.0
2442	1402	0.07494561144660353	0.5569786419973219	0.28900099999999995	1.0
2445	598	0.05967567677595681	0.41195276954692667	0.398001	1.0
2446	2995	0.021142530403345742	0.11943592511841056	0.766001	1.0
2448	1202	0.01834401354171271	0.10204510456127945	0.768001	1.0
2450	0	0.014383016453577663	0.07827261217577797	0.849001	1.0
2451	0	0.062126934365466444	0.4340752942872663	0.35700099999999996	1.0
2452	1689	0.06576341467944723	0.467703778126996	0.36600099999999997	1.0
2454	1357	0.04300248742328168	0.27288689717590797	0.520001	1.0
2455	0	0.026883218859727144	0.1566789185719283	0.704001	1.0
2457	349	0.03543471301716246	0.21615518304665116	0.689001	1.0
2459	0	0.07599703316296082	0.5676047586989319	0.29700099999999996	1.0
2462	20	0.0616599595254435	0.42982711075272295	0.381001	1.0
2466	572	0.0511974174684416	0.3387788133086129	0.49200099999999997	1.0
2467	0	0.052273826436579865	0.3477844052594108	0.451001	1.0
2469	1945	0.04440598897725412	0.28383966016923645	0.520001	1.0
2470	0	0.03912381988738507	0.2433230967308399	0.575001	1.0
2476	704	0.0620799705790979	0.43364733327207894	0.36000099999999996	1.0
2477	1343	0.06024745841272701	0.4170739904051797	0.36800099999999997	1.0
2479	0	0.013065414179364037	0.07058116342007924	0.862001	1.0
2480	0	0.042545844953852816	0.26935264515431817	0.5480010000000001	1.0
2482	849	0.02746124200703221	0.16054715108328235	0.721001	1.0
2483	1007	0.06371348829716185	0.4486276681179229	0.34700099999999995	1.0
2488	20	0.08322250098244365	0.6429041407675802	0.212001	1.0
2489	2392	0.0298970266703176	0.17708824691969316	0.6630010000000001	1.0
2490	3015	0.05451692208490052	0.36681556602705323	0.437001	1.0
2497	499	0.062199774755312534	0.4347393764956007	0.379001	1.0
2500	0	0.05852829751437906	0.4017476616695594	0.41800099999999996	1.0
2502	899	0.017436128627492626	0.09650954929910566	0.871001	1.0
2503	1358	0.10381042160574755	0.8797451829941922	0.135001	1.0
2504	38	0.058636745671615635	0.4027081509250314	0.377001	1.0
2506	1007	0.04802561231648137	0.3127183283368314	0.49500099999999997	1.0
2509	2995	0.0	-0.0	1.0	1.0
2510	0	0.018095344138077785	0.10052376030906243	0.7870010000000001	1.0
2513	38	0.09038882003856075	0.721560226366826	0.183001	1.0
2514	1110	0.01606565305445156	0.08825144416267439	0.839001	1.0
2515	0	0.02501846088190151	0.14434788503235674	0.750001	1.0
2516	598	0.05965072947649529	0.4117298667726921	0.378001	1.0
2517	890	0.0005516421429407926	0.0027756002711440955	0.989001	1.0
2518	2336	0.06462199847399412	0.4570439030574932	0.35800099999999996	1.0
2520	0	0.04971586615486216	0.3265177389705281	0.47300099999999995	1.0
2521	1385	0.033551570177185436	0.2026406703786993	0.633001	1.0
2523	2450	0.04508987496099254	0.2892260582578186	0.49200099999999997	1.0
2530	2842	0.012510986056367406	0.06737672426121613	0.856001	1.0
2531	0	0.009530970458761799	0.050475609448845854	0.899001	1.0
2532	0	0.09706965826422824	0.7985095906744367	0.172001	1.0
2534	0	0.013034136364104696	0.07039988272739908	0.843001	1.0
2537	1214	0.04500420768552098	0.2885495504021647	0.570001	1.0
2539	350	0.005113395206254978	0.026410158825127445	0.944001	1.0
2543	0	0.016537950004547185	0.09108409982875151	0.819001	1.0
2549	1204	0.004260748219129015	0.021899456807056135	0.942001	1.0
2550	0	0.039351208718670656	0.24502788276647677	0.5400010000000001	1.0
2556	1306	0.04730526252157426	0.30689824253828524	0.513001	1.0
2560	0	0.06634840089429422	0.4732042903637847	0.315001	1.0
2562	742	0.0427185713326036	0.27068779615364713	0.5520010000000001	1.0
2565	585	0.07151954473136288	0.5229315018861102	0.321001	1.0
2570	0	0.04105033123407913	0.25787834648160657	0.5470010000000001	1.0
2571	349	0.059975415369471936	0.4146344487810028	0.399001	1.0
2574	0	0.07701874783504435	0.5780108387918663	0.246001	1.0
2575	1797	0.03724088247629387	0.22934136663185617	0.617001	1.0
2576	1643	0.08727543854353062	0.686897999161658	0.238001	1.0
2577	0	0.030495231066268863	0.18121027689339667	0.6810010000000001	1.0
2578	2205	0.0320834466846268	0.19226902554162775	0.6570010000000001	1.0
2580	1633	0.031083257324671133	0.18528522025464436	0.6710010000000001	1.0
2581	0	0.03528750919407528	0.2150901905353017	0.619001	1.0
2584	0	0.04436990109375649	0.2835563270918746	0.511001	1.0
2585	3037	0.023720612146454698	0.13589858687276515	0.732001	1.0
2587	1035	0.07231280123572717	0.5307361573197569	0.280001	1.0
2591	0	0.0201160463631291	0.1129993666796627	0.7810010000000001	1.0
2592	1201	0.13158444921369847	1.2536674322400603	0.048001	1.0
2594	3079	0.0793761146208652	0.6023231121322209	0.251001	1.0
2597	2396	0.017603451923962815	0.09752585699009693	0.828001	1.0
2598	0	0.00458065068666042	0.023586764814988743	0.953001	1.0
2600	1147	0.0	-0.0	1.0	1.0
2606	600	0.06918205874779335	0.5002071736123687	0.444001	1.0
2607	598	0.011302162898748799	0.060455508510738616	0.886001	1.0
2608	2823	0.031217991452126368	0.18622213252710812	0.6680010000000001	1.0
2610	3081	0.09987556487197835	0.8318828376143108	0.152001	1.0
2611	0	0.15708961366929733	1.65482535149035	0.024001	1.0
2615	0	0.10064950194775019	0.841198614288937	0.165001	1.0
2619	184	0.06699543468816335	0.4793176718113569	0.319001	1.0
2623	0	0.05503581900073885	0.3712691970128651	0.43200099999999997	1.0
2624	597	0.06468241265037587	0.4576057171699387	0.47100099999999995	1.0
2626	887	0.01647379688633368	0.09069851582566907	0.7990010000000001	1.0
2627	0	0.03498272022894691	0.2128897283709094	0.620001	1.0
2629	499	0.05720318689153007	0.3900802029133801	0.41300099999999995	1.0
2630	0	0.024259736105275174	0.13939520523441373	0.733001	1.0
2631	0	0.057645417082333714	0.39395990546877724	0.40700099999999995	1.0
2633	1847	0.04912643956114286	0.32168278972537406	0.49600099999999997	1.0
2635	597	0.02216269181555218	0.12589938889759147	0.740001	1.0
2636	54	0.0	-0.0	1.0	1.0
2638	986	0.011505489298505627	0.061613407770359924	0.876001	1.0
2639	1111	0.08993037713233464	0.7164086990798189	0.215001	1.0
2640	351	0.0435319247549439	0.2770025671965177	0.522001	1.0
2641	499	0.09697830708629443	0.7974336066872009	0.145001	1.0
2643	1857	0.0017436823915697036	0.008833809535547493	0.979001	1.0
2644	1185	0.016511501375341846	0.090925102587186	0.819001	1.0
2646	2353	0.023460625150087316	0.13421907159194957	0.752001	1.0
2651	0	0.06008097582764406	0.4155804222664923	0.398001	1.0
2652	0	0.0	-0.0	1.0	1.0
2667	0	0.023040534413463275	0.13151447568073102	0.746001	1.0
2668	0	0.040102494929294304	0.2506855228100358	0.5620010000000001	1.0
2676	2502	0.08093154590984664	0.6185969577033876	0.265001	1.0
2678	0	0.014900653910882456	0.08132370197364515	0.819001	1.0
2679	0	0.04792617557863327	0.3119127642368086	0.49500099999999997	1.0
2684	427	0.0794567199670148	0.6031619089164516	0.248001	1.0
2685	0	0.12946658217077928	1.222884172095726	0.050001000000000004	1.0
2688	1718	0.01934654253444893	0.10821808426523935	0.7980010000000001	1.0
2691	0	0.07927661739671171	0.6012884064326621	0.261001	1.0
2693	0	0.07404540622523964	0.5479471373223457	0.29800099999999996	1.0
2695	3120	0.037378210359831764	0.23035296216332787	0.619001	1.0
2699	1947	0.09790953533057467	0.8084332240772711	0.159001	1.0
2700	0	0.024996293768692487	0.14420265823095882	0.734001	1.0
2701	3131	0.07605870084339378	0.5682305953919264	0.264001	1.0
2702	1644	0.015008156981007312	0.08195943888616955	0.837001	1.0
2705	3132	0.12639649389762886	1.17893554274998	0.051001	1.0
2710	917	0.07931188223565216	0.6016550511053288	0.228001	1.0
2711	749	0.009838890064391332	0.052196896228183305	0.883001	1.0
2712	1278	0.0688772682848736	0.4972741163646948	0.30600099999999997	1.0
2713	0	0.10887066303484938	0.9431330220280104	0.118001	1.0
2717	66	0.034005582273225615	0.20587718494473517	0.629001	1.0
2719	20	0.05603003031277047	0.3798562703747509	0.41200099999999995	1.0
2720	1357	0.05305155151765494	0.3543422944829183	0.47000099999999995	1.0
2722	353	0.006276917839679886	0.032635178600568596	0.9340010000000001	1.0
2723	735	0.023721589617927443	0.1359049095477024	0.721001	1.0
2725	0	0.011536661962637347	0.06179115285538549	0.869001	1.0
2726	887	0.07023118620848098	0.5103560238017217	0.29900099999999996	1.0
2728	597	0.0904263064983509	0.7219821899600474	0.197001	1.0
2731	0	0.07291383288502395	0.5366809923192015	0.323001	1.0
2736	0	0.1291895639402195	1.2188858771836104	0.042001000000000004	1.0
2739	2542	0.1108037851489048	0.96789818184658	0.072001	1.0
2741	887	0.07542257929226076	0.5617887225216358	0.28400099999999995	1.0
2742	742	0.004391731906622183	0.022589590560674788	0.943001	1.0
2745	499	0.007293524368009478	0.038140357313009667	0.9260010000000001	1.0
2749	20	0.03470815826862471	0.210912835125846	0.604001	1.0
2750	2818	0.029493999939569387	0.17432442920008687	0.648001	1.0
2753	1299	0.04631910648977467	0.2989894063792611	0.505001	1.0
2755	0	0.08830555466181753	0.6982828747037559	0.278001	1.0
2756	370	0.0	-0.0	1.0	1.0
2758	2946	0.06355750112602153	0.44718873248606084	0.49100099999999997	1.0
2760	1260	0.012838482945869933	0.06926727745072771	0.841001	1.0
2763	1711	0.0757262037905265	0.5648596458668591	0.267001	1.0
2764	503	0.02796501727979326	0.16393630728147246	0.722001	1.0
2765	1066	0.05692122842552043	0.38761392664387045	0.41200099999999995	1.0
2767	0	0.008077110266609122	0.04242598994430411	0.9100010000000001	1.0
2768	0	0.12800596510486112	1.201875857443605	0.059001	1.0
2769	0	0.07618880890038573	0.5695519466431658	0.274001	1.0
2773	3079	0.07140248264471803	0.5217837487787501	0.325001	1.0
2776	3131	0.0	-0.0	1.0	1.0
2778	3146	0.03359558520901841	0.2029538369520017	0.609001	1.0
2780	1768	0.008454254590211614	0.04450186691130765	0.9220010000000001	1.0
2781	0	0.0112394234919444	0.060098731723526866	0.879001	1.0
2783	0	0.03576610343683882	0.21855806660246083	0.610001	1.0
2786	923	0.010686659481366451	0.05696574816845329	0.9190010000000001	1.0
2787	0	0.07985387647599074	0.607302052912546	0.272001	1.0
2788	879	0.06486715231392869	0.45932534638682154	0.374001	1.0
2789	0	0.03578551011478684	0.21869901189367555	0.619001	1.0
2790	3147	0.006845493640335166	0.035706531227515236	0.9150010000000001	1.0
2792	8	0.07614560348221133	0.5691130189023328	0.262001	1.0
2793	349	0.10517922752713298	0.8966870877876956	0.111001	1.0
2795	742	0.008786613892134195	0.046338353148681746	0.895001	1.0
2797	788	0.06143260889283357	0.42776460569782937	0.391001	1.0
2798	1266	0.036019209237361044	0.22039829565253427	0.599001	1.0
2800	0	0.13092894250560919	1.2440988708213128	0.051001	1.0
2801	464	0.014301413617794165	0.07779314001666189	0.858001	1.0
2802	1442	0.06626742788466472	0.47244141016962976	0.384001	1.0
2803	0	0.014408205624249451	0.0784206990314351	0.8090010000000001	1.0
2806	0	0.03992881283212282	0.24937416706889726	0.5620010000000001	1.0
2807	0	0.02030121210290882	0.11415549360612386	0.756001	1.0
2811	5	0.018844018579547234	0.10511590516563799	0.7860010000000001	1.0
2815	370	0.04847566784187193	0.3163730220472636	0.48000099999999996	1.0
2817	0	0.022871872216271107	0.13043179801866178	0.716001	1.0
2822	1185	0.12926956442896323	1.2200398820963694	0.049001	1.0
2825	1397	0.027855444387371097	0.16319774111151558	0.6620010000000001	1.0
2826	0	0.135418240989941	1.310364460203154	0.052001	1.0
2828	1442	0.023529791924330898	0.13466546397568763	0.707001	1.0
2829	0	0.09569955155451192	0.782441290758158	0.17100100000000001	1.0
2830	0	0.05443460128678503	0.36611078606448394	0.452001	1.0
2831	754	0.013975734816764541	0.07588366277955262	0.846001	1.0
2835	1380	0.0905538091064608	0.7234182377831303	0.184001	1.0
2838	0	0.017436128627492626	0.09650954929910566	0.871001	1.0
2840	1113	0.06202833277922078	0.4331769658824629	0.37100099999999997	1.0
2841	0	0.06178777619930541	0.43098830806859717	0.36300099999999996	1.0
2844	586	0.09831712602310759	0.8132693837162216	0.159001	1.0
2846	742	0.0778345373757532	0.5863764772498001	0.249001	1.0
2849	0	0.06142497477937463	0.42769541509099224	0.41100099999999995	1.0
2852	1007	0.0013815429020838238	0.006984579338032821	0.980001	1.0
2853	2709	0.017973732732837762	0.0997811669162215	0.7940010000000001	1.0
2854	349	0.044477399912591795	0.28440058751287994	0.502001	1.0
2856	0	0.05698358224436246	0.3881588393016405	0.402001	1.0
2857	0	0.028660539162648296	0.16864275235175658	0.6710010000000001	1.0
2860	0	0.012118171540294452	0.06511780473728218	0.849001	1.0
2863	0	0.02001541585051048	0.11237196883388763	0.774001	1.0
2864	992	0.06750363524417519	0.4841410336195497	0.324001	1.0
2865	0	4.275209795509549e-05	0.0002144774528007739	0.999001	1.0
2866	0	0.02426850648371179	0.13945224260397962	0.751001	1.0
2867	68	0.08536982647885256	0.6660545355513032	0.224001	1.0
2868	0	0.03950543582306229	0.24618616449628053	0.568001	1.0
2869	3161	0.024593446785377535	0.14156896369747515	0.722001	1.0
2872	1847	0.02860763690208735	0.16828365961867733	0.695001	1.0
2873	3166	0.05409124823058445	0.3631764300747969	0.47500099999999995	1.0
2875	3167	0.011422029441111758	0.061137816230807	0.861001	1.0
2877	1109	0.08718475752911228	0.6858997452035667	0.194001	1.0
2878	0	0.019897693774725996	0.1116388263499988	0.761001	1.0
2879	1053	0.06576262733130991	0.4676963918636273	0.34900099999999995	1.0
2882	0	0.1413774515511894	1.4010001743140696	0.047001	1.0
2884	1199	0.0246006702904419	0.14161609644391862	0.711001	1.0
2886	0	0.042287526464339094	0.2673597141100131	0.568001	1.0
2888	3170	0.018222107335243272	0.10129880311282793	0.815001	1.0
2890	349	0.0073119249083033605	0.038240571510178414	0.944001	1.0
2893	0	0.07092253961936693	0.5170887949283762	0.342001	1.0
2894	58	0.016063655067751252	0.0882394906025807	0.822001	1.0
2898	0	0.0773142344152937	0.5810351101290824	0.279001	1.0
2900	0	0.04587341951837675	0.2954373196428326	0.527001	1.0
2901	2902	0.004894255861523903	0.02524674399106677	0.963001	1.0
2905	526	0.08341519813808268	0.6449670782839325	0.212001	1.0
2911	0	0.007424277515643014	0.03885291443833045	0.9060010000000001	1.0
2913	0	0.03990463391994642	0.2491917719028972	0.581001	1.0
2917	1740	0.16779010367875963	1.840258820237127	0.010001	1.0
2922	985	0.05487964614257394	0.3699267573528042	0.453001	1.0
2923	349	0.042113774446123534	0.26602179871446213	0.5530010000000001	1.0
2924	0	0.09507013760516549	0.7751095676072478	0.157001	1.0
2926	1847	0.03691009745850263	0.22690995079863283	0.580001	1.0
2927	1163	0.01649258702943089	0.0908114248926189	0.8110010000000001	1.0
2928	1359	0.02318491195243673	0.1324427166146597	0.729001	1.0
2929	2344	0.06161515277842499	0.4294203296097832	0.36600099999999997	1.0
2930	3131	0.11205400281751807	0.9840773900786846	0.11700100000000001	1.0
2934	503	0.06336109899427048	0.4453795181566901	0.341001	1.0
2936	0	0.03449892826254422	0.20940973898426557	0.620001	1.0
2939	1167	0.003370311035882128	0.01723474542942745	0.960001	1.0
2942	0	0.08386482483457365	0.6497917330940371	0.226001	1.0
2943	3182	0.03942860885251342	0.24560897319512984	0.563001	1.0
2944	913	0.02461482657907563	0.14170847478457854	0.733001	1.0
2946	1441	0.11099859948219873	0.9704108780186502	0.098001	1.0
2947	0	0.05679019109431695	0.38646969789316693	0.42800099999999996	1.0
2948	0	0.023389374969300776	0.13375955506261877	0.742001	1.0
2953	1065	0.0468745277030871	0.30343545387631893	0.526001	1.0
2956	0	0.0017632419470235416	0.008933906514380335	0.984001	1.0
2959	38	0.0026935004625746814	0.013720406722103064	0.966001	1.0
2964	0	0.0069179193279808975	0.036099152108306394	0.9230010000000001	1.0
2971	0	0.0	-0.0	1.0	1.0
2973	0	0.02255312396096461	0.1283906722902727	0.766001	1.0
2974	504	0.0	-0.0	1.0	1.0
2975	349	0.03655962454151682	0.22434189085786485	0.700001	1.0
2978	0	0.008081945410035742	0.04245254927445321	0.9240010000000001	1.0
2983	0	0.001415631391753172	0.007158322555677753	0.978001	1.0
2984	0	0.05248667492875627	0.34957490098628363	0.42000099999999996	1.0
2985	0	0.0931693291158483	0.75315817029041	0.190001	1.0
2986	3190	0.01941505557401526	0.10864226595288978	0.7810010000000001	1.0
2987	2455	0.03941751959437306	0.2455256942436288	0.605001	1.0
2988	3192	0.03907515852961379	0.24295872900518684	0.590001	1.0
2993	0	0.020475743802653684	0.11524721856758405	0.7920010000000001	1.0
2994	3193	0.05047657910914944	0.3327939096802021	0.47400099999999995	1.0
2998	742	0.10215756799322587	0.8594889116096134	0.146001	1.0
3002	0	0.013659295296657485	0.07403464119795049	0.851001	1.0
3005	0	0.09989783245869889	0.8321501998953766	0.157001	1.0
3007	913	0.022141281020481244	0.12576305249217462	0.754001	1.0
3008	0	0.03114908028856022	0.18574278881633308	0.6570010000000001	1.0
3012	532	0.010839502115378919	0.057830172015477715	0.871001	1.0
3014	0	0.07246195898961065	0.5322089542374928	0.28200099999999995	1.0
3020	1829	0.08815091333389827	0.6965685011187238	0.204001	1.0
3026	3170	0.036092303197038156	0.22093053534672005	0.599001	1.0
3027	0	0.05999025536302349	0.41476738757976933	0.374001	1.0
3028	0	0.035631341373744886	0.21758002673417054	0.597001	1.0
3029	3195	0.07258094704355768	0.5333850502270243	0.314001	1.0
3030	3196	0.05306218064894778	0.3544322188276691	0.454001	1.0
3031	38	0.025098489657346425	0.1448724545354578	0.721001	1.0
3036	3197	0.1395000143263342	1.3721148487412114	0.044001	1.0
3039	1185	0.0037052040484215135	0.01898365066485609	0.958001	1.0
3043	1247	0.006724249110827609	0.03504996575580322	0.9200010000000001	1.0
3044	0	0.06494670942316275	0.4600666687185946	0.36000099999999996	1.0
3050	0	0.1559789015507691	1.6361658784870974	0.027001	1.0
3055	818	0.0772436679457516	0.5803122676815076	0.270001	1.0
3059	71	0.013485005535313281	0.07301887250922959	0.849001	1.0
3060	1202	0.031495866242990486	0.18815821336524663	0.6580010000000001	1.0
3061	0	0.03459854180074636	0.21012499067251902	0.639001	1.0
3062	1147	0.08654873096965021	0.6789160669421647	0.211001	1.0
3064	0	0.09045259357681987	0.7222781541998771	0.196001	1.0
3066	0	0.046940394740280326	0.30396413623959884	0.5320010000000001	1.0
3067	0	0.055073810472551804	0.3715960303218462	0.41300099999999995	1.0
3070	0	0.08178478245894298	0.6276027307689345	0.265001	1.0
3071	985	0.0	-0.0	1.0	1.0
3072	1197	0.06342507229297015	0.44596851595081766	0.36100099999999996	1.0
3074	1363	0.04749670021867968	0.3084414241740904	0.5360010000000001	1.0
3075	985	0.02992362605035733	0.17727103284726903	0.642001	1.0
3080	2823	0.10000623433201482	0.8334523251018544	0.160001	1.0
3082	0	0.00959833348447596	0.05085168063300112	0.9080010000000001	1.0
3083	0	0.09737755544144186	0.8021410582447053	0.168001	1.0
3084	0	0.021404261762672627	0.12108784522159577	0.756001	1.0
3085	0	0.04590454504190672	0.2956849379124444	0.49100099999999997	1.0
3090	52	0.009861547897777437	0.05232378206056154	0.885001	1.0
3093	3211	0.11853377771007072	1.0699939983546436	0.094001	1.0
3095	297	0.10060428820449493	0.840653063631967	0.17100100000000001	1.0
3099	913	0.11805287756526074	1.0634983681664583	0.095001	1.0
3103	0	0.09542035688024575	0.7791852216101609	0.169001	1.0
3104	2343	0.016607220223894534	0.09150072854876291	0.8100010000000001	1.0
3106	1204	0.06664550776335526	0.47600760713997736	0.35000099999999995	1.0
3107	3214	0.02454432790256761	0.141248556653727	0.736001	1.0
3111	2344	0.020344033693050823	0.11442317059472623	0.755001	1.0
3114	917	0.05687077845774459	0.3871732470731452	0.41600099999999995	1.0
3119	924	0.11721286364662095	1.0521981386055386	0.093001	1.0
3121	0	0.022557786278688638	0.12842048079179222	0.739001	1.0
3122	3240	0.11187038605522581	0.9816931616298517	0.108001	1.0
3123	1769	0.06792007979934656	0.48810779990279995	0.314001	1.0
3124	3249	0.008991291457562042	0.047472641711305046	0.889001	1.0
3125	0	0.0011511450996996644	0.005812057625765031	0.984001	1.0
3126	441	0.04483168596160695	0.2871887060756886	0.49300099999999997	1.0
3130	1442	0.1053108847445142	0.8983246087571849	0.124001	1.0
3132	292	0.012398094189747265	0.06672655771052399	0.851001	1.0
3134	0	0.03894284412995091	0.24196879728791343	0.589001	1.0
3139	2857	0.03318488996845373	0.20003677300074837	0.705001	1.0
3142	2818	0.05763616636545991	0.3938786041752861	0.41500099999999995	1.0
3144	25	0.13361675857953945	1.2835662820041382	0.055001	1.0
3145	917	0.05353580388723526	0.35844732212508745	0.447001	1.0
3146	1306	0.08143658878181553	0.6239208575097436	0.238001	1.0
3147	1316	0.025900671180759283	0.1501534972048157	0.703001	1.0
3148	0	0.10687513224323078	0.9178877464136568	0.115001	1.0
3149	3257	0.0	-0.0	1.0	1.0
3151	1185	0.07603420530323969	0.5679819670355557	0.274001	1.0
3152	0	0.022303091338028935	0.1267941308536592	0.756001	1.0
3153	2709	0.0017725639299261504	0.008981620083249335	0.984001	1.0
3155	425	0.047485184071074556	0.30834851987505785	0.48900099999999996	1.0
3163	3214	0.01807289400608154	0.10038660343386874	0.8080010000000001	1.0
3164	0	0.006732440377887797	0.035094295523245715	0.9320010000000001	1.0
3166	20	0.10583136835885373	0.9048119916014076	0.119001	1.0
3167	594	0.11881731805871448	1.073832845673615	0.081001	1.0
3172	581	0.14136243082342573	1.4007678610670415	0.049001	1.0
3173	3182	0.011744833764556074	0.06297966387116347	0.871001	1.0
3176	0	0.09837844334183653	0.8139980737519956	0.165001	1.0
3177	503	0.020356628278386725	0.11450192129496416	0.744001	1.0
3179	0	0.046568420628393475	0.3009824584678093	0.49500099999999997	1.0
3180	913	0.08135968495934401	0.6231089147539276	0.247001	1.0
3182	3261	0.06704601557703632	0.47979688114124575	0.342001	1.0
3184	925	0.013171545909928396	0.07119673353064536	0.838001	1.0
3186	919	0.045281312658097955	0.2907396695086103	0.516001	1.0
3187	0	0.039388375447128164	0.24530686529130513	0.572001	1.0
3188	3270	0.06531677901041971	0.4635211449188788	0.342001	1.0
3190	754	0.011058045924904739	0.05906865459305023	0.877001	1.0
3191	0	0.028622454634326343	0.16838422167884518	0.6680010000000001	1.0
3192	0	0.0	-0.0	1.0	1.0
3193	349	0.10693310564310757	0.918616598275082	0.122001	1.0
3194	899	0.05002821187119201	0.32908977005603585	0.47100099999999995	1.0
3195	0	0.03838145160057234	0.2377818969133761	0.570001	1.0
3201	2026	0.1339426938655106	1.2883941871125213	0.046001	1.0
3202	0	0.10789393228087316	0.930736030577253	0.109001	1.0
3204	2744	0.027070243386180387	0.15792813338261114	0.699001	1.0
3205	20	0.04756311321378787	0.3089773793184263	0.49800099999999997	1.0
3206	0	0.04548282718081008	0.29233570543641674	0.514001	1.0
3210	2946	0.03439135242151517	0.2086380629595254	0.628001	1.0
3212	2313	0.05095472247405379	0.3367596869031451	0.466001	1.0
3214	1957	0.005603331015934063	0.029021560330840572	0.942001	1.0
3218	1363	0.1438124448311495	1.438919297536956	0.038001	1.0
3221	3135	0.02518032274843734	0.14540927975483825	0.752001	1.0
3231	2744	0.0506918612120507	0.3345774848724644	0.464001	1.0
3233	0	0.0005377887938421756	0.002705680657326554	0.987001	1.0
3234	2925	0.05026247115843945	0.3310233088579409	0.464001	1.0
3236	1065	0.0007367832421491215	0.0037111012277084385	0.988001	1.0
3237	1930	0.004094499692695354	0.021024979444974706	0.950001	1.0
3239	1109	0.057850708823308616	0.3957657310890376	0.41500099999999995	1.0
3240	0	0.0	-0.0	1.0	1.0
3244	0	0.06347293171724648	0.4464093505621033	0.34500099999999995	1.0
3245	532	0.0	-0.0	1.0	1.0
3246	0	0.12657755691749584	1.1815053734243437	0.072001	1.0
3247	3279	0.0436666868180378	0.2780532545314985	0.5420010000000001	1.0
3249	0	0.015088313232387105	0.08243392327396719	0.844001	1.0
3257	1085	0.052900970159686554	0.3530692131627977	0.447001	1.0
3258	3280	0.08766666603737083	0.6912121264580313	0.20200100000000001	1.0
3259	1711	0.03455428664618932	0.20980714476047305	0.646001	1.0
3260	3281	0.023680339348526078	0.13563813986611775	0.723001	1.0
3261	1034	0.0	-0.0	1.0	1.0
3262	0	0.039541200578586365	0.2464549978913201	0.5530010000000001	1.0
3263	3282	0.15756179755325123	1.6627911607506547	0.020001	1.0
3266	1833	0.04039818046784501	0.25292278674138985	0.580001	1.0
3267	0	0.06875267400883299	0.49607711135740473	0.34400099999999995	1.0
3270	0	0.013520287358069734	0.07322434515964543	0.854001	1.0
3271	874	0.006677811201686708	0.03479872748481633	0.9110010000000001	1.0
3272	919	0.0061870133839489975	0.03215129910513605	0.956001	1.0
3274	0	0.0550744277797243	0.37160134174967774	0.41500099999999995	1.0
3276	0	0.06997551612616254	0.5078752095703458	0.30500099999999997	1.0
3277	0	0.015241791762343238	0.0833435530078155	0.840001	1.0
3278	1185	0.04797907283704397	0.31234121306070467	0.510001	1.0
3279	0	0.07888114741716501	0.597183247768226	0.239001	1.0
3280	0	0.0637415425452058	0.4488866496363159	0.36100099999999996	1.0
3283	370	0.01155432998876231	0.06189192152593357	0.876001	1.0
3285	2361	0.024490701608719224	0.14089892535718646	0.736001	1.0
3286	0	0.011811571005720814	0.06336124725706795	0.9080010000000001	1.0
3288	0	0.007394820198014521	0.038692293181123126	0.9160010000000001	1.0
3289	1205	0.0	-0.0	1.0	1.0
3291	0	0.02626978609358349	0.1525975439121293	0.727001	1.0
3292	899	0.03245246803496816	0.19486248978481768	0.6610010000000001	1.0
3293	887	0.029018376143947616	0.1710765223633429	0.6700010000000001	1.0
3295	0	0.045395923384654494	0.2916470634936075	0.515001	1.0
3296	0	0.05963316325421361	0.4115729406121387	0.41800099999999996	1.0
3299	3196	0.08230820926734915	0.6331550758225146	0.251001	1.0
3300	985	0.047130138426913076	0.30548881011398105	0.49600099999999997	1.0
3302	572	0.024711835887534835	0.14234186770496707	0.713001	1.0
3303	0	0.0956379580083775	0.7817224335682337	0.162001	1.0
3305	3107	0.046683828260706085	0.3019065116798329	0.588001	1.0
3308	566	0.0020966034918817565	0.010643339979783888	0.981001	1.0
3310	1525	0.06427790067972788	0.45384912510130976	0.383001	1.0
3311	918	0.023389374969300727	0.1337595550626185	0.733001	1.0
3312	0	0.05037204405086161	0.33192903549132236	0.47900099999999995	1.0
3313	0	0.06965705166019424	0.504791907777937	0.29400099999999996	1.0
3314	2026	0.03197807011292519	0.19153010594816747	0.648001	1.0
3315	0	0.034194299186920685	0.20722654807422564	0.620001	1.0
3316	0	0.08825848298661762	0.6977608347245436	0.206001	1.0
3317	0	0.10570816560520517	0.9032743937859506	0.110001	1.0
3318	2744	0.04119646849152726	0.25899281007743724	0.563001	1.0
3319	2061	0.08152364543444898	0.6248405404250934	0.240001	1.0
3326	0	0.017436128627492626	0.09650954929910566	0.871001	1.0
3328	0	0.08602893886560498	0.673231990356876	0.229001	1.0
3330	1948	0.101635400174669	0.8531352412190021	0.139001	1.0
3333	1921	0.06806977958882682	0.48953688071686374	0.30600099999999997	1.0
3334	0	0.06489855704017543	0.4596179236080893	0.36700099999999997	1.0
3335	0	0.0038850313850658236	0.019925489393276274	0.942001	1.0
3336	3015	0.10080657352351574	0.8430951182896104	0.168001	1.0
3341	1185	0.03932327741932584	0.24481828559918115	0.586001	1.0
3343	971	0.06585078942866107	0.46852374147586884	0.380001	1.0
3346	3249	0.024430962309483106	0.14050965740142027	0.724001	1.0
3349	1025	0.021693352956677854	0.122917528442255	0.767001	1.0
3350	0	0.08115572952882535	0.620957770991713	0.245001	1.0
3353	0	0.0533298596710866	0.3566994830498452	0.48600099999999996	1.0
3355	0	0.08346935485502696	0.6455473733382106	0.244001	1.0
3357	0	0.0785161028270467	0.593404504424194	0.28200099999999995	1.0
3358	0	0.12506549184384574	1.1601294172007928	0.072001	1.0
3359	3323	0.09505498937796097	0.7749335001838462	0.166001	1.0
3362	0	0.02464925647724283	0.14193320474363116	0.741001	1.0
3364	2882	0.005257078958940663	0.02717452679395745	0.9320010000000001	1.0
3366	0	0.03103503296567209	0.18495017057641056	0.690001	1.0
3369	0	0.01884024020394648	0.10509264095939226	0.7860010000000001	1.0
3371	0	0.08830555466181753	0.6982828747037559	0.278001	1.0
3373	1567	0.0	-0.0	1.0	1.0
3375	3335	0.08874900502782884	0.7032093634921	0.192001	1.0
3376	0	0.10046196939019947	0.8389369084888393	0.141001	1.0
3378	3336	0.0390961624139271	0.24311598262962636	0.590001	1.0
3380	0	0.023129664102763226	0.13208735554636591	0.753001	1.0
3381	916	0.0016108474644593689	0.008154611653636493	0.982001	1.0
3382	0	0.012328260646770721	0.066324764544298	0.868001	1.0
3391	0	0.019826396235746065	0.11119523124069741	0.760001	1.0
3392	370	0.1051018146279386	0.8957248991208532	0.122001	1.0
3394	0	0.0441440216022678	0.2817849526559337	0.5400010000000001	1.0
3395	77	0.05501692712273504	0.3711067122965688	0.440001	1.0
3396	0	0.08385863044617685	0.6497251591514097	0.226001	1.0
3398	3339	0.0	-0.0	1.0	1.0
3399	0	0.0	-0.0	1.0	1.0
3402	3349	0.0949153140082769	0.773310912936994	0.177001	1.0
3405	3350	0.06846794426145746	0.4933459809519865	0.314001	1.0
3408	3145	0.0	-0.0	1.0	1.0
3411	1797	0.06476851056557238	0.4584068379193301	0.375001	1.0
3412	0	0.015951927075626	0.08757144059332779	0.8100010000000001	1.0
3413	3353	0.04069562413730318	0.255179387636137	0.578001	1.0
3414	1185	0.12457304355721274	1.153209260346729	0.075001	1.0
3419	2864	0.05440924399588222	0.36589379013361806	0.46900099999999995	1.0
3425	3244	0.06502332517209361	0.4607810234508888	0.30800099999999997	1.0
3427	350	0.011146806981935	0.059572494119390404	0.876001	1.0
3430	2333	0.09657024252141183	0.7926352964075549	0.162001	1.0
3432	2408	0.06293766184047149	0.44148852159258345	0.389001	1.0
3435	1645	0.1545103729006052	1.6116638395330012	0.034001	1.0
3439	0	0.020234460800628642	0.11373846475480791	0.7810010000000001	1.0
3440	2144	0.009056763117994766	0.04783600952050139	0.897001	1.0
3442	1537	0.06137341434175489	0.42722821628299823	0.37000099999999997	1.0
3443	1065	0.004390466918474098	0.022582920668443824	0.950001	1.0
3447	1207	0.024574554907373744	0.1414457117681084	0.738001	1.0
3449	0	0.017600933006895643	0.09751054426076486	0.813001	1.0
3450	1357	0.010121008775915074	0.0537790093162315	0.899001	1.0
3452	0	0.10599980856238696	0.9069161519542472	0.110001	1.0
3453	2088	0.02269587592577401	0.1293039881755937	0.727001	1.0
3461	0	0.054544305302960824	0.36705011163722034	0.445001	1.0
3468	0	0.07146192384197642	0.5223664208638741	0.30000099999999996	1.0
3473	0	0.03858358506827453	0.2392869516971969	0.581001	1.0
3475	0	0.06612934551373784	0.4711415960984924	0.35500099999999996	1.0
3479	0	0.04424603774348844	0.282584537966082	0.5370010000000001	1.0
3482	425	0.11595759760186795	1.035420692015495	0.082001	1.0
3487	887	0.047184354502349785	0.30592492234510993	0.48300099999999996	1.0
3489	0	0.01999010696256458	0.11221427746239432	0.7910010000000001	1.0
3494	1758	0.06394774758440926	0.45079199431937034	0.333001	1.0
3497	0	0.02473211182082016	0.14247433014713182	0.701001	1.0
3500	3373	0.04865288315251369	0.3178160066528179	0.499001	1.0
3504	0	0.02992189861814019	0.1772591608419629	0.6770010000000001	1.0
3506	1544	0.033889467539386375	0.20504812621833177	0.637001	1.0
3509	0	0.014558081189746462	0.07930262907554307	0.824001	1.0
3510	2828	0.031562606978262894	0.18862398915480655	0.651001	1.0
3515	0	0.0484954050273153	0.3165336239571063	0.49200099999999997	1.0
3516	1443	0.04182278685076568	0.26378580372873595	0.5450010000000001	1.0
3518	1185	0.06774501506317782	0.48643868623995445	0.325001	1.0
3519	988	0.01171800219650498	0.06282632597114071	0.878001	1.0
3520	0	0.049906044393434	0.3280829550082125	0.47800099999999995	1.0
3521	0	0.05331647739147756	0.3565860128203368	0.461001	1.0
3522	0	0.023813841953086445	0.13650191141515455	0.745001	1.0
3523	48	0.020726909087261672	0.11682169866122871	0.749001	1.0
3524	3422	0.03817263999575328	0.2362300329426803	0.568001	1.0
3525	1308	0.02935545950087468	0.1733768376430706	0.6730010000000001	1.0
3526	1273	0.025709375616082535	0.14889034084632904	0.732001	1.0
3533	917	0.03928140865252965	0.24450420092665878	0.600001	1.0
3536	1185	0.043700551281813105	0.2783174799677852	0.5480010000000001	1.0
3537	3431	0.08778102822727721	0.6924754665573094	0.180001	1.0
3539	0	0.02128758597441172	0.1203509050500023	0.772001	1.0
3542	0	0.0596403242849748	0.4116369102904976	0.395001	1.0
3543	1185	0.07090042349471967	0.5168728632677181	0.30400099999999997	1.0
3545	2990	0.017840230128277415	0.09896703409095063	0.817001	1.0
3546	0	0.07513794202215887	0.5589161708313475	0.280001	1.0
3549	1109	0.01996471437633411	0.11205610544002406	0.763001	1.0
3550	0	0.033287172074744895	0.20076220367990272	0.615001	1.0
3558	0	0.028432782146958782	0.16709807788198744	0.690001	1.0
3560	3432	0.0	-0.0	1.0	1.0
3561	0	0.01568789452768425	0.08599581739548055	0.817001	1.0
3562	0	0.030176177085844733	0.17900884118033683	0.6610010000000001	1.0
3564	1068	0.033957355639650265	0.20553273744339878	0.634001	1.0
3567	0	0.017436128627492626	0.09650954929910566	0.871001	1.0
3571	2161	0.03511748229204086	0.21386189022973234	0.591001	1.0
3572	2550	0.07529135007641928	0.560463599918405	0.267001	1.0
3573	1835	0.05477378264040113	0.3690177623472236	0.41700099999999996	1.0
3574	821	0.13395714255577937	1.2886084181633213	0.053001	1.0
3575	1567	0.03335095044378754	0.20121490202543882	0.632001	1.0
3579	1185	0.10358416709496472	0.8769593614412756	0.128001	1.0
3581	0	0.05335485587272408	0.35691146352549047	0.444001	1.0
3584	1185	0.0025239549013108264	0.012844257259746106	0.965001	1.0
3586	300	0.05756859011178483	0.3932848875040389	0.405001	1.0
3587	1185	0.028490211488299576	0.16748724946359564	0.6730010000000001	1.0
3589	0	0.036904653951202585	0.22687000050905098	0.617001	1.0
3590	1548	0.039021803746164416	0.24255940307903867	0.584001	1.0
3591	370	0.023027057394266366	0.131427896740774	0.723001	1.0
3593	1633	0.0038892079517204928	0.01994738668480083	0.958001	1.0
3595	1397	0.003842607985977714	0.019703126425577186	0.963001	1.0
3597	0	0.012296855293715617	0.0661441688438107	0.848001	1.0
3598	0	0.05752766109615431	0.3929254503356717	0.41100099999999995	1.0
3599	3373	0.08279050670542293	0.638289780337523	0.217001	1.0
3600	0	0.02230216454943819	0.1267882204510652	0.748001	1.0
3604	742	0.027442341988354144	0.16042032384610566	0.6700010000000001	1.0
3605	1444	0.01335151991456893	0.07224218034952391	0.849001	1.0
3606	0	0.08841415727998769	0.6994879716631387	0.193001	1.0
3607	0	0.08130308617725521	0.6225116403890443	0.218001	1.0
3608	1343	0.013374190168173532	0.07237401073930691	0.864001	1.0
3609	0	0.08456386873587296	0.6573237117359538	0.233001	1.0
3613	3453	0.1304018176506591	1.2364308424091506	0.055001	1.0
3616	0	0.02202918921099189	0.1250497701633844	0.743001	1.0
3619	0	0.0327383651220927	0.19687799092381283	0.630001	1.0
3620	1343	0.0	-0.0	1.0	1.0
3621	1397	0.0841922840533066	0.6533153047285438	0.220001	1.0
3622	0	0.0	-0.0	1.0	1.0
3629	0	0.0	-0.0	1.0	1.0
3633	3454	0.0373786936433767	0.2303565244194407	0.590001	1.0
3634	600	0.05675497989908679	0.3861624414702456	0.41800099999999996	1.0
3635	588	0.049587838992683646	0.3254654778139382	0.48300099999999996	1.0
3636	0	0.03482389213901226	0.21174552195929391	0.627001	1.0
3637	926	0.00233125774567184	0.011850516092823952	0.968001	1.0
3639	821	0.045841771705544744	0.29518561548109407	0.516001	1.0
3642	0	0.05956478356198104	0.4109622903379405	0.37000099999999997	1.0
3643	3457	0.04155452252097941	0.2617295737379606	0.577001	1.0
3644	0	0.019839090767508227	0.11127418979143734	0.777001	1.0
3645	1111	0.0	-0.0	1.0	1.0
3647	0	0.06971619243462146	0.5053639239051891	0.36500099999999996	1.0
3651	0	0.03862963632724709	0.2396302307864569	0.581001	1.0
3652	0	0.017436128627492626	0.09650954929910566	0.871001	1.0
3653	3215	0.09648082096552706	0.7915855815003383	0.176001	1.0
3655	3477	0.06277889099777956	0.4400329483086718	0.374001	1.0
3657	25	0.06912906061825004	0.4996966659605617	0.321001	1.0
3659	0	0.0	-0.0	1.0	1.0
3661	3478	0.030235021516587732	0.17941435539819242	0.6690010000000001	1.0
3663	3162	0.018196748565830326	0.10114367609858045	0.8120010000000001	1.0
3665	3483	0.06892339670167016	0.4977175751757232	0.314001	1.0
3666	526	0.016404261804900414	0.09028087487166965	0.7950010000000001	1.0
3669	602	0.0507689001681189	0.3352165350781432	0.49500099999999997	1.0
3671	0	0.0010843937974194355	0.005472930302205429	0.989001	1.0
3672	499	0.11658455024149893	1.0437840219609946	0.088001	1.0
3676	8	0.04706470594165892	0.3049627471153945	0.523001	1.0
3677	1628	0.02976726495069855	0.17619721768666116	0.6800010000000001	1.0
3679	0	0.10177043094865601	0.8547761790823971	0.148001	1.0
3680	0	0.1076446614072532	0.9275846344049696	0.121001	1.0
3681	0	0.022421680697364763	0.12755086392380421	0.751001	1.0
3684	1185	0.022796199457947128	0.12994663238540047	0.752001	1.0
3687	1343	0.04616385903754789	0.2977505265088432	0.508001	1.0
3690	1075	0.019908304493913787	0.11170487110019313	0.770001	1.0
3692	0	0.09044423621403863	0.722184053411249	0.175001	1.0
3696	1040	0.005225493455857606	0.02700639321257156	0.9350010000000001	1.0
3697	1299	0.0037802241780479987	0.019376333643769148	0.949001	1.0
3699	0	0.05755034685065699	0.39312466090738174	0.402001	1.0
3702	0	0.008984567789911142	0.047435340030951484	0.901001	1.0
3709	2881	0.004638579937102712	0.023892957645839853	0.947001	1.0
3711	1185	0.061935745094164524	0.4323340745728605	0.36400099999999996	1.0
3714	8	0.015667664157837703	0.08587527123718558	0.821001	1.0
3716	588	0.030125409789536785	0.17865917251784671	0.6680010000000001	1.0
3719	0	0.048239780753496754	0.31445571963646896	0.49100099999999997	1.0
3720	0	0.1722177535826206	1.9200213566937114	0.013000999999999999	1.0
3721	3270	0.014492589345999866	0.07891707655873631	0.835001	1.0
3724	2161	0.07498554773152909	0.5573807283080086	0.30900099999999997	1.0
3725	946	0.04815413757321274	0.31376057343596525	0.506001	1.0
3726	0	0.09204935765025907	0.7403576379857397	0.182001	1.0
3729	3340	0.053082398815143504	0.3546032903129337	0.444001	1.0
3730	52	0.030879365435211623	0.1838696857434014	0.620001	1.0
3731	3509	0.04164273695456153	0.2624051865275905	0.5560010000000001	1.0
3732	1366	0.014793599935527462	0.08069133418287136	0.849001	1.0
3733	0	0.0610724037522273	0.424504569748061	0.382001	1.0
3734	38	0.007785888434396581	0.04082891107674875	0.9090010000000001	1.0
3735	1711	0.011825901415879126	0.06344321980392584	0.868001	1.0
3736	0	0.11388653789971653	1.0080241780187003	0.097001	1.0
3741	0	0.05812176742402071	0.3981547273102244	0.41300099999999995	1.0
3743	526	0.014480022116205395	0.07884312330083842	0.846001	1.0
3744	0	0.16263136152518218	1.7495731369564886	0.015000999999999999	1.0
3746	1488	0.04669940415091818	0.30203129691848773	0.5370010000000001	1.0
3748	66	0.01935029653913825	0.10824131857165667	0.7830010000000001	1.0
3749	1040	0.01605397316231942	0.08818156920266863	0.815001	1.0
3750	0	0.0414008687734023	0.26055405315452507	0.5400010000000001	1.0
3753	3518	0.16245988665826477	1.74660007059135	0.012001	1.0
3754	718	0.03464560418124468	0.21046314253221274	0.623001	1.0
3756	0	0.14898386885522003	1.5211679159853377	0.030001	1.0
3758	0	0.03939208455503935	0.24533471192760573	0.5520010000000001	1.0
3759	1628	0.037446221120645516	0.23085442120005084	0.573001	1.0
3760	0	0.04169722225629294	0.2628227431597609	0.530001	1.0
3761	924	0.022987637155052542	0.13117472057718202	0.750001	1.0
3762	0	0.0163943717317181	0.09022149776131394	0.816001	1.0
3766	1979	0.08982836099111394	0.7152645803660129	0.189001	1.0
3767	742	0.004358981867277963	0.022416940226747454	0.957001	1.0
3770	0	0.05337963102907037	0.35712161334811754	0.42700099999999996	1.0
3775	1947	0.12326824451641534	1.1349719983047017	0.072001	1.0
3777	1066	0.03985178691979904	0.2487932561828253	0.587001	1.0
3778	0	0.03911118835783013	0.24322849855028186	0.568001	1.0
3780	1184	0.06887600882634001	0.49726201069004305	0.30300099999999996	1.0
3782	0	0.03529907204746604	0.21517379291847294	0.616001	1.0
3783	913	0.010768370462179457	0.057427699317612525	0.889001	1.0
3786	370	0.06079008253306306	0.42195602816029076	0.380001	1.0
3792	0	0.007114926615769835	0.03716872247884977	0.9280010000000001	1.0
3795	1040	0.1348967141525059	1.30257783170121	0.038001	1.0
3796	816	0.008188156556687351	0.043036319954719335	0.904001	1.0
3797	513	0.03021775624688884	0.17929535166959612	0.688001	1.0
3798	0	0.07444659392040082	0.5519645886753353	0.29300099999999996	1.0
3801	3432	0.015420810285254417	0.084406403359415	0.824001	1.0
3803	918	0.025410240306246522	0.1469198612094678	0.720001	1.0
3804	1185	0.03366532660281365	0.2034503114647775	0.654001	1.0
3807	0	0.050190576731223666	0.3304294918781624	0.452001	1.0
3808	754	0.056355678310667456	0.3826843352219801	0.41700099999999996	1.0
3809	0	0.04543105369857266	0.29192537943872426	0.517001	1.0
3811	0	0.021901983899099496	0.1242412886473349	0.757001	1.0
3814	0	0.10974417878274478	0.9542858190503134	0.120001	1.0
3815	3190	0.10817615290842746	0.9343100918768243	0.116001	1.0
3820	1442	0.04586947979328367	0.29540598207512603	0.509001	1.0
3823	0	0.0	-0.0	1.0	1.0
3825	850	0.014920805247419858	0.08144281550787263	0.840001	1.0
3826	1445	0.12748869006246952	1.194479102484062	0.066001	1.0
3827	1207	0.02254808612683025	0.12835846449322774	0.742001	1.0
3828	0	0.05066171951358693	0.3343275689319748	0.48100099999999996	1.0
3830	2144	0.008916723287730036	0.04705910413370727	0.897001	1.0
3833	3572	0.046262519870901284	0.2985376486620076	0.525001	1.0
3834	0	0.02233145925905311	0.1269750680175924	0.737001	1.0
3836	2946	0.03499405535574924	0.21297145200975462	0.616001	1.0
3837	3573	0.02210096407349097	0.12550640801019078	0.777001	1.0
3840	1040	0.16220314562376212	1.7421535928769725	0.014001	1.0
3846	1185	0.10177028071388919	0.8547743525672051	0.152001	1.0
3848	0	0.06810785884347892	0.4899006624479921	0.35700099999999996	1.0
3849	0	0.050010516465510406	0.32894387226964245	0.444001	1.0
3852	2781	0.06570343278023129	0.46714120741030263	0.35300099999999995	1.0
3856	2912	0.009855263025327975	0.05228858310469809	0.885001	1.0
3857	3135	0.050341128334475405	0.3316734011588896	0.49400099999999997	1.0
3858	0	0.017455798685751707	0.0966289323870211	0.778001	1.0
3860	3478	0.010830070290292253	0.0577767876993376	0.880001	1.0
3861	499	0.031801327973103026	0.19029241438440064	0.649001	1.0
3862	0	0.016024108344220134	0.08800294163639763	0.815001	1.0
3863	1604	0.010631089482018338	0.05665181701630763	0.900001	1.0
3864	1053	0.01650896686399297	0.09090986854409748	0.7870010000000001	1.0
3867	1343	0.009950981873880667	0.052824924567145555	0.890001	1.0
3868	38	0.08108654327077705	0.620228779349358	0.250001	1.0
3869	2946	0.018124671824518913	0.10070298272965293	0.7950010000000001	1.0
3870	1207	0.11184621507530357	0.9813795119871213	0.120001	1.0
3872	0	0.09293040735934183	0.7504191653910669	0.160001	1.0
3874	1278	0.026726203898461923	0.15563191123839865	0.6780010000000001	1.0
3879	0	0.0940689578737056	0.7635119219995197	0.188001	1.0
3881	0	0.1059859545185175	0.9067430000664719	0.14000100000000001	1.0
3883	899	0.07480661636956519	0.5555801515574765	0.379001	1.0
3885	3255	0.0	-0.0	1.0	1.0
3887	0	0.004375101333253369	0.022501910241766766	0.945001	1.0
3888	1109	0.07110005323763988	0.5188232810662531	0.28800099999999995	1.0
3892	985	0.02924153374645552	0.17259855248817121	0.6770010000000001	1.0
3893	2313	0.04708359781966273	0.3051146029907225	0.521001	1.0
3895	0	0.016388241815686887	0.09018469860537937	0.8010010000000001	1.0
3896	499	0.020039219489340593	0.11252031858585375	0.752001	1.0
3898	1551	0.014761614894852962	0.08050253662152888	0.831001	1.0
3901	1603	0.02398134993805366	0.13758732467835502	0.733001	1.0
3903	2990	0.017109538956711093	0.09453093369499663	0.8110010000000001	1.0
3904	1930	0.10671406789272705	0.9158642482560063	0.139001	1.0
3907	52	0.06377898680573825	0.44923240459360314	0.377001	1.0
3908	2743	0.04039461354777558	0.252895762504454	0.575001	1.0
3912	1185	0.17585945450345947	1.9869710189851033	0.011000999999999999	1.0
3916	3279	0.03496508780947667	0.2127626198606109	0.632001	1.0
3917	370	0.09617993533229809	0.7880581620955363	0.215001	1.0
3918	1110	0.033569607754260905	0.20276899192932815	0.607001	1.0
3920	20	0.12997940080738207	1.2303030349027413	0.058001000000000004	1.0
3921	0	0.019658863491239846	0.1101541536296558	0.765001	1.0
3922	913	0.07816577497008687	0.589787648262128	0.261001	1.0
3924	2392	0.04889463761015523	0.31978806186960534	0.499001	1.0
3926	0	0.020995778635039403	0.11851161091918609	0.777001	1.0
3928	0	0.06054335491622723	0.41973354324341	0.37300099999999997	1.0
3929	597	0.06226259206646817	0.43531239007093103	0.34900099999999995	1.0
3932	0	0.11071774022920852	0.9667893714625706	0.100001	1.0
3933	588	0.023779607867492173	0.13628030493847365	0.729001	1.0
3934	0	0.03698394255220232	0.22745210315822184	0.641001	1.0
3935	0	0.08725276828992602	0.6866483757154268	0.204001	1.0
3937	1298	0.004827513679343771	0.02489297479151345	0.947001	1.0
3938	0	0.06432306622741854	0.4542679687404727	0.35100099999999995	1.0
3939	0	0.09708526935542403	0.7986935329845377	0.149001	1.0
3940	3584	0.011401878104574322	0.06102304877970226	0.880001	1.0
3943	0	0.012460070519976753	0.06708339467653737	0.854001	1.0
3945	0	0.12662268796940362	1.1821463498616263	0.056001	1.0
3946	1442	0.017436128627492626	0.09650954929910566	0.871001	1.0
3947	0	0.006447168233438201	0.033552815259374	0.9250010000000001	1.0
3948	3592	0.05344579555482317	0.3576830537584036	0.460001	1.0
3949	349	0.008065572449099084	0.042362618671772136	0.9140010000000001	1.0
3950	1647	0.0	-0.0	1.0	1.0
3955	3595	0.013741637512039363	0.0745151880350022	0.852001	1.0
3958	0	0.08085075971591268	0.617747165665869	0.238001	1.0
3960	0	0.017451145357706595	0.0966006878432094	0.822001	1.0
3967	1756	0.09675034509171493	0.7947514383636416	0.166001	1.0
3968	1847	0.033847948090183946	0.20475189645506098	0.620001	1.0
3971	0	0.11659437374693123	1.0439153228308578	0.076001	1.0
3975	0	0.047355879434885076	0.3073060167560977	0.49700099999999997	1.0
3980	2452	0.06918709508413634	0.5002556973000157	0.315001	1.0
3981	0	0.029258444343967762	0.17271402347065362	0.645001	1.0
3983	2445	0.06816567421339621	0.4904531945395426	0.320001	1.0
3984	3599	0.06389988816013287	0.45034949281172043	0.332001	1.0
3986	1111	0.02610227810861627	0.15148731384097128	0.700001	1.0
3987	2374	0.06096283085980511	0.42351475537364314	0.394001	1.0
3988	1185	0.007726768372013391	0.040505316194362914	0.9090010000000001	1.0
3990	0	0.020878017816277974	0.11777088818858576	0.775001	1.0
3996	0	0.017167679271341295	0.09488268226288551	0.8070010000000001	1.0
3997	1299	0.06559368084236272	0.46611253001203634	0.30400099999999997	1.0
3999	1443	0.0	-0.0	1.0	1.0
4001	0	0.10625421918617184	0.9100986150593376	0.126001	1.0
4005	3573	0.06822598583642774	0.491029847348742	0.328001	1.0
4010	3602	0.001343840562826137	0.006792495882781296	0.987001	1.0
4011	1185	0.03142732816088317	0.18768020157745816	0.647001	1.0
4012	675	0.08855507154093459	0.7010529821912473	0.212001	1.0
4013	0	0.05885449727457843	0.40463927372105635	0.385001	1.0
4015	917	0.10761821277804784	0.9272505551760488	0.127001	1.0
4018	1040	0.10542904346664703	0.8997954325404498	0.119001	1.0
4019	1185	0.012202127552391456	0.06559980615469986	0.841001	1.0
4020	985	0.08396306260019357	0.6508479354420561	0.182001	1.0
4021	2743	0.0	-0.0	1.0	1.0
4029	1207	0.007148502473544439	0.03735124094132056	0.9090010000000001	1.0
4032	918	0.03161866666330811	0.1890154514925365	0.6700010000000001	1.0
4033	3478	0.02138823256817069	0.1209865511772422	0.760001	1.0
4034	0	0.050835524791222095	0.3357695350754337	0.47300099999999995	1.0
4036	572	0.014907026302960091	0.08136136613496255	0.818001	1.0
4040	0	0.038650581151121306	0.23978640712866978	0.590001	1.0
4045	994	0.09739194386119784	0.802310945657428	0.136001	1.0
4046	506	0.0694238732884509	0.5025391200977255	0.332001	1.0
4048	0	0.07281951106503996	0.5357462556951204	0.28800099999999995	1.0
4050	2995	0.023440770395840846	0.13409098873771114	0.743001	1.0
4051	742	0.07122309260420237	0.5200268820590711	0.30200099999999996	1.0
4052	1727	0.0669536909160363	0.47892232897892206	0.336001	1.0
4054	526	0.011381726768036914	0.06090830616575125	0.892001	1.0
4056	2207	0.05866499620335647	0.4029584961501931	0.40800099999999995	1.0
4057	370	0.15766657598577732	1.6645614862078075	0.023001	1.0
4058	71	0.009343036438721346	0.04942787474307569	0.894001	1.0
4059	887	0.026929742365183723	0.15698945531392888	0.6870010000000001	1.0
4064	2539	0.006741881530297922	0.03514539444405297	0.9240010000000001	1.0
4066	3634	0.048726653393971545	0.31841733473143136	0.47100099999999995	1.0
4068	0	0.014707938231193485	0.08018584298771764	0.845001	1.0
4070	1306	0.001173914051513297	0.005927793747084329	0.989001	1.0
4072	0	0.10868245523892994	0.9407381844092324	0.116001	1.0
4074	1426	0.07257755745655589	0.533351532326628	0.30300099999999996	1.0
4075	1007	0.009732701628472396	0.05160264719948532	0.880001	1.0
4076	1147	0.027772831634087995	0.16264141682803843	0.692001	1.0
4077	0	0.07268335197337727	0.5343980871883136	0.281001	1.0
4078	1470	0.01235653211048459	0.06648739070166182	0.867001	1.0
4079	0	0.07614308456514418	0.5690874333591427	0.28700099999999995	1.0
4081	3635	0.03918317048858011	0.24376772197462343	0.576001	1.0
4083	2313	0.03465148263461322	0.21050539073761246	0.619001	1.0
4084	0	0.0318915277100063	0.1909238067322247	0.623001	1.0
4088	1980	0.09700727463256689	0.7977747304247975	0.161001	1.0
4091	858	0.01651402029240899	0.09094024329665922	0.815001	1.0
4092	2207	0.007890507712930324	0.04140206218571343	0.9240010000000001	1.0
4094	3639	0.008542323718007675	0.04498785252734091	0.9130010000000001	1.0
4096	0	0.00036637754912501735	0.001841468294821544	0.994001	1.0
4098	1185	0.005062101859594636	0.026137585887735567	0.952001	1.0
4099	1604	0.021090858017075463	0.1191103106727473	0.7910010000000001	1.0
4104	1163	0.06722055091854079	0.48145190383039427	0.334001	1.0
4105	3170	0.1202742533343688	1.0936637295151264	0.082001	1.0
4109	1978	0.0009823482359911113	0.004954993477713359	0.991001	1.0
4111	929	0.02102791967678925	0.11871393349664958	0.776001	1.0
4114	1980	0.04494881560523065	0.28811239471973016	0.527001	1.0
4117	1040	0.04840087244447603	0.3157646584241054	0.47200099999999995	1.0
4118	3518	0.06580732417473026	0.4681157738821762	0.447001	1.0
4120	1163	0.05594011022785525	0.3790767081526475	0.452001	1.0
4121	1306	0.057086217493420535	0.38905638268599685	0.441001	1.0
4122	0	0.06659766179773119	0.4755557214299947	0.35600099999999996	1.0
4123	1306	0.102760481213998	0.8668523385620928	0.144001	1.0
4126	1547	0.06824250118394516	0.49118780135020323	0.314001	1.0
4130	370	0.05963316325421361	0.4115729406121387	0.41800099999999996	1.0
4133	0	0.10577979283021138	0.9041681679540369	0.137001	1.0
4135	0	0.12093743428460835	1.1027490996522833	0.088001	1.0
4136	0	0.06687107717316917	0.47814029891915705	0.35000099999999995	1.0
4137	3649	0.040286262059699665	0.2520752683635081	0.565001	1.0
4138	3422	0.053831776642628525	0.36096452410029556	0.41900099999999996	1.0
4139	3335	0.0036756202944933708	0.018828889704498933	0.947001	1.0
4140	638	0.08749744289511405	0.6893446144458467	0.211001	1.0
4141	1008	0.024879343872502072	0.1434369929721627	0.718001	1.0
4142	0	0.0	-0.0	1.0	1.0
4144	1283	0.08179160330685023	0.6276749488014983	0.226001	1.0
4145	0	0.05678803704040586	0.3864508988407787	0.439001	1.0
4146	0	0.00921192281798471	0.04869818205070535	0.893001	1.0
4147	1445	0.06239105683689421	0.43648513137768585	0.36900099999999997	1.0
4157	1711	0.03773589658337083	0.2329937749751964	0.612001	1.0
4158	3654	0.031494020090907515	0.18814533348511792	0.6570010000000001	1.0
4159	1676	0.008487491057851147	0.04468521835019607	0.9090010000000001	1.0
4161	1769	0.04188072187034394	0.26423052146906634	0.5350010000000001	1.0
4163	1343	0.045571611079936694	0.2930397880630116	0.48300099999999996	1.0
4166	2453	0.04473615520363719	0.28643605201881644	0.5380010000000001	1.0
4167	1283	0.048602443598369266	0.3174050755233094	0.459001	1.0
4168	1981	0.06825124040591313	0.49127139210684945	0.29300099999999996	1.0
4169	0	0.008739371757685521	0.04607690495239773	0.898001	1.0
4175	0	0.0780020453607204	0.588100474588074	0.261001	1.0
4176	3335	0.04676869617188723	0.3025866307547325	0.48800099999999996	1.0
4177	1537	0.05224732835694195	0.34756172687496567	0.443001	1.0
4180	350	0.061140414513041086	0.4251193770774021	0.377001	1.0
4181	1397	0.04880521616689318	0.31905814886778533	0.499001	1.0
4182	0	0.07640757085719771	0.5717765402501522	0.266001	1.0
4184	1948	0.011363674478238696	0.060805536707415134	0.870001	1.0
4188	0	0.012061646898042552	0.06479353369210175	0.865001	1.0
4191	1757	0.013107184959052807	0.07082335348869599	0.861001	1.0
4194	0	0.11250491188837025	0.9899440924097526	0.112001	1.0
4196	363	0.13498026818437883	1.3038237620323154	0.037001	1.0
4199	1343	0.11292562854711977	0.9954330169017394	0.120001	1.0
4201	742	0.05983183709664289	0.41334907959157113	0.386001	1.0
4202	0	0.059811577463384016	0.41316782785252826	0.37200099999999997	1.0
4203	0	0.0045416074721191906	0.02338050883571851	0.947001	1.0
4204	1611	0.12490829550289534	1.1579181910137333	0.092001	1.0
4205	526	0.04286189281507494	0.27179721249473104	0.5380010000000001	1.0
4206	917	0.10005294115824076	0.8340136580761702	0.148001	1.0
4212	0	0.12647127469433694	1.1799965727067863	0.060001	1.0
4214	0	0.05136878084133319	0.3402069998626635	0.454001	1.0
4215	83	0.07188233634601515	0.5264950666938086	0.31000099999999997	1.0
4217	1299	0.024463309058962705	0.1407204038217949	0.706001	1.0
4222	0	0.012437141271126842	0.06695134896953266	0.875001	1.0
4223	349	0.017346522383110824	0.09596601128798718	0.8080010000000001	1.0
4228	723	0.045861560586719176	0.2953429939770616	0.49100099999999997	1.0
4229	0	0.06682309141659123	0.47768629270688895	0.35000099999999995	1.0
4231	1727	0.01784033399360067	0.09896766705232189	0.7990010000000001	1.0
4235	3674	0.038980535015797395	0.2422506663693241	0.598001	1.0
4238	0	0.031360839988943366	0.1872167843262107	0.651001	1.0
4239	0	0.05924870779559158	0.4081440485076707	0.390001	1.0
4240	0	0.037369347084923926	0.23028763426198867	0.598001	1.0
4243	1066	0.03379505083177321	0.20437465620346382	0.629001	1.0
4244	1066	0.004760753256963547	0.024539373276494317	0.940001	1.0
4246	3416	0.06397206889966199	0.45101693021114664	0.385001	1.0
4248	0	0.059964124301537705	0.41453331248028774	0.41400099999999995	1.0
4249	900	0.033705891913199754	0.20373923703787797	0.637001	1.0
4250	94	0.10141034166599142	0.8504035095349018	0.159001	1.0
4251	0	0.026443591371218683	0.15375144132867338	0.708001	1.0
4253	0	0.01155354928840465	0.06188746843848544	0.884001	1.0
4254	526	0.05240348466548194	0.34887471582552326	0.451001	1.0
4255	444	0.017357857509913102	0.0960347406182147	0.813001	1.0
4256	0	0.016391852814650942	0.09020637589600443	0.819001	1.0
4261	3249	0.016460320246935674	0.09061754894290938	0.819001	1.0
4263	1446	0.06558233908969224	0.4660062772428973	0.35900099999999996	1.0
4268	0	0.08481445656889919	0.6600329105905278	0.210001	1.0
4269	3649	0.0208887291890075	0.1178382268595751	0.763001	1.0
4270	595	0.17617065544446575	1.9927488013148376	0.010001	1.0
4271	0	0.04664272858828729	0.3015773256112047	0.499001	1.0
4273	1397	0.02543599250875008	0.1470892691415883	0.710001	1.0
4274	0	0.06051074386475065	0.41944011914347734	0.383001	1.0
4276	2144	0.01612610706406382	0.08861324641755045	0.815001	1.0
4277	2710	0.011196586363599464	0.05985527035834714	0.879001	1.0
4278	84	0.05952704813151455	0.410625447324348	0.37000099999999997	1.0
4283	3654	0.04135683986743702	0.2602175108587412	0.5450010000000001	1.0
4288	0	0.025448619129683984	0.14717234763981826	0.705001	1.0
4290	0	0.08294038227091993	0.6398890528043587	0.235001	1.0
4291	0	0.03944498181345005	0.24573194742810273	0.5460010000000001	1.0
4292	0	0.016600922931226583	0.09146284080631939	0.8110010000000001	1.0
4293	425	0.015189050785082507	0.08303080493355446	0.848001	1.0
4294	1361	0.013951004605834063	0.07573893601019392	0.840001	1.0
4295	1791	0.027050650384408244	0.15779715656199475	0.701001	1.0
4297	3689	0.036400870537767284	0.22318136462579424	0.624001	1.0
4298	3690	0.002987985666801009	0.01524621074562235	0.974001	1.0
4299	0	0.08334608537549006	0.6442268559604377	0.243001	1.0
4301	1930	0.07928543360644684	0.6013800587010443	0.229001	1.0
4302	2407	0.10533607391518596	0.8986380654183581	0.123001	1.0
4303	86	0.022807049444283856	0.13001617303233806	0.734001	1.0
4307	730	0.04023525749395569	0.25168931303147046	0.586001	1.0
4309	1930	0.053417910240841845	0.35744639433846936	0.460001	1.0
4312	0	0.06485181100333097	0.45918244785210105	0.34400099999999995	1.0
4314	0	0.05909119252481873	0.4067422904782173	0.37200099999999997	1.0
4316	0	0.08415198138023178	0.6528811876141691	0.221001	1.0
4317	918	0.09329340613547067	0.754582367134278	0.211001	1.0
4318	0	0.05435948976820201	0.3654681500644863	0.41900099999999996	1.0
4319	2829	0.028666535683001888	0.1686834674368913	0.692001	1.0
4321	1930	0.113874683466083	1.0078683821253829	0.110001	1.0
4323	3694	0.07537031016341758	0.5612607647975121	0.261001	1.0
4327	1275	0.0	-0.0	1.0	1.0
4330	1162	0.032404608610691804	0.194525624822152	0.619001	1.0
4331	0	0.11305360819761352	0.9971056009869756	0.045001	1.0
4334	0	0.02240951746425976	0.12747320739311832	0.765001	1.0
4335	3196	0.06650256144046585	0.4746580396544023	0.334001	1.0
4336	0	0.06876057673382428	0.49615300031523346	0.330001	1.0
4340	0	0.08720364940711611	0.6861076620404499	0.210001	1.0
4341	0	0.09151022311884047	0.7342308658127533	0.200001	1.0
4344	0	0.06535573991206473	0.46388541882287115	0.35100099999999995	1.0
4345	0	0.041365728041622946	0.2602854383848647	0.5390010000000001	1.0
4346	1949	0.049798990418078976	0.32720155951051544	0.47000099999999995	1.0
4347	1185	0.045031939868447515	0.2887684935179292	0.5360010000000001	1.0
4349	0	0.04045890831087043	0.2533830157261593	0.5480010000000001	1.0
4351	735	0.104115658596139	0.8835100397669385	0.120001	1.0
4352	0	0.045116008223861415	0.2894325320787562	0.5420010000000001	1.0
4353	0	0.0	-0.0	1.0	1.0
4354	0	0.010890171579745023	0.05811705508552136	0.875001	1.0
4358	2864	0.08665357762478994	0.6800651372803769	0.219001	1.0
4360	3107	0.009406665017432116	0.04978236520076556	0.891001	1.0
4361	0	0.08320658673405695	0.6427338972066887	0.233001	1.0
4364	0	0.027694733370887674	0.1621159042148393	0.689001	1.0
4365	1646	0.014815477668122856	0.08082050808547199	0.871001	1.0
4367	1185	0.031927271445667614	0.19117416007146218	0.646001	1.0
4368	2614	0.08070776888475722	0.6162442672666057	0.259001	1.0
4369	3249	0.0720599199992511	0.528242999227146	0.30700099999999997	1.0
4371	100	0.06743451743010791	0.48348390842495226	0.338001	1.0
4372	3335	0.050321891299286076	0.33151436898059594	0.48000099999999996	1.0
4373	2150	0.004312386019006128	0.02217140753215194	0.953001	1.0
4374	503	0.0010491289584790113	0.0052938734666697984	0.981001	1.0
4375	2261	0.07243901701786115	0.5319823145153686	0.28200099999999995	1.0
4376	0	0.05773938777751717	0.394786130685564	0.41700099999999996	1.0
4378	1066	0.06583064316656508	0.4683346300693022	0.35300099999999995	1.0
4379	0	0.014404427248648679	0.0783984834961828	0.829001	1.0
4380	0	0.004539798684114894	0.023370955629518332	0.941001	1.0
4385	0	0.021657220812630322	0.12268855311623343	0.766001	1.0
4386	3135	0.09325660711954117	0.7541598493329097	0.177001	1.0
4388	0	0.01513059814989974	0.08268438946714676	0.846001	1.0
4389	2445	0.03858798729437908	0.23931976090026788	0.574001	1.0
4390	0	0.07497808542157502	0.5573055871632244	0.262001	1.0
4393	0	0.09393011228358933	0.7619097918378895	0.222001	1.0
4395	3708	0.03220406564589175	0.19311573346120614	0.6560010000000001	1.0
4396	0	0.06920758107054807	0.5004530934896286	0.328001	1.0
4397	918	0.11028700541072134	0.9612478457391666	0.096001	1.0
4403	0	0.017972473274304176	0.09977348117849646	0.7930010000000001	1.0
4405	526	0.06886850618031937	0.4971898991352815	0.29100099999999995	1.0
4406	1036	0.0845031784518085	0.6566682965791268	0.223001	1.0
4408	918	0.04539466392612092	0.2916370871688988	0.48000099999999996	1.0
4414	0	0.04442944039038088	0.28402383021591504	0.5320010000000001	1.0
4425	3342	0.06713417767438751	0.4806325919722385	0.36100099999999996	1.0
4428	3131	0.052190757874507665	0.34708649987639395	0.442001	1.0
4429	1040	0.09601255201291743	0.7860989608193728	0.179001	1.0
4431	0	0.0010395724050779528	0.005245362642682972	0.987001	1.0
4433	2052	0.0436396932480411	0.2778426956232933	0.49500099999999997	1.0
4434	0	0.04427936295480868	0.28284589155882844	0.521001	1.0
4435	887	0.03214012231863829	0.19266675055480428	0.6600010000000001	1.0
4440	0	0.017436128627492626	0.09650954929910566	0.871001	1.0
4443	1684	0.02984161049483978	0.17670758724388144	0.6630010000000001	1.0
4444	3636	0.10355897792429297	0.8766494680632062	0.124001	1.0
4446	0	0.017436128627492626	0.09650954929910566	0.871001	1.0
4449	994	0.040102419167983114	0.2506849503384098	0.571001	1.0
4452	0	0.057150395894675673	0.3896180071261647	0.41500099999999995	1.0
4453	1447	0.05226752914391194	0.34773148102269086	0.442001	1.0
4455	0	0.05256421542196011	0.35022797668358385	0.444001	1.0
4460	0	0.010875424437534467	0.058033542768879155	0.874001	1.0
4463	1766	0.024405833571177548	0.14034598460470266	0.751001	1.0
4466	1448	0.04318570077001127	0.2743089469454715	0.5350010000000001	1.0
4468	735	0.015322572519634524	0.08382290930287217	0.822001	1.0
4469	1147	0.04663019274757098	0.301476943797508	0.510001	1.0
4470	0	0.07383566353859544	0.5458516249917673	0.254001	1.0
4471	3721	0.05478266783548767	0.3690940240860907	0.405001	1.0
4473	0	0.01013360336125095	0.053849752178262114	0.866001	1.0
4474	1768	0.00395469979546708	0.020290888143788762	0.956001	1.0
4475	1919	0.10806154218187095	0.9328578724636336	0.110001	1.0
4476	2710	0.06847801992972614	0.49344252403640826	0.316001	1.0
4481	0	0.011740492024321161	0.06295484856511896	0.883001	1.0
4482	0	0.07563377647503045	0.5639240778144224	0.28700099999999995	1.0
4483	1065	0.050195719856159275	0.3304719597588139	0.47200099999999995	1.0
4485	0	0.026143971949716602	0.15176348687692678	0.720001	1.0
4486	0	0.03931920879258821	0.24478775895993654	0.567001	1.0
4487	917	0.047686968547089245	0.309977720964728	0.49800099999999997	1.0
4491	0	0.03766536690548988	0.23247236510943017	0.598001	1.0
4492	503	0.01769445163940052	0.0980793200354874	0.7930010000000001	1.0
4496	3566	0.09528307590008464	0.7775864658201753	0.190001	1.0
4497	887	0.08417098805910853	0.6530859009513095	0.232001	1.0
4498	1185	0.02541083537367632	0.14692377530750886	0.716001	1.0
4500	38	0.013016503944634439	0.07029771490488627	0.876001	1.0
4502	0	0.04212030578581755	0.26607205338872997	0.530001	1.0
4503	0	0.062325564993147564	0.4358871125587719	0.402001	1.0
4507	1739	0.01237418009250445	0.06658893221224585	0.860001	1.0
4509	0	0.06383928807216754	0.44978943411649575	0.377001	1.0
4511	38	0.04064461155106012	0.254791942783119	0.5500010000000001	1.0
4516	0	0.0	-0.0	1.0	1.0
4517	1611	0.07449067496907642	0.5524067517343088	0.266001	1.0
4518	1037	0.01919666696895194	0.10729120202964436	0.7820010000000001	1.0
4520	1069	0.15457334582728458	1.6127105934390447	0.025001000000000002	1.0
4521	918	0.09594920862022716	0.7853581137692418	0.164001	1.0
4523	0	0.04801811605158524	0.31265757489811785	0.48100099999999996	1.0
4524	0	0.05355126512086569	0.3585786628806592	0.456001	1.0
4525	0	0.08381032028104297	0.6492060491683985	0.229001	1.0
4526	2406	0.003255700309325607	0.016637733959735064	0.959001	1.0
4527	1442	0.0	-0.0	1.0	1.0
4528	0	0.03886689034653306	0.24140107515873488	0.583001	1.0
4530	2928	0.030332799322939162	0.18008867646891327	0.649001	1.0
4531	604	0.04612389041706851	0.29743184751120444	0.47900099999999995	1.0
4534	0	0.06122098769963223	0.42584818293903154	0.381001	1.0
4536	1185	0.017436128627492626	0.09650954929910566	0.871001	1.0
4537	1604	0.013535388075017711	0.07331231150347779	0.831001	1.0
4539	0	0.017183671145905178	0.09497947018380576	0.7980010000000001	1.0
4540	742	0.10744257869268573	0.9250335194858171	0.114001	1.0
4544	3556	0.09513194087605403	0.7758280935214343	0.166001	1.0
4547	38	0.028038901481657972	0.16443476072532043	0.6840010000000001	1.0
4551	1306	0.006796500498713706	0.03544111673648014	0.9100010000000001	1.0
4553	89	0.09402212640945501	0.7629713666691291	0.186001	1.0
4555	3079	0.13764462767185937	1.3438680914143513	0.040001	1.0
4557	3736	0.06884436733174379	0.4969579174028752	0.340001	1.0
4558	1185	0.04098655905856206	0.25739246965900564	0.5590010000000001	1.0
4560	1185	0.052850591881792405	0.35264365311901374	0.458001	1.0
4562	3694	0.025423941992227122	0.14700999083807495	0.721001	1.0
4563	2336	0.0020932240373256993	0.010625977967745752	0.976001	1.0
4565	0	0.08464661346607928	0.6582177591035051	0.228001	1.0
4568	3690	0.07339107523617966	0.5414207533168116	0.326001	1.0
4569	0	0.08059653686540097	0.6150762513591846	0.256001	1.0
4572	3737	0.08672253624728539	0.680821356991265	0.239001	1.0
4573	38	0.10505143628659502	0.8950989915441878	0.132001	1.0
4574	3740	0.0779403318925746	0.5874650693034892	0.246001	1.0
4575	349	0.024475493683571936	0.14079980694290703	0.721001	1.0
4576	0	0.0005624557621771813	0.002830185728706414	0.998001	1.0
4577	0	0.1365744239237751	1.3277100188666133	0.043001	1.0
4578	0	0.17244537836312734	1.924170365271872	0.015000999999999999	1.0
4582	0	0.058606431823310455	0.4024395855998721	0.43300099999999997	1.0
4584	0	0.025055831285975612	0.14459278749648907	0.720001	1.0
4591	916	0.06922765057217342	0.5006465068616222	0.334001	1.0
4595	1197	0.028724932116983716	0.16908009009890376	0.653001	1.0
4596	1177	0.011993808509646833	0.06440461661570127	0.865001	1.0
4599	0	0.005018470590855063	0.025905852236734295	0.950001	1.0
4600	0	0.048937902994822105	0.3201414223874137	0.47100099999999995	1.0
4602	850	0.0	-0.0	1.0	1.0
4603	0	0.0	-0.0	1.0	1.0
4605	2881	0.05972778420070371	0.41241849222114746	0.403001	1.0
4606	1007	0.00442699674556267	0.022775569309275084	0.944001	1.0
4607	675	0.09617993533229809	0.7880581620955363	0.215001	1.0
4610	444	0.09443923868258051	0.7677920134138856	0.185001	1.0
4612	2634	0.056548674528360474	0.38436399228696205	0.41300099999999995	1.0
4614	0	0.09730373758990296	0.8012697326924507	0.152001	1.0
4616	0	0.0008965378976180591	0.004519928451848495	0.995001	1.0
4618	0	0.0	-0.0	1.0	1.0
4619	2313	0.05103041827522294	0.33738899883199425	0.453001	1.0
4621	425	0.17605127845211505	1.99053138206385	0.006001	1.0
4622	3335	0.044081754950973634	0.28129727134686944	0.524001	1.0
4623	0	0.1523625335711753	1.576172433057101	0.028001	1.0
4624	349	0.07467329645644671	0.5542401319670003	0.29300099999999996	1.0
4626	0	0.03165523078320684	0.1892708895080058	0.638001	1.0
4627	1066	0.0789428608853108	0.5978230760414676	0.254001	1.0
4629	2579	0.027176441064713952	0.15863848772018443	0.732001	1.0
4631	0	0.06458332514745437	0.45668440617507633	0.34700099999999995	1.0
4633	0	0.03660616227874221	0.2246824143338647	0.607001	1.0
4634	20	0.026943562474732154	0.15708172946091542	0.704001	1.0
4636	1975	0.0010028515399878903	0.005059010245493322	0.987001	1.0
4637	3335	0.07884588257822453	0.5968177620157687	0.250001	1.0
4640	3478	0.07165799340453022	0.5242902674833666	0.333001	1.0
4644	2454	0.028798742558183772	0.1695817234704419	0.6650010000000001	1.0
4647	1567	0.021526638144164997	0.12186172458875603	0.732001	1.0
4648	0	0.01350229305962819	0.07311954119294567	0.861001	1.0
4650	3752	0.02774461203641532	0.1624514849511005	0.692001	1.0
4651	0	0.017340187009940587	0.09592760094276832	0.7940010000000001	1.0
4652	0	0.04648787393327551	0.30033808277585056	0.518001	1.0
4659	917	0.08233347880147693	0.6334236598225554	0.237001	1.0
4660	2208	0.04948034740908116	0.32458289117670186	0.48900099999999996	1.0
4662	0	0.038526360666326843	0.23886058575596986	0.575001	1.0
4663	3257	0.013114151918994229	0.07086375890003115	0.846001	1.0
4667	963	0.031653971324673236	0.18926208941834685	0.6600010000000001	1.0
4673	0	0.021090846439473898	0.11911023773535913	0.757001	1.0
4675	3755	0.013435903636319357	0.07273304302176734	0.858001	1.0
4676	2209	0.0016360350897411426	0.008283319241269745	0.977001	1.0
4677	0	0.011952206913590498	0.06416625452289876	0.865001	1.0
4678	527	0.01865704636165731	0.10396576152395179	0.7920010000000001	1.0
4681	2882	0.010110933107646373	0.05372242197183607	0.887001	1.0
4684	0	0.03964523572029059	0.24723749624937025	0.5620010000000001	1.0
4685	1768	0.07866326109085425	0.594926584841586	0.244001	1.0
4686	606	0.03994871491310378	0.2495243296459863	0.568001	1.0
4687	0	0.11275320736107305	0.9931817477121663	0.10100100000000001	1.0
4688	0	0.007344679591540628	0.038419012448946875	0.9120010000000001	1.0
4689	2808	0.09415208213692239	0.7644718159805441	0.164001	1.0
4692	0	0.048805698295205556	0.3190620827898432	0.49200099999999997	1.0
4694	1110	0.0884757025260402	0.7001713099855144	0.193001	1.0
4695	1657	0.11814885183443385	1.0647931813489628	0.092001	1.0
4696	19	0.06876921397467758	0.49623594805493193	0.318001	1.0
4697	0	0.034938639180271326	0.21257199623966028	0.628001	1.0
4698	38	0.0015037672126039583	0.007607850049040005	0.983001	1.0
4700	1740	0.028255952201052134	0.16590114279118973	0.692001	1.0
4704	0	0.0024912089794375085	0.012675232644031765	0.966001	1.0
4705	0	0.010185308837109233	0.05414027914407746	0.866001	1.0
4706	1537	0.037671457784651224	0.2325173802909062	0.586001	1.0
4708	1647	0.0017153803622953906	0.008689012096657737	0.983001	1.0
4710	71	0.006682686979219204	0.0348251003407207	0.9320010000000001	1.0
4711	2722	0.010344192972018227	0.05503404816056237	0.888001	1.0
4712	3762	0.10067958142971555	0.841561645112632	0.14000100000000001	1.0
4713	349	0.03797401925944721	0.2347566536680091	0.616001	1.0
4714	1450	0.04369691382284395	0.27828909511216066	0.5470010000000001	1.0
4717	0	0.05243869160539291	0.3491709810787306	0.40700099999999995	1.0
4719	2745	0.11959305269779838	1.0843696629961026	0.081001	1.0
4720	3764	0.030860512448512643	0.18373893647266004	0.638001	1.0
4723	1299	0.004538503125495006	0.023364113189647758	0.938001	1.0
4726	350	0.0908963818275968	0.7272829070139877	0.174001	1.0
4727	1241	0.11740331384811628	1.0547550282592737	0.08500100000000001	1.0
4729	0	0.05260371829680846	0.35056084930852993	0.47100099999999995	1.0
4730	3573	0.15875852653439831	1.6830693555636385	0.027001	1.0
4731	985	0.0	-0.0	1.0	1.0
4732	0	0.08043020543953727	0.613331419758079	0.236001	1.0
4733	2931	0.027956165860404315	0.1638766159115414	0.6690010000000001	1.0
4737	3658	0.11417851972196787	1.0118651763638986	0.054001	1.0
4738	2258	0.013418443923397297	0.07263144328920978	0.837001	1.0
4739	917	0.04516796139007502	0.28984314483544454	0.521001	1.0
4740	1628	0.051145351590484785	0.3383452946166811	0.449001	1.0
4745	985	0.004252765102041044	0.021857427762223672	0.954001	1.0
4752	1186	0.1326499511331141	1.2692988873268702	0.054001	1.0
4753	1605	0.01662693047755262	0.09161933158024546	0.7950010000000001	1.0
4754	1337	0.17572595189889906	1.9844951363313232	0.010001	1.0
4757	0	0.02174455158240093	0.12324212537391897	0.757001	1.0
4758	3773	0.018661397092176943	0.1039924995949892	0.776001	1.0
4759	3736	0.05174226976812136	0.3433269602326385	0.444001	1.0
4760	1728	0.009488760592053785	0.050240102413055585	0.891001	1.0
4761	0	0.03782279922218841	0.23363669019976063	0.601001	1.0
4763	0	0.08472251609594726	0.6590383438289295	0.212001	1.0
4764	2593	0.009600517997044289	0.05086388083673811	0.879001	1.0
4766	3776	0.051193249962910206	0.33874410613697753	0.449001	1.0
4772	976	0.022765972453141024	0.1297529387571312	0.742001	1.0
4774	1545	0.11541825752380445	1.0282520801251618	0.096001	1.0
4775	1561	0.08333513045877397	0.6441095587016215	0.232001	1.0
4777	0	0.03168167941241217	0.18945571570857261	0.6620010000000001	1.0
4778	1109	0.013451017138722402	0.07282100512337612	0.830001	1.0
4779	77	0.0	-0.0	1.0	1.0
4780	1259	0.004073085050210042	0.020912455932204893	0.969001	1.0
4784	1299	0.004278388484551348	0.0219923416086784	0.955001	1.0
4787	3081	0.0360371449484028	0.2205288626694122	0.591001	1.0
4789	1780	0.09998389662904605	0.8331839273336137	0.127001	1.0
4790	935	0.016645548143039222	0.09173138247667209	0.821001	1.0
4791	0	0.0006864482698592592	0.003456566066151965	0.989001	1.0
4793	0	0.01736164607517815	0.09605771397699063	0.8120010000000001	1.0
4796	2594	0.13499134109703173	1.3039889225789079	0.063001	1.0
4798	1657	0.027350401515402217	0.15980369669956523	0.710001	1.0
4799	1117	0.0	-0.0	1.0	1.0
4805	0	0.00916689826935977	0.048447845015924564	0.9180010000000001	1.0
4806	3145	0.10072645568225298	0.8421275173775831	0.138001	1.0
4808	94	0.04206285558950369	0.2656301097962945	0.5490010000000001	1.0
4810	589	0.0030604842366194103	0.015622626449530504	0.976001	1.0
4812	1283	0.0	-0.0	1.0	1.0
4818	1729	0.05474110570387923	0.36873734437621036	0.403001	1.0
4822	0	0.012265471660116836	0.06596375854442921	0.861001	1.0
4825	914	0.06693223569908462	0.4787191831781298	0.43400099999999997	1.0
4827	1835	0.05261513969918227	0.35065711290383084	0.460001	1.0
4828	348	0.00685019496418645	0.0357320076472719	0.9220010000000001	1.0
4829	2806	0.003905580912657145	0.020033238299807632	0.952001	1.0
4830	532	0.07675644087100165	0.5753317108236572	0.243001	1.0
4832	2743	0.06973187225747549	0.5055156246082899	0.320001	1.0
4833	0	9.445939001917827e-05	0.0004740225442782649	0.999001	1.0
4836	0	0.027217054360671598	0.15891034389181485	0.711001	1.0
4839	1445	0.00537788116519919	0.027818119284890946	0.949001	1.0
4842	38	0.0	-0.0	1.0	1.0
4843	0	0.11530343124632225	1.0267289741655832	0.039001	1.0
4852	1361	0.05387463169678192	0.3613295174545895	0.452001	1.0
4853	0	0.057718465677281824	0.3946021206879467	0.405001	1.0
4863	0	0.04404830275371506	0.28103537980827015	0.529001	1.0
4864	917	0.05084811937655796	0.3358741083588789	0.49100099999999997	1.0
4866	1470	0.02516524095962661	0.14531031059278454	0.733001	1.0
4868	3786	0.018079527249659184	0.10042712528110082	0.8100010000000001	1.0
4869	2144	0.05321709385347226	0.3557437249553803	0.445001	1.0
4871	742	0.06628782153981616	0.4726335015946159	0.328001	1.0
4872	0	0.013346482080434569	0.07221288901339483	0.845001	1.0
4874	1151	0.027059432513888655	0.15785586092634796	0.719001	1.0
4879	0	0.08578549909829573	0.6705771129975305	0.214001	1.0
4884	3639	0.03337938747570823	0.2014168353885324	0.637001	1.0
4885	1306	0.06478402805071186	0.4585512824477799	0.36700099999999997	1.0
4886	1710	0.05628898024165922	0.3821044806130801	0.41800099999999996	1.0
4887	3787	0.05988319161390005	0.4138086535339241	0.382001	1.0
4890	1644	0.09953047149524546	0.8277444413449182	0.157001	1.0
4893	0	0.005962276698006721	0.030943842640695295	0.9320010000000001	1.0
4894	1922	0.1229786556040674	1.1309437626233334	0.083001	1.0
4895	0	0.0664918538222575	0.4745570089945591	0.35100099999999995	1.0
4897	581	0.03825101512360843	0.23681216076002498	0.581001	1.0
4898	3282	0.03828119391480782	0.23703642364610092	0.596001	1.0
4899	84	0.03051980008633729	0.1813800791572058	0.6850010000000001	1.0
4900	0	0.01577346765954231	0.08650600186015307	0.828001	1.0
4902	1606	0.040427222591399456	0.25314285244402857	0.5460010000000001	1.0
4904	0	0.0021338016445578943	0.010834490376769828	0.975001	1.0
4905	526	0.020640006448444055	0.11627647795521948	0.763001	1.0
4907	0	0.037116837043401615	0.22842871055947905	0.610001	1.0
4909	0	0.026676212598520266	0.1552988964000638	0.705001	1.0
4915	1112	0.07959138178800065	0.6045643360497865	0.223001	1.0
4917	3335	0.02006065552299348	0.11265394365067867	0.776001	1.0
4918	3792	0.01260088262855031	0.06789501661883686	0.845001	1.0
4921	0	0.08814016473001618	0.6964494099998376	0.213001	1.0
4922	1604	0.01468223236313906	0.08003424105710578	0.825001	1.0
4923	585	0.0325575361615591	0.19560256058571152	0.636001	1.0
4924	0	0.12301164831614508	1.1314023426312723	0.08500100000000001	1.0
4925	3282	0.0	-0.0	1.0	1.0
4927	3432	0.060182766552958435	0.41649337999503805	0.516001	1.0
4928	52	0.050861871497777336	0.3359883055131883	0.47400099999999995	1.0
4930	3765	0.013270211574438216	0.07176962284656777	0.866001	1.0
4932	0	0.005212898870521725	0.02693936719726673	0.9350010000000001	1.0
4933	0	0.09822012265164785	0.812117215570968	0.166001	1.0
4936	918	0.08158654071464126	0.6255053399307954	0.239001	1.0
4937	0	0.024471248487077327	0.14077214132937046	0.724001	1.0
4940	592	0.0773634998841912	0.5815399815829161	0.280001	1.0
4943	0	0.03267539219541328	0.1964335805034697	0.620001	1.0
4947	349	0.07689875968529711	0.5767846663265983	0.273001	1.0
4948	349	0.0404689216012573	0.2534589261781198	0.586001	1.0
4951	1642	0.15431293224538817	1.6083842076879544	0.028001	1.0
4954	0	0.04062101044637609	0.2546127507045157	0.573001	1.0
4956	0	0.0352409092283325	0.21475335198236334	0.623001	1.0
4958	349	0.08653991475991507	0.6788194843128479	0.227001	1.0
4959	0	0.124134986502343	1.1470705697754169	0.084001	1.0
4960	0	0.05295779236923308	0.3535494236684124	0.47200099999999995	1.0
4962	0	0.0	-0.0	1.0	1.0
4964	2579	0.012845217584066437	0.0693062239871343	0.845001	1.0
4965	0	0.017363179633394718	0.09606701352736012	0.8110010000000001	1.0
4966	1211	0.06314732197634948	0.443413463247312	0.35600099999999996	1.0
4967	0	0.005662222266833765	0.029336417562955835	0.943001	1.0
4969	0	0.0	-0.0	1.0	1.0
4976	590	0.02816265228787545	0.16527043579029685	0.6750010000000001	1.0
4981	0	0.008345161733163903	0.043900516537420074	0.903001	1.0
4983	742	0.13185044405508495	1.257560647700281	0.049001	1.0
4985	1543	0.06095186288616618	0.4234157255533065	0.388001	1.0
4989	2180	0.0	-0.0	1.0	1.0
4990	624	0.0672626424448135	0.48185137218687973	0.30800099999999997	1.0
4992	3454	0.07534458785484924	0.5610010258709531	0.28300099999999995	1.0
4993	2912	0.10173599521021279	0.8543575657364693	0.169001	1.0
4994	3133	0.03332905117434557	0.20105943057428838	0.620001	1.0
4995	8	0.06705231286970427	0.4798565556922448	0.332001	1.0
4997	0	0.07952337111284359	0.6038558700062869	0.229001	1.0
4998	0	0.04430844578076247	0.2830740370359013	0.49400099999999997	1.0
4999	752	0.054192300970319685	0.36403917023287036	0.47000099999999995	1.0
5001	0	0.05425747362698134	0.36459597015875383	0.453001	1.0
5002	1040	0.009414440681466962	0.04982570216242344	0.894001	1.0
5003	0	0.04337408669817306	0.2757735612239649	0.518001	1.0
5006	0	0.031165751545828554	0.1858587246669138	0.644001	1.0
5007	1151	0.045208264063149865	0.290161806876208	0.528001	1.0
5008	929	0.0033736954370875427	0.01725238665877466	0.962001	1.0
5009	2319	0.019585238340594543	0.10969719675645309	0.7820010000000001	1.0
5012	0	0.017073219881322158	0.09431131105186286	0.7870010000000001	1.0
5014	0	0.00023285571718503068	0.0011694662579870645	0.996001	1.0
5016	499	0.02105562776452817	0.11888840419055346	0.753001	1.0
5017	1212	0.05937843202455115	0.4092998387972007	0.378001	1.0
5018	0	0.030210631845181107	0.17924625128747684	0.6710010000000001	1.0
5019	428	0.03571824401256246	0.2182105853360967	0.607001	1.0
5021	1768	0.021476259866270858	0.12154302847677528	0.761001	1.0
5023	0	0.03655661123772817	0.22431984711166061	0.603001	1.0
5025	0	0.03208470614316042	0.19227786155560272	0.621001	1.0
5030	1780	0.01139556645965393	0.06098710731921497	0.864001	1.0
5036	0	0.07323739906966871	0.539892639773575	0.31000099999999997	1.0
5037	754	0.0	-0.0	1.0	1.0
5038	0	0.015404417923079925	0.08430899736206036	0.853001	1.0
5040	1644	0.025841461933854587	0.1497622748057124	0.717001	1.0
5041	874	0.05532927283906497	0.3737964082069204	0.41400099999999995	1.0
5042	499	0.007983707644415836	0.041913207864262975	0.9220010000000001	1.0
5043	0	0.03132431149877	0.18696230840135244	0.6740010000000001	1.0
5044	1185	0.006280556035250864	0.03265477008763653	0.9280010000000001	1.0
5045	874	0.044761156283726004	0.2866329657707477	0.527001	1.0
5046	0	0.003969813297870134	0.020370193690933857	0.957001	1.0
5048	0	0.15894550591278211	1.6862492307776473	0.030001	1.0
5050	0	0.01695984725306141	0.0936262749323443	0.7940010000000001	1.0
5051	1397	0.06355750112602153	0.44718873248606084	0.49100099999999997	1.0
5052	579	0.05823106530045226	0.39911953386346105	0.41100099999999995	1.0
5053	917	0.12080212841466831	1.1008924727470648	0.080001	1.0
5054	0	0.06255982428039497	0.43802762491456876	0.37300099999999997	1.0
5056	297	0.09617993533229809	0.7880581620955363	0.215001	1.0
5060	1633	0.024459944180817192	0.14069847772683564	0.728001	1.0
5062	0	0.06413918528151469	0.45256368191709784	0.323001	1.0
5064	425	0.023919391025442084	0.1371856344023955	0.715001	1.0
5066	918	0.01764252198205396	0.09776341852682698	0.8110010000000001	1.0
5069	3145	0.1466332613110018	1.4834926012891962	0.036001	1.0
5071	0	0.08499921914577062	0.662033558289195	0.222001	1.0
5072	1946	0.00784012937158677	0.04112598492555124	0.9160010000000001	1.0
5073	2818	0.02423827947890564	0.1392556849193753	0.748001	1.0
5077	1604	0.037718264163900575	0.23286339089462246	0.607001	1.0
5078	3809	0.10393555602583585	0.8812877080974225	0.144001	1.0
5082	1075	0.0033614905924863325	0.01718877193964248	0.975001	1.0
5085	364	0.028234405027457665	0.16575543333715442	0.655001	1.0
5088	0	0.058558524519185154	0.4020152866969789	0.402001	1.0
5089	2904	0.016337446361986578	0.08987985333993344	0.840001	1.0
5090	0	0.04886699110322368	0.31956233400376965	0.464001	1.0
5095	3483	0.13169276264758706	1.2552520269674843	0.047001	1.0
5099	38	0.10416225856188176	0.8840854748445914	0.125001	1.0
5100	0	0.034486460990986824	0.2093202675040864	0.638001	1.0
5101	365	0.04422714586548459	0.2824364122279033	0.526001	1.0
5102	2040	0.009201697633085223	0.04864131912549839	0.893001	1.0
5104	1442	0.09720802713345703	0.8001406381036396	0.159001	1.0
5105	3738	0.06935395452837043	0.5018644087996974	0.318001	1.0
5106	0	0.012704158228304558	0.06849105820179997	0.852001	1.0
5107	2552	0.034028018517803	0.2060374836471391	0.629001	1.0
5113	1562	0.05025360747941589	0.33095007897421913	0.456001	1.0
5117	2335	0.08061920019351679	0.6153141556829798	0.232001	1.0
5120	1644	0.015926231086544784	0.0874179079303284	0.818001	1.0
5121	1096	0.07885721770502682	0.5969352292369948	0.261001	1.0
5123	0	0.02887004187240464	0.17006663034577682	0.6710010000000001	1.0
5125	1905	0.03468292541621904	0.21073140808877924	0.607001	1.0
5126	1448	0.01856943323177912	0.10342757601036287	0.7860010000000001	1.0
5130	985	0.011786012957318737	0.06321508181577015	0.868001	1.0
5134	1947	0.07410654011633203	0.5485585420746796	0.30500099999999997	1.0
5136	0	0.022835242672488362	0.13019690676852244	0.735001	1.0
5138	2897	0.012660077179628977	0.06823656996386543	0.845001	1.0
5139	0	0.0	-0.0	1.0	1.0
5145	0	0.03746007516451498	0.2309566086689088	0.576001	1.0
5146	0	0.02373420318984782	0.13598650467732162	0.734001	1.0
5149	0	0.01855812213885498	0.10335813009604868	0.780001	1.0
5150	0	0.11454361173159217	1.0166778130206233	0.096001	1.0
5152	0	0.06623240536433833	0.47211159856579765	0.313001	1.0
5153	1445	0.0	-0.0	1.0	1.0
5154	0	0.043755606105328596	0.27874721117319556	0.5320010000000001	1.0
5156	0	0.09296904380952968	0.7508617897447192	0.183001	1.0
5158	0	0.07859021249590614	0.5941708257837273	0.279001	1.0
5159	3323	0.0012714066812103686	0.00642369699900199	0.995001	1.0
5161	1299	0.05451062479223257	0.36676163537662854	0.41300099999999995	1.0
5162	1604	0.02241930331617402	0.12753568471612453	0.726001	1.0
5163	3279	0.007843188464656713	0.04114274463964234	0.904001	1.0
5164	0	0.011786012957318738	0.06321508181577015	0.875001	1.0
5166	0	0.07349343548478154	0.5424395813032892	0.280001	1.0
5167	3831	0.06241808456964823	0.43673201827176744	0.386001	1.0
5168	2170	0.01529302564826262	0.08364752987769199	0.813001	1.0
5169	2374	0.03152581916811299	0.1883672147819308	0.630001	1.0
5170	1040	0.038614060081076235	0.2395141049098545	0.5540010000000001	1.0
5171	0	0.017436128627492626	0.09650954929910566	0.871001	1.0
5179	785	0.10405431600277858	0.8827528239515674	0.146001	1.0
5180	3693	0.05005856283376916	0.3293400637418634	0.590001	1.0
5181	1601	0.03044363167389491	0.18085379124134776	0.6600010000000001	1.0
5183	1715	0.03318488996845371	0.2000367730007482	0.717001	1.0
5184	366	0.04167296395936766	0.2626368107211702	0.5360010000000001	1.0
5188	1343	0.011350226009549172	0.06072898918806648	0.857001	1.0
5189	2335	0.0923283861802866	0.7435375154411155	0.177001	1.0
5190	0	0.0800568470784252	0.609422567484015	0.250001	1.0
5191	0	0.050034509163859986	0.32914169626587897	0.462001	1.0
5195	1442	0.023937632002036295	0.13730386808389058	0.708001	1.0
5197	1185	0.06841000916891239	0.4927910045716482	0.30200099999999996	1.0
5198	2448	0.026024385365556447	0.15097166807301524	0.711001	1.0
5199	2445	0.027792789244843755	0.16277577288860676	0.6810010000000001	1.0
5202	2554	0.03764364487721772	0.2323118470116615	0.611001	1.0
5203	3345	0.023138743036777425	0.13214573891527576	0.729001	1.0
5204	2262	0.014549788864797467	0.07925379719425951	0.834001	1.0
5205	0	0.0673796872264617	0.48296287188367715	0.335001	1.0
5207	1162	0.1509524025432184	1.5530931222026634	0.030001	1.0
5208	2290	0.0018299932493037116	0.00927567791753784	0.978001	1.0
5209	3484	0.037698684772870444	0.23271863450167765	0.591001	1.0
5214	0	0.0026058197059940502	0.013267094015390704	0.967001	1.0
5217	100	0.08326406311405207	0.643348846027008	0.220001	1.0
5218	985	0.03890462510374776	0.24168307728925997	0.5590010000000001	1.0
5219	3131	0.14907538629354938	1.5226445618969133	0.007001	1.0
5220	763	0.03446634223017571	0.20917590702081004	0.622001	1.0
5221	0	0.06304093744022572	0.4424363182068212	0.36900099999999997	1.0
5223	1185	0.08227995171267645	0.6328547909945761	0.254001	1.0
5226	1634	0.0917754838840414	0.7372424582691395	0.169001	1.0
5227	2745	0.030420932684840273	0.18069702604314944	0.652001	1.0
5228	2744	0.03656585960566734	0.22438750525582452	0.596001	1.0
5229	1185	0.0	-0.0	1.0	1.0
5232	916	0.0030327761488804818	0.015478728370940631	0.964001	1.0
5234	367	0.04553194490628202	0.2927251557947038	0.521001	1.0
5235	0	0.0438987327269811	0.2798653690451215	0.5400010000000001	1.0
5238	1344	0.0	-0.0	1.0	1.0
5242	917	0.097081205352642	0.7986456458016928	0.163001	1.0
5245	592	0.103734708689495	0.8788124872009893	0.146001	1.0
5246	3323	0.0008954750173812455	0.004514542253888951	0.990001	1.0
5247	3575	0.09164827857214901	0.735797564904745	0.179001	1.0
5248	3522	0.010706728531632737	0.05707917036520408	0.885001	1.0
5253	0	0.08088109116865762	0.618066164357558	0.237001	1.0
5255	2007	0.05008362804666992	0.329546816704788	0.465001	1.0
5257	0	0.017436128627492626	0.09650954929910566	0.871001	1.0
5260	2572	0.07845041259867781	0.5927255930473836	0.251001	1.0
5264	1397	0.09498224475025056	0.7740882444079639	0.175001	1.0
5265	1259	0.05354161948230828	0.3584967226941852	0.466001	1.0
5267	2904	0.0025623732274001956	0.01304264131284407	0.976001	1.0
5270	3225	0.03816285302625723	0.23615736995161335	0.585001	1.0
5271	1109	0.00940059849470263	0.04974855652889012	0.895001	1.0
5272	2262	0.017436128627492626	0.09650954929910566	0.871001	1.0
5273	1906	0.011239393798182125	0.060098562922580756	0.870001	1.0
5274	2912	0.05671089885041124	0.38577791155657315	0.381001	1.0
5276	0	0.01677224097777747	0.09249446264283245	0.8020010000000001	1.0
5277	3518	0.0	-0.0	1.0	1.0
5279	3843	0.050151498600152354	0.3301068763790653	0.453001	1.0
5280	0	0.04258601776086187	0.269662991921563	0.569001	1.0
5284	3844	0.06302551398928558	0.4422947221527641	0.394001	1.0
5285	3617	0.06396538000387948	0.4509550635725075	0.36800099999999997	1.0
5286	0	0.0038438674445112793	0.019709726368308256	0.947001	1.0
5287	887	0.09470624389170124	0.7708850619357248	0.187001	1.0
5288	913	0.0030869328658247597	0.015760025829403834	0.959001	1.0
5289	3346	0.030803836814501134	0.18334602112613962	0.644001	1.0
5291	2052	0.09492916805214634	0.7734717842621941	0.163001	1.0
5293	300	0.019716564092343444	0.11051251434933937	0.776001	1.0
5297	988	0.016758078487691522	0.09240911105303545	0.7920010000000001	1.0
5299	3145	0.10534111174932032	0.898700762909874	0.128001	1.0
5302	0	0.06193765176480241	0.4323514260352165	0.397001	1.0
5303	0	0.04870781516622288	0.3182637411363708	0.465001	1.0
5307	1185	0.032755956286768265	0.19700218190659902	0.639001	1.0
5311	3848	0.09984172510287762	0.831476606467545	0.148001	1.0
5312	0	0.008720096168715132	0.045970268412440195	0.9100010000000001	1.0
5313	572	0.0	-0.0	1.0	1.0
5317	0	0.06296590275046937	0.4417476208167023	0.36900099999999997	1.0
5318	1572	0.0021889361745002986	0.011117959584501845	0.979001	1.0
5319	3192	0.08428170560919138	0.6542789500217691	0.197001	1.0
5321	742	0.01967907676486992	0.11027966805652646	0.814001	1.0
5325	858	0.08188369656123937	0.6286503670483181	0.252001	1.0
5326	101	0.053629724996465775	0.35924542987875835	0.446001	1.0
5327	1162	0.02808925811073723	0.1647746922540724	0.704001	1.0
5329	1923	0.10499476065258354	0.8943950907868554	0.116001	1.0
5330	0	0.02585433123835245	0.14984728878262302	0.729001	1.0
5333	985	0.04944480354383801	0.32429122835894236	0.462001	1.0
5335	3787	0.03637694082562913	0.22300658076979146	0.579001	1.0
5336	0	0.0	-0.0	1.0	1.0
5337	1299	0.16214384962548026	1.741127493822045	0.024001	1.0
5341	3270	0.039000338486441986	0.24239880422297214	0.589001	1.0
5342	0	0.00827463214411209	0.04351211979196486	0.9090010000000001	1.0
5344	1185	0.10903027177331356	0.945166214613932	0.11700100000000001	1.0
5351	916	0.03218672228438107	0.19299392886908515	0.6650010000000001	1.0
5352	277	0.09762440931402515	0.8050580020426086	0.163001	1.0
5354	0	0.027671563441467224	0.16196007363602768	0.6710010000000001	1.0
5356	1110	0.006584905175788906	0.03429647488796355	0.9130010000000001	1.0
5360	0	0.048290225541378844	0.3148654092705544	0.515001	1.0
5361	1606	0.02024199205786452	0.11378550212910234	0.766001	1.0
5363	0	0.025734064115596103	0.14905322957789335	0.726001	1.0
5366	0	0.041138455156545004	0.2585502168146672	0.5530010000000001	1.0
5367	0	0.04459786198800575	0.2853476089392961	0.508001	1.0
5368	994	0.021071974186170406	0.11899135634441448	0.775001	1.0
5369	3240	0.04374477324712028	0.27866263857979023	0.513001	1.0
5371	2361	0.09670374512597218	0.7942036580687153	0.17100100000000001	1.0
5372	0	0.027168288157802985	0.1585839269906152	0.700001	1.0
5373	926	0.061275176576135	0.42633860173771165	0.34800099999999995	1.0
5376	0	0.11108164955911339	0.9714829939734396	0.10100100000000001	1.0
5377	0	0.017436128627492626	0.09650954929910566	0.871001	1.0
5381	3043	0.049530725750424644	0.32499643387813043	0.48700099999999996	1.0
5384	1984	0.1275933416207095	1.1959737379662225	0.058001000000000004	1.0
5386	8	0.005383484730747012	0.027847994211435332	0.9300010000000001	1.0
5388	1445	0.054974036295030324	0.370737912959639	0.41500099999999995	1.0
5389	0	0.06846307796639191	0.4932993557645498	0.335001	1.0
5390	960	0.06423899820959464	0.45348848238203676	0.35700099999999996	1.0
5391	0	0.002920680660912632	0.014897036867309036	0.961001	1.0
5393	916	0.0801998005018319	0.6109179495411784	0.241001	1.0
5394	0	0.0	-0.0	1.0	1.0
5395	0	0.001677598766739511	0.008495788706442242	0.988001	1.0
5396	2614	0.048893532101696995	0.31977903459632945	0.49800099999999997	1.0
5400	0	0.023793660649401187	0.13637126325318197	0.715001	1.0
5402	0	0.07228284415969621	0.5304405598034974	0.28200099999999995	1.0
5403	0	0.06521627081534868	0.4625819368037897	0.342001	1.0
5404	0	0.017436128627492626	0.09650954929910566	0.871001	1.0
5405	368	0.01705466241553986	0.09419912536734885	0.819001	1.0
5406	3856	0.01462656151289184	0.07970605936322465	0.849001	1.0
5408	3241	0.07419860468658103	0.5494798184528357	0.28800099999999995	1.0
5409	1185	0.0526931597633732	0.351314941478249	0.456001	1.0
5412	0	0.012134149126958753	0.06520950062907739	0.861001	1.0
5414	354	0.013415205179602648	0.07261259879913248	0.842001	1.0
5417	0	0.032892019063190434	0.1979634612618041	0.651001	1.0
5418	0	0.03384361624735934	0.20472099659988852	0.620001	1.0
5421	0	0.06902170373236016	0.4986631848773879	0.319001	1.0
5422	0	0.036345740164758784	0.2227787475648954	0.592001	1.0
5424	1768	0.08507264556828478	0.6628293682539348	0.213001	1.0
5426	918	0.04949306059603273	0.32468723356157314	0.444001	1.0
5427	2923	0.05421428023498304	0.3642269152784708	0.42700099999999996	1.0
5428	2450	0.03570464080603652	0.21811184799430822	0.604001	1.0
5429	3860	0.0	-0.0	1.0	1.0
5430	8	0.05207237130719203	0.34609271477731446	0.458001	1.0
5431	1546	0.06978823738661426	0.5060611028848085	0.320001	1.0
5436	1769	0.0	-0.0	1.0	1.0
5437	917	0.07483200394964609	0.5558354782415142	0.29300099999999996	1.0
5439	349	0.08333193963139923	0.6440753953885757	0.238001	1.0
5440	2584	0.08425694091261643	0.6540120131229913	0.225001	1.0
5442	0	0.048359271613173146	0.3154264595017965	0.503001	1.0
5444	1611	0.010343932936360212	0.055032584129957644	0.882001	1.0
5446	0	0.010816196528552105	0.05769827179685665	0.878001	1.0
5447	1392	0.10465334853498862	0.8901603086397685	0.141001	1.0
5448	1185	0.05427498582401263	0.3647456366104436	0.447001	1.0
5450	38	0.046800536688962134	0.3028419257546112	0.49400099999999997	1.0
5451	0	0.0156550547848209	0.08580014900924195	0.835001	1.0
5455	0	0.002853933037110991	0.014551017602997936	0.971001	1.0
5457	103	0.0	-0.0	1.0	1.0
5459	1324	0.031630041612535055	0.18909490771517976	0.639001	1.0
5462	0	0.005659951811870914	0.02932427493402128	0.941001	1.0
5463	3162	0.019061904905858018	0.10645899994771363	0.7870010000000001	1.0
5465	1657	0.007200324436523967	0.037633078014817155	0.9190010000000001	1.0
5468	0	0.004618410978568041	0.023786329340929366	0.957001	1.0
5470	0	0.010960880431212001	0.058517660098816385	0.867001	1.0
5471	0	0.04093114288308415	0.25697048311454185	0.529001	1.0
5472	3866	0.008664254483077095	0.04566146739165591	0.895001	1.0
5473	0	0.08830555466181753	0.6982828747037559	0.278001	1.0
5475	1604	0.0019723102005655344	0.010005220605497573	0.983001	1.0
5476	3867	0.013239669466823215	0.07159221993411738	0.852001	1.0
5477	0	0.033891657574198715	0.20506375471147098	0.628001	1.0
5478	1075	0.009149321420823432	0.048350150837902395	0.898001	1.0
5480	874	0.01941541562981628	0.10864449593493732	0.773001	1.0
5484	1066	0.04339928826693654	0.27596967775587733	0.5350010000000001	1.0
5485	1633	0.06824871252013559	0.4912472122679824	0.30900099999999997	1.0
5487	0	0.027824981722206193	0.1629925498637328	0.702001	1.0
5488	3208	0.058660540660405845	0.4029190090267234	0.40700099999999995	1.0
5489	0	0.02735423156839745	0.1598293731094521	0.691001	1.0
5490	1612	0.11253726370311753	0.9903656579541519	0.104001	1.0
5492	1768	0.02547128938328856	0.1473215354716183	0.703001	1.0
5493	2594	0.04406783980303602	0.28118832261967586	0.5470010000000001	1.0
5498	3869	0.031084696067491355	0.1852952186127654	0.636001	1.0
5501	2491	0.11039028101047557	0.9625751333173074	0.113001	1.0
5502	349	0.0659225785650756	0.4691978640405492	0.34600099999999995	1.0
5503	3871	0.0676689617627215	0.48571428202538125	0.34500099999999995	1.0
5504	0	0.1285412230681933	1.209553589798621	0.068001	1.0
5505	0	0.04105927063893427	0.2579464776121022	0.633001	1.0
5508	0	0.08186596103492094	0.6284624681627926	0.236001	1.0
5509	0	0.00952835067205001	0.05046098938492207	0.893001	1.0
5510	887	0.043354341101707966	0.275619933272774	0.5310010000000001	1.0
5511	977	0.0	-0.0	1.0	1.0
5512	2418	0.025062545445794674	0.14463679751954103	0.738001	1.0
5515	1604	0.05881249653061946	0.40426652445308814	0.37100099999999997	1.0
5516	0	0.022438290060499716	0.12765692221777172	0.751001	1.0
5517	0	0.06693223569908462	0.4787191831781298	0.43400099999999997	1.0
5519	3844	0.11963596610554689	1.084954018111029	0.080001	1.0
5521	2313	0.012408796431470536	0.06678816043277373	0.882001	1.0
5522	0	0.017436128627492626	0.09650954929910566	0.871001	1.0
5523	2584	0.04897326364138987	0.3204303204193206	0.49700099999999997	1.0
5525	1767	0.03642731916697263	0.2233745917436268	0.595001	1.0
5526	0	0.0957614960588884	0.7831645472341958	0.168001	1.0
5527	94	0.10213242921332825	0.8591825243420937	0.121001	1.0
5528	874	0.10025038035655665	0.836388454511531	0.149001	1.0
5530	0	0.03177357268025961	0.19009823782121915	0.6750010000000001	1.0
5532	3708	0.14319287851778123	1.4292221509843481	0.041001	1.0
5533	2917	0.012482493526393038	0.06721255626472383	0.859001	1.0
5537	1500	0.08263819449278695	0.6366662786643617	0.250001	1.0
5538	1110	0.0717298162485997	0.5249957181871039	0.333001	1.0
5539	1283	0.03448019627404523	0.20927531264326196	0.653001	1.0
5540	0	0.10312823148994439	0.8713580605220388	0.129001	1.0
5542	574	0.02360450208346484	0.13514797846901802	0.721001	1.0
5544	608	0.05838849216401473	0.40051070704415886	0.375001	1.0
5545	1657	0.08319208161993441	0.6425787449369353	0.209001	1.0
5548	0	0.05323731221477487	0.3559150210889182	0.437001	1.0
5550	1363	0.0022758415701939344	0.011565137303043227	0.970001	1.0
5554	916	0.06155855474619237	0.4289067097778627	0.389001	1.0
5562	0	0.047808739785060436	0.31096227729011283	0.603001	1.0
5563	1648	0.022955192053785482	0.130966417052745	0.764001	1.0
5564	0	0.03859106892767722	0.23934272868561632	0.613001	1.0
5565	297	0.007608419842318168	0.03985816462970453	0.904001	1.0
5567	3882	0.056333061290334746	0.38248767326575267	0.395001	1.0
5568	3572	0.0036936901342164066	0.018923411994961458	0.951001	1.0
5575	3883	0.022679069814323397	0.12919639611657383	0.753001	1.0
5576	0	0.02454394953898803	0.14124608915797945	0.714001	1.0
5577	56	0.051674324174591876	0.3427586373382292	0.47800099999999995	1.0
5578	1789	0.012214166200895146	0.0656689569272054	0.860001	1.0
5579	1729	0.07345665951300048	0.5420734462247856	0.272001	1.0
5580	0	0.0052657961289324234	0.027220939821679013	0.947001	1.0
5583	3433	0.0007884210420261916	0.0039723776319705835	0.996001	1.0
5584	277	0.04558604892482305	0.2931543362833168	0.5320010000000001	1.0
5585	0	0.05371681317088746	0.35998603577684185	0.42900099999999997	1.0
5586	0	0.0033599597289474398	0.01718079331322232	0.962001	1.0
5589	0	0.09256138600900048	0.7461975312592708	0.167001	1.0
5599	3195	0.07215462235331463	0.5291761087071347	0.28500099999999995	1.0
5602	0	0.07710213535165669	0.5788636289473186	0.257001	1.0
5603	1925	0.042468175738122144	0.2687529428481122	0.5520010000000001	1.0
5605	0	0.027277352920454093	0.1593141673646253	0.702001	1.0
5611	2892	0.07371053015667992	0.5446030115720402	0.30300099999999996	1.0
5613	0	0.045083577914496485	0.28917631361212603	0.5350010000000001	1.0
5614	0	0.0162299967571024	0.08923553352408235	0.825001	1.0
5616	0	0.08282879686703973	0.638698197490649	0.222001	1.0
5617	2831	0.0008869606288063187	0.004471397542694305	0.990001	1.0
5619	0	0.06404706013749904	0.4517107606879085	0.337001	1.0
5620	0	0.0825077173690973	0.6352769376368361	0.227001	1.0
5622	0	0.025092192364678495	0.14483116225518414	0.725001	1.0
5625	0	0.08557614332052796	0.6682976189861264	0.245001	1.0
5626	1727	0.06347545063431365	0.4464325570350518	0.35700099999999996	1.0
5627	3214	0.03945701132606201	0.24582231048597997	0.5520010000000001	1.0
5633	1223	0.0015241175963139758	0.007711709461483636	0.988001	1.0
5636	0	0.005834708619268908	0.030259790421512753	0.9370010000000001	1.0
5637	0	0.05926793843513122	0.40831530871501276	0.396001	1.0
5638	985	0.044678032020509205	0.2859784292331332	0.505001	1.0
5640	1442	0.06839993350064369	0.4926945123916149	0.328001	1.0
5641	1567	0.0	-0.0	1.0	1.0
5642	1185	0.012816250037793943	0.06913872395634335	0.838001	1.0
5646	0	0.055472851111894	0.375035145556166	0.41200099999999995	1.0
5647	1362	0.02936597227003007	0.17344869878997313	0.6850010000000001	1.0
5649	0	0.10180449295406986	0.8551903428651351	0.146001	1.0
5650	3894	0.057598504997368925	0.3935476753889597	0.441001	1.0
5651	0	0.02408474687322626	0.13825821596387608	0.718001	1.0
5655	0	0.031107366321095935	0.185452780722132	0.637001	1.0
5657	3432	0.010521516589596144	0.056033359177261995	0.868001	1.0
5658	0	0.08110017405066391	0.6203723731272568	0.240001	1.0
5661	0	0.07958382504631653	0.604485600152685	0.273001	1.0
5663	1015	0.0439299136515578	0.2801091539264561	0.5560010000000001	1.0
5664	0	0.008637355744949886	0.04551278628044086	0.891001	1.0
5665	1034	0.08909787504163283	0.7070959021018222	0.170001	1.0
5667	370	0.03919434956526602	0.2438514969254225	0.588001	1.0
5669	918	0.10631902075192508	0.9109100663554123	0.131001	1.0
5671	370	0.03884862388885568	0.24126459974968376	0.5520010000000001	1.0
5672	2710	0.07270469625957673	0.5346093339212024	0.29000099999999995	1.0
5673	0	0.08676787675449457	0.6813187750713853	0.193001	1.0
5674	3899	0.09209916472717355	0.7409248027074932	0.181001	1.0
5676	2039	0.032766992003535236	0.1970801029351842	0.647001	1.0
5680	0	0.03933666837956149	0.24491876506275878	0.5490010000000001	1.0
5683	917	0.014731017136638751	0.08032198718199805	0.833001	1.0
5684	3901	0.035572146822666253	0.2171508068527991	0.600001	1.0
5685	1397	0.0	-0.0	1.0	1.0
5689	3831	0.09663587693473319	0.793406179366694	0.158001	1.0
5690	0	0.01002105158582062	0.05321789914076183	0.886001	1.0
5695	0	0.047311559814242204	0.306948964309767	0.49700099999999997	1.0
5696	0	0.0014055557234844817	0.007106961536249159	0.985001	1.0
5699	949	0.06834703624223296	0.4921880521551622	0.333001	1.0
5700	3903	0.051685659301394134	0.3428534259230435	0.455001	1.0
5703	1853	0.053526987677500165	0.3583724374337846	0.441001	1.0
5704	1621	0.05247265558034945	0.34945687027881384	0.438001	1.0
5709	2397	0.018092121834995048	0.1005040720147267	0.8070010000000001	1.0
5711	0	0.07725974051365106	0.5804768725844549	0.261001	1.0
5712	0	0.06552333020992815	0.46545361827810544	0.35000099999999995	1.0
5717	3087	0.06437470402729568	0.4547470165951101	0.35200099999999995	1.0
5718	3141	0.01795739428949479	0.09968147071777686	0.8120010000000001	1.0
5723	0	0.024009058025792597	0.13776704106033058	0.702001	1.0
5728	0	0.04954332033576057	0.3250998474809301	0.462001	1.0
5729	0	0.05091546614417649	0.33643348128377687	0.47200099999999995	1.0
5731	1647	0.058849459440444035	0.4045945570841312	0.398001	1.0
5732	988	0.05705724994714802	0.3888029851891798	0.41100099999999995	1.0
5735	0	0.03621316560725348	0.22181139516693077	0.591001	1.0
5736	0	0.03115648520390587	0.1857942820694447	0.654001	1.0
5737	52	0.08148236915178371	0.6244044174795366	0.259001	1.0
5739	0	0.041376952119527084	0.26037122571042604	0.511001	1.0
5745	1630	0.02939210178702912	0.1736273413757261	0.6720010000000001	1.0
5747	0	0.007865171187735949	0.041263196948864524	0.9120010000000001	1.0
5749	1547	0.002959727553932357	0.015099577110269852	0.977001	1.0
5750	781	0.02102229182853289	0.1186785023627631	0.778001	1.0
5752	3257	0.13463863615764987	1.2987332348473406	0.048001	1.0
5754	0	0.003074309626386129	0.01569444356390956	0.968001	1.0
5758	1147	0.040720377984799806	0.255367459386129	0.572001	1.0
5759	0	0.03384416971458316	0.20472494451646747	0.626001	1.0
5761	349	0.05210104579860853	0.3463333288490873	0.457001	1.0
5762	1604	0.022684107648457744	0.12922864622944352	0.739001	1.0
5764	0	0.05229742268761558	0.3479827399028064	0.460001	1.0
5765	0	0.04240520951026169	0.2682670707327787	0.5490010000000001	1.0
5766	0	0.01452281635080599	0.07909499082401213	0.835001	1.0
5768	0	0.06808380940871303	0.48967089897510674	0.325001	1.0
5770	0	0.0	-0.0	1.0	1.0
5776	2733	0.11755325429503098	1.0567701692967648	0.023001	1.0
5778	3918	0.03449652578801071	0.20939249679485572	0.6710010000000001	1.0
5779	2344	0.044835464337207726	0.2872184876198102	0.5330010000000001	1.0
5780	3282	0.019161892455866445	0.10707634752428045	0.8040010000000001	1.0
5782	0	0.05103829761512982	0.3374545285667261	0.47100099999999995	1.0
5785	0	0.09816630869379028	0.8114783578037694	0.138001	1.0
5789	3919	0.15556579915175212	1.6292539774758528	0.013000999999999999	1.0
5791	3107	0.03246667022877	0.1949624831563831	0.624001	1.0
5792	3339	0.073678324214912	0.5442818430941834	0.29500099999999996	1.0
5793	3573	0.03486267731496086	0.2120247762468273	0.611001	1.0
5795	1647	0.0029194248808575487	0.014890524494679615	0.967001	1.0
5796	1380	0.03870993837679169	0.24022916994792423	0.582001	1.0
5797	2580	0.016087063849522593	0.08837955636734025	0.8090010000000001	1.0
5801	86	0.011044191881035278	0.058990057495905454	0.872001	1.0
5804	0	0.023506534070890903	0.13451532678913977	0.734001	1.0
5806	3135	0.23654394502734158	3.288774296539892	0.002001	0.9387985428571429
5809	3923	0.0603070383476702	0.41760899021447906	0.399001	1.0
5810	2882	0.033628802305339565	0.20319026202572546	0.642001	1.0
5812	1857	0.06723367489854097	0.48157644248931103	0.29600099999999996	1.0
5813	0	0.07444155608626649	0.5519140650876799	0.29600099999999996	1.0
5818	0	0.03588953037313046	0.2194549143769141	0.602001	1.0
5819	0	0.08086605406610006	0.6179080089491538	0.253001	1.0
5821	1928	0.05402825217386831	0.36263896867786377	0.444001	1.0
5822	3925	0.04993445041156789	0.32831696273577027	0.48100099999999996	1.0
5825	3926	0.07477153422206656	0.5552274052446061	0.28600099999999995	1.0
5826	1068	0.014451027214391465	0.07867253694066345	0.832001	1.0
5827	0	0.026266669362766816	0.15257686979923457	0.716001	1.0
5831	0	0.08549834255263765	0.6674513792514569	0.221001	1.0
5832	0	0.1085653255953062	0.9392492326672638	0.119001	1.0
5834	436	0.013047954215116744	0.07047996111892098	0.864001	1.0
5839	0	0.06220457862978642	0.43478318680392	0.375001	1.0
5842	0	0.021725425777638578	0.12312084905336564	0.759001	1.0
5843	0	0.09393011228358934	0.7619097918378899	0.206001	1.0
5844	0	0.03572486005282785	0.21825861162208485	0.630001	1.0
5845	0	0.039171629976586686	0.2436812473932656	0.578001	1.0
5847	0	0.01510752261488681	0.0825476924043009	0.818001	1.0
5849	2842	0.0467863656057359	0.30272829427508785	0.517001	1.0
5851	584	0.05319700954170004	0.3555735933516485	0.457001	1.0
5853	3037	0.05192621588130952	0.3448671985223914	0.47700099999999995	1.0
5854	0	0.0613634120091676	0.4271376057117623	0.36700099999999997	1.0
5855	2335	0.017538849204368205	0.09713325708053847	0.7990010000000001	1.0
5856	866	0.057606672371148006	0.3936194330562629	0.383001	1.0
5857	0	0.06366386774472214	0.44816973960665674	0.374001	1.0
5860	21	0.022079539744053148	0.12537007007149742	0.764001	1.0
5861	0	0.07301150680701524	0.5376496531206407	0.29700099999999996	1.0
5863	1366	0.01770395668052198	0.09813716000399757	0.8060010000000001	1.0
5864	3933	0.03860266918737876	0.23942919261313914	0.591001	1.0
5866	742	0.02037794134713282	0.11463520939014778	0.818001	1.0
5868	0	0.017436128627492626	0.09650954929910566	0.871001	1.0
5870	0	0.08938125321169017	0.7102598342156666	0.208001	1.0
5871	1604	0.024801252445788697	0.14292622496033655	0.732001	1.0
5872	0	0.01748345323328786	0.09679681666325854	0.7900010000000001	1.0
5875	742	0.09349590424092294	0.756909314029913	0.184001	1.0
5878	1984	0.06424489888449897	0.4535431770367555	0.331001	1.0
5879	0	0.04523849106795596	0.2904008774736606	0.49000099999999996	1.0
5881	0	0.15102396564204554	1.5542601497105935	0.026001	1.0
5882	2600	0.0	-0.0	1.0	1.0
5883	1543	0.028249654908384214	0.16585855516934314	0.697001	1.0
5887	0	0.0	-0.0	1.0	1.0
5888	0	0.03975354915417919	0.24805295842280373	0.580001	1.0
5891	0	0.13458070106510495	1.2978709579950187	0.048001	1.0
5893	1547	0.20431768332931532	2.5528906501617215	0.001001	0.9387985428571429
5895	3145	0.14742036362366198	1.496054222493025	0.029001000000000002	1.0
5897	503	0.013929611381485928	0.075613768556502	0.837001	1.0
5899	2136	0.0098730626215081	0.052388277462217664	0.891001	1.0
5901	3578	0.03899409565842547	0.24235210249918146	0.5430010000000001	1.0
5910	0	0.023694788941934428	0.13573157438406686	0.738001	1.0
5911	0	0.04834561297589091	0.3153154464635564	0.499001	1.0
5915	1453	0.05766682787740467	0.3941481010853842	0.41600099999999995	1.0
5916	1355	0.0	-0.0	1.0	1.0
5917	1185	0.04899680789655902	0.32062272676855236	0.47500099999999995	1.0
5921	0	0.04519692893634755	0.29007217177012323	0.505001	1.0
5923	1442	0.004207021128808844	0.021616670278280316	0.943001	1.0
5924	1185	0.012558923001967558	0.06765303951603069	0.851001	1.0
5927	3739	0.05872404940264623	0.4034819891210092	0.40800099999999995	1.0
5931	2932	0.10747684390159457	0.925465853698948	0.127001	1.0
5933	616	0.016905690604325226	0.09329932624714536	0.778001	1.0
5937	106	0.05869580549934629	0.403231581964956	0.404001	1.0
5942	1928	0.06205704804275828	0.4334385084445259	0.377001	1.0
5944	655	0.015199174297500825	0.0830908228091737	0.820001	1.0
5945	3197	0.02738180045276386	0.16001422127052517	0.701001	1.0
5947	0	0.02089565021354093	0.11788174081696771	0.779001	1.0
5950	1034	0.04351519145944103	0.27687219181929484	0.510001	1.0
5952	3175	0.032150197986906985	0.19273747957857676	0.642001	1.0
5953	735	0.0	-0.0	1.0	1.0
5954	1173	0.008906890749536028	0.04700460028017406	0.894001	1.0
5955	349	0.026288677971587317	0.15272287233770349	0.697001	1.0
5956	1147	0.0994419958430125	0.8266849650214408	0.145001	1.0
5957	0	0.02445990136066388	0.14069819870844355	0.736001	1.0
5962	0	0.05620837489550953	0.38140414653912696	0.42400099999999996	1.0
5963	1546	0.06958256506368306	0.5040718360230705	0.320001	1.0
5967	0	0.009716187695748967	0.05151029385905552	0.881001	1.0
5969	2823	0.059057855028604084	0.4064458442683339	0.49600099999999997	1.0
5970	3556	0.03722954736376771	0.22925792606256198	0.586001	1.0
5974	0	0.04503547407842892	0.2887963996280227	0.47800099999999995	1.0
5979	1324	0.0057204606595577835	0.0296479874907334	0.941001	1.0
5982	2319	0.034667855595549885	0.21062307476120773	0.609001	1.0
5985	1025	0.06914301403546075	0.49983105281299833	0.315001	1.0
5986	1192	0.013584519743282751	0.07359861609016133	0.849001	1.0
5987	1034	0.03469556368328885	0.21082227330633746	0.631001	1.0
5989	949	0.03942090188220578	0.2455510939165265	0.613001	1.0
5990	0	0.009822007031909295	0.052102370053841995	0.883001	1.0
5991	3727	0.046798960191071784	0.302829283840827	0.49700099999999997	1.0
5996	3015	0.007169767950395187	0.037466875112360555	0.9170010000000001	1.0
5999	0	0.0630749428206326	0.4427485684850183	0.34800099999999995	1.0
6003	425	0.08384098673227341	0.6495355502668081	0.237001	1.0
6004	0	0.02523410093936092	0.14576230097137788	0.715001	1.0
6006	3950	0.06844779292492004	0.49315291740882755	0.325001	1.0
6010	1408	0.03385424538285186	0.20479681847468917	0.607001	1.0
6011	2170	0.007807383449713462	0.0409466166084311	0.9100010000000001	1.0
6013	0	0.03568880033303372	0.21799688740591788	0.640001	1.0
6015	918	0.0931028301482541	0.7523953727259791	0.17100100000000001	1.0
6017	0	0.0836504047111642	0.6474889837728708	0.268001	1.0
6018	38	0.03226732763053071	0.19356019982112882	0.621001	1.0
6019	0	0.03519336435500711	0.21440983378509426	0.613001	1.0
6021	526	0.07880809882221687	0.5964262753690015	0.265001	1.0
6022	108	0.05469450573813648	0.36833757769913456	0.446001	1.0
6023	0	0.03944591974924777	0.24573899264120683	0.585001	1.0
6024	3952	0.07368170484521075	0.5443155522075349	0.394001	1.0
6027	1604	0.03090884436866001	0.18407417524514458	0.6750010000000001	1.0
6028	0	0.03346125217728621	0.20199846389554532	0.635001	1.0
6029	0	0.0	-0.0	1.0	1.0
6031	0	0.03321444044778904	0.20024628656426102	0.6740010000000001	1.0
6033	573	0.012857528235671373	0.06937742392794084	0.858001	1.0
6036	0	0.12716500921933732	1.1898621448094087	0.050001000000000004	1.0
6037	918	0.023762588889175366	0.13617016459563028	0.759001	1.0
6038	1607	0.1248362703907327	1.1569057331413548	0.069001	1.0
6040	0	0.023505393029076064	0.13450796188019848	0.746001	1.0
6041	946	0.07117354594112828	0.519542068352383	0.29900099999999996	1.0
6042	0	0.014953209026116847	0.08163440550298401	0.850001	1.0
6044	929	0.03491214658063735	0.21238110279666578	0.638001	1.0
6047	532	0.014830086679257087	0.08090678142282942	0.854001	1.0
6048	0	0.012019952702976316	0.06455446769126001	0.854001	1.0
6049	742	0.07420099950635106	0.5495037915819806	0.30900099999999997	1.0
6050	0	0.07722773559691173	0.5801491181775609	0.263001	1.0
6051	1554	0.06300441314275163	0.44210103259265526	0.37000099999999997	1.0
6052	0	0.019603323581884623	0.10980941157137057	0.780001	1.0
6053	3133	0.01237164559385283	0.06657434824541633	0.868001	1.0
6054	0	0.07934326876937203	0.6019814533114396	0.255001	1.0
6055	0	0.004008186306714748	0.020571610192644006	0.947001	1.0
6056	1465	0.03391847776806488	0.20525517459704606	0.618001	1.0
6058	1470	0.08265700410086255	0.636866674367956	0.237001	1.0
6062	1952	0.023870517587097875	0.13686895408330088	0.750001	1.0
6063	0	0.08098391435263194	0.6191480898802361	0.243001	1.0
6064	2329	0.05515014543136911	0.3722530377033645	0.458001	1.0
6065	3960	0.01594829652797071	0.08754974569525308	0.824001	1.0
6066	1357	0.008530355622672238	0.04492178234729388	0.9190010000000001	1.0
6067	1647	0.0	-0.0	1.0	1.0
6070	0	0.0776242078006439	0.5842147811798402	0.255001	1.0
6073	0	0.03196505758246952	0.19143891091275392	0.647001	1.0
6079	1442	0.03717795645299123	0.22887826244996787	0.591001	1.0
6081	0	0.032393313643199584	0.19444614591319762	0.647001	1.0
6082	2362	0.09378306078658102	0.7602146338554026	0.183001	1.0
6083	1299	0.06236946145908274	0.43628790512173254	0.374001	1.0
6085	2452	0.014491329887466271	0.07890966469377644	0.820001	1.0
6089	3107	0.08447282832695738	0.656340641963499	0.183001	1.0
6090	3145	0.040016775987699135	0.250038059637114	0.567001	1.0
6091	0	0.00885273403259175	0.04670450284150893	0.875001	1.0
6093	0	0.042834184727336036	0.27158262056426635	0.520001	1.0
6094	1930	0.05211261574428057	0.34643043137519386	0.453001	1.0
6095	1927	0.039536872491319194	0.24642246026215991	0.586001	1.0
6098	427	0.006181416226145778	0.032121190308934004	0.9370010000000001	1.0
6099	0	0.1485029854790555	1.513420898763629	0.023001	1.0
6102	56	0.08618902638097967	0.6749803592853854	0.242001	1.0
6103	2831	0.04411560323990451	0.28156234267903196	0.5420010000000001	1.0
6108	918	0.10199850880117717	0.8575511804198606	0.145001	1.0
6111	0	0.11681881982422282	1.0469174427498373	0.087001	1.0
6112	1202	0.05794780274549502	0.3966208662213579	0.404001	1.0
6114	0	0.04572212314485381	0.29423464617889955	0.508001	1.0
6116	1442	0.10875550383387803	0.9416673437445908	0.130001	1.0
6117	2879	0.04278754913713931	0.27122155958865146	0.5340010000000001	1.0
6122	580	0.07305327423795897	0.5380640917932639	0.29300099999999996	1.0
6124	1034	0.02032816198109483	0.11432394322009044	0.755001	1.0
6125	0	0.04835691039712042	0.31540726735645824	0.467001	1.0
6128	2089	0.001099507299822538	0.005549691117499517	0.992001	1.0
6131	373	0.000288416004191697	0.001448969993266116	0.997001	1.0
6134	1344	0.032007879172611546	0.19173905762530383	0.632001	1.0
6135	3082	0.01513059814989974	0.08268438946714676	0.846001	1.0
6139	1927	0.01803794239999596	0.10017313318049385	0.7850010000000001	1.0
6140	3323	0.06658874826352373	0.47547155542158415	0.34800099999999995	1.0
6141	930	0.018368338126487093	0.10219413007609006	0.8050010000000001	1.0
6146	1186	0.059566124649882764	0.4109742633773874	0.392001	1.0
6147	0	0.12831489486050338	1.2063041821204155	0.066001	1.0
6148	3208	0.004107094278031274	0.021091170514663457	0.949001	1.0
6149	0	0.014668767013364555	0.07995484469779299	0.819001	1.0
6150	0	0.02749146087116408	0.16074998112639788	0.707001	1.0
6151	0	0.04771164505554254	0.31017715389859407	0.513001	1.0
6152	3966	0.039819040997925784	0.2485464170540961	0.583001	1.0
6155	1147	0.0342257856502604	0.20745191461190488	0.622001	1.0
6157	1661	0.13367515037945493	1.284430540524269	0.057001	1.0
6158	3480	0.07388991324855483	0.5463933091585212	0.281001	1.0
6159	0	0.08116706465562765	0.6210772402882929	0.237001	1.0
6162	3131	0.08530690485553225	0.6653711056340643	0.210001	1.0
6164	0	0.03789076226112825	0.23413984507736674	0.621001	1.0
6165	3145	0.1598328446635491	1.7013824892613256	0.027001	1.0
6166	610	0.008227106850236386	0.04325057369617347	0.9100010000000001	1.0
6168	3969	0.08485853761757481	0.6605099895241144	0.239001	1.0
6171	2091	0.08237619254000661	0.6338777658545593	0.236001	1.0
6173	0	0.0921608781953194	0.7416278188509866	0.175001	1.0
6174	0	0.05544442475108693	0.37478977669668195	0.40900099999999995	1.0
6175	3970	0.00027456196032224836	0.0013792585462403606	0.996001	1.0
6176	0	0.056694655380241044	0.38563625098738813	0.42500099999999996	1.0
6177	1442	0.03838063765600937	0.2377758420202498	0.598001	1.0
6178	1567	0.050680611391590726	0.3344842009511581	0.453001	1.0
6179	0	0.016865702643290723	0.09305803315776609	0.820001	1.0
6181	3160	0.12770382229033334	1.1975526295349899	0.064001	1.0
6182	611	0.028565752017258493	0.16799948147574859	0.726001	1.0
6185	1202	0.016730193145190662	0.09224109409424738	0.8100010000000001	1.0
6186	2448	0.035126192482366855	0.21392476676313923	0.630001	1.0
6188	2716	0.018514040443747107	0.10308756185242776	0.7860010000000001	1.0
6189	0	0.06136711704908696	0.4271711686107649	0.386001	1.0
6191	0	0.038764142232073376	0.24063370162771613	0.596001	1.0
6193	2842	0.08756916075068505	0.6901358058992765	0.218001	1.0
6194	1185	0.0919302692442088	0.7390023413729374	0.174001	1.0
6198	1343	0.06045269305041186	0.41891798731662677	0.378001	1.0
6200	592	0.003429505586960792	0.01754339500423539	0.961001	1.0
6201	444	0.02211987022541024	0.12562674542851698	0.751001	1.0
6202	2038	0.06471349837283091	0.4578948995740939	0.34700099999999995	1.0
6203	1644	0.03896260919508576	0.24211659710903047	0.600001	1.0
6204	1293	0.014261981529077775	0.07756159752130336	0.843001	1.0
6208	1546	0.08388245725404397	0.649981253030588	0.223001	1.0
6211	2584	0.030072053531958073	0.178291855249842	0.6730010000000001	1.0
6212	3171	0.0632763964154616	0.4446001287531701	0.36500099999999996	1.0
6214	1927	0.022539269917095133	0.1283021047635695	0.771001	1.0
6216	917	0.009957135872916582	0.052859426317179936	0.882001	1.0
6220	19	0.11042599701192571	0.9630343546335456	0.115001	1.0
6222	0	0.06548050861978615	0.46505272519749047	0.30400099999999997	1.0
6223	0	0.003342542326805708	0.01709002619903243	0.969001	1.0
6224	0	0.09690248301045874	0.7965410131069371	0.184001	1.0
6226	2180	0.004466660631603881	0.022984835617273505	0.9340010000000001	1.0
6229	1363	0.05065290330385182	0.33425448262138147	0.47200099999999995	1.0
6233	851	0.06843519833958417	0.49303226801325684	0.312001	1.0
6236	1644	0.052356950699796706	0.3484832691261514	0.42700099999999996	1.0
6237	3972	0.05066543407813418	0.3343583642880741	0.46900099999999995	1.0
6238	0	0.12849109768320308	1.2088335627142646	0.059001	1.0
6239	0	0.003709693559886873	0.019007141078160948	0.953001	1.0
6241	0	0.002802292590203259	0.014283493460024397	0.962001	1.0
6243	1034	0.036870648570795694	0.22662047793217302	0.608001	1.0
6245	1500	0.005962276698006752	0.03094384264069545	0.9280010000000001	1.0
6246	0	0.0464001511638269	0.2996368132095979	0.525001	1.0
6249	1034	0.07478664772446961	0.5553793581026004	0.30800099999999997	1.0
6250	292	0.08815549849980926	0.696619306041218	0.211001	1.0
6254	0	0.0075853513458174135	0.03973211990562513	0.9260010000000001	1.0
6256	1357	0.0025579570600748405	0.013019832760646222	0.966001	1.0
6258	887	0.12120893436249874	1.106479152513899	0.081001	1.0
6259	3170	0.008147414058120406	0.04281230568860595	0.882001	1.0
6260	3240	0.03676107567837352	0.2258169924160095	0.581001	1.0
6265	0	0.10458547823925882	0.8893195863214082	0.135001	1.0
6269	2448	0.09761955967671601	0.8050006497058539	0.170001	1.0
6271	8	0.0	-0.0	1.0	1.0
6273	1757	0.012019903491452235	0.06455418558543011	0.868001	1.0
6274	0	0.06405054051585363	0.4517429717100607	0.34500099999999995	1.0
6276	1035	0.011945964191084513	0.0641304951388442	0.848001	1.0
6277	0	0.006833822003249796	0.035643288483750445	0.9330010000000001	1.0
6280	0	0.01883455685929171	0.10505764917972948	0.7840010000000001	1.0
6281	917	0.017992715255499135	0.09989701822320989	0.8080010000000001	1.0
6282	916	0.030262269645058223	0.17960220767194734	0.6650010000000001	1.0
6284	0	0.029783675402294686	0.1763098413210721	0.6600010000000001	1.0
6285	0	0.010037611011566475	0.053310813579017215	0.882001	1.0
6287	2568	0.13059045961630045	1.2391722823195215	0.053001	1.0
6288	0	0.001687367286531544	0.008545739072279549	0.994001	1.0
6289	0	0.10222521133722301	0.8603135896171904	0.150001	1.0
6292	1068	0.040117532670386175	0.2507991595505323	0.567001	1.0
6294	349	0.0033866797314334	0.017320073699045625	0.966001	1.0
6296	0	0.027594736470918323	0.16144362098187356	0.717001	1.0
6298	592	0.013551773821409454	0.07340777946889064	0.844001	1.0
6299	0	0.04050477790886832	0.25373080803313725	0.5590010000000001	1.0
6300	0	0.012047521640226766	0.06471253040478955	0.853001	1.0
6302	2634	0.006334551996125171	0.0329456283855865	0.9280010000000001	1.0
6306	0	0.061815083214399685	0.43123654317564347	0.381001	1.0
6308	917	0.07104353696264538	0.5182708046654837	0.29800099999999996	1.0
6311	3135	0.05886701771929976	0.4047504151851595	0.380001	1.0
6314	1783	0.07908266078253912	0.5992735573485035	0.247001	1.0
6320	0	0.10517922752713298	0.8966870877876956	0.11700100000000001	1.0
6325	0	0.07884336366115735	0.596791659519347	0.262001	1.0
6326	3883	0.038316506967355	0.23729891850137144	0.564001	1.0
6329	0	0.07740506201579957	0.5819660528119869	0.247001	1.0
6330	1185	0.10090301569859216	0.8442605540398336	0.141001	1.0
6331	0	0.03454813052884633	0.2097629411807925	0.623001	1.0
6332	1397	0.016907053132290017	0.09330754970086595	0.8090010000000001	1.0
6336	0	0.007973631976147116	0.041857923659256384	0.9140010000000001	1.0
6340	3986	0.028366784552007925	0.16665111038923558	0.689001	1.0
6341	2250	0.00026574549956535215	0.0013349012499598834	0.996001	1.0
6343	0	0.010206121847495184	0.05425727089617816	0.884001	1.0
6345	0	0.017163990196339733	0.09486035708210587	0.7970010000000001	1.0
6346	0	0.016411983480962684	0.0903272378097203	0.8110010000000001	1.0
6351	0	0.005439601406567598	0.02814727844786499	0.9280010000000001	1.0
6353	1537	0.0168925434541257	0.09321998340583725	0.814001	1.0
6354	985	0.01772058156758651	0.09823833923095172	0.7950010000000001	1.0
6355	0	0.029412135134886143	0.17376433603429206	0.6700010000000001	1.0
6356	1448	0.04289446332634368	0.27204953032870766	0.5360010000000001	1.0
6357	0	0.020968073322785594	0.11833726334986085	0.768001	1.0
6359	0	0.01659336618002506	0.09141737879036836	0.774001	1.0
6360	3844	0.043271216838491125	0.27497349145240096	0.5340010000000001	1.0
6363	2924	0.10664339187305055	0.914976989325163	0.118001	1.0
6368	0	0.01849262964867609	0.1029561891383294	0.777001	1.0
6369	0	0.0	-0.0	1.0	1.0
6371	0	0.1210531872646183	1.104338640348107	0.061001	1.0
6372	1689	0.06895945426524595	0.4980643273318063	0.30100099999999996	1.0
6374	2453	0.03314391076990807	0.19974632599184636	0.620001	1.0
6377	2912	0.08553277883462544	0.6678258851937016	0.223001	1.0
6378	3654	0.08155608551569136	0.6251833923106482	0.29600099999999996	1.0
6380	2079	0.006997551612616277	0.036531202838533956	0.9160010000000001	1.0
6384	3033	0.049265992513594335	0.3228253052087455	0.49600099999999997	1.0
6385	3518	0.03607593023610152	0.22081128298110433	0.608001	1.0
6387	2419	0.0	-0.0	1.0	1.0
6388	932	0.008436836432657722	0.04440580497691337	0.9300010000000001	1.0
6389	2170	0.048689192592072765	0.31811193033201146	0.48700099999999996	1.0
6391	0	0.0749403016655674	0.5569251911583923	0.29400099999999996	1.0
6393	0	0.07447473831638766	0.552246879293104	0.274001	1.0
6395	0	0.03656208123006658	0.22435986315332976	0.598001	1.0
6404	8	0.04397525415876696	0.2804637641119567	0.49800099999999997	1.0
6406	0	0.02944735319547192	0.17400523282051206	0.6670010000000001	1.0
6411	0	0.0	-0.0	1.0	1.0
6413	887	0.0	-0.0	1.0	1.0
6414	0	0.06137101387335647	0.4272064699090493	0.388001	1.0
6415	0	0.05117305967822376	0.3385759779520337	0.443001	1.0
6416	0	0.042905243579045585	0.2721330591037443	0.5440010000000001	1.0
6418	0	0.08847211325604329	0.7001314501241299	0.215001	1.0
6421	1847	0.02053043355602189	0.11558971056317775	0.772001	1.0
6424	2043	0.012171402483535342	0.06542335970459352	0.866001	1.0
6426	3249	0.07191075283908764	0.5267746076247932	0.29700099999999996	1.0
6427	0	0.05719961607566968	0.39004893337233193	0.41000099999999995	1.0
6428	0	0.01726591703696117	0.0954775019210402	0.7950010000000001	1.0
6429	917	0.08520472213835525	0.6642618902840661	0.209001	1.0
6430	349	0.10180449295406986	0.8551903428651351	0.146001	1.0
6431	0	0.01601749124227834	0.08796337093395264	0.8050010000000001	1.0
6432	0	0.14655689226099544	1.4822766910806	0.045001	1.0
6433	899	0.0778636520214114	0.5866759728094743	0.280001	1.0
6434	742	0.015514820261922302	0.08496534852781884	0.819001	1.0
6435	3340	0.0	-0.0	1.0	1.0
6436	0	0.04664242179220162	0.30157486878444506	0.523001	1.0
6439	760	0.007671853602245279	0.04020492738842522	0.903001	1.0
6441	2209	0.03714974132446902	0.22867070016991148	0.594001	1.0
6443	0	0.05041359578313857	0.33227272268731045	0.507001	1.0
6444	2912	0.016525355419211338	0.0910083814000229	0.816001	1.0
6446	1034	0.058375829509831945	0.40039874157166666	0.397001	1.0
6447	0	0.009441290648229277	0.049975376206607525	0.876001	1.0
6448	0	0.0672172172802531	0.4814202716439052	0.36000099999999996	1.0
6451	0	0.0188947025696171	0.10542806369227493	0.779001	1.0
6452	0	0.059535864341249634	0.4107041354369027	0.41400099999999995	1.0
6454	2455	0.0	-0.0	1.0	1.0
6457	0	0.08582720703015267	0.671031640386236	0.228001	1.0
6458	0	0.028526735785773624	0.16773486996003092	0.698001	1.0
6459	0	0.002093220082823647	0.010625957651807844	0.981001	1.0
6460	1604	0.0829367019768177	0.6398497608936438	0.225001	1.0
6461	1109	0.02288436155529833	0.13051190706066151	0.734001	1.0
6467	0	0.023073280335336545	0.13172489033877752	0.734001	1.0
6470	112	0.08896685665211829	0.7056351954360541	0.207001	1.0
6471	2716	0.08642743668169829	0.6775878031901553	0.204001	1.0
6472	1607	0.040736016230519284	0.2554862953616998	0.571001	1.0
6477	297	0.017644991832421693	0.09777843942560772	0.7980010000000001	1.0
6479	0	0.04226490947015414	0.26718544239890096	0.5330010000000001	1.0
6480	3792	0.0055630213364601475	0.028806166999464942	0.9330010000000001	1.0
6481	0	0.011981229030024918	0.06433252955549414	0.860001	1.0
6482	1241	0.006187013383948999	0.03215129910513605	0.9250010000000001	1.0
6486	2262	0.02881963082117637	0.16972375003749726	0.689001	1.0
6487	0	0.10626467536516004	0.9102295252860001	0.125001	1.0
6489	1035	0.022338428482567382	0.12701952722488494	0.739001	1.0
6490	2934	0.08492137286235195	0.6611903005789511	0.218001	1.0
6493	1644	0.05357949900443595	0.35881854926516066	0.42600099999999996	1.0
6494	0	0.07250066200227004	0.5325913840624947	0.28600099999999995	1.0
6500	1185	0.005589476972064605	0.028947520831445604	0.943001	1.0
6501	3145	0.033824823961525634	0.20458696219895797	0.630001	1.0
6502	357	0.05259677915338137	0.3505023682959202	0.43600099999999997	1.0
6504	1757	0.058320336905133274	0.3999082026348648	0.41500099999999995	1.0
6505	0	0.00011984135970582316	0.0006014842003349239	1.0	1.0
6507	1089	0.03452525470949048	0.20959870518924936	0.622001	1.0
6514	0	0.008799175775391771	0.04640789603131787	0.885001	1.0
6515	0	0.16112630857754418	1.7235685488811148	0.023001	1.0
6518	3995	0.13990947012071672	1.3783885219983607	0.040001	1.0
6519	2207	0.054230425422359806	0.36436484810314423	0.439001	1.0
6520	1608	0.17777724600724293	2.022719144745998	0.010001	1.0
6522	0	0.07263297363203378	0.5338996229133824	0.28600099999999995	1.0
6524	612	0.057699639530056246	0.3944365716039583	0.392001	1.0
6525	1185	0.15322950357194598	1.5904492418553324	0.018001	1.0
6526	0	0.022221998624842816	0.12627718700285198	0.749001	1.0
6529	0	0.0557150227242196	0.37712785637211554	0.42300099999999996	1.0
6530	114	0.03240456779845667	0.19452533762482027	0.654001	1.0
6534	1797	0.10881343892642313	0.9424045723209422	0.104001	1.0
6539	2406	0.00960744918434444	0.05090259248582971	0.888001	1.0
6540	0	0.10165835440935275	0.8534140852740564	0.154001	1.0
6541	0	0.05185072652716048	0.34423481224423724	0.447001	1.0
6546	1547	0.09667016672443594	0.7938090525424562	0.172001	1.0
6551	0	0.03195221118887494	0.19134889124075194	0.651001	1.0
6553	3573	0.0410507114306118	0.25788124401481366	0.5580010000000001	1.0
6554	0	0.04887328839589162	0.31961374533813747	0.464001	1.0
6558	0	0.010066303582311384	0.05347184619217729	0.882001	1.0
6559	3787	0.04348814827118882	0.2766615291106158	0.5600010000000001	1.0
6563	3280	0.023041793871996827	0.13152256727848702	0.740001	1.0
6564	777	0.01765638253866951	0.0978477192896972	0.8000010000000001	1.0
6565	0	0.03202803050914891	0.19188034529699383	0.6670010000000001	1.0
6566	0	0.0012411039274653458	0.006269500535441067	0.985001	1.0
6567	0	0.0	-0.0	1.0	1.0
6570	2263	0.06693223569908462	0.4787191831781298	0.43400099999999997	1.0
6572	0	0.004319977791900079	0.02221140294474803	0.963001	1.0
6576	20	0.005983803537184723	0.031059370686444654	0.945001	1.0
6577	1214	0.10083980695027595	0.8434966366698908	0.163001	1.0
6584	0	0.032108634746295175	0.19244575807144487	0.6610010000000001	1.0
6585	2001	0.06256671384794932	0.438090638135838	0.396001	1.0
6588	2928	0.055218538213297794	0.3728420419995241	0.455001	1.0
6589	0	0.1123655589817158	0.9881292138598273	0.112001	1.0
6595	0	0.020164043084489908	0.11329883672966422	0.780001	1.0
6602	3164	0.0754549496693537	0.5621157913925761	0.28700099999999995	1.0
6605	1306	0.10649467391634224	0.9131113237801525	0.129001	1.0
6606	1343	0.0352232768088623	0.21462593762140345	0.581001	1.0
6608	0	0.07091500520628531	0.5170152282804003	0.29700099999999996	1.0
6609	0	0.022420880814937805	0.1275457567589814	0.771001	1.0
6611	1928	0.05336325806813368	0.35698272840236284	0.438001	1.0
6612	0	0.0613478813069446	0.426996928401021	0.393001	1.0
6614	376	0.0959016008329984	0.7848015155106491	0.168001	1.0
6615	0	0.0387144958639689	0.24026317547739212	0.576001	1.0
6616	0	0.04097396447322618	0.257296545144818	0.568001	1.0
6618	1446	0.0016234420497952678	0.0082189647647498	0.982001	1.0
6623	0	0.12293658992160823	1.130359205748598	0.079001	1.0
6624	20	0.09508660036884492	0.7753009344461735	0.185001	1.0
6625	0	0.04972839810930324	0.3266208017384422	0.49100099999999997	1.0
6626	0	0.028375710718360293	0.16671154598404983	0.6840010000000001	1.0
6630	0	0.009743171215838627	0.05166120641622983	0.879001	1.0
6631	1254	0.004130011274608488	0.021211635258074624	0.962001	1.0
6633	1254	0.0	-0.0	1.0	1.0
6634	2044	0.008724099988964534	0.04599241652578402	0.9060010000000001	1.0
6635	0	0.039043862093342194	0.24272447198558975	0.568001	1.0
6636	0	0.0035428523929052283	0.01813497906360975	0.959001	1.0
6638	0	0.01684839219151178	0.0929536104735764	0.837001	1.0
6639	2685	0.06427115819934359	0.45378661142752563	0.35100099999999995	1.0
6641	0	0.061018247035283024	0.4240152418791196	0.377001	1.0
6643	1179	0.02299652786410656	0.13123181236691742	0.732001	1.0
6645	370	0.03193848917858903	0.19125274789247187	0.649001	1.0
6646	0	0.085280693552407	0.6650864992222985	0.210001	1.0
6653	0	0.033127537808971465	0.19963031118531085	0.635001	1.0
6654	118	0.13347993430674876	1.28154228421796	0.054001	1.0
6656	1766	0.053163114968742084	0.35528654195354364	0.462001	1.0
6657	0	0.025043972887853722	0.14451506511278175	0.709001	1.0
6658	2990	0.032637608439405615	0.1961670610422144	0.6590010000000001	1.0
6660	1111	0.0026324014992554334	0.013404475191048341	0.969001	1.0
6661	917	0.08526030488978942	0.664865152728882	0.216001	1.0
6662	0	0.1292977603905576	1.2204467374391696	0.062001	1.0
6667	1397	0.01240078041310395	0.06674201910604817	0.857001	1.0
6669	1185	0.042129594838244425	0.2661435320351223	0.5600010000000001	1.0
6671	994	0.0958392855791247	0.7840732390029381	0.136001	1.0
6672	918	0.08009919592720124	0.6098653999449618	0.245001	1.0
6673	0	0.02751719544156898	0.16092275948702403	0.700001	1.0
6676	2892	0.06406169736782738	0.4518462347566831	0.34900099999999995	1.0
6677	4006	0.03381772108537781	0.2045363076820176	0.619001	1.0
6678	0	0.03429333811742145	0.20793565012080228	0.652001	1.0
6682	0	0.014827202122981505	0.08088974566091335	0.835001	1.0
6684	0	0.023938094738308466	0.13730686770954484	0.712001	1.0
6687	277	0.09534310807628461	0.7782854088180025	0.183001	1.0
6688	1361	0.005452195991903496	0.028214474257388423	0.9340010000000001	1.0
6689	2584	0.013214238934407825	0.07144455133954475	0.861001	1.0
6691	1621	0.05083048695708773	0.33572770890249376	0.459001	1.0
6694	2253	0.09271185202605287	0.7479175799456856	0.170001	1.0
6696	2260	0.019571088571782837	0.10960941510151061	0.776001	1.0
6698	2534	0.02621433690221451	0.1522298288972169	0.692001	1.0
6700	0	0.02434053724658549	0.13992087605918851	0.715001	1.0
6701	613	0.0	-0.0	1.0	1.0
6702	4008	0.07593889207435472	0.5670149754913103	0.275001	1.0
6704	0	0.018379278380653195	0.10226116812725633	0.7850010000000001	1.0
6708	2882	0.05705638795533505	0.38879544572600055	0.443001	1.0
6709	1543	0.01792451355652754	0.09948088537746194	0.8090010000000001	1.0
6716	4009	0.003166695475532763	0.016174638009836647	0.963001	1.0
6717	4010	0.0038035719571140603	0.019498612288556386	0.960001	1.0
6718	0	0.005179230936851943	0.02676023906844219	0.943001	1.0
6720	2584	0.031408337353100085	0.18754780726045206	0.654001	1.0
6724	0	0.010655005774610104	0.056786904062146856	0.888001	1.0
6725	0	0.1287531864301921	1.212600694246329	0.058001000000000004	1.0
6726	3339	0.047900986407961504	0.31170880991090133	0.49100099999999997	1.0
6727	1110	0.04274192271236279	0.27086845686858596	0.566001	1.0
6728	0	0.04592107421636003	0.29581646274398704	0.48700099999999996	1.0
6732	0	0.04376278768245226	0.2788032825308268	0.521001	1.0
6734	0	0.09142449866070862	0.7332587894711105	0.214001	1.0
6737	1984	0.039831243309780176	0.24863838966054794	0.573001	1.0
6738	0	0.008567378020503188	0.04512619345336623	0.888001	1.0
6741	0	0.0	-0.0	1.0	1.0
6743	4012	0.005155327298699212	0.026633102150869614	0.938001	1.0
6745	0	0.04031395742783625	0.2522849157898308	0.569001	1.0
6747	655	0.014251186825721737	0.07749822856259099	0.8120010000000001	1.0
6749	0	0.0	-0.0	1.0	1.0
6750	2329	0.10647588388808332	0.9128757306558452	0.11700100000000001	1.0
6752	0	0.11011515269833483	0.9590411438813545	0.108001	1.0
6754	0	0.07353096756648217	0.5428133490168907	0.30600099999999997	1.0
6760	0	0.04293187387024022	0.27233943330023525	0.570001	1.0
6761	1604	0.06577636352283202	0.467825260261927	0.34500099999999995	1.0
6763	1147	0.08325398744578336	0.6432410264682844	0.23400100000000001	1.0
6764	0	0.07503492641721968	0.5578780491168361	0.29500099999999996	1.0
6766	778	0.06162480129498612	0.42950791196085447	0.384001	1.0
6767	370	0.0026158953742627788	0.013319162640492746	0.968001	1.0
6768	0	0.15352169795173842	1.5952759463907091	0.027001	1.0
6769	0	0.0013414466021436089	0.006780302084798928	0.982001	1.0
6771	0	0.011257438569022721	0.060201152461571275	0.864001	1.0
6773	954	0.0007355230888443452	0.003704727055023213	0.994001	1.0
6774	1445	0.14165597699287022	1.4053114443898378	0.042001000000000004	1.0
6775	0	0.0	-0.0	1.0	1.0
6776	0	0.05665993436672034	0.38533350996904175	0.42000099999999996	1.0
6778	0	0.05622852623204691	0.38157918629687226	0.439001	1.0
6779	0	0.05126050164777282	0.339304331323096	0.463001	1.0
6782	0	0.01148536916924238	0.06149871530271339	0.872001	1.0
6784	4014	0.04404830275371505	0.28103537980827015	0.508001	1.0
6785	1283	0.0455130530282782	0.29257534380821115	0.502001	1.0
6786	1455	0.08885731846171742	0.7044149974012291	0.190001	1.0
6787	1547	0.0035340373070158783	0.018088943867500054	0.958001	1.0
6788	2456	0.026643886695499924	0.15508364550416867	0.690001	1.0
6790	0	0.017436128627492626	0.09650954929910566	0.871001	1.0
6796	1874	0.0	-0.0	1.0	1.0
6797	1689	0.020345293151584412	0.11443104521116022	0.772001	1.0
6798	1854	0.062369646041823185	0.43628959073446333	0.35800099999999996	1.0
6799	1066	0.021131195276543488	0.11936448204575743	0.774001	1.0
6802	4021	0.10300859454511489	0.8698910591235471	0.144001	1.0
6804	1060	0.041242307055515535	0.2593426832649751	0.528001	1.0
6808	0	0.09966851051403888	0.8293986774207782	0.11700100000000001	1.0
6813	4022	0.019624882870371944	0.10994320913406251	0.775001	1.0
6814	0	0.05406099809574155	0.36291831063085006	0.460001	1.0
6815	0	0.043558318524218737	0.27720825028146223	0.511001	1.0
6816	0	0.1613316003185191	1.7271036177146746	0.024001	1.0
6817	2813	0.04911258551727339	0.32156944187548264	0.48000099999999996	1.0
6818	20	0.03248266435682349	0.19507510907023948	0.632001	1.0
6820	1985	0.0	-0.0	1.0	1.0
6822	2584	0.0015126096988394792	0.007652975241987421	0.983001	1.0
6823	735	0.07143188179650208	0.5220719007807569	0.399001	1.0
6825	3572	0.04986824035332507	0.32777161496291046	0.47400099999999995	1.0
6827	526	0.09587772145935919	0.7845224015994263	0.162001	1.0
6829	986	0.10018492254274383	0.8356007830051556	0.151001	1.0
6830	1855	0.01935723613849711	0.10828427152630633	0.7890010000000001	1.0
6840	0	0.03594494654860836	0.21985791453129724	0.601001	1.0
6841	2093	0.04676085067138021	0.30252373696099566	0.47000099999999995	1.0
6844	20	0.1297456397546596	1.2269184838579987	0.066001	1.0
6847	0	0.1089645739504537	0.9443290646191693	0.103001	1.0
6848	529	0.08582076393723621	0.6709614156261303	0.212001	1.0
6851	1757	0.013484768207623243	0.07301749063138384	0.851001	1.0
6852	3351	0.14161493716586485	1.4046757698462344	0.045001	1.0
6862	0	0.0012403104354401888	0.006265463546815834	0.987001	1.0
6864	425	0.05397223332900579	0.36216127248794133	0.42600099999999996	1.0
6865	874	0.10239646736399582	0.8624031123012252	0.152001	1.0
6870	3540	0.0008943688378169473	0.004508936704259116	0.993001	1.0
6872	108	0.006875384134858182	0.03586853002267383	0.9290010000000001	1.0
6873	2543	0.031182228378007104	0.18597332653053567	0.654001	1.0
6874	0	0.04073203322454595	0.25545602666869704	0.5480010000000001	1.0
6875	0	0.03414266138704357	0.20685709067599603	0.610001	1.0
6879	887	0.0005624557621771824	0.002830185728706414	0.990001	1.0
6885	3193	0.010071889893105136	0.05350320431783896	0.889001	1.0
6886	1757	0.0	-0.0	1.0	1.0
6887	0	0.08803187766721607	0.695250125970139	0.247001	1.0
6889	1254	0.029041854326011193	0.17123649947967115	0.651001	1.0
6893	1681	0.10179892367270557	0.855122618971009	0.143001	1.0
6895	1038	0.006923234839601871	0.036127979965565875	0.9330010000000001	1.0
6896	0	0.052577355943174635	0.3503386935232796	0.42900099999999997	1.0
6902	0	0.0018246370162131077	0.009248244013282223	0.982001	1.0
6904	655	0.09798713337169859	0.8093529231401559	0.14000100000000001	1.0
6908	0	0.08041428050606991	0.6131644768704878	0.252001	1.0
6910	1441	0.03403717278937836	0.20610289722273686	0.646001	1.0
6911	3736	0.0636857802094229	0.4483719388342843	0.339001	1.0
6913	2461	0.044039605034781534	0.28096729954246286	0.528001	1.0
6915	1791	0.0832829549920559	0.6435510287854685	0.237001	1.0
6917	3915	0.005412533273409816	0.028002893950318977	0.9290010000000001	1.0
6918	0	0.037578464266672294	0.2318303773216563	0.5410010000000001	1.0
6919	917	0.05490483531324572	0.3701431618060739	0.43100099999999997	1.0
6921	1458	0.057713470273475176	0.3945581907518547	0.42100099999999996	1.0
6923	4025	0.10098123861578082	0.8452063704103665	0.154001	1.0
6925	3342	0.033660288768679256	0.2034144372754107	0.617001	1.0
6926	0	0.0008665216587680109	0.004367844965481192	0.992001	1.0
6929	0	0.041151529876776845	0.2586499458555613	0.584001	1.0
6931	921	0.03907053048059033	0.2429240833832157	0.568001	1.0
6933	1984	0.07262163850523146	0.5337874947163004	0.325001	1.0
6942	0	0.02087499323409165	0.1177518750163061	0.774001	1.0
6945	2717	0.006431830316828133	0.03347007405272528	0.9230010000000001	1.0
6946	1151	0.01222556398554106	0.06573443473520325	0.863001	1.0
6947	1455	0.03836683698722783	0.23767318638342047	0.572001	1.0
6950	1647	0.021572450904628684	0.12215167963661662	0.735001	1.0
6952	94	0.06759195320585817	0.48498121595916877	0.318001	1.0
6953	3214	0.006107114429369403	0.031721675800370545	0.9350010000000001	1.0
6954	2710	0.05792380506782903	0.39640944820407037	0.41200099999999995	1.0
6963	0	0.0003814220043631168	0.00191725037372472	0.999001	1.0
6964	0	0.021958659533110984	0.12460137534913779	0.749001	1.0
6965	0	0.07949620789090447	0.603573009916852	0.237001	1.0
6966	2345	0.061766590978347406	0.4307957607687395	0.403001	1.0
6967	0	0.05527889449772138	0.37336211362692057	0.41800099999999996	1.0
6968	0	0.08434940979968654	0.6550089704671945	0.23400100000000001	1.0
6969	5	0.018561040151847005	0.10337604484082136	0.845001	1.0
6971	3381	0.048641025792453524	0.3177193886558864	0.515001	1.0
6972	1768	0.05801202911146709	0.39718690097580345	0.385001	1.0
6974	0	0.049903462624985365	0.3280616893156517	0.464001	1.0
6976	0	0.0015466150792462913	0.007826554857911103	0.970001	1.0
6977	0	0.03204187921729088	0.19197745880556014	0.6640010000000001	1.0
6979	735	0.043200687160610214	0.2744253695470283	0.5450010000000001	1.0
6981	0	0.0945641037271506	0.7692377766242999	0.170001	1.0
6982	0	0.023100959328356832	0.13190280028097584	0.712001	1.0
6983	20	0.04154198027187449	0.2616335591098965	0.563001	1.0
6984	742	0.036855239482299136	0.22650743581129687	0.644001	1.0
6986	4032	0.11174926486512679	0.980121939252954	0.095001	1.0
6987	1561	0.05579905087209338	0.3778549633105348	0.41900099999999996	1.0
6988	0	0.0331451284835005	0.1997549551278337	0.642001	1.0
6993	0	0.05997155811286736	0.4145998975392761	0.390001	1.0
6994	1604	0.011570645548075138	0.061984993440175586	0.866001	1.0
6996	0	0.029607396769832837	0.17510098348897488	0.6610010000000001	1.0
6997	4022	0.030048161694348208	0.1781274390019409	0.646001	1.0
6999	2776	0.012121014794842334	0.06513412112226594	0.858001	1.0
7000	0	0.008157502648008247	0.042867766410469965	0.894001	1.0
7001	0	0.11755325429503102	1.0567701692967655	0.008001	1.0
7002	1101	0.0778537539458712	0.5865741463838254	0.28200099999999995	1.0
7003	3135	0.040459229508792195	0.2533854506114007	0.5510010000000001	1.0
7004	0	0.017370452095249	0.09611111599883998	0.8100010000000001	1.0
7005	0	0.019555720123197055	0.10951408742751302	0.7960010000000001	1.0
7007	0	0.10223402754695818	0.8604211000705595	0.137001	1.0
7008	1283	0.05370960916487044	0.3599247517236916	0.42500099999999996	1.0
7009	0	0.03729252021113537	0.22972159482966537	0.608001	1.0
7011	297	0.03275561146979736	0.1969997473524233	0.615001	1.0
7014	4038	0.018617339557792274	0.1037217925632916	0.778001	1.0
7015	297	0.07554728931719211	0.5630492225897906	0.272001	1.0
7016	0	0.009859919496831451	0.052314661834055205	0.878001	1.0
7020	1357	0.02657149777052917	0.1546018708565851	0.700001	1.0
7021	917	0.08286132352686984	0.6390452276434493	0.230001	1.0
7023	2806	0.08188362761464571	0.6286496365474283	0.222001	1.0
7025	3351	0.029224623042741305	0.17248309959142952	0.6740010000000001	1.0
7026	1631	0.02418283284613341	0.13889528439236892	0.737001	1.0
7027	0	0.02811423194762871	0.16494333930309515	0.691001	1.0
7028	1604	0.06200944090121697	0.4330049289020518	0.36200099999999996	1.0
7029	19	0.014082149136605267	0.07650685508982717	0.836001	1.0
7030	874	0.026757541177239934	0.1558407461702924	0.712001	1.0
7032	0	0.004311308869526936	0.022165733107886925	0.9330010000000001	1.0
7036	0	0.034967606726543865	0.21278077694099434	0.648001	1.0
7037	2543	0.09628917632406932	0.7893380132694447	0.170001	1.0
7038	0	0.036234902042316254	0.22196991743790204	0.619001	1.0
7041	754	0.024382347488983328	0.1401930479048614	0.713001	1.0
7044	2455	0.04947782388529631	0.3245621809267701	0.49200099999999997	1.0
7048	0	0.013933389757086665	0.07563587301402032	0.835001	1.0
7054	0	0.090519098133901	0.7230271657443684	0.204001	1.0
7057	182	0.04555891673635172	0.2929390845638988	0.647001	1.0
7058	3896	0.02912872027839036	0.1718287072218746	0.694001	1.0
7059	0	0.08325055683421068	0.6432043173361058	0.228001	1.0
7061	3883	0.06369711533622519	0.4484765485524344	0.36700099999999997	1.0
7062	963	0.08471090720684595	0.6589128110612592	0.238001	1.0
7063	0	0.08229643624965488	0.6330299599215807	0.242001	1.0
7064	0	0.06539090032166431	0.464214255166581	0.34700099999999995	1.0
7068	4041	0.08274138782261296	0.6377660252443451	0.226001	1.0
7069	918	0.08947802751123121	0.7113417617427626	0.197001	1.0
7073	499	0.05941525564735913	0.40962814460535124	0.36000099999999996	1.0
7074	2409	0.018503403375152667	0.10302229113556591	0.7810010000000001	1.0
7075	0	0.0459941661881089	0.29639829336120516	0.518001	1.0
7076	3135	0.006491412797684011	0.03379157371894839	0.9250010000000001	1.0
7080	0	0.0750673226443983	0.5582044299974748	0.314001	1.0
7085	0	0.03225473304519478	0.19347169150272817	0.6750010000000001	1.0
7087	0	0.010160567075880676	0.0540012378200073	0.887001	1.0
7088	0	0.043361730655542406	0.27567742354663094	0.5600010000000001	1.0
7090	2781	0.019778652186144583	0.11089836013908085	0.7850010000000001	1.0
7091	1185	0.043606232808425585	0.27758176288642616	0.530001	1.0
7092	444	0.026457420423550516	0.15384333717042772	0.707001	1.0
7094	1455	0.035507968644523095	0.21668571708215792	0.615001	1.0
7095	3192	0.06150809893789998	0.428449026794316	0.377001	1.0
7096	985	0.2108673376559741	2.6941096388391625	0.001001	0.9387985428571429
7098	0	0.011996342532427979	0.06441913907850842	0.874001	1.0
7099	66	0.03349021968707532	0.20220437812295425	0.634001	1.0
7100	2857	0.01713115497386724	0.09466168572050318	0.7910010000000001	1.0
7103	1604	0.0037252934075547375	0.01908877320689415	0.957001	1.0
7104	38	0.007893681825928433	0.04141946168906892	0.905001	1.0
7108	3577	0.0019030418442518085	0.009649990405711377	0.976001	1.0
7118	3654	0.007060524539295683	0.0368731361454357	0.9160010000000001	1.0
7119	3135	0.0	-0.0	1.0	1.0
7121	0	0.04692364658589704	0.3038296782936233	0.509001	1.0
7122	0	0.01615129623473558	0.08876406470240979	0.814001	1.0
7125	2313	0.10251596701581209	0.8638625437497185	0.121001	1.0
7129	916	0.10011435883492913	0.8347520549522244	0.153001	1.0
7131	1035	0.07868178766357958	0.5951183249834593	0.263001	1.0
7134	94	0.0	-0.0	1.0	1.0
7135	3568	0.005356549455437662	0.027704408201330254	0.939001	1.0
7136	3282	0.0067770666515974964	0.03533587600974154	0.9250010000000001	1.0
7138	614	0.004195256375382428	0.02155477060234258	0.972001	1.0
7142	1110	0.02455314411230273	0.1413060541299925	0.715001	1.0
7146	1456	0.07204796344985939	0.5281252382528763	0.323001	1.0
7147	3416	0.02074009350711336	0.11690445871991557	0.772001	1.0
7148	532	0.008687744964691671	0.04579134532651708	0.902001	1.0
7149	3335	0.01911385565910331	0.10677967770829706	0.7900010000000001	1.0
7152	2457	0.08154883465270801	0.6251067525701008	0.225001	1.0
7155	0	0.06740748017617618	0.4832269529048986	0.322001	1.0
7158	0	0.0446137996352962	0.28547297929181625	0.530001	1.0
7163	1040	0.0	-0.0	1.0	1.0
7167	2319	0.017956077698418	0.09967343768953739	0.8040010000000001	1.0
7170	2792	0.03358734015078675	0.20289516357964218	0.600001	1.0
7171	2806	0.09626417149609215	0.7890449768632881	0.167001	1.0
7172	1343	0.04528579011900768	0.29077510124338457	0.511001	1.0
7173	1185	0.02030182265518267	0.1141593093386537	0.766001	1.0
7174	3196	0.024909482345481543	0.14363422342814483	0.725001	1.0
7175	754	0.08239744791513337	0.6341037921263881	0.240001	1.0
7177	0	0.04188161617046689	0.2642373880566885	0.579001	1.0
7178	0	0.010466349425366367	0.0557222582454257	0.874001	1.0
7179	1756	0.08050584892549381	0.6141246641259646	0.254001	1.0
7183	0	0.005632298562206607	0.02917640712498365	0.938001	1.0
7187	0	0.04725236526316354	0.3064722891597254	0.512001	1.0
7192	0	0.1227593073110615	1.1278972643135257	0.068001	1.0
7194	1506	0.06769581092024739	0.485969970050522	0.327001	1.0
7198	1944	0.09058529556980052	0.7237730624726657	0.166001	1.0
7199	2448	0.02534786244699691	0.14650969375996634	0.746001	1.0
7200	3863	0.07110816251923252	0.518902573170277	0.28900099999999995	1.0
7201	821	0.012926477080079518	0.06977636924805987	0.857001	1.0
7205	3509	0.08616911872518015	0.6747628329202737	0.208001	1.0
7206	0	0.02740959606648087	0.16020063990407435	0.6820010000000001	1.0
7207	2044	0.075116778965072	0.5587028383901509	0.264001	1.0
7208	0	0.022856653467559364	0.13033419554807452	0.768001	1.0
7209	3261	0.006211522399074472	0.03228316250320048	0.9240010000000001	1.0
7210	0	0.05516104385680672	0.3723468734057551	0.442001	1.0
7211	0	0.008079836096662279	0.04244096269206542	0.882001	1.0
7213	0	0.018559357576200274	0.10336571483041106	0.7820010000000001	1.0
7216	1241	0.055497178938094666	0.37524518294345616	0.43000099999999997	1.0
7220	614	0.008837565287997756	0.046620480397670146	0.900001	1.0
7228	0	0.06115423574579536	0.425244360191303	0.398001	1.0
7229	1089	0.07183060807840877	0.525986356718629	0.316001	1.0
7230	0	0.017632419470235333	0.09770198203127181	0.8120010000000001	1.0
7234	0	0.045436889004067324	0.29197161729830196	0.513001	1.0
7237	2195	0.06291751050393406	0.44130367671137216	0.343001	1.0
7239	0	0.06456287606196576	0.4564943614048288	0.36000099999999996	1.0
7240	1756	0.03062065287837982	0.18207751450068127	0.6680010000000001	1.0
7242	349	0.02469656429749695	0.14224211613076837	0.728001	1.0
7247	1554	0.06412554843041952	0.45243738870514105	0.35700099999999996	1.0
7255	1975	0.005137331358506435	0.026537409065182555	0.951001	1.0
7258	1856	0.0	-0.0	1.0	1.0
7260	742	0.04502060474164521	0.2886789972473072	0.505001	1.0
7264	0	0.08993564116016509	0.7164677576423165	0.205001	1.0
7266	0	0.07995924392191656	0.608402475355584	0.231001	1.0
7268	3933	0.03387194179292234	0.20492307081013222	0.582001	1.0
7269	0	0.04038957571364123	0.25285759558957577	0.5460010000000001	1.0
7272	1147	0.03330386200367379	0.20088064242642711	0.651001	1.0
7273	0	0.02082008279669969	0.11740679751591414	0.754001	1.0
7274	1065	0.03973001598943275	0.2478757155870335	0.5600010000000001	1.0
7275	2253	0.029363016252076185	0.1734284918811859	0.642001	1.0
7276	2249	0.07166458540786326	0.5243549986521001	0.29500099999999996	1.0
7281	2544	0.00843710474686369	0.04440728460317251	0.9070010000000001	1.0
7282	3831	0.006387967648319535	0.03323353216705173	0.9300010000000001	1.0
7290	0	0.05224874726383191	0.34757364949048547	0.462001	1.0
7292	2861	0.0020126122018707913	0.010212031268034799	0.983001	1.0
7294	3135	0.030759184146562278	0.18303660710624015	0.6740010000000001	1.0
7301	0	0.0246110792048478	0.14168401964198354	0.696001	1.0
7303	0	0.004334718310861543	0.02228906953123709	0.946001	1.0
7304	1604	0.08438120283334485	0.6553519010479325	0.242001	1.0
7308	0	0.04584334099782182	0.2951980948708494	0.517001	1.0
7311	1149	0.07459912933504065	0.5534952472334227	0.277001	1.0
7312	2831	0.031786382425230186	0.1901878486880488	0.653001	1.0
7313	1202	0.08457861017284653	0.6574829525344663	0.222001	1.0
7314	3241	0.009171377331513297	0.04847274315740368	0.901001	1.0
7315	1729	0.010806154218187055	0.05764144658668315	0.875001	1.0
7316	821	0.08290590378641344	0.6395209911658736	0.243001	1.0
7318	1299	0.14239974037604433	1.416857088381731	0.049001	1.0
7324	1756	0.004734304627758201	0.02439935926091993	0.940001	1.0
7325	1727	0.04863646424983343	0.3176822222105951	0.505001	1.0
7326	0	0.08225145845304713	0.6325520635581159	0.256001	1.0
7327	0	0.003138784144328121	0.016029510188310152	0.960001	1.0
7328	918	0.06957374885394793	0.5039866359214191	0.327001	1.0
7330	1446	0.04729580884016717	0.30682210272714494	0.47300099999999995	1.0
7331	0	0.07932069844538729	0.6017467271068905	0.245001	1.0
7333	20	0.023318874749386265	0.13330519669195356	0.726001	1.0
7334	1397	0.062099490076659866	0.4338251865904701	0.383001	1.0
7343	0	0.0014571935233615857	0.0073702493660249314	0.985001	1.0
7344	0	0.0	-0.0	1.0	1.0
7345	1900	0.000934518231922473	0.004712438811028145	0.991001	1.0
7347	1364	0.06999446148128845	0.5080588725812949	0.30000099999999996	1.0
7348	0	0.0	-0.0	1.0	1.0
7349	2819	0.0005624557621771813	0.002830185728706414	0.998001	1.0
7352	4010	0.04865414261104721	0.31782626975010825	0.459001	1.0
7353	4057	0.0023665225846123406	0.012032214478665761	0.964001	1.0
7354	2170	0.03778618721615471	0.23336576815075957	0.583001	1.0
7359	3131	0.07611701940230625	0.5688227083795787	0.29600099999999996	1.0
7362	0	0.018257278113567522	0.10151402010876451	0.7900010000000001	1.0
7364	0	0.05381288476462468	0.3608036649715449	0.42200099999999996	1.0
7365	0	0.030406775847123292	0.1805992724279265	0.643001	1.0
7367	1898	0.030436074922693408	0.18080159854680627	0.644001	1.0
7368	754	0.026586288298242357	0.154700279460661	0.702001	1.0
7369	0	0.11867816581938535	1.0719480314071068	0.003001	0.9387985428571429
7370	1604	0.06472987133376754	0.45804724155587145	0.35000099999999995	1.0
7371	0	0.11386638656317909	1.007759347660381	0.099001	1.0
7372	1561	0.012953885680398167	0.06993503962529571	0.834001	1.0
7375	2814	0.08403279320807203	0.6515980953869868	0.237001	1.0
7377	0	0.01471677296497858	0.0802379558398766	0.836001	1.0
7378	3209	0.16191189884701476	1.7371166971057619	0.014001	1.0
7379	2709	0.014150016624863874	0.07690467227764672	0.846001	1.0
7380	297	0.10160671674601007	0.8527868593581993	0.142001	1.0
7383	0	0.10961299065022354	0.9526068747506855	0.099001	1.0
7384	0	0.006871411427480212	0.03584699588623637	0.9190010000000001	1.0
7386	351	0.05112394079541382	0.3381670765273405	0.47100099999999995	1.0
7388	1120	0.022902037241113265	0.13062529945071474	0.746001	1.0
7391	0	0.06227666984588748	0.435440845791371	0.396001	1.0
7392	1147	0.030502826224973564	0.1812627645578117	0.628001	1.0
7394	1093	0.00999632238108987	0.0530791753498813	0.876001	1.0
7395	0	0.002413122550355069	0.012272427724163216	0.975001	1.0
7397	2554	0.04440724843578775	0.2838495500560759	0.530001	1.0
7400	1254	0.01240818547291133	0.0667846435305837	0.860001	1.0
7402	4061	0.08087327801724326	0.6179839859814398	0.244001	1.0
7404	742	0.04901780525378189	0.32079435245595384	0.516001	1.0
7408	0	0.017436128627492626	0.09650954929910566	0.871001	1.0
7414	429	0.01312756494940841	0.07094155720844483	0.849001	1.0
7417	604	0.01922270273879609	0.1074521142321274	0.7860010000000001	1.0
7418	1040	0.09871761932117976	0.8180342289653517	0.152001	1.0
7419	3951	0.022448588902676772	0.12772269386116625	0.744001	1.0
7422	0	0.015903842678297267	0.08728417153071175	0.820001	1.0
7424	1045	0.010388860803022537	0.055285594261602615	0.897001	1.0
7426	1323	0.031480166047038044	0.18804868645938924	0.6620010000000001	1.0
7427	0	0.0	-0.0	1.0	1.0
7428	1362	0.052505628049291264	0.3497344919625962	0.454001	1.0
7431	754	0.09234378519978995	0.7437131847483517	0.165001	1.0
7432	917	0.06510698248039429	0.46156152625132785	0.34600099999999995	1.0
7433	0	0.006718683061960383	0.03501984552215253	0.9360010000000001	1.0
7434	4058	0.05177487440067226	0.34359979404691393	0.461001	1.0
7436	0	0.058290259851530885	0.3996424229877117	0.404001	1.0
7437	0	0.053228496005039774	0.3558403238873976	0.42300099999999996	1.0
7438	1689	0.002769444819874494	0.014113406585371226	0.959001	1.0
7440	2335	0.017301181875901652	0.09569117460243054	0.8110010000000001	1.0
7444	10	0.05446528428502341	0.3663734183715298	0.41900099999999996	1.0
7447	0	0.001894225634516692	0.00960479820457387	0.981001	1.0
7453	2744	0.10504891736952782	0.8950677015517985	0.115001	1.0
7457	4062	0.045848668393935664	0.29524046088557104	0.500001	1.0
7459	529	0.07282944916327347	0.5358447115236097	0.271001	1.0
7460	0	0.04908613688806804	0.3213530880131275	0.468001	1.0
7461	0	0.010456091445690778	0.05566443146585378	0.881001	1.0
7462	913	0.09236411633608332	0.7439451473528844	0.20200100000000001	1.0
7464	2722	0.021738226911320387	0.12320201818247431	0.780001	1.0
7465	0	0.0055630283428592595	0.028806204429502134	0.942001	1.0
7466	0	0.038650581151121306	0.23978640712866978	0.590001	1.0
7467	0	0.02639447248840871	0.15342514062066723	0.705001	1.0
7468	1919	0.10539327972453674	0.8993501311178307	0.135001	1.0
7469	0	0.0705586454272139	0.5135405472473474	0.30000099999999996	1.0
7471	0	0.10824794204484198	0.9352202682285279	0.132001	1.0
7473	2709	0.037135190027106524	0.22856367579701656	0.587001	1.0
7475	0	0.09721762144401336	0.8002537891662527	0.175001	1.0
7477	0	0.062160497636629036	0.43438124081087615	0.381001	1.0
7479	0	0.05741945275192331	0.3919757502836303	0.375001	1.0
7481	0	0.04379197986465912	0.2790312420691745	0.505001	1.0
7482	1241	0.036092777273884324	0.2209339885518771	0.609001	1.0
7486	0	0.03317164276582324	0.1999428689524442	0.641001	1.0
7489	2829	0.0	-0.0	1.0	1.0
7494	2094	0.015754498036825233	0.08639286615559101	0.831001	1.0
7497	2783	0.169204238100639	1.8655395545181936	0.007001	1.0
7498	0	0.03549728009395291	0.21660828565630388	0.623001	1.0
7499	1034	0.14043540537078789	1.3864681687777725	0.038001	1.0
7500	1343	0.06886150753461874	0.49712263554484926	0.314001	1.0
7501	0	0.0066823272926047825	0.0348231547637947	0.9310010000000001	1.0
7504	3883	0.06515685348712917	0.4620270560531555	0.385001	1.0
7507	1604	0.02595402320370379	0.15050621330154476	0.700001	1.0
7512	0	0.09473321050766992	0.7711977627104533	0.143001	1.0
7513	616	0.0034282461284271797	0.017536825842523727	0.958001	1.0
7514	0	0.029257221735254788	0.17270567447545518	0.6570010000000001	1.0
7519	0	0.06693223569908462	0.4787191831781298	0.43400099999999997	1.0
7521	503	0.07125090212773828	0.5202990785050967	0.321001	1.0
7522	0	0.14817774444571113	1.50819279364153	0.029001000000000002	1.0
7524	0	0.036138903162780955	0.22127004484496787	0.595001	1.0
7526	0	0.0779776474535685	0.5878492377475657	0.280001	1.0
7528	0	0.0486818506987862	0.3180520860790505	0.466001	1.0
7529	0	0.006274079154248871	0.03261989298166429	0.940001	1.0
7532	2448	0.07641190721982898	0.5718206734461795	0.257001	1.0
7534	20	0.14982459596637798	1.5347608677887505	0.039001	1.0
7544	0	0.05313025823941986	0.355008358079377	0.446001	1.0
7546	3281	0.06693223569908462	0.4787191831781298	0.43400099999999997	1.0
7549	0	0.001971052605065582	0.009998768753633175	0.975001	1.0
7550	4065	0.0035951725283047504	0.0184083058276641	0.965001	1.0
7551	0	0.0	-0.0	1.0	1.0
7554	0	0.0987949440061504	0.8189556682206968	0.145001	1.0
7555	1096	0.02915772451110134	0.17202655376043718	0.6700010000000001	1.0
7558	0	0.06485217272822362	0.4591858169839872	0.374001	1.0
7560	0	0.030980231032891617	0.18456960863441516	0.638001	1.0
7563	2079	0.11405026750908298	1.0101771638970152	0.109001	1.0
7565	0	0.041557523930217846	0.26175255201557185	0.5410010000000001	1.0
7566	0	0.08821669849089508	0.6972975759792199	0.213001	1.0
7567	4067	0.10695780207577105	0.9189271690564486	0.122001	1.0
7568	4027	0.025783250662751993	0.14937786842601916	0.699001	1.0
7570	2598	0.006539121060045117	0.03404915461382405	0.9110010000000001	1.0
7572	917	0.09754871894336598	0.8041630928739494	0.179001	1.0
7578	2345	0.04492236697602532	0.2879037366199358	0.514001	1.0
7581	0	0.0767583141265881	0.5753508252081491	0.278001	1.0
7583	0	0.035345444286620335	0.2155091663629154	0.643001	1.0
7586	2941	0.11270619631541667	0.9925683574617619	0.096001	1.0
7587	2599	0.03538700641822874	0.2158098750051049	0.617001	1.0
7590	444	0.05388467390103921	0.36141506512211985	0.457001	1.0
7592	1609	0.08285347963210231	0.6389615329013905	0.228001	1.0
7599	3124	0.03394618585580379	0.20545298206046764	0.633001	1.0
7601	1610	0.10669397177978823	0.9156119226494065	0.121001	1.0
7602	94	0.0589086539915227	0.40512009359057877	0.381001	1.0
7603	4069	0.05249297222142427	0.3496279232532496	0.457001	1.0
7605	1854	0.036752328900842846	0.22575288826361264	0.601001	1.0
7606	0	0.03071189634154921	0.18270907708948006	0.639001	1.0
7607	282	0.07930626246698261	0.6015966166264834	0.338001	1.0
7610	1445	0.05090406563104069	0.3363387676479234	0.462001	1.0
7612	0	0.04088328345880786	0.25660620954903185	0.5510010000000001	1.0
7613	0	0.11755325429503098	1.0567701692967648	0.023001	1.0
7614	0	0.05931538439255761	0.4087379576234449	0.378001	1.0
7618	529	0.05576000765755208	0.3775170540867769	0.42800099999999996	1.0
7620	0	0.03164980089670129	0.18923295055212783	0.627001	1.0
7623	4041	0.08829877051854527	0.6982076257244769	0.199001	1.0
7624	0	0.028705346036040538	0.1689470384715451	0.6860010000000001	1.0
7625	0	0.11867816581938533	1.0719480314071066	0.007001	1.0
7629	1343	0.04137437360037392	0.26035151693346786	0.5590010000000001	1.0
7631	3899	0.002866527622446838	0.01461628781509859	0.980001	1.0
7632	0	0.06353601738582143	0.44699069112664863	0.36900099999999997	1.0
7633	300	0.002602041330393306	0.013247569816932545	0.972001	1.0
7638	0	0.13237790808985908	1.2652986743673782	0.053001	1.0
7639	2314	0.0573255146148023	0.3911519783999027	0.43500099999999997	1.0
7642	1068	0.0399343591145799	0.24941601143435946	0.688001	1.0
7643	349	0.06252707835852175	0.43772817229187455	0.35100099999999995	1.0
7646	3257	0.034934860804670585	0.21254476812815884	0.600001	1.0
7647	918	0.07593014044204421	0.5669262210953298	0.28600099999999995	1.0
7652	2792	0.0692765166400211	0.5011175632654791	0.30200099999999996	1.0
7653	3915	0.032851716390115644	0.19767859550313388	0.649001	1.0
7658	0	0.07820355872609454	0.5901772858176475	0.256001	1.0
7663	3135	0.10818245020109543	0.9343899151273682	0.120001	1.0
7665	3540	0.07787232113176083	0.5867651623812655	0.254001	1.0
7666	4074	0.03698022146321789	0.22742477502410918	0.599001	1.0
7667	1835	0.016775790603916374	0.09251585676959038	0.814001	1.0
7668	1201	0.11735508670121857	1.0541072703557706	0.080001	1.0
7672	0	0.028729508609681313	0.1691111826333295	0.689001	1.0
7678	2921	0.1074079500991365	0.9245966972584562	0.106001	1.0
7680	735	0.029934643000844276	0.17734675291927463	0.6740010000000001	1.0
7682	1829	0.09805136575691156	0.8101145740401513	0.153001	1.0
7685	0	0.07028421624726823	0.5108711948699096	0.31000099999999997	1.0
7687	0	0.03848653386938941	0.23856397677420946	0.592001	1.0
7689	916	0.11437520781074874	1.0144565508607992	0.100001	1.0
7696	0	0.028245876532783418	0.16583300384371094	0.6580010000000001	1.0
7697	923	0.015383207697819111	0.0841829876859619	0.813001	1.0
7700	0	0.04754455964295604	0.3088276202900151	0.47500099999999995	1.0
7701	2584	0.03375974347380897	0.20412296360977517	0.606001	1.0
7702	1323	0.03357342000326185	0.20279611552240462	0.648001	1.0
7703	3736	0.03598902759728394	0.22017863059737716	0.620001	1.0
7704	19	0.019346542534448924	0.10821808426523935	0.7900010000000001	1.0
7705	1111	0.03984813026848188	0.24876568867246499	0.570001	1.0
7706	921	0.0412925554759299	0.25972638128297515	0.5600010000000001	1.0
7709	0	0.02389049604877108	0.1369983879155594	0.750001	1.0
7712	4078	0.02895621114572723	0.17065311353221674	0.6820010000000001	1.0
7713	1689	0.012925822930216085	0.06977258289224254	0.870001	1.0
7714	4079	0.026181286174699333	0.15201074590408778	0.706001	1.0
7717	0	0.08605573161310875	0.673524464338831	0.28200099999999995	1.0
7718	0	0.06075094183788442	0.42160315915567154	0.36800099999999997	1.0
7720	2344	0.005358996060417939	0.027717448730928625	0.947001	1.0
7722	1306	0.06938392236671212	0.502153551830827	0.317001	1.0
7727	1343	0.11788738678856332	1.0612674856739268	0.088001	1.0
7728	0	0.06196146746819085	0.4325681807847101	0.388001	1.0
7729	0	0.028069552338081078	0.16464164900804204	0.6830010000000001	1.0
7730	0	0.03778370842060319	0.23334742880915926	0.593001	1.0
7732	0	0.04443400521199736	0.2840596833794004	0.621001	1.0
7735	0	0.0031532197376272497	0.0161045638088846	0.962001	1.0
7737	2234	0.016246524953617614	0.08933459764261603	0.821001	1.0
7738	8	0.030823612300085214	0.1834830945565921	0.632001	1.0
7746	879	0.0	-0.0	1.0	1.0
7749	297	0.010093431586449621	0.05362414394915888	0.9060010000000001	1.0
7751	1857	0.21665835424051683	2.8224741960273017	0.001001	0.9387985428571429
7752	3107	0.09125099303199787	0.7312930801780412	0.189001	1.0
7753	0	0.10104614202943518	0.8459915090559347	0.135001	1.0
7755	38	0.04989432436166515	0.3279864223990866	0.49200099999999997	1.0
7758	0	0.07551088725734464	0.562681169110381	0.28800099999999995	1.0
7759	3282	0.056085230508374155	0.3803351160693763	0.42100099999999996	1.0
7760	0	0.09630358105576961	0.7895068476262901	0.161001	1.0
7761	1545	0.08393779414233102	0.6505761907192746	0.216001	1.0
7763	2823	0.006656250924949592	0.03468212599757862	0.9130010000000001	1.0
7765	0	0.14398119861988673	1.4415663416048385	0.041001	1.0
7766	1343	0.023693089169407905	0.1357205825516001	0.746001	1.0
7767	1283	0.06684975532223074	0.47793854609621267	0.323001	1.0
7769	3708	0.03149742535269022	0.18816909083913963	0.649001	1.0
7775	2144	0.001236862528243697	0.006247922319540306	0.989001	1.0
7779	0	0.07818135094262825	0.5899482592496255	0.36100099999999996	1.0
7782	1163	0.059137875444635765	0.4071575431577068	0.381001	1.0
7786	499	0.014859333669098366	0.08107953898780669	0.826001	1.0
7787	3147	0.04622800117157364	0.2982621792012423	0.48500099999999996	1.0
7789	2094	0.04599668510517608	0.2964183512123472	0.49700099999999997	1.0
7790	529	0.014226843595412736	0.0773553511566031	0.837001	1.0
7791	224	0.09170747312322765	0.736469782881239	0.192001	1.0
7792	0	0.02168571209399326	0.12286910008747406	0.754001	1.0
7793	1604	0.0	-0.0	1.0	1.0
7795	3249	0.15021378838319305	1.5410744377852899	0.032001	1.0
7798	2600	0.09897832723763253	0.8211428611423067	0.167001	1.0
7799	2758	0.036666581653297746	0.22512473001206418	0.582001	1.0
7801	4088	0.04167414553475991	0.26264586619916425	0.565001	1.0
7803	0	0.029979541007517943	0.1776554220309852	0.6710010000000001	1.0
7804	3617	0.15942167994341966	1.6943614461744279	0.005001	1.0
7805	1684	0.09852744108260797	0.8157699999186	0.173001	1.0
7810	1769	0.061389532982077916	0.4273742494885173	0.378001	1.0
7812	0	0.0844702332367626	0.6563126291292641	0.232001	1.0
7814	2634	0.03209777109386788	0.19236952786880004	0.633001	1.0
7815	0	0.04936590432175014	0.3236441217143219	0.502001	1.0
7817	1343	0.11498212200863228	1.0224727708907466	0.083001	1.0
7820	0	0.15420458332449605	1.606585924632756	0.020001	1.0
7823	3831	0.010211689790333447	0.05428857325779691	0.869001	1.0
7825	3107	0.10692551058457435	0.9185210963257829	0.119001	1.0
7827	1609	0.035429519734747256	0.21611758580805776	0.619001	1.0
7828	0	0.06725634515214556	0.48179159957527323	0.34700099999999995	1.0
7830	0	0.09399811080898904	0.7626942321628304	0.188001	1.0
7831	3634	0.013451924844931754	0.07282628851344645	0.855001	1.0
7833	1835	0.04582871129924211	0.2950817626393814	0.525001	1.0
7834	2745	0.009772138762111159	0.051823264366693565	0.900001	1.0
7835	1068	0.056164293846833926	0.3810213487664189	0.41400099999999995	1.0
7836	606	0.009681457747692822	0.05131612237833538	0.9080010000000001	1.0
7837	1647	0.034218293543984084	0.2073982833235535	0.636001	1.0
7838	1984	0.0072726554074643325	0.03802672404266281	0.9200010000000001	1.0
7841	3923	0.07537471992826134	0.561305298778126	0.254001	1.0
7845	0	0.08986533801696597	0.715679186415096	0.208001	1.0
7846	767	0.08232409895198131	0.6333239578542916	0.244001	1.0
7848	0	0.09563089332187483	0.781640000956767	0.185001	1.0
7851	0	0.08490639704185114	0.6610281311124631	0.215001	1.0
7853	0	0.125618394140091	1.1679234205288844	0.068001	1.0
7854	0	0.026769791131418023	0.15592239855486173	0.702001	1.0
7855	2733	0.07446170742280389	0.5521161709252502	0.29300099999999996	1.0
7865	3135	0.018956595325162008	0.10580947615301055	0.8030010000000001	1.0
7866	2419	0.02233610977338387	0.12700473499172846	0.767001	1.0
7870	3677	0.10220531064670385	0.8600709309402237	0.139001	1.0
7872	94	0.02021805795821669	0.11363603129419057	0.755001	1.0
7875	918	0.0015474075782307035	0.007830600954091315	0.988001	1.0
7876	0	0.023005553710016655	0.131289777132409	0.735001	1.0
7879	0	0.0	-0.0	1.0	1.0
7881	19	0.047277554433835314	0.30667509969504386	0.466001	1.0
7883	0	0.12329847152122142	1.1353928667415676	0.080001	1.0
7884	888	0.07427124248626195	0.5502071449845769	0.274001	1.0
7886	0	0.06130640735783563	0.4266213429648785	0.386001	1.0
7889	0	0.0820503987323778	0.6304176727513215	0.227001	1.0
7891	38	0.01334396316336739	0.07219824393249231	0.851001	1.0
7892	0	0.03758350210080666	0.23186758003061358	0.591001	1.0
7893	0	0.06098172273780894	0.42368535065245905	0.375001	1.0
7894	4096	0.012648742052826692	0.0681711494500026	0.861001	1.0
7895	0	0.0875147356649124	0.689535351676227	0.190001	1.0
7898	1987	0.003081922781871865	0.015733995520908123	0.973001	1.0
7901	3242	0.08471460686614335	0.6589528162102479	0.225001	1.0
7902	1259	0.004127655438246336	0.021199250212918706	0.960001	1.0
7906	0	0.025098489657346415	0.14487245453545766	0.6830010000000001	1.0
7907	0	0.07096293161649575	0.5174832581798469	0.327001	1.0
7908	1066	0.03528872420789603	0.21509897497292318	0.587001	1.0
7910	0	0.0	-0.0	1.0	1.0
7911	985	0.03847016090845275	0.2384420708674491	0.593001	1.0
7912	1457	0.010500930443628483	0.05591724725748785	0.871001	1.0
7913	0	0.14367438791502404	1.4367556045544336	0.031001	1.0
7915	2709	0.06918205874779335	0.5002071736123687	0.444001	1.0
7916	4101	0.03307411035534793	0.19925186167878486	0.614001	1.0
7917	0	0.06458186926817006	0.45667087485931634	0.327001	1.0
7919	529	0.010642600384700072	0.05671683000883543	0.883001	1.0
7921	0	0.01975889384743082	0.11077554564726562	0.772001	1.0
7922	4012	0.08870606713820582	0.7027316764335729	0.199001	1.0
7925	2572	0.056598173803686765	0.3847952187978193	0.386001	1.0
7932	0	0.014644983828564065	0.07981463829874312	0.815001	1.0
7937	752	0.13559494459127747	1.3130080146969467	0.047001	1.0
7941	2043	0.11946112705437933	1.082574181540333	0.08500100000000001	1.0
7942	0	0.0	-0.0	1.0	1.0
7943	370	0.03570056662968061	0.21808227846869646	0.598001	1.0
7944	182	0.14602288184275403	1.473788705908534	0.032001	1.0
7945	1408	0.006054859987194468	0.031440905431245135	0.940001	1.0
7946	0	0.04169685428488059	0.26281992246927827	0.563001	1.0
7949	742	0.024628711624318	0.1417990956807341	0.744001	1.0
7950	0	0.11340493435291095	1.001704052033141	0.104001	1.0
7952	2857	0.035947731205148194	0.21987817070322085	0.621001	1.0
7953	930	0.006962280205966901	0.03633978838157237	0.9080010000000001	1.0
7954	1185	0.04872258333974031	0.31838414827442824	0.47300099999999995	1.0
7959	2326	0.053184414956364175	0.3554669209043045	0.42800099999999996	1.0
7960	4025	0.03859909556575574	0.23940255522039874	0.591001	1.0
7961	2448	0.14401066200024898	1.4420287537628171	0.032001	1.0
7962	3342	0.03389454805592668	0.2050843822144404	0.609001	1.0
7968	0	0.0805429906860115	0.6145143159411781	0.255001	1.0
7969	0	0.014262449059789586	0.07756434226506091	0.836001	1.0
7970	0	0.03975968506505221	0.24809917798020792	0.570001	1.0
7971	1604	0.018859019210447702	0.10520827591377727	0.7910010000000001	1.0
7977	1007	0.03928057713352491	0.24449796437530277	0.601001	1.0
7978	1545	0.08866828800757688	0.7023114999143498	0.209001	1.0
7979	0	0.027699183108431072	0.16214583517742553	0.693001	1.0
7983	1066	0.022318576749585765	0.1268928940027115	0.769001	1.0
7985	1988	0.06753090711246779	0.48440041340130197	0.340001	1.0
7986	3708	0.0011464071596241493	0.005787978152623157	0.979001	1.0
7987	512	0.1162568388599296	1.0394084110825572	0.090001	1.0
7988	916	0.05531408967081575	0.3736655001235445	0.41200099999999995	1.0
7994	0	0.016561482690161628	0.09122560451535282	0.7960010000000001	1.0
7996	1185	0.05155719453096816	0.3417796885465782	0.443001	1.0
7997	0	0.09122613605687067	0.7310116598441581	0.192001	1.0
8003	0	0.037393495604279264	0.23046563650981122	0.621001	1.0
8005	2044	0.10378807918668995	0.8794699020882599	0.14000100000000001	1.0
8009	1730	0.06325252647386853	0.4443805848238642	0.35400099999999995	1.0
8012	1093	0.00609200092696632	0.03164045210412325	0.9260010000000001	1.0
8013	4025	0.0484252499907205	0.31596289503532715	0.47300099999999995	1.0
8014	3131	0.008798577315647442	0.0464045827276515	0.883001	1.0
8016	881	0.008897654687987618	0.0469534081490992	0.896001	1.0
8017	1202	0.08107036912092494	0.6200584108582583	0.247001	1.0
8018	0	0.04965703965794417	0.3260340978741547	0.454001	1.0
8021	1657	0.048225926709627304	0.3143432346356629	0.46900099999999995	1.0
8024	788	0.0688898628702095	0.49739517959956325	0.30700099999999997	1.0
8025	0	0.14088054332837052	1.3933252839395125	0.049001	1.0
8028	4112	0.062354532539420124	0.43615158221848355	0.396001	1.0
8032	0	0.059057855028604084	0.4064458442683339	0.49600099999999997	1.0
8033	20	0.05568066176993605	0.3768306722958431	0.394001	1.0
8034	874	0.010245695170740341	0.054479788698240154	0.873001	1.0
8036	1077	0.03971606907764421	0.24777069059795434	0.5620010000000001	1.0
8038	1689	0.07075881021621097	0.515491083014135	0.35000099999999995	1.0
8039	0	0.019114802164268703	0.10678552180789753	0.7860010000000001	1.0
8041	36	0.046773712110812056	0.30262684349818186	0.516001	1.0
8042	0	0.016130429220271185	0.0886391221903961	0.819001	1.0
8043	44	0.08240097345089989	0.634141285471215	0.251001	1.0
8044	0	0.028448118819051217	0.16720198611078196	0.6670010000000001	1.0
8047	1643	0.12898858333404817	1.2159891312515592	0.052001	1.0
8049	3880	0.05006824244069269	0.329419901713122	0.47200099999999995	1.0
8055	0	0.030748076658916542	0.1829596599082596	0.642001	1.0
8056	0	0.007416951304301138	0.03881296210086398	0.9240010000000001	1.0
8061	0	0.03897414066788617	0.24220283980099552	0.583001	1.0
8062	579	0.023595925908666715	0.13509257111196574	0.714001	1.0
8063	874	0.015219296919880304	0.08321013995879076	0.833001	1.0
8064	0	0.08427603183147231	0.6542177885928907	0.238001	1.0
8066	1604	0.05577638061848878	0.37765874463927895	0.43600099999999997	1.0
8068	0	0.0	-0.0	1.0	1.0
8069	0	0.031118701447898207	0.185531574541329	0.6780010000000001	1.0
8072	1093	0.050558060899747334	0.3334685871696571	0.48300099999999996	1.0
8073	4025	0.0	-0.0	1.0	1.0
8078	1950	0.021844048806554377	0.12387341231462462	0.749001	1.0
8080	0	0.04663900895730607	0.3015475392044164	0.49700099999999997	1.0
8081	1185	0.004490316627476121	0.023109688791852337	0.962001	1.0
8084	2776	0.11271020362934514	0.9926206369762174	0.109001	1.0
8087	4027	0.04679140343987025	0.3027686887721213	0.511001	1.0
8089	1448	0.06728857133922106	0.4820975148804548	0.35700099999999996	1.0
8091	1689	0.022015064309302685	0.12495994513995368	0.744001	1.0
8096	4115	0.15971624262527329	1.699389855317328	0.022001	1.0
8098	1658	0.021925913611237687	0.12439330019848516	0.759001	1.0
8102	3708	0.02531050929797318	0.14626419776307456	0.7950010000000001	1.0
8103	1604	0.011036635129833716	0.0589471912921441	0.875001	1.0
8104	946	0.03293610011186604	0.19827515716362332	0.616001	1.0
8105	3617	0.015450314105754927	0.08458176185481414	0.818001	1.0
8109	1147	0.0310658041894875	0.1851639428550779	0.692001	1.0
8110	1642	0.0001376274003057846	0.0006908233238681612	0.999001	1.0
8111	1109	0.0756845463373103	0.5644379006544036	0.277001	1.0
8112	425	0.03217288365312752	0.19289675278096183	0.6650010000000001	1.0
8114	3693	0.09800728470823598	0.8095918370633699	0.159001	1.0
8116	0	0.06365911441972316	0.4481258825237022	0.338001	1.0
8119	0	0.05254758490264945	0.35008787209348413	0.451001	1.0
8123	3874	0.011786664953858252	0.06321881006003068	0.868001	1.0
8126	3243	0.02928742107531984	0.1729119296196927	0.638001	1.0
8130	3636	0.07435339398891527	0.5510302121840434	0.29200099999999996	1.0
8137	0	0.010535720139812299	0.05611348643094818	0.889001	1.0
8139	0	0.019781032341744314	0.11091315645401265	0.764001	1.0
8141	0	0.04436392510849852	0.28350941716551814	0.528001	1.0
8144	0	0.08605573161310875	0.673524464338831	0.28200099999999995	1.0
8145	0	0.017420830436592524	0.09641671709117158	0.7860010000000001	1.0
8147	1604	0.05609880200308735	0.3804528783621022	0.43300099999999997	1.0
8149	0	0.07715493636875362	0.5794038890944164	0.267001	1.0
8150	1829	0.022119282283713786	0.1256230028424052	0.756001	1.0
8155	1537	0.11494828861499658	1.0220250946003282	0.082001	1.0
8156	2262	0.0	-0.0	1.0	1.0
8157	0	0.026141330640746124	0.1517459879347154	0.703001	1.0
8158	0	0.009376069482779952	0.049611879328501834	0.895001	1.0
8159	365	0.09924407298821969	0.824317147077537	0.137001	1.0
8164	0	0.03527499381537044	0.21499971128010212	0.636001	1.0
8167	1657	0.049279314762248075	0.32293444567537216	0.47100099999999995	1.0
8168	0	0.03837192314283288	0.23771101801104175	0.567001	1.0
8172	2133	0.0525234468385342	0.3498845548090688	0.47300099999999995	1.0
8175	0	0.1282244560866971	1.2050069598439175	0.059001	1.0
8177	1688	0.09509337672798213	0.7753797105892367	0.168001	1.0
8178	1604	0.039560851998540175	0.24660274911184918	0.5510010000000001	1.0
8179	0	0.025052355163489214	0.14457000333052672	0.704001	1.0
8182	0	0.05595165123601173	0.37917673046013073	0.40800099999999995	1.0
8183	2453	0.03667888569344649	0.22521483514373553	0.603001	1.0
8184	2459	0.05157755987155997	0.3419498286221584	0.47400099999999995	1.0
8186	3556	0.005978919028518298	0.031033154578844556	0.9150010000000001	1.0
8187	3135	0.0116600671039599	0.06249538705029816	0.867001	1.0
8190	0	0.013782659104854059	0.07475474525141144	0.815001	1.0
8199	2314	0.05415536426626177	0.3637237376932868	0.441001	1.0
8200	3869	0.05281539360602281	0.3523464301271488	0.43500099999999997	1.0
8203	0	0.03819541749556701	0.23639916882450399	0.604001	1.0
8204	0	0.11719295487732821	1.0519310268967978	0.084001	1.0
8205	0	0.01391702704865229	0.0755401533790562	0.832001	1.0
8206	0	0.14556317947799435	1.4665018102397354	0.032001	1.0
8207	2161	0.20250997965441275	2.5146485415432975	0.003001	0.9387985428571429
8208	0	0.009881880585254021	0.05243767342069967	0.892001	1.0
8209	4028	0.037464115475395396	0.230986412462481	0.593001	1.0
8214	0	0.024670273755926432	0.14207042585696106	0.717001	1.0
8215	3146	0.049393444770263556	0.3238699500371922	0.456001	1.0
8217	2917	0.11143084330582875	0.9759970090407597	0.121001	1.0
8220	3442	0.012222374008361278	0.06571610820249828	0.862001	1.0
8223	0	0.052879625991235836	0.3528888906878698	0.41900099999999996	1.0
8225	1979	0.02405337385616869	0.1380545792013475	0.739001	1.0
8226	0	0.07219342260381147	0.5295586047555298	0.319001	1.0
8227	0	0.03867647412926448	0.23997952092068933	0.592001	1.0
8229	1277	0.02265514010218525	0.12904323031142567	0.748001	1.0
8232	783	0.09224145988191212	0.7425462253766062	0.177001	1.0
8234	0	0.01235798890792622	0.0664957719787839	0.864001	1.0
8236	2185	0.008897979405583612	0.046955207853177174	0.876001	1.0
8237	0	0.034174956603446875	0.20708813511724428	0.645001	1.0
8240	4122	0.002125966004696951	0.010794218586981758	0.976001	1.0
8241	1162	0.055311865034038815	0.3736463208674822	0.458001	1.0
8242	1606	0.09105371285846055	0.7290608907150936	0.175001	1.0
8246	0	0.0056860014228115735	0.029463609406682006	0.938001	1.0
8254	1266	0.04009825198101831	0.2506534626240643	0.583001	1.0
8260	2818	0.0	-0.0	1.0	1.0
8261	3310	0.1110976061131099	0.971689046106296	0.108001	1.0
8262	3145	0.030128194229173497	0.17867834642560668	0.652001	1.0
8264	0	0.09030549553860648	0.720622684476893	0.175001	1.0
8265	0	0.16148727014125033	1.7297867358358214	0.010001	1.0
8268	2758	0.04864320560563247	0.3177371498099487	0.47300099999999995	1.0
8269	1445	0.13059045961630045	1.2391722823195215	0.053001	1.0
8277	735	0.08510035365602371	0.6631297823660802	0.219001	1.0
8279	1611	0.04640349021152507	0.29966349625318667	0.512001	1.0
8281	0	0.002419417557654152	0.012304886953182438	0.971001	1.0
8284	0	0.08987244203978957	0.715758852741502	0.208001	1.0
8286	914	0.07259443262804414	0.5335184108503359	0.279001	1.0
8288	3211	0.019389364124590948	0.10848316882540522	0.779001	1.0
8289	2313	0.015064383520248942	0.08229222969219686	0.832001	1.0
8290	1857	0.05775365777783933	0.3949116535412629	0.42300099999999996	1.0
8291	4078	0.02325587253288126	0.13289943173860816	0.747001	1.0
8296	0	0.07733705125498583	0.5812689136818858	0.251001	1.0
8297	0	0.015914041423056285	0.08734508951000475	0.827001	1.0
8301	1612	0.08329303066032462	0.6436588708361131	0.242001	1.0
8303	0	0.14861043063989904	1.5151500739655015	0.035001000000000004	1.0
8307	94	0.00900637946631171	0.047556357183640374	0.887001	1.0
8308	0	0.0569363419279235	0.3877459784812108	0.41800099999999996	1.0
8311	0	0.0657990537159083	0.46803816262121817	0.34800099999999995	1.0
8313	370	0.027579947388898157	0.1613442488765038	0.711001	1.0
8318	2284	0.010903132525273388	0.05819046321856632	0.878001	1.0
8320	1459	0.0019257102788408052	0.009766210467943598	0.976001	1.0
8323	3848	0.09159707386844156	0.7352163022926934	0.169001	1.0
8330	1554	0.11793889605695611	1.0619616078203757	0.094001	1.0
8331	3124	0.024258472613962953	0.13938698864112087	0.740001	1.0
8333	2548	0.04727101244288283	0.30662242260789374	0.503001	1.0
8334	1445	0.15147507783465752	1.5616271462637124	0.026001	1.0
8340	2314	0.006641124847610813	0.034600338312705044	0.9240010000000001	1.0
8343	2045	0.07122971324755997	0.5200916789132037	0.29700099999999996	1.0
8344	1277	0.07857512605459144	0.594014792479787	0.244001	1.0
8345	4126	0.0	-0.0	1.0	1.0
8346	0	0.0989038946187183	0.8202547873682375	0.155001	1.0
8347	0	0.013002649900764954	0.07021745362352536	0.835001	1.0
8354	38	0.09737125814877394	0.8020667098291245	0.14000100000000001	1.0
8355	2634	0.092805200759235	0.748985589765078	0.197001	1.0
8356	0	0.009346677415435843	0.04944815290147663	0.883001	1.0
8360	1857	0.0	-0.0	1.0	1.0
8367	1040	0.034933557348742386	0.21253537525490515	0.603001	1.0
8368	0	0.08409999584653441	0.6523214147112116	0.249001	1.0
8369	913	0.057521990146042035	0.39287565778047595	0.40800099999999995	1.0
8370	0	0.003059224778085827	0.01561608464821539	0.966001	1.0
8371	0	0.015442221080325384	0.08453365486818774	0.820001	1.0
8373	0	0.020709276667791404	0.11671103530886609	0.771001	1.0
8375	0	0.08096344025511046	0.6189325928406828	0.230001	1.0
8379	530	0.014439565332918139	0.07860511736803852	0.822001	1.0
8380	3030	0.029468810768897596	0.17415204585010358	0.6720010000000001	1.0
8384	0	0.04396699006361731	0.28039911964217823	0.5560010000000001	1.0
8385	0	0.05845840236985804	0.40112907434526224	0.41800099999999996	1.0
8386	1149	0.0645285289754497	0.45617522394114585	0.331001	1.0
8391	3708	0.05396381260074583	0.3620894847702928	0.41900099999999996	1.0
8393	1929	0.03568379724692722	0.21796058153808637	0.621001	1.0
8397	0	0.0738842190514802	0.5463364421023974	0.29100099999999995	1.0
8402	1066	0.11474805321418782	1.019377555075473	0.105001	1.0
8403	94	0.0675094963173968	0.4841967730015606	0.34800099999999995	1.0
8406	0	0.011687834073290793	0.06265397288128109	0.858001	1.0
8411	3592	0.00021064619495472434	0.0010577882588928514	0.997001	1.0
8417	1408	0.0720669831695513	0.5283125699709512	0.323001	1.0
8418	0	0.050336166561200504	0.33163237977993687	0.503001	1.0
8420	1040	0.1025220990155865	0.8639374639244116	0.142001	1.0
8424	1829	0.02531050929797318	0.14626419776307456	0.7950010000000001	1.0
8426	3682	0.02219543773742551	0.12610796016017758	0.735001	1.0
8427	3540	0.059065264184373426	0.40651172156806975	0.41200099999999995	1.0
8435	2864	0.0	-0.0	1.0	1.0
8437	1445	0.03983400665556249	0.24865921926600235	0.581001	1.0
8438	1214	0.07924890930897276	0.6010003950706382	0.260001	1.0
8440	0	0.043055884696855166	0.2733011124005864	0.5560010000000001	1.0
8441	3634	0.07705643941827389	0.5783962389136971	0.325001	1.0
8442	0	0.00572046065955778	0.0296479874907334	0.9370010000000001	1.0
8443	2823	0.016095454844213035	0.08842977196870057	0.8120010000000001	1.0
8445	3843	0.03673545370987712	0.22562922648739256	0.615001	1.0
8456	1066	0.025958119680316062	0.15053330320359035	0.712001	1.0
8458	1007	0.0634136163329139	0.4458630196599088	0.36100099999999996	1.0
8459	0	0.030627474045740937	0.1821247097388895	0.6580010000000001	1.0
8464	0	0.09465615590800677	0.7703044019128255	0.17100100000000001	1.0
8466	89	0.0501277090953455	0.3299105312423845	0.460001	1.0
8469	0	0.006425820159921079	0.033437655776838174	0.9100010000000001	1.0
8471	0	0.019720273598554997	0.11053556017227949	0.752001	1.0
8472	3135	0.014321302985431873	0.07790996555241983	0.822001	1.0
8474	19	0.007197805519456792	0.03761937499739511	0.9150010000000001	1.0
8475	2823	0.061818714651757596	0.43126955894776103	0.375001	1.0
8477	0	0.07030697027214769	0.5110923078139286	0.42300099999999996	1.0
8478	0	0.020499615549657915	0.1153966908658748	0.773001	1.0
8479	2745	0.06317821842038684	0.4436974033035268	0.40900099999999995	1.0
8481	526	0.0	-0.0	1.0	1.0
8483	3176	0.017265917036961162	0.0954775019210402	0.8100010000000001	1.0
8485	0	0.013129458482376032	0.07095254097850616	0.840001	1.0
8490	807	0.08633966085307451	0.6766273041153406	0.208001	1.0
8492	3737	0.06355750112602153	0.44718873248606084	0.49100099999999997	1.0
8495	2946	0.0390961624139271	0.24311598262962636	0.590001	1.0
8499	1093	0.04226556005019726	0.26719045484983467	0.5550010000000001	1.0
8503	1397	0.0933322846779926	0.7550288775629118	0.177001	1.0
8504	0	0.01579738838679725	0.08664869816254236	0.825001	1.0
8505	1357	0.00014660496256956555	0.000735924502544926	0.997001	1.0
8506	1855	0.036152628273538136	0.22137006865608977	0.599001	1.0
8509	3135	0.010670119257978354	0.056872287940032566	0.902001	1.0
8511	0	0.047722233452651926	0.3102627412802572	0.49200099999999997	1.0
8512	3987	0.0811253143458904	0.6206372515353455	0.274001	1.0
8516	0	0.05963316325421361	0.4115729406121387	0.41800099999999996	1.0
8519	56	0.0185529756672573	0.10332653534109544	0.7960010000000001	1.0
8520	1757	0.0	-0.0	1.0	1.0
8522	4027	0.07143639805388713	0.5221161720293586	0.30300099999999996	1.0
8523	3441	0.0	-0.0	1.0	1.0
8525	1408	0.027040540659678376	0.15772958408415658	0.706001	1.0
8529	2584	0.024599744078045483	0.14161005279957775	0.717001	1.0
8538	731	0.03791722279580196	0.23433582669035802	0.583001	1.0
8552	2935	0.03814648006532057	0.23603582405224696	0.580001	1.0
8555	1068	0.03355856014249878	0.20269039527512778	0.643001	1.0
8559	988	0.034407144941894265	0.20875129919932237	0.623001	1.0
8563	2044	0.0782428506476884	0.5905825913189673	0.272001	1.0
8565	499	0.0790083527290574	0.5985023951783055	0.253001	1.0
8574	4230	0.05190102671063774	0.3446561399133946	0.43500099999999997	1.0
8575	0	0.11924996864815118	1.0797033725351106	0.092001	1.0
8583	918	0.0024786143941016824	0.012610239923215874	0.976001	1.0
8584	0	0.010150101914368548	0.05394243793645497	0.877001	1.0
8585	0	0.11650791536719196	1.0427599951850088	0.093001	1.0
8586	1111	0.021390616793850823	0.12100161688893217	0.734001	1.0
8589	1604	0.02467531159006081	0.14210332195115988	0.699001	1.0
8590	0	0.047496671211999505	0.30844119015663435	0.504001	1.0
8597	1442	0.06444367551050736	0.4553871760361955	0.35200099999999995	1.0
8599	506	0.044106237846260124	0.2814889928543276	0.5460010000000001	1.0
8601	985	0.11456034821518621	1.0168986963573665	0.086001	1.0
8604	1299	0.03525017268742589	0.21482029942331302	0.612001	1.0
8608	2133	0.0919605084679588	0.7393463760507442	0.198001	1.0
8609	0	0.009825036020521835	0.05211932774156438	0.897001	1.0
8618	0	0.030529236403847377	0.18144530636555448	0.652001	1.0
8621	3183	0.043467953502450855	0.27650424760705605	0.530001	1.0
8624	2580	0.07495541516797052	0.5570773366211452	0.28700099999999995	1.0
8628	1040	0.08167714536173085	0.6264635596191694	0.230001	1.0
8629	3708	0.08982374390832241	0.7152128186942815	0.182001	1.0
8631	2133	0.05458692663378348	0.36741528298208487	0.443001	1.0
8632	0	0.13059045961630045	1.2391722823195215	0.053001	1.0
8633	4232	0.14422185613972285	1.4453455488495315	0.049001	1.0
8634	1066	0.10620155533273645	0.9094394040337846	0.119001	1.0
8636	529	0.04554328003308433	0.2928150549024683	0.510001	1.0
8637	3206	0.15699654404590835	1.6532576009976716	0.024001	1.0
8639	1366	0.02173321645559866	0.12317024675480873	0.739001	1.0
8641	0	0.017087052404744105	0.09439494702551848	0.8050010000000001	1.0
8642	1185	0.04653853569326463	0.3007433253747843	0.517001	1.0
8643	1928	0.10014710475680244	0.8351458676800078	0.127001	1.0
8645	1203	0.02009925287258152	0.11289462015635307	0.7820010000000001	1.0
8646	2315	0.0	-0.0	1.0	1.0
8648	0	0.05268310069582129	0.3512301038391883	0.464001	1.0
8652	1611	0.04258103356208478	0.26962448147597196	0.5370010000000001	1.0
8654	986	0.11357140522506207	1.0038865060668267	0.103001	1.0
8661	1619	0.06111522534236932	0.4248916313766322	0.388001	1.0
8662	3925	0.04472463198625198	0.28634530734175084	0.516001	1.0
8664	874	0.05366426865766129	0.3595391276576886	0.41500099999999995	1.0
8667	1879	0.020359663217189947	0.11452089949325492	0.763001	1.0
8672	4235	0.11199418764261229	0.9833003978926597	0.11700100000000001	1.0
8674	3869	0.07713427843107812	0.5791924918104046	0.260001	1.0
8675	742	0.07397004116544491	0.5471937931621674	0.29600099999999996	1.0
8676	1093	0.018078267791125598	0.10041943115697871	0.7880010000000001	1.0
8677	0	0.06743221779088852	0.48346205110282714	0.333001	1.0
8679	0	0.06447389655326566	0.455667783082042	0.34800099999999995	1.0
8684	1970	0.03491360438145784	0.21239160581123423	0.620001	1.0
8686	2180	0.0862894467003465	0.6760780977463072	0.20200100000000001	1.0
8689	2170	0.036942733398507316	0.2271495103075091	0.593001	1.0
8691	3161	0.0	-0.0	1.0	1.0
8695	3132	0.0	-0.0	1.0	1.0
8698	0	0.0579425763199424	0.3965748182026383	0.437001	1.0
8702	2421	0.09770879303577559	0.8060562327494711	0.170001	1.0
8705	1034	0.06260138641200343	0.43840781232264886	0.383001	1.0
8709	3677	0.14215787216668152	1.4130972307010177	0.037001	1.0
8713	0	0.06320356835559725	0.44393042285437856	0.386001	1.0
8717	0	0.011731097454634706	0.06290115766035666	0.864001	1.0
8718	0	0.025181619792550427	0.14541779185823264	0.724001	1.0
8720	0	0.14607326018409755	1.4745883933308677	0.031001	1.0
8721	3441	0.0058564766491888375	0.03037644742947469	0.9340010000000001	1.0
8722	0	0.0662486948877383	0.47226498784556104	0.338001	1.0
8725	0	0.030441875965123807	0.1808416646393578	0.619001	1.0
8729	2448	0.02394356618204601	0.13734233665426518	0.696001	1.0
8730	0	0.11195109448086042	0.982740804546377	0.115001	1.0
8735	307	0.04616161603439828	0.2977326395805514	0.505001	1.0
8736	94	0.009716450563608462	0.05151176380472084	0.879001	1.0
8743	987	0.0	-0.0	1.0	1.0
8744	3206	0.01215470446340318	0.06532749141706207	0.885001	1.0
8746	918	0.05935770001836309	0.40911504314194114	0.392001	1.0
8749	19	0.008512066580183886	0.044820833918234354	0.905001	1.0
8752	0	0.06812411208178787	0.4900559669337641	0.312001	1.0
8753	0	0.09237876452163014	0.7441122920234312	0.169001	1.0
8755	1202	0.025941034744638814	0.15042032814018255	0.727001	1.0
8759	3708	0.016626700694082813	0.09161794875804553	0.823001	1.0
8761	608	0.07544882409064209	0.5620538927353188	0.267001	1.0
8762	3530	0.03449272547275943	0.2093652233082309	0.648001	1.0
8764	0	0.011207937381950275	0.05991977203518971	0.880001	1.0
8765	3556	0.040999466370240795	0.25749078728061686	0.582001	1.0
8766	1928	0.013859079478072318	0.07520130106780115	0.867001	1.0
8767	1604	0.058481948672077184	0.4013374248175232	0.399001	1.0
8769	1537	0.009700367951553795	0.05142183825734906	0.877001	1.0
8770	1929	0.03984704234923994	0.2487574870207422	0.565001	1.0
8771	1397	0.019180294008015287	0.10719003208049972	0.7850010000000001	1.0
8773	2806	0.03989164038255953	0.24909377081844844	0.581001	1.0
8775	985	0.03542222664431552	0.21606478988154265	0.597001	1.0
8776	0	0.0005641381488478768	0.002838678763913294	0.998001	1.0
8778	0	0.10257156243395982	0.8645419137237069	0.128001	1.0
8779	368	0.04225941960104077	0.26714314638152103	0.524001	1.0
8780	2457	0.07310778949919654	0.538605218501567	0.29500099999999996	1.0
8784	985	0.031929953601946996	0.19119294963339326	0.6640010000000001	1.0
8785	1367	0.05005856283376916	0.3293400637418634	0.590001	1.0
8788	592	0.03727241584301037	0.22957353729735797	0.570001	1.0
8789	0	0.016332658263572282	0.08985112622803831	0.830001	1.0
8792	1727	0.05005856283376916	0.3293400637418634	0.590001	1.0
8794	0	0.030352950659476578	0.18022772789304803	0.6700010000000001	1.0
8795	4025	0.10038148192583926	0.8379670663083459	0.135001	1.0
8800	2170	0.04023839001099505	0.2517130118935383	0.625001	1.0
8801	4242	0.05918358735594006	0.40756431151967537	0.392001	1.0
8806	0	0.0769429624971189	0.5772362527235289	0.268001	1.0
8809	129	0.03583613176625315	0.2190667822029688	0.616001	1.0
8817	0	0.06615180001818866	0.4713528717550775	0.30900099999999997	1.0
8820	0	0.07027652671569015	0.510796480344573	0.30300099999999996	1.0
8826	1093	0.07270029676133434	0.5345657888069681	0.30200099999999996	1.0
8829	0	0.1403102430073814	1.3845431993103205	0.041001	1.0
8831	2584	0.11115708131609203	0.9724572522202997	0.098001	1.0
8832	2605	0.04363785660483116	0.2778283710201441	0.520001	1.0
8834	4010	0.10664266966462835	0.914967924891959	0.124001	1.0
8836	1458	0.012316244999959397	0.0662556617126191	0.861001	1.0
8838	0	0.009634193730895666	0.05105199183496735	0.892001	1.0
8839	0	0.004355712591573286	0.022399708876373412	0.957001	1.0
8845	1202	0.00983511168879055	0.05217574003036024	0.875001	1.0
8854	2949	0.06993269453602055	0.5074601804764204	0.30400099999999997	1.0
8857	3478	0.046523249467618724	0.30062103223790954	0.500001	1.0
8859	20	0.0011826315630393694	0.005972113444040841	0.982001	1.0
8863	0	0.021043972654516192	0.11881500900252041	0.768001	1.0
8864	4243	0.09584479440606503	0.7841376080929242	0.172001	1.0
8865	0	0.07216697397460611	0.5292978597507916	0.30100099999999996	1.0
8867	0	0.0035073287757526883	0.017949491346125168	0.958001	1.0
8870	0	0.053145574542462964	0.3551380251026991	0.451001	1.0
8871	0	0.04295454416667336	0.272515157654998	0.513001	1.0
8873	0	0.0	-0.0	1.0	1.0
8875	2518	0.06866945762683156	0.4952782758766683	0.343001	1.0
8881	4122	0.030278642605994874	0.17971510865182752	0.652001	1.0
8883	0	0.09311698313816916	0.7525576899056854	0.170001	1.0
8886	0	0.0	-0.0	1.0	1.0
8887	1835	0.06086829946358716	0.42266151905352256	0.379001	1.0
8888	1343	0.03301922437508287	0.19886327907492912	0.654001	1.0
8893	0	0.059574907555790896	0.41105267911954285	0.377001	1.0
8894	4244	0.03545659947740574	0.21631365199114225	0.604001	1.0
8895	1797	0.0	-0.0	1.0	1.0
8899	1427	0.04121950697298339	0.25916863847260874	0.5450010000000001	1.0
8904	0	0.04903488789785806	0.32093400339983824	0.512001	1.0
8905	1380	0.08250436311975112	0.6352412383271535	0.204001	1.0
8909	4246	0.1048171769993476	0.8921912164113968	0.125001	1.0
8911	0	0.040579702843727854	0.25429921329522853	0.524001	1.0
8912	2364	0.0	-0.0	1.0	1.0
8913	2007	0.07587104152188912	0.566327023099487	0.29900099999999996	1.0
8917	20	0.11161447470512334	0.9783748122765143	0.097001	1.0
8918	1648	0.03589842306877375	0.21951957032565853	0.614001	1.0
8922	0	0.09293483607143926	0.7504698953432563	0.185001	1.0
8928	1185	0.00586162721364504	0.030404053942421096	0.942001	1.0
8931	1829	0.09436367117056522	0.7669176455253147	0.180001	1.0
8939	0	0.039685488411106896	0.24754045424637394	0.569001	1.0
8940	0	0.046759384698608616	0.3025119854035231	0.49300099999999997	1.0
8941	4247	0.024969007705162395	0.14402393853852946	0.720001	1.0
8944	499	0.013287287529355946	0.07186883308976989	0.878001	1.0
8947	2917	0.0018281723629458568	0.009266351394775878	0.975001	1.0
8948	874	0.01543348262220963	0.08448171584507218	0.835001	1.0
8951	3896	0.06317078284048065	0.4436290635175517	0.35900099999999996	1.0
8954	2134	0.09973022398218473	0.8301387337945374	0.139001	1.0
8956	3809	0.04917807736101998	0.322105387019502	0.523001	1.0
8957	1202	0.016234721319010388	0.08926384912229024	0.828001	1.0
8959	0	0.0452573829459598	0.2905503288390543	0.49000099999999996	1.0
8960	0	0.017436128627492626	0.09650954929910566	0.871001	1.0
8961	0	0.0009578888887700043	0.004830939035038389	0.990001	1.0
8963	0	0.12412218670407583	1.1468914428261936	0.075001	1.0
8966	2722	0.055946689371729544	0.3791337263628922	0.42100099999999996	1.0
8967	1797	0.041903750468860655	0.2644073564642959	0.5430010000000001	1.0
8970	4010	0.039758620480253734	0.2480911586706277	0.590001	1.0
8971	3573	0.03165359671305397	0.18925947195205725	0.6700010000000001	1.0
8973	0	0.010711694828167972	0.05710724166527222	0.878001	1.0
8974	1988	0.021414152737957267	0.12115035790844893	0.780001	1.0
8977	3167	0.001735531673453014	0.008792104437136797	0.980001	1.0
8980	0	0.028385640679451832	0.16677878402040533	0.6610010000000001	1.0
8985	4248	0.07235728890998672	0.5311752578524289	0.315001	1.0
8990	1147	0.016993873993706107	0.09383179151020773	0.825001	1.0
8996	2531	0.07678783062319192	0.5756520417143447	0.250001	1.0
8999	0	0.042439005374373194	0.26852781893171135	0.5500010000000001	1.0
9000	2902	0.12582872371520018	1.1708950957742987	0.057001	1.0
9002	916	0.005937087527334947	0.030808695061872896	0.9250010000000001	1.0
9003	0	0.04507609746623508	0.2891172240516177	0.505001	1.0
9009	3207	0.028942357101857746	0.17055878756825876	0.6800010000000001	1.0
9011	0	0.11859187498120217	1.070780032040504	0.081001	1.0
9013	2373	0.03378145271808328	0.20427771060364291	0.596001	1.0
9015	0	0.08729234638809269	0.6870841984201157	0.195001	1.0
9020	887	0.1909675803648125	2.2778708675115285	0.013000999999999999	1.0
9028	1040	0.0	-0.0	1.0	1.0
9029	0	0.0	-0.0	1.0	1.0
9032	3694	0.0018315283960432943	0.009283541041535445	0.973001	1.0
9038	0	0.07546569816322028	0.5622244112271622	0.280001	1.0
9041	2716	0.033671525644234014	0.20349445688688103	0.6560010000000001	1.0
9046	985	0.07346422033914693	0.5421487121633555	0.274001	1.0
9047	0	0.024471402590952575	0.14077314559191012	0.744001	1.0
9049	3416	0.05440924399588222	0.36589379013361806	0.46900099999999995	1.0
9050	1223	0.010476594311577046	0.05578001761059013	0.863001	1.0
9051	0	0.030857925035942195	0.18372099407936288	0.6600010000000001	1.0
9053	3145	0.09578296030317648	0.783415232086862	0.150001	1.0
9063	3131	0.0625422483131251	0.4378668876862931	0.35700099999999996	1.0
9064	2344	0.0807650133836452	0.6168457448634147	0.249001	1.0
9067	3484	0.06478556494962906	0.4585655896372927	0.34500099999999995	1.0
9069	1110	0.026435420822327537	0.15369715282427715	0.764001	1.0
9074	10	0.06964670973169788	0.5046919062748291	0.320001	1.0
9077	0	0.056471601729029444	0.3836929021852655	0.43200099999999997	1.0
9079	1923	0.05595295053041417	0.3791879916370613	0.438001	1.0
9081	742	0.09000572319203812	0.717254233663858	0.217001	1.0
9084	0	0.07938231193473996	0.6023875851248632	0.228001	1.0
9086	1185	0.04220697437760908	0.26673919320511236	0.527001	1.0
9087	0	0.043119807831479305	0.27379723796859246	0.5330010000000001	1.0
9089	742	0.13308698324426924	1.275738380090184	0.054001	1.0
9090	0	0.01350161654359433	0.07311560135899829	0.853001	1.0
9091	2831	0.01894760441061874	0.10575405485638252	0.775001	1.0
9092	1696	0.029408319720702836	0.17373824293380707	0.6750010000000001	1.0
9096	1185	0.05397913329105838	0.36222009926376236	0.461001	1.0
9098	1147	0.06380545225384426	0.4494768448132287	0.379001	1.0
9100	0	0.030935066919745	0.18425612420474285	0.761001	1.0
9104	0	0.01666137694083882	0.0918266655611925	0.826001	1.0
9109	0	0.035261060564869925	0.21489899398366488	0.612001	1.0
9110	0	0.04915032551485924	0.3218782460670874	0.49600099999999997	1.0
9114	2874	0.17965672198222798	2.058083230686295	0.011000999999999999	1.0
9117	3595	0.035607411661606705	0.21740648391732703	0.605001	1.0
9123	0	0.01202531007870053	0.06458517981948311	0.845001	1.0
9124	0	0.01968595167620136	0.11032236375462057	0.839001	1.0
9129	1923	0.10177306572366486	0.8548082122857662	0.133001	1.0
9131	1459	0.05632605433006477	0.3824267530470207	0.42300099999999996	1.0
9133	1093	0.01149887129821386	0.061575679891967	0.864001	1.0
9141	0	0.1026142149140367	0.865063290921413	0.130001	1.0
9142	0	0.06413093822330558	0.4524873028673028	0.377001	1.0
9143	1993	0.0510471138248649	0.3375278551294974	0.47000099999999995	1.0
9144	1930	0.024790684540211005	0.14285713438383021	0.716001	1.0
9145	349	0.05060634730199169	0.33386862480972623	0.456001	1.0
9146	0	0.021993903596727864	0.12482540090067369	0.758001	1.0
9148	3335	0.1298876710263396	1.2289743558729163	0.073001	1.0
9149	1173	0.011749117180005255	0.06300414695227466	0.862001	1.0
9150	0	0.07325304783995795	0.5400481656111918	0.30000099999999996	1.0
9152	0	0.05175241060367434	0.3434118101240699	0.464001	1.0
9153	3844	0.08107571372781355	0.6201147054230652	0.230001	1.0
9154	0	0.04756093260389266	0.308959776819866	0.504001	1.0
9158	2709	0.07061949389193391	0.5141331775564614	0.313001	1.0
9159	3727	0.011662608053932506	0.06250989724631001	0.878001	1.0
9161	1455	0.06888734395314232	0.49737096600882014	0.333001	1.0
9162	1455	0.05014416704915579	0.330046361641041	0.47600099999999995	1.0
9165	8	0.012786642650217873	0.06896757752044495	0.851001	1.0
9166	3192	0.0	-0.0	1.0	1.0
9169	2096	0.06693223569908462	0.4787191831781298	0.43400099999999997	1.0
9170	742	0.07646189495673537	0.5723295250110552	0.29900099999999996	1.0
9172	2389	0.006526514121054233	0.033981075464425664	0.9260010000000001	1.0
9178	2373	0.04962593531703531	0.32577847257821946	0.47700099999999995	1.0
9179	3371	0.05314095327100822	0.3550988999000093	0.452001	1.0
9188	0	0.061503138570714475	0.4284040414884719	0.35700099999999996	1.0
9191	2709	0.05727135789785799	0.3906773508101261	0.406001	1.0
9192	0	0.09143039224583821	0.7333256015730791	0.17100100000000001	1.0
9195	0	0.09816882654330902	0.8115082435595419	0.144001	1.0
9196	3923	0.03966107877869179	0.24735672430613717	0.5570010000000001	1.0
9209	0	0.06701830748929737	0.47953434798527594	0.333001	1.0
9212	3249	0.018582051204560864	0.10350505520565331	0.7940010000000001	1.0
9214	0	0.0753811121523233	0.5613698561192474	0.266001	1.0
9218	0	0.010705387423248423	0.057071590194570566	0.873001	1.0
9221	3208	0.004987354839651965	0.02574065984194379	0.941001	1.0
9223	1546	0.010592046267477076	0.05643136307851309	0.872001	1.0
9226	1604	0.017418271532581825	0.09640119063010365	0.820001	1.0
9227	3207	0.08608035875136737	0.6737933472884465	0.250001	1.0
9229	0	0.049186831621941235	0.32217704939179137	0.463001	1.0
9231	0	0.08119155857274252	0.6213354334687655	0.233001	1.0
9235	350	0.0	-0.0	1.0	1.0
9239	2634	0.07708128409192525	0.5786503371083941	0.274001	1.0
9241	0	0.07581310642934404	0.5657398816733722	0.272001	1.0
9243	3579	0.010834139429350706	0.05779981844107445	0.883001	1.0
9245	1985	0.02311484246694496	0.13199205430292632	0.751001	1.0
9247	1696	0.02182011909441625	0.1237215260168688	0.7820010000000001	1.0
9250	1402	0.02289191830649985	0.13056038239023304	0.732001	1.0
9251	1163	0.06275043017467793	0.439772221239885	0.390001	1.0
9252	1397	0.11634122258167999	1.04053425544414	0.100001	1.0
9254	357	0.04370101646420226	0.27832111007745486	0.5360010000000001	1.0
9255	132	0.037618439536054926	0.23212562854796417	0.607001	1.0
9256	0	0.06246079683677014	0.4371222856205387	0.374001	1.0
9257	2902	0.018356746901887138	0.10212311133646527	0.8010010000000001	1.0
9259	1283	0.0347030767273767	0.21087629483981563	0.614001	1.0
9260	2627	0.06136207921495261	0.42712553255412383	0.36100099999999996	1.0
9263	2746	0.0750040473498223	0.5575670269026423	0.29400099999999996	1.0
9266	3135	0.046652979538107826	0.30165941911837085	0.523001	1.0
9268	0	0.013944724883888999	0.0757021916846482	0.858001	1.0
9269	0	0.02634287147082135	0.15308252000324238	0.729001	1.0
9270	918	0.04022453598457417	0.251608205199375	0.5430010000000001	1.0
9272	0	0.015413282652702597	0.08436167090447598	0.819001	1.0
9273	0	0.04367235117194468	0.2780974447887095	0.526001	1.0
9275	0	0.014061394054429546	0.07638525245955853	0.890001	1.0
9278	3371	0.016754576872324338	0.0923880101721148	0.8090010000000001	1.0
9279	0	0.01271045552097251	0.06852742342219262	0.855001	1.0
9280	0	0.03344627057670543	0.2018919898586471	0.619001	1.0
9281	0	0.0708534426325323	0.5164142850966675	0.30700099999999997	1.0
9284	0	0.06778901073435158	0.48685793881210243	0.337001	1.0
9285	0	0.10531678821348124	0.8983980675343937	0.111001	1.0
9287	0	0.001632319381509104	0.008264329816260569	0.975001	1.0
9288	2007	0.18495202799720614	2.159486332822357	0.009000999999999999	1.0
9292	0	0.04003260982336392	0.2501576199670322	0.589001	1.0
9296	0	0.0	-0.0	1.0	1.0
9297	2709	0.11454278157462852	1.016666857446787	0.074001	1.0
9301	0	0.08502176295695649	0.6622778481549039	0.219001	1.0
9302	4010	0.09905035808270224	0.8220026998129446	0.142001	1.0
9304	297	0.14234176483720135	1.4159553916069259	0.039001	1.0
9307	499	0.08800844341007896	0.6949907107932114	0.186001	1.0
9310	3214	0.06693223569908462	0.4787191831781298	0.43400099999999997	1.0
9311	2712	0.09868527134725666	0.8176488959963271	0.158001	1.0
9312	3540	0.15533435294060066	1.6253881286838463	0.026001	1.0
9313	529	0.10517922752713298	0.8966870877876956	0.11700100000000001	1.0
9315	1343	0.038897761510344644	0.2416317765733262	0.579001	1.0
9317	0	0.06759488942368155	0.48500915857978455	0.35900099999999996	1.0
9322	4061	0.0	-0.0	1.0	1.0
9323	3844	0.07173663254865824	0.5250626886029561	0.323001	1.0
9325	3214	0.08974157140397515	0.7142918695889757	0.182001	1.0
9328	370	0.10705984517500067	0.920210940216538	0.119001	1.0
9337	0	0.08472762911983615	0.659093636838287	0.236001	1.0
9340	1397	0.07066947777816968	0.5146201998221321	0.30000099999999996	1.0
9341	529	0.015076978105584865	0.08236680082462584	0.821001	1.0
9342	1429	0.010826291919450124	0.05775540356832959	0.872001	1.0
9343	4263	0.053295247307319916	0.35640602612467115	0.456001	1.0
9344	3107	0.029690510675119804	0.17567069477663072	0.6760010000000001	1.0
9345	932	0.09650097230206445	0.7918220815567918	0.143001	1.0
9348	3730	0.13798753639846106	1.3490662314036137	0.059001	1.0
9351	0	0.03839459339643747	0.2378796643101123	0.577001	1.0
9352	0	0.07141012873455516	0.5218586847186751	0.28200099999999995	1.0
9353	38	0.0038925532270503993	0.019964926347954475	0.958001	1.0
9355	0	0.052925764024869204	0.35327872049037873	0.446001	1.0
9356	0	0.06693223569908462	0.4787191831781298	0.43400099999999997	1.0
9358	3950	0.0325003274592445	0.19519950719268273	0.630001	1.0
9361	0	0.07254607099321617	0.5330402199411834	0.29700099999999996	1.0
9363	1358	0.00451893721851461	0.023260788742028932	0.941001	1.0
9367	946	0.06817700934019853	0.4905615515953062	0.325001	1.0
9370	1772	0.003041592358615612	0.015524509225555448	0.962001	1.0
9371	0	0.07293650313862851	0.5369057559513933	0.30100099999999996	1.0
9372	0	0.03331015929634173	0.20092533549223912	0.6610010000000001	1.0
9375	3340	0.06015841590721075	0.41627491134908334	0.376001	1.0
9376	1096	0.030370129730352927	0.18034629080055967	0.6600010000000001	1.0
9377	3995	0.09254501304806384	0.7460104716648254	0.177001	1.0
9379	0	0.059964124301537705	0.41453331248028774	0.41400099999999995	1.0
9383	0	0.08626283388252567	0.6757871051782496	0.204001	1.0
9384	0	0.0024672792672993347	0.012551754428451795	0.968001	1.0
9390	0	0.007246814449103032	0.0378860540410535	0.9080010000000001	1.0
9395	0	0.14774066011435905	1.501181484655053	0.021001000000000002	1.0
9397	0	0.14873807949010975	1.5172057170103108	0.034001	1.0
9400	2946	0.023026680369593783	0.13142547483017272	0.757001	1.0
9401	2820	0.041357517018843944	0.26022268577129537	0.5330010000000001	1.0
9405	370	0.019161892455866445	0.10707634752428045	0.8040010000000001	1.0
9408	0	0.036718254088231504	0.22550320707489363	0.629001	1.0
9410	2161	0.015910769713318496	0.08732554659957516	0.832001	1.0
9417	1065	0.026986134944426615	0.15736605573338897	0.6800010000000001	1.0
9420	1925	0.11867816581938535	1.0719480314071068	0.003001	0.9387985428571429
9424	0	0.01673848305558323	0.09229103802967349	0.8090010000000001	1.0
9431	850	0.021032931020802493	0.11874548501554391	0.752001	1.0
9432	0	0.04910497163974742	0.3215071541409158	0.511001	1.0
9438	3082	0.022953631774645666	0.13095640147694748	0.763001	1.0
9439	3135	0.07381481702456459	0.5456435311933705	0.28900099999999995	1.0
9440	2508	0.011328724845773408	0.06060662940092074	0.890001	1.0
9441	2389	0.029778237661251306	0.17627252056706427	0.6580010000000001	1.0
9442	0	0.013412858189690758	0.07259894334479493	0.851001	1.0
9443	0	0.06603353566605634	0.4702405342991186	0.340001	1.0
9449	3682	0.07614177291824559	0.5690741106819257	0.255001	1.0
9452	1567	0.05984695059904594	0.4134843111433296	0.36100099999999996	1.0
9454	0	0.0637719928802908	0.44916781587176535	0.37100099999999997	1.0
9458	3135	0.042855694707477555	0.27174920516704193	0.582001	1.0
9461	1065	0.04553062810377422	0.2927147127882094	0.500001	1.0
9467	0	0.11981812860383377	1.0874362454415374	0.078001	1.0
9471	0	0.037407097424802443	0.23056591489224143	0.599001	1.0
9475	1555	0.048053358101543105	0.31294322817747433	0.47900099999999995	1.0
9481	0	0.09168028923488063	0.7361610463280546	0.236001	1.0
9482	985	0.07891179952764718	0.5975010041178043	0.238001	1.0
9483	0	0.0	-0.0	1.0	1.0
9487	0	0.048353132021519675	0.3153765572434565	0.462001	1.0
9488	0	0.036125049118911456	0.2211690942954927	0.609001	1.0
9491	0	0.05755347660938177	0.3931521471923304	0.40800099999999995	1.0
9492	1223	0.047174219420070426	0.3058433804770673	0.49400099999999997	1.0
9493	0	0.07895031820179774	0.5979004111193433	0.276001	1.0
9496	3556	0.11159030418408364	0.9780616755457967	0.11700100000000001	1.0
9497	464	0.0	-0.0	1.0	1.0
9501	0	0.05677009340148989	0.38629431248112145	0.41400099999999995	1.0
9504	1397	0.08227695552708274	0.6328229550000779	0.236001	1.0
9505	2579	0.07993168630719547	0.608114590859824	0.240001	1.0
9506	0	0.020070535696796114	0.11271554316895556	0.765001	1.0
9508	2161	0.002466016702918041	0.012545240481387868	0.972001	1.0
9510	1357	0.15541718304478874	1.6267710933752435	0.023001	1.0
9513	0	0.0006656575802160558	0.0033514741587603344	0.989001	1.0
9514	349	0.0120895424639135	0.06495354071152419	0.872001	1.0
9516	0	0.11755325429503098	1.0567701692967648	0.023001	1.0
9517	1780	0.11641449110594924	1.0415122789871814	0.08500100000000001	1.0
9520	2491	0.090240505722441	0.7198918163147991	0.182001	1.0
9525	2445	0.10199999563166318	0.8575692842514104	0.145001	1.0
9526	1957	0.041114667377641405	0.2583688026633487	0.5370010000000001	1.0
9527	0	0.007962296849344859	0.04179573623539951	0.9090010000000001	1.0
9531	0	0.04484718378422525	0.28731086780625753	0.5360010000000001	1.0
9536	4279	0.0626995649519501	0.43930639706658964	0.36600099999999997	1.0
9541	4280	0.11695583834607101	1.048752209421549	0.099001	1.0
9542	4281	0.03993491118301592	0.24942017667319497	0.5470010000000001	1.0
9543	3374	0.06693223569908462	0.4787191831781298	0.43400099999999997	1.0
9544	3437	0.0182155820990469	0.10125888246281971	0.7980010000000001	1.0
9545	0	0.14433662584322718	1.4471496328540028	0.018001	1.0
9548	3952	0.006724863824862967	0.035053292345954876	0.9180010000000001	1.0
9551	3682	0.010322518751984158	0.0549120339399254	0.897001	1.0
9552	3870	0.09129636567119598	0.7318068953730894	0.187001	1.0
9559	0	0.02127981138350689	0.12030183053804282	0.771001	1.0
9561	3951	0.06654090985088043	0.4750199417629173	0.337001	1.0
9562	3282	0.032059978444099364	0.1921043981189765	0.734001	1.0
9564	4280	0.07821587387726289	0.590304306878932	0.29000099999999995	1.0
9567	2806	0.0032033484544864276	0.01636528855349539	0.964001	1.0
9569	0	0.054248011307544815	0.3645151103939658	0.47000099999999995	1.0
9570	0	0.07475264234406276	0.5550374884217508	0.265001	1.0
9571	0	0.03007235645267471	0.17829394009844718	0.642001	1.0
9572	0	0.03673840542476896	0.2256508553316058	0.580001	1.0
9573	4282	0.04481137362348356	0.2870286191228981	0.5570010000000001	1.0
9576	0	0.028131265806226935	0.1650583915181654	0.703001	1.0
9583	3261	0.09934105129530596	0.8254769403091	0.148001	1.0
9585	3674	0.04451172743336529	0.2846703533268991	0.508001	1.0
9588	2823	0.022676550897256204	0.12918027167061774	0.732001	1.0
9589	4008	0.015859101854943106	0.08701700740800238	0.823001	1.0
9590	1252	0.08029126293112578	0.6118755237311038	0.267001	1.0
9596	4007	0.04025859202614808	0.2518658650932712	0.565001	1.0
9597	1797	0.05461138147491963	0.3676248659861604	0.43500099999999997	1.0
9598	2569	0.09771509032844357	0.8061307503055455	0.158001	1.0
9605	0	0.05893332476929123	0.4053391986774578	0.392001	1.0
9606	0	0.015036162127292252	0.08212516977512216	0.835001	1.0
9607	0	0.0638683212572403	0.45005772167699487	0.35500099999999996	1.0
9612	1147	0.0558869287522989	0.3786159244709397	0.449001	1.0
9613	1611	0.028945958243873707	0.17058330491422838	0.6860010000000001	1.0
9614	1530	0.20759836259703945	2.623103491008575	0.001001	0.9387985428571429
9616	2313	0.1579536587863754	1.6694170312288446	0.015000999999999999	1.0
9620	0	0.03772708037363571	0.23292858030021352	0.583001	1.0
9621	576	0.023852855125926817	0.13675454627348074	0.716001	1.0
9624	0	0.06281781614178766	0.44038963405664516	0.37100099999999997	1.0
9625	3972	0.06130767807731279	0.4266328486577614	0.49800099999999997	1.0
9628	0	0.07450903466106837	0.5525909552403863	0.28300099999999995	1.0
9637	985	0.16535588272233842	1.7971674213991125	0.012001	1.0
9642	0	0.03315321518132505	0.19981226275108854	0.633001	1.0
9645	0	0.08673261191555409	0.6809318805409502	0.213001	1.0
9646	0	0.09100272959175187	0.7284845208056264	0.196001	1.0
9647	182	0.10180449295406983	0.855190342865135	0.146001	1.0
9651	0	0.021051388865030836	0.11886170976211138	0.774001	1.0
9652	3431	0.08198388542449034	0.6297122708960542	0.227001	1.0
9656	963	0.03877336507379703	0.24070255300710902	0.595001	1.0
9657	0	0.029798622226502067	0.17641243564219197	0.6680010000000001	1.0
9658	1185	0.017563402779543585	0.09728244175988943	0.7950010000000001	1.0
9659	4237	0.01006747442498175	0.05347841842831486	0.890001	1.0
9660	2133	0.04377248133485925	0.2788789729910444	0.5420010000000001	1.0
9664	0	0.09779008006006862	0.8070183665811677	0.166001	1.0
9666	1657	0.024790684540211005	0.14285713438383021	0.716001	1.0
9668	1217	0.09534426226065244	0.7782988495593003	0.187001	1.0
9670	3282	0.01506564297878249	0.08229968636176146	0.843001	1.0
9671	0	0.07368170484521075	0.5443155522075349	0.394001	1.0
9673	2320	0.03648932205434666	0.22382775452561057	0.608001	1.0
9674	0	0.06809316717772632	0.48976029612026095	0.334001	1.0
9676	2106	0.06529079137259362	0.46327822970394517	0.35200099999999995	1.0
9677	2260	0.014605185463914264	0.07958009786400944	0.824001	1.0
9679	0	0.0031561991100677138	0.016120055705910803	0.960001	1.0
9683	1696	0.19360018740758336	2.3307556862650443	0.004001	1.0
9686	0	0.049490423077349875	0.32466558541890767	0.47700099999999995	1.0
9688	0	0.05440668321736522	0.36587187873369403	0.41700099999999996	1.0
9690	874	0.013992444301267856	0.07598147186759785	0.829001	1.0
9694	0	0.102918288372801	0.8687844780544947	0.119001	1.0
9697	874	0.03955455470587222	0.24655539940150106	0.581001	1.0
9699	0	0.01456788098468182	0.0793603436510447	0.829001	1.0
9701	0	0.07475572037654366	0.5550684295192478	0.28500099999999995	1.0
9704	2744	0.10901811719348309	0.9450113091928966	0.122001	1.0
9705	2790	0.09505502380794369	0.7749339003419845	0.212001	1.0
9706	2931	0.043309093687642984	0.2752679934295439	0.631001	1.0
9707	1837	0.0275561551169538	0.161184411745796	0.717001	1.0
9712	985	0.10162465725791868	0.8530047526623692	0.146001	1.0
9718	0	0.04526460429895121	0.2906074626429193	0.5440010000000001	1.0
9719	0	0.04188077461740973	0.2642309264684343	0.5400010000000001	1.0
9720	0	0.040317735798678325	0.2523135212351415	0.581001	1.0
9722	4288	0.03396553933723685	0.2055911766335754	0.606001	1.0
9723	0	0.061900087186510425	0.43200962229976725	0.396001	1.0
9725	3572	0.02786548496019487	0.16326538598072995	0.6730010000000001	1.0
9729	2491	0.11911706918970853	1.0778984368794906	0.081001	1.0
9735	2370	3.701303445811932e-05	0.0001856797370134734	1.0	1.0
9737	742	0.11313863327136192	0.9982175497767004	0.097001	1.0
9740	2235	0.0018702959223785565	0.009482156569603101	0.982001	1.0
9741	0	0.04441138947932256	0.283882068338286	0.528001	1.0
9742	0	0.09839519793658116	0.8141972361315218	0.158001	1.0
9746	3303	0.0028039765373073823	0.014292214703343454	0.965001	1.0
9748	0	0.011357797055898733	0.06077208156778374	0.869001	1.0
9752	3346	0.052421183085009725	0.3490236364424098	0.442001	1.0
9753	0	0.0	-0.0	1.0	1.0
9754	0	0.07976590175378358	0.6063839243614811	0.236001	1.0
9758	1647	0.005131575360425005	0.02650680571113398	0.959001	1.0
9761	3145	0.016015028687230492	0.08794864539140496	0.827001	1.0
9762	4291	0.015433507361794524	0.08448186288373934	0.823001	1.0
9764	3682	0.09228052675601026	0.7429916626301348	0.177001	1.0
9767	0	0.07416951304301138	0.5491886336824081	0.275001	1.0
9769	1467	0.03649891524748866	0.2238978918308143	0.600001	1.0
9771	1299	0.03556081169586395	0.217068642712381	0.615001	1.0
9772	0	0.0	-0.0	1.0	1.0
9776	0	0.000900512851515576	0.004540072309135099	0.991001	1.0
9782	0	0.07433584984476185	0.5508543965254317	0.29700099999999996	1.0
9788	0	0.11755325429503098	1.0567701692967648	0.023001	1.0
9791	2345	0.0390961624139271	0.24311598262962636	0.590001	1.0
9792	2249	0.0	-0.0	1.0	1.0
9794	1728	0.018649270587540373	0.10391797730575547	0.8080010000000001	1.0
9803	0	0.03114640953563713	0.18572421748229018	0.653001	1.0
9804	1689	0.0881033953460035	0.6960420849797403	0.210001	1.0
9809	3455	0.0028122788108859076	0.014335215013989032	0.978001	1.0
9813	0	0.1544045783837838	1.6099060857706597	0.022001	1.0
9814	4298	0.014448774638120606	0.07865928648962876	0.816001	1.0
9824	0	0.07210335379782803	0.5286708722466263	0.312001	1.0
9825	3190	0.0043879535310214005	0.022569668632926043	0.962001	1.0
9826	0	0.057304103819731306	0.39096430967239837	0.41500099999999995	1.0
9831	0	0.012270904492750246	0.06599498511081342	0.863001	1.0
9834	1035	0.018717625697112297	0.10433816846039246	0.8030010000000001	1.0
9835	0	0.06651924129826814	0.4748154376645728	0.337001	1.0
9836	0	0.028592227629520246	0.16817909829244113	0.697001	1.0
9838	624	0.0057794094859398015	0.029963563956893303	0.938001	1.0
9840	988	0.025477586675956485	0.1473629824505513	0.720001	1.0
9843	0	0.0	-0.0	1.0	1.0
9844	0	0.06082121888262968	0.4222368144102365	0.386001	1.0
9850	0	0.03785680460259529	0.23388840512955897	0.589001	1.0
9851	529	0.043988216704529695	0.280565170929355	0.510001	1.0
9853	0	0.038177966528660276	0.23626958232112255	0.574001	1.0
9855	3540	0.06110368336221047	0.42478729100470136	0.394001	1.0
9859	3972	0.0420155366805037	0.2652662730368917	0.525001	1.0
9862	3135	0.02850169020243218	0.16756506124038534	0.6780010000000001	1.0
9865	1068	0.020810863200555727	0.11734887698613457	0.8080010000000001	1.0
9867	3682	0.0	-0.0	1.0	1.0
9876	0	0.05288923648713276	0.35297007927071017	0.439001	1.0
9877	0	0.023585924516846046	0.1350279619580793	0.724001	1.0
9880	4303	8.816198631474148e-05	0.00044240440000560094	0.999001	1.0
9884	0	0.02406825257687124	0.13815114645917617	0.725001	1.0
9885	0	0.025253129860858762	0.14588725918159123	0.753001	1.0
9886	0	0.053699533496601747	0.35983904481772533	0.464001	1.0
9888	0	0.07588615232085845	0.5664802048070641	0.276001	1.0
9889	1283	0.11089894209555407	0.9691251188531947	0.106001	1.0
9890	1606	0.026744641027262372	0.15575477046045727	0.702001	1.0
9895	0	0.1194731771630048	1.082738120979293	0.078001	1.0
9898	918	0.04669652032815863	0.30200819208105745	0.5310010000000001	1.0
9902	2373	0.06581987828657875	0.4682335932469712	0.337001	1.0
9904	0	0.08027179527455498	0.6116716517183814	0.225001	1.0
9906	0	0.05008614696373709	0.3295675966996954	0.47500099999999995	1.0
9911	4021	0.02838916484521637	0.16680264850682242	0.6780010000000001	1.0
9912	0	0.005114136495108667	0.026414099181064573	0.9320010000000001	1.0
9913	1147	0.08958868437949033	0.7125797922445238	0.206001	1.0
9916	0	0.02254452780528956	0.128335716471879	0.765001	1.0
9918	1900	0.02772220949636569	0.1623007418456936	0.6860010000000001	1.0
9919	0	0.017493602705660173	0.09685844377826744	0.7920010000000001	1.0
9920	3755	0.05506642613108287	0.3715324961645542	0.43300099999999997	1.0
9922	0	0.14908823376717245	1.5228519165331016	0.027001	1.0
9923	887	0.0072643140153755646	0.03798131176308506	0.9270010000000001	1.0
9924	529	0.029882599351147916	0.176989124615905	0.6790010000000001	1.0
9926	0	0.09031345667011202	0.7207122372074971	0.201001	1.0
9927	3387	0.0643732159972138	0.45473320928328936	0.386001	1.0
9931	3017	0.05048303647700654	0.332847360230665	0.459001	1.0
9932	1442	0.02099895213051672	0.11853158462323382	0.749001	1.0
9940	0	0.007132433957986206	0.037263884006717915	0.9240010000000001	1.0
9943	752	0.005058189906738453	0.026116804176667573	0.941001	1.0
9944	0	0.015270934719757392	0.08351644168966081	0.831001	1.0
9947	0	0.06104595512302195	0.4242655689882536	0.378001	1.0
9949	1780	0.03837444205990007	0.23772975476427297	0.586001	1.0
9958	0	0.04953509038983651	0.3250322704811884	0.47900099999999995	1.0
9959	3636	0.004250672550860316	0.021846411645626194	0.953001	1.0
9962	0	0.036831605356254474	0.226334085441112	0.608001	1.0
9970	3480	0.012383379102395821	0.06664186830577344	0.856001	1.0
9974	0	0.03846657632181543	0.23841538403416523	0.584001	1.0
9976	1628	0.13111534041607645	1.2468160369106975	0.059001	1.0
9978	1985	0.01492605903202367	0.0814738745091484	0.825001	1.0
9979	0	0.0	-0.0	1.0	1.0
9981	0	0.13672017232814065	1.3299047509925785	0.044001	1.0
9982	742	0.05348805212004779	0.3580417859249596	0.43200099999999997	1.0
9983	0	0.018847796955148006	0.10513917027348316	0.7880010000000001	1.0
9984	1034	0.05944796816841275	0.40991987980106137	0.40700099999999995	1.0
9990	917	0.031058755966887747	0.18511497226600737	0.6570010000000001	1.0
9991	0	0.04579268728489256	0.2947953709083719	0.5380010000000001	1.0
9993	4288	0.07930626246698261	0.6015966166264834	0.338001	1.0
9994	4310	0.058417971998702356	0.4007714179626691	0.41200099999999995	1.0
9995	532	0.03777636828955381	0.233293125373914	0.569001	1.0
10001	0	0.05476543748049529	0.36894614088019956	0.451001	1.0
10002	3478	0.0669355204374043	0.4787502820675553	0.343001	1.0
10010	2260	0.1013977470806555	0.850250758146939	0.149001	1.0
10018	3708	0.027685469788503725	0.1620535972920382	0.694001	1.0
10021	1151	0.15936936392318862	1.693469184894918	0.021001000000000002	1.0
10024	3145	0.07835585452264693	0.59174890836068	0.279001	1.0
10025	2239	0.038809447590225525	0.24097197581655738	0.6750010000000001	1.0
10028	0	0.040493055311462516	0.2536419113002973	0.578001	1.0
10029	2733	0.0366137190299437	0.22473772199790557	0.594001	1.0
10034	2409	0.03534292536955315	0.21549094532993956	0.639001	1.0
10035	1241	0.07600681162138916	0.5677039765270137	0.278001	1.0
10036	0	0.007119710123388981	0.03719472151023096	0.9210010000000001	1.0
10037	917	0.05005856283376916	0.3293400637418634	0.590001	1.0
10042	0	0.05115228564393002	0.3384030188937382	0.47500099999999995	1.0
10045	0	0.08626409334105928	0.6758008752383426	0.238001	1.0
10046	1611	0.005355493748532961	0.027698781339519408	0.9350010000000001	1.0
10047	3870	0.018781330676324908	0.10473003994185957	0.773001	1.0
10049	0	0.1343349061227714	1.2942158661323535	0.043001	1.0
10052	1147	0.06460544054027463	0.45688997147810606	0.36300099999999996	1.0
10055	762	0.029810155395390624	0.17649160885365575	0.744001	1.0
10058	994	0.018388071431360238	0.10231505433519825	0.774001	1.0
10060	0	0.06427898517874295	0.453859180469099	0.36300099999999996	1.0
10061	0	0.0	-0.0	1.0	1.0
10063	171	0.013115217540830233	0.07086993931826534	0.848001	1.0
10068	2554	0.03929636570648664	0.24461638973539185	0.571001	1.0
10072	1756	0.0030851188304394025	0.015750600686937705	0.964001	1.0
10075	1727	0.09514093062839823	0.7759326337282462	0.183001	1.0
10079	1367	0.07816703442862044	0.5898006344296289	0.253001	1.0
10082	0	0.11344950578856142	1.0022881657190723	0.097001	1.0
10089	1343	0.07600948622972746	0.5677311158929788	0.252001	1.0
10090	0	0.07081816160216296	0.5160700169548118	0.312001	1.0
10091	2710	0.04284294697812201	0.2716504761928974	0.516001	1.0
10092	742	0.015264637427089459	0.0834790789395116	0.831001	1.0
10094	1065	0.10294958535365034	0.8691679062646596	0.139001	1.0
10095	0	0.06364202241366015	0.4479681949175871	0.379001	1.0
10097	0	0.08631833155391816	0.6763939956396761	0.238001	1.0
10101	2088	0.007794779047170429	0.04087759221643764	0.9180010000000001	1.0
10103	0	0.0877610913557691	0.6922551539623023	0.240001	1.0
10107	1147	0.041046691710172015	0.2578506096407547	0.584001	1.0
10109	0	0.014378357917749454	0.07824522900386667	0.832001	1.0
10111	3915	0.044436215982060254	0.28407704779731296	0.5370010000000001	1.0
10117	0	0.005848925429983781	0.03033597650500276	0.948001	1.0
10118	3145	0.0421812951108861	0.2665414706989232	0.581001	1.0
10121	349	0.014952233990362612	0.08162863957239257	0.858001	1.0
10122	1185	0.11916744753105202	1.0785824628933756	0.081001	1.0
10123	987	0.07264556821736963	0.5340242211145589	0.29700099999999996	1.0
10127	0	0.0263663440717209	0.15323835197939462	0.705001	1.0
10129	935	0.049598736511238466	0.3255550000604524	0.462001	1.0
10132	4126	0.034461260993484844	0.209139451324257	0.622001	1.0
10133	134	0.020083387744767728	0.11279568058247225	0.766001	1.0
10134	1604	0.08316679914417381	0.6423083526210002	0.223001	1.0
10135	0	0.02915772451110133	0.17202655376043718	0.706001	1.0
10136	56	0.07930626246698261	0.6015966166264834	0.338001	1.0
10137	2048	0.1480015137992099	1.5053638445365505	0.033001	1.0
10152	1038	0.04445911021413412	0.2842568896807529	0.511001	1.0
10153	932	0.10887556256278427	0.9431954042897449	0.113001	1.0
10156	2424	0.06151248573944238	0.4284888119588437	0.390001	1.0
10157	0	0.014982518715565704	0.08180775762831699	0.831001	1.0
10158	917	0.009375633613980416	0.04960945096982635	0.9060010000000001	1.0
10160	918	0.11387021290343421	1.0078096311368094	0.094001	1.0
10163	0	0.04683376745000514	0.30310844313624524	0.504001	1.0
10167	1932	0.015191837569854006	0.0830473259253525	0.823001	1.0
10168	0	0.10510221153682309	0.8957298311872174	0.134001	1.0
10169	0	0.19077054448479022	2.2739391694997715	0.002001	0.9387985428571429
10183	0	0.0066452792258973326	0.03462279994275585	0.9340010000000001	1.0
10187	0	0.06652901497118743	0.4749076756236752	0.34800099999999995	1.0
10189	0	0.08420625735742816	0.6534658463740286	0.211001	1.0
10190	3431	0.04051048373286571	0.25377408078065866	0.569001	1.0
10192	135	0.09218031233133782	0.7418492670787271	0.194001	1.0
10194	2249	0.08673430832879774	0.6809504898702693	0.204001	1.0
10196	1060	0.03100539915798694	0.1847443593600584	0.6850010000000001	1.0
10204	0	0.13311868484560804	1.2762061249000827	0.046001	1.0
10205	3762	0.007941202195161607	0.04168002612639563	0.9300010000000001	1.0
10206	0	0.09027864268787442	0.720320660239191	0.198001	1.0
10211	0	0.04477144320115996	0.2867140002841922	0.5540010000000001	1.0
10219	0	0.0025144113238637564	0.01279498968446838	0.971001	1.0
10220	0	0.061307678077312806	0.4266328486577613	0.48900099999999996	1.0
10223	3416	0.017436128627492626	0.09650954929910566	0.871001	1.0
10224	0	0.009060544690633804	0.047857005177510466	0.900001	1.0
10226	0	0.09730484685665243	0.8012828229636069	0.167001	1.0
10232	1306	0.04054574857180616	0.25404157738745115	0.5540010000000001	1.0
10234	946	0.017108517041535543	0.09452475300958807	0.8060010000000001	1.0
10238	0	0.1025287408438178	0.8640186165450103	0.114001	1.0
10239	0	0.017535441163149052	0.09711255320966859	0.7950010000000001	1.0
10240	1835	0.007890412241885775	0.04140153885244137	0.9200010000000001	1.0
10246	1657	0.006592005964800841	0.034334843726099094	0.9300010000000001	1.0
10249	3270	0.06163919516717595	0.4296385818865759	0.392001	1.0
10251	1185	0.027152666525628817	0.1584793963193579	0.720001	1.0
10255	103	0.01786505252934996	0.0991183225537634	0.8010010000000001	1.0
10256	0	0.013700517171431947	0.07427515852388968	0.837001	1.0
10258	0	0.021546789455322665	0.12198924840456958	0.767001	1.0
10259	1984	0.16702590255054459	1.8266727656402009	0.019001	1.0
10265	0	0.010585768973358799	0.05639592758077863	0.886001	1.0
10268	3335	0.0006196535985253772	0.0031190244486806453	0.990001	1.0
10271	0	0.012343576867261282	0.0664128620630744	0.863001	1.0
10274	0	0.02226072469330895	0.1265240025572907	0.741001	1.0
10277	3576	0.04379011375432949	0.27901666799146774	0.49400099999999997	1.0
10279	0	0.13559078680904263	1.3129457818826773	0.050001000000000004	1.0
10282	2258	0.07940016771889703	0.6025733619753465	0.249001	1.0
10283	0	0.039451279106118	0.24577925007739956	0.580001	1.0
10288	0	0.0477658436336491	0.3106153307785718	0.501001	1.0
10291	1716	0.15106449435270775	1.554921279078018	0.027001	1.0
10298	3509	0.0	-0.0	1.0	1.0
10300	0	0.10180449295406983	0.855190342865135	0.146001	1.0
10303	0	0.042549547098745075	0.2693812406629546	0.5500010000000001	1.0
10305	0	0.050870885735031124	0.3360631666934437	0.500001	1.0
10308	4073	0.050373303509395215	0.33193945106976247	0.47000099999999995	1.0
10310	0	0.007800345620156343	0.04090807477677519	0.901001	1.0
10313	887	0.10538393333946232	0.8992337744856052	0.119001	1.0
10315	987	0.017436128627492626	0.09650954929910566	0.871001	1.0
10323	1661	0.02316519163267184	0.13231585054268466	0.741001	1.0
10326	1254	0.039982533743164426	0.2497795571055909	0.580001	1.0
10327	742	0.14998148682720652	1.5373043825036654	0.025001000000000002	1.0
10329	1797	0.1252677426046815	1.162977466323833	0.077001	1.0
10335	0	0.06739866396644101	0.483143177489545	0.34400099999999995	1.0
10337	0	0.039199723467695916	0.24389177147585606	0.585001	1.0
10351	1797	0.03179377122190154	0.1902395421403038	0.649001	1.0
10353	1768	0.01550670735865052	0.08491709080145905	0.830001	1.0
10354	0	0.07868970972005962	0.5952003220261067	0.272001	1.0
10355	0	0.026981431138163724	0.1573346348878247	0.706001	1.0
10356	0	0.03657840812198594	0.2244793154798687	0.604001	1.0
10358	0	0.12600756682696976	1.1734248413817734	0.063001	1.0
10363	0	0.05222883167576219	0.3474063183257505	0.445001	1.0
10365	0	0.029964482406183802	0.1775518809000001	0.6600010000000001	1.0
10366	2007	0.0034672849760640292	0.01774049053231308	0.959001	1.0
10368	0	0.05574111577954831	0.3773535888860631	0.41700099999999996	1.0
10369	0	0.0005624557621771813	0.002830185728706414	0.998001	1.0
10373	0	0.05356557546417956	0.3587002421879747	0.42600099999999996	1.0
10377	1075	0.10649467517178735	0.9131113395221303	0.108001	1.0
10379	1060	0.10405538681991365	0.8827660395642263	0.116001	1.0
10384	0	0.16737849750085804	1.8329346456793116	0.007001	1.0
10385	3039	0.10231265987453245	0.8613802688969534	0.132001	1.0
10386	887	0.07154813154018784	0.5232119414902778	0.30700099999999997	1.0
10388	3477	0.05225799718827558	0.3476513771165797	0.47100099999999995	1.0
10389	0	0.11426430158864262	1.0129949644939091	0.099001	1.0
10392	1913	0.03345339222667951	0.2019426014612827	0.640001	1.0
10393	1111	0.022058156757264417	0.12523402451155421	0.736001	1.0
10395	1342	0.06172858164822679	0.43045038533627705	0.36900099999999997	1.0
10399	2448	0.05567262294437855	0.3767611576108288	0.41900099999999996	1.0
10400	1605	0.07994161150244632	0.6082182691170986	0.263001	1.0
10404	0	0.018363728149308436	0.10216588400749317	0.762001	1.0
10410	0	0.010331338351024365	0.0549616800962805	0.883001	1.0
10412	137	0.04492796217424551	0.2879478741174903	0.5530010000000001	1.0
10416	2239	0.03629646785425481	0.22241908547871325	0.601001	1.0
10421	1525	0.061099502423042115	0.4247494973930117	0.41000099999999995	1.0
10423	4244	0.006239349717188935	0.032432922520304205	0.9190010000000001	1.0
10425	0	0.016049280093514924	0.0881534953145631	0.818001	1.0
10428	1065	0.037103601669032364	0.2283313936372037	0.587001	1.0
10430	0	0.0	-0.0	1.0	1.0
10431	5	0.055088716259149594	0.37172429015782466	0.463001	1.0
10437	0	0.006816183145249462	0.03554772784704199	0.9130010000000001	1.0
10438	5	0.06805232294537336	0.48937014851204585	0.336001	1.0
10439	2946	0.10409676671813514	0.8832768051950477	0.125001	1.0
10442	1397	0.09202546602564557	0.7400856477425487	0.158001	1.0
10444	1283	0.010254570083909325	0.05452970474385983	0.894001	1.0
10445	1106	0.034523506059474386	0.20958615227289068	0.611001	1.0
10446	2568	0.05991147140764525	0.41406181244704077	0.448001	1.0
10448	4078	0.05961456525299025	0.4114068215474684	0.394001	1.0
10449	1077	0.0586391030588514	0.4027290389661357	0.43300099999999997	1.0
10450	1990	0.07646966956831071	0.5724086839088205	0.28900099999999995	1.0
10454	2403	0.035112273101072365	0.2138242889097488	0.626001	1.0
10456	1120	0.06803972836003747	0.48924986892732103	0.319001	1.0
10457	0	0.03287077386625174	0.19781328330809103	0.624001	1.0
10465	4280	0.01672861526354132	0.09223158837277984	0.818001	1.0
10466	0	0.06272213353859345	0.43951305702789983	0.37000099999999997	1.0
10470	0	0.04998161190544924	0.32870560303320023	0.47300099999999995	1.0
10471	1254	0.013124354308137527	0.07092293382569688	0.853001	1.0
10475	3708	0.031028020433479866	0.18490146224228635	0.6610010000000001	1.0
10478	0	0.004336539119779411	0.02229866411652788	0.945001	1.0
10481	0	0.044459479451056313	0.28425979045851885	0.523001	1.0
10484	4325	0.06020116173159765	0.4166584460607628	0.400001	1.0
10485	348	0.06499672038248211	0.46053291507180083	0.340001	1.0
10486	0	0.08326658203111924	0.6433758021390417	0.215001	1.0
10490	0	0.014446507447980178	0.07864595039225307	0.837001	1.0
10491	0	0.041822288805929815	0.2637819816634073	0.563001	1.0
10493	2349	0.020126884835098325	0.11306697930015054	0.768001	1.0
10497	0	0.09526922185621517	0.7774252064006166	0.168001	1.0
10498	3708	0.056313316613291725	0.3823160172723501	0.404001	1.0
10500	0	0.0	-0.0	1.0	1.0
10501	1217	0.017414756455738728	0.09637986314436775	0.7940010000000001	1.0
10508	4133	0.08639244930370923	0.6772048773141794	0.195001	1.0
10509	602	0.004809872139773463	0.024799509372812473	0.938001	1.0
10515	0	0.008428033182560711	0.04435726161533704	0.9070010000000001	1.0
10516	1442	0.01138589763585085	0.060932053235884485	0.864001	1.0
10519	3999	0.06553058556321392	0.46552155583822874	0.329001	1.0
10521	4008	0.05265074905407661	0.3509573005936676	0.448001	1.0
10523	1727	0.07742269443526985	0.5821468499574267	0.262001	1.0
10527	1343	0.06391947405927682	0.45053056095840527	0.34900099999999995	1.0
10529	138	0.038324779797671946	0.23736042572641278	0.637001	1.0
10530	3657	0.06878658727045527	0.4964028092941877	0.31100099999999997	1.0
10532	0	0.054649399726829605	0.3679507751188776	0.41900099999999996	1.0
10535	0	0.011649797743889675	0.062436747488401445	0.882001	1.0
10538	1612	0.07301473751469918	0.537681705242168	0.265001	1.0
10539	0	0.0805796840477441	0.6148993673507879	0.251001	1.0
10546	3335	0.06204706655292712	0.4333475888374779	0.35400099999999995	1.0
10548	0	0.10443325411472024	0.8874353099796672	0.163001	1.0
10550	3432	0.03305071083842259	0.1990861728503666	0.615001	1.0
10552	0	0.0737593011495907	0.5450895209913814	0.30200099999999996	1.0
10559	0	0.004234299589923662	0.021760226067271182	0.950001	1.0
10560	0	0.06544902215644646	0.4647580371010164	0.35300099999999995	1.0
10561	0	0.1388061844452934	1.3615170771660186	0.056001	1.0
10562	3632	0.019024121149850366	0.1062258783391355	0.7950010000000001	1.0
10563	0	0.09227548892187593	0.7429342149212592	0.172001	1.0
10566	38	0.1701427901193463	1.8824188203911174	0.014001	1.0
10567	1766	0.015988826083902705	0.08779198297052083	0.821001	1.0
10577	0	0.041634231867938354	0.26234002486659774	0.593001	1.0
10578	532	0.003275857834587295	0.01674267918952477	0.963001	1.0
10579	0	0.03880386854795949	0.24093031214411345	0.587001	1.0
10585	0	0.035162822799250044	0.21418924701607606	0.627001	1.0
10594	1647	0.042984060292833005	0.272743999245591	0.529001	1.0
10596	0	0.16140172790354063	1.7283120639853258	0.017001000000000002	1.0
10599	0	0.036532679250970646	0.22414479505012644	0.601001	1.0
10600	0	0.0	-0.0	1.0	1.0
10602	735	0.028301435286736794	0.16620881508366941	0.698001	1.0
10612	3240	0.055355699337182096	0.37402429479240906	0.403001	1.0
10615	1197	0.010609665324505375	0.056530835968741824	0.876001	1.0
10617	0	0.010512701383874331	0.055983635662941324	0.887001	1.0
10620	4237	0.03523856641717288	0.2147364212932101	0.628001	1.0
10622	2491	0.0	-0.0	1.0	1.0
10626	917	0.0008368398953981643	0.00421750771190822	0.994001	1.0
10630	3282	0.0	-0.0	1.0	1.0
10634	0	0.05280153956215333	0.35222946730474486	0.437001	1.0
10637	1860	0.01535531844150783	0.0840173405862364	0.813001	1.0
10649	0	0.03077864764382941	0.18317146029877981	0.6680010000000001	1.0
10653	0	0.060827771614641715	0.4222959156500929	0.36400099999999996	1.0
10655	874	0.050128968553879105	0.32992092510074283	0.47200099999999995	1.0
10659	1993	0.13346985863848004	1.281393301335269	0.052001	1.0
10660	0	0.08442978674516816	0.6558760946649664	0.210001	1.0
10661	0	0.07997201933627297	0.6085359552154597	0.281001	1.0
10667	3132	0.05418442503203323	0.3639719030213862	0.459001	1.0
10668	918	0.00033753552467102876	0.0016962216896449448	0.997001	1.0
10674	0	0.06693223569908462	0.4787191831781298	0.43400099999999997	1.0
10676	0	0.009561747957012087	0.0506473984922127	0.9330010000000001	1.0
10683	916	0.05028351672535018	0.3311972051961979	0.450001	1.0
10684	0	0.0120908277029294	0.06496091390327385	0.860001	1.0
10685	3478	0.096848432252679	0.7959050118089063	0.150001	1.0
10686	0	0.12119603446197025	1.1063017856404218	0.078001	1.0
10692	2043	0.046316587572707485	0.2989692919260436	0.515001	1.0
10693	0	0.02325853202480172	0.13291655500253352	0.702001	1.0
10698	4338	0.07890507712930317	0.5974313099680333	0.240001	1.0
10699	2689	0.08337171746966326	0.6445013418725243	0.219001	1.0
10706	0	0.06018805765503068	0.41654085629785587	0.36200099999999996	1.0
10712	0	0.033970997366809065	0.2056301545175204	0.641001	1.0
10716	0	0.00853289881895776	0.04493582140468144	0.892001	1.0
10719	2373	0.06871704729631126	0.49573504978773386	0.30100099999999996	1.0
10722	0	0.006195268724031568	0.032195710477940974	0.9360010000000001	1.0
10724	0	0.05828299672150909	0.3995782512301149	0.41900099999999996	1.0
10726	0	0.003814708352684087	0.01955694794388093	0.961001	1.0
10729	0	0.05850395436254213	0.40153217935890717	0.41500099999999995	1.0
10731	0	0.16156479608568874	1.7311237822958194	0.018001	1.0
10732	3145	0.09978475576821363	0.8307929221774302	0.170001	1.0
10733	532	0.05710287813027273	0.38920215121511714	0.41300099999999995	1.0
10736	141	0.052758717972011336	0.35186803215825285	0.41200099999999995	1.0
10740	2813	0.0529409357895021	0.3534069429624448	0.49100099999999997	1.0
10743	1	0.013760826606783665	0.07462723524522832	0.823001	1.0
10744	2844	0.015393541540210512	0.08424437741308195	0.8060010000000001	1.0
10745	1369	0.0636442180778145	0.44798845049916286	0.36100099999999996	1.0
10746	3043	0.0024005279650191683	0.012207492671800307	0.976001	1.0
10747	1306	0.0	-0.0	1.0	1.0
10751	0	0.019127372659456694	0.10686314241978404	0.7840010000000001	1.0
10753	0	0.1391466929365337	1.366712912960141	0.042001000000000004	1.0
10754	2205	0.09160282269491045	0.7352815512276334	0.186001	1.0
10755	3786	0.05255663332922044	0.35016409854961533	0.456001	1.0
10756	1179	0.14543660836735006	1.464498732429054	0.036001	1.0
10759	19	0.03511475387203872	0.21384219554420078	0.604001	1.0
10763	1689	0.003919160824801475	0.020104456575836396	0.963001	1.0
10766	3682	0.019685951676201362	0.11032236375462057	0.824001	1.0
10773	2408	0.10916860623289501	0.9469300823476376	0.105001	1.0
10775	0	0.030913425952616445	0.184105961946235	0.6790010000000001	1.0
10776	0	0.04502382095717346	0.28870438990704766	0.521001	1.0
10779	4342	0.017083327823276512	0.09437242580420802	0.8030010000000001	1.0
10781	2419	0.01689242270451266	0.09321925473403248	0.816001	1.0
10783	1068	0.08461547523237026	0.6578812519310238	0.229001	1.0
10784	1299	0.06693223569908462	0.4787191831781298	0.43400099999999997	1.0
10787	0	0.0034949974307073688	0.01788512022141508	0.953001	1.0
10790	0	0.013526584650737701	0.07326102712449857	0.845001	1.0
10791	0	0.08339071408843263	0.644704803271034	0.239001	1.0
10793	1442	0.004747018788217129	0.02446666043201479	0.943001	1.0
10794	3107	0.07494398565226648	0.5569622757344547	0.28500099999999995	1.0
10796	0	0.003159981460772898	0.01613972361608307	0.974001	1.0
10797	0	0.051998005017724044	0.3454689625074988	0.456001	1.0
10800	0	0.041167598324648266	0.2587725259803516	0.5450010000000001	1.0
10803	2266	0.04441514495569746	0.2839115599133537	0.530001	1.0
10808	0	0.029588422064174353	0.17497098356733892	0.642001	1.0
10810	0	0.01998817603870888	0.11220224817859063	0.7830010000000001	1.0
10812	1462	0.005066012961185196	0.02615836398515505	0.938001	1.0
10813	1110	0.0	-0.0	1.0	1.0
10820	0	0.01148310618385421	0.06148581696615785	0.844001	1.0
10823	349	0.05590243208227304	0.3787502300076798	0.441001	1.0
10824	1797	0.017490952075884185	0.09684234865582829	0.7890010000000001	1.0
10826	918	0.06639855878219207	0.473677091508812	0.36300099999999996	1.0
10830	1954	0.02271211845372419	0.12940798941234358	0.742001	1.0
10836	4345	0.01326840454318962	0.07175912515886668	0.852001	1.0
10837	1065	0.07487236636593969	0.5562415092802782	0.251001	1.0
10839	1456	0.0	-0.0	1.0	1.0
10841	0	0.0	-0.0	1.0	1.0
10842	0	0.08587240173711332	0.6715243184131144	0.20200100000000001	1.0
10843	38	0.02940328189291342	0.17370379138016337	0.6660010000000001	1.0
10844	171	0.07772304976025798	0.58523022633188	0.270001	1.0
10852	363	0.013110963334653586	0.0708452660926382	0.852001	1.0
10856	0	0.014133023274256848	0.07680503601406312	0.836001	1.0
10873	3869	0.047689637627710765	0.3099992901355065	0.503001	1.0
10874	0	0.16116661125061899	1.7242622513260863	0.015000999999999999	1.0
10877	858	0.00036169472008282764	0.001817882582466323	0.997001	1.0
10880	3131	0.031552114138370786	0.18855074127628343	0.6650010000000001	1.0
10881	0	0.006289735916739678	0.03270420676932102	0.9360010000000001	1.0
10889	0	0.032850777583540075	0.19767196115798497	0.613001	1.0
10896	0	0.14372836024029068	1.4376012865971832	0.040001	1.0
10897	0	0.009571300627285007	0.050700729782375435	0.905001	1.0
10902	2897	0.022063194591398785	0.1252660742265675	0.758001	1.0
10907	3870	0.056188046686689204	0.3812275999788484	0.42300099999999996	1.0
10909	1068	0.06941006187384337	0.5024058120280133	0.324001	1.0
10920	425	0.0707853479632598	0.5157499088339095	0.331001	1.0
10922	381	0.025102268032947184	0.14489723113620703	0.724001	1.0
10927	1203	0.09479944382318678	0.7719660382737648	0.180001	1.0
10932	2397	0.0013481029156563896	0.006814207287729235	0.987001	1.0
10933	0	0.02449898739535844	0.14095293467460002	0.711001	1.0
10934	4351	0.050573634507365225	0.3335975916084988	0.47700099999999995	1.0
10936	917	0.07472558824042105	0.5547655650568374	0.258001	1.0
10937	2532	0.010512079861256539	0.05598013004833612	0.884001	1.0
10938	0	0.017436128627492626	0.09650954929910566	0.871001	1.0
10948	2250	0.09245685095071263	0.7450035903708413	0.179001	1.0
10951	1797	0.008850215115524536	0.0466905491370868	0.894001	1.0
10952	4281	0.030935066919745003	0.18425612420474294	0.731001	1.0
10957	2371	0.13389254824755673	1.287650815471999	0.056001	1.0
10958	0	0.039293428220799606	0.24459435524806372	0.585001	1.0
10959	3999	0.1668795151589753	1.8240763277724925	0.020001	1.0
10960	0	0.020911547766112065	0.11798170367225715	0.746001	1.0
10963	0	0.009160033262268916	0.04840968627820308	0.900001	1.0
10964	0	0.011786012957318737	0.06321508181577015	0.860001	1.0
10965	0	0.026124948362220853	0.15163746379386897	0.699001	1.0
10966	0	0.023530434147404307	0.13466961023333965	0.728001	1.0
10967	1910	0.013054271259318403	0.07051657411183283	0.865001	1.0
10968	0	0.06490844900051176	0.4597100955409651	0.334001	1.0
10971	0	0.04622570591396216	0.2982438653098453	0.510001	1.0
10974	1757	0.07285968210091448	0.5361442720878248	0.29000099999999995	1.0
10978	0	0.0022909550725970125	0.011642950036409583	0.972001	1.0
10986	913	0.010976601149974355	0.05860676819072746	0.859001	1.0
10989	0	0.0	-0.0	1.0	1.0
10991	1463	0.16695776200800597	1.825463931239419	0.014001	1.0
11000	2610	0.08902404083096459	0.7062725694116494	0.214001	1.0
11001	0	0.039930501388644596	0.2493869062943053	0.564001	1.0
11003	1380	0.03505935659827531	0.21344242689717072	0.603001	1.0
11004	918	0.10952629245643403	0.95149808303847	0.106001	1.0
11007	972	0.03641724349870395	0.2233009758461413	0.620001	1.0
11010	1837	0.04218418216328863	0.26656369785612194	0.655001	1.0
11015	0	0.002448359565999813	0.012454151828981616	0.973001	1.0
11016	887	0.05953416851558275	0.41068899909317735	0.374001	1.0
11018	0	0.03579880427157418	0.2187955782858585	0.604001	1.0
11023	1034	0.05670055532984474	0.3856877027125942	0.41700099999999996	1.0
11024	735	0.11524801257452538	1.0259942660825598	0.111001	1.0
11026	2239	0.1093321339772748	0.9490171957269319	0.115001	1.0
11028	1603	0.10783106813957105	0.9299407970226592	0.097001	1.0
11029	891	0.0023299982871382574	0.011844028212766493	0.963001	1.0
11031	566	0.03543471301716246	0.21615518304665116	0.689001	1.0
11034	4010	0.026200515874236118	0.15213820495987596	0.6730010000000001	1.0
11035	0	0.001025199246340834	0.005172411857064886	0.986001	1.0
11036	94	0.09584461124170482	0.7841354678303363	0.172001	1.0
11037	529	0.017436128627492626	0.09650954929910566	0.871001	1.0
11038	0	0.09055537771052627	0.7234359127296215	0.231001	1.0
11039	2424	0.05068690868425869	0.33453641722940697	0.464001	1.0
11045	916	0.10959052484164711	0.9523194984413916	0.11700100000000001	1.0
11046	918	0.02347479438319773	0.13431049270594694	0.753001	1.0
11047	2370	0.06934066169349098	0.5017361750277881	0.317001	1.0
11054	2329	0.13863883053986356	1.3589670844408894	0.034001	1.0
11059	4053	0.050013098368788984	0.3289651585644376	0.48200099999999996	1.0
11062	2043	0.12373374429720592	1.1414619230570624	0.064001	1.0
11064	0	0.07111404961201298	0.5189601399174474	0.319001	1.0
11075	2448	0.013681296945096176	0.07416300118109814	0.854001	1.0
11076	0	0.030255972352390307	0.17955878893128252	0.652001	1.0
11077	1110	0.02255395876332121	0.12839600949190705	0.750001	1.0
11078	4355	0.11642834277067664	1.0416972275920975	0.028001	1.0
11080	1397	0.07770725866200047	0.5850679478565852	0.257001	1.0
11083	3675	0.08295906939510311	0.6400885781741037	0.215001	1.0
11084	2600	0.017436128627492626	0.09650954929910566	0.871001	1.0
11089	0	0.0	-0.0	1.0	1.0
11093	297	0.08732152611381788	0.6874055952489295	0.205001	1.0
11098	0	0.0	-0.0	1.0	1.0
11101	0	0.05632046528733643	0.3823781630781311	0.41700099999999996	1.0
11102	0	0.03351960696321685	0.20241333351941262	0.641001	1.0
11103	0	0.07341069620116741	0.5416159866903332	0.30000099999999996	1.0
11109	0	0.022839935670262036	0.13022699635767584	0.767001	1.0
11110	3573	0.11867816581938533	1.0719480314071066	0.007001	1.0
11114	0	0.13963112978479375	1.3741222194296403	0.051001	1.0
11117	0	0.03724420915638995	0.229365856798147	0.619001	1.0
11121	1023	0.03350285645198076	0.2022942235522402	0.639001	1.0
11124	1163	0.005022373893241415	0.02592657878559321	0.9360010000000001	1.0
11128	4067	0.03026167109329125	0.17959808064872573	0.6720010000000001	1.0
11129	425	0.08893005043732574	0.7052250889932691	0.178001	1.0
11131	0	0.010842698999600981	0.05784826767480922	0.890001	1.0
11133	0	0.0	-0.0	1.0	1.0
11134	0	0.0544797762898636	0.36649748664168386	0.439001	1.0
11140	0	0.022325129307844235	0.12693468965661128	0.740001	1.0
11142	0	0.09180445143031393	0.7375716711135363	0.174001	1.0
11143	1397	0.0501176334270768	0.329827384404513	0.447001	1.0
11148	0	0.030935066919745003	0.18425612420474294	0.731001	1.0
11152	1727	0.04757967291014556	0.30911106472352196	0.49800099999999997	1.0
11159	0	0.04276239559092147	0.27102687864319164	0.526001	1.0
11165	3736	0.05712838987332897	0.3894253992690706	0.439001	1.0
11166	1930	0.13776070134131196	1.3456265133379632	0.044001	1.0
11167	0	0.052096642295416974	0.3462963742760329	0.465001	1.0
11174	4268	0.06460510080605963	0.45688681333469194	0.35700099999999996	1.0
11179	1197	0.06609573062327743	0.4708253813416712	0.35800099999999996	1.0
11180	0	0.04711256536593529	0.30534749711815873	0.48800099999999996	1.0
11181	2935	0.017317872098647016	0.0957923292980893	0.823001	1.0
11184	1448	0.05410256022734999	0.36327297027263666	0.41700099999999996	1.0
11185	2806	0.1241196378693157	1.1468557747664634	0.083001	1.0
11189	3736	0.02835293050813841	0.16655732040164734	0.6710010000000001	1.0
11190	0	0.012396789029398388	0.0667190456134859	0.852001	1.0
11191	1689	0.03740211728455373	0.23052919773497416	0.605001	1.0
11192	0	0.03337187276448756	0.20136346764660631	0.636001	1.0
11194	19	0.027385666354342673	0.16004014594013477	0.689001	1.0
11195	3243	0.02598420313593353	0.15070581804545202	0.699001	1.0
11196	0	0.04981285078517472	0.32731562898945743	0.49300099999999997	1.0
11198	1728	0.01891452443535395	0.10555018907151469	0.775001	1.0
11200	1066	0.12483643233529207	1.156908009108637	0.060001	1.0
11201	1150	0.03332023496461046	0.20099684990414662	0.632001	1.0
11202	934	0.032855405788900754	0.1977046682637902	0.6640010000000001	1.0
11206	899	0.010535720139812299	0.05611348643094818	0.889001	1.0
11207	1147	0.0	-0.0	1.0	1.0
11209	0	0.09699468004723105	0.7976264075614371	0.161001	1.0
11212	1729	0.0234835158561955	0.13436677082479598	0.734001	1.0
11214	0	0.08886865358851974	0.7045412213225499	0.218001	1.0
11215	2161	0.003296009209194529	0.016847616310198786	0.962001	1.0
11218	0	0.11723879447615572	1.0525460962562927	0.096001	1.0
11219	2912	0.07322085967749431	0.5397282824784273	0.323001	1.0
11229	1324	0.03469380710165876	0.2108096433884659	0.616001	1.0
11232	2038	0.01574337645515198	0.08632654696114833	0.844001	1.0
11234	2446	0.034875568408171444	0.21211761481514424	0.616001	1.0
11245	1402	0.026500999810888035	0.15413300926637363	0.712001	1.0
11249	2407	0.028836562585036342	0.1698388960185321	0.6810010000000001	1.0
11250	1933	0.07551223849693062	0.5626948294151182	0.256001	1.0
11253	4363	0.06975739638425074	0.5057626071524912	0.335001	1.0
11255	1306	0.12368712404747201	1.1408111317836496	0.058001000000000004	1.0
11256	3573	0.0027884411933643393	0.014211762727359146	0.967001	1.0
11258	858	0.08041736085144682	0.6131967669669582	0.255001	1.0
11262	0	0.07030697027214769	0.5110923078139286	0.42300099999999996	1.0
11265	4364	0.014478735302130404	0.07883555145331166	0.830001	1.0
11267	1658	0.08065929052719695	0.6157350932808227	0.242001	1.0
11274	522	0.02977230277848797	0.17623179001319078	0.6560010000000001	1.0
11275	0	0.0965379441890819	0.7922560747490621	0.180001	1.0
11276	3324	0.0418731651286598	0.2641725017231564	0.5390010000000001	1.0
11279	0	0.03595018670760715	0.2198960329732764	0.584001	1.0
11292	0	0.009398079577635443	0.04973451928409533	0.901001	1.0
11293	1306	0.023662684577410723	0.13552399815447513	0.727001	1.0
11294	0	0.1413650273632847	1.4008080182153821	0.044001	1.0
11295	1321	0.05622785928111564	0.38157339252059164	0.41200099999999995	1.0
11298	0	0.09635182094313634	0.790072375530579	0.160001	1.0
11301	1780	0.022281336883292258	0.1266554108263181	0.761001	1.0
11306	348	0.038809447590225546	0.24097197581655747	0.645001	1.0
11307	918	0.0	-0.0	1.0	1.0
11310	1966	0.06693223569908462	0.4787191831781298	0.43400099999999997	1.0
11311	994	0.003727997259421207	0.01910292359900883	0.959001	1.0
11314	0	0.020559375208597592	0.11577103325212756	0.748001	1.0
11316	2580	0.04285937389800777	0.2717777019496456	0.5410010000000001	1.0
11323	887	0.018333937873443944	0.1019833865100853	0.8120010000000001	1.0
11325	1547	0.04207315278431534	0.26570930569358897	0.5620010000000001	1.0
11330	0	0.10405431600277858	0.8827528239515674	0.146001	1.0
11331	0	0.06454724984639726	0.4563491589821128	0.35200099999999995	1.0
11332	0	0.10460972698674803	0.889619917468039	0.143001	1.0
11336	1766	0.07576318826610655	0.5652341913239756	0.29200099999999996	1.0
11339	2180	0.003654955569385762	0.018720817328306733	0.953001	1.0
11341	0	0.0	-0.0	1.0	1.0
11365	3736	0.07757508891783399	0.583710438454448	0.271001	1.0
11366	0	0.0005604583415722841	0.002820102550645368	0.997001	1.0
11370	2456	0.05005856283376916	0.3293400637418634	0.590001	1.0
11371	3836	0.020645245798005925	0.11630933563339697	0.770001	1.0
11372	3171	0.04995053045805108	0.32844945478473564	0.510001	1.0
11376	1647	0.0647285303522827	0.4580347636713706	0.37300099999999997	1.0
11382	0	0.01608929846431743	0.088392928908569	0.8050010000000001	1.0
11387	1537	0.07034705639357111	0.5114819399634429	0.30800099999999997	1.0
11389	0	0.018319854455404887	0.10189712988972002	0.8090010000000001	1.0
11392	1856	0.055055847565454785	0.37144148601529436	0.42400099999999996	1.0
11393	1603	0.03327741337446842	0.20069296045824064	0.650001	1.0
11396	0	0.06090615522579367	0.4230031254431355	0.35700099999999996	1.0
11398	0	0.03341339281328675	0.20165838057692648	0.613001	1.0
11399	1952	0.030030586008419735	0.17800651260160189	0.6830010000000001	1.0
11402	1120	0.054239199193062124	0.364439812673491	0.43200099999999997	1.0
11405	0	0.0	-0.0	1.0	1.0
11409	1110	0.03978071391048034	0.24825760002752523	0.588001	1.0
11413	1547	0.012830314153880161	0.06922004092355967	0.869001	1.0
11414	2052	0.06526757792574998	0.463061287858124	0.36500099999999996	1.0
11415	0	0.04648606321350224	0.30032360217219584	0.530001	1.0
11421	0	0.04812463969322318	0.31352126496018473	0.48900099999999996	1.0
11423	0	0.04224950025842827	0.267066729293719	0.577001	1.0
11424	0	0.005685287299140085	0.029459789154535607	0.9270010000000001	1.0
11425	0	0.0260155065321007	0.15091291570899681	0.705001	1.0
11428	0	0.1315019874381858	1.2524617098865007	0.046001	1.0
11431	0	0.004522043152903891	0.02327718917408204	0.952001	1.0
11435	1907	0.01743720339752918	0.09651607175179489	0.815001	1.0
11438	0	0.1660204637900024	1.8088787265491573	0.015000999999999999	1.0
11441	3161	0.028315200244979546	0.16630195546476562	0.699001	1.0
11443	1548	0.036648215796657856	0.22499025191907265	0.592001	1.0
11448	0	0.017436128627492626	0.09650954929910566	0.871001	1.0
11453	529	0.022705518443528794	0.12936572737158966	0.744001	1.0
11454	94	0.023819269782878377	0.1365370541575397	0.749001	1.0
11464	1363	0.11072494679602043	0.9668822150232416	0.114001	1.0
11466	1605	0.02236922262389702	0.12721601148006775	0.754001	1.0
11468	1835	0.032258511420795576	0.19349824289051412	0.639001	1.0
11473	3919	0.051713768115900484	0.34308852167836257	0.47900099999999995	1.0
11474	887	0.00783061072151705	0.041073839132499894	0.9240010000000001	1.0
11475	0	0.016311217103138265	0.08972250345885331	0.860001	1.0
11476	297	0.0298869510020489	0.17701902100916178	0.652001	1.0
11477	2161	0.019054324156510205	0.10641222032406923	0.7840010000000001	1.0
11478	3788	0.03791851807074112	0.2343454214450122	0.599001	1.0
11484	182	0.0	-0.0	1.0	1.0
11486	3520	0.05949777009849015	0.41036416989254154	0.42000099999999996	1.0
11488	0	0.0	-0.0	1.0	1.0
11491	532	0.041583960154197644	0.26195496996181367	0.572001	1.0
11492	986	0.10617291165350792	0.9090809559150308	0.123001	1.0
11497	1999	0.12761589537436197	1.1962959723479967	0.066001	1.0
11504	0	0.07014050519406262	0.5094755709710019	0.30200099999999996	1.0
11512	1463	0.0011461058220916332	0.005786446719273414	0.983001	1.0
11516	0	0.03498649860454768	0.212916968625131	0.645001	1.0
11519	350	0.0	-0.0	1.0	1.0
11520	3244	0.03094867454586381	0.18435056062180358	0.6580010000000001	1.0
11526	3897	0.0	-0.0	1.0	1.0
11531	3714	0.06178064914082789	0.43092352831888797	0.405001	1.0
11532	1363	0.12291035085036464	1.1299946551184705	0.07000100000000001	1.0
11533	521	0.008630876514868598	0.045476979268241194	0.9170010000000001	1.0
11541	988	0.05724179770076885	0.3904183754273598	0.41600099999999995	1.0
11542	608	0.01906820219852593	0.10649786232220235	0.7930010000000001	1.0
11552	1109	0.07649769497406395	0.5726940687017461	0.251001	1.0
11555	1928	0.050572503972643006	0.33358822621392653	0.465001	1.0
11559	0	0.0516604701307224	0.34264279699193806	0.445001	1.0
11560	1455	0.006756986522551196	0.035227159206796484	0.9340010000000001	1.0
11565	2316	0.06891901044354048	0.4976754007628501	0.334001	1.0
11566	0	0.042756098298253546	0.27097814630336764	0.527001	1.0
11571	1612	0.04011118485931236	0.25075118872163543	0.594001	1.0
11574	732	0.15687941440228467	1.6512856594433976	0.025001000000000002	1.0
11576	1780	0.005811374771780276	0.03013477341068251	0.952001	1.0
11578	994	0.014487067662413703	0.07888458239310206	0.819001	1.0
11579	4370	0.04722920884032127	0.3062858844335383	0.48500099999999996	1.0
11580	0	0.0015718027652016318	0.007955168289530926	0.977001	1.0
11581	2423	0.08864914711604177	0.7020986589306274	0.193001	1.0
11585	917	0.0889966456384137	0.7059671911559265	0.199001	1.0
11587	3170	0.010068098837143422	0.05348192344583338	0.862001	1.0
11589	0	0.019168934738719327	0.10711985212916646	0.7850010000000001	1.0
11596	3325	0.08346043572073461	0.6454517883008549	0.209001	1.0
11600	3257	0.024675628927361096	0.1421053941580207	0.696001	1.0
11601	0	0.05048533173466266	0.3328663598244964	0.464001	1.0
11602	0	0.07049369969455088	0.5129083169374751	0.322001	1.0
11603	0	0.09534310807628461	0.7782854088180025	0.183001	1.0
11605	0	0.05005856283376916	0.3293400637418634	0.590001	1.0
11611	436	0.02207077056932528	0.1253142741730747	0.732001	1.0
11614	3124	0.014696610095607292	0.08011902956089718	0.842001	1.0
11619	0	0.08367086822040107	0.6477085970476487	0.227001	1.0
11621	3831	0.08007707027224073	0.6096340197982002	0.267001	1.0
11622	0	0.05891255061784902	0.40515469721639896	0.40900099999999995	1.0
11624	2314	0.0	-0.0	1.0	1.0
11625	2524	0.01380817120032116	0.07490378282108258	0.856001	1.0
11626	1604	0.11727448135506886	1.053025058371981	0.072001	1.0
11627	1357	0.026342026110643874	0.15307690842023156	0.716001	1.0
11629	2783	0.053490930380002175	0.35806622520516784	0.444001	1.0
11631	1397	0.06210634098789286	0.4338876157625935	0.386001	1.0
11637	1562	0.0291615028867021	0.1720523312619613	0.6630010000000001	1.0
11639	499	0.09407894467550704	0.763627217737862	0.147001	1.0
11640	0	0.09986108189870692	0.8317089648507212	0.159001	1.0
11645	4088	0.007126945280444955	0.037234048205988135	0.9150010000000001	1.0
11646	1862	0.036677890672433835	0.22520754801084264	0.596001	1.0
11647	0	0.032586134803691005	0.1958041287501035	0.641001	1.0
11652	2343	0.007593299483492508	0.03977554438715611	0.9210010000000001	1.0
11653	0	0.01728256282762744	0.09557835047004337	0.8070010000000001	1.0
11659	2449	0.010614211806991153	0.05655650736865544	0.871001	1.0
11666	0	0.04293263878128624	0.2723453617802193	0.5550010000000001	1.0
11671	3015	0.046816151434277156	0.3029671495447564	0.500001	1.0
11686	0	0.02953962098779489	0.17463674547629515	0.651001	1.0
11687	0	0.06715810738652567	0.4808595270520501	0.34800099999999995	1.0
11689	3107	0.01017958504863369	0.054108109848143245	0.874001	1.0
11690	0	0.015675518695986542	0.08592207083256354	0.818001	1.0
11692	0	0.06815102453049204	0.49031316643209366	0.30600099999999997	1.0
11693	1933	0.0021435125161359814	0.01088440503212073	0.971001	1.0
11695	0	0.013026579612903155	0.07035609417241845	0.856001	1.0
11696	2949	0.05622554203642658	0.38155326295630027	0.453001	1.0
11697	3520	0.05565199340193627	0.37658278756961916	0.442001	1.0
11703	3249	0.0	-0.0	1.0	1.0
11706	0	0.015987675138349016	0.08778510257870731	0.819001	1.0
11710	4377	0.05839975919183167	0.40061034188113925	0.378001	1.0
11714	0	0.04417770649048787	0.28204888942068157	0.520001	1.0
11717	1506	0.061308107000157125	0.4266367323538578	0.36100099999999996	1.0
11719	0	0.06599058932588937	0.4698368572839492	0.334001	1.0
11722	0	0.07663997836929345	0.5741438698010652	0.275001	1.0
11729	0	0.09808833386252311	0.8105530812234543	0.160001	1.0
11733	4378	0.07143188179650209	0.5220719007807573	0.43500099999999997	1.0
11738	1696	0.041478121655294846	0.26114487000215086	0.5580010000000001	1.0
11746	1096	0.030316784119085265	0.17997818496560172	0.6660010000000001	1.0
11747	1768	0.08727643315344318	0.6869089517830864	0.201001	1.0
11750	1728	0.10116256073991933	0.8474006760978082	0.148001	1.0
11751	1040	0.03598643537860393	0.22015976702815512	0.616001	1.0
11752	0	0.05008681270578082	0.3295730888633062	0.463001	1.0
11753	0	0.044013386045629044	0.2807621054956543	0.517001	1.0
11754	1614	0.03856583118490968	0.2391546477486236	0.601001	1.0
11755	2091	0.04640663649046369	0.29968863955202185	0.501001	1.0
11756	0	0.023887973387457906	0.13698204300993133	0.757001	1.0
11761	1648	0.013244997125951553	0.07162316133972418	0.854001	1.0
11764	2052	0.008340960982446612	0.04387737517878874	0.898001	1.0
11767	0	0.05873999751915321	0.4036234087601836	0.41200099999999995	1.0
11771	0	0.0	-0.0	1.0	1.0
11776	0	0.027904870294391076	0.16353079467790024	0.6670010000000001	1.0
11781	3131	0.0628835051235272	0.44099181837637513	0.36300099999999996	1.0
11786	0	0.054586007282521234	0.36740740478719114	0.48000099999999996	1.0
11787	2929	0.024678234566715234	0.14212240918230645	0.720001	1.0
11791	3556	0.05841707993081472	0.40076352785696734	0.402001	1.0
11798	0	0.07948706517266677	0.6034778162835532	0.29700099999999996	1.0
11800	3247	0.08043028141347851	0.6133322162480652	0.270001	1.0
11807	2051	0.09557401082134358	0.7809764251717721	0.174001	1.0
11808	0	0.05633548252516199	0.38250872489111976	0.41400099999999995	1.0
11811	3040	0.09581533695649619	0.7837934340628817	0.157001	1.0
11822	0	0.05594640752052318	0.3791312836331452	0.40700099999999995	1.0
11823	0	0.00841693300957612	0.044296059101959974	0.905001	1.0
11825	2605	0.0779692142545412	0.5877624076249228	0.261001	1.0
11832	1188	0.06716818305479441	0.4809550913478633	0.334001	1.0
11835	0	0.01843467133841229	0.10260071260952665	0.7870010000000001	1.0
11837	0	0.0419487853782235	0.26475328174637036	0.5430010000000001	1.0
11838	5	0.012404391474484022	0.0667628043935152	0.863001	1.0
11840	0	0.0	-0.0	1.0	1.0
11841	0	0.029026388919332895	0.17113111624467217	0.691001	1.0
11843	1545	0.02937083584339376	0.17348194672150083	0.691001	1.0
11845	3145	0.00162786604404116	0.008241571740170026	0.981001	1.0
11848	0	0.09780703080139547	0.8072190661399797	0.160001	1.0
11851	632	0.028386467547146344	0.166784383222172	0.6820010000000001	1.0
11855	0	0.011269819480604685	0.060271552898591395	0.880001	1.0
11859	1298	0.012332644807740427	0.06634998037092277	0.875001	1.0
11863	1863	0.04925011461228049	0.3226952442650722	0.462001	1.0
11865	0	0.05085825270940107	0.3359582539191324	0.456001	1.0
11867	0	0.03969309514456695	0.24759771801441824	0.583001	1.0
11871	1066	0.03744999949624627	0.2308822892204873	0.575001	1.0
11873	0	0.03599905792620338	0.22025162554342406	0.612001	1.0
11874	1919	0.016125279088123504	0.08860828964575958	0.7920010000000001	1.0
11876	0	0.0014937178208356446	0.0075565712863613806	0.991001	1.0
11881	0	0.10575295468980367	0.9038332293584518	0.112001	1.0
11885	0	0.04817785101613123	0.3139529985535991	0.48500099999999996	1.0
11887	2424	0.12439248751282614	1.1506770941733622	0.100001	1.0
11888	1068	0.02761644284660003	0.16158949827219674	0.6680010000000001	1.0
11896	2161	0.02181120082421209	0.12366492947388401	0.780001	1.0
11911	3933	0.04820770631767903	0.314195318484946	0.48100099999999996	1.0
11914	881	0.04154449918894165	0.2616528412985176	0.5490010000000001	1.0
11919	4270	0.049631482433111745	0.3258240555360153	0.465001	1.0
11926	1457	0.06091752575959829	0.4231057523087206	0.396001	1.0
11930	1189	0.050553988055938776	0.33343485247416366	0.47200099999999995	1.0
11934	1205	0.004214144272728131	0.021654152331109712	0.952001	1.0
11941	0	0.06549323868843784	0.4651718891953549	0.338001	1.0
11943	0	0.03393867491189052	0.20539935651281463	0.6700010000000001	1.0
11956	3572	0.0818036171034021	0.6278021576212068	0.247001	1.0
11958	3040	0.011734375157441614	0.06291988944545127	0.861001	1.0
11967	0	0.11856038851786252	1.0703539975229943	0.089001	1.0
11968	1689	0.0047481586716276655	0.024472694762149423	0.955001	1.0
11971	0	0.019251093314229577	0.10762762901050153	0.7900010000000001	1.0
11973	0	0.08107401788852525	0.6200968429676313	0.224001	1.0
11979	3776	0.02146152480437009	0.12144984418587428	0.778001	1.0
11980	1465	0.016418301443856302	0.09036517526381121	0.827001	1.0
11984	3478	0.12190448122550555	1.116063140792996	0.071001	1.0
11986	3972	0.018955117936401866	0.10580036896450086	0.7900010000000001	1.0
11990	0	0.03481681434080003	0.2116945725197554	0.611001	1.0
11992	933	0.12184001853932623	1.1151732049497798	0.077001	1.0
11994	0	0.11498413525184248	1.0224994126746318	0.10100100000000001	1.0
11998	3326	0.012199801867059268	0.06558644829365075	0.870001	1.0
11999	349	0.16182096639576954	1.7355456519344012	0.018001	1.0
12001	3708	0.03523295292409094	0.2146958560135451	0.634001	1.0
12005	3708	0.030834063819307277	0.18355554952919415	0.646001	1.0
12007	732	0.06106986086582129	0.42448158896048854	0.379001	1.0
12012	0	0.04041687213672497	0.25306441560842285	0.5480010000000001	1.0
12013	0	0.12722093900056428	1.1906592901371706	0.065001	1.0
12014	3025	0.03318488996845371	0.2000367730007482	0.717001	1.0
12015	0	0.030124708507746283	0.17865434350751636	0.619001	1.0
12019	0	0.02152842244166703	0.12187301513658663	0.750001	1.0
12031	0	0.012376732358004218	0.06660361881151682	0.868001	1.0
12040	2542	0.08943046618617191	0.7108099391463277	0.239001	1.0
12041	1864	0.08661422281339681	0.6796337268580859	0.209001	1.0
12047	2097	0.09674507831907023	0.7946895190651628	0.17100100000000001	1.0
12053	0	0.02625845096678118	0.15252235800030065	0.695001	1.0
12054	0	0.0328193590150585	0.1974499667362536	0.642001	1.0
12055	0	0.006149467813334196	0.03194936599170569	0.9370010000000001	1.0
12057	2373	0.07302844361158047	0.5378176933014179	0.30200099999999996	1.0
12060	0	0.10363202651924111	0.8775482997560491	0.137001	1.0
12063	0	0.022538010458561512	0.12829405378038103	0.764001	1.0
12066	0	0.09450724944339423	0.7685793304154558	0.154001	1.0
12067	1253	0.11233134632394177	0.9876838850602102	0.090001	1.0
12069	0	0.03917609912206175	0.2437147342143414	0.566001	1.0
12071	4389	0.005843530360041031	0.03030706359159423	0.9300010000000001	1.0
12072	1068	0.0023048913554975306	0.011714713648240718	0.980001	1.0
12077	0	0.011032713278540447	0.058924945688754206	0.880001	1.0
12078	0	0.0050297181019228615	0.02596557901101024	0.9340010000000001	1.0
12079	3270	0.03532274066734413	0.21534495111608337	0.644001	1.0
12084	0	0.0790905874012098	0.5993558439361486	0.268001	1.0
12089	0	0.047787574953431576	0.3107910788191212	0.464001	1.0
12091	20	0.04664114402197124	0.3015646364556686	0.5310010000000001	1.0
12095	0	0.06760400797977538	0.48509593971471154	0.34600099999999995	1.0
12096	0	0.0	-0.0	1.0	1.0
12099	887	0.06305582390438905	0.4425730009364186	0.37000099999999997	1.0
12101	0	0.0046990338705756845	0.024212707117535426	0.940001	1.0
12107	2461	0.0	-0.0	1.0	1.0
12108	3844	0.008658777418419163	0.04563118971199812	0.894001	1.0
12109	0	0.03612882749451226	0.22119662498012865	0.585001	1.0
12117	1657	0.0724698181408445	0.5322866025010309	0.30300099999999996	1.0
12123	0	0.01802282891662773	0.10008084995951545	0.8060010000000001	1.0
12131	597	0.0	-0.0	1.0	1.0
12136	0	0.01838497902639869	0.10229610268032747	0.780001	1.0
12138	935	0.04255687065726704	0.269437810890358	0.5590010000000001	1.0
12139	1530	0.06823173127836993	0.49108479488205437	0.34400099999999995	1.0
12140	2569	0.0	-0.0	1.0	1.0
12141	1397	0.028665276224468336	0.16867491578818067	0.693001	1.0
12145	0	0.10712702394994844	0.9210565560572985	0.128001	1.0
12147	499	0.0918949757967824	0.7386008951842392	0.208001	1.0
12150	529	0.02622414396497474	0.1522948505326167	0.713001	1.0
12152	0	0.019891888079492655	0.11160269273718969	0.738001	1.0
12157	0	0.04130142369195915	0.2597941171550603	0.563001	1.0
12159	0	0.00833760499147973	0.0438588882504034	0.905001	1.0
12160	2373	0.03236615793339674	0.1942550950034759	0.6610010000000001	1.0
12164	0	0.0023866966273307375	0.012136191896363054	0.973001	1.0
12165	0	0.09028858136709884	0.7204324377665475	0.223001	1.0
12166	0	0.029258481193788374	0.17271427511358595	0.6790010000000001	1.0
12168	2879	0.013225790608608587	0.07151162401293618	0.850001	1.0
12171	3424	0.021400641274360786	0.12106496466568016	0.754001	1.0
12178	1606	0.022469229131988552	0.1278545293155314	0.730001	1.0
12179	0	0.04049914860606343	0.2536881178026371	0.577001	1.0
12183	1	0.10159044423629457	0.8525892468224849	0.128001	1.0
12186	0	0.09015078237571257	0.7188833411353985	0.179001	1.0
12187	2373	0.0008512990354344122	0.004290736426414938	0.992001	1.0
12188	0	0.021720565149452923	0.12309003163865752	0.757001	1.0
12189	0	0.033537158045576526	0.20253815631889602	0.647001	1.0
12191	0	0.07036091043744055	0.511616627452155	0.318001	1.0
12193	1369	0.0169649064474336	0.09365682714080828	0.8110010000000001	1.0
12194	3145	0.020825484246907548	0.11744073371345212	0.749001	1.0
12195	2814	0.0	-0.0	1.0	1.0
12201	2931	0.005485919848522865	0.028394447404762234	0.940001	1.0
12202	52	0.04383116589630275	0.27933733549222933	0.5480010000000001	1.0
12204	171	0.178627698167245	2.0386806403189524	0.017001000000000002	1.0
12205	2144	0.08165195619105908	0.6261970998914621	0.220001	1.0
12208	3809	0.09131492178999119	0.7320170777271773	0.180001	1.0
12212	3654	0.0577068176720084	0.3944996900970603	0.399001	1.0
12213	0	0.02595869983578721	0.15053713984600767	0.729001	1.0
12221	4398	0.05828270310032935	0.3995756570861535	0.40700099999999995	1.0
12228	0	0.0	-0.0	1.0	1.0
12229	425	0.02354303279133223	0.13475095373147397	0.741001	1.0
12232	3810	0.02495113300891663	0.14390688803719928	0.718001	1.0
12244	3682	0.027008623653780626	0.15751629748131576	0.698001	1.0
12250	2897	0.1074474262080762	0.9250946762191802	0.123001	1.0
12251	934	0.12080353239884756	1.1009117299564426	0.078001	1.0
12254	0	0.07705643941827389	0.5783962389136971	0.325001	1.0
12264	0	0.06638731876396968	0.47357112404789403	0.314001	1.0
12268	0	0.1441097643302335	1.4435846675660493	0.031001	1.0
12270	878	0.02006422509539816	0.11267619800386636	0.7850010000000001	1.0
12271	0	0.012659260060146485	0.06823185370675584	0.865001	1.0
12272	3147	0.04143344153488897	0.2608031141217712	0.5520010000000001	1.0
12279	1357	0.03244074432347059	0.19477995677572074	0.650001	1.0
12282	0	0.18165926105063326	2.0961237239695563	0.006001	1.0
12284	4030	0.05031812181798753	0.33148320981666335	0.459001	1.0
12286	3591	0.09400252045447295	0.7627451150441459	0.174001	1.0
12293	0	0.01915636429587712	0.10704219880466721	0.770001	1.0
12301	0	0.0020037985269389	0.010166795570225548	0.978001	1.0
12302	349	0.0	-0.0	1.0	1.0
12306	4401	0.010774619020875502	0.05746304215908962	0.898001	1.0
12308	0	0.0013740692601447585	0.0069464965191448685	0.987001	1.0
12315	2051	0.02643215533082154	0.15367545676415545	0.691001	1.0
12319	1203	0.01845484589266848	0.1027244254579653	0.767001	1.0
12329	2267	0.03853599372610385	0.23893234389917917	0.581001	1.0
12338	1862	0.05035567108992494	0.3317936431634918	0.47600099999999995	1.0
12365	2744	0.020711391904701962	0.11672430976575049	0.757001	1.0
12369	1647	0.0037112355992824086	0.019015209745517965	0.9360010000000001	1.0
12371	2345	0.0	-0.0	1.0	1.0
12374	2170	0.05091606601065754	0.3364384651329091	0.462001	1.0
12380	38	0.04410093993361758	0.28144750225711956	0.508001	1.0
12385	0	0.07358764320049363	0.5433779610015363	0.28200099999999995	1.0
12386	350	0.045218151370357965	0.29024000030803265	0.5320010000000001	1.0
12392	4317	0.051436804187537426	0.34077450053355235	0.440001	1.0
12395	0	0.01100705864874118	0.058779450149753276	0.886001	1.0
12396	3086	0.030860512448512623	0.1837389364726599	0.640001	1.0
12397	0	0.005828637283396769	0.030227258574819244	0.9340010000000001	1.0
12398	0	0.0	-0.0	1.0	1.0
12402	0	0.0	-0.0	1.0	1.0
12407	0	0.018561040151847005	0.10337604484082136	0.845001	1.0
12409	1473	0.04583163831419168	0.29510503644327024	0.49600099999999997	1.0
12410	147	0.06683308291131031	0.4777808108977567	0.30300099999999996	1.0
12414	0	0.016153794806755224	0.08877902687634211	0.827001	1.0
12415	2373	0.0475181110137507	0.3086141763029626	0.503001	1.0
12419	3206	0.08117761554409983	0.6211884527695232	0.244001	1.0
12422	0	0.09773020383084657	0.8063096053198496	0.157001	1.0
12431	3831	0.03875983637117807	0.24060155901970967	0.568001	1.0
12434	2267	0.13323037245203834	1.2778547161411171	0.049001	1.0
12437	916	0.04517425868274296	0.2898929283400664	0.516001	1.0
12438	3131	0.10017289310947598	0.8354560668929045	0.128001	1.0
12440	0	0.00016883518999430067	0.0008476240872160955	0.999001	1.0
12443	0	0.04244600214189209	0.26858181153454846	0.5330010000000001	1.0
12447	0	0.06093863944452134	0.4232963427601111	0.381001	1.0
12451	2990	0.0014260717109740167	0.0072115486420283	0.982001	1.0
12457	985	0.0845676026963159	0.657364045349762	0.197001	1.0
12459	0	0.013297767992497152	0.07192973283941216	0.855001	1.0
12462	2052	0.02560857036344967	0.1482256627519686	0.734001	1.0
12465	4363	0.06568535187482988	0.46697167850263455	0.35000099999999995	1.0
12468	635	0.008395550584899221	0.04417818476396934	0.897001	1.0
12473	0	0.06075767863091707	0.4216638860938064	0.42500099999999996	1.0
12474	3325	0.06083228853340617	0.4223366570418837	0.35600099999999996	1.0
12475	2547	0.014270354310709419	0.0776107538610461	0.831001	1.0
12477	0	0.11876401543906062	1.0731106726164126	0.079001	1.0
12479	0	0.029451178349427405	0.17403140235947742	0.688001	1.0
12486	1467	0.0	-0.0	1.0	1.0
12490	0	0.007382945923894272	0.03862756132865664	0.9210010000000001	1.0
12498	2180	0.04360001788456107	0.27753330590495157	0.5370010000000001	1.0
12503	2462	0.07759768587308016	0.5839424366266914	0.259001	1.0
12512	917	0.038725186780524036	0.24034295091787766	0.572001	1.0
12515	0	0.011279151016620251	0.06032462014474502	0.870001	1.0
12523	3131	0.010359046438763248	0.055117681716175836	0.882001	1.0
12526	1863	0.07266940640534618	0.5342600848574207	0.29300099999999996	1.0
12527	1060	0.014042118945103842	0.07627234476597752	0.852001	1.0
12531	0	0.09460704038469454	0.7697352080780107	0.188001	1.0
12534	1709	0.09077843703841919	0.7259512967537266	0.201001	1.0
12536	1455	0.02045864441960734	0.11514017351407319	0.774001	1.0
12537	0	0.0413398954556666	0.2600880288686657	0.575001	1.0
12543	1423	0.016915883555999253	0.09336084799932241	0.831001	1.0
12545	0	0.04946210406005238	0.32443318034751023	0.47600099999999995	1.0
12547	0	0.0008577697546081516	0.004323511501751075	0.994001	1.0
12552	2136	0.061280214410269346	0.426384205887539	0.35300099999999995	1.0
12554	917	0.01780864493526158	0.09877458354516018	0.8120010000000001	1.0
12557	0	0.0664465133150483	0.4741292970810994	0.325001	1.0
12559	0	0.06287594837232567	0.44092252801843174	0.35100099999999995	1.0
12561	3660	0.10446347021199832	0.8878091851326964	0.130001	1.0
12563	0	0.0	-0.0	1.0	1.0
12565	2423	0.006508089731622233	0.033881598404543516	0.950001	1.0
12566	0	0.09947203498279913	0.8270446069286715	0.154001	1.0
12569	1604	0.042746103385579846	0.2709008051093311	0.523001	1.0
12570	2463	0.06505229271836616	0.4610512254525499	0.35900099999999996	1.0
12572	0	0.014573067809970145	0.07939089317221705	0.8110010000000001	1.0
12575	0	0.0025478846134489976	0.012967815026263532	0.961001	1.0
12579	2574	0.008930790041612756	0.04713708931255857	0.896001	1.0
12580	0	0.022565525953915345	0.12846996743778064	0.734001	1.0
12582	1769	0.041941464405425434	0.2646970378886473	0.5430010000000001	1.0
12583	1062	0.0029143925525701633	0.014864428181809127	0.968001	1.0
12585	3249	0.09055537771052627	0.7234359127296215	0.231001	1.0
12589	0	0.09343634750421487	0.7562245997878536	0.186001	1.0
12590	3831	0.07298819369793919	0.5374183850682942	0.31000099999999997	1.0
12591	1564	0.06586086509692979	0.4686183322290265	0.343001	1.0
12593	1066	0.04165842697746352	0.2625254085651246	0.564001	1.0
12597	3135	0.022540259025575146	0.128308427627974	0.743001	1.0
12601	2819	0.038131558664111206	0.23592506976625074	0.5600010000000001	1.0
12602	1408	0.0007833822212538685	0.003946875432079648	0.988001	1.0
12604	1769	0.02093471974530372	0.11812743651539155	0.759001	1.0
12613	1200	0.05666063955411209	0.38533965780783974	0.41500099999999995	1.0
12615	0	0.02987183749964585	0.17691519469415054	0.689001	1.0
12617	1689	0.14255307358271846	1.419243296004415	0.038001	1.0
12618	4414	0.044412715998297714	0.28389248531623934	0.5610010000000001	1.0
12623	0	0.0414876091493426	0.2612174569828501	0.5310010000000001	1.0
12624	586	0.07497613415199783	0.5572859397009776	0.29400099999999996	1.0
12631	0	0.018912913808805127	0.10554026484214879	0.7810010000000001	1.0
12632	4415	0.06609934517923266	0.4708593794108401	0.327001	1.0
12637	913	0.043518015901903406	0.2768941967516737	0.5570010000000001	1.0
12639	0	0.09572990183957882	0.7827956189817159	0.17100100000000001	1.0
12640	0	0.050087945775707424	0.3295824364076597	0.48300099999999996	1.0
12648	0	0.0383541251297794	0.23757864126848216	0.570001	1.0
12649	2558	0.11707296798969474	1.050321883769538	0.096001	1.0
12651	3033	0.03685049723425829	0.22647264958695124	0.611001	1.0
12662	0	0.0049597414586778354	0.025594109543985805	0.945001	1.0
12663	1065	0.09198203508354985	0.7395913303103439	0.198001	1.0
12667	0	0.0	-0.0	1.0	1.0
12668	3484	0.05248365244781479	0.34954945314743546	0.437001	1.0
12669	0	0.01907386594221054	0.10653281702784237	0.7840010000000001	1.0
12673	0	0.02219680902022382	0.1261166958806964	0.745001	1.0
12677	0	0.06367809893842422	0.44830105521010793	0.36700099999999997	1.0
12688	1666	0.05654465032397761	0.3843289420712516	0.401001	1.0
12696	1446	0.18668072222404958	2.193157841747397	0.006001	1.0
12699	3739	0.08935461456685637	0.7099621451575316	0.190001	1.0
12719	0	0.05316814006841693	0.35532909409989333	0.456001	1.0
12722	0	0.034953708659900024	0.21268060097985814	0.626001	1.0
12727	1266	0.04253191467927482	0.2692450556418352	0.5520010000000001	1.0
12731	0	0.002994384997865293	0.015279423912255627	0.960001	1.0
12737	3778	0.00793145509931319	0.04162656961473285	0.901001	1.0
12738	2864	0.08868729155968305	0.7025228420051962	0.201001	1.0
12740	0	0.033477667281308965	0.20211514303488617	0.625001	1.0
12748	1455	0.013595854870085036	0.07366469034914269	0.845001	1.0
12749	334	0.019270950751454977	0.10775042095778638	0.767001	1.0
12752	4418	0.05909801387775039	0.4068029577497858	0.378001	1.0
12759	0	0.0	-0.0	1.0	1.0
12768	0	0.036044078868674785	0.2205793455031182	0.617001	1.0
12769	0	0.024109814708479657	0.1384209725230578	0.716001	1.0
12771	3145	0.0	-0.0	1.0	1.0
12772	917	0.004066791604956446	0.020879392097349424	0.951001	1.0
12776	0	0.15341012172424917	1.5934319464023303	0.028001	1.0
12780	1857	0.029743215619047886	0.1760322010857627	0.6740010000000001	1.0
12796	0	0.10551743594402266	0.9008964687465427	0.120001	1.0
12798	0	0.0422661689286877	0.26719514603389405	0.5430010000000001	1.0
12799	0	0.0030903216613949736	0.01577763343617975	0.961001	1.0
12803	899	0.0806292758617855	0.6154199358790302	0.247001	1.0
12807	282	0.03435310032737811	0.20836385534327823	0.602001	1.0
12808	0	0.07114628024143255	0.5192753520388005	0.30500099999999997	1.0
12810	3135	0.0	-0.0	1.0	1.0
12813	0	0.07203695469594047	0.5280168216671597	0.30200099999999996	1.0
12815	610	0.016813480737354926	0.09274306949290534	0.7970010000000001	1.0
12816	1864	0.00938675750726873	0.04967142919159268	0.902001	1.0
12823	2491	0.03512494890553322	0.2139157894027875	0.638001	1.0
12828	0	0.10011976105421869	0.834817017826031	0.157001	1.0
12835	0	0.029962823137513837	0.17754047288305616	0.6630010000000001	1.0
12836	0	0.0319247549093947	0.19115653117749165	0.629001	1.0
12837	0	0.04457729106607573	0.28518581788887987	0.525001	1.0
12839	1789	0.0	-0.0	1.0	1.0
12841	3708	0.008161306715926865	0.0428886803757302	0.890001	1.0
12843	2212	0.05205067926034584	0.3459107307293358	0.47100099999999995	1.0
12845	4024	0.0015655069572501935	0.007923017145690351	0.982001	1.0
12846	0	0.01774954911385905	0.09841467751415611	0.816001	1.0
12848	0	0.05879353784229727	0.4040983112261357	0.405001	1.0
12853	3762	0.08328306030881329	0.6435521559729773	0.243001	1.0
12866	2850	0.07388361595588686	0.5463304192240184	0.263001	1.0
12867	919	0.07205064508497049	0.5281516489508229	0.315001	1.0
12875	2052	0.032350451893747516	0.19414461934200578	0.6650010000000001	1.0
12883	0	0.046529436064883925	0.3006705244003891	0.511001	1.0
12886	1617	0.017966909200414913	0.0997395280891489	0.7920010000000001	1.0
12887	4321	0.06693223569908462	0.4787191831781298	0.43400099999999997	1.0
12891	0	0.056342916882924185	0.3825733661589022	0.401001	1.0
12893	0	0.08259441015911864	0.6361999101447352	0.217001	1.0
12897	1608	4.659996574275793e-05	0.00023378651528456197	1.0	1.0
12900	0	0.10601366260625641	0.9070893193900956	0.122001	1.0
12901	0	0.023868209782380606	0.13685400423867763	0.733001	1.0
12905	0	0.07109765962938808	0.5187998774382105	0.30200099999999996	1.0
12907	0	0.17093596740717415	1.8967463095612225	0.011000999999999999	1.0
12909	1197	0.11949166307338656	1.0829896417685472	0.099001	1.0
12913	916	0.033225733728131125	0.2003263715671301	0.616001	1.0
12914	1729	0.0493997420629315	0.3239215945701566	0.49600099999999997	1.0
12915	851	0.07913324918326131	0.5997988001643026	0.269001	1.0
12923	2844	0.040894636014529376	0.2566926033249904	0.5410010000000001	1.0
12929	2126	0.011446052241167185	0.0612746651966916	0.874001	1.0
12934	1975	0.027516065927249606	0.16091517517533233	0.704001	1.0
12950	874	0.031540620056650266	0.1884705123627085	0.652001	1.0
12952	3249	0.04457161659585101	0.2851411931376818	0.5340010000000001	1.0
12954	3809	0.022896487001239443	0.13058969160189687	0.757001	1.0
12955	0	0.009623522655147747	0.0509923762819398	0.882001	1.0
12957	3736	0.05719697780710912	0.3900258307136449	0.400001	1.0
12964	1110	0.11695709780460464	1.0487690815970692	0.096001	1.0
12966	3684	0.08164764623859355	0.6261515126092354	0.228001	1.0
12967	0	0.11192869667325916	0.9824500142668892	0.059001	1.0
12971	918	0.031861741854147314	0.19071524790756345	0.653001	1.0
12975	2371	0.03310915562666794	0.19950008083785384	0.626001	1.0
12982	0	0.031776021464105124	0.1901153675029171	0.6700010000000001	1.0
12983	0	0.008737503368368628	0.046066567654111976	0.901001	1.0
12987	0	0.00649124928211379	0.033790691118777624	0.9290010000000001	1.0
12989	1564	0.04591882605086732	0.2957985726752928	0.518001	1.0
12995	1068	0.13753178961256818	1.342159798820815	0.049001	1.0
12997	1927	0.022750973566802227	0.12965684816218634	0.765001	1.0
13002	3135	0.07471870745651879	0.5546964144574378	0.29500099999999996	1.0
13003	0	0.048399792318032264	0.31575587587148446	0.48500099999999996	1.0
13005	2213	0.1580453418531104	1.6709692545137513	0.018001	1.0
13006	5	0.041476186354492586	0.26113006414911755	0.5350010000000001	1.0
13009	3282	0.06970347308290747	0.5052408789227596	0.30100099999999996	1.0
13010	3663	0.016666167052168175	0.09185550322186778	0.8050010000000001	1.0
13011	349	0.00473997351806249	0.024429365795904982	0.947001	1.0
13015	4426	0.14494500535241536	1.4567320382866575	0.020001	1.0
13019	0	0.16252290755283533	1.747692431918824	0.015000999999999999	1.0
13022	3595	0.07450748820217871	0.5525754385772061	0.29700099999999996	1.0
13026	0	0.008723009803632144	0.04598638580236807	0.9120010000000001	1.0
13032	4101	0.05016500780864418	0.33021839153281646	0.503001	1.0
13036	2052	0.0	-0.0	1.0	1.0
13039	1110	0.026281088120424227	0.15267251859285091	0.697001	1.0
13040	929	0.03168523861288753	0.18948059137357295	0.641001	1.0
13043	0	0.03745503733038065	0.23091944808518836	0.601001	1.0
13046	1604	0.11879968563924424	1.0735939258688667	0.080001	1.0
13047	52	0.04329257310832715	0.2751395296100188	0.523001	1.0
13050	0	0.013496357645931586	0.07308497602170105	0.844001	1.0
13051	1546	0.0026184142913299423	0.013332180727675015	0.970001	1.0
13059	0	0.019495195471578974	0.10913880955362752	0.7880010000000001	1.0
13061	0	0.11755325429503098	1.0567701692967648	0.023001	1.0
13062	526	0.061302853303394446	0.4265891635061971	0.381001	1.0
13069	1120	0.018884297468617486	0.10536396629508221	0.8120010000000001	1.0
13070	0	0.021253661209990764	0.12013679458229053	0.7830010000000001	1.0
13074	4429	0.029430989945755177	0.173893295597936	0.6600010000000001	1.0
13090	3323	0.15948185467929676	1.6953880427983126	0.003001	0.9387985428571429
13100	3131	0.0160495428745357	0.08815506723152498	0.824001	1.0
13101	2448	0.06776336398793505	0.4866135231284115	0.341001	1.0
13102	0	0.023569669157796593	0.13492296581172647	0.733001	1.0
13106	0	0.04778283802872618	0.3107527669947761	0.49300099999999997	1.0
13109	0	0.0299495108736346	0.1774489532701279	0.692001	1.0
13121	4363	0.01754782074391778	0.09718776272528155	0.813001	1.0
13123	0	0.045959694834669725	0.29612384628959837	0.522001	1.0
13125	0	0.04147019113545993	0.26108419987140735	0.5440010000000001	1.0
13128	0	0.07818135094262825	0.5899482592496255	0.36100099999999996	1.0
13129	572	0.012549244828673208	0.06759724179118767	0.880001	1.0
13135	2626	0.12186520770999802	1.1155209112139683	0.082001	1.0
13136	0	0.019548375967642518	0.1094685382574089	0.7930010000000001	1.0
13139	3769	0.03577451153585518	0.21861912916763623	0.618001	1.0
13140	0	0.03696344362480969	0.22730156814836958	0.610001	1.0
13144	3015	0.0	-0.0	1.0	1.0
13147	0	0.056407052446415556	0.38313118574671645	0.380001	1.0
13148	899	0.058828048645373054	0.40440453187048475	0.402001	1.0
13153	1565	0.047558368763445116	0.3089390812018644	0.49800099999999997	1.0
13162	4432	0.09826567878568329	0.8126582201348207	0.152001	1.0
13166	0	0.03277647209803633	0.1971470464999539	0.628001	1.0
13168	3883	0.0	-0.0	1.0	1.0
13171	1458	0.03306556624715684	0.1991913577661944	0.655001	1.0
13172	1708	0.03430526794764546	0.20802111003300858	0.619001	1.0
13174	0	0.0766229382664413	0.5739701582199153	0.241001	1.0
13175	0	0.12650345784916905	1.1804533497166105	0.078001	1.0
13176	1218	0.10649784619524574	0.9131511012709084	0.100001	1.0
13180	0	0.013508263047691173	0.07315430990362286	0.840001	1.0
13185	1110	0.06282636714434861	0.44046800496606653	0.35500099999999996	1.0
13189	0	0.09504516535750938	0.7748193255758133	0.175001	1.0
13196	3675	0.0	-0.0	1.0	1.0
13197	532	0.0	-0.0	1.0	1.0
13198	0	0.024583920580755918	0.14150681119138306	0.697001	1.0
13200	0	0.07640141385935785	0.5717138800444684	0.267001	1.0
13203	0	0.02461863595604931	0.14173333548370537	0.727001	1.0
13210	1689	0.08854623220392115	0.7009547659337215	0.196001	1.0
13211	4433	0.042170426132483015	0.26645779655422647	0.5410010000000001	1.0
13215	0	0.011820538210726931	0.0634125398235952	0.857001	1.0
13219	4435	0.05780284939903223	0.3953444692280289	0.42700099999999996	1.0
13223	19	0.06043889610983244	0.41879392825026107	0.393001	1.0
13231	0	0.06693223569908462	0.4787191831781298	0.43400099999999997	1.0
13233	0	0.0084469506653529	0.044461583203150704	0.9060010000000001	1.0
13236	0	0.0005611821524335522	0.0028237563931557096	0.993001	1.0
13242	1442	0.015345763970432396	0.08396060332760208	0.828001	1.0
13246	4436	0.06215175971551244	0.4343015822315972	0.36700099999999997	1.0
13249	0	0.005137418075508056	0.026537870135130474	0.946001	1.0
13250	2251	0.02674264243674738	0.15574145141201773	0.719001	1.0
13251	3632	0.08390456805968022	0.650218942269187	0.219001	1.0
13255	3843	0.012879457736506582	0.06950427860140838	0.844001	1.0
13256	1999	0.022393144523944183	0.12736868882744626	0.751001	1.0
13257	3131	0.011311135301802437	0.06050655105614953	0.890001	1.0
13259	2464	0.05792527401107395	0.39642238830630494	0.41800099999999996	1.0
13260	3107	0.030155177690483433	0.1788641835308057	0.626001	1.0
13261	0	0.01959087748996507	0.10973218417450364	0.755001	1.0
13263	0	0.021894418165260478	0.12419323555687428	0.745001	1.0
13264	2563	0.012369142258370082	0.0665599439844861	0.892001	1.0
13272	1069	0.095443323104034	0.7794528289001229	0.169001	1.0
13276	0	0.025778597265484066	0.1493471485547228	0.717001	1.0
13278	3969	0.04887904613404091	0.3196607541683509	0.46900099999999995	1.0
13284	2239	0.0455659502866889	0.29299487993019835	0.499001	1.0
13287	4280	0.016677728896854246	0.09192511431618204	0.7950010000000001	1.0
13296	2864	0.013347825373212496	0.07222069912940783	0.853001	1.0
13298	0	0.082670858144732	0.6370142913916219	0.229001	1.0
13304	0	0.08546009396833668	0.6670355209390711	0.206001	1.0
13312	3324	0.04347683711286506	0.2765734317363495	0.5410010000000001	1.0
13313	0	0.006715426557736513	0.035002224066781176	0.9200010000000001	1.0
13321	0	0.023976286325788104	0.13755448712359286	0.744001	1.0
13328	0	0.07865066650551837	0.5947962525413254	0.271001	1.0
13332	1796	0.12554689232158966	1.1669140442096102	0.072001	1.0
13333	3673	0.0808635351490329	0.6178815174838442	0.260001	1.0
13344	0	0.023692933933861973	0.1357195787070702	0.748001	1.0
13355	0	0.0061060869145017176	0.03171615324964907	0.9190010000000001	1.0
13367	1930	0.11667120071748013	1.0449424667799019	0.078001	1.0
13369	2450	0.008134858036754816	0.042743289147489795	0.9080010000000001	1.0
13373	0	0.1266208777566678	1.182120636899654	0.066001	1.0
13374	529	0.02798314521105972	0.16405857272940727	0.6660010000000001	1.0
13381	4439	0.10292940447842425	0.8689206555963447	0.148001	1.0
13386	0	0.027510352749167896	0.16087681436870777	0.705001	1.0
13395	0	0.05678990698402028	0.3864672183612032	0.43500099999999997	1.0
13396	4079	0.0	-0.0	1.0	1.0
13397	1202	0.0717745899253129	0.5254356849840031	0.30500099999999997	1.0
13416	1324	0.08974472145729723	0.7143271641050324	0.20200100000000001	1.0
13419	0	0.017436128627492626	0.09650954929910566	0.871001	1.0
13422	3694	0.09591910245954668	0.785006111877375	0.159001	1.0
13425	3225	0.04833298068498232	0.3152127868930664	0.47200099999999995	1.0
13429	1185	0.0008142952622800011	0.0041033540570378476	0.986001	1.0
13431	0	0.06419208253992537	0.4530537017247156	0.335001	1.0
13432	0	0.047398701240757055	0.30765113287005186	0.515001	1.0
13434	0	0.025699311531590427	0.14882395180886604	0.728001	1.0
13442	0	0.03597643301194806	0.22008698407430993	0.600001	1.0
13444	1853	0.05203864251175028	0.3458097635977777	0.42300099999999996	1.0
13446	0	0.034700377559718165	0.21085688640178316	0.602001	1.0
13450	0	0.05793522031485616	0.3965100106214106	0.42100099999999996	1.0
13453	0	0.04308050916622712	0.2734921964952255	0.509001	1.0
13455	2929	0.07480661636956519	0.5555801515574765	0.379001	1.0
13458	2205	0.05553960241417416	0.375611552936334	0.439001	1.0
13459	3041	0.03255420845792598	0.19557910989319005	0.634001	1.0
13463	4440	0.0	-0.0	1.0	1.0
13467	2614	0.12020646926304313	1.0927371749181334	0.08500100000000001	1.0
13470	0	0.005138372564133614	0.02654294513279759	0.9370010000000001	1.0
13472	1617	0.06950584602265249	0.5033306150826706	0.343001	1.0
13475	3807	0.03574789602616402	0.21842585431371908	0.621001	1.0
13478	0	0.056356937768011414	0.38269528767195377	0.41600099999999995	1.0
13485	3325	0.05192210178931973	0.34483272370748785	0.43200099999999997	1.0
13489	1491	0.04279513986382344	0.2712803181174685	0.5410010000000001	1.0
13497	0	0.04396134474737184	0.28035496283942957	0.5360010000000001	1.0
13498	3216	0.0518253939266467	0.34402268761273413	0.41500099999999995	1.0
13522	0	0.015648523192899923	0.08576123996755587	0.841001	1.0
13527	4035	0.029372792950013136	0.17349532616050753	0.6800010000000001	1.0
13529	3674	0.0	-0.0	1.0	1.0
13535	1930	0.0091916909052282	0.04858567718426673	0.883001	1.0
13538	1065	0.05503781216553173	0.3712863412568784	0.453001	1.0
13542	0	0.12349453492195595	1.138124633409965	0.072001	1.0
13550	3694	0.020962401431750682	0.11830157657121468	0.741001	1.0
13553	0	0.11238148495207857	0.9883365468956443	0.112001	1.0
13559	0	0.14797112765468445	1.5048763453758716	0.036001	1.0
13562	2818	0.0642462392568697	0.4535556015998478	0.329001	1.0
13568	0	0.01318350927015629	0.07126616524561565	0.846001	1.0
13572	1445	0.06141119809776257	0.427570563019225	0.37200099999999997	1.0
13574	1618	0.06016937812313749	0.4163732566118313	0.384001	1.0
13576	3972	0.01961185647917874	0.10986236345568078	0.7880010000000001	1.0
13577	1674	0.15328191358359722	1.5913144362058869	0.026001	1.0
13578	0	0.05150207990585976	0.341319386649785	0.466001	1.0
13579	1781	0.029519151932069897	0.174496599802491	0.6730010000000001	1.0
13580	0	0.024398138745447592	0.14029587350529418	0.735001	1.0
13585	2991	0.10517922752713298	0.8966870877876956	0.111001	1.0
13597	3198	0.09332734615941937	0.7549721532929359	0.184001	1.0
13603	0	0.031906058730407576	0.19102557347511104	0.628001	1.0
13604	0	0.09820838669610588	0.8119778713286643	0.175001	1.0
13611	4345	0.0720160493182086	0.5278109660043466	0.318001	1.0
13614	0	0.007873747262236292	0.041310196646423304	0.9280010000000001	1.0
13620	0	0.04457892572361696	0.28519867345669875	0.5340010000000001	1.0
13621	3682	0.009570613342938773	0.050696892580300267	0.885001	1.0
13630	0	0.06135566506869582	0.4270674316226704	0.377001	1.0
13631	841	0.09890681122381975	0.8202895777730109	0.136001	1.0
13634	0	0.0931963291756851	0.7534679825518396	0.173001	1.0
13643	0	0.01802233339519372	0.10007782453949136	0.8070010000000001	1.0
13648	0	0.08549582363557046	0.6674239888017472	0.23400100000000001	1.0
13649	0	0.05078760140202748	0.3353717280246017	0.42800099999999996	1.0
13651	1369	0.008802355691248202	0.04642550163349632	0.874001	1.0
13652	0	0.06756239357580755	0.48469994629395474	0.341001	1.0
13653	0	0.014161593035970022	0.07697255790833699	0.852001	1.0
13656	2144	0.0587539839214735	0.4037474480807041	0.42500099999999996	1.0
13657	0	0.0	-0.0	1.0	1.0
13662	0	0.036956291751079694	0.22724905465309173	0.591001	1.0
13665	2722	0.09920624330483163	0.8238649339812614	0.169001	1.0
13673	3527	0.10021880781100104	0.8360084907552094	0.168001	1.0
13675	3390	0.00810083728803948	0.042556335422504185	0.901001	1.0
13678	2531	0.030873107033848515	0.18382627985784664	0.655001	1.0
13679	4351	0.0	-0.0	1.0	1.0
13683	755	0.008500247539679715	0.044755608133971427	0.883001	1.0
13687	1619	0.062499291555467115	0.43747413096905174	0.404001	1.0
13688	1185	0.012982498564227556	0.07010073104719622	0.861001	1.0
13691	0	0.07763554292744625	0.5843311940107139	0.28900099999999995	1.0
13695	3087	0.0434323728294834	0.2762272057058538	0.5330010000000001	1.0
13697	0	0.025974712023755044	0.15064303912603552	0.722001	1.0
13705	0	0.01916485087450257	0.10709462315255126	0.772001	1.0
13708	572	0.01645459736906144	0.09058316965341347	0.831001	1.0
13709	1862	0.0	-0.0	1.0	1.0
13712	0	0.011609854268651049	0.062208725751253004	0.871001	1.0
13713	1343	0.08105195637818643	0.6198644868247062	0.230001	1.0
13714	0	0.026203166799010212	0.15215577781036232	0.746001	1.0
13715	0	0.05136323791679556	0.3401607711588815	0.47000099999999995	1.0
13722	0	0.0034815134999462566	0.01781474271720252	0.963001	1.0
13724	0	0.1380672114864802	1.3502754737245497	0.056001	1.0
13727	0	0.07262912665134899	0.5338615671178637	0.274001	1.0
13729	2744	0.01469351548991895	0.08010077893873706	0.853001	1.0
13731	578	0.03488066015695353	0.21215428744466064	0.653001	1.0
13734	0	0.019774922577614477	0.11087517562830557	0.768001	1.0
13738	0	0.02804310370887574	0.16446312143456204	0.689001	1.0
13740	4449	0.025900895228149253	0.15015497802016212	0.698001	1.0
13742	0	0.09049839293098291	0.7227939350115393	0.184001	1.0
13746	742	0.02534042985316443	0.14646083733749313	0.734001	1.0
13756	4355	0.0029600094747078004	0.015101039788158212	0.954001	1.0
13759	3135	0.02795997944565891	0.16390233298039134	0.6660010000000001	1.0
13760	0	0.08491961736424725	0.661171289825284	0.261001	1.0
13764	3870	0.0133351469536323	0.07214698923186028	0.853001	1.0
13768	1481	0.004284677931267199	0.022025463137012476	0.949001	1.0
13781	0	0.03226014140277646	0.19350969738733234	0.638001	1.0
13786	1530	0.005977009562499046	0.031022906490432108	0.945001	1.0
13800	0	0.06495803328884524	0.46017222367742283	0.331001	1.0
13805	0	0.02403424719646436	0.13793046254729852	0.735001	1.0
13808	3390	0.04261520510759495	0.2698885425149508	0.5490010000000001	1.0
13810	0	0.028276103537589563	0.1660374406464222	0.697001	1.0
13812	0	0.019639261262605904	0.11003245821777827	0.7930010000000001	1.0
13813	0	0.0	-0.0	1.0	1.0
13824	2260	0.06180540861877566	0.43114858979655946	0.394001	1.0
13828	1202	0.024220647059435427	0.1391410535016257	0.750001	1.0
13830	0	0.14708057699618768	1.4906247982019314	0.018001	1.0
13831	2448	0.06289106187472873	0.4410611129139554	0.34700099999999995	1.0
13832	2016	0.02801222051460938	0.16425471863354804	0.6770010000000001	1.0
13841	4355	0.01499644830933982	0.08189016290632024	0.829001	1.0
13847	2634	0.008579431530803067	0.04519276214301905	0.9090010000000001	1.0
13854	1689	0.0713488215305551	0.5212579630921043	0.31100099999999997	1.0
13864	893	0.03991766839446071	0.24929009333213226	0.5490010000000001	1.0
13866	0	0.07603099275565482	0.5679493632286523	0.28800099999999995	1.0
13867	4452	0.04409679863494288	0.2814150710342804	0.5620010000000001	1.0
13869	3121	0.06018276655295845	0.41649337999503844	0.503001	1.0
13870	1470	0.07835963289348896	0.5917879218632349	0.271001	1.0
13873	1111	0.08701978866472232	0.6840853397304867	0.193001	1.0
13877	0	0.02981015539539063	0.1764916088536559	0.753001	1.0
13880	0	0.055019446039802244	0.37112837544914085	0.47900099999999995	1.0
13884	742	0.0051214757919323	0.026453113321774562	0.9290010000000001	1.0
13888	0	0.0	-0.0	1.0	1.0
13893	2614	0.019351580368583265	0.10824926466055919	0.771001	1.0
13900	3755	0.0	-0.0	1.0	1.0
13901	2744	0.08203907104400017	0.6302975137932447	0.229001	1.0
13903	742	0.11918951640341745	1.07888217566831	0.092001	1.0
13908	0	0.023118366990784456	0.1320147152661485	0.760001	1.0
13916	1068	0.061601376336334376	0.42929528866429156	0.379001	1.0
13917	0	0.08894548055906865	0.7053970033953701	0.189001	1.0
13920	0	0.006276917839679902	0.032635178600568644	0.9370010000000001	1.0
13930	138	0.04842611962573978	0.3159699676209153	0.513001	1.0
13932	1631	0.0919026891959338	0.7386886230728644	0.179001	1.0
13945	0	0.020653964543954274	0.11636401761792044	0.761001	1.0
13949	0	0.07462006427954813	0.553705461698476	0.29900099999999996	1.0
13953	0	0.07593919879257612	0.5670180861694095	0.260001	1.0
13960	1190	0.052831799037519445	0.35248495070458546	0.47500099999999995	1.0
13968	3135	0.10292940447842425	0.8689206555963447	0.148001	1.0
13971	349	0.059236113210255605	0.40803190080591917	0.40800099999999995	1.0
13972	0	0.028514821124977562	0.16765408358771988	0.689001	1.0
13978	20	0.11755325429503098	1.0567701692967648	0.023001	1.0
13983	0	0.025453522889003197	0.14720461535047014	0.722001	1.0
13984	3518	0.06032527309594571	0.4177727812409412	0.41300099999999995	1.0
13990	0	0.07033229721495445	0.5113384686177908	0.342001	1.0
13994	730	0.06960133707389089	0.504253268556799	0.30700099999999997	1.0
13996	0	0.0	-0.0	1.0	1.0
13999	2582	0.03187059819245039	0.19077725331615003	0.642001	1.0
14007	3164	0.057888862879297454	0.39610168407670954	0.41800099999999996	1.0
14008	0	0.03730353168881293	0.22980269985875718	0.601001	1.0
14009	0	0.02201226817157945	0.12494216506863623	0.743001	1.0
14016	3276	0.01977242658757669	0.11085966020077617	0.7820010000000001	1.0
14021	917	0.039982533743164426	0.2497795571055909	0.580001	1.0
14022	3744	0.028063329177706986	0.16459963871257094	0.6820010000000001	1.0
14025	1932	0.0	-0.0	1.0	1.0
14026	940	0.0396268976814247	0.24709951342611616	0.588001	1.0
14029	1668	0.05035395537275241	0.3317794565417648	0.48700099999999996	1.0
14034	1343	0.048781194340255414	0.3188621636492172	0.48300099999999996	1.0
14038	0	0.02067653074591813	0.11650557014504268	0.766001	1.0
14040	735	0.024027703342112523	0.13788800360671538	0.742001	1.0
14041	4455	0.06804510899543981	0.48930125310832395	0.317001	1.0
14043	0	0.0	-0.0	1.0	1.0
14050	1442	0.002405570343737694	0.012233489007391919	0.971001	1.0
14053	349	0.0	-0.0	1.0	1.0
14060	1369	0.007885353815719878	0.041373811410857046	0.9180010000000001	1.0
14061	4317	0.16670429295482428	1.8209710114658846	0.010001	1.0
14064	3788	0.03962317878601992	0.24707153375105012	0.575001	1.0
14065	3844	0.029492250843110485	0.17431245782128926	0.6820010000000001	1.0
14067	935	0.08921553899071077	0.7084088645677485	0.200001	1.0
14069	2439	0.05424229180861798	0.36446623781077453	0.454001	1.0
14070	0	0.041584572651881126	0.26195966032765666	0.5600010000000001	1.0
14073	0	0.08055370834977017	0.6146267738970008	0.253001	1.0
14076	0	0.09393011228358933	0.7619097918378895	0.222001	1.0
14077	3572	0.027575844592914532	0.16131668354105796	0.702001	1.0
14078	8	0.07488110711448875	0.5563294541953152	0.28700099999999995	1.0
14082	2052	0.05026768559592806	0.3310663920532676	0.455001	1.0
14089	600	0.029458551616002814	0.17408184879512817	0.6590010000000001	1.0
14095	0	0.0065452286419019	0.03408213978732717	0.9260010000000001	1.0
14100	0	0.01762544510686629	0.09765957251484354	0.8000010000000001	1.0
14106	4259	0.03343142866529787	0.2017865233730921	0.6690010000000001	1.0
14112	1207	0.12759448457929096	1.1959900668323054	0.059001	1.0
14119	2598	0.059718485828619924	0.41233537133824827	0.379001	1.0
14120	1370	0.01903336043771425	0.10628287539194056	0.7840010000000001	1.0
14121	0	0.06388729357479703	0.450233072988692	0.35600099999999996	1.0
14122	0	0.044982820985637544	0.28838074078350934	0.528001	1.0
14125	0	0.017534159621054604	0.09710476802249514	0.7890010000000001	1.0
14126	1868	0.012930095772231528	0.06979731546890562	0.853001	1.0
14132	918	0.04353300602203797	0.2770109924193548	0.5320010000000001	1.0
14135	1299	0.03269903028122371	0.19660036743842693	0.639001	1.0
14151	1537	0.047887606210664235	0.3116004898042332	0.502001	1.0
14159	0	0.11223780113920809	0.9864667451982466	0.097001	1.0
14165	1606	0.04840884583116459	0.3158294928929966	0.47500099999999995	1.0
14169	2934	0.04396391903196464	0.28037509822735585	0.5310010000000001	1.0
14175	0	0.012039164122570004	0.06466460880156685	0.872001	1.0
14176	2615	0.012697766099639523	0.06845414782327333	0.853001	1.0
14177	8	0.08471612447196053	0.6589692266887378	0.208001	1.0
14178	0	0.0005448262913044163	0.0027411984085423204	0.991001	1.0
14186	0	0.059057855028604084	0.4064458442683339	0.49600099999999997	1.0
14187	3135	0.025527932865906874	0.1476944391440787	0.698001	1.0
14188	0	0.07582993847781741	0.5659104393701225	0.267001	1.0
14189	1459	0.051821615555804654	0.34399105301137384	0.459001	1.0
14193	0	0.03541865926100868	0.2160389662877673	0.626001	1.0
14194	1617	0.08160936941042578	0.6257467130381722	0.220001	1.0
14202	4298	0.018090467320659984	0.10049396317458217	0.7980010000000001	1.0
14209	1658	0.0027973100683545624	0.014257689714479278	0.974001	1.0
14211	1781	0.07901716893879251	0.5985938669711242	0.252001	1.0
14213	0	0.017436128627492626	0.09650954929910566	0.871001	1.0
14223	1669	0.06502085980647575	0.4607580299916434	0.342001	1.0
14227	1900	0.13134568660664792	1.2501779320107018	0.055001	1.0
14240	3602	0.028500259279795114	0.16755536084672554	0.6820010000000001	1.0
14241	0	0.05701694727407319	0.3884505326690767	0.394001	1.0
14257	0	0.04302693944517815	0.2730765528492486	0.5560010000000001	1.0
14260	3584	0.0129931660536527	0.07016251722487427	0.870001	1.0
14265	0	0.0	-0.0	1.0	1.0
14275	1689	0.053041107027181025	0.35425394006552957	0.457001	1.0
14277	0	0.02531050929797318	0.14626419776307456	0.7950010000000001	1.0
14290	0	0.020253233118579322	0.11385571622972038	0.769001	1.0
14291	1604	0.07988997370256919	0.6076789447241576	0.258001	1.0
14292	3208	0.037023316829124846	0.22774133005453895	0.600001	1.0
14294	2616	0.014777355173240777	0.0805954385612323	0.814001	1.0
14296	3346	0.061998222900959174	0.43290278564668205	0.35800099999999996	1.0
14299	21	0.026181591021583323	0.1520127663146986	0.694001	1.0
14310	2544	0.10845367865550948	0.9378310170611275	0.124001	1.0
14312	2212	0.035478809151364	0.21647449410386574	0.612001	1.0
14319	1363	0.04832536628593223	0.31515091192394173	0.46900099999999995	1.0
14326	0	0.07419085375779932	0.5494022314375533	0.29500099999999996	1.0
14334	0	0.0	-0.0	1.0	1.0
14341	3125	0.0120736118607097	0.0648621580363855	0.846001	1.0
14343	1789	0.01536515142129343	0.08407573764344209	0.817001	1.0
14344	879	0.00039546997954672397	0.0019880248325778588	0.998001	1.0
14346	1241	0.015774718133192693	0.08651346053082622	0.7970010000000001	1.0
14350	3274	0.05955248955889004	0.4108525373293056	0.401001	1.0
14358	0	0.02887115857873842	0.17007422772509379	0.6780010000000001	1.0
14359	0	0.04927435091574806	0.32289377866893	0.48900099999999996	1.0
14362	0	0.062279457352541936	0.4354662827118483	0.380001	1.0
14365	3381	0.1387465726762542	1.3606084878955866	0.042001000000000004	1.0
14368	0	0.018025370532714875	0.10009636811079835	0.8000010000000001	1.0
14370	0	0.11537679988845327	1.027702042364807	0.087001	1.0
14374	0	0.015200405041876428	0.08309811978860064	0.836001	1.0
14375	0	0.07930626246698265	0.6015966166264839	0.326001	1.0
14379	1930	0.03391123296011639	0.20520346253453187	0.640001	1.0
14380	1442	0.01655440636415236	0.09118305012873075	0.824001	1.0
14389	0	0.011762083245180563	0.06307826504170244	0.874001	1.0
14391	0	0.015724003922864667	0.08621104486818655	0.817001	1.0
14397	0	0.08014060595075326	0.610298547960038	0.243001	1.0
14400	3520	0.0	-0.0	1.0	1.0
14405	2912	0.027192422804347423	0.15874545300439524	0.706001	1.0
14408	3335	0.03062066959546067	0.18207763016137704	0.6770010000000001	1.0
14413	0	0.046683828260706085	0.3019065116798329	0.588001	1.0
14414	913	0.06607614928595087	0.47064121845531476	0.34600099999999995	1.0
14418	0	0.045010529073376465	0.28859945249723545	0.5340010000000001	1.0
14421	0	0.12201153540310644	1.1175418386905798	0.062001	1.0
14423	4242	0.001365253050409656	0.006901576676840368	0.988001	1.0
14426	0	0.015361596386869911	0.08405462396457873	0.817001	1.0
14435	0	0.06840900012285678	0.49278134084766123	0.30300099999999996	1.0
14438	1783	0.0238630805683595	0.13682077867351788	0.738001	1.0
14439	0	0.05688001441817506	0.38725390932404513	0.41800099999999996	1.0
14440	1202	0.0	-0.0	1.0	1.0
14442	760	0.0	-0.0	1.0	1.0
14446	2733	0.04856566719472763	0.3171055707306972	0.508001	1.0
14453	4465	0.018748299730994525	0.10452682312894333	0.7870010000000001	1.0
14458	0	0.072169301072323	0.5293207994435747	0.316001	1.0
14465	0	0.07612419268714032	0.5688955571053278	0.260001	1.0
14468	3194	0.0927311599428111	0.748138426975384	0.177001	1.0
14470	0	0.06103710493158025	0.42418560637093883	0.380001	1.0
14471	0	0.07206605755191745	0.5283034526187005	0.30900099999999997	1.0
14485	2271	0.027924553574451734	0.16366347381752172	0.6790010000000001	1.0
14486	0	0.03430980149280809	0.2080535888018305	0.699001	1.0
14505	0	0.05587084000850785	0.3784765657265747	0.42200099999999996	1.0
14506	1038	0.07716072706028353	0.5794631523477067	0.260001	1.0
14510	526	0.09617993533229806	0.788058162095536	0.17100100000000001	1.0
14533	0	0.0012393071970508152	0.006260359500204397	0.979001	1.0
14537	0	0.0329014339236741	0.1980300226066112	0.6600010000000001	1.0
14543	1863	0.0	-0.0	1.0	1.0
14548	0	0.0	-0.0	1.0	1.0
14550	370	0.084905460128648	0.6610179860871277	0.201001	1.0
14551	0	0.035349178141369016	0.21553617664783128	0.599001	1.0
14554	0	0.06062225059188119	0.42044374189796746	0.36400099999999996	1.0
14555	0	0.0041801836751819005	0.02147547828784422	0.950001	1.0
14556	0	0.03819098350452377	0.23636624115956928	0.591001	1.0
14557	1864	0.08904119940762135	0.7064638684479964	0.194001	1.0
14571	1306	0.07499571784104528	0.5574831422006721	0.28300099999999995	1.0
14572	0	0.08080056222235346	0.6172193888496368	0.238001	1.0
14577	1966	0.03819934124083816	0.2364283084202062	0.591001	1.0
14581	1630	0.026641039966723307	0.1550646930406802	0.714001	1.0
14582	636	0.008184622681829797	0.04301688570666659	0.904001	1.0
14587	1423	0.06428677022718368	0.45393136520615057	0.34500099999999995	1.0
14590	4053	0.10630413905148729	0.9107236861960366	0.111001	1.0
14593	0	0.011807842510899072	0.06333992165298394	0.858001	1.0
14594	370	0.06038823910111977	0.41833855021153254	0.388001	1.0
14595	0	0.08563993018005155	0.6689917791586331	0.229001	1.0
14596	0	0.0024673196650094424	0.012551962853857837	0.972001	1.0
14599	1936	0.0	-0.0	1.0	1.0
14606	0	0.032174087177090985	0.19290520352675025	0.633001	1.0
14611	0	0.08652480125751202	0.6786539281325092	0.199001	1.0
14614	0	0.0006924124459510364	0.00348671817108871	0.991001	1.0
14616	0	0.020173601577055795	0.11335849331549609	0.758001	1.0
14619	0	0.0342107945583305	0.20734460655462575	0.612001	1.0
14622	0	0.05902085730274143	0.4061169445157975	0.389001	1.0
14628	1305	0.07862593070463748	0.594540314727434	0.278001	1.0
14630	1628	0.01768288689536667	0.0980089540437423	0.822001	1.0
14631	2942	0.0016125023359463975	0.008163066832457728	0.977001	1.0
14638	4363	0.0	-0.0	1.0	1.0
14641	1470	0.03714772944818516	0.22865590202435038	0.567001	1.0
14644	1442	0.14417987585159747	1.4446859405892922	0.040001	1.0
14665	0	0.0986706313712814	0.8174745302732576	0.166001	1.0
14670	0	0.06954985894335601	0.5037557922525858	0.312001	1.0
14675	1182	0.0007321296774812774	0.003687562785035885	0.998001	1.0
14680	0	0.05602614929002578	0.3798226118595667	0.403001	1.0
14684	1188	0.0	-0.0	1.0	1.0
14685	2709	0.08563879909052086	0.6689794673369647	0.211001	1.0
14686	529	0.09955466990536112	0.8280343208820986	0.161001	1.0
14703	2491	0.033010366590133663	0.19880058642191817	0.624001	1.0
14714	0	0.15098173547421417	1.5535714193465515	0.034001	1.0
14716	0	0.013605999083379346	0.07372382931219165	0.857001	1.0
14718	0	0.038809447590225525	0.24097197581655738	0.6750010000000001	1.0
14725	1952	0.08538683060429858	0.6662392802931484	0.219001	1.0
14728	2563	0.11991117080511368	1.088705146087967	0.074001	1.0
14729	1205	0.05108489758087255	0.3378421741161462	0.463001	1.0
14734	779	0.0026829024445785762	0.013665590606024226	0.969001	1.0
14737	0	0.04524175073343771	0.290426662523085	0.513001	1.0
14738	0	0.033133027939884846	0.19966921092036194	0.649001	1.0
14740	2823	0.0016498906790005756	0.008354136451195563	0.976001	1.0
14741	1756	0.029676169792218973	0.17557236149494668	0.6660010000000001	1.0
14758	0	0.03298773791174317	0.19864045141574702	0.6660010000000001	1.0
14760	4255	0.08028969165454486	0.6118590677050754	0.23400100000000001	1.0
14763	0	0.06449561204652016	0.45586945624045816	0.35300099999999995	1.0
14766	0	0.03349504459773063	0.20223868122688626	0.623001	1.0
14771	0	0.0019260609424508182	0.009768008540816192	0.977001	1.0
14775	2298	0.06951335534215189	0.5034031470069679	0.35100099999999995	1.0
14777	3682	0.03731363292295348	0.22987710770853303	0.589001	1.0
14778	0	0.019379847241738638	0.10842424508588822	0.757001	1.0
14781	0	0.023048062136567935	0.13156284028701118	0.727001	1.0
14789	0	0.023038996975999457	0.13150459829988795	0.713001	1.0
14806	0	0.03936684580342652	0.24514524706137555	0.5600010000000001	1.0
14808	1185	0.002812117483873936	0.014334379407714709	0.971001	1.0
14818	499	0.027560332346681895	0.16121247181083295	0.776001	1.0
14825	0	0.03810309214188918	0.23571381857498663	0.5620010000000001	1.0
14826	0	0.0020769229815207346	0.010542240372883588	0.982001	1.0
14831	349	0.07254768335892385	0.5330561598858461	0.29000099999999995	1.0
14835	1408	0.04151703037483959	0.2614425923813444	0.5440010000000001	1.0
14836	0	0.027309835997551532	0.15953180708969986	0.690001	1.0
14840	1647	0.0	-0.0	1.0	1.0
14841	0	0.010734618134288096	0.0572368319547727	0.884001	1.0
14842	0	0.03805523005863934	0.2353587561470337	0.595001	1.0
14850	4455	0.03220561416238486	0.1931266098583933	0.617001	1.0
14853	1756	0.04089587804414371	0.25670205579674304	0.5500010000000001	1.0
14861	3107	0.11867816581938535	1.0719480314071068	0.003001	0.9387985428571429
14862	2634	0.06666459470721255	0.4761879227986295	0.337001	1.0
14866	425	0.0	-0.0	1.0	1.0
14870	0	0.05694242373811557	0.38779912197575384	0.381001	1.0
14871	370	0.0	-0.0	1.0	1.0
14874	637	0.01222428913101252	0.06572711057551447	0.855001	1.0
14881	4083	0.11755325429503102	1.0567701692967655	0.008001	1.0
14887	3135	0.00826959431632269	0.04348438864608615	0.889001	1.0
14891	3714	0.058780189221096735	0.4039798895945251	0.402001	1.0
14892	0	0.07672369494912842	0.5749976199532296	0.259001	1.0
14893	535	0.014692045167740976	0.08009210783399864	0.817001	1.0
14894	0	0.0	-0.0	1.0	1.0
14896	874	0.17125948744330965	1.9026066957748888	0.018001	1.0
14900	0	0.023052961579131323	0.13159432050064773	0.729001	1.0
14911	1671	0.06775760964851368	0.48655869048195455	0.338001	1.0
14912	0	0.07850162189846002	0.59325481514671	0.273001	1.0
14915	2235	0.06253463510972324	0.43779726978372374	0.36000099999999996	1.0
14922	0	0.07977622694080261	0.6064916502329719	0.261001	1.0
14926	1537	0.06771472409540599	0.4861501147663866	0.316001	1.0
14927	0	0.0067116545254917274	0.03498181380189236	0.9210010000000001	1.0
14928	0	0.01863505676212123	0.10383063939658155	0.7870010000000001	1.0
14930	1604	0.032798819131704925	0.1973048734854558	0.644001	1.0
14932	349	0.027401461352633102	0.16014607707052622	0.6750010000000001	1.0
14934	1066	0.06965183528303037	0.5047414669089926	0.30800099999999997	1.0
14936	2709	0.0005824057397142701	0.0029309079187344474	0.989001	1.0
14940	0	0.033891986453281085	0.20506610168108896	0.632001	1.0
14943	0	0.071189279210568	0.5196959983686071	0.29900099999999996	1.0
14947	1644	0.02079134762130344	0.11722629156105792	0.764001	1.0
14948	4470	0.17778214104675955	2.022810824470117	0.006001	1.0
14952	0	0.0	-0.0	1.0	1.0
14955	0	0.02791517704177853	0.16360026623535573	0.700001	1.0
14961	8	0.09751692040984515	0.8037872656034573	0.179001	1.0
14962	1648	0.04612123616400757	0.29741068848353314	0.49600099999999997	1.0
14970	3197	0.05439034541710906	0.3657320947491979	0.42500099999999996	1.0
14974	2373	0.08227412870665168	0.6327929192292557	0.237001	1.0
14978	1065	0.02552326250402652	0.14766368466213722	0.723001	1.0
14980	2196	0.029308741480719255	0.17305757963903082	0.701001	1.0
14983	3018	0.10695073423383483	0.9188382821269506	0.133001	1.0
14988	0	0.04086600881390046	0.25647476518468776	0.567001	1.0
14989	0	0.034227484401617825	0.20746407542993725	0.651001	1.0
14992	0	0.053639011930835645	0.3593243810681602	0.43600099999999997	1.0
15005	1647	0.01362348768003152	0.07382579965070304	0.847001	1.0
15007	0	0.03655962454151682	0.22434189085786485	0.700001	1.0
15008	2572	0.05558551191190669	0.3760081736611807	0.42600099999999996	1.0
15013	4471	0.08519355358750925	0.664140702267938	0.215001	1.0
15015	3126	0.013481820042499263	0.07300032476558647	0.829001	1.0
15017	0	0.044980302068570385	0.2883608605438919	0.508001	1.0
15026	638	0.03245624641056891	0.19488909087943593	0.646001	1.0
15029	0	0.055683120455540976	0.3768519343813499	0.524001	1.0
15037	1343	0.04671816056658941	0.30218158520958277	0.524001	1.0
15039	1644	0.021741515714373712	0.12322287343871023	0.743001	1.0
15040	0	0.05699175810340142	0.38823030923622015	0.391001	1.0
15045	4473	0.1347049088889552	1.2997199574904548	0.058001000000000004	1.0
15058	4474	0.037374431984231	0.23032511251222612	0.608001	1.0
15060	0	0.07923142657287693	0.6008187011466969	0.261001	1.0
15062	3426	0.0396806883715863	0.2475043214051872	0.581001	1.0
15066	0	0.02508191301922897	0.14476376458213402	0.745001	1.0
15077	2185	0.1289820218258375	1.2158946175454204	0.055001	1.0
15078	0	0.0	-0.0	1.0	1.0
15081	1604	0.0	-0.0	1.0	1.0
15082	20	0.008588247740538197	0.0452414575414835	0.9120010000000001	1.0
15084	3426	0.011124797227184909	0.05944751400292366	0.855001	1.0
15085	0	0.08268099704004572	0.6371223322809839	0.314001	1.0
15089	0	0.021935774724910085	0.12445595277600245	0.7990010000000001	1.0
15091	2088	0.0	-0.0	1.0	1.0
15093	2823	0.07683634390868559	0.5761472644821938	0.273001	1.0
15098	3026	0.01348412039063809	0.07301371863267869	0.858001	1.0
15101	899	0.03882150094522241	0.24106199617331625	0.593001	1.0
15110	0	0.043025622424441426	0.27306633667331054	0.5460010000000001	1.0
15111	917	0.0	-0.0	1.0	1.0
15112	0	0.03184216112286478	0.19057817686872594	0.6620010000000001	1.0
15116	0	0.029064671003160694	0.1713920039074267	0.6820010000000001	1.0
15118	899	0.015380585097308976	0.08416740879518049	0.837001	1.0
15121	0	0.03325394751726767	0.2005264836142595	0.600001	1.0
15129	0	0.08630514896797549	0.6762498168531131	0.215001	1.0
15132	1277	0.007749438597065686	0.04062937728660441	0.9190010000000001	1.0
15139	2996	0.03100061502969879	0.18471113832619962	0.649001	1.0
15141	2449	0.04889647776909369	0.3198030882840015	0.519001	1.0
15151	0	0.08555584344238822	0.6680767717929822	0.213001	1.0
15153	529	0.0	-0.0	1.0	1.0
15159	0	0.0	-0.0	1.0	1.0
15166	1191	0.007599572791671453	0.03980982115452019	0.9180010000000001	1.0
15167	349	0.06693223569908462	0.4787191831781298	0.43400099999999997	1.0
15171	71	0.14479986147205437	1.454442986714195	0.034001	1.0
15172	0	0.09874343706258963	0.8183418329163594	0.161001	1.0
15178	0	0.06612031355484899	0.4710566244037776	0.333001	1.0
15179	0	0.07336860649372604	0.5411972194392759	0.30900099999999997	1.0
15182	0	0.03988618162378294	0.2490526026920599	0.5610010000000001	1.0
15189	1191	0.08517844008510621	0.6639767236376389	0.219001	1.0
15196	3831	0.026949437480689793	0.15712095949039895	0.700001	1.0
15197	0	0.04911510443434054	0.3215900495713051	0.47500099999999995	1.0
15198	3592	0.010478694999454145	0.05579186181141417	0.888001	1.0
15202	1241	0.0057053399715110914	0.029567073811397396	0.942001	1.0
15203	0	0.04238610618381899	0.26811971595454864	0.5310010000000001	1.0
15206	0	0.0038438626033226904	0.01970970099884003	0.949001	1.0
15209	0	0.05438719785594094	0.3657051668376662	0.405001	1.0
15211	0	0.0014181941267797163	0.007171387118629841	0.979001	1.0
15213	0	0.02871187619021108	0.16899139613700595	0.6750010000000001	1.0
15227	1993	0.056473145690979124	0.38370634161524547	0.41400099999999995	1.0
15234	1612	0.0009508359341881406	0.004795173888395083	0.987001	1.0
15235	2054	0.10381990250199061	0.8798620092650765	0.121001	1.0
15244	4270	0.0036486513718051138	0.01868785265133121	0.956001	1.0
15249	349	0.05289222057657167	0.35299528991991175	0.47600099999999995	1.0
15252	0	0.06889427377719395	0.4974375814559402	0.318001	1.0
15254	0	0.06130767807731279	0.4266328486577614	0.49800099999999997	1.0
15259	0	0.138987070452061	1.3642759790304193	0.037001	1.0
15268	916	0.029343502581082072	0.17329511369164577	0.6710010000000001	1.0
15274	1727	0.09382509559524466	0.7606990221318479	0.181001	1.0
15276	1672	0.1652598514847808	1.7954784580419259	0.015000999999999999	1.0
15277	0	0.06445027153931092	0.455448415454352	0.339001	1.0
15281	2717	0.00278308153431624	0.014184010263939112	0.968001	1.0
15282	4270	0.055300402092057464	0.37354750105235834	0.461001	1.0
15284	0	0.024670273755926397	0.14207042585696072	0.710001	1.0
15294	20	0.07358386482489288	0.5433403126808889	0.28500099999999995	1.0
15298	3249	0.03814014674567433	0.2359888130621234	0.602001	1.0
15302	0	0.03384542917311673	0.204733928389901	0.650001	1.0
15312	3755	0.027433491227252603	0.16036093946443886	0.689001	1.0
15314	0	0.0026008473859560413	0.013241400459399012	0.973001	1.0
15327	297	0.03988303463799668	0.24902887010631952	0.572001	1.0
15329	0	0.014495732297752452	0.07893557313769316	0.830001	1.0
15332	0	0.0	-0.0	1.0	1.0
15333	0	0.13050637701879347	1.2379499780863568	0.045001	1.0
15337	0	0.0028111114469689343	0.01432916859289285	0.963001	1.0
15338	918	0.06314799141558074	0.443419614690364	0.36200099999999996	1.0
15343	0	0.06705609124530507	0.4798923618317166	0.30900099999999997	1.0
15346	1343	0.0	-0.0	1.0	1.0
15348	2339	0.011858183888782462	0.06362792751520126	0.856001	1.0
15353	3454	0.04121470540922331	0.25913199020481886	0.527001	1.0
15355	0	0.038342955596560375	0.23749557633316587	0.5470010000000001	1.0
15356	1495	0.03412131505368677	0.20670441439201231	0.613001	1.0
15358	4456	0.02283170701981568	0.13017423853815435	0.747001	1.0
15363	1565	0.04418810265094335	0.2821303640416037	0.5420010000000001	1.0
15366	3270	0.0455357232818828	0.2927551211709458	0.518001	1.0
15368	1835	0.017436128627492626	0.09650954929910566	0.871001	1.0
15370	4480	0.0897882277706292	0.7148147064396195	0.216001	1.0
15374	0	0.003505073098976061	0.017937715768496353	0.957001	1.0
15380	0	0.07652186390633985	0.5729402305591803	0.272001	1.0
15383	3145	0.12316355433864026	1.1335149272059861	0.083001	1.0
15386	20	0.045968526063545824	0.29619414910110087	0.509001	1.0
15387	0	0.10906327294395476	0.9455868625109523	0.102001	1.0
15389	0	0.00472174200207149	0.024332869639090003	0.948001	1.0
15395	0	0.06554835759619325	0.4656879857085465	0.35000099999999995	1.0
15404	1930	0.032296254500984244	0.19376352304769637	0.629001	1.0
15412	1727	0.006920738702258775	0.03611444233892338	0.9270010000000001	1.0
15413	499	0.14601399660580164	1.473647687925502	0.015000999999999999	1.0
15416	0	0.037244769638210634	0.22936998299539774	0.592001	1.0
15420	0	0.022497707785486723	0.12803647600745946	0.749001	1.0
15429	4429	0.10923008869440129	0.9477145304894389	0.121001	1.0
15435	0	0.016565703516261653	0.09125098848141402	0.818001	1.0
15437	3708	0.13111593063920363	1.2468246454271084	0.048001	1.0
15441	1023	0.024103742639773922	0.1383815450155624	0.729001	1.0
15445	913	0.0962780481416193	0.7892075938238313	0.158001	1.0
15448	2556	0.0067928630498990394	0.035421417024572334	0.9130010000000001	1.0
15452	0	0.12555579393049202	1.1670396829106109	0.067001	1.0
15454	1619	0.06526279011138302	0.46301654815773513	0.316001	1.0
15455	0	0.04531781409733326	0.291028558954116	0.47800099999999995	1.0
15461	1857	0.023855521854280835	0.1367718185997471	0.753001	1.0
15466	3663	0.09038081137768525	0.7214700917319558	0.182001	1.0
15473	4485	0.034638844423061664	0.21041456329010064	0.620001	1.0
15475	4486	0.05178641598408121	0.3436963914608214	0.440001	1.0
15476	0	0.08894055646259948	0.7053421396505345	0.209001	1.0
15483	1628	0.06693223569908462	0.4787191831781298	0.43400099999999997	1.0
15485	3566	0.03270745144329305	0.19665979493913047	0.6730010000000001	1.0
15487	0	0.06377020988094848	0.44915135049273586	0.36600099999999997	1.0
15491	0	0.08479814527688675	0.6598564153660194	0.216001	1.0
15497	3015	0.03273836512209269	0.19687799092381278	0.6610010000000001	1.0
15499	1733	0.03807691408459646	0.2355195987249172	0.606001	1.0
15500	0	0.002989954558738477	0.015256429234758742	0.969001	1.0
15504	0	0.0	-0.0	1.0	1.0
15519	0	0.03308845292086958	0.199353437507496	0.601001	1.0
15520	1298	0.1165159204613638	1.0428669398224957	0.092001	1.0
15522	3145	0.06316682468401866	0.4435926860880403	0.35300099999999995	1.0
15525	1564	0.02860676544632787	0.16827774584338118	0.6760010000000001	1.0
15528	0	0.028197197622816327	0.16550389560355974	0.698001	1.0
15534	0	0.041428224336662954	0.2607632169831559	0.5520010000000001	1.0
15538	2629	0.10761807335338355	0.9272487942190084	0.133001	1.0
15543	0	0.0	-0.0	1.0	1.0
15544	0	0.0	-0.0	1.0	1.0
15546	0	0.06289861862593024	0.4411304116312592	0.37300099999999997	1.0
15550	0	0.005489360389099888	0.028412812244457207	0.949001	1.0
15561	0	0.05018644210098397	0.33039535270704334	0.47200099999999995	1.0
15562	429	0.21033150970606926	2.6823991482770815	0.005001	1.0
15563	4489	0.09472387631117146	0.7710895182800881	0.170001	1.0
15567	0	0.014112215095095328	0.07668305680351283	0.855001	1.0
15575	1442	0.033324706026244835	0.20102858648078242	0.632001	1.0
15578	1756	0.03739305232550551	0.2304623686817293	0.573001	1.0
15581	1007	0.014072546632196023	0.07645059134852403	0.843001	1.0
15584	0	0.05001588274163411	0.3289881146302835	0.47200099999999995	1.0
15585	0	0.06355750112602153	0.44718873248606084	0.49100099999999997	1.0
15590	0	0.10301176945097124	0.8699299752841472	0.131001	1.0
15593	0	0.07244666316603145	0.5320578450854078	0.313001	1.0
15594	8	0.0036801447876448	0.01885255525969093	0.949001	1.0
15601	0	0.0	-0.0	1.0	1.0
15619	3521	0.0709248982901105	0.5171118260617346	0.340001	1.0
15627	2838	0.02793353081645357	0.16372399515778258	0.712001	1.0
15635	1202	0.047329647831618187	0.3070946703259868	0.507001	1.0
15636	1202	0.0987174799570796	0.8180325686643306	0.149001	1.0
15646	1397	0.037684536065871174	0.232614044982199	0.6710010000000001	1.0
15647	1715	0.0439424298178397	0.2802070292206158	0.5540010000000001	1.0
15653	4298	0.014837680984203048	0.08095163473315327	0.837001	1.0
15654	0	0.0	-0.0	1.0	1.0
15657	1202	0.08570840289473539	0.6697372840013124	0.229001	1.0
15666	1189	0.007420268723025654	0.03883105272102866	0.9090010000000001	1.0
15669	0	0.06817981063286344	0.49058833175327526	0.30700099999999997	1.0
15672	0	0.09634392397647785	0.7899797848317837	0.156001	1.0
15674	0	0.030099984845351875	0.178484117676379	0.654001	1.0
15676	1185	0.04981685144769439	0.3273485565729261	0.458001	1.0
15677	0	0.05011844705521903	0.3298340983937877	0.47800099999999995	1.0
15682	1	0.06349182359525034	0.44658341044744987	0.35800099999999996	1.0
15683	0	0.010686659481366451	0.05696574816845329	0.9190010000000001	1.0
15687	0	0.02923958931578457	0.1725852764978645	0.6580010000000001	1.0
15691	0	0.05655089784563681	0.38438335754587966	0.437001	1.0
15702	0	0.05005856283376916	0.3293400637418634	0.590001	1.0
15706	0	0.10319443782541332	0.8721703852718801	0.138001	1.0
15709	0	0.01375580610385074	0.07459791778470266	0.845001	1.0
15713	532	0.03871570656164473	0.24027220929282028	0.5620010000000001	1.0
15741	1020	0.03634121082088744	0.22274567888790286	0.590001	1.0
15748	4491	0.1276343757163375	1.1965600403427068	0.060001	1.0
15749	0	0.05824617880285529	0.399253013399937	0.374001	1.0
15755	0	0.035225748228050247	0.2146437951873587	0.613001	1.0
15756	1200	0.04990346262498535	0.3280616893156517	0.47500099999999995	1.0
15759	0	0.05126706171363678	0.3393589956304395	0.442001	1.0
15765	1096	0.036919767453605645	0.2269809245248322	0.600001	1.0
15769	3868	0.07195025648840729	0.5271633165432512	0.274001	1.0
15772	0	0.07112027436010142	0.5190210112359028	0.314001	1.0
15775	3242	0.05654404480658662	0.384323668206519	0.41000099999999995	1.0
15777	4456	0.04218418216328863	0.26656369785612194	0.655001	1.0
15780	3844	0.11559940150539652	1.0306570664892822	0.079001	1.0
15782	0	0.027424210639232425	0.1602986766463149	0.692001	1.0
15789	0	0.021852865016289538	0.1239293796522655	0.751001	1.0
15791	2459	0.046115016127346205	0.2973611058627522	0.511001	1.0
15792	0	0.0	-0.0	1.0	1.0
15793	3556	0.053071025866036306	0.35450705707083774	0.447001	1.0
15795	322	0.11875434513203505	1.072979679311838	0.091001	1.0
15803	1936	0.03067816124166605	0.18247550770266885	0.646001	1.0
15808	0	0.023877284012327436	0.1369127886291971	0.723001	1.0
15815	0	0.0	-0.0	1.0	1.0
15816	0	0.10128931343822634	0.848936164709644	0.154001	1.0
15818	2222	0.007773117399261929	0.040758990748672924	0.900001	1.0
15825	3764	0.0	-0.0	1.0	1.0
15828	0	0.07041257407371758	0.5121190219896128	0.29900099999999996	1.0
15829	1035	0.08856383325000483	0.7011503419187667	0.198001	1.0
15831	917	0.045455117935733126	0.2921160751645137	0.48700099999999996	1.0
15837	3960	0.005253201543596535	0.027153883634214553	0.945001	1.0
15844	1869	0.023184658292955674	0.13244108459694506	0.734001	1.0
15845	3214	0.0	-0.0	1.0	1.0
15847	1040	0.000606791594108775	0.003054057089397263	0.995001	1.0
15849	0	0.08352191888068738	0.6461108187796026	0.243001	1.0
15852	0	0.05127769160991451	0.3394475798554778	0.448001	1.0
15858	1408	0.05368535537353596	0.3597184533604478	0.459001	1.0
15860	1742	0.04829293054068138	0.3148873830883055	0.502001	1.0
15864	0	0.01466261624803429	0.07991858140143948	0.818001	1.0
15870	1657	0.0	-0.0	1.0	1.0
15871	0	0.04023507189325758	0.2516879089020308	0.5380010000000001	1.0
15872	0	0.12835692600427684	1.2069072978625461	0.061001	1.0
15878	8	0.053433297406832274	0.35757697657672866	0.5620010000000001	1.0
15882	4432	0.09726950012993187	0.8008657502845562	0.144001	1.0
15883	0	0.042826627976134485	0.27152410468063165	0.5320010000000001	1.0
15893	1453	0.07288234642168423	0.5363688846748047	0.30800099999999997	1.0
15895	0	0.020622090458460505	0.1161641341067649	0.767001	1.0
15899	0	0.10282865658427738	0.8676868097275917	0.137001	1.0
15901	147	0.03749741960351962	0.23123212611608132	0.573001	1.0
15905	0	0.0045516365555429705	0.02343348146864115	0.947001	1.0
15907	25	0.059270062604478826	0.40833422734160485	0.35400099999999995	1.0
15908	1040	0.08608917869443133	0.6738896562482116	0.213001	1.0
15912	0	0.12196499679927	1.1168989012168946	0.094001	1.0
15916	3933	0.05339111364403566	0.35721902693863256	0.454001	1.0
15920	3249	0.07565315519557837	0.5641201796043398	0.257001	1.0
15922	0	0.026212697356675252	0.15221895918524495	0.724001	1.0
15924	1674	0.040557032618675506	0.2541271889539402	0.5370010000000001	1.0
15927	4041	0.00586152001531965	0.030403479353948507	0.9120010000000001	1.0
15932	0	0.08380938150743297	0.6491959634943244	0.253001	1.0
15937	1864	0.004962266622337619	0.025607509263571724	0.9330010000000001	1.0
15939	0	0.0653791326498392	0.46410418833789246	0.34800099999999995	1.0
15942	2052	0.02835037588492596	0.16654002732502202	0.6870010000000001	1.0
15949	2362	0.06422949088874437	0.45340036231272796	0.327001	1.0
15950	3521	0.06883108763536641	0.4968303139271487	0.30400099999999997	1.0
15958	0	0.01827315075454034	0.10161117348029812	0.776001	1.0
15960	1222	0.05193311099096929	0.3449249800953287	0.441001	1.0
15962	0	0.07821597963589913	0.5903053977457733	0.271001	1.0
15965	0	0.048718913692642356	0.318354227659571	0.452001	1.0
15971	0	0.059134097069034976	0.4071239279793795	0.40800099999999995	1.0
15973	0	0.03454710652023474	0.20975558860347282	0.605001	1.0
15978	3249	0.05468470556338499	0.3682535248012293	0.448001	1.0
15996	0	0.010713933852724525	0.057119897931844396	0.875001	1.0
16004	2195	0.04966674727205222	0.326113892068661	0.46900099999999995	1.0
16005	349	0.1080000327465191	0.9320789340972073	0.104001	1.0
16011	0	0.01876232500158562	0.10461310261095857	0.776001	1.0
16014	1035	0.009740670700768263	0.05164721975837784	0.886001	1.0
16020	0	0.0523083858824779	0.34807490279731484	0.5550010000000001	1.0
16022	0	0.009627301030748499	0.05101348394954844	0.886001	1.0
16024	0	0.027294155671701778	0.15942673880346675	0.712001	1.0
16026	3240	0.11315182860819745	0.9983901702349455	0.113001	1.0
16032	1769	0.07348016836034449	0.5423074844210016	0.29100099999999995	1.0
16033	2722	0.03497491788029754	0.2128334802580023	0.620001	1.0
16040	3454	0.07319357095618659	0.5394571505899552	0.29300099999999996	1.0
16041	1151	0.0490608859272059	0.3211465771699731	0.47000099999999995	1.0
16045	3518	0.037684536065871174	0.232614044982199	0.6710010000000001	1.0
16046	1001	0.03687273981070186	0.22663582064721322	0.604001	1.0
16048	918	0.10177936301633277	0.8548847760932936	0.135001	1.0
16050	2902	0.062351619235580386	0.4361249813867917	0.400001	1.0
16053	2620	0.04507502546976598	0.28910875645498757	0.519001	1.0
16056	887	0.10850235266862682	0.9384491827959075	0.111001	1.0
16060	1853	0.05824767457386151	0.39926622465833245	0.390001	1.0
16066	2424	0.01596240761074955	0.08763407326285401	0.829001	1.0
16067	891	0.025457435339419077	0.1472303611698921	0.691001	1.0
16070	2621	0.12442463708610184	1.151127767906128	0.066001	1.0
16071	0	0.08795050831753393	0.6943495580226045	0.196001	1.0
16076	0	0.0055290229624523485	0.028624573105344282	0.9350010000000001	1.0
16078	2888	0.08718064313746318	0.6858544674516419	0.275001	1.0
16080	985	0.09757750535809308	0.8045033892650206	0.159001	1.0
16088	0	0.03582020381561445	0.2189510457706674	0.595001	1.0
16109	1930	0.07734838638178815	0.5813850791316137	0.259001	1.0
16110	0	0.027810805566174743	0.16289708243000894	0.688001	1.0
16116	0	0.0	-0.0	1.0	1.0
16128	160	0.009181452709858259	0.04852875445431895	0.900001	1.0
16132	0	0.04997846114590547	0.3286796339084215	0.48100099999999996	1.0
16133	1604	0.01645955771271717	0.09061296802017041	0.817001	1.0
16135	1147	0.019732839677571695	0.11061363516636499	0.747001	1.0
16140	1675	0.024310305141741054	0.13972414464637295	0.738001	1.0
16142	2390	0.024278582151980473	0.1395177749370982	0.736001	1.0
16150	0	0.11973062964113076	1.0862436007593232	0.095001	1.0
16155	1864	0.152405885197721	1.5768847447415313	0.022001	1.0
16156	4494	0.09934058784745131	0.8254713960080493	0.144001	1.0
16164	0	0.0160656211857382	0.08825125349649655	0.816001	1.0
16172	1442	0.05012215733755657	0.3298647159158385	0.446001	1.0
16176	0	0.06676854112551261	0.47717038453154365	0.340001	1.0
16183	0	0.13995689135040407	1.3791160458984029	0.042001000000000004	1.0
16185	0	0.02744085131765655	0.16041032179894665	0.688001	1.0
16190	4074	0.12807422712329217	1.2028536578646096	0.072001	1.0
16191	1299	0.05297779703347511	0.35371853988129576	0.49100099999999997	1.0
16192	0	0.008648701750150437	0.04557549529299154	0.896001	1.0
16202	2709	0.004892723642175009	0.02523861944613224	0.948001	1.0
16207	1202	0.03597230237791234	0.22005692918010233	0.633001	1.0
16215	0	0.11289634755885791	0.9950505287060958	0.115001	1.0
16218	0	0.09958393890895156	0.8283850050139084	0.163001	1.0
16222	0	0.06001677719543019	0.4150050138000551	0.43400099999999997	1.0
16224	1561	0.06693223569908462	0.4787191831781298	0.43400099999999997	1.0
16225	3831	0.052098230394702516	0.3463097015815452	0.47000099999999995	1.0
16228	0	0.008403107336100706	0.04421983951854316	0.9120010000000001	1.0
16230	0	0.16194226006879123	1.7376414153549609	0.018001	1.0
16231	0	0.15150362309219473	1.562093916017359	0.022001	1.0
16235	2345	0.015362495029782	0.08405996101382271	0.835001	1.0
16236	0	0.050846811888398236	0.3358632517171161	0.444001	1.0
16240	0	0.09785237130860466	0.8077560176237086	0.159001	1.0
16249	1445	0.08312878246758823	0.6419018626201168	0.223001	1.0
16254	1932	0.062354214024319274	0.4361486738865541	0.380001	1.0
16259	1676	0.05739833532725272	0.391790509791048	0.41000099999999995	1.0
16261	988	0.039881400591277025	0.24901654742136498	0.5370010000000001	1.0
16263	0	0.05223824849975947	0.3474854351572042	0.448001	1.0
16268	0	0.05854351642899772	0.4018823992272428	0.387001	1.0
16271	0	0.0	-0.0	1.0	1.0
16274	2196	0.05740730711731714	0.391869205744738	0.42400099999999996	1.0
16276	1385	0.0672532116237591	0.4817618578601666	0.326001	1.0
16280	0	0.018633913742518875	0.10382361658129417	0.8040010000000001	1.0
16291	0	0.010668859801030989	0.05686517208503234	0.876001	1.0
16299	1069	0.003875598297206753	0.019876036514873085	0.957001	1.0
16305	0	0.02171054620199411	0.12302651414741556	0.740001	1.0
16306	0	0.04384952713804742	0.27948079700851836	0.526001	1.0
16308	1780	0.02543358323424514	0.1470734181803799	0.711001	1.0
16309	0	0.030133883767228017	0.1787175266995169	0.695001	1.0
16313	0	0.025121410229132366	0.14502276980097376	0.716001	1.0
16314	0	0.07914689316775211	0.5999404946276872	0.257001	1.0
16317	0	0.014992622707776737	0.0818675300504472	0.827001	1.0
16319	0	0.009399205975605722	0.04974079634835966	0.901001	1.0
16321	2897	0.0028843002173019753	0.014708408413908913	0.975001	1.0
16323	2620	0.0551234863008693	0.37202353780784503	0.444001	1.0
16325	1248	0.024058146608345387	0.13808555420635338	0.760001	1.0
16332	597	0.11874175054669919	1.0728090855897172	0.091001	1.0
16343	0	0.029437662662309384	0.17393893998677748	0.6720010000000001	1.0
16360	1910	0.05963316325421361	0.4115729406121387	0.41800099999999996	1.0
16371	963	0.016947252683587925	0.09355022395618225	0.7890010000000001	1.0
16374	0	0.0	-0.0	1.0	1.0
16376	2599	0.050467699337399724	0.33272041260810575	0.47900099999999995	1.0
16378	0	0.05333303106332759	0.3567263756002022	0.47000099999999995	1.0
16381	0	0.0964012717928919	0.7906522915544678	0.151001	1.0
16383	0	0.02698920745901646	0.15738658053101753	0.706001	1.0
16389	1950	0.05194573124938227	0.34503074761077296	0.460001	1.0
16393	297	0.009673561559106283	0.05127198583384236	0.878001	1.0
16395	0	0.10240463463309826	0.8625028213853421	0.137001	1.0
16400	1214	0.07705643941827389	0.5783962389136971	0.325001	1.0
16405	1397	0.027240828622980016	0.1590695333643136	0.699001	1.0
16406	1471	0.025870537738436016	0.14995436340666488	0.702001	1.0
16407	2579	0.05754162541162767	0.3930480708838254	0.399001	1.0
16408	0	0.05467863424041573	0.3682014564929974	0.462001	1.0
16412	3682	0.06422061612204649	0.4533181111611708	0.35100099999999995	1.0
16413	0	0.005399298733492789	0.027932315276931026	0.947001	1.0
16427	1672	0.11867816581938535	1.0719480314071068	0.003001	0.9387985428571429
16428	0	0.04148607477439329	0.26120571735819303	0.577001	1.0
16431	3527	0.0	-0.0	1.0	1.0
16444	3836	0.02467405213152718	0.1420950977737903	0.747001	1.0
16446	350	0.009172614841051495	0.048479622420467335	0.9090010000000001	1.0
16451	926	0.04277247125919019	0.2711048560734839	0.528001	1.0
16454	0	0.05596519064577753	0.3792940844770885	0.406001	1.0
16459	2533	0.02182968184026792	0.1237822181376605	0.754001	1.0
16464	0	0.055744894155149036	0.3773862798778397	0.440001	1.0
16466	0	0.09996519040541336	0.8329591941667842	0.155001	1.0
16469	0	0.024225684893569757	0.13917380328789353	0.720001	1.0
16474	4498	0.04469507830270596	0.2861126158869545	0.524001	1.0
16475	0	0.06830794798967661	0.4918139385719366	0.30900099999999997	1.0
16492	924	0.0037670475906384816	0.0193073384887067	0.953001	1.0
16494	1125	0.06598932986735581	0.46982502097340073	0.329001	1.0
16496	0	0.050015298950856046	0.32898330145818583	0.463001	1.0
16501	1034	0.0	-0.0	1.0	1.0
16502	1357	0.03339832139369293	0.20155131641719423	0.624001	1.0
16507	0	0.04231186828267028	0.26754731552493427	0.5360010000000001	1.0
16510	0	0.012084493214831585	0.06492457503260587	0.861001	1.0
16513	4028	0.0242391458031676	0.1392613175608177	0.726001	1.0
16515	2648	0.05363232535299857	0.35926753571868053	0.41000099999999995	1.0
16516	1185	0.0	-0.0	1.0	1.0
16529	0	0.04278047628763118	0.27116681343463095	0.5600010000000001	1.0
16541	1445	0.050474100037045	0.332773390063004	0.47300099999999995	1.0
16547	1862	0.0004199326820968005	0.0021112965903785693	0.995001	1.0
16548	3634	0.09655904221276446	0.7925037817957067	0.145001	1.0
16553	349	0.07589874960962803	0.5666079196851275	0.271001	1.0
16558	4501	0.043888417096239765	0.2797847321475832	0.518001	1.0
16560	0	0.007783453737575319	0.040815580562328056	0.905001	1.0
16561	4502	0.015795670224199754	0.08663844747517098	0.8070010000000001	1.0
16571	1428	0.020354109361319525	0.11448617034852485	0.761001	1.0
16572	0	0.028685243871036267	0.16881050718374424	0.750001	1.0
16576	3416	0.1004006300414525	0.8381977465248991	0.130001	1.0
16577	2133	0.06962790557089221	0.5045100994524339	0.31100099999999997	1.0
16578	0	0.10008954898347935	0.8344537410250609	0.137001	1.0
16579	0	0.0	-0.0	1.0	1.0
16582	4007	0.016074469264186677	0.0883041927812147	0.8120010000000001	1.0
16588	1185	0.09892687632961525	0.8205289405928874	0.131001	1.0
16589	2131	0.0	-0.0	1.0	1.0
16590	0	0.041720823383644	0.2630036773946533	0.517001	1.0
16592	0	0.06643467938221459	0.4740176887015207	0.326001	1.0
16593	3752	0.024293665057500493	0.13961588668105926	0.721001	1.0
16597	0	0.011935767545592897	0.06407209214529047	0.865001	1.0
16599	0	0.026578041184012444	0.15464540562489884	0.6780010000000001	1.0
16603	1110	0.10054523149235661	0.8399407298256025	0.159001	1.0
16604	0	0.0706974116377897	0.5148924570789595	0.276001	1.0
16609	641	0.009510515623796633	0.05036146961724237	0.876001	1.0
16612	3135	0.04898080054097122	0.3204919085844703	0.48500099999999996	1.0
16618	3582	0.11867816581938535	1.0719480314071068	0.003001	0.9387985428571429
16619	2407	0.017105119752288584	0.09450420620138984	0.8120010000000001	1.0
16620	1060	0.03570195169494542	0.21809233085927482	0.633001	1.0
16621	0	0.04780022972527447	0.3108934371932734	0.49000099999999996	1.0
16624	2158	0.06837827393142298	0.4924871095886067	0.332001	1.0
16625	0	0.0	-0.0	1.0	1.0
16628	2403	0.05384510584703432	0.36107803391787796	0.445001	1.0
16633	1397	0.011332607885226977	0.06062872508444112	0.868001	1.0
16640	529	0.02891146891313251	0.1703485291627866	0.6790010000000001	1.0
16644	3579	0.011413592700458285	0.06108976362998231	0.878001	1.0
16653	370	0.11628290049169249	1.0397560615119692	0.099001	1.0
16656	0	0.04153874881721399	0.2616088231183577	0.530001	1.0
16660	0	0.07884336366115735	0.596791659519347	0.251001	1.0
16671	0	0.030140604185867975	0.1787638087523801	0.6710010000000001	1.0
16680	0	0.019520347812084123	0.10929473629525391	0.7900010000000001	1.0
16682	0	0.048600980680121	0.3173931597922307	0.47800099999999995	1.0
16684	0	0.02633741795967269	0.15304631988381667	0.700001	1.0
16686	0	0.039977596573341524	0.2497422918892588	0.5560010000000001	1.0
16688	4426	0.05832552469047131	0.3999540517597498	0.388001	1.0
16689	3682	0.06575485967156039	0.46762352441366595	0.376001	1.0
16692	0	0.04225876629411077	0.26713811319722297	0.526001	1.0
16701	0	0.0	-0.0	1.0	1.0
16704	0	0.018561040151846998	0.1033760448408213	0.858001	1.0
16706	0	0.02383147437255666	0.1366160802872981	0.692001	1.0
16708	0	0.0838059085644001	0.6491586526706884	0.30700099999999997	1.0
16711	754	0.015590386506937157	0.08541503375067912	0.830001	1.0
16717	0	0.011119759393050571	0.05941891134477459	0.891001	1.0
16723	203	0.0699356249933566	0.5074885782633767	0.312001	1.0
16724	19	0.02240220123964071	0.12742650130097755	0.747001	1.0
16739	499	0.06426108050508239	0.45369318116569624	0.36000099999999996	1.0
16741	0	0.010372301296846916	0.055192325526651466	0.885001	1.0
16751	3170	0.01566893315428987	0.08588283202231366	0.825001	1.0
16762	0	0.02554559743677025	0.14781077370204176	0.6860010000000001	1.0
16765	2061	0.0	-0.0	1.0	1.0
16766	4097	0.01347906475762793	0.07298428244149821	0.859001	1.0
16777	0	0.0	-0.0	1.0	1.0
16781	0	0.10605851571191684	0.9076500636054767	0.138001	1.0
16785	1151	0.0	-0.0	1.0	1.0
16796	3522	0.07902472568999408	0.5986722760841745	0.253001	1.0
16801	598	0.0050230532310398856	0.025930186164026703	0.951001	1.0
16802	3455	0.05152935283003685	0.34154713556534017	0.453001	1.0
16807	0	0.04215655621540834	0.2663510316773509	0.5420010000000001	1.0
16816	0	0.08940865755578434	0.7105661378999758	0.197001	1.0
16819	0	0.06368213016524471	0.44833825528047755	0.390001	1.0
16825	0	0.12132615945762222	1.1080915730969938	0.069001	1.0
16826	2750	0.004619733906075174	0.02379332259327614	0.942001	1.0
16827	0	0.0	-0.0	1.0	1.0
16832	0	0.06437157574656813	0.4547179897176037	0.35500099999999996	1.0
16840	1218	0.019453596509803946	0.1088810132958414	0.7880010000000001	1.0
16855	0	0.004626519415958102	0.023829193749876576	0.946001	1.0
16857	0	0.11187574623515882	0.9817627233670801	0.107001	1.0
16858	1645	0.0546504561397381	0.367959832629663	0.42500099999999996	1.0
16859	0	0.0047166959703097075	0.024306165376884285	0.947001	1.0
16862	1740	0.02570299738158901	0.1488482652330537	0.723001	1.0
16874	3708	0.0	-0.0	1.0	1.0
16875	0	0.10351111850001661	0.8760608115294484	0.146001	1.0
16876	1473	0.01335616978169217	0.07226921732962555	0.843001	1.0
16880	0	0.11590534044549472	1.0347250671196413	0.080001	1.0
16886	0	0.07311534625039806	0.5386802455855852	0.29500099999999996	1.0
16891	2463	0.003078058671493855	0.01571392022210834	0.957001	1.0
16897	349	0.05639598094567262	0.38303487016607957	0.42100099999999996	1.0
16898	2823	0.060763836411498184	0.4217193965748926	0.390001	1.0
16899	1900	0.012201634273402852	0.06559697291814177	0.880001	1.0
16901	2634	0.029903662509986408	0.17713384279173014	0.6610010000000001	1.0
16912	0	0.12464987052776165	1.1542875332341354	0.063001	1.0
16916	4377	0.13059045961630045	1.2391722823195215	0.053001	1.0
16921	1833	0.09689113086128158	0.7964074160432137	0.175001	1.0
16922	0	0.07192477799893429	0.5269125993232768	0.30600099999999997	1.0
16925	1604	0.002562998115852075	0.013045868819394828	0.963001	1.0
16927	0	0.11755325429503098	1.0567701692967648	0.023001	1.0
16929	1742	0.08172280725447077	0.6269467110443907	0.236001	1.0
16930	1425	0.030288718274263528	0.17978459497611207	0.696001	1.0
16931	0	0.12924689417535867	1.2197128091885387	0.065001	1.0
16936	0	0.09135356527528932	0.7324548733998313	0.174001	1.0
16937	0	0.15076027889810845	1.5499622680080696	0.012001	1.0
16943	1459	0.048148725635781126	0.3137166632525473	0.47000099999999995	1.0
16951	0	0.0	-0.0	1.0	1.0
16960	2316	0.008816431816800195	0.04650344143511149	0.9090010000000001	1.0
16967	1357	0.0794605607690216	0.6032018895219641	0.242001	1.0
16975	0	0.024790684540211005	0.14285713438383021	0.716001	1.0
16976	10	0.01550642984715436	0.08491544016108996	0.831001	1.0
16984	2741	0.013287895290562436	0.07187236447626408	0.827001	1.0
16987	3966	0.13412283258713165	1.291066384776939	0.043001	1.0
16991	0	0.01838187725072656	0.1022770942030463	0.774001	1.0
16993	887	0.04788640325244649	0.31159075180593954	0.49800099999999997	1.0
16999	2144	0.0456929718721789	0.29400310220737674	0.47900099999999995	1.0
17004	0	0.010961067617818437	0.05851872102016469	0.863001	1.0
17010	0	0.10821257894186942	0.9347718658063517	0.111001	1.0
17021	3124	0.09422916723787325	0.7653624592807802	0.163001	1.0
17024	0	0.023083281817583214	0.1317891703480206	0.708001	1.0
17029	0	0.04324672433448777	0.2747831088511685	0.5500010000000001	1.0
17038	0	0.031855517207676355	0.19067167073975483	0.648001	1.0
17043	0	0.05222215712491626	0.3473502449183697	0.43300099999999997	1.0
17046	1448	0.12608487626750198	1.1745192220969678	0.060001	1.0
17049	2464	0.0	-0.0	1.0	1.0
17054	4507	0.09842975838100682	0.8146081278821939	0.195001	1.0
17061	0	0.09252834560815609	0.745820069347491	0.191001	1.0
17071	0	0.05018466858003477	0.3303807093162141	0.49700099999999997	1.0
17076	2100	0.00862617273386916	0.04545098573984057	0.894001	1.0
17077	0	0.12455672220066777	1.1529802526503543	0.063001	1.0
17078	1028	0.11530343124632222	1.0267289741655827	0.042001000000000004	1.0
17080	3804	0.09055537771052626	0.7234359127296214	0.246001	1.0
17081	0	0.05514212574196875	0.37218399341951913	0.403001	1.0
17089	2886	0.12030434070230737	1.0940751227424501	0.071001	1.0
17097	4509	0.032463850178311784	0.19494262696179182	0.6630010000000001	1.0
17098	0	0.008227106850236386	0.04325057369617347	0.9100010000000001	1.0
17101	0	0.10488688391805803	0.893055999426827	0.134001	1.0
17103	0	0.002289695614063437	0.01163646513079357	0.968001	1.0
17110	1373	0.07235707746543797	0.5311731705093332	0.315001	1.0
17111	0	0.07141507723005394	0.5219071850640007	0.30500099999999997	1.0
17118	1611	0.038300527472607836	0.23718012657070214	0.590001	1.0
17126	0	0.10352329357637208	0.876210543802088	0.137001	1.0
17132	2524	0.0918085623349289	0.737618396416136	0.162001	1.0
17133	2195	0.011283673751311715	0.06035034227090058	0.874001	1.0
17148	0	0.016364732655703772	0.09004359002432992	0.7950010000000001	1.0
17156	0	0.18001047273352846	2.064776016081951	0.006001	1.0
17158	0	0.05005856283376916	0.3293400637418634	0.590001	1.0
17159	0	0.0	-0.0	1.0	1.0
17160	0	0.06379401329734645	0.4493711859965347	0.398001	1.0
17165	0	0.10292940447842426	0.8689206555963447	0.156001	1.0
17168	0	0.02754057975397402	0.16107979607338715	0.696001	1.0
17171	592	0.017436128627492626	0.09650954929910566	0.871001	1.0
17172	913	0.008861550242326856	0.04675334382796196	0.889001	1.0
17173	3654	0.02146422517958716	0.12146692027742739	0.757001	1.0
17185	4511	0.12739056388173758	1.1930785034263693	0.063001	1.0
17190	0	0.10105391490098595	0.8460855603726118	0.165001	1.0
17198	1999	0.08104615663640322	0.619803409003201	0.250001	1.0
17199	0	0.07411157795046636	0.5486089384037925	0.28600099999999995	1.0
17200	0	0.02201869873497067	0.12498305646146352	0.742001	1.0
17203	1068	0.03213252509782831	0.19261342416200353	0.643001	1.0
17211	0	0.06538174571105809	0.46412862826059875	0.379001	1.0
17213	0	0.0	-0.0	1.0	1.0
17215	4513	0.010412676265956055	0.055419760269516075	0.885001	1.0
17220	3040	0.013885512844571672	0.0753558461970466	0.828001	1.0
17222	0	0.02385675609231273	0.13677981288069627	0.772001	1.0
17229	1621	0.05373605779407579	0.360149766798331	0.457001	1.0
17231	2234	0.06815677216297877	0.4903681029303365	0.330001	1.0
17232	3778	0.029851681342720142	0.17677674992813602	0.6720010000000001	1.0
17239	297	0.033723389268214825	0.20386389554086665	0.633001	1.0
17242	917	0.033402474816786064	0.2015808199374116	0.630001	1.0
17243	0	0.16480266803708826	1.787449121940748	0.019001	1.0
17245	2476	0.0	-0.0	1.0	1.0
17250	0	0.013068153786785618	0.07059704457186451	0.851001	1.0
17252	355	0.12426447621648364	1.1488834890386803	0.080001	1.0
17256	3744	0.07253473586641387	0.5329281657026667	0.31100099999999997	1.0
17257	1065	0.030969136390449212	0.1844925881317636	0.6590010000000001	1.0
17262	1604	0.0	-0.0	1.0	1.0
17280	2448	0.06327320288877017	0.44457075385348244	0.34700099999999995	1.0
17282	0	0.08780456516901863	0.6927356016041648	0.220001	1.0
17288	0	0.03543471301716246	0.21615518304665116	0.689001	1.0
17294	0	0.029756331358649725	0.17612219115932265	0.6760010000000001	1.0
17296	0	0.05290978635831803	0.3531437047339611	0.453001	1.0
17297	1611	0.036774614515140955	0.22591622722740676	0.590001	1.0
17307	0	0.016296959989138413	0.08963699276390642	0.8040010000000001	1.0
17313	464	0.06507496297197074	0.46126273098154463	0.34600099999999995	1.0
17314	4514	0.02615733822668618	0.1518520467851277	0.715001	1.0
17319	1397	0.031138852784435622	0.1856716734550506	0.649001	1.0
17329	0	0.04308229805845291	0.2735060797994249	0.5420010000000001	1.0
17330	1034	0.03196207101266028	0.19141798187934192	0.631001	1.0
17332	4515	0.09695944102581416	0.797211474575134	0.17100100000000001	1.0
17333	2534	0.009878406633752501	0.052418212676574275	0.895001	1.0
17334	0	0.0747628013077528	0.5551396113998364	0.277001	1.0
17337	94	0.0037201048295886652	0.019061620408001453	0.959001	1.0
17344	994	0.07296463053035467	0.5371846779217553	0.267001	1.0
17347	0	0.021119840200053273	0.11929292144632798	0.777001	1.0
17350	1474	0.042274057794295744	0.26725592913908325	0.573001	1.0
17355	1324	0.048572843894089904	0.317164009874869	0.462001	1.0
17359	2263	0.12457556247427991	1.1532446056897392	0.061001	1.0
17362	0	0.0	-0.0	1.0	1.0
17369	1363	0.006981172057301879	0.03644230332870747	0.9230010000000001	1.0
17372	0	0.059847205298562356	0.41348659026810175	0.398001	1.0
17380	0	0.02338026481917696	0.1337008241686985	0.737001	1.0
17382	0	0.04276787961912405	0.27106931966742387	0.506001	1.0
17383	0	0.04742359189564644	0.3078517944407233	0.48200099999999996	1.0
17387	0	0.04094007803704383	0.2570385088499809	0.5370010000000001	1.0
17399	2000	0.009427035250940515	0.04989590463425231	0.9130010000000001	1.0
17401	1034	0.0811015728118811	0.6203871092167402	0.226001	1.0
17415	2744	0.009360932349882549	0.049527552464831495	0.894001	1.0
17420	0	0.034977462141413465	0.2128518217072517	0.584001	1.0
17426	1457	0.032444379447917844	0.19480554647811885	0.632001	1.0
17429	1548	0.04135990405400724	0.26024092817329525	0.5490010000000001	1.0
17430	0	0.05604040332573401	0.3799462365609879	0.43300099999999997	1.0
17435	0	0.0753917928517002	0.5614777311893816	0.28700099999999995	1.0
17436	0	0.06650806316488085	0.4747099539199584	0.323001	1.0
17445	0	0.08139618350898183	0.6234942061665856	0.245001	1.0
17448	937	0.0	-0.0	1.0	1.0
17451	0	0.06833969535143262	0.4921177838508813	0.35000099999999995	1.0
17463	0	0.0396842789348318	0.24753134962853443	0.5520010000000001	1.0
17465	0	0.014590560003168867	0.07949393152598534	0.822001	1.0
17474	1874	0.058024514100943766	0.39729696727902575	0.40700099999999995	1.0
17476	0	0.06372860179956488	0.4487671805559068	0.36300099999999996	1.0
17488	638	0.08919687503565255	0.7082005291821976	0.189001	1.0
17491	503	0.06238677264293875	0.43644600198277783	0.380001	1.0
17493	0	0.02936467972605079	0.17343986307657955	0.6750010000000001	1.0
17496	4268	0.0027154249417783993	0.013833827611788172	0.967001	1.0
17500	529	0.027242519429952095	0.15908085620079154	0.700001	1.0
17507	1185	0.04262757984012454	0.26998418825801807	0.565001	1.0
17509	3192	0.017073563440265643	0.0943133881766597	0.819001	1.0
17511	0	0.13012786633424517	1.2324550287497775	0.053001	1.0
17512	0	0.037943632995819924	0.2345314828591062	0.615001	1.0
17515	0	0.027097797214455936	0.15811236973464343	0.6790010000000001	1.0
17523	2254	0.11041169180554657	0.9628504117919854	0.11700100000000001	1.0
17528	1871	0.05750016881977649	0.3926840819572338	0.382001	1.0
17535	349	0.01777911573507432	0.0985947170330587	0.7890010000000001	1.0
17538	0	0.050406288804382346	0.3322122755772742	0.463001	1.0
17540	0	0.0090857224182077	0.047996816419170876	0.887001	1.0
17541	0	0.05159681934220783	0.34211075686505266	0.460001	1.0
17547	0	0.03953754272630561	0.24642749886101492	0.595001	1.0
17552	3654	0.0648930658874095	0.45956676090622317	0.35900099999999996	1.0
17553	3192	0.10108732552458832	0.8464898822330609	0.149001	1.0
17559	1278	0.0862996453823833	0.6761896277757222	0.213001	1.0
17561	0	0.05366376374205653	0.3595348341418128	0.437001	1.0
17562	2254	0.07432820481824357	0.5507777904528222	0.267001	1.0
17578	2818	0.07375254791262464	0.5450221441708707	0.269001	1.0
17579	0	0.04700299247351309	0.30446685841990173	0.48700099999999996	1.0
17583	0	0.06436167511554683	0.4546261278926743	0.40700099999999995	1.0
17590	1120	0.06740669165097161	0.483219459764908	0.335001	1.0
17599	0	0.08232426035200308	0.6333256733789722	0.210001	1.0
17601	0	0.02432644157625685	0.13982914301169305	0.724001	1.0
17603	0	0.060119932104161444	0.4159297309502009	0.404001	1.0
17604	887	0.0033539338508022255	0.017149388699851224	0.960001	1.0
17606	2733	0.06805714722343897	0.4894162239815814	0.441001	1.0
17607	1756	0.03423711182939858	0.20753299876008086	0.630001	1.0
17608	918	0.02337806930046487	0.13368667099863413	0.720001	1.0
17610	0	0.008258259203796525	0.043421999163020836	0.9150010000000001	1.0
17612	0	0.10586839515134838	0.9052743344226291	0.122001	1.0
17622	0	0.019081362556646712	0.10657908670860868	0.7970010000000001	1.0
17628	1769	0.07580623957329155	0.5656703065715107	0.271001	1.0
17629	1442	0.004594504730529907	0.02365997413123915	0.941001	1.0
17634	0	0.024848287875374304	0.14323381958670334	0.736001	1.0
17637	2159	0.05853331142304613	0.4017920494376241	0.389001	1.0
17649	3736	0.0574239394033387	0.39201511099955844	0.388001	1.0
17651	0	0.012423467312929848	0.06687261831007463	0.871001	1.0
17661	1052	0.014393073994355129	0.0783317356307603	0.840001	1.0
17663	4452	0.04999893348147908	0.3288483830714337	0.48600099999999996	1.0
17665	2623	0.028314842743088774	0.16629953627654623	0.6780010000000001	1.0
17669	0	0.0737854019725517	0.5453499603211875	0.29700099999999996	1.0
17672	0	0.001987138152288414	0.010081299537033291	0.979001	1.0
17679	4079	0.1652599378268637	1.7954799762209235	0.014001	1.0
17690	1285	0.00899757176395437	0.04750748617476271	0.889001	1.0
17692	0	0.11194821287285191	0.9827033903827576	0.104001	1.0
17693	0	0.042049753901396515	0.2655293550375556	0.5470010000000001	1.0
17694	2624	0.014999650248881155	0.08190910677944159	0.822001	1.0
17710	2421	0.05687833519942875	0.3872392434121994	0.41600099999999995	1.0
17713	1475	0.055572278345023166	0.3758938309025348	0.448001	1.0
17726	0	0.013634898084626283	0.0738923402053492	0.832001	1.0
17735	0	0.04652295127315461	0.3006186467793332	0.500001	1.0
17738	1207	0.024738094507009104	0.14251342004719048	0.732001	1.0
17741	2736	0.026532942188569126	0.1543454087095453	0.711001	1.0
17743	2424	0.05339714269831095	0.35727017861565513	0.42900099999999997	1.0
17745	2391	0.015492599421668932	0.08483318276637901	0.828001	1.0
17747	0	0.045311576115462014	0.29097918209008816	0.525001	1.0
17748	1077	0.08900605504454952	0.7060720725875775	0.213001	1.0
17751	1328	0.05285146132199098	0.3526509960035232	0.437001	1.0
17755	532	0.04561884754509962	0.29341461070055724	0.509001	1.0
17761	1	0.017158841450743288	0.0948291998374161	0.7960010000000001	1.0
17763	0	0.01518955476302825	0.08303379264753198	0.814001	1.0
17764	0	0.051724926437614414	0.3431818628837905	0.442001	1.0
17767	1397	0.08269342424933218	0.6372547684196843	0.230001	1.0
17772	0	0.0	-0.0	1.0	1.0
17778	4058	0.0322987894820375	0.19378134375372358	0.6680010000000001	1.0
17779	0	0.046880309511195206	0.3034818494767287	0.48900099999999996	1.0
17786	2426	0.054567990522593895	0.36725302599948123	0.438001	1.0
17788	0	0.02320297534109241	0.13255894514002753	0.731001	1.0
17789	0	0.023128667381198578	0.1320809463100728	0.721001	1.0
17795	0	0.05361314631965371	0.3591045045494483	0.43400099999999997	1.0
17797	3374	0.03426696158042672	0.2077467343738243	0.635001	1.0
17800	1408	0.002845116827375836	0.014505334000033013	0.964001	1.0
17802	52	0.0	-0.0	1.0	1.0
17803	0	0.00827071966932183	0.043490583113375746	0.902001	1.0
17809	0	0.06918205874779336	0.5002071736123689	0.42000099999999996	1.0
17812	1567	0.11514851535037196	1.0246758266155842	0.088001	1.0
17813	1835	0.030311388527868133	0.1799409637165115	0.6780010000000001	1.0
17821	0	0.017627381636100975	0.09767134780189622	0.821001	1.0
17822	1628	0.07228433509644835	0.530455269834144	0.266001	1.0
17824	1913	0.021632568754616652	0.12253237684224315	0.729001	1.0
17831	3657	0.004812391056840677	0.024812853542990895	0.9350010000000001	1.0
17836	0	0.009943758603606512	0.052784430995834804	0.890001	1.0
17840	0	0.027036676066788945	0.15770375525943864	0.693001	1.0
17846	1547	0.04159734405718944	0.26205746667029406	0.5370010000000001	1.0
17850	3844	0.024205853392627194	0.1390448927858786	0.744001	1.0
17855	0	0.08079189864402407	0.6171283194581325	0.246001	1.0
17857	1898	0.04870829932799158	0.31826768833711205	0.466001	1.0
17858	0	0.013997971371794836	0.07601382841658355	0.837001	1.0
17865	0	0.05549300244843142	0.37520912167114573	0.438001	1.0
17868	3339	0.11867816581938535	1.0719480314071068	0.003001	0.9387985428571429
17871	3249	0.16896163513083717	1.8611895576277349	0.012001	1.0
17877	2001	0.042985908876374115	0.2727583335057021	0.5390010000000001	1.0
17878	1548	0.03506458503363016	0.21348014854498631	0.583001	1.0
17881	0	0.024175244313102754	0.1388459747149542	0.733001	1.0
17893	0	0.06486700844306018	0.4593240062033789	0.35900099999999996	1.0
17895	0	0.05040035339935665	0.33216317761013864	0.42500099999999996	1.0
17909	1185	0.020707317659460794	0.11669874153964495	0.759001	1.0
17919	3994	0.03088716761027225	0.1839238022845904	0.6660010000000001	1.0
17928	0	0.04356305228226937	0.27724514491186525	0.501001	1.0
17930	0	0.026468780541890433	0.15391883593970299	0.701001	1.0
17932	1910	0.02661944498688567	0.1549209388713849	0.709001	1.0
17943	1975	0.056225768835172406	0.3815552331066662	0.444001	1.0
17960	3318	0.04526111170385001	0.29057982952325273	0.5330010000000001	1.0
17967	0	0.0030061247028407706	0.015340360412611732	0.966001	1.0
17981	94	0.0	-0.0	1.0	1.0
17989	0	0.09754724006329905	0.8041456121876953	0.170001	1.0
18012	1328	0.04149091106543379	0.26124272075340266	0.5580010000000001	1.0
18016	1879	0.17440718360786922	1.9601260450859517	0.005001	1.0
18018	0	0.03569411240306179	0.21803543732010705	0.622001	1.0
18021	4522	0.036732363297613785	0.22560658196179204	0.619001	1.0
18022	0	0.001167518060636294	0.005895279442296228	0.988001	1.0
18030	0	0.09155862908899468	0.7347800224095518	0.209001	1.0
18032	0	0.05516808956210507	0.3724075416233879	0.42500099999999996	1.0
18038	0	0.05854618612876941	0.40190603659665997	0.42400099999999996	1.0
18048	8	0.011598680340312497	0.062144955632848595	0.854001	1.0
18056	0	0.05660854351835256	0.38488557973377885	0.392001	1.0
18059	0	0.006597056262040869	0.0343621346470713	0.9180010000000001	1.0
18068	522	0.055632499006534455	0.3764142604456331	0.42800099999999996	1.0
18070	3966	0.10498610950059112	0.8942876679435907	0.137001	1.0
18072	0	0.07705643941827392	0.5783962389136974	0.35700099999999996	1.0
18079	2055	0.057150397321191135	0.38961801961288184	0.42800099999999996	1.0
18082	2001	0.004973261836477491	0.025665859512606828	0.9300010000000001	1.0
18093	1900	0.12631865308476603	1.1778315966485937	0.07000100000000001	1.0
18095	0	0.07929129560544049	0.6014410026297607	0.255001	1.0
18100	0	0.09419226625263499	0.764936045749811	0.206001	1.0
18101	0	0.019359979712442296	0.10830125383825906	0.7940010000000001	1.0
18102	1910	0.06768616150504242	0.48587807126005117	0.333001	1.0
18107	2052	0.008185210700850029	0.04302011941569117	0.9070010000000001	1.0
18110	1987	0.02522692265548943	0.14571516905486542	0.725001	1.0
18117	2806	0.080431173991337	0.6133415738228926	0.324001	1.0
18119	3043	0.10041033159032234	0.8383146337412843	0.129001	1.0
18131	20	0.11379585688529817	1.0068327046137524	0.095001	1.0
18136	0	0.0	-0.0	1.0	1.0
18138	0	0.006534820633220324	0.03402593066805844	0.9290010000000001	1.0
18145	0	0.0075088917772530815	0.03931457860696067	0.9100010000000001	1.0
18151	0	0.033558336025597366	0.2026888009118775	0.623001	1.0
18154	2625	0.0023141478487655395	0.011762385402031178	0.968001	1.0
18157	1714	0.05080033710873215	0.3354774299544897	0.47000099999999995	1.0
18163	874	0.00320054376446366	0.016350697159113674	0.964001	1.0
18172	0	0.044967390891703506	0.2882589676028679	0.5410010000000001	1.0
18173	0	0.03490463379986446	0.21232697774284634	0.601001	1.0
18176	1068	0.07333401088431238	0.5408531137439522	0.29700099999999996	1.0
18177	2532	0.0025510289645026205	0.012984052946143092	0.975001	1.0
18178	913	0.06909711086826255	0.4993890090741948	0.34700099999999995	1.0
18185	0	0.03466449416051803	0.21059891228875344	0.634001	1.0
18187	1566	0.020583520590963116	0.11592234753299506	0.761001	1.0
18191	4526	0.007627280879410381	0.03996124384559875	0.9150010000000001	1.0
18194	0	0.04947466012787467	0.32453621699147267	0.461001	1.0
18195	919	0.0	-0.0	1.0	1.0
18209	0	0.05917558467140138	0.4074930885395769	0.404001	1.0
18216	2161	0.06428276021809237	0.4538941829351216	0.338001	1.0
18227	2161	0.116522989068069	1.0429613777957847	0.105001	1.0
18228	0	0.03685723942618864	0.22652210662929373	0.611001	1.0
18229	2290	0.11302128988714139	0.9966831014177052	0.097001	1.0
18232	0	0.01816898313024083	0.10097387325480164	0.7980010000000001	1.0
18234	821	0.06075767863091707	0.4216638860938064	0.42500099999999996	1.0
18237	0	0.03381968136891113	0.20455028720509233	0.612001	1.0
18241	0	0.05171204280138489	0.3430740899252059	0.457001	1.0
18244	1029	0.013392837708160778	0.07248247231030452	0.858001	1.0
18249	2931	0.006972747519759837	0.0363965856842559	0.9120010000000001	1.0
18253	2921	0.0	-0.0	1.0	1.0
18260	0	0.08699749723094236	0.6838403302776275	0.222001	1.0
18261	0	0.06113154055878017	0.42503913871703386	0.342001	1.0
18272	0	0.07769635698584629	0.5849559269798872	0.29700099999999996	1.0
18274	4061	0.08733986820462936	0.6876076560608616	0.224001	1.0
18276	0	0.06407793743070483	0.451996562162728	0.341001	1.0
18282	2093	0.055449289700377796	0.3748317655494516	0.406001	1.0
18286	0	0.0	-0.0	1.0	1.0
18288	3595	0.09155087759384936	0.7346920707855918	0.181001	1.0
18294	0	0.028350187272951705	0.1665387505660939	0.6740010000000001	1.0
18297	0	0.010832664986378648	0.05779147318924804	0.867001	1.0
18298	0	0.04163423350351761	0.262340037397099	0.5500010000000001	1.0
18301	4377	0.03459103005086096	0.21007103111506187	0.618001	1.0
18307	1661	0.04161633170678567	0.2622028991412126	0.5610010000000001	1.0
18319	0	0.06438217969176052	0.45481638514853967	0.35100099999999995	1.0
18321	0	0.05167810255019263	0.3427902325211826	0.446001	1.0
18328	0	0.1149149409203139	1.0215839373755424	0.107001	1.0
18329	0	0.03207584953519738	0.19221572827102362	0.622001	1.0
18349	0	0.014342713780502857	0.07803575499330881	0.820001	1.0
18351	1269	0.00404270481435565	0.020752869097918798	0.962001	1.0
18353	0	0.013239727547581036	0.07159255723985851	0.835001	1.0
18367	2373	0.08383286701834586	0.6494482995040647	0.239001	1.0
18368	0	0.02716881781939668	0.15858747145015126	0.698001	1.0
18369	0	0.0	-0.0	1.0	1.0
18372	2002	0.01188216700815434	0.06376519091615479	0.850001	1.0
18380	1633	0.038746602556763855	0.24050277846881019	0.617001	1.0
18384	918	0.013108444417586382	0.07083065759225203	0.854001	1.0
18390	0	0.06133861669671562	0.4269130178078808	0.382001	1.0
18392	0	0.011032713278540447	0.058924945688754206	0.880001	1.0
18410	1448	0.05883309398493303	0.40444930730962514	0.41400099999999995	1.0
18412	1202	0.0007648307980301118	0.0038529967235562857	0.986001	1.0
18417	0	0.04555079375725004	0.2928746513183609	0.48200099999999996	1.0
18425	0	0.1305375412739072	1.238402941105028	0.053001	1.0
18428	963	0.008892436374662756	0.04692448721627741	0.899001	1.0
18436	2584	0.07732477747284888	0.581143139645502	0.280001	1.0
18445	20	0.04643215375901154	0.2998925847765667	0.464001	1.0
18450	1110	0.03896764702922011	0.24215427343568788	0.565001	1.0
18452	2990	0.002139820048566426	0.010865424803401032	0.982001	1.0
18457	0	0.07439495612052374	0.5514468126556742	0.273001	1.0
18465	0	0.06383250762892347	0.4497267868428686	0.35500099999999996	1.0
18468	2656	0.08555902008702425	0.6681113291569653	0.226001	1.0
18478	3951	0.009082515275377831	0.0479790051093325	0.899001	1.0
18479	0	0.05634291688292419	0.3825733661589022	0.442001	1.0
18482	3341	0.04044625134765277	0.2532870734865575	0.5600010000000001	1.0
18485	0	0.05632550453913322	0.3824219731800699	0.400001	1.0
18489	1797	0.07743861252905149	0.5823100892513442	0.30300099999999996	1.0
18490	348	0.047808739785060436	0.31096227729011283	0.603001	1.0
18492	3556	0.08739273328880379	0.6881901767585449	0.239001	1.0
18497	3345	0.07494030166556742	0.5569251911583928	0.29800099999999996	1.0
18500	0	0.039670424890962355	0.24742706716761234	0.5540010000000001	1.0
18508	1566	0.06727908526604788	0.4820074579221402	0.321001	1.0
18509	0	0.0	-0.0	1.0	1.0
18511	2818	0.04142629859041802	0.26074849082200097	0.5310010000000001	1.0
18512	742	0.028195017430883144	0.16548915940086892	0.726001	1.0
18513	1306	0.024263332663281387	0.1394185945263181	0.737001	1.0
18516	0	0.03199147599269799	0.1916240694384589	0.640001	1.0
18520	2554	0.14477223951890095	1.4540075715314997	0.035001000000000004	1.0
18533	0	0.06787969163456102	0.4877225266993947	0.338001	1.0
18537	0	0.07705643941827389	0.5783962389136971	0.325001	1.0
18538	0	0.052308385882477895	0.34807490279731484	0.574001	1.0
18540	3453	0.03762506423241502	0.23217456800239447	0.575001	1.0
18547	3484	0.005313229726923465	0.02747357078717294	0.946001	1.0
18555	0	0.04608352970366235	0.2971101552338287	0.49500099999999997	1.0
18561	0	0.016535431087479995	0.09106895534929822	0.8070010000000001	1.0
18564	0	0.04518679635714672	0.289992053641115	0.517001	1.0
18565	0	0.01912716698528212	0.10686187233728743	0.779001	1.0
18566	742	0.026000298160534507	0.15081229189323772	0.706001	1.0
18570	1797	0.030065320034154117	0.1782455135860143	0.6720010000000001	1.0
18577	0	0.08236083897778695	0.6337145201324813	0.238001	1.0
18583	1608	0.0	-0.0	1.0	1.0
18590	2448	0.007844312350176965	0.04114890216158621	0.9070010000000001	1.0
18595	4534	0.03843496164160801	0.238180054208612	0.590001	1.0
18597	964	0.0	-0.0	1.0	1.0
18598	3025	0.026439788020735766	0.153726169755261	0.707001	1.0
18614	0	0.07930626246698265	0.6015966166264839	0.326001	1.0
18615	2391	0.07955825567315147	0.6042192177418427	0.253001	1.0
18616	0	0.06967640164988839	0.504979034332943	0.31000099999999997	1.0
18617	0	0.0074056068504382185	0.038751103272227916	0.9110010000000001	1.0
18619	2044	0.018281967411231923	0.10166514539135796	0.7830010000000001	1.0
18624	888	0.004397628365291294	0.022620682017976936	0.943001	1.0
18625	0	0.01106518691043259	0.05910917158293809	0.868001	1.0
18626	1530	0.11218500942083881	0.9857801758226549	0.119001	1.0
18629	0	0.03941099332272624	0.24547668667337744	0.5620010000000001	1.0
18631	0	0.014983989612831785	0.08181645865503911	0.838001	1.0
18634	1837	0.08821433188085556	0.6972713417836574	0.200001	1.0
18641	2472	0.0	-0.0	1.0	1.0
18647	3657	0.05755221715084816	0.39314108624322774	0.401001	1.0
18649	0	0.004595764189063493	0.02366663008758913	0.941001	1.0
18653	0	0.0907172798546202	0.7252612544934974	0.208001	1.0
18659	0	0.04208786180846223	0.26582244569443286	0.5430010000000001	1.0
18661	0	0.007639590328148493	0.040028528896948516	0.9110010000000001	1.0
18663	0	0.04836314677837211	0.3154579579899675	0.47700099999999995	1.0
18664	0	0.1191859348448994	1.078833532511727	0.096001	1.0
18669	0	0.0	-0.0	1.0	1.0
18674	1111	0.0	-0.0	1.0	1.0
18677	0	0.043268697921423946	0.2749539097555157	0.5540010000000001	1.0
18679	0	0.06681442837473835	0.47760434747779035	0.334001	1.0
18690	581	0.02489911027470864	0.14356634048830796	0.728001	1.0
18691	356	0.007652053857333545	0.04009666545344554	0.9160010000000001	1.0
18695	4539	0.07793099317581212	0.5873689426025422	0.247001	1.0
18697	742	0.0813073509329493	0.6225566368475224	0.257001	1.0
18700	0	0.11482053742988159	1.0203355693363003	0.087001	1.0
18701	1872	0.03381147281312297	0.20449175060514485	0.626001	1.0
18707	354	0.024121014803938932	0.1384937038696374	0.754001	1.0
18711	0	0.024423419883343147	0.14046052649799806	0.708001	1.0
18715	2806	0.01794616474149878	0.09961295843109343	0.7860010000000001	1.0
18716	0	0.07593152789391955	0.5669402915068503	0.35700099999999996	1.0
18718	0	0.06693223569908462	0.4787191831781298	0.43400099999999997	1.0
18724	0	0.058241140968720934	0.3992085183873135	0.393001	1.0
18727	529	0.0673105430911032	0.4823061314393986	0.320001	1.0
18728	0	0.06267574833699989	0.4390883493516274	0.36900099999999997	1.0
18734	1797	0.003337276426294021	0.01706258758788355	0.961001	1.0
18736	2626	0.030324117233884257	0.1800287752182033	0.6720010000000001	1.0
18742	3773	0.03385802375845262	0.20482377295967058	0.653001	1.0
18744	0	0.11679581066199504	1.046609487616847	0.084001	1.0
18756	2314	0.0012041828304850677	0.0060816987683432275	0.990001	1.0
18760	0	0.0597567007452883	0.4126770258085574	0.401001	1.0
18761	742	0.02894006416495721	0.17054317720684647	0.655001	1.0
18767	0	0.015971173549388935	0.08768646460498525	0.824001	1.0
18769	1068	0.06784064846919305	0.4873501988157288	0.315001	1.0
18770	1188	0.20216702435305053	2.507428962993964	0.005001	1.0
18780	3135	0.04887826466983964	0.3196543737974696	0.454001	1.0
18786	2912	0.006158659097871413	0.031998792131020644	0.938001	1.0
18799	2424	0.0960007880948825	0.7859613491806687	0.176001	1.0
18812	3556	0.10469626898012312	0.8906921644548689	0.130001	1.0
18815	963	0.0007697924733105462	0.003878103115255758	0.995001	1.0
18828	4065	0.01617278850594038	0.08889277940199455	0.838001	1.0
18835	0	0.06327873016856939	0.44462159570154275	0.377001	1.0
18840	3891	0.019263266676082632	0.10770290217061171	0.771001	1.0
18845	0	0.027595817527276745	0.16145088547197867	0.694001	1.0
18848	3341	0.022132401130495326	0.12570651708712074	0.752001	1.0
18850	169	0.07151848033534641	0.5229210612307581	0.29900099999999996	1.0
18852	0	0.0954052433778427	0.7790091386815153	0.167001	1.0
18856	0	0.017667856762715206	0.0979175153643591	0.7870010000000001	1.0
18866	2344	0.0024874274710230404	0.012655717684010541	0.968001	1.0
18868	0	0.0	-0.0	1.0	1.0
18885	0	0.02251129420548599	0.12812329632651048	0.763001	1.0
18889	1923	0.0172776710387145	0.09554871175540514	0.813001	1.0
18890	4020	0.038570917591139814	0.23919255003326714	0.568001	1.0
18897	3682	0.08113421654850861	0.6207310568509635	0.247001	1.0
18901	888	0.12051707721231145	1.0969860835153524	0.079001	1.0
18910	0	0.012205453534354205	0.06561890991994986	0.843001	1.0
18923	0	0.03351922941291738	0.2024106486185193	0.623001	1.0
18924	0	0.0	-0.0	1.0	1.0
18935	1068	0.09311288192783933	0.7525106525030966	0.190001	1.0
18936	0	0.02754122442675369	0.1610841258586271	0.694001	1.0
18937	0	0.03485173654145374	0.21194599216555468	0.611001	1.0
18942	3556	0.04817757997732683	0.3139507989591538	0.47600099999999995	1.0
18945	762	0.0	-0.0	1.0	1.0
18947	2131	0.0	-0.0	1.0	1.0
18957	2805	0.0	-0.0	1.0	1.0
18962	1647	0.015874215357346184	0.0871072417963837	0.8090010000000001	1.0
18970	0	0.005812627980948885	0.030141486972205193	0.9350010000000001	1.0
18978	4498	0.10067958142971555	0.841561645112632	0.14000100000000001	1.0
18987	3071	0.004764531632564288	0.024559378665161433	0.941001	1.0
18988	0	0.031038023115409544	0.18497094084204477	0.655001	1.0
18998	1772	0.04059028365122576	0.2543795137510841	0.515001	1.0
19002	4390	0.05243705409653235	0.3491571995423002	0.457001	1.0
19003	0	0.008460127628839603	0.04453426111502074	0.889001	1.0
19006	1756	0.037429105526760875	0.2307281944790643	0.570001	1.0
19008	1367	0.029832794285104623	0.17664704641736037	0.646001	1.0
19014	1546	0.12635643791076853	1.1783674009635803	0.060001	1.0
19015	0	0.058353513933858014	0.4002014514334343	0.405001	1.0
19020	0	0.06735007589341542	0.48268157604114326	0.316001	1.0
19026	0	0.03186352698273217	0.19072774561385666	0.631001	1.0
19029	0	0.04198484187860429	0.2650303419672957	0.525001	1.0
19031	2052	0.05262555714564972	0.3507449228917982	0.41200099999999995	1.0
19038	1185	0.050977278162467846	0.33694716565998983	0.454001	1.0
19046	0	0.13164704277291325	1.254583036320846	0.046001	1.0
19051	0	3.904316536795446e-05	0.00019586639572931878	1.0	1.0
19054	0	0.003201543592381298	0.016355898708803142	0.959001	1.0
19061	0	0.025041633169921345	0.14449973119489615	0.730001	1.0
19083	646	0.041218691259388075	0.2591624123706153	0.571001	1.0
19089	3033	0.023942285851395077	0.13733403666516272	0.720001	1.0
19093	1035	0.06402122571501236	0.4514716900161604	0.382001	1.0
19094	4548	0.0361113828126695	0.221069524416556	0.616001	1.0
19096	0	0.013549254904342292	0.07339310247145843	0.836001	1.0
19098	1566	0.07579337545410639	0.5655399767035978	0.28300099999999995	1.0
19112	0	0.044434005211997335	0.2840596833794001	0.593001	1.0
19115	2547	0.0475911596086988	0.3092038074072726	0.509001	1.0
19116	1203	0.0	-0.0	1.0	1.0
19117	3744	0.028197680607516918	0.16550716020252004	0.6690010000000001	1.0
19118	637	0.01643549770688775	0.09046844625586543	0.7990010000000001	1.0
19121	1628	0.0037900934338040574	0.019428017684174875	0.957001	1.0
19123	0	0.02868290864393856	0.16879464834506716	0.6660010000000001	1.0
19124	0	0.023268886627467095	0.13298322793103423	0.758001	1.0
19127	0	0.030710304076615833	0.18269805114211204	0.6700010000000001	1.0
19128	297	0.09990405987622061	0.8322249782978828	0.174001	1.0
19130	2373	0.009690273957427949	0.051365405945082716	0.884001	1.0
19157	0	0.005326337347281754	0.02754340546085168	0.9320010000000001	1.0
19161	2373	0.08155608551569135	0.6251833923106481	0.323001	1.0
19162	2502	0.04501630134614033	0.2886450222095303	0.516001	1.0
19164	3620	0.04155894370572228	0.26176342179039064	0.5350010000000001	1.0
19166	2454	0.017436128627492626	0.09650954929910566	0.871001	1.0
19167	1162	0.023361666916458974	0.13358094464329032	0.724001	1.0
19193	0	0.024608215472847847	0.14166533170813161	0.729001	1.0
19196	2709	0.0	-0.0	1.0	1.0
19205	913	0.09231524942604002	0.7433876684039862	0.189001	1.0
19206	0	0.060577154423285734	0.42003774231564284	0.41700099999999996	1.0
19211	2600	0.00403239644832086	0.020698731830373615	0.951001	1.0
19216	3810	0.021474407010059655	0.12153131028251869	0.754001	1.0
19220	0	0.0	-0.0	1.0	1.0
19244	0	0.009221653401719602	0.04875230034608487	0.886001	1.0
19246	349	0.01012681302921456	0.05381161018287167	0.885001	1.0
19254	503	0.06991410897910554	0.5072800908416046	0.333001	1.0
19256	0	0.0	-0.0	1.0	1.0
19257	0	0.01926744879497673	0.10772876418369731	0.8090010000000001	1.0
19260	0	0.012943581690221265	0.06987538365113481	0.855001	1.0
19262	4303	0.01748307556965931	0.09679452363244727	0.7950010000000001	1.0
19264	0	0.04659780002672231	0.3012176071118671	0.49600099999999997	1.0
19267	0	0.012121726826867088	0.06513820728805415	0.858001	1.0
19271	2472	0.08229735842947619	0.6330397598584679	0.228001	1.0
19272	4550	0.0	-0.0	1.0	1.0
19285	0	0.025234511178973976	0.1457649946657817	0.699001	1.0
19291	1446	0.09799217120583291	0.8094126485886238	0.162001	1.0
19296	4551	0.00928289561304451	0.04909304094194733	0.890001	1.0
19300	3190	0.012294818720064283	0.06613245966901149	0.857001	1.0
19310	913	0.003038711807317379	0.015509550582714953	0.964001	1.0
19311	0	0.011228072826939155	0.06003421021324023	0.874001	1.0
19312	988	0.04499754633702669	0.2884969676035139	0.5310010000000001	1.0
19332	3636	0.1126190585096801	0.9914318816269253	0.103001	1.0
19344	0	0.04691729020281036	0.3037786529522571	0.5310010000000001	1.0
19349	529	0.01563869661156516	0.08570270750616522	0.851001	1.0
19351	0	0.04105927063893427	0.2579464776121022	0.633001	1.0
19352	0	0.08987338149140758	0.7157693882875052	0.192001	1.0
19360	994	0.017163879278532666	0.0948596858538612	0.814001	1.0
19367	1537	0.0	-0.0	1.0	1.0
19369	1190	0.011336717037742184	0.060652108424552674	0.880001	1.0
19376	0	0.08449417759602958	0.656571117496214	0.235001	1.0
19379	0	0.016947891411225588	0.09355408060624858	0.819001	1.0
19380	0	0.008436836432657722	0.04440580497691337	0.9300010000000001	1.0
19384	0	0.04742521371314543	0.3078648705888087	0.47400099999999995	1.0
19386	0	0.08558740372538445	0.6684201373704423	0.226001	1.0
19394	3131	0.056153410801986575	0.3809268623954112	0.41600099999999995	1.0
19397	0	0.06098447905289514	0.42371024258637535	0.36000099999999996	1.0
19398	0	0.06051292264933533	0.41945972075880433	0.41200099999999995	1.0
19402	0	0.023724390517296735	0.13592302722158744	0.723001	1.0
19407	1675	0.05283493432838493	0.35251142596353413	0.451001	1.0
19438	0	0.04711289473582379	0.30535014553309664	0.519001	1.0
19439	0	0.038187644173300006	0.23634144352896133	0.593001	1.0
19442	0	0.0	-0.0	1.0	1.0
19444	0	0.0	-0.0	1.0	1.0
19445	1561	0.09478183641103691	0.7717617666459491	0.163001	1.0
19446	0	0.007084454251433836	0.03700313314067981	0.9250010000000001	1.0
19447	1046	0.03134678575455574	0.1871188649572109	0.6650010000000001	1.0
19454	2319	0.029743372729219862	0.17603327898731252	0.643001	1.0
19455	0	0.0649092883555761	0.4597179168680493	0.36000099999999996	1.0
19459	919	0.0016158832634544824	0.008180341387941194	0.985001	1.0
19463	916	0.0	-0.0	1.0	1.0
19466	0	0.030622096568033913	0.182087503044129	0.6680010000000001	1.0
19469	0	0.0	-0.0	1.0	1.0
19474	0	0.0	-0.0	1.0	1.0
19476	1790	0.0674855070529078	0.483968648853051	0.320001	1.0
19480	0	0.06693223569908462	0.4787191831781298	0.43400099999999997	1.0
19496	1034	0.059528307590048124	0.41063668813819443	0.41700099999999996	1.0
19508	0	0.0497306582814371	0.3266393905674739	0.47700099999999995	1.0
19518	0	0.05848211269510576	0.4013388763229697	0.40700099999999995	1.0
19526	0	0.023773704675545085	0.13624209961592293	0.752001	1.0
19527	3951	0.03433783421264416	0.20825444857909378	0.628001	1.0
19530	0	0.03104934232688144	0.18504957204260866	0.644001	1.0
19534	0	0.0700067754426803	0.5081782628577112	0.30100099999999996	1.0
19537	1922	0.13810018035524046	1.3507760079016375	0.045001	1.0
19538	182	0.06300170488813493	0.4420761752565281	0.383001	1.0
19554	0	0.014733183053348496	0.0803347657839062	0.826001	1.0
19567	0	0.03275115496402339	0.19696828324286003	0.627001	1.0
19572	3883	0.03543471301716246	0.21615518304665116	0.689001	1.0
19573	0	0.06933140196472319	0.501646855735953	0.315001	1.0
19574	0	0.011921610043779944	0.06399101325382715	0.864001	1.0
19579	2446	0.028685243871036267	0.16881050718374424	0.750001	1.0
19580	1954	0.0838094086590958	0.6491962551960964	0.227001	1.0
19604	0	0.0397755203187643	0.24821847099090827	0.5590010000000001	1.0
19605	2548	0.029153028760642123	0.17199451889043266	0.700001	1.0
19606	1458	0.10501849887247428	0.8946898834263106	0.132001	1.0
19612	0	0.021747070499468134	0.12325809951541822	0.732001	1.0
19621	0	0.02993858880192602	0.17737387456149417	0.6670010000000001	1.0
19623	2026	0.0	-0.0	1.0	1.0
19631	0	0.04980600930090167	0.32725932254406687	0.512001	1.0
19632	0	0.02172698085059701	0.12313070886485386	0.764001	1.0
19637	0	0.0067870777634730164	0.035390086676091524	0.9260010000000001	1.0
19641	0	0.041978564161832356	0.26498209720347826	0.5600010000000001	1.0
19647	0	0.0	-0.0	1.0	1.0
19659	916	0.13876234107014543	1.3608487963968463	0.041001	1.0
19678	0	0.020140118486985863	0.11314954365874025	0.765001	1.0
19686	3170	0.004255950900956313	0.021874199716704294	0.952001	1.0
19692	0	0.07006985269808431	0.5087900070972803	0.30800099999999997	1.0
19703	0	0.04048532696662586	0.2535833095851591	0.5590010000000001	1.0
19704	0	0.032002182998258494	0.19169912475855252	0.6580010000000001	1.0
19713	0	0.0017380692913888454	0.008805088349999615	0.989001	1.0
19720	0	0.04654454956728696	0.3007914421467943	0.521001	1.0
19723	583	0.00820452559039677	0.04312634989973321	0.898001	1.0
19732	0	0.039866070288571476	0.24890094731145104	0.5480010000000001	1.0
19737	0	0.0	-0.0	1.0	1.0
19747	0	0.03668047033222388	0.2252264405375853	0.589001	1.0
19750	0	0.04176310005482777	0.2633278803526175	0.563001	1.0
19751	2850	0.0352081189632654	0.21451642158487205	0.610001	1.0
19752	0	0.049753650764536805	0.32682851314404077	0.452001	1.0
19763	0	0.009845628825727627	0.05223463061848426	0.902001	1.0
19767	4441	0.09948009290010197	0.827141092153702	0.152001	1.0
19772	0	0.042895764978157	0.2720596155092425	0.571001	1.0
19784	4133	0.1347085428906804	1.2997740743626338	0.056001	1.0
19785	1015	0.08512858140591861	0.6634358918105004	0.201001	1.0
19786	0	0.04875987571678843	0.31868826682701923	0.47200099999999995	1.0
19790	4556	0.06932923085731008	0.5016259141699455	0.30600099999999997	1.0
19806	0	0.006454866885333782	0.03359435134767744	0.9190010000000001	1.0
19814	598	0.01868997225331031	0.10416814224874986	0.8020010000000001	1.0
19817	2648	0.0207318394172056	0.11685264559147153	0.773001	1.0
19818	4432	0.12895619377280093	1.2155226188646333	0.076001	1.0
19824	1343	0.07890701279452117	0.5974513775331466	0.255001	1.0
19827	2271	0.014670705586013917	0.07996627449931833	0.823001	1.0
19851	1109	0.0640017734245567	0.451291711667682	0.36300099999999996	1.0
19856	0	0.020630304417397466	0.11621563795015216	0.758001	1.0
19859	1442	0.04131371710062668	0.2598880237424151	0.573001	1.0
19860	0	0.0	-0.0	1.0	1.0
19868	0	0.059964124301537705	0.41453331248028774	0.41400099999999995	1.0
19878	3869	0.0	-0.0	1.0	1.0
19884	101	0.08104666491675437	0.6198087616654135	0.243001	1.0
19887	1604	0.007726591192963628	0.040504346717151425	0.9130010000000001	1.0
19888	3346	0.07510200316645925	0.5585539122400915	0.263001	1.0
19895	0	0.0	-0.0	1.0	1.0
19898	2040	0.12026938838132475	1.093597216701264	0.08500100000000001	1.0
19900	0	0.16649944237513328	1.8173441489117563	0.010001	1.0
19907	1125	0.1950120031392553	2.35938817616691	0.006001	1.0
19908	0	0.03399914734513046	0.2058312159708414	0.641001	1.0
19911	3190	0.06999935767695686	0.5081063423968094	0.331001	1.0
19914	3416	0.017430906104861255	0.09647785642899981	0.817001	1.0
19926	2919	0.09021879313652634	0.7196477127248652	0.177001	1.0
19928	0	0.11867816581938535	1.0719480314071068	0.003001	0.9387985428571429
19931	0	0.03543471301716246	0.21615518304665116	0.689001	1.0
19942	0	0.051661011339295265	0.34264732204262627	0.48600099999999996	1.0
19965	1207	0.02096116837450904	0.11829381861141146	0.762001	1.0
19969	0	0.07156486266251719	0.5233761039505986	0.317001	1.0
19975	0	0.009547077874600393	0.050565508146403086	0.894001	1.0
19977	1060	0.061376358098996865	0.4272548850040573	0.37300099999999997	1.0
19980	1065	0.07143528938078333	0.5221053039638219	0.325001	1.0
19982	1397	0.007599497119295372	0.03980940767366134	0.9070010000000001	1.0
19984	2339	0.009581488535573154	0.05075761362181071	0.888001	1.0
19985	3667	0.0851299116561473	0.6634503189295731	0.204001	1.0
19987	3556	0.0	-0.0	1.0	1.0
19992	3131	0.026192926134109465	0.1520878954714845	0.710001	1.0
19993	1873	0.06750949631739679	0.48419677300156017	0.334001	1.0
19997	3952	0.02025724935522835	0.1138808044601074	0.763001	1.0
19999	0	0.017436128627492626	0.09650954929910566	0.871001	1.0
20006	3708	0.03218816195251392	0.1930040390768255	0.634001	1.0
20007	2195	0.07072237503658038	0.515135812084724	0.30700099999999997	1.0
20017	0	0.012029212351478382	0.06460755141420826	0.865001	1.0
20018	0	0.01068915911096461	0.05697987373034683	0.879001	1.0
20027	1202	0.03993435911457991	0.2494160114343596	0.6770010000000001	1.0
20028	0	0.1294307751212626	1.2223669909263553	0.060001	1.0
20037	4526	0.06282994609768495	0.4405008080682656	0.381001	1.0
20038	1863	0.00644716823343823	0.03355281525937416	0.9240010000000001	1.0
20042	0	0.08366834930333389	0.6476815624226346	0.225001	1.0
20049	0	0.04975197254861001	0.32681470787130157	0.463001	1.0
20051	1397	0.0065229131178623865	0.033961631312980314	0.9310010000000001	1.0
20053	0	0.02583905127509631	0.14974635131149516	0.705001	1.0
20054	2946	0.03640312402856545	0.22319782623015536	0.606001	1.0
20061	1797	0.01775269774811262	0.0984338478238521	0.8040010000000001	1.0
20062	3524	0.0	-0.0	1.0	1.0
20085	389	0.0	-0.0	1.0	1.0
20087	0	0.0010373579481571934	0.0052341224106812285	0.989001	1.0
20096	1727	0.021766192496149608	0.12337937813626221	0.747001	1.0
20097	3211	0.03310661553972453	0.1994820871190645	0.631001	1.0
20109	4560	0.0267725462504271	0.15594076421855652	0.695001	1.0
20123	4561	0.00620441976726771	0.032244945233742155	0.9160010000000001	1.0
20124	2995	0.0089824582615513	0.047423637316464796	0.893001	1.0
20133	4562	0.078646511407328	0.5947532570725055	0.249001	1.0
20142	0	0.1420523706736977	1.4114587944768133	0.040001	1.0
20144	3145	0.09393011228358934	0.7619097918378899	0.206001	1.0
20145	2315	0.025415841197592423	0.14695670237667466	0.709001	1.0
20146	0	0.09250608408627362	0.7455657965289022	0.181001	1.0
20165	0	0.02074613609285291	0.11694239239477988	0.744001	1.0
20172	0	0.0314096363691571	0.18755686258217236	0.648001	1.0
20173	0	0.05783920394087734	0.3956644492497342	0.457001	1.0
20184	994	0.004746897498811825	0.02446601835306467	0.943001	1.0
20186	1258	0.03601328645647736	0.22035518420745567	0.619001	1.0
20192	2627	0.008884209306631164	0.04687889450950968	0.893001	1.0
20193	0	0.015399752201981191	0.08428127597051438	0.836001	1.0
20200	1182	0.1453520865852799	1.4631618945998888	0.029001000000000002	1.0
20205	1676	0.0024465578485671283	0.012444858257596336	0.968001	1.0
20216	1397	0.05343372044841706	0.3575805669314257	0.48400099999999996	1.0
20222	1283	0.0619716571452093	0.4326609331208755	0.36000099999999996	1.0
20224	3249	0.007271382366619641	0.03801979307256819	0.9120010000000001	1.0
20226	0	0.048938196824174385	0.32014382262391333	0.49200099999999997	1.0
20243	1402	0.04010041131124122	0.2506697786080731	0.567001	1.0
20249	0	0.056699563723608945	0.38567905503119715	0.42200099999999996	1.0
20262	2579	0.060192042237249194	0.41657661072730073	0.37100099999999997	1.0
20263	1619	0.023118809482790097	0.13201756032956402	0.756001	1.0
20269	0	0.10435352289735948	0.8864491194954902	0.137001	1.0
20274	0	0.061735719565731255	0.4305152366707853	0.37000099999999997	1.0
20282	2491	0.03830134522596547	0.23718620534682194	0.587001	1.0
20283	2569	0.01682792256357191	0.09283015475380882	0.819001	1.0
20288	1295	0.07866613437223918	0.5949563200566672	0.271001	1.0
20290	0	0.03211745206503368	0.19250763492692105	0.648001	1.0
20293	0	0.07818135094262825	0.5899482592496255	0.36100099999999996	1.0
20297	0	0.021116503322742723	0.1192718937414182	0.729001	1.0
20299	0	0.11530343124632225	1.0267289741655832	0.039001	1.0
20304	20	0.03410832227542496	0.20661150052958743	0.627001	1.0
20305	1248	0.05150207769143414	0.3413193681598468	0.461001	1.0
20319	0	0.07429410586743207	0.5504361596697913	0.29400099999999996	1.0
20336	0	0.20871965996337505	2.6473417373139534	0.005001	1.0
20349	0	0.013015205851844246	0.07029019410109107	0.848001	1.0
20358	2251	0.04454402354556918	0.2849242297286497	0.507001	1.0
20360	0	0.11408448841698864	1.0106274354774467	0.084001	1.0
20370	0	0.01874659352613589	0.10451632788839821	0.776001	1.0
20372	0	0.027743373641454985	0.16244315113249094	0.6640010000000001	1.0
20373	0	0.03344865760781266	0.20190895345309126	0.626001	1.0
20375	0	0.06809262561844817	0.489755122289693	0.34500099999999995	1.0
20379	2180	0.09727896625388988	0.8009774357982384	0.168001	1.0
20380	0	0.05239984375411254	0.34884408269904255	0.442001	1.0
20384	3276	0.1069048155938478	0.9182608966841224	0.124001	1.0
20388	4567	0.06290687805545007	0.44120615899729876	0.35000099999999995	1.0
20396	3736	0.07360653507849749	0.5435662187236612	0.29300099999999996	1.0
20403	3522	0.09274807259158438	0.7483319006661665	0.216001	1.0
20426	0	0.08655383571723461	0.6789719928199349	0.258001	1.0
20427	1343	0.10930635408227124	0.9486880207428408	0.132001	1.0
20428	592	0.06699199795930931	0.4792851187048204	0.34800099999999995	1.0
20432	2054	0.0005624557621771813	0.002830185728706414	0.998001	1.0
20446	4569	0.07167792230777782	0.5244859723024881	0.29100099999999995	1.0
20449	135	0.04313454737006904	0.27391167571693587	0.5320010000000001	1.0
20451	913	0.04540656550399832	0.29173136542244454	0.48800099999999996	1.0
20458	1990	0.00201736462225674	0.010236424688288042	0.968001	1.0
20459	2345	0.008232212173121756	0.04327866330687845	0.893001	1.0
20461	3346	0.061307678077312806	0.4266328486577613	0.48900099999999996	1.0
20465	0	0.023816185417069355	0.13651708405141547	0.718001	1.0
20466	0	0.05124226536002208	0.3391523863498417	0.42900099999999997	1.0
20467	1985	0.013697274254026623	0.07425623326472618	0.849001	1.0
20470	0	0.02719045028163647	0.15873225006962055	0.696001	1.0
20473	3518	0.031870219484646724	0.1907746017828071	0.6570010000000001	1.0
20475	2456	0.09720752853940748	0.8001347581056361	0.153001	1.0
20476	2733	0.023620534120198013	0.13525156797322174	0.742001	1.0
20479	913	0.05545330683563636	0.3748664382894911	0.438001	1.0
20485	0	0.027407567642168455	0.16018703403281995	0.692001	1.0
20490	0	0.029346211374021824	0.17331362710571546	0.712001	1.0
20503	0	0.07920608771883078	0.6005554018622623	0.276001	1.0
20507	2234	0.06287283839020841	0.44089401277498574	0.37300099999999997	1.0
20511	2709	0.01622124246321321	0.08918307031982609	0.8050010000000001	1.0
20517	2900	0.04883364698890302	0.319290157849122	0.465001	1.0
20523	0	0.04188463870374399	0.2642605959853941	0.5510010000000001	1.0
20534	4237	0.0	-0.0	1.0	1.0
20544	0	0.013463428629113854	0.07289325178654987	0.861001	1.0
20545	390	0.09285988688656513	0.7496115765969293	0.179001	1.0
20547	0	0.023325231994363836	0.13334615462155375	0.763001	1.0
20551	0	0.01999395791935629	0.11223826888807996	0.7810010000000001	1.0
20553	3994	0.05367525898264	0.3596325876510546	0.42200099999999996	1.0
20562	4078	0.11755325429503102	1.0567701692967655	0.008001	1.0
20563	1450	0.0	-0.0	1.0	1.0
20569	0	0.012889282399215107	0.06956112052350781	0.879001	1.0
20570	0	0.0	-0.0	1.0	1.0
20581	965	0.07029054782223224	0.5109327182657137	0.34500099999999995	1.0
20586	0	0.060751241826162344	0.4216058632459147	0.384001	1.0
20596	0	0.0	-0.0	1.0	1.0
20603	0	0.048345575270318145	0.3153151400228319	0.49000099999999996	1.0
20609	0	0.022155003924579038	0.1258504317378899	0.736001	1.0
20628	1900	0.08572630454721702	0.6699322502916085	0.206001	1.0
20629	919	0.17439432334335725	1.9598891926403468	0.015000999999999999	1.0
20630	297	0.09796032596224608	0.8090351450567608	0.154001	1.0
20636	858	0.03977336626043213	0.24820224264139018	0.578001	1.0
20644	4435	0.03607840371388666	0.22082929738332166	0.565001	1.0
20654	0	0.05334184727306268	0.3568011384438981	0.442001	1.0
20661	349	0.09016951086947891	0.7190937941722869	0.207001	1.0
20664	0	0.002490383048939074	0.01267097025199287	0.969001	1.0
20667	0	0.008580734217815772	0.04519995710091511	0.904001	1.0
20672	0	0.0005942255167864403	0.0029905937720911594	0.995001	1.0
20674	0	0.009034084683366223	0.04771011481474357	0.863001	1.0
20679	3682	0.016132404356731796	0.08865094727451707	0.836001	1.0
20682	0	0.0549996645521858	0.3709582632205491	0.443001	1.0
20683	0	0.0031903753099000523	0.016297799676076846	0.978001	1.0
20685	0	0.04385861160993735	0.27955178515249	0.5370010000000001	1.0
20689	0	0.11720461122330245	1.0520874136179823	0.105001	1.0
20690	2274	0.046875196916258084	0.3034408237978708	0.519001	1.0
20695	0	0.021789933254976933	0.12352998313503405	0.763001	1.0
20702	0	0.001221075806626823	0.006167616225115238	0.983001	1.0
20715	3635	0.0707461344876627	0.5153674736916101	0.30600099999999997	1.0
20720	0	0.0	-0.0	1.0	1.0
20721	0	0.009561747957012087	0.0506473984922127	0.9330010000000001	1.0
20723	1065	0.04262883929707188	0.2699939233384985	0.519001	1.0
20727	0	0.08550338038677198	0.6675061616253737	0.222001	1.0
20728	2584	0.10502656760448689	0.8947900951975051	0.109001	1.0
20731	0	0.0457634549899181	0.2945630398983386	0.515001	1.0
20742	0	0.06299969269181879	0.4420577069418599	0.35800099999999996	1.0
20748	0	0.060390996424565996	0.4183633321990792	0.377001	1.0
20757	0	0.055180604608797965	0.37251531328150916	0.41600099999999995	1.0
20766	1065	0.06880089013447581	0.4965401975172282	0.323001	1.0
20768	0	0.027403032564523713	0.1601566154907158	0.703001	1.0
20777	3966	0.03355445199139036	0.20266117050162571	0.623001	1.0
20786	4539	0.0780768419721278	0.5888709731380937	0.259001	1.0
20804	0	0.07360205744952064	0.5435215966843752	0.28900099999999995	1.0
20808	742	0.013771113310658632	0.07468730979721774	0.859001	1.0
20809	390	0.010427543473018356	0.05550353318706961	0.861001	1.0
20825	4573	0.03450299933738197	0.20943895734426943	0.617001	1.0
20831	0	0.0923829846956329	0.7441604498978225	0.174001	1.0
20832	1929	0.0247561367221306	0.1426313189659229	0.730001	1.0
20833	0	0.060348418313307284	0.417980714659968	0.380001	1.0
20834	0	0.07368170484521075	0.5443155522075349	0.394001	1.0
20838	0	0.0777514131125363	0.5855217521929015	0.241001	1.0
20841	0	0.0	-0.0	1.0	1.0
20846	2044	0.011189543939391308	0.05981525604143513	0.878001	1.0
20853	0	0.0535407742889421	0.3584895430498873	0.451001	1.0
20859	171	0.03458764662575243	0.21004672801135243	0.621001	1.0
20881	0	0.02505311759675463	0.14457500061508796	0.694001	1.0
20887	0	0.013118520085855106	0.07088909394002516	0.847001	1.0
20897	2476	0.06949944080046618	0.5032687508667376	0.327001	1.0
20908	0	0.05744642263402676	0.39221237484622945	0.41300099999999995	1.0
20910	0	0.0	-0.0	1.0	1.0
20916	0	0.013833892532933222	0.07505408345219639	0.848001	1.0
20917	1874	0.0	-0.0	1.0	1.0
20919	0	0.019774922577614477	0.11087517562830557	0.768001	1.0
20928	1060	0.11451507941990004	1.0163013049374625	0.105001	1.0
20937	0	0.06018276655295845	0.41649337999503844	0.503001	1.0
20942	2234	0.01949263972434518	0.10912296796855972	0.775001	1.0
20943	2924	0.04032660278696185	0.2523806556287099	0.5370010000000001	1.0
20945	4020	0.029855464538709218	0.17680273318120998	0.6790010000000001	1.0
20947	1957	0.0	-0.0	1.0	1.0
20970	2052	0.05661518000185852	0.3849434136245943	0.42200099999999996	1.0
20971	2685	0.11715541964680991	1.0514275140428233	0.095001	1.0
20974	0	0.06255092929030859	0.43794627487263776	0.379001	1.0
20979	19	0.1511866618304658	1.556915027655428	0.024001	1.0
20994	0	0.10742905057584173	0.9248628575249829	0.102001	1.0
20995	0	0.032106116938231406	0.19242808992463498	0.632001	1.0
20997	0	0.03651165690377623	0.22399105763867266	0.578001	1.0
21000	3736	0.0	-0.0	1.0	1.0
21007	2160	0.016325101512370745	0.08980579096929091	0.8030010000000001	1.0
21011	3530	0.038248496206541235	0.23679344512629366	0.5490010000000001	1.0
21019	2736	0.10326234859832259	0.8730039895353454	0.139001	1.0
21032	4465	0.1008543734821171	0.8436726539515867	0.154001	1.0
21039	3353	0.062397275542731466	0.4365419318927183	0.383001	1.0
21046	0	0.11867816581938535	1.0719480314071068	0.003001	0.9387985428571429
21048	2419	0.0073119249083033605	0.038240571510178414	0.944001	1.0
21050	3933	0.09133871800292959	0.7322866533904246	0.176001	1.0
21053	3883	0.04079381525120935	0.2559256589682175	0.5370010000000001	1.0
21055	172	0.08325243610287988	0.6432244262686282	0.247001	1.0
21063	0	0.031003695075420043	0.1847325260202157	0.628001	1.0
21068	3841	0.055683120455540996	0.3768519343813501	0.5480010000000001	1.0
21077	0	0.12131921389480693	1.1079960055227547	0.075001	1.0
21098	3776	0.019964820280442247	0.11205676503844225	0.765001	1.0
21100	0	0.021702962116794473	0.12297843730751565	0.779001	1.0
21103	0	0.0	-0.0	1.0	1.0
21105	4574	0.017764576246693652	0.09850617510780746	0.8020010000000001	1.0
21108	0	0.005254100878451686	0.027158671567093024	0.9300010000000001	1.0
21111	1781	0.0	-0.0	1.0	1.0
21116	3037	0.027446846887180323	0.16045055153213875	0.724001	1.0
21117	0	0.00265619804733762	0.013527496722646465	0.969001	1.0
21121	1397	0.0	-0.0	1.0	1.0
21135	2002	0.07125654964448815	0.5203543628243155	0.29900099999999996	1.0
21136	0	0.04303687827867232	0.273153652587997	0.526001	1.0
21139	0	0.12025090809637404	1.0933445753566102	0.069001	1.0
21160	2796	0.0045315318038504915	0.02332729614651579	0.953001	1.0
21161	3682	0.022461855652036636	0.12780742951041607	0.762001	1.0
21166	0	0.007340115089175854	0.038394142093978664	0.892001	1.0
21168	147	0.06918205874779336	0.5002071736123689	0.42000099999999996	1.0
21181	0	0.018173986639678275	0.10100446922907406	0.7820010000000001	1.0
21185	0	0.041234524450682264	0.2592832706186831	0.577001	1.0
21188	1361	0.047496671211999505	0.30844119015663435	0.504001	1.0
21198	0	0.09326290441220911	0.75423214582146	0.175001	1.0
21203	1868	0.011941006176496384	0.06410209648429827	0.876001	1.0
21207	0	0.023338417030535043	0.1334311103617811	0.751001	1.0
21209	38	0.030935066919745003	0.18425612420474294	0.731001	1.0
21215	503	0.06161518279164473	0.4294206020378556	0.406001	1.0
21227	0	0.04143765397040303	0.2608353289675318	0.5350010000000001	1.0
21228	0	0.01922563451522448	0.10747023655127104	0.7870010000000001	1.0
21230	3518	0.0	-0.0	1.0	1.0
21232	2629	0.03861377739796165	0.2395119975696192	0.5590010000000001	1.0
21242	1789	0.010420852114006295	0.05546582742105099	0.866001	1.0
21249	4576	0.037684536065871174	0.232614044982199	0.6710010000000001	1.0
21261	1621	0.01545755541689428	0.08462480949325561	0.819001	1.0
21266	0	0.09204752692729645	0.740336794835738	0.182001	1.0
21268	3779	0.04498613732967041	0.28840691528810675	0.504001	1.0
21270	0	0.01878860240406935	0.10477478716029098	0.777001	1.0
21272	1221	0.08453648240349039	0.6570279221090208	0.230001	1.0
21279	3247	0.13601774325192909	1.3193441237591466	0.039001	1.0
21280	1921	0.07979173593694931	0.606653475699552	0.258001	1.0
21292	0	0.04882914584889289	0.3192534226288278	0.505001	1.0
21298	0	0.08077808497348757	0.6169831254652745	0.261001	1.0
21303	2949	0.0	-0.0	1.0	1.0
21304	349	0.03692997992819106	0.22705588668776117	0.592001	1.0
21311	1402	0.027104921714757896	0.15816001516644831	0.6750010000000001	1.0
21315	2903	0.13476339656289144	1.3005910823931974	0.045001	1.0
21326	0	0.0600987991926762	0.4157402250981008	0.395001	1.0
21338	0	0.07705643941827389	0.5783962389136971	0.325001	1.0
21355	1162	0.0760748316804018	0.5683943472972866	0.279001	1.0
21358	1604	0.011087034416713592	0.05923315072987922	0.867001	1.0
21366	2464	0.04872892489365943	0.31843585661882445	0.459001	1.0
21372	3134	0.06638371385139374	0.4735371400094797	0.340001	1.0
21374	3527	0.055650142657357626	0.37656678689446177	0.401001	1.0
21379	4578	0.09006160975799136	0.7178816805208523	0.208001	1.0
21389	0	0.20594539995381525	2.58759612641424	0.004001	1.0
21392	0	0.008668842168633735	0.04568682990254641	0.881001	1.0
21394	3899	0.04077391597938747	0.2557743673282737	0.585001	1.0
21398	0	0.04453337544975431	0.2848405181562214	0.5350010000000001	1.0
21399	0	0.034167850557715325	0.20703729149117792	0.634001	1.0
21400	0	0.030385658311849084	0.18045347948109017	0.6590010000000001	1.0
21413	0	0.046268726371431354	0.298587187188047	0.48000099999999996	1.0
21414	1547	0.029801764057402896	0.1764340028995007	0.6680010000000001	1.0
21424	3894	0.07143188179650209	0.5220719007807573	0.43500099999999997	1.0
21433	1769	0.0	-0.0	1.0	1.0
21444	4351	0.0901576527829376	0.7189605410615866	0.175001	1.0
21446	0	0.002830003324972758	0.01442702987645892	0.973001	1.0
21448	0	0.039917099459461335	0.24928580150901683	0.580001	1.0
21465	0	0.03795039817392173	0.2345816093214571	0.600001	1.0
21469	0	0.012518410951308841	0.0674195131482185	0.858001	1.0
21471	3883	0.12290897663343239	1.129975564124995	0.080001	1.0
21473	1345	0.0	-0.0	1.0	1.0
21488	169	0.11867816581938535	1.0719480314071068	0.003001	0.9387985428571429
21499	0	0.07765549664940735	0.5845361443677326	0.30100099999999996	1.0
21503	0	0.012068398691592427	0.06483225712987778	0.869001	1.0
21516	0	0.05934687081624148	0.4090185289560086	0.397001	1.0
21527	0	0.0603510380521496	0.41800425248289924	0.391001	1.0
21532	0	0.055508289735202346	0.3753411235395823	0.43000099999999997	1.0
21547	1611	0.0328215449665051	0.19746540990091194	0.6600010000000001	1.0
21549	0	0.039152749539824325	0.2435397933503764	0.580001	1.0
21553	1857	0.08335012620003351	0.6442701244978717	0.242001	1.0
21557	0	0.06867841933142477	0.4953642790073031	0.326001	1.0
21560	1783	0.033676897706354555	0.2035327151937228	0.654001	1.0
21564	0	0.01923948855909394	0.10755588051962378	0.779001	1.0
21567	4053	0.06078776612363636	0.4219351417002112	0.380001	1.0
21572	3171	0.12340872684938221	1.1369286661420324	0.062001	1.0
21574	1110	0.013932130298553124	0.07562850476340377	0.841001	1.0
21582	4441	0.09190620937663237	0.7387286611936811	0.20300100000000001	1.0
21585	935	0.06389359086746496	0.45029128144495767	0.386001	1.0
21586	0	0.02444863582423913	0.1406247959894635	0.727001	1.0
21593	0	0.016296070659719206	0.08963165920364488	0.816001	1.0
21597	3510	0.03714810262714063	0.2286586468824343	0.600001	1.0
21601	0	0.0	-0.0	1.0	1.0
21608	2900	0.04555891673635172	0.2929390845638988	0.647001	1.0
21616	0	0.05343509853713223	0.35759226286128487	0.454001	1.0
21618	0	0.0852637153592215	0.664902175743226	0.221001	1.0
21621	0	0.010279724612636175	0.05467120987338015	0.896001	1.0
21627	4514	0.028571017660858268	0.1680352011834202	0.691001	1.0
21630	3682	0.055493355141975204	0.375212166902203	0.43500099999999997	1.0
21637	1646	0.0	-0.0	1.0	1.0
21640	3708	0.09311794940257659	0.7525687723315042	0.189001	1.0
21654	0	0.035211243807771964	0.21453899744698057	0.644001	1.0
21656	0	0.030106096786893268	0.178526195484915	0.6640010000000001	1.0
21663	4491	0.049348904422617544	0.3235047512622584	0.47500099999999995	1.0
21664	4136	0.017578676555463683	0.09737526256009257	0.8090010000000001	1.0
21676	1189	0.05645019093395846	0.38350654940274065	0.41300099999999995	1.0
21695	94	0.0023702979749191874	0.012051671100913796	0.970001	1.0
21703	0	0.0057254217490291595	0.02967453819240276	0.9360010000000001	1.0
21715	0	0.10489652288696369	0.8931756112393368	0.121001	1.0
21717	0	0.013357855491425097	0.0722790193371258	0.843001	1.0
21718	0	0.12782874386653834	1.1993391409279974	0.051001	1.0
21737	0	0.007934361611831042	0.04164250935608727	0.9100010000000001	1.0
21745	1630	0.027154727254126355	0.15849318457684813	0.6760010000000001	1.0
21746	3381	0.030592662882189887	0.18188388564422597	0.637001	1.0
21753	0	0.10285368114548357	0.8679932058991316	0.135001	1.0
21759	3882	0.1050098741549866	0.8945827722648046	0.126001	1.0
21782	1343	0.02441515846686731	0.14040671635158267	0.755001	1.0
21789	2044	0.08109023768507877	0.6202676968383386	0.242001	1.0
21792	0	0.0835137146163365	0.646022861421149	0.207001	1.0
21794	0	0.04566521763602252	0.2937827096328476	0.511001	1.0
21797	0	0.04753720029714241	0.3087682244650855	0.49300099999999997	1.0
21799	2746	0.015604061197132466	0.08549644812046882	0.823001	1.0
21818	3207	0.013693743662486053	0.07423562991421122	0.836001	1.0
21819	0	0.10067958142971549	0.8415616451126313	0.148001	1.0
21823	2397	0.0	-0.0	1.0	1.0
21825	0	0.005443379782168394	0.02816743619972216	0.9240010000000001	1.0
21826	3107	0.059881026504467784	0.4137892740046054	0.399001	1.0
21830	1185	0.03411604738436701	0.20666674291086137	0.638001	1.0
21856	2456	0.021778556962807845	0.12345781049738219	0.767001	1.0
21857	0	0.11546715835936978	1.0289010527011746	0.080001	1.0
21860	0	0.07225621877580607	0.5301778938350126	0.29700099999999996	1.0
21876	0	0.08250964745243272	0.6352974799255542	0.238001	1.0
21877	0	0.08234213946746548	0.6335157233241693	0.23400100000000001	1.0
21878	0	0.10622561481362477	0.9097405366959708	0.123001	1.0
21885	0	0.07578022236110665	0.5654067321139848	0.249001	1.0
21887	0	0.025501654865279395	0.1475214160855613	0.728001	1.0
21889	529	0.005115471822386048	0.02642119725868355	0.941001	1.0
21890	0	0.004399283117105567	0.022629407734404968	0.948001	1.0
21892	3386	0.0275603323466819	0.16121247181083295	0.756001	1.0
21893	1621	0.048558472905621264	0.31704699198493463	0.441001	1.0
21894	0	0.0800880395005311	0.6097487263735478	0.270001	1.0
21902	0	0.03788394716013477	0.23408937629516896	0.566001	1.0
21910	881	0.006444641199607557	0.03353918207332813	0.9260010000000001	1.0
21913	1548	0.0	-0.0	1.0	1.0
21918	0	0.11688957982151377	1.0478647707890492	0.074001	1.0
21926	0	0.14902579745314518	1.521844348008562	0.024001	1.0
21932	1185	0.011165120993316624	0.05967651089774678	0.862001	1.0
21935	3387	0.11626674623484506	1.0395405643833855	0.090001	1.0
21940	0	0.013396185062419148	0.07250194413658095	0.862001	1.0
21944	1980	0.044020594665976125	0.2808185165805039	0.5500010000000001	1.0
21957	3769	0.01649009058027083	0.09079642257775165	0.8000010000000001	1.0
21961	0	0.09863046933513551	0.8169962783029088	0.151001	1.0
21964	0	0.0035177096800333915	0.018003687881031943	0.964001	1.0
21978	1610	0.003771072742824212	0.019328413875445812	0.948001	1.0
21981	2052	0.009561747957012087	0.0506473984922127	0.9330010000000001	1.0
21985	2343	0.00749755665045081	0.03925270803213601	0.9220010000000001	1.0
21986	1612	0.0018315194733472488	0.009283495338493134	0.970001	1.0
21989	429	0.035142627202003035	0.21404341848974703	0.627001	1.0
21998	0	0.007323442634615748	0.03830331042893665	0.9100010000000001	1.0
22000	4573	0.035834274104748334	0.21905328309437225	0.614001	1.0
22004	0	0.04321706012154679	0.27455258152063355	0.5340010000000001	1.0
22010	1111	0.1020717727189985	0.8584434621636995	0.132001	1.0
22014	0	0.02435106988969059	0.1399894296975787	0.748001	1.0
22022	3524	0.026015342704532658	0.15091183168939235	0.6860010000000001	1.0
22024	0	0.08290905737486598	0.6395546522685249	0.213001	1.0
22026	0	0.10277919645132785	0.8670813770961744	0.131001	1.0
22029	2990	0.15135180100393242	1.559612159978659	0.036001	1.0
22036	1837	0.10487637155042627	0.8929255580025843	0.111001	1.0
22041	4136	0.07659968108312112	0.5737331035180284	0.280001	1.0
22052	0	0.0019944077414284223	0.01011860288559518	0.973001	1.0
22053	0	0.024718422604867975	0.14238489573951044	0.722001	1.0
22059	0	0.13273086726636907	1.2704899240824439	0.051001	1.0
22064	1109	0.05652323952890659	0.38414247684126984	0.42000099999999996	1.0
22066	0	0.0	-0.0	1.0	1.0
22067	1657	0.05457249043201424	0.36729158184352095	0.49200099999999997	1.0
22069	0	0.06858003607094681	0.494420447576909	0.325001	1.0
22074	1925	0.02032278166204316	0.11429030996879101	0.765001	1.0
22085	4581	0.08359512567665743	0.64689589363009	0.217001	1.0
22086	0	0.05943636711709613	0.4098164109981035	0.400001	1.0
22087	1607	0.09983404306044663	0.8313843997711802	0.161001	1.0
22096	0	0.0028868985635567834	0.014721877963785327	0.971001	1.0
22097	0	0.025820516030994386	0.14962393022508175	0.726001	1.0
22101	1202	0.03661629537902614	0.22475657911089683	0.605001	1.0
22104	0	0.08243911777455176	0.6345470035959885	0.224001	1.0
22105	887	0.02739814220887464	0.16012381546547744	0.707001	1.0
22106	292	0.0	-0.0	1.0	1.0
22107	0	0.042758617215320725	0.2709976389112307	0.521001	1.0
22125	3682	0.08548196959170097	0.6672733501137494	0.243001	1.0
22135	3302	0.028619935717259126	0.168367125773181	0.6790010000000001	1.0
22138	3455	0.015620703012162722	0.08559554343979675	0.829001	1.0
22152	2805	0.0	-0.0	1.0	1.0
22161	0	0.013504182140761847	0.0731305428053494	0.835001	1.0
22162	0	0.11154289557100294	0.9774476210175396	0.128001	1.0
22170	1634	0.02886804904837602	0.17005307260698743	0.6860010000000001	1.0
22175	1727	0.056938394711801524	0.3877639156240781	0.406001	1.0
22177	0	0.08273936138814132	0.6377444213437948	0.257001	1.0
22181	0	0.047101230239132943	0.30525635764818276	0.47500099999999995	1.0
22183	4268	0.034059882574272615	0.20626519849476438	0.643001	1.0
22187	4587	0.1168670209322282	1.0475627095318398	0.093001	1.0
22217	0	0.045060992543585	0.28899791908670236	0.513001	1.0
22218	1929	0.0	-0.0	1.0	1.0
22222	0	0.002903002231710382	0.014805366511535396	0.952001	1.0
22223	1901	0.04859557967939462	0.31734916897593995	0.520001	1.0
22230	0	0.0018943972151514912	0.009605677689572595	0.979001	1.0
22232	0	0.04120696430194002	0.2590729089975531	0.5590010000000001	1.0
22242	0	0.033889524947044225	0.20504853588589206	0.612001	1.0
22245	3374	0.03091875622902323	0.1841429447702561	0.6680010000000001	1.0
22249	1008	0.05260758294798076	0.3505934209095648	0.43200099999999997	1.0
22253	3632	0.06423088644927373	0.4534132968648799	0.35300099999999995	1.0
22260	4237	0.059249661438679914	0.4081525406313295	0.43000099999999997	1.0
22262	742	0.017516549285145226	0.09699779816787339	0.8050010000000001	1.0
22274	2709	0.01982202557848995	0.11116804861203289	0.776001	1.0
22277	0	0.0016385534885068331	0.008296190178655051	0.982001	1.0
22280	2373	0.010718721134924638	0.05714695945541641	0.862001	1.0
22286	0	0.04037062064947913	0.2527140065115861	0.573001	1.0
22287	0	0.050535495373793454	0.33328169536915137	0.49700099999999997	1.0
22295	0	0.00931873369001942	0.04929254290400749	0.900001	1.0
22314	0	0.00851622865958623	0.04484380520937222	0.888001	1.0
22315	2832	0.0015655325898962583	0.007923148040622238	0.982001	1.0
22326	0	0.07427397794249749	0.5502345430402207	0.29800099999999996	1.0
22336	0	0.05060864410330443	0.3338876571897836	0.47700099999999995	1.0
22341	0	0.0640587603739193	0.45181905031181724	0.328001	1.0
22352	1397	0.07410988789308152	0.5485920315823147	0.28300099999999995	1.0
22363	2921	0.05087592357868292	0.33610500733661186	0.43400099999999997	1.0
22365	0	0.1048932659231909	0.8931351941116894	0.132001	1.0
22366	3016	0.026721647585712518	0.15560155281795604	0.725001	1.0
22371	3249	0.040109975919184644	0.25074205299316116	0.577001	1.0
22378	887	0.0024729308023037737	0.012580913532741187	0.972001	1.0
22386	641	0.018561040151846998	0.1033760448408213	0.858001	1.0
22391	0	0.0	-0.0	1.0	1.0
22394	2656	0.1040543160027786	0.882752823951568	0.11700100000000001	1.0
22398	0	0.047846668043553336	0.31126915057819016	0.49400099999999997	1.0
22399	0	0.0001918069706082835	0.0009630798314071567	0.999001	1.0
22408	0	0.01449258934599987	0.07891707655873631	0.833001	1.0
22413	874	0.03681260491678263	0.22619474937200962	0.599001	1.0
22418	0	0.06409006639870471	0.4521088475322359	0.34400099999999995	1.0
22419	0	0.0690877283799641	0.49929867578089554	0.313001	1.0
22425	2159	0.0	-0.0	1.0	1.0
22427	0	0.06693223569908462	0.4787191831781298	0.43400099999999997	1.0
22434	0	0.029526745861442688	0.17454859001008133	0.6840010000000001	1.0
22436	2942	0.0	-0.0	1.0	1.0
22445	1361	0.018513182790124306	0.10308229889115164	0.7870010000000001	1.0
22447	2556	0.007359016211756076	0.03849713574376839	0.9130010000000001	1.0
22453	0	0.03348266294539122	0.20215065596407658	0.6570010000000001	1.0
22455	0	0.04663139347576115	0.30148655825590526	0.48900099999999996	1.0
22459	2533	0.024444160041439806	0.14059563546118625	0.736001	1.0
22465	4589	0.1360193986125709	1.3193689613453585	0.031001	1.0
22471	3135	0.03673966488330253	0.22566008425861686	0.588001	1.0
22475	1222	0.062432589601667164	0.43686453761590177	0.48500099999999996	1.0
22480	1442	0.09642587639471359	0.7909409049765618	0.166001	1.0
22483	352	0.09001224193701785	0.7173274079973816	0.186001	1.0
22484	0	0.0375557940130677	0.23166298641276875	0.590001	1.0
22490	735	0.03755699846655128	0.2316718788896525	0.589001	1.0
22492	1358	0.0	-0.0	1.0	1.0
22493	0	0.01870295922378535	0.10424798616181088	0.818001	1.0
22499	4012	0.04668382826070608	0.3019065116798329	0.621001	1.0
22511	3763	0.08517366701122027	0.6639249403663132	0.220001	1.0
22521	0	0.025786367138394915	0.1493984429403038	0.696001	1.0
22524	0	0.0296542213705005	0.1754218906996174	0.634001	1.0
22539	3386	0.02130522000741788	0.12046222829205354	0.767001	1.0
22547	3376	0.01997567980987005	0.11212440479882448	0.771001	1.0
22549	1035	0.11719099718882983	1.0519047627814437	0.075001	1.0
22555	0	0.12207014847166338	1.1183518443612372	0.081001	1.0
22557	3376	0.030097485005629806	0.1784669081799912	0.652001	1.0
22564	0	0.05711384288912684	0.38929809583680974	0.406001	1.0
22572	0	0.017436128627492626	0.09650954929910566	0.871001	1.0
22584	0	0.019713170061712127	0.11049142922634317	0.7820010000000001	1.0
22598	4004	0.0	-0.0	1.0	1.0
22602	0	0.058826715096984464	0.4043926974516324	0.438001	1.0
22604	0	0.03300876872250291	0.1987892777677716	0.652001	1.0
22618	4298	0.004778379658258957	0.0246327071305928	0.952001	1.0
22629	0	0.06435989611212176	0.45460962238488634	0.36600099999999997	1.0
22631	0	0.009114212882804906	0.0481550694721977	0.901001	1.0
22634	0	0.16558146391585413	1.801138147716302	0.014001	1.0
22635	2480	0.09640598088877196	0.7907075258067127	0.164001	1.0
22648	1480	0.0031092885454796146	0.0158761946192484	0.969001	1.0
22661	0	0.03185922294025264	0.19069761332166446	0.647001	1.0
22664	0	0.0	-0.0	1.0	1.0
22665	0	0.058993037713273105	0.4058697011961438	0.40900099999999995	1.0
22669	0	0.027289947505789967	0.15939854411316914	0.711001	1.0
22675	0	0.03652120256957075	0.22406086184230772	0.578001	1.0
22677	0	0.023236965543436433	0.13277771130404828	0.722001	1.0
22697	0	0.0004224869136930931	0.0021241698046357564	0.991001	1.0
22698	0	0.006706650478477731	0.034954738485309916	0.9260010000000001	1.0
22705	4458	0.059437312946545126	0.4098248464062461	0.41100099999999995	1.0
22723	0	0.04346496390823325	0.2764809663544352	0.5480010000000001	1.0
22726	0	0.050625918468459874	0.3340308126793881	0.445001	1.0
22729	0	0.007401875091457984	0.03873075649511813	0.9060010000000001	1.0
22736	1669	0.019455717958857133	0.10889415764629795	0.764001	1.0
22741	3883	0.04680391753487312	0.30286903729429776	0.505001	1.0
22744	1763	0.18006909104207447	2.065886167341369	0.005001	1.0
22746	0	0.0	-0.0	1.0	1.0
22758	0	0.00938675750726873	0.04967142919159268	0.902001	1.0
22763	0	0.020970062066458312	0.11834977674393096	0.748001	1.0
22770	2006	0.029195508267108993	0.1722843710228948	0.6730010000000001	1.0
22772	0	0.015434664329123882	0.08448873931224965	0.836001	1.0
22775	3763	0.01720120068489663	0.09508558296706333	0.814001	1.0
22780	1306	0.012429067619775924	0.06690486185289236	0.867001	1.0
22782	913	0.0	-0.0	1.0	1.0
22792	0	0.09313867377897717	0.752806485196081	0.17100100000000001	1.0
22796	0	0.064508206631856	0.4559864388336934	0.35200099999999995	1.0
22798	0	0.03022858003601407	0.17936995412589105	0.654001	1.0
22802	3388	0.08773262199122316	0.6919406066226408	0.20300100000000001	1.0
22808	0	0.0	-0.0	1.0	1.0
22813	0	0.0	-0.0	1.0	1.0
22822	3135	0.04306303952267371	0.2733566290167091	0.5310010000000001	1.0
22830	830	0.03734655517398968	0.2301196679934411	0.603001	1.0
22834	0	0.03348185100953107	0.2021448840012252	0.614001	1.0
22837	0	0.035890164109617616	0.21945952189612616	0.627001	1.0
22840	4029	0.001786368980707706	0.00905228908333101	0.985001	1.0
22842	0	0.05673062975478184	0.38595001184307903	0.40800099999999995	1.0
22845	0	0.04016422808321198	0.251152124522239	0.5540010000000001	1.0
22862	887	0.04691231145909473	0.303738688468684	0.506001	1.0
22864	0	0.030088713230326275	0.1784065244364818	0.6770010000000001	1.0
22870	0	0.0	-0.0	1.0	1.0
22871	0	0.006875375475602409	0.03586848308398391	0.9260010000000001	1.0
22876	0	0.04699669518084513	0.3044162724975326	0.48500099999999996	1.0
22891	0	0.0	-0.0	1.0	1.0
22897	0	0.0	-0.0	1.0	1.0
22910	0	0.010484992292122108	0.0558273691246184	0.888001	1.0
22922	2373	0.016457344658397523	0.09059967330680077	0.7930010000000001	1.0
22930	147	0.0	-0.0	1.0	1.0
22936	3017	0.052182778768429236	0.3470194887400845	0.49500099999999997	1.0
22942	0	0.1028448649357484	0.8678852560822798	0.137001	1.0
22944	4595	0.012479441460045107	0.06719497385560233	0.855001	1.0
22945	742	0.05233067709957259	0.34826232185729833	0.458001	1.0
22963	0	0.0256879335885069	0.14874890365021792	0.693001	1.0
22971	1354	0.0027487080558646453	0.014006063545466773	0.970001	1.0
22972	0	0.07867180792648468	0.5950150367791037	0.236001	1.0
22979	2534	0.033027998987396605	0.19892538821688768	0.645001	1.0
22985	4596	0.009777405226356211	0.05185273289445256	0.887001	1.0
23024	532	0.02206775834583397	0.12529510934120763	0.752001	1.0
23027	0	0.0011461058220916462	0.0057864467192734635	0.988001	1.0
23028	3321	0.03917167931166138	0.243681617048188	0.573001	1.0
23043	0	0.11596019083641766	1.0354552179218048	0.097001	1.0
23046	3620	0.06078288023240405	0.4218910881727809	0.36000099999999996	1.0
23048	0	0.0	-0.0	1.0	1.0
23049	1901	0.02397697634323937	0.13755896179346158	0.715001	1.0
23056	0	0.08718064313746318	0.6858544674516419	0.275001	1.0
23063	0	0.09680953964279354	0.7954475161292779	0.161001	1.0
23065	0	0.09081166777306672	0.7263263652118304	0.178001	1.0
23075	0	0.0	-0.0	1.0	1.0
23082	4597	0.0950550238079437	0.7749339003419847	0.213001	1.0
23103	735	0.07862043950071221	0.5944835043464229	0.236001	1.0
23107	0	0.045351842335978915	0.2912979577454838	0.49200099999999997	1.0
23125	499	0.12502786255460663	1.1595999098594523	0.065001	1.0
23131	0	0.05489088732257162	0.37002332663355936	0.437001	1.0
23133	1471	0.020936955083500783	0.11814149677757803	0.769001	1.0
23138	3573	0.019532462301918248	0.10936985186925924	0.772001	1.0
23139	4282	0.06951244499721315	0.5033943538333112	0.327001	1.0
23147	0	0.06693223569908462	0.4787191831781298	0.43400099999999997	1.0
23153	3966	0.04766822672477476	0.30982628002968376	0.49500099999999997	1.0
23157	3831	0.08015320053608915	0.6104303130825774	0.236001	1.0
23164	0	0.055926836278370654	0.37896167880675435	0.41600099999999995	1.0
23166	924	0.007822496952116557	0.04102939396803428	0.9250010000000001	1.0
23168	4035	0.024525837588937727	0.14112798300700136	0.725001	1.0
23178	4599	0.06339555335039061	0.4456966997892192	0.337001	1.0
23180	1508	0.11562459067606831	1.0309917090619831	0.092001	1.0
23195	0	0.0	-0.0	1.0	1.0
23197	0	0.017016544247310687	0.0939687568279607	0.7870010000000001	1.0
23198	4042	0.04034808980731984	0.2525433620401315	0.569001	1.0
23214	0	0.0006619119766860916	0.0033325437096026395	0.998001	1.0
23217	2806	0.10914887263756634	0.9466783688576675	0.120001	1.0
23221	0	0.09196510671368498	0.7393986970489969	0.208001	1.0
23224	0	0.025613506220721113	0.1482581928875165	0.703001	1.0
23226	2480	0.10742905057584173	0.9248628575249829	0.102001	1.0
23238	0	0.03134063847875346	0.18707603946401716	0.643001	1.0
23241	1873	0.0	-0.0	1.0	1.0
23260	0	0.0	-0.0	1.0	1.0
23264	529	0.11393643604252336	1.0086800869696664	0.096001	1.0
23265	0	0.00029471329685961875	0.0014806606951513878	0.997001	1.0
23270	735	0.14919588838193595	1.5245900024504362	0.022001	1.0
23276	3654	0.05686329333297545	0.387107880247753	0.42900099999999997	1.0
23277	444	0.1590579526390974	1.688163069128315	0.019001	1.0
23281	20	0.09935560064268847	0.8256510052107362	0.146001	1.0
23283	0	0.008065562290851445	0.042362562881297694	0.9220010000000001	1.0
23284	0	0.047808739785060436	0.31096227729011283	0.603001	1.0
23290	2213	0.04662616550561995	0.30144469764200593	0.510001	1.0
23291	4317	0.0024521204869921353	0.012473551925923846	0.969001	1.0
23295	3111	0.012089207856193503	0.06495162114210518	0.868001	1.0
23299	0	0.0	-0.0	1.0	1.0
23301	3601	0.0838059085644001	0.6491586526706884	0.30700099999999997	1.0
23315	0	0.07408855943381928	0.5483786866458986	0.315001	1.0
23326	1567	0.04380774617379972	0.2791543844971946	0.517001	1.0
23327	0	0.08265070680819459	0.6367995806033225	0.220001	1.0
23345	0	0.06528021809364597	0.46317941193932943	0.35300099999999995	1.0
23365	1445	0.061307678077312806	0.4266328486577613	0.48900099999999996	1.0
23367	3145	0.1608523457051609	1.718856880387	0.021001000000000002	1.0
23371	4603	0.00301649749806392	0.015394208529507791	0.959001	1.0
23372	4070	0.05090714415637742	0.33636434263705844	0.452001	1.0
23408	1621	0.08752785494085565	0.6896800712820773	0.210001	1.0
23414	0	0.12922305914665239	1.2193689785978106	0.056001	1.0
23422	0	0.055777887925413924	0.37767178974342364	0.41900099999999996	1.0
23423	0	0.06580732417473026	0.4681157738821762	0.447001	1.0
23424	0	0.033441097549224655	0.2018552287027562	0.640001	1.0
23427	985	0.022729670016874925	0.1295203914535381	0.727001	1.0
23434	4604	0.0643660734870397	0.4546669367691175	0.391001	1.0
23452	0	0.07855473958612375	0.5938039705717054	0.267001	1.0
23453	4232	0.034012009686136546	0.20592310299903094	0.637001	1.0
23454	0	0.020929716573642485	0.11809596775277477	0.756001	1.0
23456	0	0.033267295807393765	0.2006211775956661	0.618001	1.0
23457	1930	0.014066952554814941	0.0764178167255259	0.852001	1.0
23461	3926	0.03771625441930862	0.23284853104472197	0.601001	1.0
23463	0	0.034834350984678825	0.2118208159806406	0.625001	1.0
23466	3690	0.00503404941857169	0.025988581264904807	0.941001	1.0
23471	0	0.03441843945727481	0.20883229389309943	0.625001	1.0
23473	916	0.007665292773720632	0.04016905118413135	0.9120010000000001	1.0
23477	0	0.014005994344853744	0.07606079982880426	0.849001	1.0
23488	2888	0.0420884728312555	0.26582714592841095	0.518001	1.0
23501	4243	0.022471502929107365	0.12786905442238752	0.755001	1.0
23507	0	0.027153991355346505	0.15848826067375352	0.704001	1.0
23508	3859	0.06861017666402602	0.49470952235506266	0.30000099999999996	1.0
23512	0	0.10434460421681424	0.8863388368049732	0.128001	1.0
23532	0	0.03002438619228341	0.1779638607248289	0.6760010000000001	1.0
23534	0	0.03555925918619238	0.21705738981735767	0.611001	1.0
23536	1968	0.0181615950225339	0.10092869857651778	0.7980010000000001	1.0
23541	0	0.006605860008670292	0.03440971219904472	0.9190010000000001	1.0
23562	0	0.019919596167231594	0.11177516218585234	0.762001	1.0
23563	0	0.014902970973776394	0.08133739673221906	0.825001	1.0
23570	0	0.0518670797169263	0.34437177120878504	0.449001	1.0
23571	4389	0.031196547978104432	0.1860729387332882	0.6730010000000001	1.0
23574	0	0.008259529063271678	0.043428988198930596	0.898001	1.0
23580	2886	0.0204989212751246	0.11539234317309323	0.774001	1.0
23586	1481	0.09476543844277989	0.7715715483824404	0.160001	1.0
23596	0	0.04471058462703218	0.2862346976525277	0.515001	1.0
23597	1680	0.01176356971418166	0.06308676282211045	0.869001	1.0
23598	3126	0.052261231851243976	0.34767855960198546	0.468001	1.0
23600	0	0.11938305389565582	1.0815123038215717	0.074001	1.0
23610	1198	0.019519063770083597	0.1092867751715557	0.7820010000000001	1.0
23612	3433	0.08818750770863043	0.6969740226870196	0.204001	1.0
23618	0	0.10869593115818833	0.9409095619378088	0.102001	1.0
23630	0	0.06527386951325438	0.46312008212437755	0.330001	1.0
23637	0	0.021587410958065004	0.12224639283106453	0.747001	1.0
23640	0	0.09168028923488059	0.7361610463280539	0.240001	1.0
23641	0	0.0658936110188031	0.4689258039077953	0.34500099999999995	1.0
23652	2250	0.0169194507760845	0.09338238026093917	0.832001	1.0
23654	0	0.097338427216424	0.8016791454911574	0.142001	1.0
23665	4138	0.10004201265083736	0.8338823012153738	0.148001	1.0
23678	0	0.004781529806160319	0.024649389472595838	0.947001	1.0
23679	2129	0.00739679996776372	0.0387030865939105	0.903001	1.0
23695	0	0.03263636930912998	0.19615832206210324	0.620001	1.0
23705	3039	0.07818135094262828	0.5899482592496258	0.35800099999999996	1.0
23710	0	0.04282662797613447	0.2715241046806315	0.530001	1.0
23719	2614	0.11096585356032546	0.9699883072010604	0.104001	1.0
23721	916	0.024014702905034012	0.13780366016829437	0.726001	1.0
23738	0	0.0	-0.0	1.0	1.0
23756	0	0.010560666146432383	0.056254245434476394	0.886001	1.0
23771	5	0.03919664835219749	0.2438687248742517	0.570001	1.0
23776	0	0.0054622716601721855	0.028268237700640235	0.9240010000000001	1.0
23780	0	0.08830555466181753	0.6982828747037559	0.266001	1.0
23786	4611	0.0	-0.0	1.0	1.0
23787	2712	0.08049123107761604	0.6139713381892513	0.251001	1.0
23788	3145	0.12244217306604448	1.1234997549954278	0.066001	1.0
23792	52	0.00037028150840781593	0.0018611320952038426	0.991001	1.0
23810	2222	0.04480140253125657	0.28695004476407565	0.522001	1.0
23813	499	0.01075656706462938	0.057360943922014206	0.887001	1.0
23823	0	0.043941248778360045	0.2801977931349292	0.506001	1.0
23828	3282	0.011774677830516445	0.06315026949697922	0.874001	1.0
23843	1068	0.05366709513579469	0.3595631627600514	0.41100099999999995	1.0
23845	0	0.051638043698677485	0.342455307607594	0.453001	1.0
23846	2409	0.03148772279823954	0.18810140144081258	0.6800010000000001	1.0
23851	1604	0.026567599940196876	0.1545759390597175	0.716001	1.0
23853	4062	0.035676192609150933	0.21790540023153823	0.637001	1.0
23868	3141	0.11291358223760206	0.9952756512806666	0.094001	1.0
23880	3891	0.005866557849454007	0.030430483141420384	0.9330010000000001	1.0
23881	1110	0.043172495609348535	0.2742063747770091	0.516001	1.0
23884	1565	0.049785027105569826	0.32708665649284374	0.49000099999999996	1.0
23890	0	0.011815090258914732	0.06338137685831009	0.863001	1.0
23914	0	0.009176647221258924	0.04850203889444127	0.876001	1.0
23920	3510	0.08125140883456122	0.6219665154763695	0.253001	1.0
23932	349	0.03469529854115201	0.2108203669066259	0.621001	1.0
23936	1397	0.019791917257705086	0.11098082746623628	0.7910010000000001	1.0
23941	0	0.05664234644953024	0.3851801897009986	0.379001	1.0
23950	1547	0.021788605189214515	0.1235215572912532	0.753001	1.0
23955	1525	0.03892986327321245	0.2418717431005516	0.571001	1.0
23966	1890	0.04523839814600411	0.290400142440618	0.500001	1.0
23968	0	0.029800658248302643	0.1764264119427357	0.6720010000000001	1.0
23972	1801	0.1162028709662337	1.0386886822801848	0.091001	1.0
23982	0	0.02743609652773927	0.1603784192553896	0.697001	1.0
23983	0	0.06778003339642218	0.4867723784662511	0.35300099999999995	1.0
23997	0	0.02943984322262507	0.17395385663758084	0.6740010000000001	1.0
24000	3654	0.03546791390089013	0.21639558672348494	0.599001	1.0
24005	0	0.11553690408613175	1.0298270035677537	0.10100100000000001	1.0
24012	0	0.0	-0.0	1.0	1.0
24028	1068	0.08904749670028926	0.7065340820213941	0.225001	1.0
24044	0	0.07853171736735806	0.593565929742091	0.29000099999999995	1.0
24048	4248	0.037928992039774345	0.23442301159677262	0.579001	1.0
24054	0	0.1607106872614601	1.7164232541994675	0.014001	1.0
24062	1151	0.03310525413946069	0.1994724432745691	0.629001	1.0
24091	0	0.06036584751488429	0.41813732188685493	0.36600099999999997	1.0
24104	4556	0.004319937329422303	0.022211189768965387	0.959001	1.0
24109	1874	0.03186327721606115	0.19072599698171058	0.646001	1.0
24122	0	0.12879214973636943	1.2131612299824386	0.063001	1.0
24126	0	0.05339816183307432	0.3572788254104385	0.503001	1.0
24128	0	0.04534953109887188	0.29127965732183614	0.506001	1.0
24133	0	0.06124529883776894	0.4260681765230061	0.37200099999999997	1.0
24146	0	0.09533251266527436	0.7781620277597756	0.17100100000000001	1.0
24151	0	0.022433099102071474	0.12762377370189376	0.767001	1.0
24166	0	0.0488263155932124	0.3192303247505395	0.48300099999999996	1.0
24169	2584	0.028755313970878545	0.16928652910976102	0.6730010000000001	1.0
24183	0	0.06743663813052903	0.4835040653393232	0.34700099999999995	1.0
24193	1397	0.05227674363950475	0.3478089232160309	0.467001	1.0
24204	0	0.14200842457879334	1.4107765976047029	0.039001	1.0
24221	0	0.0825826960473808	0.6360751623768527	0.237001	1.0
24226	0	0.004241564849318466	0.02179846768651599	0.958001	1.0
24234	0	0.008553091597144097	0.045047304272989655	0.9080010000000001	1.0
24248	2061	0.005062101859594636	0.026137585887735567	0.952001	1.0
24255	0	0.08830555466181753	0.6982828747037559	0.278001	1.0
24258	1658	0.008689625944317977	0.04580174662927886	0.9120010000000001	1.0
24270	0	0.013451237377386911	0.07282228703873578	0.831001	1.0
24284	2052	0.0021121119608274955	0.010723023607379395	0.978001	1.0
24289	0	0.04332193321284025	0.27536784643532053	0.5450010000000001	1.0
24294	0	0.05296149079591909	0.353580687426862	0.450001	1.0
24299	2806	0.0	-0.0	1.0	1.0
24302	0	0.11034368104473279	0.9619761273368181	0.103001	1.0
24309	0	0.01197648478905132	0.06430534506975341	0.864001	1.0
24310	2161	0.059509922750097095	0.41047261271978003	0.41000099999999995	1.0
24312	0	0.05888585806440291	0.40491767851474575	0.385001	1.0
24329	4614	0.059495561668174865	0.4103444643615241	0.388001	1.0
24337	0	0.04113139678992471	0.2584963831253955	0.572001	1.0
24352	2224	0.07095853934704255	0.5174403579080105	0.31000099999999997	1.0
24365	0	0.01802993328399847	0.10012422757304892	0.8120010000000001	1.0
24371	0	0.06918205874779336	0.5002071736123689	0.42000099999999996	1.0
24381	0	0.0032865747778887747	0.016798484076790732	0.965001	1.0
24396	3158	0.018283814233074652	0.10167645148818079	0.8060010000000001	1.0
24424	3883	0.00840562625316793	0.044233725202362024	0.899001	1.0
24426	0	0.03017386912137713	0.17899294097911567	0.6640010000000001	1.0
24427	1987	0.09818741798252925	0.8117289313236776	0.155001	1.0
24446	4025	0.09910998592569491	0.822714796094776	0.151001	1.0
24453	3708	0.044311473778736066	0.2830977940807912	0.5470010000000001	1.0
24474	1875	0.13157469597167368	1.2535247941262437	0.053001	1.0
24476	4096	0.12070293985491777	1.0995324072341668	0.086001	1.0
24478	0	0.036378269542306586	0.22301628477190238	0.588001	1.0
24494	0	0.07031682938876498	0.5111881260866753	0.30500099999999997	1.0
24495	0	0.00376263947744313	0.019284259044647038	0.955001	1.0
24499	3491	0.06497166243789093	0.4602992797585115	0.379001	1.0
24507	1203	0.07538766129103887	0.5614360014012856	0.30900099999999997	1.0
24510	0	0.016119246573554076	0.08857217660572607	0.823001	1.0
24514	2007	9.849787748780758e-05	0.0004943002812487448	0.998001	1.0
24522	1343	0.0861036592903672	0.674047789530964	0.213001	1.0
24531	297	0.09898788388448794	0.8212569158650929	0.162001	1.0
24534	1202	0.019962800033366868	0.11204418253521464	0.7890010000000001	1.0
24536	0	0.07411069185071656	0.5486000741038062	0.273001	1.0
24538	0	0.21685780511640634	2.8269542533527754	0.001001	0.9387985428571429
24555	2052	0.015058926187703808	0.08225992049767243	0.834001	1.0
24556	4440	0.02679696849174404	0.15610358486600784	0.730001	1.0
24557	3339	0.028920909882077045	0.17041278795225862	0.6580010000000001	1.0
24558	0	0.04880116465197782	0.3190250912100335	0.502001	1.0
24560	0	0.005360296183204948	0.027724378596694976	0.9370010000000001	1.0
24570	0	0.0024294955112917358	0.012356857195606766	0.974001	1.0
24573	0	0.04986143571297121	0.3277155851704379	0.457001	1.0
24580	0	0.030585911966478276	0.18183719199371168	0.642001	1.0
24594	2629	0.06795242342190537	0.48841642138239555	0.35200099999999995	1.0
24602	1780	0.07213882128700294	0.5290203728545717	0.317001	1.0
24610	735	0.12590806960281625	1.1720171150746168	0.078001	1.0
24616	3635	0.09270979380844967	0.7478940394559825	0.193001	1.0
24630	0	0.04888125433682444	0.31967878357267165	0.47000099999999995	1.0
24632	0	0.0	-0.0	1.0	1.0
24652	1729	0.07533485199978537	0.5609027281279662	0.262001	1.0
24659	182	0.09651001328067306	0.7919281987405153	0.169001	1.0
24665	0	0.10670258642412925	0.9157200836027438	0.114001	1.0
24677	2313	0.07477986197604922	0.5553111312894026	0.281001	1.0
24678	0	0.021436077305294364	0.12128894725221755	0.766001	1.0
24680	0	0.05326999104526112	0.3561919476773842	0.438001	1.0
24692	0	0.01758507607029897	0.09741415763316166	0.815001	1.0
24699	2931	0.05316814006841693	0.35532909409989333	0.456001	1.0
24708	3658	0.08132197805525901	0.622710974855926	0.231001	1.0
24713	0	0.038809447590225525	0.24097197581655738	0.6750010000000001	1.0
24733	0	0.036895925907015535	0.22680594894919545	0.5540010000000001	1.0
24734	4616	0.025216309448536197	0.14564548988278123	0.730001	1.0
24738	0	0.07433072373531069	0.5508030304727463	0.29400099999999996	1.0
24752	0	0.07514174405245257	0.5589545004683888	0.28200099999999995	1.0
24756	1864	0.02353960449092601	0.13472881780196125	0.722001	1.0
24766	0	0.03730260761197311	0.22979589325609653	0.608001	1.0
24771	3387	0.061938151979238784	0.43235597822980193	0.36400099999999996	1.0
24776	2579	0.08409924300143513	0.6523133097141025	0.233001	1.0
24777	985	0.007470929117655396	0.0391073972127443	0.9080010000000001	1.0
24783	0	0.017436128627492626	0.09650954929910566	0.871001	1.0
24798	2161	0.001453413317245876	0.007350969791920841	0.986001	1.0
24810	1343	0.046029023567475215	0.2966758979848725	0.528001	1.0
24811	0	0.0	-0.0	1.0	1.0
24820	4377	0.17280801188063522	1.930790043799654	0.013000999999999999	1.0
24825	0	0.026093461898881135	0.15142893121521955	0.703001	1.0
24837	1040	0.07887090083388698	0.5970770421254384	0.253001	1.0
24839	0	0.0028122788108859076	0.014335215013989032	0.978001	1.0
24848	0	0.0203691972095472	0.11458052163557016	0.755001	1.0
24856	2008	0.016403937421473003	0.09027892727134351	0.830001	1.0
24860	1729	0.019706747675055168	0.1104515327002479	0.765001	1.0
24866	830	0.04266563222702572	0.2702783656874435	0.506001	1.0
24867	3522	0.09610404419696399	0.7871695902419814	0.180001	1.0
24878	0	0.00246476035023218	0.012538758675111004	0.973001	1.0
24885	3249	0.059469120017679844	0.41010855648323774	0.405001	1.0
24894	4242	0.02630508940658595	0.15283176438753698	0.725001	1.0
24897	1096	0.06382365020095652	0.4496449545444938	0.36700099999999997	1.0
24901	0	0.0458064635980641	0.2949048822419092	0.508001	1.0
24909	0	0.0680517112118262	0.4893643061217923	0.335001	1.0
24911	0	0.009618484821013362	0.05096423407252441	0.876001	1.0
24912	4599	0.03226180191937453	0.1935213666440966	0.6570010000000001	1.0
24918	3649	0.013437146171313839	0.07274027416833703	0.834001	1.0
24923	913	0.03361815897052329	0.20311449929570036	0.607001	1.0
24931	0	0.0073119249083033605	0.038240571510178414	0.950001	1.0
24937	0	0.06600318391122525	0.4699552268287096	0.329001	1.0
24941	0	0.08146823820314215	0.6242551406902972	0.224001	1.0
24942	2552	0.04251548817181008	0.26911820382325	0.527001	1.0
24953	2648	0.0	-0.0	1.0	1.0
24960	1930	0.012781039692861273	0.06893519551979636	0.858001	1.0
24980	0	0.1373201251905305	1.3389582987249238	0.055001	1.0
24984	0	0.029979835366606963	0.17765744615770585	0.637001	1.0
24987	4268	0.030239599391453625	0.1794459124591193	0.625001	1.0
24996	985	0.04218418216328863	0.26656369785612194	0.655001	1.0
25000	348	0.0683062328834776	0.49179752589262465	0.312001	1.0
25003	0	0.03346091406866414	0.20199606079669505	0.609001	1.0
25005	4004	0.04448659432340377	0.2844728345815021	0.522001	1.0
25016	1482	0.13862230349938956	1.3587153909624274	0.057001	1.0
25021	0	0.0889422543582182	0.7053610572041582	0.20200100000000001	1.0
25022	3682	0.0749847599329035	0.5573727954329533	0.273001	1.0
25027	0	0.0531214542031348	0.35493383112626886	0.439001	1.0
25032	2722	0.03136933369608228	0.18727596845798392	0.6620010000000001	1.0
25042	3897	0.09350732249143354	0.7570406197827932	0.181001	1.0
25052	0	0.08718064313746317	0.6858544674516415	0.28300099999999995	1.0
25059	0	0.1158292599858393	1.0337127200710048	0.090001	1.0
25062	1666	0.027765694158738405	0.16259337316018196	0.651001	1.0
25063	1214	0.05848538769634347	0.40136785852724416	0.40800099999999995	1.0
25079	2481	0.02421837564837814	0.1391262881231177	0.730001	1.0
25085	650	0.08473385122274957	0.6591609263218139	0.223001	1.0
25090	0	0.03393779006637703	0.20539303926972435	0.634001	1.0
25101	1483	0.0097300418748472	0.05158777154234936	0.891001	1.0
25114	94	0.006323837886923589	0.03288790118671849	0.9280010000000001	1.0
25118	2234	0.017436128627492626	0.09650954929910566	0.871001	1.0
25123	0	0.04416581481617489	0.28195570364829103	0.5560010000000001	1.0
25130	0	0.02201683417159045	0.12497119959291397	0.757001	1.0
25131	0	0.06896750616916654	0.4981417727015458	0.327001	1.0
25147	0	0.016724349867518213	0.09220589288689493	0.7920010000000001	1.0
25155	3309	0.07440214942289222	0.5515189283707946	0.28600099999999995	1.0
25163	0	0.05770912876190221	0.3945200126528151	0.398001	1.0
25165	2627	0.05215217253377409	0.34676248951399646	0.462001	1.0
25170	0	0.0	-0.0	1.0	1.0
25172	0	0.01563926783598729	0.08570610986470044	0.839001	1.0
25176	0	0.11144318834455533	0.9761567756629481	0.102001	1.0
25181	2409	0.05236777637061561	0.34857432163263585	0.506001	1.0
25194	2352	0.014180243629669985	0.07708194494858471	0.841001	1.0
25200	0	0.0026238768811405085	0.013360413373367812	0.968001	1.0
25206	0	0.014847917563818647	0.08101209945275989	0.840001	1.0
25233	0	0.016695491504588142	0.09203207501755385	0.8040010000000001	1.0
25237	1621	0.06192819660182232	0.43226538289067573	0.385001	1.0
25238	0	0.07276288081240323	0.5351853665697289	0.29300099999999996	1.0
25242	3682	0.11743925474466371	1.0552378900413832	0.096001	1.0
25245	0	0.0794945870146514	0.6035561329496125	0.29900099999999996	1.0
25254	918	0.06521224395213185	0.4625443229123115	0.34800099999999995	1.0
25257	0	0.03635037565770513	0.2228125926680859	0.588001	1.0
25258	988	0.09005202331098941	0.7177740346724529	0.195001	1.0
25259	3107	0.03704415287633925	0.22789442532636495	0.580001	1.0
25263	0	0.10543765823346712	0.8999027121714384	0.11700100000000001	1.0
25271	3326	0.02244594841443777	0.12770583022534318	0.737001	1.0
25277	1797	0.06382352690146118	0.4496438154416668	0.341001	1.0
25299	0	0.031545730515269405	0.18850618238102257	0.630001	1.0
25305	913	0.03320769208663132	0.20019843539740517	0.6650010000000001	1.0
25307	4136	0.004183921248580129	0.021495139128893587	0.958001	1.0
25313	1684	0.08733455059886053	0.687549073363765	0.212001	1.0
25335	0	0.08672757408141975	0.6808766177803199	0.219001	1.0
25338	1068	0.015465306948026732	0.08467089386959777	0.7960010000000001	1.0
25341	3738	0.06109992244121813	0.4247532940909997	0.382001	1.0
25348	0	0.05005856283376916	0.3293400637418634	0.590001	1.0
25351	0	0.004628510110936759	0.023839717947096554	0.947001	1.0
25391	1062	0.07593152789391949	0.5669402915068498	0.36400099999999996	1.0
25392	0	0.0474601161471197	0.30814632132524256	0.504001	1.0
25398	0	0.04891374407288966	0.31994409347994557	0.47300099999999995	1.0
25399	3145	0.13077949049928655	1.2419224088290177	0.069001	1.0
25403	2048	0.055608207959206846	0.37620430487785916	0.453001	1.0
25404	1075	0.04790477076748252	0.3117394486727843	0.48700099999999996	1.0
25408	0	0.11286895110692634	0.9946927213869942	0.081001	1.0
25411	1756	0.11013888453837789	0.9593457327162568	0.110001	1.0
25420	0	0.020784272941795304	0.1171818585607637	0.756001	1.0
25428	2656	0.14015938754138774	1.3822248777061543	0.035001000000000004	1.0
25431	0	0.005409074513060337	0.02798444767044271	0.9370010000000001	1.0
25433	0	0.02153642770227971	0.12192367274376349	0.762001	1.0
25441	2625	0.0328416272478907	0.1976073007707725	0.628001	1.0
25445	0	0.0891856613891259	0.708075370548213	0.194001	1.0
25482	2634	0.03806991127567292	0.23546765147591292	0.580001	1.0
25483	0	0.03670892771623501	0.2254348823055621	0.613001	1.0
25490	0	0.05348223688930693	0.3579924106528583	0.41500099999999995	1.0
25504	0	0.05584685754372721	0.37826886701355583	0.43300099999999997	1.0
25505	529	0.0	-0.0	1.0	1.0
25510	0	0.045427495669253935	0.29189718744780835	0.504001	1.0
25512	0	0.03704319438989728	0.22788738209184048	0.575001	1.0
25520	742	0.13092197402503108	1.2439973469642083	0.053001	1.0
25523	4259	0.04218418216328862	0.26656369785612183	0.6790010000000001	1.0
25525	0	0.0586062371052418	0.40243786071136184	0.41900099999999996	1.0
25529	2180	0.0552435123861726	0.3730572051519265	0.40700099999999995	1.0
25531	4057	0.013572015049703682	0.07352573344545882	0.830001	1.0
25533	0	0.002273077335788673	0.01155090693147599	0.975001	1.0
25535	0	0.04208601335276256	0.2658082267833895	0.563001	1.0
25541	0	0.015533528443626578	0.08507664543872999	0.832001	1.0
25547	1484	0.005011410751899151	0.025868366765897963	0.949001	1.0
25548	940	0.03993435911457991	0.2494160114343596	0.6770010000000001	1.0
25555	4557	0.01992712782102611	0.11182205150690415	0.768001	1.0
25558	4085	0.04415599335672349	0.28187874791876716	0.519001	1.0
25562	1979	0.03472474696043655	0.21103213295149342	0.626001	1.0
25568	3282	0.06796905208876981	0.48857512162695527	0.314001	1.0
25574	2126	0.0	-0.0	1.0	1.0
25578	0	0.0029952033213139218	0.015283671266228031	0.962001	1.0
25582	899	0.019263562786940622	0.10770473326887904	0.7900010000000001	1.0
25584	428	0.11574675815382636	1.032615469063125	0.08500100000000001	1.0
25588	0	0.05029754820977539	0.3313131626022576	0.453001	1.0
25602	2275	0.0	-0.0	1.0	1.0
25604	0	0.027689195860937443	0.16207865820776357	0.703001	1.0
25607	0	0.015239343530645467	0.08332903143953213	0.8050010000000001	1.0
25613	526	0.10553416824958829	0.9011049612078706	0.132001	1.0
25614	0	0.02536471423212979	0.14662047830297548	0.705001	1.0
25619	0	0.013477654701372226	0.07297607273505494	0.851001	1.0
25634	0	0.00899612301362758	0.04749944799088278	0.894001	1.0
25652	3337	0.04982417958875074	0.327408874003077	0.48400099999999996	1.0
25654	0	0.04705583046701922	0.3048914132722144	0.5360010000000001	1.0
25663	0	0.027801340192495277	0.16283334645297803	0.706001	1.0
25666	1842	0.08111352775822132	0.6205130618932366	0.253001	1.0
25668	1567	0.0	-0.0	1.0	1.0
25683	0	0.119733645366916	1.086284695659484	0.089001	1.0
25685	4136	0.020034701904213168	0.11249216119166731	0.770001	1.0
25697	0	0.026519158883233966	0.15425374907555467	0.6830010000000001	1.0
25699	0	0.03627264730419624	0.2222452666584579	0.600001	1.0
25714	0	0.06110032551592613	0.42475693764286243	0.404001	1.0
25722	2645	0.028935769995327744	0.1705139433412761	0.6700010000000001	1.0
25735	0	0.0218398271618312	0.12384661409731038	0.725001	1.0
25738	2409	0.02767918014692308	0.16201129631554942	0.6560010000000001	1.0
25741	0	0.0971976364961326	0.800018103770836	0.152001	1.0
25744	1829	0.02744108252982055	0.160411873168267	0.6800010000000001	1.0
25750	3135	0.12274108574367833	1.1276443687785982	0.075001	1.0
25754	2709	0.05448786439709126	0.36656673669169304	0.456001	1.0
25762	3147	0.03596761680221293	0.2200228378683227	0.593001	1.0
25766	2146	5.167517092727336e-05	0.0002592558160363585	1.0	1.0
25771	0	0.10880336325815437	0.9422763390118476	0.111001	1.0
25775	3249	0.0795289763195487	0.6039142459898595	0.262001	1.0
25793	0	0.11974109984219342	1.0863862800669404	0.092001	1.0
25802	1109	0.0199284123769667	0.11183004904143376	0.763001	1.0
25811	1646	0.11263206187797611	0.9916014356458036	0.103001	1.0
25813	0	0.03193537285223713	0.19123091507597018	0.634001	1.0
25817	2946	0.08069332933521574	0.6160925881287942	0.218001	1.0
25818	0	0.14680878396771313	1.486289121914901	0.031001	1.0
25820	0	0.01387442237352941	0.07529099946837035	0.833001	1.0
25831	3919	0.08542099233345693	0.6666105049550881	0.229001	1.0
25840	2831	0.0	-0.0	1.0	1.0
25881	2007	0.020985939137141276	0.11844968605552837	0.760001	1.0
25883	4338	0.019030013619014324	0.10626222828547496	0.7890010000000001	1.0
25884	0	0.022227116301274757	0.12630979834065556	0.754001	1.0
25885	0	0.05825001230568526	0.39928687278116554	0.440001	1.0
25893	1789	0.10942967453122507	0.9502631494877789	0.118001	1.0
25896	3792	0.09252241733204523	0.7457523523104441	0.211001	1.0
25902	0	0.057689058513049264	0.3943435378915728	0.43300099999999997	1.0
25905	0	0.04817176999268296	0.31390364971727774	0.48600099999999996	1.0
25920	297	0.045890822299068657	0.29557575868404956	0.506001	1.0
25921	499	0.05907566994790281	0.40660424942963697	0.396001	1.0
25923	1283	0.10742905057584173	0.9248628575249829	0.102001	1.0
25926	1162	0.14447592317641525	1.4493408137626749	0.037001	1.0
25935	0	0.021307979045833404	0.1204796478322797	0.741001	1.0
25942	297	0.11935027065573105	1.0810665682151945	0.079001	1.0
25945	2266	0.044098841495152155	0.28143106887584607	0.521001	1.0
25946	0	0.03347653351984479	0.2021070836396953	0.636001	1.0
25947	0	0.02320065032183389	0.1325439836725532	0.747001	1.0
25972	0	0.09064222794565976	0.7244148374157838	0.220001	1.0
25974	0	0.008047929893588487	0.04226573273243159	0.9220010000000001	1.0
25975	0	0.0	-0.0	1.0	1.0
25984	0	0.061892311257593244	0.43193888123782403	0.36500099999999996	1.0
25990	1034	0.005821246668830802	0.030187660644195233	0.941001	1.0
25995	0	0.004588207437861959	0.023626695759415447	0.943001	1.0
25998	2371	0.10067958142971555	0.841561645112632	0.14000100000000001	1.0
26002	20	0.021797664409174397	0.12357903527685779	0.756001	1.0
26008	4628	0.05220581567576608	0.3472129725181411	0.41300099999999995	1.0
26024	1987	0.06243104293015143	0.43685040634611594	0.36400099999999996	1.0
26034	0	0.0	-0.0	1.0	1.0
26042	1930	0.0	-0.0	1.0	1.0
26055	3040	0.04451721483072818	0.28471348409085595	0.529001	1.0
26056	2818	0.04830323138624927	0.3149710657775266	0.464001	1.0
26059	1603	0.0024003893835021564	0.012206778226158305	0.963001	1.0
26075	1621	0.0523083858824779	0.34807490279731484	0.5550010000000001	1.0
26083	0	0.02805128768637967	0.16451835817974644	0.688001	1.0
26084	916	0.07641251245288055	0.5718268333001217	0.30300099999999996	1.0
26087	887	0.03216500362343932	0.19284142420762845	0.6630010000000001	1.0
26088	899	0.004153734787812545	0.021336372220432623	0.951001	1.0
26093	0	0.16605467517275976	1.8094826855199027	0.006001	1.0
26100	0	0.06573923889042656	0.46747700128290126	0.323001	1.0
26101	0	0.06295529425994172	0.4416502852484029	0.334001	1.0
26105	3478	0.013539071003375078	0.0733337678352102	0.824001	1.0
26110	0	0.01204720377016285	0.06471070767479309	0.866001	1.0
26126	0	0.0	-0.0	1.0	1.0
26131	1274	0.0	-0.0	1.0	1.0
26133	0	0.0884757025260402	0.7001713099855144	0.216001	1.0
26139	0	0.0049080018949765845	0.025319638132944144	0.943001	1.0
26140	0	0.0	-0.0	1.0	1.0
26141	0	0.07930626246698261	0.6015966166264834	0.338001	1.0
26143	3320	0.04688221620643595	0.3034971500936191	0.48900099999999996	1.0
26144	0	0.02811351167267569	0.16493847475088377	0.699001	1.0
26159	2709	0.05407828828810041	0.363065837010351	0.452001	1.0
26161	0	0.09130318693394582	0.73188415564415	0.190001	1.0
26167	4630	0.0073514733488989365	0.038456031540367884	0.9080010000000001	1.0
26170	0	0.08342748341208704	0.6450986964898228	0.214001	1.0
26177	0	0.10721356605747433	0.922146448807104	0.125001	1.0
26179	0	0.0	-0.0	1.0	1.0
26182	0	0.08748682445288723	0.689227505800723	0.240001	1.0
26184	0	0.011833320291873898	0.06348566206488519	0.869001	1.0
26186	1768	0.048997974790716825	0.3206322637749397	0.48000099999999996	1.0
26187	94	0.06234869740304414	0.43609830330420607	0.36400099999999996	1.0
26202	0	0.00010075668268707226	0.0005056424291610778	1.0	1.0
26209	0	0.07255679332085643	0.5331462251857645	0.396001	1.0
26223	0	0.0073119249083033605	0.038240571510178414	0.944001	1.0
26235	1180	0.046957651966303894	0.30410270162697417	0.502001	1.0
26240	1797	0.04790359582411696	0.3117299360415641	0.467001	1.0
26248	4631	0.09913437524008399	0.8230061435071209	0.135001	1.0
26249	0	0.017944765186565247	0.09960442020100965	0.8060010000000001	1.0
26256	2002	0.014817774444571117	0.08083407079291058	0.873001	1.0
26268	4074	0.027937239293167132	0.16374899791514438	0.697001	1.0
26271	1185	0.005529178783923897	0.02862540523018608	0.939001	1.0
26291	1397	0.08815749798955802	0.6966414614607023	0.220001	1.0
26300	0	0.01001904310916256	0.0532066307722648	0.897001	1.0
26305	0	0.06572098242679723	0.46730577822489805	0.376001	1.0
26325	0	0.030428888172898412	0.18075196486482537	0.6560010000000001	1.0
26327	735	0.01937164726117266	0.10837347953886968	0.8090010000000001	1.0
26340	0	0.047239770677827655	0.30637090053196947	0.47900099999999995	1.0
26341	0	0.0	-0.0	1.0	1.0
26356	0	0.11867816581938535	1.0719480314071068	0.003001	0.9387985428571429
26368	2623	0.10916608731582783	0.9468979503271189	0.108001	1.0
26370	0	0.025249979319758954	0.1458665687385986	0.708001	1.0
26371	0	0.08549405363810594	0.6674047423221593	0.242001	1.0
26381	0	0.04763129958134062	0.3095279668703106	0.49400099999999997	1.0
26384	0	0.016420820360923447	0.09038030129384929	0.7860010000000001	1.0
26395	0	0.019964059555751375	0.11205202706237949	0.749001	1.0
26397	0	0.13872054126500943	1.3602118191535855	0.059001	1.0
26403	0	0.09971385102124805	0.829942362633972	0.136001	1.0
26416	0	0.02710228818428531	0.15814240292132062	0.6840010000000001	1.0
26420	0	0.05433244145449327	0.36523682995332263	0.43200099999999997	1.0
26426	937	0.02980004836323131	0.1764222253493427	0.6710010000000001	1.0
26459	0	0.024566287504872372	0.14139178191293067	0.741001	1.0
26470	1392	0.03911357832011993	0.24324639626831687	0.593001	1.0
26471	3086	0.0	-0.0	1.0	1.0
26483	1007	0.01643979506020092	0.09049425660723599	0.813001	1.0
26485	0	0.0913805242066113	0.732760363080468	0.172001	1.0
26489	0	0.021807839313769943	0.12364359819551393	0.749001	1.0
26495	4633	0.07930626246698265	0.6015966166264839	0.326001	1.0
26507	0	0.013205401745130515	0.07139324537876546	0.847001	1.0
26512	0	0.054326503734051186	0.3651860569212926	0.42800099999999996	1.0
26542	4634	0.010289625795864454	0.05472691888253409	0.895001	1.0
26543	0	0.06055841547433999	0.4198690795675012	0.400001	1.0
26550	3120	0.062298807904485075	0.43564287855219475	0.383001	1.0
26552	0	0.03151724666313481	0.18830739265276955	0.651001	1.0
26558	0	0.0	-0.0	1.0	1.0
26575	1223	0.05834189765140801	0.40009876709786646	0.399001	1.0
26579	0	0.0	-0.0	1.0	1.0
26581	0	0.03057481948489421	0.18176047583908111	0.6580010000000001	1.0
26591	2831	0.050779544431444515	0.3353048638967353	0.47400099999999995	1.0
26598	3058	0.00577225136180121	0.02992523263160573	0.9350010000000001	1.0
26607	0	0.0	-0.0	1.0	1.0
26616	0	0.13189679493002834	1.258239675905506	0.044001	1.0
26630	2455	0.023004871644753934	0.13128539666736436	0.766001	1.0
26634	3573	0.0	-0.0	1.0	1.0
26638	0	0.01984498946953739	0.11131088252784321	0.773001	1.0
26639	0	0.029252147059230998	0.17267102139288987	0.6740010000000001	1.0
26640	0	0.0	-0.0	1.0	1.0
26647	1442	0.0043626683510903045	0.02243637131208449	0.963001	1.0
26658	1482	0.012335275719588978	0.06636511282210006	0.829001	1.0
26662	19	0.09045967751117512	0.7223579209440375	0.187001	1.0
26664	2928	0.043316788526451565	0.2753278348348821	0.5600010000000001	1.0
26670	0	0.02065389951149451	0.11636360973127383	0.7840010000000001	1.0
26673	373	0.11789359034623072	1.0613510711394933	0.086001	1.0
26686	2815	0.07533677178879779	0.5609221106478883	0.29000099999999995	1.0
26695	0	0.028824926921305893	0.16975976461849973	0.701001	1.0
26699	0	0.0	-0.0	1.0	1.0
26700	0	0.04491475365651839	0.2878436827438123	0.5470010000000001	1.0
26701	2390	0.006856433224591542	0.03576581475234664	0.9110010000000001	1.0
26703	3390	0.06918818487848168	0.5002661974112306	0.28800099999999995	1.0
26713	0	0.027561027935961664	0.16121714446339183	0.6790010000000001	1.0
26714	0	0.06809874803024503	0.4898136145162339	0.316001	1.0
26721	3441	0.0031450484681985677	0.01606207819143303	0.964001	1.0
26738	0	0.025702778838087487	0.14884682360317245	0.723001	1.0
26740	2806	0.048204515914556274	0.31416942066122205	0.47600099999999995	1.0
26753	3249	0.004733064949384925	0.02439279765697047	0.940001	1.0
26757	4638	0.02485161645669271	0.1432555927217644	0.714001	1.0
26758	529	0.11808980673474082	1.0639964984566492	0.084001	1.0
26762	2823	0.039000338486441986	0.24239880422297214	0.589001	1.0
26764	0	0.012359189931730893	0.06650268183177384	0.852001	1.0
26772	0	0.025570618855722003	0.14797559330929744	0.732001	1.0
26786	2045	0.0	-0.0	1.0	1.0
26797	0	0.02111490897133967	0.1192618470086333	0.775001	1.0
26818	3530	0.14157985285925814	1.4041324574823566	0.034001	1.0
26820	0	0.04987581738862787	0.32783400854015277	0.47900099999999995	1.0
26822	0	0.0015100907817722983	0.007640120177703224	0.989001	1.0
26831	1930	0.062108938125370446	0.4339112831662601	0.382001	1.0
26840	4640	0.03326253630461824	0.20058741188682366	0.6680010000000001	1.0
26844	0	0.004465395020806361	0.02297815682714172	0.942001	1.0
26859	1075	0.003925732249194534	0.02013892356041071	0.953001	1.0
26866	0	0.12045249790105417	1.0961020194735027	0.083001	1.0
26871	2634	0.0	-0.0	1.0	1.0
26878	0	0.0	-0.0	1.0	1.0
26880	592	0.048089905187999715	0.3132395513579492	0.465001	1.0
26893	2634	0.075185320344278	0.5593938867702697	0.260001	1.0
26896	0	0.08120956698714898	0.6215252915704069	0.272001	1.0
26904	3328	0.020868606215728558	0.11771172676309821	0.766001	1.0
26929	4550	0.0523083858824779	0.34807490279731484	0.5550010000000001	1.0
26942	651	0.03046467739940914	0.18099916897988416	0.649001	1.0
26970	735	0.06716183558069662	0.4808948868331089	0.328001	1.0
26972	0	0.07593152789391955	0.5669402915068503	0.35700099999999996	1.0
26979	0	0.11181594202264285	0.9809867476368221	0.115001	1.0
26981	181	0.06494945804941127	0.4600922890602785	0.35700099999999996	1.0
26999	0	0.002367793971744251	0.012038766528888812	0.966001	1.0
27001	0	0.032653544468908786	0.19627945918266157	0.644001	1.0
27012	1068	0.100766356147209	0.8426093398413295	0.148001	1.0
27021	3531	0.08098227405591153	0.6191308239994864	0.257001	1.0
27022	0	0.14210781274552545	1.4123196883072315	0.036001	1.0
27038	0	0.021377181551978833	0.12091672551826957	0.768001	1.0
27041	4061	0.04897782345417945	0.32046758068840026	0.47200099999999995	1.0
27045	4298	0.03433216802548853	0.2082138450232749	0.617001	1.0
27046	1179	0.03694795123467379	0.22718781777412364	0.580001	1.0
27061	1612	0.0	-0.0	1.0	1.0
27089	0	0.1380605849934092	1.3501748814528678	0.054001	1.0
27092	0	0.0617474735262306	0.43062203502581403	0.35600099999999996	1.0
27095	2584	0.05620452573259463	0.38137071502573655	0.42600099999999996	1.0
27111	147	0.033791135943351126	0.20434674435840616	0.632001	1.0
27122	0	0.00902276093462618	0.04764726498185625	0.898001	1.0
27126	0	0.051980250241117715	0.34532010115012307	0.48300099999999996	1.0
27130	0	0.026706465905892887	0.15550040801881576	0.698001	1.0
27132	0	0.037684536065871174	0.232614044982199	0.6710010000000001	1.0
27135	1835	0.02824026678219261	0.165795069541028	0.6790010000000001	1.0
27147	0	0.0813702131758168	0.6232200437888938	0.271001	1.0
27160	0	0.08720223340196454	0.686092077063144	0.218001	1.0
27164	0	0.07139552668294799	0.5217155802799449	0.30100099999999996	1.0
27170	0	0.04908739634660165	0.3213633894623487	0.48000099999999996	1.0
27179	3682	0.0018631952491251144	0.009445771508976646	0.972001	1.0
27196	182	0.08361354264707528	0.647093463586474	0.212001	1.0
27205	2401	0.004413891798399763	0.022706448198679445	0.944001	1.0
27206	3776	0.0	-0.0	1.0	1.0
27222	3595	0.01064745238542849	0.05674423628169765	0.890001	1.0
27225	0	0.01061237136159756	0.05654611526885691	0.866001	1.0
27243	1631	0.01129608358775291	0.060420927093835314	0.883001	1.0
27258	1644	0.07147749557944606	0.5225191064785052	0.312001	1.0
27260	918	0.006430787173186672	0.03346444726965461	0.9300010000000001	1.0
27261	182	0.03497905874285546	0.21286333174799685	0.630001	1.0
27275	2692	0.0951136918957532	0.7756158990986426	0.191001	1.0
27278	3131	0.06536081491828388	0.4639328769930383	0.35100099999999995	1.0
27279	4652	0.13376062647704895	1.2856962001792518	0.051001	1.0
27285	2491	0.008274642565674742	0.04351217715991728	0.9160010000000001	1.0
27289	1337	0.09850186972151824	0.8154657717372926	0.162001	1.0
27293	0	0.03887691705090596	0.24147599800030334	0.5590010000000001	1.0
27298	0	0.009318688796412684	0.049292292943410226	0.893001	1.0
27300	1970	0.0399343591145799	0.24941601143435946	0.688001	1.0
27321	3763	0.0453599759303712	0.29136236266850796	0.519001	1.0
27334	4377	0.0	-0.0	1.0	1.0
27346	0	0.04979259036710583	0.32714889228063276	0.48200099999999996	1.0
27349	0	0.03352826045416137	0.20247487432927994	0.638001	1.0
27370	1470	0.10718277617199523	0.9217586178928685	0.102001	1.0
27376	1065	0.016905711896354925	0.09329945475298644	0.8070010000000001	1.0
27401	4067	0.06918205874779335	0.5002071736123687	0.444001	1.0
27413	1604	0.054950235606610595	0.37053331813305074	0.42200099999999996	1.0
27438	0	0.03755716578894299	0.2316731142382039	0.582001	1.0
27441	0	0.05400684137879727	0.3624563634019311	0.42600099999999996	1.0
27443	0	0.0	-0.0	1.0	1.0
27461	1442	0.010416968411560291	0.05544394403263084	0.888001	1.0
27464	0	0.059646923769027534	0.4116958669509225	0.389001	1.0
27466	1695	0.037191243227210846	0.22897602417188764	0.583001	1.0
27475	0	0.031588357695468305	0.18880377939936463	0.6560010000000001	1.0
27478	1035	0.09393011228358933	0.7619097918378895	0.222001	1.0
27479	1269	0.04132913177969809	0.26000578766641314	0.5420010000000001	1.0
27483	0	0.013846769192073853	0.0751293425842546	0.840001	1.0
27490	3883	0.053372245544409364	0.357058963021513	0.467001	1.0
27491	0	0.0039575282051352665	0.020305728718693034	0.944001	1.0
27506	4470	0.02410824715130483	0.13841079374246493	0.718001	1.0
27507	0	0.13392263561549525	1.2880968126011343	0.031001	1.0
27512	3339	0.06564045985355184	0.46655086934406353	0.35100099999999995	1.0
27515	0	0.015696611934865906	0.08604776943748264	0.822001	1.0
27516	0	0.04414055541881543	0.2817577979554446	0.522001	1.0
27538	349	0.04025627961144527	0.25184836740531896	0.584001	1.0
27547	0	0.05343329740683225	0.35757697657672843	0.574001	1.0
27551	3172	0.0	-0.0	1.0	1.0
27567	2737	0.0	-0.0	1.0	1.0
27571	0	0.04587113343082486	0.29541913539386166	0.512001	1.0
27576	2180	0.05521940208329956	0.37284948386209765	0.41300099999999995	1.0
27584	1606	0.029601053914924385	0.17505752454295315	0.6650010000000001	1.0
27589	0	0.015532902094743783	0.08507291887167198	0.818001	1.0
27597	0	0.010539272891194737	0.05613353068056679	0.881001	1.0
27609	0	0.03442778014485335	0.20889928384858722	0.644001	1.0
27628	0	0.08224150395140271	0.6324463163877321	0.226001	1.0
27630	425	0.1154721961935041	1.0289679220042365	0.086001	1.0
27636	0	0.1645574633186298	1.783150475733252	0.023001	1.0
27642	4345	0.06355750112602153	0.44718873248606084	0.49100099999999997	1.0
27648	4551	0.0849308200887544	0.6612926111880797	0.31100099999999997	1.0
27650	3041	0.00971274225417644	0.05149102748703646	0.897001	1.0
27655	3196	0.0017506561812364319	0.008869495679741796	0.976001	1.0
27665	4061	0.09696697195949212	0.7973001416398926	0.166001	1.0
27676	1173	0.07684825555802205	0.5762688856968982	0.258001	1.0
27678	0	0.044181805358275456	0.282081011318779	0.5320010000000001	1.0
27682	874	0.03302678112628439	0.1989167675509513	0.610001	1.0
27688	0	0.0003633483337531617	0.0018262110897469144	0.997001	1.0
27689	0	0.046405279500048566	0.2996777951600895	0.48200099999999996	1.0
27695	1052	0.014728097745535185	0.08030476364856973	0.858001	1.0
27696	0	0.032163967361488896	0.19283414854025185	0.649001	1.0
27701	0	0.10112840446345428	0.8469871256182474	0.149001	1.0
27723	1068	0.0	-0.0	1.0	1.0
27728	0	0.020575998748978478	0.11587520567760308	0.760001	1.0
27729	1182	0.03547641497984563	0.21645715395534965	0.593001	1.0
27739	2931	0.0	-0.0	1.0	1.0
27741	0	0.03455576378606051	0.20981775164035144	0.585001	1.0
27742	1681	0.014562977382759738	0.07933146380187638	0.830001	1.0
27747	0	0.09918944985877112	0.8236642230601765	0.141001	1.0
27751	2635	0.008704110851302647	0.04588185136329986	0.905001	1.0
27755	1970	0.039964837304506666	0.2496459940395747	0.5580010000000001	1.0
27762	0	0.017436128627492626	0.09650954929910566	0.871001	1.0
27782	0	0.05005856283376916	0.3293400637418634	0.590001	1.0
27783	1459	0.1108037851489048	0.96789818184658	0.072001	1.0
27786	2261	0.06510141160117607	0.4615095352579959	0.35100099999999995	1.0
27800	2897	0.05785572050807922	0.3958098538361674	0.380001	1.0
27807	0	0.0	-0.0	1.0	1.0
27820	0	0.005607613733611088	0.02904445056518416	0.9160010000000001	1.0
27821	2399	0.11867816581938535	1.0719480314071068	0.003001	0.9387985428571429
27824	0	0.0	-0.0	1.0	1.0
27826	0	0.0	-0.0	1.0	1.0
27828	4654	0.0	-0.0	1.0	1.0
27833	4655	0.08899854595281717	0.7059883723495147	0.20200100000000001	1.0
27841	0	0.05039213192055847	0.3320951732358332	0.449001	1.0
27842	0	0.02442471066828325	0.14046893433171007	0.726001	1.0
27845	742	0.11304587802045299	0.9970045360221731	0.106001	1.0
27849	754	0.005870042708234095	0.030449163559169195	0.9240010000000001	1.0
27850	0	0.09038504166295999	0.7215177014648548	0.207001	1.0
27889	0	0.013178957497106406	0.07123974709525507	0.859001	1.0
27890	3107	0.01472292123073456	0.08027422506165571	0.8120010000000001	1.0
27894	0	0.05373101995994142	0.36010690293775427	0.42600099999999996	1.0
27900	1628	0.07364654801584389	0.5439650366895884	0.263001	1.0
27905	1641	0.010650928250248048	0.0567638704049453	0.865001	1.0
27911	0	0.040326518974659456	0.252380021037672	0.5610010000000001	1.0
27916	0	0.033396921563909596	0.20154137309398445	0.643001	1.0
27922	0	0.0	-0.0	1.0	1.0
27926	0	0.03790047513199375	0.23421177854851868	0.616001	1.0
27931	0	0.058507626980713594	0.40156468613699164	0.382001	1.0
27944	1733	0.036849597459617946	0.22646604956337235	0.591001	1.0
27963	0	0.0	-0.0	1.0	1.0
27966	1767	0.10671140263386435	0.915830781538765	0.11700100000000001	1.0
27976	4506	0.0062825371800310885	0.03266543877802151	0.9340010000000001	1.0
27984	0	0.02136675438822517	0.12085084880574684	0.771001	1.0
28002	0	0.05991226088212307	0.41406888060528846	0.37100099999999997	1.0
28005	0	0.0	-0.0	1.0	1.0
28018	0	0.05106202431271811	0.3376518818023661	0.505001	1.0
28019	3807	0.03690737589108318	0.2268899767701951	0.618001	1.0
28026	1567	0.028685243871036267	0.16881050718374424	0.750001	1.0
28029	0	0.0	-0.0	1.0	1.0
28032	526	0.05861268123612947	0.40249494678970416	0.406001	1.0
28038	1176	0.005658747191411972	0.029317832623369525	0.9280010000000001	1.0
28041	0	0.07965083861764263	0.6051839863025086	0.250001	1.0
28061	0	0.03891536124591126	0.24176332911721865	0.5590010000000001	1.0
28065	2424	0.06024615727944821	0.41706230971808783	0.36500099999999996	1.0
28070	0	0.015186305578783903	0.08301453090505745	0.891001	1.0
28077	2410	0.11697297293772241	1.0489817620556388	0.086001	1.0
28079	918	0.10619326192560768	0.9093356131750056	0.107001	1.0
28083	4237	0.08612132980311792	0.6742407798806114	0.240001	1.0
28108	1617	0.007860800618655718	0.04123924650135272	0.9190010000000001	1.0
28126	917	0.03967546272509671	0.2474649865470025	0.566001	1.0
28133	0	0.07526731181928469	0.5602210081770151	0.313001	1.0
28139	3578	0.0648205523481859	0.45889133883525407	0.35700099999999996	1.0
28143	0	0.04103119933266748	0.25773255226728325	0.5560010000000001	1.0
28156	0	0.05051713126662433	0.33312962703401094	0.456001	1.0
28157	0	0.011333853069233603	0.06063581075794963	0.865001	1.0
28203	521	0.030477312962806657	0.1810864658298081	0.698001	1.0
28214	0	0.010740662374440518	0.05727100665883719	0.866001	1.0
28217	0	0.10967887362455041	0.9534498687583994	0.078001	1.0
28221	0	0.011116779590815942	0.059401994037407056	0.868001	1.0
28238	3992	0.06727397757161582	0.48195897028850143	0.332001	1.0
28256	0	0.04662508063683151	0.301436011283297	0.49500099999999997	1.0
28262	0	0.0025655170329192418	0.013058879087834903	0.966001	1.0
28264	0	0.012598621131394955	0.06788197202369814	0.854001	1.0
28303	0	0.013673936894966272	0.0741200585282547	0.846001	1.0
28313	1202	0.07978921701988215	0.6066271913212632	0.279001	1.0
28316	4008	0.029123230188053226	0.1717912639011973	0.6750010000000001	1.0
28317	1862	0.0	-0.0	1.0	1.0
28328	986	0.0778431333100649	0.5864648949099713	0.276001	1.0
28330	3843	0.022540669773515966	0.1283110533478182	0.743001	1.0
28332	1223	0.03441278612876633	0.20879175194275604	0.633001	1.0
28335	2093	0.043168640988061155	0.2741764359598124	0.5510010000000001	1.0
28354	0	0.02124938443646286	0.12010980765284933	0.745001	1.0
28384	0	0.05005856283376916	0.3293400637418634	0.590001	1.0
28400	0	0.17937838164630504	2.0528253389006434	0.007001	1.0
28402	0	0.11655155215678922	1.0433430283761775	0.093001	1.0
28403	0	0.047946477856655303	0.312077182218634	0.47500099999999995	1.0
28409	1944	0.06795912301388782	0.488480358308949	0.318001	1.0
28416	0	0.0	-0.0	1.0	1.0
28420	0	0.09799910470187624	0.8094948511389752	0.162001	1.0
28428	0	0.019685951676201362	0.11032236375462057	0.824001	1.0
28435	0	0.11867816581938535	1.0719480314071068	0.003001	0.9387985428571429
28437	913	0.16353084314903493	1.7652119478402168	0.016001	1.0
28453	4656	0.02566403502321626	0.14859129765471984	0.712001	1.0
28460	529	0.05443121035072096	0.3660817653452973	0.42100099999999996	1.0
28461	3944	0.09995052032174627	0.8327829700336885	0.144001	1.0
28474	4513	0.07110648297449747	0.518886150271469	0.314001	1.0
28489	917	0.0	-0.0	1.0	1.0
28490	0	0.03564391941589812	0.21767126053788757	0.616001	1.0
28493	19	0.04211007562453925	0.2659933398405666	0.5350010000000001	1.0
28498	0	0.011825901415879126	0.06344321980392584	0.868001	1.0
28500	3194	0.011601615523934364	0.06216170611937724	0.872001	1.0
28506	3483	0.06973041998075541	0.5055015732076175	0.30600099999999997	1.0
28510	0	0.03211363324361802	0.1924808351409708	0.6600010000000001	1.0
28511	0	0.06332935344441742	0.4450873503976497	0.36000099999999996	1.0
28513	0	0.01447303839037977	0.07880203102410709	0.837001	1.0
28522	4658	0.06096131231963995	0.4235010439540176	0.378001	1.0
28552	0	0.0014959365143459719	0.007567892047424879	0.988001	1.0
28564	0	0.0	-0.0	1.0	1.0
28567	0	0.040871005645084696	0.2565127844317381	0.578001	1.0
28606	0	0.1457786990841328	1.4699157829854392	0.032001	1.0
28614	0	0.04224349867508313	0.2670204973081346	0.5400010000000001	1.0
28635	3524	0.02911864462281155	0.17175999110962273	0.6750010000000001	1.0
28642	0	0.035049020925530985	0.21336786341264302	0.580001	1.0
28651	4136	0.002945505329536236	0.015025794595370644	0.971001	1.0
28672	0	0.014069135944223805	0.07643060855352111	0.853001	1.0
28679	0	0.0	-0.0	1.0	1.0
28691	0	0.05092985157130704	0.33655300622393186	0.465001	1.0
28692	0	0.1798470512986589	2.0616827209582413	0.006001	1.0
28702	3281	0.07075629130231627	0.5154665184807051	0.314001	1.0
28707	0	0.010447195378296784	0.05561428731300531	0.886001	1.0
28715	3682	0.04505833174851667	0.28897690466154385	0.516001	1.0
28727	2904	0.032358610584112865	0.19420200519882017	0.646001	1.0
28730	994	0.02223448095196678	0.12635673100159492	0.740001	1.0
28735	4660	0.0	-0.0	1.0	1.0
28749	3107	0.03671447571263078	0.2254755260810893	0.592001	1.0
28760	0	0.02049768763414859	0.11538461793010477	0.745001	1.0
28766	3172	0.09230319700961485	0.7432502020266066	0.189001	1.0
28770	0	0.0	-0.0	1.0	1.0
28771	1604	0.08894856068805845	0.7054313228184856	0.193001	1.0
28785	3883	0.06777168549291471	0.48669282243591605	0.325001	1.0
28792	0	0.021509967980480577	0.12175625016159965	0.739001	1.0
28796	0	0.052464733435714235	0.34939017889402596	0.450001	1.0
28805	1668	0.0	-0.0	1.0	1.0
28810	1621	0.06277077330836621	0.439958576836465	0.35900099999999996	1.0
28813	2455	0.007353873384651648	0.038469109964926335	0.9250010000000001	1.0
28817	499	0.056961359512266795	0.38796460180538234	0.41700099999999996	1.0
28829	297	0.11867816581938535	1.0719480314071068	0.003001	0.9387985428571429
28832	0	0.003367646217520566	0.017220855508527057	0.962001	1.0
28840	0	0.0010065299434477686	0.0050776740044957604	0.986001	1.0
28841	3682	0.0	-0.0	1.0	1.0
28853	2044	0.11022240082850616	0.9604179973478302	0.115001	1.0
28880	3177	0.03978064911655105	0.24825711185227387	0.582001	1.0
28885	0	0.03093912858937936	0.18428431075710655	0.6810010000000001	1.0
28893	4661	0.02465524995866527	0.1419723330740243	0.744001	1.0
28899	2146	0.13331712733573187	1.279136017459639	0.047001	1.0
28907	3763	0.025517889349031302	0.14762830401523427	0.704001	1.0
28915	0	0.08421999214104556	0.6536138330101544	0.208001	1.0
28929	0	0.049261201624236806	0.3227860596401813	0.47000099999999995	1.0
28936	349	0.068075611756864	0.4895925900643785	0.35700099999999996	1.0
28942	4057	0.060882930502099517	0.4227935356283542	0.390001	1.0
28958	0	0.06543343712861188	0.4646122007484646	0.35600099999999996	1.0
28967	1734	0.0187294078529907	0.10441062528895764	0.752001	1.0
28977	1278	0.013052391954215436	0.07050568157962721	0.836001	1.0
28978	0	0.010763145856614524	0.057398149945800774	0.898001	1.0
28989	2350	0.10397043022070412	0.8817178254128768	0.14000100000000001	1.0
29007	4603	0.0	-0.0	1.0	1.0
29017	0	0.10512998797270225	0.8960750181757062	0.138001	1.0
29030	0	0.010257030297542623	0.05454354281340552	0.872001	1.0
29034	2574	0.015758258957817576	0.08641529467887117	0.817001	1.0
29042	0	0.058956066633753884	0.4055412118101145	0.386001	1.0
29062	0	0.06471926162682846	0.45794852143991316	0.34800099999999995	1.0
29063	2015	0.021874412650065265	0.12406618992791475	0.757001	1.0
29071	441	0.03366154822721288	0.20342340566370984	0.642001	1.0
29077	0	0.004442104653315581	0.02285526751149089	0.9310010000000001	1.0
29078	2709	0.0041520155405529585	0.021327331391947386	0.954001	1.0
29083	3972	0.0	-0.0	1.0	1.0
29088	965	0.0020163905727128353	0.010231424938760392	0.980001	1.0
29101	1328	0.011870396679069167	0.06369782098697259	0.848001	1.0
29113	0	0.06123266346716072	0.4259538325909615	0.36600099999999997	1.0
29122	0	0.04430139812315724	0.2830187450341395	0.5340010000000001	1.0
29124	0	0.032925376014713216	0.19819931543902744	0.623001	1.0
29134	0	0.07655492750562748	0.5732770568119765	0.281001	1.0
29162	0	0.0	-0.0	1.0	1.0
29170	1089	0.03082272869250498	0.18347696929397544	0.6670010000000001	1.0
29175	0	0.08517135617761293	0.6638998706727436	0.192001	1.0
29185	913	0.02161879964869763	0.12244516338803402	0.758001	1.0
29191	2636	0.06038613403575043	0.418319630893941	0.40800099999999995	1.0
29195	1913	0.0345669267567178	0.20989791417550593	0.589001	1.0
29204	1328	0.03753106631181599	0.23148044358300965	0.618001	1.0
29222	1657	0.04774942437683927	0.3104825650060387	0.519001	1.0
29224	2636	0.013021504388874262	0.0703266871167456	0.864001	1.0
29241	1402	0.025467251097207527	0.14729495798113965	0.745001	1.0
29261	1604	0.008652469228318138	0.04559631974552093	0.9070010000000001	1.0
29265	0	0.011997337965498324	0.06442484400461976	0.870001	1.0
29269	0	0.0519589618031828	0.3451416420050575	0.468001	1.0
29279	0	0.09167654815124113	0.7361185621286414	0.213001	1.0
29283	1674	0.06047542040730644	0.41912237690586696	0.382001	1.0
29288	184	0.06294349186302922	0.4415420049705027	0.384001	1.0
29307	4494	0.07868719080299241	0.5951742495208293	0.271001	1.0
29308	0	0.070291688705695	0.5109438044551322	0.30600099999999997	1.0
29316	0	0.03685675971222843	0.22651858760781998	0.584001	1.0
29318	0	0.12021027919686303	1.0927892435399793	0.078001	1.0
29319	4562	0.017657608640907114	0.09785517710058271	0.7910010000000001	1.0
29322	0	0.039290921755383616	0.24457555436852804	0.573001	1.0
29346	0	0.12105178242782078	1.104319342172337	0.080001	1.0
29351	4652	0.0400734233434594	0.25046587935865655	0.5530010000000001	1.0
29356	1059	0.0	-0.0	1.0	1.0
29360	0	0.08632706626773867	0.6764895351928722	0.226001	1.0
29372	1275	0.1636567999453422	1.767407717113361	0.008001	1.0
29378	3682	0.11866111988052866	1.071717255142608	0.111001	1.0
29391	0	0.049986122230347756	0.32874277915771305	0.459001	1.0
29396	2991	0.04052367151311462	0.25387410491930956	0.588001	1.0
29420	2158	0.11583697865165785	1.0338154049113282	0.095001	1.0
29424	3682	0.04668382826070608	0.3019065116798329	0.621001	1.0
29433	0	0.07119423438460293	0.5197444822744033	0.323001	1.0
29436	1856	0.13306036667761234	1.2753457292811738	0.060001	1.0
29444	0	0.021930951445371993	0.1244253072964849	0.759001	1.0
29448	1202	0.07550342227053998	0.5626057046015727	0.280001	1.0
29454	0	0.05019737493516775	0.33048562649655633	0.48700099999999996	1.0
29475	1744	0.016099643227221693	0.08845483883852578	0.833001	1.0
29488	3175	0.08263787639297934	0.6366628898945774	0.242001	1.0
29494	3442	0.024459971531403658	0.14069865594477107	0.729001	1.0
29520	2987	0.01602029237033576	0.0879801215294076	0.821001	1.0
29524	916	0.053840068757125284	0.3610351372078591	0.43100099999999997	1.0
29525	0	0.055242370200247345	0.3730473637580035	0.400001	1.0
29531	529	9.194137037910402e-05	0.000461379739647533	1.0	1.0
29532	4259	0.028208407385415767	0.16557966877399558	0.6680010000000001	1.0
29550	0	0.08853208015919456	0.7007975314385684	0.219001	1.0
29559	3346	0.04852701475839449	0.3167908900037811	0.48000099999999996	1.0
29560	0	0.089074679866046	0.7068372045055235	0.211001	1.0
29572	572	0.06076860268383181	0.4217623649353215	0.36800099999999997	1.0
29584	935	0.00942451633704578	0.04988186337065525	0.891001	1.0
29585	0	0.007627319304725114	0.0399614538692045	0.9160010000000001	1.0
29586	1040	0.03385485430293806	0.204801162374072	0.613001	1.0
29588	0	0.07533955002071485	0.5609501606483362	0.273001	1.0
29599	0	0.037679173493972866	0.2325744075338104	0.575001	1.0
29606	0	0.01836246803228514	0.10215816330175992	0.7940010000000001	1.0
29610	0	0.0724557528083831	0.5321476405619032	0.28300099999999995	1.0
29634	0	0.04533163390609238	0.291137959546818	0.5470010000000001	1.0
29637	0	0.023947344557646775	0.13736683131512928	0.736001	1.0
29639	3215	0.036910581763903175	0.22691350524766432	0.607001	1.0
29650	0	0.023923460041517065	0.13721200694040894	0.733001	1.0
29652	0	0.011189543939391325	0.05981525604143524	0.862001	1.0
29654	3682	0.1250248310210516	1.1595572562721685	0.055001	1.0
29665	0	0.0	-0.0	1.0	1.0
29670	918	0.12389253549548418	1.143679923452086	0.067001	1.0
29674	2806	0.014061394054429546	0.07638525245955853	0.873001	1.0
29676	0	0.0556824873977213	0.3768464598174714	0.41500099999999995	1.0
29697	2008	0.11122967297005154	0.9733952682126604	0.097001	1.0
29708	0	0.0	-0.0	1.0	1.0
29715	0	0.017014777814516567	0.09395808353489786	0.7900010000000001	1.0
29718	0	0.10417989098135198	0.8843032527339045	0.141001	1.0
29719	0	0.010245682266720242	0.05447971612438196	0.865001	1.0
29720	0	0.06575248955359175	0.4676012915179644	0.35300099999999995	1.0
29731	1802	0.019521705618104228	0.10930315487309664	0.7870010000000001	1.0
29748	0	0.0561250142876453	0.38068036449945425	0.403001	1.0
29751	0	0.018002995044229232	0.09995976576487554	0.771001	1.0
29758	2949	0.00934658831236283	0.04944765663871994	0.885001	1.0
29759	0	0.04193493133435401	0.26464685024961415	0.5500010000000001	1.0
29767	1342	0.04216845679637264	0.26644263661423767	0.5460010000000001	1.0
29769	4666	0.02265946291858189	0.12907089644488762	0.735001	1.0
29776	0	0.035510433354520414	0.21670357335409873	0.633001	1.0
29787	0	0.0376510070140324	0.23236624701327893	0.577001	1.0
29789	0	0.06501845146788866	0.46073556883228767	0.338001	1.0
29792	0	0.08316502357948453	0.6422893650716024	0.227001	1.0
29794	0	0.08545743714799726	0.6670066388286897	0.240001	1.0
29797	0	0.03566513114248064	0.2178251421901202	0.615001	1.0
29800	4279	0.03661799330084756	0.22476900698227611	0.605001	1.0
29820	4412	0.0	-0.0	1.0	1.0
29821	2569	0.040160303680259156	0.25112245469916444	0.5610010000000001	1.0
29824	0	0.04049824620849905	0.2536812746062253	0.527001	1.0
29829	0	0.012478735852515209	0.06719090905812282	0.862001	1.0
29833	0	0.045331805502519716	0.2911393180246641	0.522001	1.0
29855	0	0.07962296849344846	0.6048934943785779	0.231001	1.0
29862	0	0.0	-0.0	1.0	1.0
29871	0	0.07778986433241676	0.5859170614544866	0.266001	1.0
29873	988	0.03735008434048707	0.23014567408281453	0.601001	1.0
29874	0	0.017436128627492626	0.09650954929910566	0.871001	1.0
29876	0	0.06789096438114826	0.4878300481862424	0.341001	1.0
29877	4514	0.019962557738913964	0.11204267349424642	0.765001	1.0
29883	3094	0.0838059085644001	0.6491586526706884	0.30700099999999997	1.0
29896	0	0.04670255186409092	0.3020565166765512	0.505001	1.0
29898	147	0.04515241378113226	0.28972024437554916	0.49600099999999997	1.0
29903	0	0.1036862807352692	0.8782161530315041	0.130001	1.0
29906	0	0.02117732184240866	0.11965525986420501	0.780001	1.0
29907	3918	0.056703809089317075	0.38571607886325654	0.41000099999999995	1.0
29910	1682	0.07039945692080331	0.511991447517242	0.34700099999999995	1.0
29926	2621	0.047870759403155376	0.3114641234094426	0.48800099999999996	1.0
29962	3788	0.0896025107391995	0.7127345490234149	0.185001	1.0
29965	0	0.03990278693495802	0.2491778406953372	0.5450010000000001	1.0
29966	3990	0.033555924503309124	0.20267164560186093	0.625001	1.0
29977	0	0.046821813552946394	0.30301256159810525	0.5440010000000001	1.0
29980	0	0.11285637493522635	0.994528492799489	0.095001	1.0
29982	0	0.12310968593259554	1.132765548214911	0.083001	1.0
29983	1068	0.06240129144363204	0.4365786138948745	0.36800099999999997	1.0
29986	3228	0.07540171819765856	0.5615779849215576	0.276001	1.0
30002	2746	0.05605379434428192	0.3800623896381716	0.440001	1.0
30004	638	0.0515521566968338	0.3417376050305498	0.465001	1.0
30018	0	0.06597295690641916	0.46967115959005445	0.35300099999999995	1.0
30020	0	0.025213214332508043	0.14562517080892787	0.718001	1.0
30036	2579	0.03512881741884318	0.21394371647677238	0.609001	1.0
30041	3190	0.06598177311615425	0.46975400556869373	0.339001	1.0
30047	0	0.10517922752713298	0.8966870877876956	0.11700100000000001	1.0
30050	4081	0.02505818698427162	0.1446082283122427	0.728001	1.0
30062	0	0.004740601920426128	0.02443269216872579	0.9360010000000001	1.0
30063	0	0.05923959812685463	0.4080629308788616	0.394001	1.0
30064	1484	0.1397192001295423	1.3754714061246278	0.039001	1.0
30068	0	0.0	-0.0	1.0	1.0
30070	1192	0.05632755313240662	0.38243978370289855	0.42000099999999996	1.0
30072	0	0.05465163252435512	0.3679699188520927	0.43500099999999997	1.0
30073	4667	0.040976560503215714	0.2573163164755751	0.578001	1.0
30080	0	0.07843152072067403	0.5925304055306675	0.245001	1.0
30086	0	0.0	-0.0	1.0	1.0
30121	38	0.07617834940408465	0.5694456747031681	0.29000099999999995	1.0
30136	0	0.02192801683541863	0.12440666250983143	0.745001	1.0
30141	0	0.050983961649412574	0.33700272449271335	0.46900099999999995	1.0
30142	3654	0.08930974311357272	0.7094608283374206	0.20300100000000001	1.0
30144	3919	0.06619159801063175	0.4717274247066136	0.35900099999999996	1.0
30150	0	0.0	-0.0	1.0	1.0
30160	226	0.04472337252771838	0.2863353897363923	0.5340010000000001	1.0
30161	1361	0.02134908160285423	0.12073921156410879	0.737001	1.0
30168	1990	0.05359707448369712	0.3589679062746438	0.446001	1.0
30170	0	0.0013334639744487925	0.006739644454854774	0.986001	1.0
30171	1040	0.0	-0.0	1.0	1.0
30193	2061	0.014371305079460644	0.07820377452813462	0.835001	1.0
30200	4668	0.01245306690654873	0.0670430586118605	0.854001	1.0
30211	0	0.0333265322572784	0.20104154985331155	0.624001	1.0
30226	0	0.023922174331118234	0.1372036737426448	0.715001	1.0
30247	0	0.06015524986127131	0.4162465094446617	0.37000099999999997	1.0
30252	2903	0.04045254864032065	0.253334806818068	0.5620010000000001	1.0
30258	0	0.08885972546357464	0.7044418000749592	0.194001	1.0
30267	0	0.06397285618387065	0.4510242121414208	0.313001	1.0
30272	1890	0.1254702138737474	1.1658320688723316	0.056001	1.0
30275	0	0.01781881933320641	0.09883656993503968	0.7990010000000001	1.0
30278	0	0.01882399828448099	0.10499264651481548	0.8070010000000001	1.0
30288	0	0.03430088405467421	0.2079897046969046	0.624001	1.0
30315	0	0.004036878286528999	0.020722268685699808	0.952001	1.0
30335	0	0.1243129961198616	1.1495631541262716	0.075001	1.0
30346	0	0.2118221864537952	2.7150476196184834	0.005001	1.0
30355	0	0.0	-0.0	1.0	1.0
30356	3337	0.0759151225705647	0.5667739313507063	0.28400099999999995	1.0
30363	3068	0.050510942799213115	0.33307838733175027	0.443001	1.0
30376	3870	0.10340858308708728	0.8748002781210269	0.123001	1.0
30384	0	0.04336058378348423	0.2756685007053601	0.517001	1.0
30405	0	0.06286755530760815	0.4408455741234746	0.374001	1.0
30410	1342	0.08838773781474671	0.6991947263336372	0.186001	1.0
30412	2637	0.051075639625823586	0.3377651488446081	0.47200099999999995	1.0
30432	884	0.024949949863045735	0.14389914106498713	0.715001	1.0
30434	0	0.0010115155265664581	0.0051029714869406705	0.990001	1.0
30444	0	0.054055774836333476	0.36287374802806527	0.442001	1.0
30452	0	0.00938675750726873	0.04967142919159268	0.902001	1.0
30454	2932	0.021549586941016653	0.12200695382086799	0.754001	1.0
30457	0	0.058606237105241786	0.40243786071136156	0.42000099999999996	1.0
30462	0	0.1057131585713911	0.9033366832227702	0.119001	1.0
30465	4057	0.0	-0.0	1.0	1.0
30474	0	0.04869570474265572	0.3181650144666247	0.47300099999999995	1.0
30477	4551	0.0010617288926491556	0.005357841179799693	0.987001	1.0
30483	0	0.031334278129945665	0.1870317322172251	0.653001	1.0
30508	0	0.035966312045572185	0.22001334498326858	0.589001	1.0
30511	0	0.024094461501751187	0.13832128478944333	0.735001	1.0
30514	0	0.028685243871036263	0.1688105071837441	0.746001	1.0
30518	172	0.04123211452497725	0.2592648740137132	0.571001	1.0
30550	0	0.0009439214031333396	0.0047601134904224	0.985001	1.0
30570	349	0.01783021152267751	0.09890598330983237	0.7860010000000001	1.0
30573	4670	0.027924654356946788	0.16366415322761585	0.704001	1.0
30582	0	0.021192769772865924	0.11975267258295745	0.758001	1.0
30583	0	0.07372483132722829	0.5447456526912885	0.316001	1.0
30600	914	0.0	-0.0	1.0	1.0
30606	4364	0.0032821489385309183	0.016775437183266222	0.966001	1.0
30610	0	0.018708551429786502	0.10428237033118375	0.780001	1.0
30611	0	0.0	-0.0	1.0	1.0
30613	1981	0.002853979765651587	0.014551259751883408	0.966001	1.0
30614	1329	0.018586471544041607	0.10353220016209759	0.7970010000000001	1.0
30615	0	0.04268808753743977	0.2704520112233489	0.522001	1.0
30639	0	0.05120386804539715	0.3388325364248298	0.460001	1.0
30640	754	0.0647777307580439	0.458492661955881	0.35700099999999996	1.0
30648	3431	0.0	-0.0	1.0	1.0
30652	0	0.0	-0.0	1.0	1.0
30653	0	0.01678651081163672	0.09258047385123673	0.827001	1.0
30656	3491	0.1026584650727774	0.8656043525520039	0.128001	1.0
30659	1780	0.013042874001363072	0.07045051846243061	0.841001	1.0
30660	0	0.0259132733718579	0.15023679499762962	0.715001	1.0
30661	0	0.05780504954278759	0.3953638314159597	0.403001	1.0
30678	0	0.056562687750560205	0.38448605443517164	0.397001	1.0
30680	0	0.04743613204559537	0.3079529060803942	0.49100099999999997	1.0
30681	0	0.08607769347808819	0.6737642451475454	0.223001	1.0
30686	735	0.03616908461409612	0.22149001346084568	0.606001	1.0
30689	0	0.043051157262450894	0.2732644326405752	0.5310010000000001	1.0
30692	0	0.003964814053092902	0.02034395950612457	0.951001	1.0
30693	0	0.014616016282291535	0.07964391650488678	0.846001	1.0
30695	0	0.030704158981294135	0.18265549980991652	0.6630010000000001	1.0
30702	0	0.08021308108717735	0.6110569521132574	0.269001	1.0
30710	0	0.08304948102518048	0.6410542971991232	0.232001	1.0
30716	0	0.06238765436420188	0.43645405501448786	0.36500099999999996	1.0
30720	2491	0.007882139806785128	0.04135619482526804	0.9220010000000001	1.0
30723	0	0.0	-0.0	1.0	1.0
30737	0	0.08728758780622095	0.6870317918328301	0.211001	1.0
30742	0	0.08155608551569135	0.6251833923106481	0.323001	1.0
30743	0	0.007484407471883357	0.03918094548158325	0.9160010000000001	1.0
30744	0	0.001046406065998649	0.005280051021530275	0.987001	1.0
30756	0	0.0	-0.0	1.0	1.0
30760	2495	0.17411972876765697	1.95483550818686	0.011000999999999999	1.0
30782	0	0.03922994509825192	0.24411830322744094	0.587001	1.0
30802	0	0.030737046800160706	0.1828832585603285	0.6830010000000001	1.0
30808	1313	0.12511964856079005	1.1608917023236924	0.067001	1.0
30841	4432	0.031319116922942404	0.18692612754394478	0.624001	1.0
30850	0	0.029899004323738782	0.1771018353759168	0.6780010000000001	1.0
30863	3094	0.06847905662128025	0.4934524578402233	0.329001	1.0
30883	0	0.015062488574238489	0.08228101078192421	0.838001	1.0
30890	0	0.020208343044959987	0.11357537107485736	0.764001	1.0
30898	4325	0.03160611190039685	0.18892776401042594	0.6570010000000001	1.0
30901	0	0.021644100310797103	0.12260542698463765	0.745001	1.0
30904	4230	0.058587768753212845	0.4022742733190623	0.41100099999999995	1.0
30914	0	0.004264521223738736	0.02191932201165937	0.957001	1.0
30920	0	0.06506992513783637	0.4612157264828199	0.376001	1.0
30921	0	0.027519537681897313	0.16093848711485967	0.714001	1.0
30923	1276	0.01631121710313827	0.08972250345885331	0.859001	1.0
30940	1052	0.008436836432657722	0.04440580497691337	0.9300010000000001	1.0
30947	0	0.014709520281670047	0.08019517456680325	0.845001	1.0
30951	1797	0.00021410774846493397	0.0010751923964608004	0.997001	1.0
30966	100	0.0	-0.0	1.0	1.0
30972	0	0.11404145129934788	1.0100611776663746	0.100001	1.0
30983	0	0.0098730626215081	0.052388277462217664	0.891001	1.0
30989	0	0.0750726840091723	0.5582584515559269	0.276001	1.0
30990	4672	0.009418859534771012	0.049850331875616896	0.881001	1.0
30991	4136	0.03158218218825868	0.1887606583007921	0.650001	1.0
31003	4673	0.04895509154362823	0.32028184260466863	0.508001	1.0
31022	0	0.0	-0.0	1.0	1.0
31025	1040	0.056071226721861364	0.3802136165683601	0.42500099999999996	1.0
31033	0	0.0440979027122452	0.281423717137609	0.511001	1.0
31041	0	0.032574439805535316	0.19572169380377338	0.637001	1.0
31047	1442	0.0244715181707696	0.1407738988022725	0.726001	1.0
31055	874	0.0	-0.0	1.0	1.0
31061	742	0.04541252512722477	0.29177857823046904	0.524001	1.0
31067	0	0.005845176501523986	0.030315885303685983	0.943001	1.0
31076	0	0.018307466186729605	0.1018212658727361	0.824001	1.0
31081	3856	0.008066856184231225	0.042369669169338015	0.9110010000000001	1.0
31083	0	0.015186305578783896	0.08301453090505745	0.877001	1.0
31096	0	0.033984567239438046	0.2057270708251724	0.617001	1.0
31101	4674	0.042829596020885485	0.2715470873365621	0.525001	1.0
31138	3682	0.06446026602249641	0.4555412131891057	0.35900099999999996	1.0
31147	2535	0.04443400521199736	0.2840596833794004	0.621001	1.0
31159	918	0.09867861360751505	0.8175695985550554	0.14000100000000001	1.0
31184	1860	0.09377820011746876	0.7601586309120246	0.152001	1.0
31195	0	0.06389485032599855	0.4503029234854689	0.35400099999999995	1.0
31204	0	0.13670409863332095	1.3296626178811175	0.044001	1.0
31211	94	0.013999010837953785	0.07601991386538656	0.853001	1.0
31218	0	0.03824112535172099	0.23673868191647346	0.583001	1.0
31229	0	0.0	-0.0	1.0	1.0
31230	2221	0.029595139809424548	0.17501700562	0.6660010000000001	1.0
31238	370	0.0028122788108859076	0.014335215013989032	0.978001	1.0
31268	2277	0.0	-0.0	1.0	1.0
31272	0	0.05438667846992831	0.3657007234716224	0.463001	1.0
31278	0	0.0042284663413194624	0.021729524279312303	0.960001	1.0
31296	0	0.0	-0.0	1.0	1.0
31315	0	0.0	-0.0	1.0	1.0
31318	1109	0.01767020322624302	0.09793178958765224	0.7980010000000001	1.0
31344	1905	0.1404082157000176	1.386049882347866	0.038001	1.0
31354	0	0.0	-0.0	1.0	1.0
31364	2160	0.026171244774420552	0.1519441986534725	0.691001	1.0
31365	4640	0.022644323189998837	0.1289740070535378	0.709001	1.0
31378	0	0.05521870603835075	0.37284348773483594	0.40700099999999995	1.0
31385	3721	0.02839200378408823	0.16682187345532157	0.6660010000000001	1.0
31396	3556	0.019136857740493035	0.10692171775188013	0.7820010000000001	1.0
31426	0	0.04553944430240569	0.29278463264855303	0.503001	1.0
31429	3660	0.06560771393167857	0.4662440091165134	0.34900099999999995	1.0
31434	1671	0.047761609273198787	0.31058109002017803	0.508001	1.0
31435	0	0.08111143516751144	0.6204910143782395	0.245001	1.0
31452	2709	0.04567604381147507	0.29386867242744574	0.49400099999999997	1.0
31457	0	0.0	-0.0	1.0	1.0
31461	1871	0.06051195895879565	0.4194510507947581	0.42200099999999996	1.0
31470	4630	0.020152595995945446	0.1132274006485536	0.766001	1.0
31486	0	0.12820979662816234	1.2047967548773024	0.041001	1.0
31487	1153	0.034309801492808094	0.20805358880183056	0.715001	1.0
31509	2856	0.13029777127303782	1.2349200822096904	0.051001	1.0
31518	1873	0.10518493889115536	0.8967580952784369	0.147001	1.0
31536	135	0.014002730520134385	0.07604169091364886	0.841001	1.0
31538	0	0.04932915025699218	0.32334282603059694	0.455001	1.0
31561	3426	0.055747720261008354	0.37741073237881995	0.43600099999999997	1.0
31566	2942	0.024531245596562466	0.1411632458452415	0.716001	1.0
31580	0	0.002799776320166685	0.014270461886484644	0.968001	1.0
31588	2459	0.00911847978317885	0.04817877461500673	0.898001	1.0
31594	0	0.011837934821439189	0.06351206278797267	0.862001	1.0
31605	1397	0.08813940476342974	0.6964409901521246	0.209001	1.0
31615	4589	0.015310961053666854	0.08375398140747659	0.840001	1.0
31622	1442	0.02327479370071066	0.13302126645932577	0.736001	1.0
31624	1060	0.0907433565198644	0.7255554441044578	0.228001	1.0
31631	3145	0.00107064482865225	0.0054031114492905504	0.983001	1.0
31632	0	0.13115241011677703	1.24735676307565	0.047001	1.0
31641	1930	0.045025727638022386	0.2887194438698201	0.503001	1.0
31654	0	0.004886192461896609	0.02520398963058193	0.943001	1.0
31660	0	0.0	-0.0	1.0	1.0
31683	3673	0.03741473465730583	0.23062222529765194	0.608001	1.0
31687	0	0.0	-0.0	1.0	1.0
31688	2222	0.06633157565599318	0.4730457329741405	0.333001	1.0
31690	0	0.05820527665386914	0.3988918116198111	0.40700099999999995	1.0
31691	182	0.04481279408360314	0.28703981321668287	0.508001	1.0
31700	2912	0.02071783343336508	0.1167647362087185	0.746001	1.0
31703	0	0.00872426926216574	0.04599335292333922	0.9150010000000001	1.0
31705	0	0.018586471544041607	0.10353220016209759	0.7970010000000001	1.0
31716	0	0.045873384607683185	0.29543704194961906	0.524001	1.0
31726	0	0.06040489072942552	0.41848821840978717	0.36900099999999997	1.0
31751	4288	0.016778727445313526	0.09253355814756942	0.7920010000000001	1.0
31759	3966	0.07579168158585935	0.5655228165998192	0.271001	1.0
31770	0	0.046490730634693646	0.3003609287202083	0.49800099999999997	1.0
31782	3135	0.021888129855229997	0.1241532986962514	0.758001	1.0
31783	0	0.027008271003809422	0.15751394125567514	0.706001	1.0
31794	0	0.03558999521009311	0.21728020073563292	0.609001	1.0
31795	0	0.022290072319505833	0.1267111097964886	0.742001	1.0
31798	0	0.065692072722403	0.46703469122341373	0.329001	1.0
31803	0	0.05005856283376916	0.3293400637418634	0.590001	1.0
31804	0	0.06110892804970136	0.4248347021727298	0.374001	1.0
31807	0	0.15481894024133427	1.6167962994636376	0.023001	1.0
31811	0	0.1627686425053433	1.7519552521176651	0.017001000000000002	1.0
31812	0	0.0	-0.0	1.0	1.0
31815	0	0.02382391762135514	0.13656714831770847	0.761001	1.0
31819	4081	0.03473774822023089	0.21112564461175806	0.588001	1.0
31826	1223	0.018586291897411705	0.1035310969422683	0.7820010000000001	1.0
31827	2882	0.0	-0.0	1.0	1.0
31834	754	0.004172488367753935	0.021435001091313535	0.952001	1.0
31845	0	0.06925038266891083	0.5008656163513874	0.322001	1.0
31847	1120	0.030328273049039046	0.18005744724990375	0.6680010000000001	1.0
31863	0	7.556744063470441e-05	0.00037917631951820394	1.0	1.0
31900	0	0.09728681932347626	0.8010700951919515	0.152001	1.0
31921	0	0.04095514660713835	0.2571532423294894	0.575001	1.0
31950	0	0.029349162208206735	0.1733337953152408	0.6740010000000001	1.0
31954	1397	0.0019966451109060673	0.01013008440060871	0.968001	1.0
31957	0	0.0	-0.0	1.0	1.0
31972	4681	0.02314160193701762	0.13216412457406826	0.754001	1.0
31981	0	0.07732600585053565	0.5811557267757215	0.254001	1.0
31982	0	0.034114191112430255	0.20665346831499007	0.636001	1.0
32002	0	0.06260618984598762	0.43845175962580296	0.35300099999999995	1.0
32005	0	0.18193686951849947	2.1014266650961226	0.008001	1.0
32014	1110	0.035211941682059975	0.21454403942388514	0.599001	1.0
32042	0	0.07128640907025435	0.5206467005229872	0.30400099999999997	1.0
32056	0	0.11080315860289065	0.9678901057268489	0.111001	1.0
32057	0	0.033724831811900294	0.20387417374100897	0.629001	1.0
32063	735	0.06203163654451334	0.43320705396494774	0.43500099999999997	1.0
32098	0	0.04341951636542226	0.27612712289399044	0.501001	1.0
32102	1987	0.05125952178985314	0.33929616653634864	0.459001	1.0
32106	349	0.07593779282416929	0.567003827162671	0.276001	1.0
32107	0	0.10584962411435017	0.9050399320512258	0.132001	1.0
32114	0	0.042121000461889074	0.2660773986699585	0.5620010000000001	1.0
32126	0	0.10419007093156836	0.8844289966521348	0.131001	1.0
32132	1604	0.08467795828909319	0.6585565745685137	0.205001	1.0
32141	0	0.006317753042607753	0.03285511933871793	0.9340010000000001	1.0
32143	0	0.07287409685243032	0.5362871236389997	0.29300099999999996	1.0
32169	1680	0.08545426150396203	0.6669721173390601	0.218001	1.0
32176	5	0.03820819353346641	0.2364940535889555	0.594001	1.0
32177	0	0.006283470279272365	0.032670463704980314	0.9220010000000001	1.0
32184	1708	0.01595356124496223	0.087581206092907	0.818001	1.0
32194	2212	0.019537434378016822	0.10940068378593887	0.7850010000000001	1.0
32199	1311	0.15863454060072713	1.6809625069396814	0.018001	1.0
32202	171	0.052924966498445	0.35327198073808525	0.460001	1.0
32213	0	0.11486228802642143	1.0208875780842548	0.10100100000000001	1.0
32217	0	0.03779552659843901	0.23343486920997164	0.591001	1.0
32221	1202	0.04200168818411503	0.26515982058914933	0.567001	1.0
32227	370	0.018586471544041607	0.10353220016209759	0.7970010000000001	1.0
32234	0	0.05644978836274104	0.3835030458659399	0.403001	1.0
32249	4235	0.009573967779606236	0.050715621128257345	0.885001	1.0
32251	1682	0.06500624108029751	0.4606216962897658	0.36600099999999997	1.0
32256	0	0.10678382973491972	0.9167404281103584	0.135001	1.0
32260	0	0.18487591814541765	2.1580103064828156	0.005001	1.0
32261	3682	0.05317646165968342	0.3553995646301823	0.454001	1.0
32264	4079	0.06873083113463385	0.49586738090457533	0.35200099999999995	1.0
32266	0	0.041522883440908584	0.2614873879624455	0.5460010000000001	1.0
32271	0	0.05015584059903788	0.3301427170948513	0.47400099999999995	1.0
32282	3145	0.09096817096401133	0.7280939486973668	0.181001	1.0
32283	1225	0.06018276655295845	0.41649337999503844	0.503001	1.0
32300	0	0.0	-0.0	1.0	1.0
32319	1179	0.0438568650566097	0.27953813674143285	0.514001	1.0
32321	1068	0.07613048997980831	0.5689595128526939	0.29000099999999995	1.0
32328	2246	0.0507240519996077	0.3348444614735656	0.443001	1.0
32331	1554	0.0129409201340566	0.06985997537006643	0.859001	1.0
32336	0	0.006156931248580724	0.0319895002352507	0.9340010000000001	1.0
32337	0	0.059481707624305324	0.4102208546319691	0.403001	1.0
32339	0	0.03254692742498728	0.19552780222676291	0.6580010000000001	1.0
32347	4683	0.06255059713069319	0.437943237184953	0.35700099999999996	1.0
32359	3831	0.01555749092723557	0.08521923257707728	0.824001	1.0
32388	0	0.04627132959610206	0.2986079661881108	0.520001	1.0
32397	0	0.0010974334892934262	0.005539157537340096	0.988001	1.0
32409	0	0.03353050979599991	0.20249087173524713	0.637001	1.0
32417	0	0.08155608551569135	0.6251833923106481	0.323001	1.0
32418	0	0.09301277693519942	0.7513629441969194	0.180001	1.0
32422	0	0.015340457392394275	0.08392909376067982	0.8070010000000001	1.0
32423	94	0.032473003991374864	0.1950070816009236	0.623001	1.0
32426	3282	0.07489142345452406	0.5564332593243861	0.273001	1.0
32437	3346	0.0	-0.0	1.0	1.0
32444	1902	0.04085200280185992	0.25636820715745595	0.577001	1.0
32450	0	0.014049977762402816	0.07631837653741505	0.830001	1.0
32452	297	0.12851547845918143	1.209183754276709	0.057001	1.0
32459	3416	0.067932754879868	0.48822873573797865	0.35800099999999996	1.0
32461	0	0.05426880875378365	0.36469284232225463	0.43200099999999997	1.0
32496	0	0.013552899327872462	0.07341433759447598	0.845001	1.0
32500	1611	0.0003863654437813169	0.0019421543828574807	0.991001	1.0
32506	1442	0.04649482877269295	0.30039370381962205	0.49200099999999997	1.0
32509	0	0.02331820983205627	0.13330091296796806	0.750001	1.0
32511	964	0.015650031738367466	0.08577022621733722	0.8110010000000001	1.0
32514	988	0.04502668230284529	0.28872698140267894	0.525001	1.0
32521	0	0.03526593379484238	0.21493421892067321	0.599001	1.0
32523	1186	0.06609167896875079	0.470787273123635	0.325001	1.0
32534	182	0.05425519163927677	0.36457646896482027	0.41500099999999995	1.0
32540	0	0.05922111339752117	0.40789835090188653	0.405001	1.0
32549	0	0.04096773507953153	0.2572491040471707	0.5370010000000001	1.0
32552	4548	0.0	-0.0	1.0	1.0
32568	0	0.0466951831977764	0.3019974793519679	0.503001	1.0
32571	1034	0.043400941067450724	0.27598254124640825	0.514001	1.0
32583	3145	0.04232656962970708	0.2676606379717122	0.5430010000000001	1.0
32584	0	0.03209856018702986	0.19237506466793114	0.6580010000000001	1.0
32593	0	0.00988800894720131	0.052472005705650505	0.857001	1.0
32596	0	0.0359915465143511	0.22019696118474724	0.597001	1.0
32612	2055	0.026840592827738104	0.15639452070591853	0.710001	1.0
32638	3135	0.1120011568338543	0.9833909117775967	0.109001	1.0
32641	3520	0.10517922752713298	0.8966870877876956	0.11700100000000001	1.0
32642	0	0.05326054448136336	0.3561118878936099	0.443001	1.0
32645	297	0.13419472334860555	1.2921335954796087	0.053001	1.0
32658	4083	0.04290707431019679	0.27214724497840603	0.5490010000000001	1.0
32664	0	0.02950203973107781	0.17437945871020663	0.6590010000000001	1.0
32670	0	0.004734256780345677	0.024399106003402705	0.953001	1.0
32690	0	0.009377928241098035	0.04962223517004418	0.886001	1.0
32697	1657	0.17127250652413095	1.9028427295731496	0.014001	1.0
32711	4074	0.00741317292870039	0.03879235858569654	0.9200010000000001	1.0
32715	1905	0.02358751301981538	0.1350382232829603	0.748001	1.0
32729	0	0.04357507584074538	0.27733886277913067	0.521001	1.0
32735	2918	0.02990185657173028	0.17712143362543387	0.6850010000000001	1.0
32741	0	0.06435389730618435	0.45455396746769616	0.36400099999999996	1.0
32743	3340	0.03733538876968974	0.23003738938650403	0.603001	1.0
32746	425	0.062112039478226744	0.4339395460698571	0.376001	1.0
32747	0	0.0	-0.0	1.0	1.0
32749	0	0.0017481284446204531	0.008856560465521277	0.980001	1.0
32754	0	0.11348165169934914	1.0027095429112889	0.105001	1.0
32756	2639	0.07030697027214769	0.5110923078139286	0.42300099999999996	1.0
32772	4685	0.00604012850070388	0.031361780554631465	0.9320010000000001	1.0
32776	0	0.004007632390284913	0.02056870211581877	0.956001	1.0
32777	0	0.008756351272620009	0.04617085773596665	0.886001	1.0
32779	0	0.04449420062749876	0.28453260718820717	0.525001	1.0
32782	3682	0.040791291610883226	0.2559064705491196	0.5350010000000001	1.0
32787	0	0.010336257885772596	0.05498937456773693	0.882001	1.0
32803	0	0.0040920959242306335	0.021012347462207724	0.955001	1.0
32821	0	0.007015882242422651	0.03663071081110388	0.9180010000000001	1.0
32822	0	0.068479794165857	0.49345952520128544	0.327001	1.0
32832	171	0.09721478994397922	0.8002203949436747	0.158001	1.0
32842	917	0.045879786597180706	0.29548796727934423	0.505001	1.0
32848	0	0.02746501224195874	0.16057245377023102	0.705001	1.0
32852	0	0.05808687620280732	0.3978469132890269	0.400001	1.0
32854	0	0.015945777122952705	0.0875346910849216	0.820001	1.0
32869	0	0.005370248867316901	0.02777743135120321	0.939001	1.0
32885	0	0.055689997661604464	0.3769114090065421	0.41500099999999995	1.0
32886	2946	0.09601255201291743	0.7860989608193728	0.179001	1.0
32890	0	0.033131104447953925	0.1996555819952803	0.630001	1.0
32891	3274	0.057160823503173794	0.38970928702356467	0.400001	1.0
32892	746	0.1134787114435808	1.002670997721368	0.102001	1.0
32893	0	0.07015936886642538	0.5096586742399467	0.29700099999999996	1.0
32896	0	0.022570241607851142	0.12850012070169353	0.752001	1.0
32897	0	0.041492569106188065	0.2612554071125238	0.5380010000000001	1.0
32905	0	0.051659529746980355	0.3426349344827536	0.47600099999999995	1.0
32915	0	0.0	-0.0	1.0	1.0
32941	0	0.0	-0.0	1.0	1.0
32947	392	0.0	-0.0	1.0	1.0
32948	0	0.08468003686190415	0.658579045162563	0.232001	1.0
32962	0	0.0605183737539622	0.419508763583645	0.36500099999999996	1.0
32997	0	0.06693223569908462	0.4787191831781298	0.43400099999999997	1.0
33004	2738	0.031351661790469186	0.18715283603661012	0.648001	1.0
33005	0	0.05311172625353208	0.35485148958158985	0.464001	1.0
33014	0	0.05005856283376916	0.3293400637418634	0.590001	1.0
33023	734	0.1855153982212837	2.170428861338737	0.010001	1.0
33027	0	0.02059419023724053	0.11598922388513423	0.744001	1.0
33070	0	0.0	-0.0	1.0	1.0
33072	3387	0.10821015828883435	0.9347411757653225	0.111001	1.0
33080	0	0.017657406440654465	0.09785394720378039	0.817001	1.0
33097	0	0.04841057501313304	0.31584355408096315	0.48600099999999996	1.0
33098	1618	0.018586471544041607	0.10353220016209759	0.7970010000000001	1.0
33102	0	0.003996205470635422	0.020508714511170967	0.952001	1.0
33109	2709	0.0	-0.0	1.0	1.0
33114	887	0.030725693608620066	0.1828046259630163	0.6640010000000001	1.0
33115	0	0.11176278402156065	0.9802972544049934	0.104001	1.0
33120	0	0.06294653018685618	0.44156987888860555	0.35100099999999995	1.0
33130	370	0.030521718102977394	0.1813933366990656	0.646001	1.0
33151	1343	0.009306305963551045	0.04922335192416354	0.9070010000000001	1.0
33159	988	0.06732521751256954	0.482445481496247	0.329001	1.0
33165	0	0.0827843155106791	0.6382237533433139	0.243001	1.0
33166	0	0.10124012434506245	0.8483401325417433	0.146001	1.0
33170	0	0.015724339791849173	0.08621304717277196	0.815001	1.0
33171	0	0.052867131282059526	0.35278334636171765	0.453001	1.0
33173	0	0.03766562373807701	0.23247426320261394	0.606001	1.0
33186	0	0.0865301850587887	0.6787129012821377	0.197001	1.0
33189	0	0.04176253460386978	0.2633235433240444	0.5530010000000001	1.0
33196	0	0.018586471544041607	0.10353220016209759	0.7970010000000001	1.0
33202	0	0.10437307937884313	0.8866909648967627	0.162001	1.0
33220	0	0.0821259749169315	0.6312196028395716	0.245001	1.0
33224	0	0.07252977625626321	0.5328791401413753	0.28700099999999995	1.0
33225	0	0.00407945298364757	0.020945913488008894	0.958001	1.0
33228	0	0.03235824291086867	0.19419941899678841	0.634001	1.0
33245	742	0.022655140102185244	0.12904323031142556	0.741001	1.0
33248	0	0.024467983253583094	0.14075086285012928	0.714001	1.0
33249	0	0.018471578322729512	0.10282705024619306	0.8070010000000001	1.0
33274	1877	0.029755433744350898	0.17611603206200235	0.6750010000000001	1.0
33285	3323	0.08480720979770019	0.6599544948561019	0.236001	1.0
33290	0	0.07654294331474204	0.5731549616117642	0.268001	1.0
33292	425	0.028188775247955544	0.16544696939167233	0.6830010000000001	1.0
33296	0	0.02889572074312997	0.17024135421867428	0.6800010000000001	1.0
33306	3125	0.037995006905528574	0.2349122146414497	0.606001	1.0
33322	4666	0.14212991422740404	1.412662950284988	0.041001	1.0
33338	0	0.028379676796315888	0.16673840042900712	0.6860010000000001	1.0
33357	0	0.031852462173089555	0.1906502841605002	0.6600010000000001	1.0
33362	0	0.10067958142971549	0.8415616451126313	0.148001	1.0
33377	1956	0.09077919977030507	0.7259599045806463	0.17100100000000001	1.0
33401	3043	0.07368170484521075	0.5443155522075349	0.394001	1.0
33406	0	0.04234366968801839	0.2677924691320507	0.5540010000000001	1.0
33415	2789	0.05742603383837426	0.39203348565893026	0.42300099999999996	1.0
33418	0	0.04536887200406775	0.29143281046133085	0.504001	1.0
33446	0	0.09761755270775413	0.8049769156208624	0.166001	1.0
33456	985	0.09106766818816481	0.7292186923796404	0.198001	1.0
33470	0	0.0038737160941207244	0.01986616971092597	0.958001	1.0
33480	4317	0.055028744977116434	0.3712083519632128	0.391001	1.0
33487	742	0.07937739101594288	0.6023363907116358	0.240001	1.0
33492	0	0.03764835090682109	0.23234662019041732	0.621001	1.0
33506	2816	0.034309801492808094	0.20805358880183056	0.715001	1.0
33507	0	0.013078217412780285	0.07065538608679495	0.863001	1.0
33511	0	0.07163548247343186	0.5240692425438052	0.29000099999999995	1.0
33514	0	0.09306642888096935	0.7519779680053847	0.194001	1.0
33519	0	0.1271284849218633	1.1893417208773422	0.062001	1.0
33527	3572	0.05005856283376916	0.3293400637418634	0.590001	1.0
33531	0	0.06693223569908462	0.4787191831781298	0.43400099999999997	1.0
33547	0	0.06105870745545159	0.42438079798193723	0.376001	1.0
33548	3309	0.039431407655593415	0.24562999318387232	0.574001	1.0
33549	0	0.038105541840153606	0.23573199571979706	0.581001	1.0
33553	0	0.040845838570722603	0.2563213138194982	0.604001	1.0
33555	572	0.0	-0.0	1.0	1.0
33581	297	0.07220791990850464	0.5297015493501092	0.29300099999999996	1.0
33583	0	0.07071216515596325	0.5150362757167943	0.275001	1.0
33592	3349	0.04079512136145665	0.25593559010732997	0.5500010000000001	1.0
33596	0	0.0	-0.0	1.0	1.0
33603	4688	0.0	-0.0	1.0	1.0
33615	0	0.006156687340918664	0.03198818858163591	0.9260010000000001	1.0
33622	1343	0.08782570462533235	0.6929692759302728	0.199001	1.0
33627	0	0.08471900442957815	0.6590003693115958	0.214001	1.0
33675	429	0.07560322203889427	0.5636149417597639	0.29700099999999996	1.0
33677	1530	0.0024584630575642703	0.012506270919639469	0.965001	1.0
33684	0	0.06015955814794373	0.416285158319173	0.385001	1.0
33725	0	0.07660981010118778	0.5738363410448923	0.268001	1.0
33734	4141	0.03280511642437288	0.1973493544236587	0.610001	1.0
33740	3135	0.0842352253779975	0.6537779819043557	0.210001	1.0
33759	0	0.16454287790691707	1.782894952424251	0.016001	1.0
33771	0	0.050329159073190834	0.33157444844881984	0.465001	1.0
33772	994	0.09407913337304809	0.7636293962911122	0.164001	1.0
33776	1120	0.08077477967357807	0.616948385983786	0.238001	1.0
33777	0	0.017677629012345826	0.09797696509468848	0.8070010000000001	1.0
33783	742	0.0	-0.0	1.0	1.0
33819	1223	0.015964778435469354	0.08764824248622224	0.826001	1.0
33828	0	0.0	-0.0	1.0	1.0
33835	0	0.028814037492321844	0.16968571623952572	0.705001	1.0
33844	0	0.018586471544041607	0.10353220016209759	0.7970010000000001	1.0
33858	0	0.029295921174018844	0.17296999432748514	0.6810010000000001	1.0
33861	4614	0.055278894497721415	0.3733621136269208	0.398001	1.0
33902	0	0.12519017823867096	1.1618848156994652	0.068001	1.0
33916	0	0.006233619485862138	0.03240207999517056	0.9180010000000001	1.0
33927	0	0.03166577768593064	0.18934458696689654	0.651001	1.0
33929	0	0.0302659601808677	0.1796276544931171	0.6750010000000001	1.0
33931	1475	0.02976474603680386	0.17617993215066308	0.6670010000000001	1.0
33940	3634	0.026732333842456997	0.15567275679739057	0.696001	1.0
33949	0	0.04696741816687668	0.3041811277002611	0.49800099999999997	1.0
33955	0	0.03793399506748949	0.23446007616977635	0.594001	1.0
33957	4691	0.003441242707972088	0.017604618700061667	0.959001	1.0
33959	4692	0.020837635682245306	0.11751708546534896	0.760001	1.0
33960	4693	0.07130081135058015	0.5207877294134553	0.29300099999999996	1.0
33966	0	0.025051866027745198	0.14456679736417752	0.698001	1.0
33972	0	0.02865516446618546	0.16860626132303758	0.6810010000000001	1.0
33995	0	0.0	-0.0	1.0	1.0
34004	3370	0.018755013146002975	0.10456812060223589	0.7920010000000001	1.0
34008	1758	0.15859605638356541	1.680308838098998	0.015000999999999999	1.0
34010	0	0.06398954177552191	0.4511785550567049	0.35300099999999995	1.0
34015	0	0.01078600288164969	0.057527437206921286	0.863001	1.0
34037	0	0.12978524474782116	1.2274915854098383	0.065001	1.0
34045	52	0.03290962039640953	0.19808790427704118	0.620001	1.0
34065	913	0.04326577672810255	0.274931201369917	0.5380010000000001	1.0
34070	0	0.016741767755219045	0.09231082843557527	0.8060010000000001	1.0
34099	370	0.03556233722332307	0.21707970019301473	0.592001	1.0
34116	1802	0.009988916943630667	0.053037640187997184	0.892001	1.0
34125	994	0.01481585323854121	0.0808227258460479	0.815001	1.0
34130	0	0.16122076796756332	1.7251946438438512	0.013000999999999999	1.0
34151	4079	0.07313892532410984	0.5389143776414393	0.29600099999999996	1.0
34189	887	0.016677183002002986	0.09192182742601347	0.7830010000000001	1.0
34209	1729	0.06172339822570868	0.43040329383701537	0.36200099999999996	1.0
34214	0	0.0050664733154335805	0.026160809720436454	0.9370010000000001	1.0
34233	0	0.04816925107561583	0.3138832089135659	0.47500099999999995	1.0
34277	1450	0.08720003930930542	0.686067928529404	0.204001	1.0
34278	38	0.013136135960896397	0.07099127662750832	0.839001	1.0
34292	0	0.11496643721930438	1.0222652213434662	0.112001	1.0
34311	0	0.092805200759235	0.748985589765078	0.197001	1.0
34313	2052	0.038126328728783174	0.2358862540836711	0.579001	1.0
34326	0	0.03739196741028732	0.23045437079926268	0.582001	1.0
34340	2806	0.0	-0.0	1.0	1.0
34355	3531	0.051469829107918474	0.34105013684159746	0.456001	1.0
34363	4599	0.0690712248990462	0.49913979845479395	0.332001	1.0
34382	0	0.0024471279307619713	0.012447798819965905	0.967001	1.0
34403	918	0.008724099988964534	0.04599241652578402	0.9060010000000001	1.0
34404	0	0.02581630004648722	0.14959608771723445	0.717001	1.0
34416	2339	0.04849916812868625	0.3165642474994518	0.47900099999999995	1.0
34457	887	0.04437192771220906	0.28357223608035015	0.5510010000000001	1.0
34470	0	0.029981372631748632	0.17766801707907423	0.6670010000000001	1.0
34471	0	0.02399194297118304	0.13765602590586287	0.759001	1.0
34472	0	0.01214439518767413	0.06526831135006007	0.865001	1.0
34473	1357	0.05117582119313756	0.3385989718873229	0.455001	1.0
34480	0	0.05005856283376916	0.3293400637418634	0.590001	1.0
34481	0	0.06665856366786599	0.4761309442481688	0.35100099999999995	1.0
34482	0	0.06684819795184326	0.4779238111760778	0.35700099999999996	1.0
34488	0	0.032873666611553706	0.19783372976386462	0.6570010000000001	1.0
34500	3682	0.11866749808540246	1.0718036035754996	0.081001	1.0
34524	2709	0.06740598161287498	0.48321271250591447	0.36600099999999997	1.0
34529	0	0.02893563052691281	0.17051299388794466	0.6660010000000001	1.0
34535	0	0.06299956679222964	0.4420565514217042	0.35400099999999995	1.0
34541	0	0.054336280280334034	0.36526965682517415	0.43600099999999997	1.0
34546	977	0.08287188395407488	0.6391579154014734	0.232001	1.0
34549	0	0.04819184440278778	0.31406656780008907	0.499001	1.0
34570	4136	0.07934930694465461	0.6020442555465522	0.256001	1.0
34585	0	0.1489183770114734	1.520111648575683	0.030001	1.0
34587	0	0.03359998308318346	0.20298513490276282	0.622001	1.0
34593	3657	0.1034053239831952	0.8747602257638911	0.130001	1.0
34598	367	0.03894284412995091	0.24196879728791343	0.589001	1.0
34601	0	0.01074186227108145	0.057277791252682314	0.877001	1.0
34603	0	0.0	-0.0	1.0	1.0
34604	4138	0.013331368578031508	0.07212502439942671	0.838001	1.0
34608	1397	0.019915326185007146	0.11174858043702494	0.775001	1.0
34609	0	0.13495440439297382	1.3034380257121163	0.041001	1.0
34612	0	0.042169190621601446	0.266448285566158	0.529001	1.0
34619	1756	0.06728153432281733	0.48203070764260136	0.34600099999999995	1.0
34631	0	0.15396682215893406	1.6026434192290246	0.020001	1.0
34643	0	0.07697476994979763	0.5775612969460633	0.28300099999999995	1.0
34661	1093	0.04272882879522394	0.27076714959871195	0.5610010000000001	1.0
34665	1525	0.019527204211956625	0.10933724807982234	0.754001	1.0
34698	0	0.041829136817532565	0.263834535751091	0.5480010000000001	1.0
34701	4268	0.016737595574111433	0.09228569104522576	0.8120010000000001	1.0
34703	1283	0.01454290797834279	0.07921328023595017	0.838001	1.0
34709	932	0.02938649877851642	0.17358903087735444	0.6610010000000001	1.0
34710	935	0.06464531969359158	0.45726074402636163	0.35900099999999996	1.0
34712	612	0.0	-0.0	1.0	1.0
34728	0	0.0019206742637220692	0.009740388444402658	0.981001	1.0
34736	3708	0.06500955225619888	0.46065257481613536	0.35800099999999996	1.0
34741	3030	0.07357554363851038	0.543257402878056	0.30000099999999996	1.0
34747	0	0.051680556377701053	0.34281075223262	0.46900099999999995	1.0
34754	1096	0.0	-0.0	1.0	1.0
34767	3162	0.03000545119073409	0.1778336123417619	0.6770010000000001	1.0
34771	2350	0.03967161056466583	0.24743599148403048	0.581001	1.0
34782	1674	0.02087524260263241	0.11775344257839794	0.741001	1.0
34784	0	0.049321593515308064	0.3232808905535095	0.49100099999999997	1.0
34788	0	0.07964830813506395	0.6051576084861284	0.255001	1.0
34795	0	0.030405847917887294	0.1805928654962602	0.6580010000000001	1.0
34825	0	0.0	-0.0	1.0	1.0
34826	4569	0.09168028923488059	0.7361610463280539	0.240001	1.0
34845	0	0.006216687321791536	0.03231095539545324	0.938001	1.0
34857	0	0.034023982691294585	0.20600864666841634	0.637001	1.0
34868	3883	0.007871630705947957	0.04129859681321221	0.893001	1.0
34875	1442	0.07361535128823257	0.5436540815212966	0.323001	1.0
34915	0	0.027759690576617188	0.1625529645180486	0.692001	1.0
34916	0	0.0935973195228281	0.7580759130882908	0.159001	1.0
34917	4480	0.010774667754847395	0.057463317815541884	0.872001	1.0
34926	0	0.046677716715999296	0.30185755406050147	0.47700099999999995	1.0
34928	0	0.1060388517769282	0.9074042091088127	0.118001	1.0
34936	0	0.07164877627154864	0.5241997639163485	0.29100099999999995	1.0
34944	4237	0.05310813149120837	0.3548210636736444	0.42800099999999996	1.0
34974	0	0.03674275618629442	0.22568273683603343	0.617001	1.0
34998	0	0.06984340492773515	0.5065952207429847	0.322001	1.0
35001	499	0.08020436012813208	0.6109656718039062	0.245001	1.0
35006	0	0.03372869968073694	0.20390173319790494	0.631001	1.0
35007	0	0.025520206822967264	0.14764356367053044	0.713001	1.0
35009	0	0.012817719362328325	0.06914721883823907	0.852001	1.0
35013	0	0.013486307455886519	0.07302645320862616	0.855001	1.0
35021	0	0.04745639754560485	0.3081163307308157	0.47700099999999995	1.0
35023	1036	0.0	-0.0	1.0	1.0
35025	297	0.002187679472842735	0.011111496383964777	0.978001	1.0
35030	182	0.0	-0.0	1.0	1.0
35047	1253	0.07448068385583587	0.5523065211900466	0.28200099999999995	1.0
35066	0	0.01937250403143632	0.10837878354881562	0.774001	1.0
35077	611	0.016144426852928224	0.08872293086099747	0.8090010000000001	1.0
35107	0	0.015527980351409253	0.08504363698982499	0.828001	1.0
35119	0	0.02150648683300732	0.12173422670029002	0.769001	1.0
35125	0	0.01994350076134172	0.11192399585746549	0.7840010000000001	1.0
35147	1180	0.04143326305760656	0.2608017492332632	0.5370010000000001	1.0
35151	0	0.0	-0.0	1.0	1.0
35171	4432	0.07848745553886091	0.5931083930269851	0.270001	1.0
35189	0	0.07805494261913112	0.5886453383601378	0.254001	1.0
35192	0	0.03034965850092878	0.1802050089895408	0.688001	1.0
35195	0	0.07029164021809318	0.510943333289574	0.338001	1.0
35244	0	0.048581094016099155	0.31723119426074964	0.47400099999999995	1.0
35247	0	0.06233335711530174	0.4359582475184405	0.36000099999999996	1.0
35251	0	0.02639704127455418	0.15344220138345185	0.6820010000000001	1.0
35252	0	0.07368170484521075	0.5443155522075349	0.394001	1.0
35255	1158	0.06298756935517193	0.44194644296089375	0.37000099999999997	1.0
35263	1222	0.05005856283376916	0.3293400637418634	0.590001	1.0
35264	0	0.08065688236546165	0.6157098047629115	0.236001	1.0
35271	1008	0.03031428102492751	0.17996091724139457	0.6610010000000001	1.0
35276	3850	0.09698688671171907	0.7975346339713686	0.150001	1.0
35297	2645	0.0	-0.0	1.0	1.0
35298	0	0.003708385993673978	0.01900029939347901	0.956001	1.0
35317	915	0.09261861711073835	0.746851557199445	0.189001	1.0
35327	0	0.05815151276126732	0.3984172132380267	0.380001	1.0
35328	0	0.034646314575030826	0.21046824798034625	0.616001	1.0
35337	946	0.0076852159719554315	0.04027800407626325	0.9100010000000001	1.0
35340	0	0.0	-0.0	1.0	1.0
35358	0	0.02313497195031177	0.13212148776742433	0.723001	1.0
35360	1040	0.1353954829441948	1.3100241857205854	0.053001	1.0
35364	0	0.0022966784888245745	0.01167242086669784	0.961001	1.0
35370	3318	0.012391247029403356	0.06668714875082092	0.864001	1.0
35371	0	0.05245150918078546	0.34927886242482076	0.449001	1.0
35379	0	0.0	-0.0	1.0	1.0
35382	0	0.0	-0.0	1.0	1.0
35414	0	0.0007013083144601188	0.0035316953935660375	0.997001	1.0
35417	0	0.035764665540691326	0.21854762457280608	0.594001	1.0
35420	0	0.08829103493312793	0.6981218278307268	0.233001	1.0
35430	0	0.052504241221270224	0.34972281358791457	0.43200099999999997	1.0
35431	3418	0.0	-0.0	1.0	1.0
35433	0	0.11192869667325916	0.9824500142668892	0.059001	1.0
35445	0	0.026148441185453064	0.1517930970540705	0.6830010000000001	1.0
35455	0	0.026322683351994187	0.15294852201198672	0.719001	1.0
35457	0	0.027386891320200578	0.16004836074382753	0.6850010000000001	1.0
35461	3228	0.026435420822327537	0.15369715282427715	0.764001	1.0
35467	2585	0.06703638723050664	0.47970564645487634	0.323001	1.0
35469	0	0.02645742042355052	0.1538433371704278	0.692001	1.0
35482	1900	0.05835667893992059	0.4002294307964738	0.394001	1.0
35486	20	0.06622518224588106	0.4720435887935874	0.335001	1.0
35491	4703	0.06617559278075875	0.47157677977992213	0.330001	1.0
35493	4599	0.05620207760284162	0.3813494525972468	0.384001	1.0
35506	3556	0.04645064884840973	0.3000404340494803	0.526001	1.0
35513	0	0.06441492557239169	0.4551202907328737	0.341001	1.0
35535	0	0.01696565405093248	0.09366134201498935	0.823001	1.0
35540	3708	0.03356526106317926	0.20273806704403258	0.607001	1.0
35560	0	0.08656072069052026	0.6790474254498544	0.211001	1.0
35569	2616	0.06543202189874799	0.4645989586711144	0.329001	1.0
35574	2163	0.10636002984354356	0.9114237619205396	0.129001	1.0
35575	0	0.0	-0.0	1.0	1.0
35578	2361	0.08577920180562777	0.6705084976722535	0.200001	1.0
35589	0	0.03708419685140559	0.22818873552100272	0.576001	1.0
35614	0	0.018885635760436108	0.10537221004348292	0.780001	1.0
35615	0	0.0752908829813477	0.5604588856244749	0.28900099999999995	1.0
35620	0	0.006110878001458472	0.03174190428693947	0.9370010000000001	1.0
35631	0	0.04925158224352824	0.3227072653556715	0.47500099999999995	1.0
35637	0	0.000602822133332518	0.0030340088596279386	0.995001	1.0
35641	2001	0.12372724348820913	1.1413711646435436	0.062001	1.0
35644	4072	0.13141694122873124	1.2512188055844304	0.052001	1.0
35647	4498	0.07593509287875204	0.5669764453597276	0.270001	1.0
35658	0	0.035952313001952736	0.21991150078502128	0.592001	1.0
35688	1120	0.042897238695134066	0.2720710339893738	0.524001	1.0
35694	2246	0.06967085878266076	0.5049254284734467	0.30100099999999996	1.0
35700	0	0.05674364477228447	0.38606354899726575	0.395001	1.0
35709	1730	0.033783248794782145	0.20429051473950247	0.632001	1.0
35715	0	0.06494474449871873	0.46004835371530406	0.339001	1.0
35717	0	0.0	-0.0	1.0	1.0
35748	0	5.2897258410695286e-05	0.00026538893656899654	1.0	1.0
35750	0	0.07266099357160741	0.5341768403335893	0.336001	1.0
35760	0	0.022000193956369898	0.12486539333188536	0.749001	1.0
35771	3966	0.0239810074355916	0.13758510349578598	0.716001	1.0
35776	3387	0.002688090331603065	0.013692423084123781	0.958001	1.0
35777	1205	0.0	-0.0	1.0	1.0
35783	0	0.0	-0.0	1.0	1.0
35793	3730	0.035373050252806675	0.21570888697140497	0.6570010000000001	1.0
35797	1890	0.09554665810862924	0.7806574271462722	0.170001	1.0
35801	0	0.07758780007154557	0.5838409364116011	0.30400099999999997	1.0
35813	0	0.04466832379718659	0.28590201606455085	0.5420010000000001	1.0
35825	0	0.015225321355432083	0.0832458667659873	0.825001	1.0
35828	0	0.008724099988964534	0.04599241652578402	0.9060010000000001	1.0
35830	0	0.04610873336060288	0.29731102593011655	0.517001	1.0
35841	0	0.023718093232559995	0.13588229381771028	0.732001	1.0
35847	0	0.022460359934900594	0.12779787569706477	0.743001	1.0
35854	0	0.10184334960548294	0.8556629190536544	0.156001	1.0
35857	4433	0.06644130387352909	0.47408016443654516	0.35600099999999996	1.0
35870	349	0.033247348742075265	0.20047967569704317	0.642001	1.0
35893	0	0.008588571339624401	0.04524324499597838	0.905001	1.0
35897	612	0.07968220823199998	0.6055110246052622	0.254001	1.0
35901	0	0.07571445994656131	0.5647407364455168	0.264001	1.0
35903	1619	2.267023219042208e-05	0.00011371815978012867	0.999001	1.0
35905	3055	0.004865251421856693	0.02509297250296971	0.943001	1.0
35910	0	0.0002040320254712586	0.001024535204413832	0.996001	1.0
35921	1370	0.027250904291248736	0.1591370099060853	0.6870010000000001	1.0
35924	0	0.05302279717816932	0.3540990679483663	0.441001	1.0
35926	4596	0.06995501621614714	0.5076765063058408	0.29700099999999996	1.0
35931	0	0.1482852059878005	1.5099191624688941	0.031001	1.0
35932	0	0.027172817862166253	0.15861424005694671	0.699001	1.0
35941	0	0.041384617319047204	0.2604298169584563	0.5590010000000001	1.0
35976	0	0.05343913872213776	0.3576265529579653	0.46900099999999995	1.0
35980	0	0.05095895172751372	0.3367948369432072	0.47300099999999995	1.0
35987	0	0.11201055505565909	0.983512979531637	0.083001	1.0
35994	2234	0.02791050326419657	0.16356876226267958	0.6690010000000001	1.0
35995	3740	0.01624579722294161	0.0893302355251901	0.838001	1.0
35996	0	0.024521744747831795	0.14110129694990062	0.6800010000000001	1.0
36002	0	0.02530036040270671	0.14619751182927024	0.711001	1.0
36010	0	0.10601343015362436	0.90708641374006	0.131001	1.0
36011	3556	0.0516998727514894	0.34297229699848714	0.446001	1.0
36020	1689	0.0	-0.0	1.0	1.0
36029	392	0.0007679957092557033	0.0038690112098138554	0.991001	1.0
36036	2584	0.0038961061265871825	0.01998355533238037	0.959001	1.0
36038	171	0.022355388971191232	0.12712773733920693	0.745001	1.0
36043	0	0.0031196846813812996	0.015930226992512914	0.970001	1.0
36045	3196	0.00994468458121273	0.05278962183864364	0.884001	1.0
36062	1727	0.06367570454115423	0.44827896033026254	0.37200099999999997	1.0
36084	985	0.05586224510784728	0.3784021253538955	0.41100099999999995	1.0
36092	3485	0.046718955845368046	0.3021879580300273	0.521001	1.0
36099	0	0.036639799783293577	0.22492863597353435	0.593001	1.0
36114	4705	0.03220179522993273	0.1930997869088377	0.654001	1.0
36120	0	0.03502198424360127	0.2131728496455336	0.619001	1.0
36137	350	0.026140894011687104	0.15174309526620694	0.6850010000000001	1.0
36154	2459	0.0	-0.0	1.0	1.0
36174	0	0.00943082549950873	0.04991703346484649	0.888001	1.0
36178	3128	0.030935066919745003	0.18425612420474294	0.731001	1.0
36182	4706	0.07094663106493743	0.5173240543272312	0.30600099999999997	1.0
36187	0	0.06701830748929742	0.47953434798527667	0.343001	1.0
36195	1065	0.03919538031392065	0.24385922168776533	0.567001	1.0
36197	0	0.09033735290328479	0.7209810696292182	0.200001	1.0
36211	4707	0.036099181424434634	0.22098063826657025	0.606001	1.0
36232	0	0.04081424630352934	0.25608102188839377	0.5360010000000001	1.0
36253	0	0.021971254118446824	0.12468142251455691	0.756001	1.0
36256	529	0.0005624557621771813	0.002830185728706414	0.998001	1.0
36269	2634	0.04899499861589213	0.32060793973730245	0.48900099999999996	1.0
36289	0	0.15281136333879466	1.583555218984582	0.024001	1.0
36293	2647	0.0403606081673687	0.2526381695195711	0.5590010000000001	1.0
36295	0	0.01991327379460523	0.11173580418504948	0.774001	1.0
36298	920	0.09300718910134076	0.7512989026953272	0.182001	1.0
36314	0	0.012134882971122694	0.06521371256096847	0.859001	1.0
36333	1671	0.039848150528005444	0.24876584140658697	0.5560010000000001	1.0
36353	1644	0.0	-0.0	1.0	1.0
36359	4631	0.08550463984530554	0.6675198575260416	0.231001	1.0
36361	0	0.07368170484521075	0.5443155522075349	0.394001	1.0
36368	0	0.028394876239524858	0.1668413259117898	0.6740010000000001	1.0
36374	0	0.0036312563200621203	0.01859690600716834	0.961001	1.0
36375	0	0.07088257438171268	0.5166986194093521	0.274001	1.0
36382	0	0.05527275458153218	0.3733091959248976	0.41300099999999995	1.0
36388	887	0.1031367643105795	0.8714627349382992	0.144001	1.0
36390	0	0.0750593239785613	0.5581238388103427	0.29200099999999996	1.0
36408	0	0.014325081361032624	0.07793216162515476	0.824001	1.0
36409	874	0.0683216876303475	0.49194542771171046	0.333001	1.0
36414	0	0.0347175203210855	0.2109801601967525	0.595001	1.0
36422	0	0.06084222935479861	0.4224263258060014	0.390001	1.0
36444	0	0.028837785723551723	0.16984721481110635	0.713001	1.0
36452	1604	0.019959784627401327	0.11202540246488749	0.753001	1.0
36453	1147	0.00316627476564656	0.016172450145469	0.965001	1.0
36456	0	0.042484600394474936	0.26887972684295114	0.5350010000000001	1.0
36463	0	0.0668604437284667	0.4780396783337709	0.337001	1.0
36475	0	0.0028122788108859076	0.014335215013989032	0.978001	1.0
36476	1835	0.06285195929056339	0.4407025918653799	0.377001	1.0
36480	1758	0.03848096391999427	0.2385225033220115	0.5570010000000001	1.0
36492	0	0.19047272892751144	2.2680034658481714	0.006001	1.0
36495	1444	0.04770319133795888	0.3101088270442039	0.500001	1.0
36496	1299	0.03962932459106236	0.24711777315865302	0.587001	1.0
36503	0	0.021096195897442795	0.11914393953668792	0.754001	1.0
36505	0	0.0	-0.0	1.0	1.0
36508	0	0.061462437678590436	0.4280349950188801	0.36700099999999997	1.0
36521	1328	0.03729760501368213	0.22975904591829044	0.592001	1.0
36538	2709	0.07043301557493908	0.5123178570328307	0.320001	1.0
36540	0	0.05590959622272116	0.378812298871457	0.404001	1.0
36547	0	0.08762106486171822	0.6907086618065522	0.201001	1.0
36557	0	0.04066948706781714	0.2549808521520845	0.5600010000000001	1.0
36566	0	0.10286780740581071	0.8681661875131305	0.131001	1.0
36568	0	0.08532946764014293	0.66561613846773	0.249001	1.0
36571	0	0.03608344154167607	0.22086598928791593	0.609001	1.0
36591	1202	0.09203957526834063	0.7402462666533455	0.197001	1.0
36613	0	0.044729669820386314	0.2863849788636906	0.49400099999999997	1.0
36618	2763	0.07966638826776008	0.6053460870006059	0.243001	1.0
36621	988	0.1103580999290586	0.9621614518138355	0.119001	1.0
36624	0	0.017436128627492626	0.09650954929910566	0.871001	1.0
36628	0	0.05130026499011613	0.3396357216196605	0.455001	1.0
36633	1059	0.0001658857556137705	0.0008328025007694034	0.999001	1.0
36639	0	0.05861296607546607	0.40249747014120857	0.42100099999999996	1.0
36640	0	0.029553317157644466	0.17473053457649507	0.6810010000000001	1.0
36658	913	0.08298320386106191	0.6403463054620904	0.231001	1.0
36660	0	0.04685991279105588	0.30331818823708595	0.49800099999999997	1.0
36666	3026	0.0	-0.0	1.0	1.0
36670	0	0.10851388040484214	0.9385956146651316	0.107001	1.0
36679	0	0.04301251183960303	0.27296464393371245	0.5450010000000001	1.0
36682	522	0.04749513803426991	0.30842882100861335	0.49500099999999997	1.0
36687	4278	0.061644197926476366	0.42968400129273354	0.36700099999999997	1.0
36694	0	0.00383756531858594	0.019676702265073932	0.953001	1.0
36695	0	0.09224080675030154	0.7425387794445318	0.182001	1.0
36699	0	0.05516050539556412	0.3723422370418831	0.43200099999999997	1.0
36705	0	0.0039371903352402714	0.020199027084963114	0.966001	1.0
36719	0	0.05691736978901171	0.3875802150524065	0.41600099999999995	1.0
36725	0	0.0235777820222429	0.13497536606562413	0.721001	1.0
36747	4714	0.07368170484521075	0.5443155522075349	0.394001	1.0
36752	4501	0.13091389882163987	1.243879704419348	0.053001	1.0
36753	4101	0.05225359710579865	0.3476144022228043	0.46900099999999995	1.0
36760	2946	0.03950689431152858	0.24619712582881098	0.574001	1.0
36775	0	0.06702655687594147	0.4796125046931031	0.34400099999999995	1.0
36779	0	0.054083668349346165	0.3631117460562151	0.43100099999999997	1.0
36789	0	0.0552776350391878	0.3733512585922177	0.40900099999999995	1.0
36791	3037	0.16344210448420884	1.7636658513877224	0.003001	0.9387985428571429
36798	135	0.0009321654449045737	0.004700510835238712	0.992001	1.0
36826	532	0.014708605321659508	0.08018977774047673	0.847001	1.0
36831	0	0.03006243240070494	0.1782256410664185	0.650001	1.0
36857	0	0.03258461947745376	0.19579344710300559	0.641001	1.0
36881	4417	0.08881038831262618	0.7038925067547114	0.215001	1.0
36899	2014	0.10201740067918094	0.8577812234663232	0.130001	1.0
36904	0	0.003400408973007833	0.01739165494712741	0.960001	1.0
36916	0	0.05666177996760129	0.3853496000327819	0.41900099999999996	1.0
36921	349	0.04853485401496277	0.31685470319151554	0.462001	1.0
36926	322	0.09829837111278095	0.8130465617371018	0.155001	1.0
36938	2709	0.0	-0.0	1.0	1.0
36945	1829	0.017436128627492626	0.09650954929910566	0.871001	1.0
36947	4053	0.0364228927608399	0.2233422502300166	0.603001	1.0
36953	581	0.0413936195592582	0.26049863342626056	0.5560010000000001	1.0
36962	1222	0.07313423812840192	0.5388678320786089	0.29700099999999996	1.0
36969	0	0.007348839618991762	0.038441680053031294	0.9130010000000001	1.0
36973	0	0.026699080916537166	0.15545121248522584	0.723001	1.0
37002	964	0.03010673567286043	0.17853059405302707	0.6580010000000001	1.0
37018	1930	0.1518960393208757	1.5685179720659346	0.020001	1.0
37021	4025	0.024666495380325636	0.14204575486303864	0.740001	1.0
37026	0	0.03442017338392253	0.2088447289027698	0.602001	1.0
37038	0	0.026592064132220886	0.1547387127728636	0.715001	1.0
37070	0	0.013071375931133326	0.07061572351996247	0.856001	1.0
37080	0	0.057312274852397996	0.3910359260620473	0.393001	1.0
37091	878	0.05877041078016528	0.4038931488228399	0.41200099999999995	1.0
37092	672	0.00792555147637955	0.04159419484545301	0.905001	1.0
37097	2106	0.05932673473962847	0.4088390907738332	0.386001	1.0
37108	4053	0.008424636474921152	0.044338532555174746	0.9110010000000001	1.0
37109	3708	0.07104857479677976	0.5183200424534836	0.28600099999999995	1.0
37116	1254	0.0	-0.0	1.0	1.0
37127	4020	0.002238139562257324	0.011371084684380849	0.973001	1.0
37128	4717	0.057693113434952384	0.3943791898839817	0.394001	1.0
37158	0	0.0073119249083033605	0.038240571510178414	0.944001	1.0
37160	68	0.07901170236080542	0.5985371482834484	0.235001	1.0
37171	0	0.0	-0.0	1.0	1.0
37174	1035	0.04780873978506045	0.31096227729011283	0.602001	1.0
37199	1324	0.1163198371957504	1.0402488767346492	0.109001	1.0
37202	3047	0.09055537771052626	0.7234359127296214	0.246001	1.0
37215	1757	0.03700022060122432	0.2275716621550287	0.602001	1.0
37223	3690	0.10279030013540377	0.8672172781689439	0.142001	1.0
37228	0	0.06441473084188358	0.4551184832592232	0.35100099999999995	1.0
37231	0	0.0	-0.0	1.0	1.0
37240	0	0.10762944623865173	0.9273924408712446	0.11700100000000001	1.0
37250	0	0.09085446137290204	0.7268094953021847	0.193001	1.0
37266	0	0.022957561108148256	0.13098162453021647	0.742001	1.0
37293	2745	0.05545133209616183	0.37484939375284776	0.40800099999999995	1.0
37295	0	0.06995788370669236	0.507704298675719	0.29400099999999996	1.0
37311	3736	0.0	-0.0	1.0	1.0
37321	2061	0.06968827181096056	0.505093840055616	0.317001	1.0
37331	0	0.06800446352109699	0.4889131487112769	0.35200099999999995	1.0
37334	0	0.0	-0.0	1.0	1.0
37348	3018	0.1554851938056025	1.62790708462245	0.023001	1.0
37349	0	0.008095423971429247	0.04252659413356691	0.9150010000000001	1.0
37352	4526	0.013020188180418755	0.0703190609508897	0.867001	1.0
37358	0	0.01189690524313632	0.06384956024641036	0.848001	1.0
37359	3765	0.07349522881269083	0.5424574379616184	0.275001	1.0
37360	0	0.0556612453174428	0.3766627790032257	0.42100099999999996	1.0
37363	0	0.14981511148738821	1.5346071749002859	0.026001	1.0
37365	0	0.0	-0.0	1.0	1.0
37380	4693	0.08509906761687364	0.6631158376743741	0.229001	1.0
37383	52	0.08710793055856339	0.6850545026526336	0.210001	1.0
37399	0	0.02645431825997342	0.153822721809122	0.717001	1.0
37409	0	0.031169091205374172	0.1858819516597323	0.654001	1.0
37413	0	0.01884726784107449	0.10513591223288386	0.7860010000000001	1.0
37420	0	0.03822587632512592	0.2366253979987757	0.567001	1.0
37423	1871	0.06101698757674942	0.42400386470252915	0.35700099999999996	1.0
37429	0	0.04625583955767131	0.29848433129835034	0.5330010000000001	1.0
37432	0	0.03653158107577239	0.22413676330474053	0.593001	1.0
37433	0	0.1165234670534128	1.0429677639230523	0.091001	1.0
37440	4633	0.1172496853254146	1.052692253753655	0.087001	1.0
37469	3795	0.16700365173794948	1.8262779829560207	0.017001000000000002	1.0
37479	0	0.004204409679140229	0.02160292955642879	0.940001	1.0
37482	0	0.10196197455073576	0.8571063906696594	0.131001	1.0
37483	0	0.07465560970219565	0.554062460395707	0.28200099999999995	1.0
37498	0	0.062321680056876584	0.43585164829591694	0.36800099999999997	1.0
37501	887	0.009316478100897953	0.04927998428679372	0.891001	1.0
37502	0	0.10630413905148729	0.9107236861960366	0.111001	1.0
37504	0	0.004603320940265013	0.02370656779963306	0.955001	1.0
37531	1767	0.060091184925915926	0.41567195338275303	0.381001	1.0
37551	0	0.033884472387657974	0.20501248109298817	0.617001	1.0
37552	0	0.04026716354048177	0.2519307276191245	0.567001	1.0
37561	2647	0.03635678948909171	0.2228594243364337	0.617001	1.0
37575	0	0.11642834277067664	1.0416972275920975	0.028001	1.0
37576	0	0.0	-0.0	1.0	1.0
37580	0	0.01808031617974087	0.1004319449634298	0.8000010000000001	1.0
37583	0	0.05468789736995877	0.3682808991294264	0.442001	1.0
37594	0	0.016503944624140295	0.09087968283965539	0.8090010000000001	1.0
37601	0	0.015000987681407571	0.08191701971962075	0.849001	1.0
37632	0	0.024261854641416163	0.13940898248941364	0.6860010000000001	1.0
37641	0	0.03600169019672362	0.22027078281250728	0.633001	1.0
37652	0	0.07926402281137582	0.6011574849125595	0.233001	1.0
37659	0	0.09739711304080773	0.8023719833822816	0.161001	1.0
37662	0	0.046018271136447235	0.2965902564561962	0.5360010000000001	1.0
37690	0	0.03124141986940986	0.1863851714679527	0.6690010000000001	1.0
37695	0	0.022010335230367356	0.1249298741808322	0.763001	1.0
37722	2015	0.1175795976094821	1.057124405657425	0.086001	1.0
37729	0	0.08728909599984484	0.6870484014816031	0.209001	1.0
37735	994	0.02980145795713432	0.1764319016300995	0.6750010000000001	1.0
37739	1425	0.017274733246696275	0.0955309127761538	0.817001	1.0
37754	1343	0.07015283355002086	0.5095952351345376	0.326001	1.0
37757	4640	0.08363225465782304	0.6472942254096676	0.228001	1.0
37773	0	0.0031588821403630424	0.0161340071542866	0.969001	1.0
37776	1540	0.05635647507636304	0.3826912640153842	0.42900099999999997	1.0
37779	1366	0.030845398946109565	0.18363413826573066	0.6740010000000001	1.0
37800	0	0.0	-0.0	1.0	1.0
37808	0	0.04404094245968984	0.2809777677215777	0.520001	1.0
37812	1565	0.07660585772211873	0.5737960564670643	0.28600099999999995	1.0
37839	0	0.048136716820323874	0.31361923611175035	0.499001	1.0
37840	0	0.03211248877506552	0.19247280366007286	0.629001	1.0
37851	0	0.01715904478402229	0.09483043026184952	0.8120010000000001	1.0
37872	1990	0.0466120003178795	0.30133128587425684	0.49600099999999997	1.0
37874	4548	0.017376782215994233	0.09614950652296828	0.8070010000000001	1.0
37880	735	0.0	-0.0	1.0	1.0
37892	1975	0.0851319458584557	0.6634723809676821	0.213001	1.0
37899	4233	0.002459311163531975	0.012510646165862943	0.979001	1.0
37908	0	0.0	-0.0	1.0	1.0
37915	0	0.019113288618306426	0.1067761765998658	0.747001	1.0
37919	0	0.0	-0.0	1.0	1.0
37922	0	0.0	-0.0	1.0	1.0
37924	3141	0.06744904230778453	0.4836219717116066	0.339001	1.0
37926	2861	0.03022218370391836	0.17932586677365894	0.6640010000000001	1.0
37927	3249	0.09280520075923494	0.7489855897650773	0.213001	1.0
37948	0	0.010064277859155639	0.05346047549242495	0.885001	1.0
37951	0	0.01776946831046464	0.09853596509501189	0.8060010000000001	1.0
37971	0	0.03070431058722035	0.18265654956572194	0.638001	1.0
37973	0	0.0211914615633333	0.11974442258742661	0.771001	1.0
37977	0	0.019072076656448517	0.10652177394368982	0.7960010000000001	1.0
37983	0	0.030790853052882657	0.18325603848086439	0.6700010000000001	1.0
38015	2045	0.0	-0.0	1.0	1.0
38026	1453	0.009443819428487578	0.049989475040814475	0.890001	1.0
38029	0	0.1270966181384425	1.188887752524565	0.059001	1.0
38037	3870	0.012182727051749819	0.06548838714873437	0.874001	1.0
38045	0	0.08239963063588882	0.6341270047981716	0.255001	1.0
38048	4010	0.021343454361335563	0.1207036690174354	0.763001	1.0
38052	381	0.03579901409437866	0.21879710249682865	0.584001	1.0
38055	0	0.016466430474902267	0.0906542574376675	0.7950010000000001	1.0
38065	1110	0.008695301715893198	0.0458331333889926	0.891001	1.0
38074	0	0.06152715251133852	0.4286218393190673	0.399001	1.0
38092	1481	0.15119673749873452	1.5570795193389013	0.026001	1.0
38110	3249	0.054855416636206404	0.36971864038169794	0.42400099999999996	1.0
38133	0	0.036012777376776224	0.22035147876764805	0.602001	1.0
38140	4661	0.06274136684304123	0.4396892053068746	0.386001	1.0
38168	0	0.06076357184195043	0.4217170115057917	0.37100099999999997	1.0
38172	0	0.013816342439912793	0.07495152639914217	0.851001	1.0
38174	0	0.0232112623246859	0.132612274593641	0.755001	1.0
38176	0	0.07683200838301693	0.5761030002456418	0.266001	1.0
38178	0	0.11867816581938535	1.0719480314071068	0.003001	0.9387985428571429
38186	0	0.14661986518767484	1.4832792779141304	0.031001	1.0
38200	2180	0.08605573161310877	0.6735244643388311	0.28200099999999995	1.0
38201	1910	0.0	-0.0	1.0	1.0
38205	0	0.08748644464488307	0.6892233171378312	0.209001	1.0
38222	0	0.1490377770836262	1.52203764319753	0.017001000000000002	1.0
38225	0	0.026292615545499914	0.15274899706572354	0.712001	1.0
38226	2195	0.06698576379419768	0.4792260701784827	0.377001	1.0
38228	3145	0.03293145742019604	0.19824232271320918	0.628001	1.0
38235	0	0.01785394075510088	0.09905059332143254	0.8010010000000001	1.0
38249	0	0.0	-0.0	1.0	1.0
38252	0	0.0512133623512986	0.33891161435301764	0.458001	1.0
38263	3682	0.056259895219751756	0.38185172354712194	0.401001	1.0
38270	1902	0.07587414625232197	0.5663584950679945	0.29000099999999995	1.0
38288	0	0.016947252683587873	0.09355022395618184	0.7810010000000001	1.0
38308	0	0.04497400477590245	0.28831116187228767	0.516001	1.0
38331	0	0.02082388739434794	0.11743070082478843	0.766001	1.0
38338	0	0.12185384015114288	1.1153639891411475	0.081001	1.0
38344	0	0.10654298651899727	0.9137172082796413	0.132001	1.0
38364	506	0.008408145170235096	0.044247611269001605	0.9170010000000001	1.0
38376	1238	0.020179144345632925	0.1133930895710501	0.776001	1.0
38385	0	0.05727261735639155	0.3906883862606822	0.392001	1.0
38400	4104	0.05913284455954891	0.4071127849719413	0.40800099999999995	1.0
38404	4071	0.13649134465324933	1.3264597983830835	0.037001	1.0
38425	1530	0.03158356649909406	0.18877032417004164	0.6600010000000001	1.0
38435	0	0.1235906659010139	1.1394652117603514	0.079001	1.0
38441	0	0.01528352930509326	0.08359117459108202	0.818001	1.0
38444	0	0.07824965416882251	0.5906527831941177	0.240001	1.0
38466	0	0.0	-0.0	1.0	1.0
38478	3657	0.030343680197217393	0.18016375505911914	0.6720010000000001	1.0
38503	0	0.017887417365629103	0.09925466575138478	0.8080010000000001	1.0
38510	0	0.05005856283376916	0.3293400637418634	0.590001	1.0
38514	0	0.0	-0.0	1.0	1.0
38516	0	0.04869076287439368	0.3181247302975668	0.48700099999999996	1.0
38528	0	0.012596994289674368	0.06787258839404316	0.847001	1.0
38533	0	0.016397615526511828	0.09024097188385562	0.826001	1.0
38535	0	0.09625701187741828	0.7889610810471399	0.185001	1.0
38560	0	0.002709949048877898	0.013805496785266842	0.966001	1.0
38564	3162	0.02512742555664849	0.14506222452050044	0.700001	1.0
38580	0	0.0	-0.0	1.0	1.0
38588	0	0.05361113083570734	0.35908737347235886	0.467001	1.0
38604	1358	0.027903651496621558	0.16352257995817024	0.6810010000000001	1.0
38611	0	0.037773751701246625	0.23327376832845706	0.598001	1.0
38641	0	0.049350623180121574	0.3235188412456286	0.450001	1.0
38644	2806	0.0027027980130803556	0.013768501861758157	0.958001	1.0
38670	0	0.05582702015282828	0.37809709765707833	0.42700099999999996	1.0
38675	0	0.015102654665566033	0.08251885940852512	0.829001	1.0
38680	0	0.0	-0.0	1.0	1.0
38706	0	0.0	-0.0	1.0	1.0
38707	1554	0.021378366323383385	0.12092421110340576	0.750001	1.0
38712	1066	0.08605573161310877	0.6735244643388311	0.28200099999999995	1.0
38721	926	0.0	-0.0	1.0	1.0
38725	0	0.01884304114094159	0.10510988679627599	0.7960010000000001	1.0
38741	4480	0.009789147858459163	0.05191844491629808	0.880001	1.0
38742	0	0.004329789143820817	0.022263096722976154	0.945001	1.0
38751	4506	0.0006711431130349867	0.003379199760509843	0.994001	1.0
38773	0	0.032688950601022296	0.1965292421124416	0.627001	1.0
38774	0	0.014703362251885366	0.08015885286944341	0.822001	1.0
38789	0	0.0	-0.0	1.0	1.0
38803	2739	0.05005856283376916	0.3293400637418634	0.590001	1.0
38809	0	0.04063051981226989	0.25468494625662774	0.564001	1.0
38819	0	0.051626381593229104	0.34235782420016664	0.450001	1.0
38821	4474	0.020146273329865634	0.11318794732777855	0.779001	1.0
38833	0	0.034011741954259975	0.20592119024164163	0.635001	1.0
38841	1968	0.0025151355238647796	0.012798728092889806	0.969001	1.0
38844	0	0.021861660575617156	0.12398522084806646	0.761001	1.0
38868	349	0.0	-0.0	1.0	1.0
38887	0	0.054112437091610135	0.36335727006176727	0.40900099999999995	1.0
38897	0	0.06869546228124726	0.4955278522026789	0.30100099999999996	1.0
38905	349	0.04555891673635172	0.2929390845638988	0.647001	1.0
38920	19	0.006312202732308918	0.03282521919992281	0.9290010000000001	1.0
38922	0	0.10349598685036748	0.8758747351948897	0.141001	1.0
38933	0	0.0043935270751925375	0.022599056093306293	0.951001	1.0
38948	0	0.0046637749498772765	0.02402619133014133	0.940001	1.0
38977	0	0.012950507046258518	0.06991547796699886	0.854001	1.0
38980	1380	0.06952702780373489	0.5035352190210984	0.28900099999999995	1.0
38984	0	0.09086480953384474	0.7269263452653412	0.193001	1.0
38998	0	0.045181772755484004	0.28995233475448157	0.513001	1.0
39010	0	0.09011173916117136	0.7184446988417293	0.196001	1.0
39011	0	0.0	-0.0	1.0	1.0
39017	0	0.0	-0.0	1.0	1.0
39048	0	0.016683077999496348	0.09195732281110712	0.841001	1.0
39049	0	0.030442372215361363	0.18084509219691539	0.632001	1.0
39075	3328	0.012842824024052344	0.06929238166579714	0.852001	1.0
39076	913	0.0654566367757482	0.46482929714451293	0.338001	1.0
39077	0	0.11867816581938535	1.0719480314071068	0.003001	0.9387985428571429
39087	0	0.0511965264993231	0.3387713931748023	0.464001	1.0
39098	1975	0.044434005211997335	0.2840596833794001	0.593001	1.0
39136	1109	0.031388646601896254	0.18741055854247898	0.6600010000000001	1.0
39140	0	0.01646573240724382	0.0906500635295439	0.8120010000000001	1.0
39141	4126	0.05270078287946629	0.35137923922464614	0.451001	1.0
39186	19	0.09872315450807093	0.818100173143524	0.161001	1.0
39201	0	0.062002199421358054	0.4329389920057361	0.35200099999999995	1.0
39209	0	0.0	-0.0	1.0	1.0
39236	0	0.0	-0.0	1.0	1.0
39237	20	0.05080643643167653	0.33552805627154775	0.47400099999999995	1.0
39241	0	0.03318488996845371	0.2000367730007482	0.717001	1.0
39244	3575	0.059046235084985244	0.40634253544218996	0.393001	1.0
39252	0	0.038691197500676976	0.24008935041318977	0.564001	1.0
39254	3682	0.0	-0.0	1.0	1.0
39257	2709	0.012248234239145613	0.0658646941463209	0.862001	1.0
39271	0	0.03709065365074287	0.22823620105123313	0.593001	1.0
39280	0	0.0	-0.0	1.0	1.0
39285	0	0.0016351445893471213	0.00827876819410128	0.980001	1.0
39291	0	0.009240097804500823	0.048854897763612	0.886001	1.0
39312	0	0.04545757960082772	0.2921355847647044	0.528001	1.0
39318	0	0.05005856283376916	0.3293400637418634	0.590001	1.0
39342	0	0.011993823615360798	0.06440470318525156	0.848001	1.0
39344	0	0.052128766000461915	0.3465659907410169	0.464001	1.0
39362	4666	0.1096697241789108	0.9533327774537742	0.121001	1.0
39382	0	0.10846601171777029	0.9379876301674074	0.093001	1.0
39385	0	0.016181050064521276	0.08894226458595642	0.8020010000000001	1.0
39390	0	0.06450821102520482	0.4559864796425766	0.384001	1.0
39399	2722	0.005097028685431614	0.026323170126578213	0.9280010000000001	1.0
39400	0	0.12326658263000917	1.1349488611005312	0.075001	1.0
39409	900	0.010696581325764912	0.05702181937145284	0.881001	1.0
39412	0	0.07996695149035456	0.6084830039434751	0.231001	1.0
39417	0	0.09389218133009092	0.7614723737666529	0.175001	1.0
39436	962	0.01670938562911076	0.09211575472399222	0.8000010000000001	1.0
39453	0	0.11867816581938535	1.0719480314071068	0.003001	0.9387985428571429
39484	0	0.0	-0.0	1.0	1.0
39495	0	0.07237449330725072	0.5313451078537745	0.274001	1.0
39524	1567	0.014205954298964216	0.0772327751383942	0.837001	1.0
39544	0	0.011470705036402469	0.06141513971625588	0.856001	1.0
39559	0	0.14818775108463628	1.508353507400159	0.030001	1.0
39576	2627	1.637407458919115e-05	8.21324599957664e-05	0.999001	1.0
39577	1727	0.09577228639849403	0.7832905650280012	0.157001	1.0
39582	521	0.0027992151954988748	0.014267555914689124	0.967001	1.0
39584	0	0.012235268762745007	0.0657901928676304	0.849001	1.0
39594	3744	0.06730455659538256	0.48224928754238783	0.30600099999999997	1.0
39608	2373	0.013723840919757774	0.07441129213704088	0.831001	1.0
39609	0	0.09654631280927366	0.7923543245658577	0.154001	1.0
39610	0	0.061084998337563215	0.4246183975398215	0.395001	1.0
39611	0	0.034855471018006484	0.2119728830816356	0.613001	1.0
39629	20	0.0861556713976068	0.6746159144717084	0.210001	1.0
39646	0	0.04332261479164869	0.27537314739292884	0.5350010000000001	1.0
39650	781	0.04166896257955878	0.26260614525085124	0.5600010000000001	1.0
39651	4288	0.0	-0.0	1.0	1.0
39655	1879	0.004912525361512085	0.025343628174930483	0.9290010000000001	1.0
39660	1684	0.04974439477991526	0.3267523744050505	0.47000099999999995	1.0
39661	0	0.00614369982472511	0.031918351204365654	0.9240010000000001	1.0
39663	0	0.04531153966290407	0.2909788935571223	0.501001	1.0
39673	0	0.09045557134084091	0.7223116840345692	0.183001	1.0
39682	1065	0.0	-0.0	1.0	1.0
39700	0	0.026041568793087628	0.15108538753818057	0.705001	1.0
39710	0	0.03527855384898384	0.21502544727945574	0.639001	1.0
39737	0	0.01998659521031837	0.11219240009824696	0.767001	1.0
39738	921	0.0023413304651300395	0.01190240728779318	0.971001	1.0
39751	3573	0.0030579653195522277	0.015609542940195556	0.964001	1.0
39781	0	0.0	-0.0	1.0	1.0
39793	1077	0.11981615571859595	1.087409347227428	0.068001	1.0
39824	0	0.04555891673635172	0.2929390845638988	0.647001	1.0
39834	0	0.01886580830409948	0.10525008640427093	0.778001	1.0
39845	2026	0.06032575577453946	0.4177771171608917	0.392001	1.0
39855	2284	0.14995133720502615	1.5368154285256153	0.029001000000000002	1.0
39861	529	0.07298325924378328	0.5373694400956143	0.29000099999999995	1.0
39868	0	0.050042002889194255	0.3292034916638377	0.47500099999999995	1.0
39869	2373	0.029418432427554094	0.17380740446118348	0.6580010000000001	1.0
39872	0	0.036433570573040336	0.22342026986249383	0.600001	1.0
39873	4009	0.05103451923952905	0.33742310458036967	0.48500099999999996	1.0
39877	0	0.04830773067268856	0.31500761971375063	0.463001	1.0
39881	0	0.007171863680444736	0.037478272422451574	0.9300010000000001	1.0
39900	0	0.03993435911457991	0.2494160114343596	0.6770010000000001	1.0
39909	0	0.08523760073100609	0.6646187062679809	0.208001	1.0
39924	2	0.015171437495603948	0.08292639863744251	0.8100010000000001	1.0
39928	0	0.04835416119824828	0.31538492214993413	0.518001	1.0
39932	0	0.03855709316717257	0.23908953892057397	0.568001	1.0
39934	0	0.016993873993706103	0.09383179151020768	0.8000010000000001	1.0
39935	1227	0.0	-0.0	1.0	1.0
39947	0	0.06348465768068835	0.446517384377625	0.331001	1.0
39950	0	0.008108618771917809	0.042599090746249124	0.9170010000000001	1.0
39955	0	0.060571782978443324	0.4199893932017533	0.406001	1.0
39958	3198	0.01026208751873025	0.05457198953981523	0.881001	1.0
39960	4726	0.12876786448888028	1.2128118413199163	0.055001	1.0
39962	4408	0.017917027607408792	0.09943522766394951	0.7980010000000001	1.0
39972	0	0.0	-0.0	1.0	1.0
39976	3483	0.019339994827918077	0.10817756129842986	0.762001	1.0
39979	0	0.03543471301716246	0.21615518304665116	0.689001	1.0
39985	0	0.14668720146342668	1.4843517174191683	0.011000999999999999	1.0
39990	0	0.036480170480092375	0.22376085175403573	0.602001	1.0
40012	0	0.009096824197150152	0.04805847648634843	0.898001	1.0
40023	1979	0.023774798738545197	0.13624918019702756	0.719001	1.0
40037	1442	0.027160223276830372	0.15852995961503177	0.6840010000000001	1.0
40039	349	0.015086003518136215	0.08242024534829637	0.847001	1.0
40045	0	0.03920948791792085	0.24396495589064726	0.590001	1.0
40049	0	0.02486176579490425	0.14332198666520166	0.706001	1.0
40051	0	0.05372838828863026	0.3600845123700643	0.460001	1.0
40057	0	0.030792129882749115	0.18326488692652756	0.6690010000000001	1.0
40061	1147	0.0001918069706082783	0.0009630798314071083	0.998001	1.0
40069	0	0.06733566478579286	0.48254469976886993	0.36200099999999996	1.0
40083	0	0.0	-0.0	1.0	1.0
40090	0	0.041935147030962794	0.2646485072035008	0.5500010000000001	1.0
40097	1796	0.0078837249098858	0.04136488299486197	0.9120010000000001	1.0
40118	0	0.0266461252305817	0.1550985492105591	0.707001	1.0
40124	0	0.053422056726090864	0.3574815815700496	0.42500099999999996	1.0
40146	2107	0.03457465566406434	0.2099534212152679	0.605001	1.0
40148	1040	0.10190432412525083	0.8564047380908936	0.127001	1.0
40165	4727	0.007769337843565937	0.04073829988518684	0.904001	1.0
40168	2763	0.03620638639305716	0.2217619613601489	0.625001	1.0
40176	0	0.0	-0.0	1.0	1.0
40177	3556	0.08922060865191905	0.7084654590858794	0.192001	1.0
40209	2014	0.116469687352106	1.0422493583569072	0.100001	1.0
40212	4285	0.03520705363887888	0.2145087251546466	0.609001	1.0
40219	0	0.07284151777923875	0.5359642841726229	0.325001	1.0
40225	0	0.019109239561973978	0.1067511768991356	0.8040010000000001	1.0
40232	0	0.015034774222414608	0.08211695518293016	0.837001	1.0
40250	0	0.10671060725247236	0.9158207943262892	0.116001	1.0
40253	2621	0.0413435764999134	0.26011615616846195	0.5360010000000001	1.0
40257	0	0.058047589413601074	0.3975004263413196	0.388001	1.0
40265	0	0.0	-0.0	1.0	1.0
40269	4565	0.006396205919364098	0.033277950610097244	0.9280010000000001	1.0
40287	4729	0.0	-0.0	1.0	1.0
40292	0	0.00492196394926285	0.025393689295941324	0.955001	1.0
40307	1488	0.022045056205238542	0.1251506889649786	0.7890010000000001	1.0
40311	735	0.009561747957012087	0.0506473984922127	0.9330010000000001	1.0
40320	0	0.043862336068786534	0.27958089057724644	0.5410010000000001	1.0
40325	0	0.0	-0.0	1.0	1.0
40327	918	0.07368170484521075	0.5443155522075349	0.394001	1.0
40329	4548	0.01846835202896275	0.10280726108822046	0.817001	1.0
40346	1537	0.003029633213461773	0.015462408826600141	0.972001	1.0
40348	0	0.09290298086257517	0.7501050351343742	0.186001	1.0
40350	0	0.0157438911423524	0.08632961592643557	0.8070010000000001	1.0
40361	0	0.0	-0.0	1.0	1.0
40364	0	0.0347799474050392	0.2114292407215812	0.615001	1.0
40372	1185	0.02272274292732579	0.12947602728875168	0.721001	1.0
40388	0	0.022361172550089473	0.12716464153500215	0.747001	1.0
40402	2224	0.029759745690156523	0.17614561952441066	0.6590010000000001	1.0
40410	0	0.13613865127115352	1.3211588873994937	0.059001	1.0
40425	4567	0.0019999310150387167	0.010146947214678853	0.977001	1.0
40426	0	0.02919415709373841	0.17227514967974242	0.6860010000000001	1.0
40428	0	0.028905832804383667	0.17031017047587366	0.6820010000000001	1.0
40433	0	0.08083177905992614	0.6175475802108896	0.23400100000000001	1.0
40458	0	0.10310390360048945	0.8710596559154862	0.142001	1.0
40461	0	0.048466133743010814	0.31629545267177434	0.48100099999999996	1.0
40471	3708	0.026561854159534937	0.15453771487551532	0.704001	1.0
40504	0	0.00545344858204037	0.028221157709444986	0.940001	1.0
40506	4728	0.032198322697501086	0.19307539780309582	0.628001	1.0
40525	19	0.04596514075061113	0.29616719898004906	0.514001	1.0
40539	0	0.04747160073097454	0.3082389508294212	0.516001	1.0
40544	0	0.045659603735355464	0.2937381369370255	0.501001	1.0
40567	2222	0.02679448261864909	0.1560870100209313	0.690001	1.0
40585	0	0.0	-0.0	1.0	1.0
40588	0	0.08136983747953538	0.6232160780359431	0.257001	1.0
40603	0	0.02614499541609809	0.15177026756836354	0.724001	1.0
40606	135	0.0050621018595946345	0.026137585887735567	0.961001	1.0
40607	4292	0.03406956988285796	0.2063344418208552	0.615001	1.0
40610	0	0.040191795689641055	0.2513605746889677	0.5560010000000001	1.0
40613	0	0.03378994505613053	0.2043382539341422	0.616001	1.0
40620	0	0.017436128627492626	0.09650954929910566	0.871001	1.0
40632	0	0.03793399506748949	0.23446007616977635	0.594001	1.0
40645	1598	0.026376709449740424	0.1533071779779556	0.6850010000000001	1.0
40656	4731	0.05808406908426068	0.39782215241570557	0.41600099999999995	1.0
40668	0	0.06298321229146484	0.44190645789737815	0.35900099999999996	1.0
40683	0	0.019238229100560347	0.10754809420262298	0.7910010000000001	1.0
40707	2038	0.077727409979503	0.5852750378120166	0.255001	1.0
40708	0	0.0	-0.0	1.0	1.0
40719	0	0.11392684057279132	1.0085539390135863	0.087001	1.0
40725	0	0.034598585376202515	0.21012530370147942	0.606001	1.0
40740	20	0.05005856283376918	0.32934006374186364	0.578001	1.0
40752	0	0.024401521461876054	0.14031790233621472	0.730001	1.0
40755	0	0.014477677705056702	0.07882932843707575	0.826001	1.0
40757	0	0.04389786421666031	0.27985857964874244	0.5380010000000001	1.0
40770	0	0.10578003355081897	0.9041711723985871	0.134001	1.0
40779	0	0.009438382250710257	0.0499591613527581	0.9060010000000001	1.0
40785	0	0.0663407187982269	0.4731318933652747	0.335001	1.0
40802	3329	0.05635321262687217	0.38266289355675276	0.439001	1.0
40808	0	0.06173732010231829	0.4305297788079777	0.37200099999999997	1.0
40809	0	0.12372164958850708	1.141293070515703	0.074001	1.0
40826	557	0.08157791263304069	0.6254141236346232	0.217001	1.0
40842	3972	0.06320844542519302	0.4439752588445754	0.374001	1.0
40873	0	0.007476710932730626	0.03913894590677101	0.9180010000000001	1.0
40874	52	0.043280748822888813	0.2750475956863433	0.5550010000000001	1.0
40879	2277	0.03576232506123804	0.2185306282634576	0.610001	1.0
40884	4732	0.04237813193029233	0.2680582134539274	0.526001	1.0
40891	0	0.05790738445732006	0.39626480762363164	0.41800099999999996	1.0
40902	0	0.10631497106798461	0.9108593458615146	0.132001	1.0
40913	192	0.05545854729939942	0.37491167157410693	0.448001	1.0
40923	655	0.050944791047461656	0.3366771501124786	0.468001	1.0
40925	0	0.010968624369019988	0.05856155235922549	0.864001	1.0
40955	0	0.08069542771263154	0.6161146293812513	0.246001	1.0
40957	0	0.07546878709543381	0.5622556283150539	0.274001	1.0
40988	0	0.06658785705953589	0.47546314055474415	0.316001	1.0
40991	4136	0.022408288485094574	0.12746536146566212	0.779001	1.0
41011	0	0.06625571462492238	0.4723310948048376	0.338001	1.0
41022	0	0.03116234967364638	0.1858350657511643	0.645001	1.0
41056	1647	0.010172646575792199	0.05406911635757775	0.898001	1.0
41057	2639	0.014859091779274039	0.08107810996319767	0.829001	1.0
41065	0	0.010020559683002887	0.05321513934381328	0.884001	1.0
41084	0	0.038647343853947254	0.23976226607787593	0.580001	1.0
41087	129	0.17825226137681455	2.0316260931961625	0.012001	1.0
41093	0	0.0012302862102226003	0.0062144672238905446	0.981001	1.0
41123	4522	0.09476727037795088	0.7715927979797479	0.180001	1.0
41149	0	0.02568899129087462	0.14875587983071775	0.704001	1.0
41157	0	0.061217821250485346	0.4258195326375222	0.36500099999999996	1.0
41161	0	0.04638715364845887	0.29953295469201	0.5420010000000001	1.0
41163	0	0.01793506309659626	0.09954523428971324	0.7840010000000001	1.0
41170	0	0.041563933126663094	0.2618016218021667	0.5590010000000001	1.0
41179	0	0.09392160122527576	0.761811632807296	0.163001	1.0
41183	3047	0.07729310795968944	0.580818663161085	0.262001	1.0
41185	0	0.06284297887384924	0.44062026864806475	0.397001	1.0
41186	0	0.0029130434699096916	0.01485743245179428	0.968001	1.0
41193	0	0.020045523085696668	0.11255961007034532	0.8020010000000001	1.0
41201	913	0.06482055234818587	0.4588913388352538	0.36800099999999997	1.0
41204	0	0.026412922698964378	0.15354768844689048	0.732001	1.0
41209	0	0.0378207991925111	0.233621888004168	0.566001	1.0
41234	0	0.009403179979091564	0.04976294284350435	0.891001	1.0
41235	1274	0.0413412787225909	0.2600985984677892	0.564001	1.0
41240	0	0.08294290118798706	0.6399159461108043	0.235001	1.0
41241	0	0.06859208239837725	0.49453597434521135	0.30500099999999997	1.0
41242	1607	0.05684579690279433	0.3869551014498272	0.41000099999999995	1.0
41244	0	0.006326535740497994	0.03290243646953495	0.941001	1.0
41246	3831	0.03870316073716658	0.2401786014423271	0.591001	1.0
41258	0	0.08064872644005985	0.615624161295807	0.247001	1.0
41273	0	0.04447501095806171	0.28438181674589985	0.511001	1.0
41292	2709	0.027487063936439553	0.16072046504143747	0.701001	1.0
41296	0	0.004838839686046027	0.024952990054601682	0.942001	1.0
41297	1729	0.038502610802221886	0.23868369631496544	0.579001	1.0
41301	492	0.02419671734729725	0.13898551438321152	0.720001	1.0
41307	21	0.04059229741320138	0.25439479757409733	0.5480010000000001	1.0
41309	831	0.02846045945515996	0.16728560695171116	0.6840010000000001	1.0
41314	0	0.15502297252377556	1.6201946540130423	0.030001	1.0
41317	2173	0.023120369874047045	0.1320275931808968	0.764001	1.0
41318	0	0.12252747897090677	1.1246818126195735	0.067001	1.0
41330	0	0.08481252929779082	0.6600120556127433	0.247001	1.0
41340	0	0.07695353908943736	0.5773443276831387	0.277001	1.0
41343	0	0.061856270242812636	0.43161105783318465	0.36900099999999997	1.0
41347	0	0.05966911371591889	0.4118941245831853	0.401001	1.0
41348	0	0.05416447501096152	0.36380153269584153	0.462001	1.0
41358	1716	0.0	-0.0	1.0	1.0
41360	0	0.026918373335785076	0.15691355588332512	0.715001	1.0
41371	4599	0.015972453122966072	0.08769411262708057	0.815001	1.0
41386	0	0.06364870417906948	0.4480298370670208	0.35400099999999995	1.0
41389	4058	0.014890830848065428	0.0812656474888359	0.826001	1.0
41392	1197	0.03317562801316496	0.19997111752351387	0.654001	1.0
41398	1007	0.013240913397075265	0.07159944414180487	0.834001	1.0
41400	1110	0.11508932810599792	1.023891922930142	0.111001	1.0
41407	0	0.07641135907639171	0.5718150946546675	0.274001	1.0
41409	0	0.09204847330741839	0.7403475695313149	0.189001	1.0
41412	0	0.025347830522435343	0.146509483903648	0.713001	1.0
41436	4146	0.07733386121540108	0.581236223052324	0.228001	1.0
41437	0	0.05279609004553936	0.3521834634792821	0.42900099999999997	1.0
41442	2001	0.0532440708872501	0.355972289119144	0.42800099999999996	1.0
41458	0	0.04703826514048515	0.3047502537003687	0.49800099999999997	1.0
41465	0	0.04002415730390292	0.2500937933754191	0.5610010000000001	1.0
41474	2733	0.11731449106932261	1.0535621637789863	0.084001	1.0
41484	0	0.04089211627543939	0.2566734271644854	0.574001	1.0
41488	0	0.020354777544668495	0.11449034850163076	0.777001	1.0
41500	0	0.07262406595524143	0.5338115064804185	0.29200099999999996	1.0
41517	0	0.014964867448453578	0.08170335283613371	0.828001	1.0
41534	0	0.02317187054019912	0.13235881493556365	0.741001	1.0
41570	0	0.009560549728468317	0.05064070933199436	0.892001	1.0
41574	0	0.022485649097056852	0.1279594281520794	0.746001	1.0
41575	1343	0.029886951002048932	0.17701902100916192	0.653001	1.0
41580	3601	0.0	-0.0	1.0	1.0
41584	1202	0.019555649595400654	0.10951364999098459	0.7870010000000001	1.0
41601	0	0.023596397775671414	0.13509561953956392	0.720001	1.0
41610	0	0.05457049011549453	0.367274442677181	0.41000099999999995	1.0
41629	0	0.037822878544422796	0.2336372772682564	0.594001	1.0
41641	0	0.029061806217705155	0.17137247741443717	0.6830010000000001	1.0
41646	0	0.05005856283376916	0.3293400637418634	0.590001	1.0
41664	0	0.008207468276311216	0.04314253643166438	0.9060010000000001	1.0
41690	0	0.00332860953858196	0.017017431277755596	0.960001	1.0
41692	0	0.0648374062667047	0.4590482889161547	0.338001	1.0
41693	0	0.01597606818026903	0.08771572040720799	0.821001	1.0
41699	2016	0.0	-0.0	1.0	1.0
41712	600	0.006971102983410915	0.036387661734743754	0.9070010000000001	1.0
41740	4006	0.007775176204193315	0.04077026186668259	0.9060010000000001	1.0
41748	2582	0.04601203567792482	0.2965405956375628	0.5340010000000001	1.0
41755	0	0.004247646314099955	0.02183048065263634	0.952001	1.0
41756	0	0.046038435998683125	0.2967508732237362	0.507001	1.0
41760	182	0.048530924484887286	0.31682271545565355	0.49600099999999997	1.0
41770	0	0.0	-0.0	1.0	1.0
41772	0	0.003147488759342171	0.016074765805613987	0.967001	1.0
41773	0	0.022450195438676858	0.1277329543178937	0.721001	1.0
41778	0	0.02082733063888983	0.11745233463944903	0.779001	1.0
41779	0	0.019407711330514055	0.10859678165215256	0.8050010000000001	1.0
41780	0	0.0	-0.0	1.0	1.0
41790	0	0.10029842926381961	0.8369668582097692	0.134001	1.0
41800	3441	0.025638587527320962	0.14842351753461444	0.720001	1.0
41806	2710	0.017436128627492626	0.09650954929910566	0.871001	1.0
41807	0	0.002175214527067277	0.011047394335615437	0.976001	1.0
41809	3248	0.0773572025915233	0.5814754367858116	0.258001	1.0
41819	0	0.033708148192955645	0.20375531057260127	0.616001	1.0
41834	3518	0.08736978789485547	0.6879373146125938	0.182001	1.0
41838	0	0.005276521823702371	0.027278053082554963	0.941001	1.0
41845	0	0.01806192895263999	0.10031962505050238	0.7830010000000001	1.0
41855	0	0.02436742001333253	0.14009586166424373	0.726001	1.0
41856	0	0.0	-0.0	1.0	1.0
41858	1971	0.11838280486462657	1.0679527049159498	0.093001	1.0
41885	0	0.13021052864494023	1.2336540225494868	0.061001	1.0
41897	0	0.008910669125136758	0.04702554392923039	0.870001	1.0
41901	0	0.038026429719349636	0.2351451772237649	0.5510010000000001	1.0
41914	0	0.05406991645392842	0.3629944027289896	0.43000099999999997	1.0
41919	0	0.04234096445766124	0.26777161209328637	0.516001	1.0
41922	2582	0.03793188149017116	0.23444441767622126	0.601001	1.0
41929	0	0.06295315415979616	0.44163065029007026	0.34900099999999995	1.0
41935	0	0.030430421430245127	0.18076255367782026	0.6610010000000001	1.0
41937	0	0.015451539817613824	0.0845890481511511	0.827001	1.0
41944	0	0.0534148958680108	0.35742081502496786	0.444001	1.0
41946	742	0.0023236980678671	0.011811575132176122	0.974001	1.0
41948	4693	0.06017186819203873	0.4163955969689275	0.375001	1.0
41949	0	0.02212021098929675	0.1256289145962268	0.7890010000000001	1.0
41958	0	0.012250963913486294	0.06588038051787826	0.865001	1.0
41961	913	0.039201155922390915	0.2439025072967086	0.568001	1.0
41979	0	0.07723433696202754	0.580216714750061	0.273001	1.0
41994	0	0.018586471544041607	0.10353220016209759	0.7970010000000001	1.0
41997	0	0.0	-0.0	1.0	1.0
42000	0	0.0	-0.0	1.0	1.0
42006	0	0.017436128627492633	0.09650954929910571	0.869001	1.0
42026	0	0.004366542735950442	0.02245679367190154	0.957001	1.0
42037	0	0.046523080178288725	0.30061967797765415	0.504001	1.0
42038	0	0.016665585510397027	0.09185200211929391	0.8080010000000001	1.0
42040	0	0.04482659167020364	0.28714855391668503	0.529001	1.0
42049	0	0.026501526463763723	0.15413651068302972	0.6860010000000001	1.0
42052	0	0.0	-0.0	1.0	1.0
42081	0	0.05005856283376916	0.3293400637418634	0.590001	1.0
42085	2648	0.02441129218705598	0.1403815351281743	0.713001	1.0
42090	3218	0.053433297406832274	0.35757697657672866	0.5620010000000001	1.0
42098	0	0.0	-0.0	1.0	1.0
42116	0	0.046226663432793205	0.29825150532084943	0.49200099999999997	1.0
42118	0	0.023890820180007457	0.1370004880664809	0.738001	1.0
42128	147	0.0	-0.0	1.0	1.0
42161	4291	0.06085897536574089	0.42257739539247996	0.383001	1.0
42173	0	0.032079508412929156	0.19224139639303775	0.650001	1.0
42203	0	0.007187881050378854	0.03756538916236019	0.9140010000000001	1.0
42218	0	0.05081649653880846	0.335611564101731	0.47400099999999995	1.0
42240	3107	0.04638453991407985	0.29951207069412783	0.505001	1.0
42242	0	0.04022807356334506	0.2516349659865374	0.580001	1.0
42246	0	0.10909978066661921	0.9460523099416827	0.119001	1.0
42261	0	0.07683452730008411	0.5761287173551111	0.267001	1.0
42265	0	0.017655558639132526	0.09784270794425097	0.8070010000000001	1.0
42267	3244	0.05005856283376916	0.3293400637418634	0.590001	1.0
42268	0	0.03065594936294879	0.18232176193719288	0.6740010000000001	1.0
42276	0	0.06198167660474348	0.4327521434307473	0.383001	1.0
42277	0	0.05144680587672993	0.340857969601789	0.48200099999999996	1.0
42299	0	0.03873115051573162	0.24038745558846167	0.579001	1.0
42340	1829	0.11415899580085768	1.0116081216742814	0.102001	1.0
42344	0	0.012589035790141853	0.06782668608175604	0.852001	1.0
42351	1068	0.08618074434737266	0.6748898596785353	0.207001	1.0
42364	0	0.02228623448870644	0.12668663838193273	0.732001	1.0
42365	0	0.03402045106191112	0.2059834131972201	0.619001	1.0
42366	4634	0.0	-0.0	1.0	1.0
42368	0	0.07468840995884977	0.5543919727490341	0.252001	1.0
42371	0	0.04105927063893427	0.2579464776121022	0.633001	1.0
42373	0	0.0158182684420798	0.08677328485450371	0.8060010000000001	1.0
42392	988	0.022585699708241723	0.128598974292459	0.777001	1.0
42405	0	0.0	-0.0	1.0	1.0
42422	4736	0.05504011330004667	0.3713061348619131	0.42500099999999996	1.0
42423	3249	0.055829506917541724	0.37811862867729895	0.445001	1.0
42431	0	0.10491541476496749	0.8934100659560114	0.124001	1.0
42452	4006	0.04187077805107843	0.2641541748469215	0.527001	1.0
42473	0	0.11069166633253141	0.9664534920165253	0.107001	1.0
42489	4136	0.1087880971565022	0.9420820626733073	0.115001	1.0
42492	0	0.08800168264021593	0.6949158776146667	0.182001	1.0
42501	1402	0.10264851370816747	0.8654826601288568	0.144001	1.0
42520	0	0.006594511109575624	0.034348380898587744	0.9310010000000001	1.0
42545	0	0.019535461314487162	0.109388448602723	0.751001	1.0
42546	0	0.0880358693396018	0.6952943176991626	0.210001	1.0
42566	0	0.09618565965257592	0.7881252038695432	0.181001	1.0
42587	499	0.0	-0.0	1.0	1.0
42615	891	0.22893544991058334	3.1056432514766166	0.001001	0.9387985428571429
42628	0	0.002663752282372993	0.013566556966308707	0.979001	1.0
42630	0	0.00365188458911001	0.018704758866046778	0.971001	1.0
42655	4737	0.01235456561258887	0.06647607721211439	0.875001	1.0
42657	0	0.0	-0.0	1.0	1.0
42663	0	0.057595480098083476	0.393521100170168	0.395001	1.0
42699	0	0.13832726032853718	1.354226087363904	0.043001	1.0
42705	0	0.04564878583164838	0.29365225219477115	0.521001	1.0
42706	0	0.0	-0.0	1.0	1.0
42713	0	0.01770120422511439	0.09812041020943195	0.7930010000000001	1.0
42720	0	0.0	-0.0	1.0	1.0
42738	0	0.0381348874386849	0.23594977632700603	0.567001	1.0
42770	0	0.0	-0.0	1.0	1.0
42777	0	0.07755997541543094	0.5835552929765966	0.275001	1.0
42795	0	0.004881408338160094	0.02517862471561756	0.951001	1.0
42808	0	0.04319355201577682	0.2743699378473025	0.524001	1.0
42811	0	0.09338480666108726	0.7556322687820273	0.174001	1.0
42817	147	0.07593152789391949	0.5669402915068498	0.36400099999999996	1.0
42828	2131	0.01650847919672395	0.09090693739629029	0.824001	1.0
42845	600	0.042089973712085955	0.2658386914186429	0.5570010000000001	1.0
42853	0	0.03452549329779986	0.20960041794300704	0.602001	1.0
42879	0	0.0	-0.0	1.0	1.0
42897	0	0.00705926508076208	0.03686629514941814	0.9070010000000001	1.0
42898	0	0.058619854739362966	0.40255849763013174	0.40800099999999995	1.0
42904	0	0.0	-0.0	1.0	1.0
42906	0	0.009868797468812016	0.05236438687170869	0.898001	1.0
42907	0	0.02204897184153052	0.12517559605415368	0.764001	1.0
42918	0	0.027976823910225507	0.1640159357095212	0.6820010000000001	1.0
42926	4738	0.08809094636399867	0.6959042011359879	0.233001	1.0
42932	2100	0.11834569933790098	1.0674512934538887	0.097001	1.0
42933	0	0.023200292379228632	0.1325416803475944	0.731001	1.0
42938	0	0.000723953636146038	0.0036462101651842	0.995001	1.0
42946	940	0.0	-0.0	1.0	1.0
42962	735	0.06420955375642722	0.45321559348941476	0.34900099999999995	1.0
42968	0	0.1437654462376697	1.4381825270665185	0.036001	1.0
42971	1397	0.014321042484846693	0.07790843527396206	0.825001	1.0
42972	2018	0.03992226631720935	0.2493247790742961	0.615001	1.0
42979	0	0.05153776210079949	0.3416173697727179	0.47200099999999995	1.0
42992	2764	0.055532045662972644	0.3755462832359845	0.40900099999999995	1.0
42993	0	0.021982850584573627	0.12475513492449929	0.745001	1.0
42994	0	0.0652646347786993	0.4630337854395743	0.331001	1.0
43011	1311	0.06430310289784187	0.45408281990811156	0.339001	1.0
43020	913	0.1410422608832351	1.395820708634477	0.044001	1.0
43044	0	0.058702406008683115	0.4032900961438679	0.41200099999999995	1.0
43060	0	0.06805714722343897	0.4894162239815814	0.441001	1.0
43065	0	0.01939566141725891	0.10852216163777535	0.7840010000000001	1.0
43073	0	0.13306557244919823	1.2754225206930618	0.043001	1.0
43083	821	0.0606377558284277	0.4205833692950835	0.404001	1.0
43087	0	0.05140760897394174	0.3405308924925369	0.47000099999999995	1.0
43090	0	0.042223163139485466	0.26686386504560916	0.5610010000000001	1.0
43095	1567	0.06003346387675451	0.41515454672992835	0.391001	1.0
43101	0	0.0016838960594074762	0.008527988655089245	0.981001	1.0
43104	0	0.0892464911485962	0.7087544263402539	0.196001	1.0
43108	3582	0.03428058931926334	0.20784433403107228	0.612001	1.0
43111	0	0.01149669875128033	0.0615632952265156	0.867001	1.0
43120	0	0.010497780926753898	0.055899485332697216	0.880001	1.0
43129	0	0.08599807565913209	0.6728951515889571	0.221001	1.0
43132	0	0.0	-0.0	1.0	1.0
43135	4020	0.01631783165849638	0.08976218026313201	0.817001	1.0
43150	0	0.0	-0.0	1.0	1.0
43156	0	0.03627746162781431	0.2222803937454247	0.600001	1.0
43169	0	0.09449339539952485	0.7684189213724314	0.173001	1.0
43173	0	0.09884641918875067	0.8195693364949086	0.129001	1.0
43194	0	0.006635594223633655	0.03457043728701545	0.9240010000000001	1.0
43204	1254	0.04846159681590105	0.3162585424986406	0.48300099999999996	1.0
43207	1408	0.14908526269848754	1.522803963023934	0.028001	1.0
43236	831	0.047062905664721724	0.3049482775091413	0.49500099999999997	1.0
43248	0	0.07034723469070275	0.5114836732575039	0.313001	1.0
43252	4673	0.1152022769112802	1.0253881205427673	0.102001	1.0
43265	0	0.003100857288675523	0.015832379082763467	0.961001	1.0
43266	994	0.0	-0.0	1.0	1.0
43275	0	0.034975317750058056	0.212836362870019	0.606001	1.0
43280	147	0.03886576390275727	0.24139265842689664	0.597001	1.0
43293	0	0.040679251176366546	0.2550550142139396	0.5330010000000001	1.0
43295	878	0.03785750585195792	0.23389359674916768	0.586001	1.0
43297	0	0.14060721014832456	1.389112696989219	0.037001	1.0
43305	4745	0.06923454055085178	0.5007129137302031	0.325001	1.0
43307	0	0.028391814007260513	0.16682058829326005	0.6760010000000001	1.0
43309	4071	0.055194441260817184	0.37263447882547546	0.41100099999999995	1.0
43318	887	0.008554557033985012	0.045055395801930076	0.902001	1.0
43324	0	0.06852896326824481	0.4939307686255051	0.29300099999999996	1.0
43333	0	0.07546297695700652	0.5621969110164078	0.273001	1.0
43348	0	0.017130779894349038	0.09465941667132652	0.7950010000000001	1.0
43358	0	0.06570234137943157	0.4671309736114895	0.34900099999999995	1.0
43369	2737	0.0	-0.0	1.0	1.0
43372	0	0.024446059348130243	0.14060800962713557	0.734001	1.0
43380	3196	0.000372420571575419	0.0018719066889801624	0.994001	1.0
43389	0	0.0	-0.0	1.0	1.0
43398	0	0.02617600588433113	0.15197575108224853	0.714001	1.0
43415	0	0.04557865110829521	0.293095641036281	0.521001	1.0
43447	2001	0.0	-0.0	1.0	1.0
43455	0	0.048263959969022656	0.3146520699560215	0.501001	1.0
43472	887	0.07314928985404996	0.5390173070684573	0.274001	1.0
43481	0	0.0	-0.0	1.0	1.0
43492	0	0.005112025771759654	0.026402879617199858	0.948001	1.0
43532	0	0.0	-0.0	1.0	1.0
43555	1482	0.002171303777237312	0.011027284845710344	0.980001	1.0
43564	0	0.0753282231878706	0.5608358046452466	0.268001	1.0
43584	4025	0.10326998038011728	0.8730976928213953	0.14000100000000001	1.0
43592	2364	0.006801076081376492	0.035465898323154166	0.9310010000000001	1.0
43600	0	0.056280093149435814	0.38202724281968853	0.443001	1.0
43603	0	0.039559943736653135	0.24659591967087338	0.569001	1.0
43620	0	0.010584781367591535	0.056390352737710994	0.880001	1.0
43625	0	0.046938760088300106	0.30395101202325736	0.504001	1.0
43627	4746	0.03152424709571362	0.1883562439108379	0.629001	1.0
43644	0	0.0690822950253075	0.4992463671924682	0.317001	1.0
43653	0	0.0	-0.0	1.0	1.0
43677	0	0.0846221185269102	0.6579530389316871	0.239001	1.0
43680	0	0.028711677529011437	0.16899004664104958	0.693001	1.0
43704	0	0.0	-0.0	1.0	1.0
43705	4666	0.07674243752543446	0.5751888314774266	0.277001	1.0
43706	0	0.0	-0.0	1.0	1.0
43720	0	0.06365799194703227	0.4481155261461768	0.395001	1.0
43723	0	0.02294403990700463	0.130894833827714	0.710001	1.0
43740	4412	0.015109724027458069	0.08256073191436843	0.845001	1.0
43742	1192	0.09860930588729117	0.8167443144380867	0.150001	1.0
43767	0	0.06264161019051806	0.4387758775160985	0.341001	1.0
43780	0	0.0610471376951686	0.4242762541116184	0.387001	1.0
43781	0	0.13520539249776467	1.3071837204164383	0.048001	1.0
43793	0	0.08711422785123138	0.6851237675614964	0.214001	1.0
43796	0	0.06024075979142093	0.4170138560657138	0.393001	1.0
43799	3196	0.08099685651660596	0.619284327257763	0.239001	1.0
43804	887	0.05679516051751132	0.3865130687623593	0.40700099999999995	1.0
43813	0	0.012511445315009077	0.06737937082204691	0.863001	1.0
43848	0	0.07407883202859307	0.5482813964560868	0.253001	1.0
43855	0	0.0	-0.0	1.0	1.0
43863	1160	0.04421368530394983	0.2823308869500128	0.5370010000000001	1.0
43886	349	0.020692264876511417	0.11660428585252255	0.752001	1.0
43927	884	0.17165088991455307	1.9097095337666572	0.015000999999999999	1.0
43945	425	0.09857148618260471	0.8162941365471414	0.156001	1.0
43960	4053	0.010194157996932646	0.05419001782543447	0.897001	1.0
43968	0	0.016787906207011167	0.09258888526014328	0.8060010000000001	1.0
43976	0	0.06554474100499916	0.4656541155069672	0.35600099999999996	1.0
44000	0	0.02759375246099771	0.1614370086915251	0.713001	1.0
44036	4053	0.07095411540676058	0.5173971497582726	0.28800099999999995	1.0
44041	0	0.02206523422489421	0.12527905043760304	0.753001	1.0
44048	3804	0.005062101859594636	0.026137585887735567	0.952001	1.0
44060	0	0.011465332923594074	0.061384525618762995	0.871001	1.0
44113	1740	0.053000760702453735	0.35391270615206016	0.460001	1.0
44121	0	0.14220950916993205	1.4138995047584333	0.044001	1.0
44148	499	0.036741847512252984	0.225676078149956	0.615001	1.0
44158	0	0.01855767290206918	0.10335537211547656	0.7980010000000001	1.0
44166	0	0.0	-0.0	1.0	1.0
44169	1182	0.09141030855522292	0.7330979357940993	0.174001	1.0
44177	0	0.025965631485221165	0.15058298142275114	0.703001	1.0
44179	297	0.05746599331338795	0.3923841141547239	0.42900099999999997	1.0
44184	4253	0.05301484609266902	0.3540318218779793	0.43400099999999997	1.0
44186	4070	0.06657993206489228	0.4753883142814995	0.35700099999999996	1.0
44193	0	0.05137235042611464	0.34023677181081147	0.467001	1.0
44201	0	0.03665986004980527	0.22507551058357833	0.583001	1.0
44223	0	0.06101041483726275	0.4239444924761123	0.37200099999999997	1.0
44232	0	0.05120250711837415	0.3388212018074017	0.453001	1.0
44235	0	0.0068486371270133125	0.03572356559892785	0.9320010000000001	1.0
44255	352	0.05302659139164264	0.3541311589823936	0.459001	1.0
44256	1701	0.015932488078498314	0.0874552894508489	0.819001	1.0
44259	0	0.14034524277333824	1.3850813513792362	0.033001	1.0
44265	0	0.06892890608475073	0.49777055060105246	0.30200099999999996	1.0
44278	0	0.018379029291645147	0.10225964171300549	0.7840010000000001	1.0
44281	0	0.0	-0.0	1.0	1.0
44295	2806	0.03649791779642658	0.2238905990238364	0.582001	1.0
44297	0	0.07982661102110196	0.607017439821398	0.260001	1.0
44299	1756	0.05356661002257526	0.3587090322629236	0.43000099999999997	1.0
44306	1066	0.0	-0.0	1.0	1.0
44322	4455	0.03599537248442244	0.22022480423682494	0.593001	1.0
44347	0	0.009968322762226596	0.05292215033264781	0.895001	1.0
44351	0	0.014993882168689653	0.08187498111734888	0.820001	1.0
44355	0	0.07936981732819727	0.6022576020262221	0.254001	1.0
44358	0	0.09304906050598939	0.7517788457544086	0.196001	1.0
44367	0	0.0	-0.0	1.0	1.0
44388	0	0.10260430835583308	0.8649421816679042	0.147001	1.0
44390	1148	0.0	-0.0	1.0	1.0
44393	929	0.0	-0.0	1.0	1.0
44401	0	0.025250457854736542	0.1458697113638981	0.744001	1.0
44404	0	0.0	-0.0	1.0	1.0
44440	746	0.017668943767709396	0.09792412789034981	0.7860010000000001	1.0
44442	1500	0.0	-0.0	1.0	1.0
44446	370	0.04752385916575956	0.30866056049679913	0.505001	1.0
44465	1085	0.05056019173795704	0.3334862370190804	0.46900099999999995	1.0
44469	0	0.009172758151616778	0.04848041908381557	0.889001	1.0
44478	3463	0.0042947535995358915	0.02207852856995187	0.956001	1.0
44492	1979	0.0930084937884243	0.7513138553392142	0.186001	1.0
44493	0	0.07162811249834208	0.5239968882447197	0.29100099999999995	1.0
44505	0	0.10843308244927946	0.9375695008808802	0.138001	1.0
44520	0	0.05103445496370876	0.3374225700200982	0.48700099999999996	1.0
44537	3055	0.06705508536685117	0.47988282942467825	0.334001	1.0
44538	0	0.023232089150422595	0.1327463215264303	0.722001	1.0
44541	2722	0.031818920317937316	0.19041551725278635	0.648001	1.0
44551	1283	0.010239140456360894	0.05444292545139221	0.875001	1.0
44552	935	0.163650799930403	1.7673030880670089	0.020001	1.0
44558	656	0.11852923026979881	1.0699324850734968	0.081001	1.0
44568	0	0.0390961624139271	0.24311598262962636	0.590001	1.0
44575	0	0.04104534524464518	0.257840348446308	0.5510010000000001	1.0
44577	0	0.04262727414175362	0.2699818253527304	0.5310010000000001	1.0
44579	0	0.007307311286126265	0.03821544259750278	0.9270010000000001	1.0
44581	147	0.07133378413898639	0.5211106614417912	0.29400099999999996	1.0
44586	0	0.06848948765414542	0.49355241470803	0.34400099999999995	1.0
44598	0	0.07139123616650009	0.5216735349794333	0.28200099999999995	1.0
44618	0	0.017436128627492626	0.09650954929910566	0.871001	1.0
44629	0	0.022880130273230298	0.13048476567556214	0.749001	1.0
44630	0	0.027450139596120332	0.16047264631263147	0.697001	1.0
44632	2540	0.02778334922419544	0.16271221874786287	0.6620010000000001	1.0
44639	0	0.04778133784727059	0.3107406339887421	0.49300099999999997	1.0
44644	0	0.012904091958467744	0.06964681447343392	0.843001	1.0
44648	0	0.02282345333433096	0.1301213245726706	0.755001	1.0
44650	2610	0.011445959153249904	0.06127413484128088	0.872001	1.0
44657	0	0.05321309868324697	0.35570988009719967	0.445001	1.0
44662	0	0.08008129068945327	0.6096781521331839	0.265001	1.0
44671	0	0.043072281053121324	0.2734283422797751	0.524001	1.0
44676	19	0.10233516335772906	0.8616548612049928	0.136001	1.0
44680	0	0.07445040045956045	0.5520027650834338	0.28200099999999995	1.0
44717	1148	0.0610638985473958	0.42442770763997417	0.36200099999999996	1.0
44724	3682	0.03430980149280809	0.2080535888018305	0.699001	1.0
44725	2650	0.11039956768861275	0.9626945274855053	0.097001	1.0
44745	0	0.0	-0.0	1.0	1.0
44749	0	0.0	-0.0	1.0	1.0
44751	0	0.025179548085579186	0.14540419593165882	0.719001	1.0
44759	0	0.019487601890210853	0.10909174258704707	0.7990010000000001	1.0
44784	0	0.009093033727446544	0.048037423110244705	0.905001	1.0
44789	0	0.03760401805262151	0.2320191011901856	0.577001	1.0
44790	0	0.05005856283376916	0.3293400637418634	0.590001	1.0
44800	2491	0.005898730116487685	0.03060296854452491	0.9370010000000001	1.0
44801	0	0.0372469690069555	0.2293861746791701	0.578001	1.0
44802	0	0.035690603351224565	0.21800997177131196	0.602001	1.0
44824	0	0.05141999766250099	0.3406342576847938	0.442001	1.0
44831	499	0.04760375419403466	0.30930550569656107	0.48400099999999996	1.0
44849	1068	0.019954483618060452	0.11199238896277117	0.765001	1.0
44859	0	0.0	-0.0	1.0	1.0
44864	0	0.008134345911590388	0.04274047435651755	0.9170010000000001	1.0
44871	0	0.05187457808143235	0.34443457681262013	0.447001	1.0
44876	2258	0.04752108421772612	0.30863816801536115	0.509001	1.0
44897	0	0.0032343920533945375	0.016526823740567843	0.967001	1.0
44903	3225	0.047237251760760476	0.30635062413755487	0.49500099999999997	1.0
44906	0	0.03043733438122697	0.18081029706722224	0.6600010000000001	1.0
44907	0	0.001462231357495937	0.007395944313063526	0.985001	1.0
44922	1373	0.0853383913188719	0.6657130608895961	0.204001	1.0
44925	0	0.0261614586673976	0.15187934961304458	0.702001	1.0
44928	2823	0.01690687951428583	0.0933065018336157	0.8080010000000001	1.0
44930	0	0.0	-0.0	1.0	1.0
44934	0	0.009431218781511513	0.049919225874573654	0.9060010000000001	1.0
44943	1804	0.04149034247199733	0.2612383702520949	0.5360010000000001	1.0
44964	0	0.044496917952902414	0.2845539617142664	0.503001	1.0
44969	994	0.08681400135629788	0.6818249591143053	0.230001	1.0
44983	0	0.023049135897450557	0.13156973935259098	0.748001	1.0
44984	4640	0.01511854023719321	0.0826129555201777	0.826001	1.0
44987	0	0.047142360846537265	0.3055871088920753	0.49000099999999996	1.0
44992	532	0.06726012352774632	0.4818274627898258	0.331001	1.0
45013	0	0.07030697027214769	0.5110923078139286	0.42300099999999996	1.0
45044	1185	0.0040677257217431465	0.020884299513050417	0.964001	1.0
45045	0	0.06215626947331483	0.4343426943919448	0.387001	1.0
45069	2243	0.0	-0.0	1.0	1.0
45074	0	0.07295046277371454	0.5370441775986206	0.263001	1.0
45077	0	0.0660706953834996	0.4705899294289567	0.34700099999999995	1.0
45081	3321	0.05205808237421796	0.34597283492896824	0.43000099999999997	1.0
45089	1537	0.0840798623838789	0.6521046764789242	0.218001	1.0
45091	0	0.013629349419588033	0.07385998178123339	0.860001	1.0
45096	812	0.04010094837222111	0.25067383671142135	0.613001	1.0
45109	0	0.053503057965362005	0.358169206911873	0.42800099999999996	1.0
45117	0	0.04447706769146981	0.2843979771233693	0.521001	1.0
45118	160	0.0	-0.0	1.0	1.0
45130	297	0.14169161284344042	1.4058635341510757	0.031001	1.0
45154	0	0.03501794096421506	0.2131436899636406	0.640001	1.0
45165	2744	0.0	-0.0	1.0	1.0
45172	0	0.11871044088212998	1.0723850531442052	0.078001	1.0
45178	2052	0.0006041523701020533	0.0030407272753177755	0.992001	1.0
45184	4085	0.08325902527991771	0.6432949352697701	0.20200100000000001	1.0
45186	0	0.07309295643013822	0.5384579610954986	0.29700099999999996	1.0
45199	0	0.06915686807933023	0.4999644969254883	0.30900099999999997	1.0
45209	988	0.014961752508053781	0.0816849304059724	0.834001	1.0
45216	0	0.016422079819457047	0.09038786445761762	0.8040010000000001	1.0
45228	1483	0.025707946024316163	0.14888090995839973	0.730001	1.0
45233	529	0.13059045961630045	1.2391722823195215	0.053001	1.0
45234	0	0.07371988634652042	0.544696329281672	0.273001	1.0
45237	0	0.0	-0.0	1.0	1.0
45247	0	0.09013926179458684	0.7187538974209767	0.181001	1.0
45257	935	0.11713476055825843	1.0511504344259162	0.08500100000000001	1.0
45288	0	0.011032713278540447	0.058924945688754206	0.880001	1.0
45298	0	0.02091823077853521	0.11802373085838008	0.7910010000000001	1.0
45299	0	0.023751101442171397	0.1360958327631823	0.748001	1.0
45300	3633	0.0	-0.0	1.0	1.0
45305	4754	0.06594759628225338	0.4694328776286938	0.335001	1.0
45311	0	0.05668444573235809	0.38554722156686916	0.42100099999999996	1.0
45316	1728	0.0	-0.0	1.0	1.0
45329	0	0.0	-0.0	1.0	1.0
45342	3809	0.1124062581364147	0.9886590991975897	0.100001	1.0
45343	1299	0.10506561527256666	0.8952751325045787	0.125001	1.0
45347	3107	0.10117287991990724	0.8475256349871243	0.154001	1.0
45353	0	0.04260594597864782	0.269816984534884	0.5430010000000001	1.0
45360	1065	0.07316987592065481	0.5392217698195008	0.30700099999999997	1.0
45361	297	0.04523609195385003	0.2903819001465339	0.511001	1.0
45368	0	0.04887916143012477	0.31966169552256074	0.465001	1.0
45375	1448	0.0	-0.0	1.0	1.0
45378	0	0.088256651192966	0.6977405230370635	0.192001	1.0
45379	0	0.07260079703083046	0.5335813539642642	0.276001	1.0
45387	0	0.11417851972196784	1.0118651763638984	0.053001	1.0
45388	0	0.03264836085239188	0.1962428968485327	0.645001	1.0
45398	0	0.08860118603478093	0.7015654716148539	0.227001	1.0
45412	0	0.01563141743620179	0.08565935265905797	0.818001	1.0
45421	0	0.020683877956073266	0.11655166447463958	0.745001	1.0
45422	0	0.0	-0.0	1.0	1.0
45431	0	0.03773080761542854	0.2329561421046642	0.581001	1.0
45438	0	0.03747411799748859	0.23106020191401663	0.584001	1.0
45445	0	0.05142055528167811	0.34063891044368333	0.47000099999999995	1.0
45447	735	0.0	-0.0	1.0	1.0
45453	0	0.1454510138184215	1.4647266383400717	0.034001	1.0
45456	0	0.08329118270377905	0.6436390911727653	0.245001	1.0
45474	2776	0.008307388487548053	0.04369246715972802	0.903001	1.0
45515	2648	0.034574326006272485	0.20995105361536726	0.627001	1.0
45518	2937	0.10405431600277858	0.8827528239515674	0.146001	1.0
45529	0	0.018092418064247457	0.1005058819502418	0.7980010000000001	1.0
45532	0	0.06522008660442767	0.46261758020824867	0.34900099999999995	1.0
45546	0	0.16364255215177523	1.7671592675263788	0.019001	1.0
45561	0	0.0036184243669990096	0.018529828075323867	0.956001	1.0
45568	2550	0.021032453921558263	0.11874248112054506	0.772001	1.0
45583	0	0.02970516511795922	0.17577119209011835	0.6670010000000001	1.0
45592	0	0.09449862906744853	0.7684795176117942	0.181001	1.0
45603	913	0.04878822885977475	0.3189195514995568	0.49000099999999996	1.0
45604	0	0.02583182490075105	0.14969862009333731	0.715001	1.0
45638	0	0.08584243234684404	0.6711975974224158	0.209001	1.0
45658	913	0.0996432105191341	0.8290953726031182	0.14000100000000001	1.0
45659	2161	0.0	-0.0	1.0	1.0
45677	988	0.011992542384157385	0.06439736060892266	0.868001	1.0
45689	2399	0.03205447913835425	0.1920658263182959	0.642001	1.0
45716	0	0.06580732417473026	0.4681157738821762	0.447001	1.0
45723	0	0.06368569999987403	0.44837119862927455	0.336001	1.0
45725	0	0.05005856283376916	0.3293400637418634	0.590001	1.0
45730	0	0.07801278414367765	0.5882110712942987	0.29900099999999996	1.0
45738	0	0.0005786750302408123	0.0029120707901768663	0.993001	1.0
45776	4136	0.0	-0.0	1.0	1.0
45778	1769	0.008436836432657724	0.04440580497691337	0.9330010000000001	1.0
45781	0	0.0015359246736620438	0.007771978674805027	0.983001	1.0
45783	0	0.052640215427523646	0.3508684924881986	0.466001	1.0
45785	0	0.09224553159401326	0.7425926450957016	0.20200100000000001	1.0
45788	0	0.044434005211997335	0.2840596833794001	0.593001	1.0
45790	0	0.053091021135218006	0.3546762549937672	0.444001	1.0
45792	0	0.0381376638555855	0.23597038379880128	0.603001	1.0
45812	0	0.025319644509221553	0.14632422873298362	0.688001	1.0
45817	0	0.11103840248272157	0.9709246352991424	0.113001	1.0
45839	0	0.0	-0.0	1.0	1.0
45842	4432	0.026466261624823247	0.15390209462001808	0.696001	1.0
45853	916	0.05858195806802535	0.4022228090295852	0.37300099999999997	1.0
45855	0	0.014016952538373748	0.07612496225911547	0.817001	1.0
45862	0	0.015260060000429334	0.08345192195199967	0.834001	1.0
45875	2418	0.07100307094200388	0.5178753747202585	0.29500099999999996	1.0
45881	0	0.07646792855856416	0.5723909570414492	0.276001	1.0
45897	3214	0.06243258960166716	0.4368645376159015	0.48000099999999996	1.0
45910	0	0.00048437256263667017	0.0024361864925431793	0.997001	1.0
45917	0	0.06992633119131471	0.5073985182767994	0.29300099999999996	1.0
45925	0	0.06912903239069614	0.499696394112659	0.320001	1.0
45944	3068	0.09605032154019796	0.7865408543542156	0.161001	1.0
45950	0	0.13959263807049088	1.3735327592370399	0.035001000000000004	1.0
45958	0	0.05236254520926946	0.3485303223634455	0.465001	1.0
45963	0	0.018586471544041607	0.10353220016209759	0.7970010000000001	1.0
45980	0	0.011910699352143957	0.06392853697103772	0.844001	1.0
45997	0	0.0	-0.0	1.0	1.0
46004	0	0.08087738919290238	0.6180272265595116	0.257001	1.0
46019	0	0.018248386625852396	0.1014596039649134	0.774001	1.0
46020	529	0.02706855466801963	0.1579168435219054	0.703001	1.0
46054	0	0.0077330996527956095	0.04053996053863998	0.9080010000000001	1.0
46063	4551	0.0034283565067266307	0.017537401556747743	0.958001	1.0
46070	0	0.08155608551569136	0.6251833923106482	0.29600099999999996	1.0
46087	0	0.0772463702405675	0.5803399414747745	0.256001	1.0
46094	370	0.030935066919745	0.18425612420474285	0.761001	1.0
46097	0	0.04554966337781028	0.2928656852653948	0.513001	1.0
46103	3518	0.012828190089628162	0.06920775906813169	0.849001	1.0
46111	0	0.0512106876720456	0.3388893363449711	0.451001	1.0
46135	0	0.017399397727687782	0.09628668422275699	0.833001	1.0
46138	0	0.0	-0.0	1.0	1.0
46143	0	0.0	-0.0	1.0	1.0
46147	0	0.020675940077471176	0.11650186460654405	0.760001	1.0
46150	0	0.07751782958289966	0.583122742734282	0.258001	1.0
46162	0	0.016327599865489987	0.08982077895792358	0.813001	1.0
46179	0	0.0456857432157869	0.2939456952779675	0.504001	1.0
46198	4321	0.020695431857425763	0.11662415734943021	0.762001	1.0
46202	0	0.07185210934120903	0.5261977816826773	0.30500099999999997	1.0
46229	0	0.05143506223528814	0.340759963800629	0.47400099999999995	1.0
46238	809	0.06562805277940263	0.4664345940331293	0.336001	1.0
46239	3966	0.007976328907190341	0.04187272085662095	0.9080010000000001	1.0
46244	3172	0.05946639624935959	0.4100842583686191	0.399001	1.0
46248	0	0.0458212878781155	0.2950227388825664	0.502001	1.0
46249	0	0.07982438132326106	0.6069941674179578	0.247001	1.0
46251	0	0.05005856283376916	0.3293400637418634	0.590001	1.0
46265	0	0.09949892577279734	0.8273666165581331	0.175001	1.0
46277	0	0.03574701579198561	0.21841946309873633	0.596001	1.0
46314	0	0.08186123509146818	0.6284124032709484	0.241001	1.0
46315	3527	0.031226165813975866	0.18627901398420796	0.650001	1.0
46319	0	0.07157021690916485	0.5234286431864746	0.30600099999999997	1.0
46328	0	0.08100395015649335	0.6193590048303277	0.221001	1.0
46347	0	0.033530522309390604	0.20249096073191025	0.640001	1.0
46351	0	0.11990306182744626	1.088594527943616	0.08500100000000001	1.0
46366	0	0.11308298951358037	0.9974897795039905	0.102001	1.0
46373	1780	0.03477858704651342	0.2114194519491925	0.612001	1.0
46377	0	0.0013589557577416977	0.006869493850643785	0.986001	1.0
46384	760	0.050138981074140464	0.33000355881133286	0.46900099999999995	1.0
46385	0	0.0	-0.0	1.0	1.0
46389	0	0.05739332680676136	0.3917465801345961	0.406001	1.0
46408	0	0.06143341269037342	0.4277718910397601	0.36600099999999997	1.0
46412	0	0.0	-0.0	1.0	1.0
46436	0	0.0701303068867371	0.5093765905183592	0.315001	1.0
46445	4317	0.0	-0.0	1.0	1.0
46451	0	0.045558916736351714	0.2929390845638986	0.647001	1.0
46465	0	0.0	-0.0	1.0	1.0
46480	557	0.06192356413853604	0.4322232292878134	0.404001	1.0
46485	0	0.0	-0.0	1.0	1.0
46506	0	0.037506682574232224	0.23130048049964805	0.570001	1.0
46511	0	0.011880517635928137	0.06375574987921089	0.863001	1.0
46521	0	0.1543877333374891	1.6096263005713782	0.020001	1.0
46523	0	0.06952477505446497	0.5035134571581897	0.30000099999999996	1.0
46536	1007	0.023671751231208044	0.13558261342140035	0.720001	1.0
46562	3107	0.013223014564475666	0.071495504671776	0.862001	1.0
46576	1470	0.007459810475872963	0.03904673356476941	0.9090010000000001	1.0
46583	0	0.0	-0.0	1.0	1.0
46592	4685	0.06491318993983324	0.4597542735176068	0.34800099999999995	1.0
46616	2423	0.09179059738644446	0.7374142132658795	0.185001	1.0
46618	0	0.18930217916497324	2.2447547311773604	0.006001	1.0
46642	4756	0.02146935095304013	0.12149933489654319	0.765001	1.0
46645	0	0.12290249492136404	1.129885520560097	0.074001	1.0
46658	0	0.013908971113913524	0.07549303333180582	0.834001	1.0
46667	3107	0.022991455050614056	0.13119923661522026	0.730001	1.0
46679	0	0.0	-0.0	1.0	1.0
46685	0	0.0	-0.0	1.0	1.0
46691	0	0.009922313474846876	0.05266422852487104	0.888001	1.0
46695	0	0.0393227648102691	0.24481443946496492	0.563001	1.0
46710	0	0.04960783064992838	0.3256297140884755	0.47000099999999995	1.0
46717	1007	0.0	-0.0	1.0	1.0
46729	0	0.0	-0.0	1.0	1.0
46737	0	0.045456844084947476	0.2921297554870103	0.509001	1.0
46761	0	0.06087288815616203	0.42270292137353926	0.37300099999999997	1.0
46767	0	0.025654526447124657	0.14852860090912723	0.719001	1.0
46769	0	0.018566937702157813	0.10341225369041104	0.7850010000000001	1.0
46792	1343	0.012141379055993419	0.06525099857600068	0.858001	1.0
46797	0	0.012832868953802297	0.06923481376514655	0.871001	1.0
46810	1872	0.11417851972196784	1.0118651763638984	0.053001	1.0
46811	0	0.015736701047858553	0.0862867444883263	0.8040010000000001	1.0
46820	0	0.02555746637281292	0.14788895099051513	0.697001	1.0
46821	0	0.0211914615633333	0.11974442258742661	0.771001	1.0
46826	1689	0.016874390141635158	0.09311044625171407	0.820001	1.0
46831	0	0.0392404265101457	0.2441968830995966	0.5540010000000001	1.0
46843	0	0.045567318742939726	0.2930057359455719	0.526001	1.0
46868	0	0.006293348501652656	0.03272366310788515	0.9220010000000001	1.0
46869	0	0.07240114207555985	0.5316082410309085	0.30100099999999996	1.0
46879	3556	0.04178772452419972	0.26351677220426495	0.5380010000000001	1.0
46913	1109	0.03007573453188095	0.17831719010282746	0.653001	1.0
46927	1110	0.07296295176783388	0.5371680290023609	0.29500099999999996	1.0
46943	2549	0.04275112098213702	0.2709396306916615	0.571001	1.0
46968	0	0.004392449114247028	0.02259337221728781	0.950001	1.0
46970	0	0.09472987843889116	0.7711591214338166	0.175001	1.0
46972	0	0.08261553518442825	0.6364249047865725	0.231001	1.0
46991	0	0.018932864250860004	0.10566320543168815	0.7870010000000001	1.0
46993	0	0.01344217412324067	0.07276953617413207	0.838001	1.0
46994	0	0.0568170393567845	0.3867040384716738	0.442001	1.0
46995	4672	0.01558191625995013	0.08536461067598097	0.822001	1.0
47017	0	0.0274750533065153	0.16063984559082767	0.6730010000000001	1.0
47025	529	0.0	-0.0	1.0	1.0
47040	0	0.13359799190720392	1.2832885779096408	0.055001	1.0
47043	1186	0.01312547214843422	0.07092941780645794	0.836001	1.0
47053	0	0.003937190335240273	0.020199027084963114	0.962001	1.0
47059	0	0.07508331414850995	0.5583655681476943	0.253001	1.0
47062	3016	0.011811139800323694	0.06335878087896243	0.863001	1.0
47064	0	0.025236651894146474	0.1457790510973608	0.711001	1.0
47085	0	0.06529662767388227	0.4633327792480789	0.36100099999999996	1.0
47087	1179	0.0	-0.0	1.0	1.0
47096	3518	0.06687724125653075	0.4781986313240908	0.336001	1.0
47102	2857	0.07076548939147853	0.5155562208527038	0.327001	1.0
47104	0	0.0011793393008468767	0.0059553751123906625	0.983001	1.0
47108	3020	0.015723080333315563	0.08620553886585135	0.817001	1.0
47124	3396	0.038939484552668685	0.24194367758041327	0.572001	1.0
47126	3572	0.06242693101659115	0.43681283841789886	0.37200099999999997	1.0
47127	606	0.12292819071234651	1.1302425056677794	0.07000100000000001	1.0
47130	4759	0.0683419908600286	0.49213975643483626	0.334001	1.0
47141	0	0.0	-0.0	1.0	1.0
47151	0	0.03492303037195034	0.21245952066943835	0.620001	1.0
47215	0	0.11684878437071607	1.0473185546093933	0.099001	1.0
47221	0	0.05351565255069786	0.35827616525684197	0.43500099999999997	1.0
47227	0	0.07930626246698261	0.6015966166264834	0.338001	1.0
47239	0	0.11080378514890477	0.9678981818465796	0.067001	1.0
47244	0	0.08410942074246777	0.6524228851761674	0.210001	1.0
47246	0	0.05661392054332494	0.38493243778122693	0.391001	1.0
47248	0	0.06582685971652291	0.46829911845570943	0.333001	1.0
47249	0	0.06160403786561125	0.4293194447760438	0.36000099999999996	1.0
47251	8	0.04400684576489585	0.2807109276170993	0.527001	1.0
47256	0	0.02761220538864944	0.16156101809580448	0.6830010000000001	1.0
47261	1530	0.06201875841972453	0.43308977468696297	0.35700099999999996	1.0
47292	0	0.1004172119842125	0.8383975353902833	0.163001	1.0
47303	0	0.023195403911602158	0.13251022437029072	0.741001	1.0
47304	0	0.04404171494152585	0.28098381408247824	0.500001	1.0
47311	0	0.00863356835154742	0.04549185520762661	0.9170010000000001	1.0
47313	0	0.10138895890698034	0.8501441797446244	0.135001	1.0
47324	0	0.009509781204678554	0.05035737196391672	0.890001	1.0
47342	0	0.08342449507740392	0.6450666799141045	0.239001	1.0
47351	0	0.026685974954834046	0.1553639151121058	0.719001	1.0
47358	0	0.0	-0.0	1.0	1.0
47361	0	0.02351663944142182	0.13458055604320973	0.753001	1.0
47366	0	0.06595275476933934	0.46948134161317445	0.331001	1.0
47368	0	0.07143188179650209	0.5220719007807573	0.43500099999999997	1.0
47378	0	0.051063925068511755	0.337667693576923	0.457001	1.0
47391	0	0.00940814339673018	0.04979060453218989	0.903001	1.0
47397	0	0.07768121083639179	0.5848003067437715	0.251001	1.0
47398	0	0.04555996769202763	0.29294742130934703	0.48500099999999996	1.0
47405	0	0.008516447878003966	0.04484501514562414	0.9070010000000001	1.0
47414	0	0.06018276655295845	0.41649337999503844	0.503001	1.0
47424	0	0.0	-0.0	1.0	1.0
47430	1491	0.0478835837476788	0.3115679281914433	0.48800099999999996	1.0
47441	0	0.06420779995931222	0.4531993414443587	0.36900099999999997	1.0
47451	2739	0.07850922571466377	0.5933334137600135	0.29100099999999995	1.0
47456	0	0.0	-0.0	1.0	1.0
47460	2709	0.11590831159688428	1.0347646117637974	0.087001	1.0
47473	3416	0.16797858410902866	1.8436178069277644	0.014001	1.0
47486	0	0.09613351255704411	0.7875145664643447	0.141001	1.0
47503	917	0.12885834952798217	1.2141138914468366	0.066001	1.0
47515	0	0.05853497432445642	0.40180677138408116	0.450001	1.0
47518	0	0.14506984997317043	1.4587024231690273	0.023001	1.0
47582	4436	0.08046481162533936	0.6136942672643535	0.264001	1.0
47597	0	0.08168802242022108	0.626578635950661	0.238001	1.0
47607	2832	0.13526667092843025	1.308099047396897	0.050001000000000004	1.0
47610	0	0.0	-0.0	1.0	1.0
47621	0	0.0001299542862831446	0.0006522790916556158	0.999001	1.0
47627	1283	0.08811327254374268	0.6961514925565807	0.214001	1.0
47628	4024	0.007063043456362852	0.03688681842279116	0.9240010000000001	1.0
47629	0	0.10294055777035582	0.869057298684117	0.114001	1.0
47645	0	0.05823279458553282	0.39913480573939775	0.41200099999999995	1.0
47650	0	0.07912225583641185	0.5996846432337019	0.267001	1.0
47668	0	0.05797791413520099	0.39688620446734724	0.42000099999999996	1.0
47680	0	0.18594771735750124	2.178846125236044	0.010001	1.0
47682	0	0.05077749408841399	0.33528784900320746	0.451001	1.0
47698	0	0.0985312194582087	0.8158149565165835	0.158001	1.0
47708	0	0.07117032808622528	0.5195105880189467	0.29400099999999996	1.0
47709	3360	0.11755325429503098	1.0567701692967648	0.023001	1.0
47734	0	0.06198928956467956	0.43282145151385776	0.36700099999999997	1.0
47740	0	0.0372533285900755	0.2294329955728582	0.576001	1.0
47751	2745	0.036270233669450994	0.22222765647445364	0.613001	1.0
47768	2235	0.0392311795338114	0.2441275574875628	0.581001	1.0
47769	4762	0.06779413394598771	0.48690676930170074	0.35500099999999996	1.0
47787	2036	0.0649038368253876	0.4596671190282002	0.37100099999999997	1.0
47789	0	0.011320013299891095	0.060557061391546395	0.860001	1.0
47793	0	0.0	-0.0	1.0	1.0
47796	0	0.03428290620967692	0.2078609284621152	0.609001	1.0
47797	0	0.060746039348121755	0.4215589691077873	0.36600099999999997	1.0
47801	3107	0.06094395990316419	0.4233443749586099	0.387001	1.0
47824	1644	0.029472552025017827	0.17417764668213162	0.6620010000000001	1.0
47827	0	0.02594327253814572	0.1504351245918138	0.708001	1.0
47845	529	0.046846168257228954	0.30320791986257445	0.465001	1.0
47874	3986	0.0	-0.0	1.0	1.0
47913	1259	0.02029835690929144	0.11413764998533946	0.758001	1.0
47914	0	0.015565648016617067	0.0852677789453517	0.828001	1.0
47937	1431	0.04405733853046792	0.28110611172418615	0.5580010000000001	1.0
47946	3540	0.07572639943609027	0.5648616269165726	0.267001	1.0
47951	0	0.009578182147938593	0.050739151828796916	0.863001	1.0
47975	1727	0.12735813888885672	1.1926158657982162	0.084001	1.0
47989	0	0.00582627348830569	0.03021459332072934	0.944001	1.0
48004	3577	0.038533409416798795	0.23891309236269792	0.585001	1.0
48006	4703	0.0943117176945698	0.7663167699974328	0.166001	1.0
48020	4032	0.0	-0.0	1.0	1.0
48051	2549	0.0	-0.0	1.0	1.0
48070	0	0.09093313552527678	0.7276980834230138	0.181001	1.0
48081	0	0.0	-0.0	1.0	1.0
48101	0	0.017641677357160004	0.09775828185621778	0.8050010000000001	1.0
48128	4763	0.0	-0.0	1.0	1.0
48129	0	0.0035604892744539526	0.018227098248768954	0.965001	1.0
48145	0	0.017436128627492626	0.09650954929910566	0.871001	1.0
48147	4764	0.015847914791587397	0.08695022479702962	0.813001	1.0
48153	0	0.029711347231962157	0.17581359206719613	0.649001	1.0
48157	0	0.11796777871578457	1.0623509174669359	0.086001	1.0
48169	2445	0.011617304040089906	0.0622512461833875	0.881001	1.0
48170	0	0.13032782020991	1.2353563002636319	0.054001	1.0
48182	0	0.08379219837241769	0.6490113692323666	0.233001	1.0
48197	0	0.08789101996087006	0.6936914877579939	0.211001	1.0
48219	0	0.07209233975376715	0.5285623578195404	0.28400099999999995	1.0
48232	0	0.00046480402437255874	0.002337501284925152	0.998001	1.0
48238	2790	0.04342109240398815	0.2761393911564598	0.529001	1.0
48253	0	0.05005856283376916	0.3293400637418634	0.590001	1.0
48255	1110	0.024394363810072556	0.14027129134960925	0.738001	1.0
48256	0	0.032894496550977155	0.1979809760753003	0.653001	1.0
48258	0	0.13637851702347975	1.3247628589035394	0.028001	1.0
48270	0	0.11784484351078608	1.0606943522908114	0.07000100000000001	1.0
48278	0	0.029412135134886157	0.1737643360342922	0.651001	1.0
48285	1397	0.015622363336434974	0.08560543095008141	0.825001	1.0
48288	0	0.03184421237713694	0.1905925350748182	0.651001	1.0
48304	1343	0.05005856283376916	0.3293400637418634	0.590001	1.0
48313	0	0.09398079577635439	0.7624944489229417	0.183001	1.0
48314	2634	0.11281459660223703	0.9939830149035173	0.114001	1.0
48319	4766	0.08663892456500721	0.6799044952736242	0.232001	1.0
48343	0	0.05805616329088735	0.3975760335128277	0.40800099999999995	1.0
48391	1273	0.08215196122889365	0.631495441981682	0.239001	1.0
48395	1604	0.006852824127748321	0.035746255631514984	0.9250010000000001	1.0
48398	0	0.06581048675558629	0.4681454533623358	0.343001	1.0
48405	0	0.038809447590225546	0.24097197581655747	0.645001	1.0
48408	0	0.016136182732332527	0.08867356897723072	0.814001	1.0
48414	0	0.04023019394583813	0.25165100649307354	0.5550010000000001	1.0
48422	0	0.08315837070031346	0.6422182226134169	0.214001	1.0
48429	4136	0.09375052152596523	0.759839763322959	0.166001	1.0
48442	0	0.10052676790193367	0.8397180818952512	0.14000100000000001	1.0
48447	1200	0.023454866489600733	0.13418191990975767	0.730001	1.0
48489	0	0.022486530762509394	0.12796506115474282	0.735001	1.0
48493	0	0.05032796300218605	0.33156456080317437	0.450001	1.0
48496	4764	0.09170609816459338	0.7364541656201457	0.214001	1.0
48510	0	0.0	-0.0	1.0	1.0
48514	4061	0.02172188132879633	0.12309837634609828	0.724001	1.0
48525	0	0.0442926377092312	0.2829500204963152	0.5460010000000001	1.0
48531	2858	0.05138942055804436	0.34037915689154874	0.460001	1.0
48551	1689	0.13378724245977178	1.2860904352971831	0.048001	1.0
48556	0	0.03646409811060762	0.2236433680502878	0.607001	1.0
48560	4768	0.04058416076530874	0.2543330446687614	0.5600010000000001	1.0
48562	2407	0.09586242682553518	0.784343654119452	0.148001	1.0
48563	0	0.039516339727881794	0.2462681167721941	0.5410010000000001	1.0
48583	0	0.0	-0.0	1.0	1.0
48601	0	0.0973048468566524	0.8012828229636066	0.189001	1.0
48605	916	0.022365624286385985	0.12719304889174168	0.739001	1.0
48607	0	0.015312663612121438	0.0837640875970798	0.844001	1.0
48618	0	0.04166100992850185	0.262545201593673	0.5460010000000001	1.0
48634	1227	0.1679218616044565	1.8426065922012878	0.012001	1.0
48642	1604	0.09458279243870846	0.7694542719059392	0.158001	1.0
48650	4292	0.08111422224158496	0.6205203790372782	0.240001	1.0
48669	0	0.050416125099537225	0.3322936473800554	0.465001	1.0
48670	0	0.0	-0.0	1.0	1.0
48691	0	0.06994686367506386	0.5075974933754347	0.29100099999999995	1.0
48692	0	0.05948656188528903	0.4102641641486826	0.42400099999999996	1.0
48698	0	0.0	-0.0	1.0	1.0
48702	3795	0.12754411361252185	1.1952705473361935	0.050001000000000004	1.0
48722	3345	0.14353874148878973	1.4346313066511556	0.039001	1.0
48724	940	0.036405977149781145	0.22321866858752806	0.617001	1.0
48727	0	0.0	-0.0	1.0	1.0
48736	0	0.06973615313238407	0.5055570448253013	0.30600099999999997	1.0
48744	2941	0.12897256005038232	1.2157583340448967	0.058001000000000004	1.0
48751	3257	0.022746077012200605	0.12962548143548883	0.755001	1.0
48766	0	0.0	-0.0	1.0	1.0
48775	0	0.0	-0.0	1.0	1.0
48794	0	0.057853308149845434	0.3957886152684423	0.439001	1.0
48798	0	0.010472089921163788	0.05575462164299719	0.882001	1.0
48810	0	0.061538415929497645	0.4287240089701654	0.36800099999999997	1.0
48822	0	0.06577270299957863	0.46779091708513115	0.317001	1.0
48828	0	0.03670453231189568	0.22540268372000719	0.587001	1.0
48831	2635	0.04934642263502684	0.3234844064985556	0.47500099999999995	1.0
48835	0	0.0	-0.0	1.0	1.0
48839	0	0.008583209906403842	0.04521363102479933	0.897001	1.0
48846	0	0.11857127396645181	1.0705012761640087	0.091001	1.0
48848	0	0.03312004888560677	0.19957725246259983	0.628001	1.0
48861	1854	0.016300212155420664	0.08965649734645671	0.8100010000000001	1.0
48869	3454	0.06689093793193056	0.47832825676797347	0.332001	1.0
48891	0	0.015736646498887032	0.08628641924860969	0.821001	1.0
48896	0	0.0	-0.0	1.0	1.0
48904	0	0.0472111648055844	0.3061406594364109	0.48800099999999996	1.0
48934	2722	0.0	-0.0	1.0	1.0
48946	4486	0.012928084895000583	0.0697856757280723	0.862001	1.0
48950	0	0.03654771973392893	0.22425480511847432	0.596001	1.0
48951	0	0.024358831544965296	0.14003995243774392	0.716001	1.0
48966	2946	0.11423939932039151	1.0126669272967432	0.106001	1.0
48971	0	0.0704916017036575	0.5128878987783765	0.278001	1.0
48977	0	0.026051199585244322	0.15114913225535478	0.714001	1.0
48990	0	0.04832999635622158	0.31518853561072624	0.514001	1.0
48994	0	0.0	-0.0	1.0	1.0
49005	1756	0.11867816581938535	1.0719480314071068	0.003001	0.9387985428571429
49033	0	0.09427957796964564	0.7659451600891438	0.190001	1.0
49037	2316	0.06635927087957849	0.4733067378633664	0.339001	1.0
49038	4233	0.031633540480231266	0.1891193497101084	0.6590010000000001	1.0
49061	0	0.05003094559500547	0.32911231144966757	0.463001	1.0
49064	0	0.013524065733670517	0.07324635404474943	0.860001	1.0
49072	0	0.02105009932695948	0.11885358913578133	0.741001	1.0
49081	0	0.07250576832014133	0.5326418486921006	0.30200099999999996	1.0
49091	4731	0.03996256893952468	0.24962887520481733	0.585001	1.0
49113	0	0.021736214214336372	0.12318925542672798	0.730001	1.0
49130	3682	0.0	-0.0	1.0	1.0
49162	932	0.022258250695866115	0.12650823198527403	0.770001	1.0
49170	0	0.015124837529861183	0.08265026105422896	0.832001	1.0
49172	4550	0.016083900010422824	0.08836062362888392	0.824001	1.0
49174	0	0.0	-0.0	1.0	1.0
49177	0	0.06649166738353017	0.4745552499456639	0.331001	1.0
49178	0	0.0	-0.0	1.0	1.0
49183	3107	0.021771971624535997	0.1234160360577032	0.727001	1.0
49219	917	0.0	-0.0	1.0	1.0
49253	0	0.0	-0.0	1.0	1.0
49277	0	0.08342339537510252	0.6450548980396134	0.220001	1.0
49286	2021	0.06429438895969292	0.45400201213534025	0.36300099999999996	1.0
49290	0	0.038345474513627534	0.23751430812898566	0.577001	1.0
49307	3765	0.08864950270765759	0.7021026127423411	0.223001	1.0
49319	0	0.08443801544362295	0.6559648958448621	0.237001	1.0
49325	0	0.05005856283376916	0.3293400637418634	0.590001	1.0
49329	1500	0.03774471279310593	0.23305897491972916	0.595001	1.0
49331	0	0.00757511899315691	0.039676221254622876	0.9180010000000001	1.0
49347	135	0.09719914562714083	0.8000359000636286	0.154001	1.0
49363	0	0.10812679939317782	0.933684608108648	0.114001	1.0
49377	425	0.06547963268220093	0.46504452613462743	0.329001	1.0
49382	735	0.08654992766750003	0.6789291773750822	0.225001	1.0
49392	2765	0.05085975028881219	0.33597069019266035	0.466001	1.0
49420	4653	0.05649049360703329	0.38385735847950314	0.395001	1.0
49434	3416	0.03574204631095858	0.21838338160941057	0.615001	1.0
49440	0	0.046939143609958864	0.3039540912070115	0.49000099999999996	1.0
49445	4736	0.039656504212956106	0.24732229632930347	0.579001	1.0
49472	4268	0.051395336682106385	0.3404285091759806	0.463001	1.0
49478	0	0.06312400207684829	0.4431991983640933	0.35900099999999996	1.0
49479	1630	0.008878638416751974	0.046848024115842074	0.895001	1.0
49489	4363	0.02088155002741389	0.11779309316274521	0.7850010000000001	1.0
49491	2280	0.010493651133729506	0.05587619598634156	0.877001	1.0
49510	0	0.0	-0.0	1.0	1.0
49552	0	0.05911351509520949	0.40694083392475844	0.36500099999999996	1.0
49578	0	0.0	-0.0	1.0	1.0
49596	0	0.05101310844445805	0.33724505440226366	0.459001	1.0
49598	0	0.028049401001543673	0.16450562384448678	0.689001	1.0
49612	0	0.06856899759193862	0.494314595751396	0.29800099999999996	1.0
49620	2709	0.008905266020131839	0.04699559462189385	0.892001	1.0
49621	0	0.004173256203087908	0.021439039735863204	0.957001	1.0
49624	0	0.031094917239377955	0.18536625327813908	0.6590010000000001	1.0
49626	0	0.07729674858191099	0.5808559600258486	0.260001	1.0
49629	932	0.036868837271991396	0.22660718928857398	0.615001	1.0
49639	0	0.09395590058043105	0.7622072461977253	0.187001	1.0
49649	1491	0.012648532766854056	0.06816994163345971	0.863001	1.0
49653	0	0.028411794499336732	0.16695590845374006	0.705001	1.0
49657	0	0.011503255872632517	0.061600675162494116	0.864001	1.0
49663	735	0.05005856283376916	0.3293400637418634	0.590001	1.0
49667	0	0.033006899202079006	0.19877604675031138	0.631001	1.0
49675	1040	0.08603106769930226	0.6732552270150105	0.208001	1.0
49679	0	0.0013043879388738126	0.00659158394691367	0.991001	1.0
49682	4769	0.04668382826070608	0.3019065116798329	0.621001	1.0
49689	1548	0.12939367985208802	1.2218313179850342	0.055001	1.0
49691	2709	0.13562383383198873	1.3134404637682906	0.055001	1.0
49692	4770	0.05303932152555774	0.3542388365198383	0.451001	1.0
49708	1343	0.015269556146376602	0.0835082622030605	0.8090010000000001	1.0
49710	3135	0.007391161175725171	0.038672345350569855	0.9140010000000001	1.0
49712	0	0.011684902442632022	0.06263722719394944	0.868001	1.0
49734	4736	0.019310054717375076	0.10799230012762873	0.767001	1.0
49744	0	0.10967887362455046	0.9534498687584001	0.069001	1.0
49753	3903	0.06923747342547987	0.5007411823819615	0.30600099999999997	1.0
49785	0	0.09393011228358934	0.7619097918378899	0.206001	1.0
49799	0	0.0440866909963112	0.28133592136211033	0.508001	1.0
49804	2584	0.12386351580044105	1.143274417412531	0.075001	1.0
49843	0	0.028308645505751167	0.16625760137223108	0.694001	1.0
49852	0	0.0	-0.0	1.0	1.0
49854	0	0.17941692325333702	2.0535529669295682	0.010001	1.0
49862	742	0.03937452652160823	0.24520290087261842	0.5500010000000001	1.0
49866	0	0.03894181722486042	0.2419611189917302	0.584001	1.0
49881	0	0.0	-0.0	1.0	1.0
49883	942	0.08268099704004572	0.6371223322809839	0.314001	1.0
49886	1715	0.045427638705767846	0.2918983207784572	0.527001	1.0
49889	3424	0.11969732798272559	1.0857898537751796	0.073001	1.0
49891	0	0.1286060106263417	1.2104845472044385	0.067001	1.0
49907	0	0.060876539778948885	0.42273586990473244	0.37000099999999997	1.0
49910	0	0.09106506325152666	0.7291892355677119	0.185001	1.0
49919	0	0.08375389489223672	0.6485999662019798	0.219001	1.0
49932	3866	0.021413752881282333	0.1211478306235074	0.750001	1.0
49944	0	0.12928467793136636	1.2202579549146255	0.054001	1.0
49945	0	0.03385298592431828	0.204787833858564	0.620001	1.0
49963	0	0.07504231780678804	0.5579525078510947	0.250001	1.0
49972	988	0.060728322686069085	0.42139928929055115	0.375001	1.0
49977	0	0.02969925427554149	0.17573065498190418	0.723001	1.0
49997	0	0.03569484149620718	0.21804072852779333	0.630001	1.0
49999	0	0.015100955842348556	0.08250879757931537	0.820001	1.0
50005	0	0.07878075253227435	0.59614300173612	0.250001	1.0
50006	3310	0.025179095003496067	0.14540122254108548	0.724001	1.0
50007	0	0.0	-0.0	1.0	1.0
50017	2163	0.02294775764760243	0.13091869631543396	0.747001	1.0
50020	0	0.07543203496112436	0.561884253992933	0.29100099999999995	1.0
50045	0	0.05057733579183653	0.3336282538279261	0.447001	1.0
50050	1688	0.07118383329070449	0.5196427148786044	0.30200099999999996	1.0
50062	4774	0.09771286645760335	0.8061044342838358	0.146001	1.0
50065	0	0.0	-0.0	1.0	1.0
50069	1459	0.04089940307623258	0.25672888364441465	0.5580010000000001	1.0
50072	0	0.009561747957012087	0.0506473984922127	0.9330010000000001	1.0
50073	0	0.0878547894689812	0.6932908349894161	0.199001	1.0
50103	0	0.08350383781110071	0.6459169797508324	0.221001	1.0
50119	0	0.10405431600277858	0.8827528239515674	0.146001	1.0
50125	0	0.018586471544041607	0.10353220016209759	0.7970010000000001	1.0
50126	0	0.01941806804347513	0.10866092373831013	0.8010010000000001	1.0
50146	0	0.03361887275034155	0.2031195799765043	0.636001	1.0
50157	970	0.041908482705148666	0.26444369949099245	0.530001	1.0
50184	0	0.06037480934183142	0.4182178555059196	0.388001	1.0
50188	0	0.0	-0.0	1.0	1.0
50192	0	0.0860990229444833	0.6739971572067496	0.216001	1.0
50202	0	0.06821962651569335	0.4909690317364125	0.30800099999999997	1.0
50210	3682	0.015867898079705997	0.08706952308242609	0.822001	1.0
50211	1109	0.06814664021914671	0.4902712623547273	0.332001	1.0
50221	764	0.015608605342650413	0.08552350496804263	0.818001	1.0
50226	0	0.018522287988591585	0.10313817498923193	0.7880010000000001	1.0
50234	0	0.10898756245531294	0.9446219540508265	0.126001	1.0
50258	0	0.027621329345858935	0.1616223421466188	0.693001	1.0
50270	0	0.032900356663703	0.1980224062759173	0.654001	1.0
50274	349	0.008724099988964534	0.04599241652578402	0.9060010000000001	1.0
50280	0	0.09073221893970128	0.7254297865325676	0.224001	1.0
50284	0	0.010778466493040435	0.05748480525796441	0.874001	1.0
50289	0	0.03374429893597086	0.20401289163833833	0.650001	1.0
50298	20	0.156738651155923	1.6489174520149765	0.025001000000000002	1.0
50306	0	0.06774641887571034	0.486452061521367	0.326001	1.0
50310	0	0.09510675170538227	0.7755352072791055	0.157001	1.0
50312	0	0.005388133831750083	0.027872781910192084	0.947001	1.0
50324	0	0.008174268127988629	0.04295994604109319	0.903001	1.0
50327	0	0.06693223569908462	0.4787191831781298	0.43400099999999997	1.0
50344	0	0.0	-0.0	1.0	1.0
50350	3117	0.04719279555134282	0.30599284033941854	0.522001	1.0
50363	2832	0.09840987522837202	0.8143717239363334	0.154001	1.0
50370	2406	0.0826809970400457	0.6371223322809836	0.321001	1.0
50376	349	0.16944755110896167	1.8699076708930535	0.020001	1.0
50401	0	0.04199848112705552	0.26513517004096676	0.5400010000000001	1.0
50407	0	0.018815464799088105	0.1049401162267736	0.7870010000000001	1.0
50422	0	0.11904361576173585	1.0769014806603858	0.076001	1.0
50464	0	0.0660013513182112	0.4699380025722576	0.321001	1.0
50470	0	0.03044035170169138	0.18083113678513704	0.612001	1.0
50472	0	0.10236339291005378	0.8619993817983997	0.146001	1.0
50474	0	0.04138915594902786	0.26046451123657965	0.564001	1.0
50479	0	0.0	-0.0	1.0	1.0
50480	0	0.0	-0.0	1.0	1.0
50481	0	0.004571187958849542	0.02353676719137878	0.958001	1.0
50500	0	0.01902384925172579	0.1062242010846833	0.769001	1.0
50508	0	0.03522204437733626	0.2146170326779403	0.615001	1.0
50523	1068	0.00948625959635203	0.05022615167071895	0.895001	1.0
50524	0	0.06482559018232023	0.4589382508672731	0.34700099999999995	1.0
50543	0	0.0	-0.0	1.0	1.0
50560	349	0.2097531393647979	2.6697904643851356	0.001001	0.9387985428571429
50568	2653	0.08149115603923854	0.6244972482980441	0.255001	1.0
50582	0	0.10122503747074485	0.8481573613440991	0.142001	1.0
50585	3434	0.027728907271592697	0.16234580666281717	0.688001	1.0
50589	0	0.032742578159131175	0.19690773245550394	0.621001	1.0
50594	0	0.06584701105306032	0.4684882718744896	0.330001	1.0
50601	0	0.0701745658095654	0.5098062051237124	0.327001	1.0
50606	1890	0.03763886594994137	0.23227653672301232	0.580001	1.0
50611	1911	0.10941062896902497	0.9500198062181499	0.099001	1.0
50618	1930	0.06884956019713469	0.497007818772485	0.28900099999999995	1.0
50634	0	0.06534591925324242	0.4637935877735122	0.35100099999999995	1.0
50635	0	0.10673070656646647	0.9160731872532696	0.129001	1.0
50652	2491	0.07582572184039	0.5658677105332336	0.252001	1.0
50655	0	0.022126529798308328	0.12566913897412643	0.719001	1.0
50657	4652	0.09646189852688591	0.791363533381882	0.166001	1.0
50675	4072	0.11867816581938535	1.0719480314071068	0.003001	0.9387985428571429
50680	0	0.0	-0.0	1.0	1.0
50699	132	0.0704195203799791	0.5121865854014455	0.31100099999999997	1.0
50707	0	0.10292940447842426	0.8689206555963447	0.156001	1.0
50709	0	0.04712434003375987	0.30544218020447655	0.5420010000000001	1.0
50711	0	0.05610639031736519	0.38051872929094616	0.41000099999999995	1.0
50721	0	0.05325567148236052	0.35607059163211835	0.43400099999999997	1.0
50733	0	0.1067693377264094	0.916558381990819	0.121001	1.0
50736	1684	0.04654577185290264	0.30080122191502123	0.49400099999999997	1.0
50743	0	0.04061118926741168	0.2545381943512663	0.5570010000000001	1.0
50752	0	0.09023516609746299	0.7198317821967617	0.186001	1.0
50753	0	0.008214188556062492	0.04317950394550243	0.887001	1.0
50754	0	0.048829054231685626	0.3192526749267492	0.47700099999999995	1.0
50755	0	0.0351434254051661	0.21404918164119624	0.595001	1.0
50769	0	0.031325223057768775	0.18696865770599175	0.622001	1.0
50771	1007	0.11305360819761352	0.9971056009869756	0.045001	1.0
50774	0	0.14182979944998453	1.4080054376503677	0.043001	1.0
50787	1797	0.07593152789391949	0.5669402915068498	0.36400099999999996	1.0
50797	425	0.03549957350872491	0.216624899270301	0.584001	1.0
50807	0	0.05488342451817472	0.36995921512617513	0.42500099999999996	1.0
50811	0	0.11900119900461836	1.076325978051434	0.093001	1.0
50814	4083	0.00736177070357194	0.0385121469691834	0.9130010000000001	1.0
50821	0	0.10007370341122754	0.8342632394614269	0.159001	1.0
50841	0	0.08718064313746318	0.6858544674516419	0.275001	1.0
50850	0	0.05613743341181664	0.3807881624354285	0.40700099999999995	1.0
50854	1567	0.06252202228751391	0.4376819428743508	0.36000099999999996	1.0
50859	0	0.06930927000377338	0.5014333968295286	0.313001	1.0
50861	0	0.018733577823340054	0.10443627149211432	0.7960010000000001	1.0
50863	0	0.024934906179076455	0.14380064631558015	0.733001	1.0
50875	0	0.009079267108774755	0.04796096660284003	0.902001	1.0
50876	0	0.04075213531950606	0.2556088028228408	0.5500010000000001	1.0
50883	1191	0.09251526806984695	0.7456706919706952	0.187001	1.0
50894	0	0.005299522854640602	0.027400554351419568	0.9310010000000001	1.0
50916	0	0.01140378802497045	0.061033925240629824	0.885001	1.0
50930	0	0.08043105634173894	0.6133403404088871	0.28800099999999995	1.0
50944	0	0.027775930940801094	0.16266227987302978	0.6870010000000001	1.0
50957	0	0.011061824300505493	0.05909009219924921	0.892001	1.0
50982	742	0.06156777050367221	0.42899032566327916	0.394001	1.0
50991	0	0.038345136852774964	0.2375117971065906	0.581001	1.0
51003	0	0.0065607026141683185	0.03416571994563292	0.9250010000000001	1.0
51004	0	0.01713290325551014	0.09467226209293728	0.819001	1.0
51012	0	0.0	-0.0	1.0	1.0
51015	0	0.008287252807221986	0.04358159801043905	0.9090010000000001	1.0
51017	0	0.02861410692667165	0.16832756733213383	0.6860010000000001	1.0
51029	0	0.1014466576950924	0.8508440338695993	0.179001	1.0
51040	913	0.036094544698764844	0.2209468627178889	0.614001	1.0
51050	0	0.028347984830021173	0.1665238418831917	0.705001	1.0
51066	0	0.008456020569557538	0.044511607390293355	0.9100010000000001	1.0
51074	0	0.05005856283376916	0.3293400637418634	0.590001	1.0
51075	0	0.04731238608337583	0.30695561973022945	0.523001	1.0
51091	0	0.0	-0.0	1.0	1.0
51094	1438	0.05238727999005072	0.3487383836018917	0.43400099999999997	1.0
51126	3336	0.0	-0.0	1.0	1.0
51130	0	0.005567185360325128	0.02882841283158879	0.9350010000000001	1.0
51152	0	0.09617993533229806	0.788058162095536	0.17100100000000001	1.0
51167	366	0.04096096813889047	0.25719757217525924	0.5560010000000001	1.0
51174	0	0.0809605134561192	0.6189017898819477	0.246001	1.0
51183	0	0.09289792300736704	0.7500471112994872	0.181001	1.0
51185	0	0.0	-0.0	1.0	1.0
51205	887	0.023724419366547185	0.13592321383617312	0.704001	1.0
51210	0	0.007956173394221083	0.041762144602611774	0.9130010000000001	1.0
51229	0	0.0925648279308551	0.7462368575885621	0.184001	1.0
51250	1930	0.0	-0.0	1.0	1.0
51259	0	0.05118347435812353	0.338662699288951	0.588001	1.0
51260	0	0.0	-0.0	1.0	1.0
51263	1299	0.0	-0.0	1.0	1.0
51268	1182	0.12073734112089957	1.1000040216372649	0.083001	1.0
51279	0	0.05148036756041927	0.3411381103212297	0.458001	1.0
51287	0	0.06271725659709354	0.4394683958452329	0.36700099999999997	1.0
51294	0	0.038204760437675775	0.2364685556684368	0.607001	1.0
51298	0	0.06644701234473263	0.4741340037653632	0.327001	1.0
51303	3214	0.05986973395807082	0.41368820184228167	0.37200099999999997	1.0
51338	2796	0.0012490684084565974	0.006310022848470429	0.982001	1.0
51346	297	0.03579599445694616	0.21877516729981794	0.612001	1.0
51349	0	0.0021654561465307004	0.010997217379917597	0.984001	1.0
51358	0	0.05496151094725714	0.3706302378534687	0.43600099999999997	1.0
51366	0	0.03742481032557453	0.23069652068124577	0.579001	1.0
51392	3520	0.0885535878412387	0.7010364959781041	0.186001	1.0
51395	0	0.014117223433400248	0.07671241363405006	0.826001	1.0
51408	3087	0.04186499192254097	0.26410975325692615	0.574001	1.0
51412	658	0.013019658510654092	0.07031599205263209	0.859001	1.0
51423	0	0.21168738874428422	2.7120863413965104	1e-06	0.010948999999999999
51459	0	0.02802680700047803	0.1643531418771295	0.6730010000000001	1.0
51466	0	0.0	-0.0	1.0	1.0
51488	0	0.052792723352418185	0.3521550435254348	0.455001	1.0
51501	0	0.010972570964188529	0.05858392287567455	0.886001	1.0
51503	0	0.03224042587039697	0.19337116077849975	0.635001	1.0
51510	1448	0.0	-0.0	1.0	1.0
51525	887	0.057854487198909364	0.3957989956449773	0.41800099999999996	1.0
51526	0	0.09724212161189519	0.8005427665411164	0.172001	1.0
51532	0	0.058652983909204315	0.4028520408160827	0.384001	1.0
51539	2931	0.047395943535992614	0.30762890368485546	0.47200099999999995	1.0
51568	1756	0.05005856283376916	0.3293400637418634	0.590001	1.0
51575	0	0.059877576208679104	0.4137583916921909	0.377001	1.0
51578	0	0.025870505155586983	0.1499541481181302	0.700001	1.0
51583	0	0.0	-0.0	1.0	1.0
51627	4363	0.043309093687642984	0.2752679934295439	0.631001	1.0
51628	0	0.0	-0.0	1.0	1.0
51632	0	0.0028035556579007886	0.01429003493297172	0.965001	1.0
51671	4780	0.15171563441457284	1.5655629608412789	0.025001000000000002	1.0
51680	0	0.04213986941829999	0.2662226011662642	0.5550010000000001	1.0
51689	0	0.002321190685148647	0.011798659991750348	0.973001	1.0
51698	1540	0.11867816581938535	1.0719480314071068	0.003001	0.9387985428571429
51712	0	0.10820889883030074	0.9347252080173597	0.125001	1.0
51715	0	0.01910940050138888	0.10675217055217047	0.772001	1.0
51718	0	0.027634202037961537	0.16170887149608515	0.6800010000000001	1.0
51726	0	0.11530343124632225	1.0267289741655832	0.039001	1.0
51746	0	0.04304091730701778	0.27318498698850924	0.508001	1.0
51764	297	0.049990652844276603	0.32878012395791795	0.49400099999999997	1.0
51782	0	0.01825489087526644	0.10149940965707857	0.7840010000000001	1.0
51792	0	0.0	-0.0	1.0	1.0
51808	0	0.030475415947555276	0.18107335901732793	0.6740010000000001	1.0
51826	1222	0.09555345453970679	0.7807366842468499	0.183001	1.0
51828	0	0.09711202886970041	0.7990088799620167	0.157001	1.0
51845	4781	0.09068172892054618	0.7248602647153428	0.175001	1.0
51850	0	0.0	-0.0	1.0	1.0
51856	0	0.005891279394757918	0.03056301744606659	0.9260010000000001	1.0
51867	4574	0.043297316255031124	0.27517641033091217	0.509001	1.0
51882	0	0.05309247448341222	0.354688554187038	0.42400099999999996	1.0
51891	0	0.08553486685011166	0.6678485960058198	0.218001	1.0
51892	1068	0.0	-0.0	1.0	1.0
51897	0	0.09024795356108659	0.7199755570900478	0.219001	1.0
51902	1397	0.07263919774095237	0.5339611965186153	0.30900099999999997	1.0
51904	2091	0.0	-0.0	1.0	1.0
51906	917	0.06420467712526125	0.45317040339997583	0.339001	1.0
51915	0	0.07761161321530806	0.5840854450466577	0.268001	1.0
51920	0	0.10821559542279394	0.9348101106672903	0.090001	1.0
51930	0	0.16924219577366761	1.8662206405256245	0.007001	1.0
51938	0	0.07842666632459978	0.5924802551661827	0.276001	1.0
51949	1604	0.03666686930832233	0.22512683645491657	0.592001	1.0
51951	1214	0.0	-0.0	1.0	1.0
51959	0	0.0	-0.0	1.0	1.0
51960	0	0.022430956483206563	0.12761009183118616	0.746001	1.0
51962	0	0.046936329842970075	0.30393150052982587	0.517001	1.0
51977	0	0.05106054443039721	0.3376395713155126	0.443001	1.0
51978	0	0.03566278292126002	0.21780810539761136	0.596001	1.0
51984	1007	0.0209808613938708	0.1184177316995891	0.761001	1.0
52025	0	0.0	-0.0	1.0	1.0
52030	0	0.05936343953842928	0.4091661994895982	0.387001	1.0
52032	1151	0.05005856283376916	0.3293400637418634	0.590001	1.0
52040	10	0.07818135094262825	0.5899482592496255	0.36100099999999996	1.0
52044	3190	0.1296073724113391	1.224918738691161	0.056001	1.0
52046	0	0.0	-0.0	1.0	1.0
52063	2946	0.07847637670431279	0.592993893921197	0.270001	1.0
52076	0	0.08333079469392797	0.6440631370485768	0.215001	1.0
52082	3214	0.050028306384266474	0.3290905493711793	0.468001	1.0
52094	4501	0.05005856283376916	0.3293400637418634	0.590001	1.0
52098	0	0.06673360861132076	0.4768401266452297	0.320001	1.0
52100	0	0.0646980506691982	0.45775118471424037	0.386001	1.0
52129	0	0.0	-0.0	1.0	1.0
52137	0	0.05905785502860406	0.4064458442683339	0.508001	1.0
52139	0	0.007424302953506594	0.03885305316532113	0.900001	1.0
52166	0	0.057631094699093006	0.39383403370502135	0.42300099999999996	1.0
52183	0	0.06918205874779335	0.5002071736123687	0.444001	1.0
52187	0	0.10452909247106164	0.8886214079902975	0.119001	1.0
52199	0	0.1431066162078259	1.427874665751495	0.022001	1.0
52204	887	0.06569070150248378	0.46702183479200504	0.336001	1.0
52211	4587	0.04685824899181593	0.3033048393605003	0.518001	1.0
52225	0	0.035926054670604515	0.2197205048703462	0.596001	1.0
52229	994	0.054200425964276024	0.3641085692339402	0.464001	1.0
52231	0	0.06853534150680296	0.4939919117011132	0.337001	1.0
52244	0	0.04160726202099209	0.2621334284327816	0.5600010000000001	1.0
52255	0	0.024254652439842303	0.13936214634510574	0.715001	1.0
52269	1228	0.09146435086628561	0.7337106235729238	0.193001	1.0
52270	4303	0.01149177051659847	0.061535202755490376	0.869001	1.0
52278	0	0.05729312624335051	0.39086810243241443	0.41000099999999995	1.0
52280	4255	0.09487116019191978	0.7727983059846386	0.175001	1.0
52310	0	0.09018319437157155	0.7192475737429894	0.174001	1.0
52316	0	0.13571542849716903	1.3148120369585108	0.038001	1.0
52322	0	0.06693223569908462	0.4787191831781298	0.43400099999999997	1.0
52336	887	0.007377022658207409	0.03859527418649304	0.9200010000000001	1.0
52342	0	0.02531050929797318	0.14626419776307456	0.7950010000000001	1.0
52363	297	0.033219052287635095	0.20027898986960294	0.613001	1.0
52372	0	0.0013736588397291576	0.006944405268155797	0.977001	1.0
52408	4666	0.0	-0.0	1.0	1.0
52420	0	0.04902442341992217	0.32084845365647113	0.47200099999999995	1.0
52421	0	0.0	-0.0	1.0	1.0
52422	0	0.033434803581391774	0.20181050420334282	0.623001	1.0
52423	0	0.03766734633710489	0.23248699399814482	0.621001	1.0
52427	1482	0.011832214625110624	0.06347933649965347	0.860001	1.0
52430	0	0.08015697891168987	0.6104698449853895	0.264001	1.0
52434	0	0.0	-0.0	1.0	1.0
52451	2823	0.0280369068491024	0.16442129941294092	0.6620010000000001	1.0
52456	0	0.0	-0.0	1.0	1.0
52464	0	0.08923767493886112	0.7086559911668803	0.207001	1.0
52467	3656	0.0	-0.0	1.0	1.0
52468	0	0.05124842238735938	0.33920368414454305	0.47600099999999995	1.0
52471	0	0.0	-0.0	1.0	1.0
52483	0	0.036642630754907715	0.22494936176036073	0.618001	1.0
52488	0	0.010182722244060926	0.05412574151917726	0.890001	1.0
52496	0	0.001323918326372896	0.006691030828040904	0.982001	1.0
52501	0	0.08829056212160276	0.6981165838756113	0.215001	1.0
52506	0	0.011825901415879126	0.06344321980392584	0.868001	1.0
52507	0	0.07208344237587241	0.5284747042111022	0.31000099999999997	1.0
52516	0	0.05683684470377009	0.38687693938362977	0.40800099999999995	1.0
52517	0	0.10143722980515518	0.8507296605644203	0.144001	1.0
52530	0	0.032394696142145754	0.19445587364000133	0.640001	1.0
52531	0	0.0073867242994950216	0.038648157985232155	0.9190010000000001	1.0
52536	4745	0.09407880701626967	0.763625628434458	0.177001	1.0
52538	0	0.01303287690557109	0.07039258439059086	0.853001	1.0
52546	0	0.058655778494544494	0.40287680605410947	0.37100099999999997	1.0
52547	0	0.09786622535247415	0.8079201187826038	0.154001	1.0
52554	0	0.044832753297261954	0.28719711882441223	0.5390010000000001	1.0
52555	1111	0.028097225038507923	0.16482848807432302	0.6780010000000001	1.0
52559	3257	0.10622651109843285	0.9097517556594387	0.114001	1.0
52572	4268	0.09469130070386823	0.7707118077683299	0.152001	1.0
52591	0	0.01211471637659272	0.06509797749991116	0.863001	1.0
52593	3388	0.12754055443082685	1.1952197146413686	0.069001	1.0
52597	0	0.00967657834929437	0.051288848040956715	0.903001	1.0
52607	0	0.02613124565488876	0.15167917804353964	0.726001	1.0
52613	0	0.006042882044156376	0.03137656923803743	0.9250010000000001	1.0
52621	0	0.02053946682888466	0.11564629930911088	0.767001	1.0
52622	0	0.0042420363337939485	0.021800949513065552	0.953001	1.0
52625	1228	0.04935272035602267	0.32353603369865686	0.453001	1.0
52636	1681	0.007614543252841473	0.039891627908257704	0.9130010000000001	1.0
52643	0	0.1064091325858031	0.9120390210009615	0.133001	1.0
52650	3869	0.05472599220147617	0.3686076732999852	0.41200099999999995	1.0
52654	203	0.0	-0.0	1.0	1.0
52655	0	0.03125216469162825	0.18645995711946128	0.6640010000000001	1.0
52657	425	0.0	-0.0	1.0	1.0
52661	0	0.042077250148649506	0.2657408206196072	0.529001	1.0
52662	0	0.006850207905544151	0.03573207777816729	0.9180010000000001	1.0
52665	0	0.10639014021224273	0.9118010227138439	0.125001	1.0
52668	2558	0.03240949999856037	0.19456004651701392	0.651001	1.0
52669	0	0.06528403308854638	0.4632150658957353	0.35600099999999996	1.0
52670	0	0.019789966261583754	0.11096869766228426	0.8020010000000001	1.0
52676	0	0.055348299455612045	0.37396047751915557	0.43400099999999997	1.0
52689	0	0.02208612790394021	0.1254119919966904	0.766001	1.0
52696	349	0.045881903720407395	0.295504808796899	0.518001	1.0
52710	0	0.048267149265663646	0.3146779720967429	0.507001	1.0
52714	2880	0.05118347435812353	0.338662699288951	0.588001	1.0
52725	0	0.031795909474704634	0.19025450244724787	0.617001	1.0
52733	0	0.06729668867559334	0.48217458289426063	0.336001	1.0
52737	0	0.10173599521021284	0.8543575657364697	0.136001	1.0
52738	0	0.05005856283376916	0.3293400637418634	0.590001	1.0
52739	0	0.019751152111627486	0.11072743107502109	0.769001	1.0
52740	3055	0.030987717760405025	0.18462158711024082	0.654001	1.0
52752	0	0.1245587100104337	1.1530081427458574	0.076001	1.0
52756	0	0.02733345046333374	0.15969006952482961	0.708001	1.0
52762	0	0.033873021611057666	0.20493077528583953	0.646001	1.0
52765	3135	0.06709891283544706	0.4802982385975406	0.336001	1.0
52772	0	0.01465261439748544	0.07985961813052901	0.848001	1.0
52774	0	0.02601285655273147	0.15089538145299558	0.6860010000000001	1.0
52776	0	0.05553964299905004	0.3756119034899179	0.460001	1.0
52778	0	0.06967737547808903	0.504988452600832	0.316001	1.0
52784	0	0.08819769442111829	0.6970869255923918	0.216001	1.0
52788	114	0.015792881340978962	0.08662180917983613	0.836001	1.0
52799	0	0.05105158871469236	0.33756507598167357	0.459001	1.0
52809	0	0.03310864593096764	0.19949647017058725	0.627001	1.0
52810	0	0.0973048468566524	0.8012828229636066	0.189001	1.0
52813	0	0.0	-0.0	1.0	1.0
52815	0	0.057908570982363836	0.3962752584505272	0.453001	1.0
52818	0	0.06262059621421268	0.43858357566527084	0.37100099999999997	1.0
52820	1241	0.08335600358700401	0.6443330609142263	0.206001	1.0
52823	2724	0.0245331024902282	0.14117535413028356	0.716001	1.0
52825	0	0.03500287156548432	0.21303502080549222	0.588001	1.0
52836	5	0.08478820416496799	0.6597488583331508	0.188001	1.0
52837	0	0.11867816581938535	1.0719480314071068	0.003001	0.9387985428571429
52840	0	0.01277926114266626	0.06892491688540388	0.855001	1.0
52864	0	0.014677729750437348	0.08000769084330522	0.848001	1.0
52867	1891	0.0	-0.0	1.0	1.0
52868	0	0.14274780100813342	1.4222766357514676	0.024001	1.0
52870	1714	0.09378904044404453	0.7602835319524235	0.181001	1.0
52877	0	0.0	-0.0	1.0	1.0
52879	0	0.0904669064676432	0.7224393247238612	0.184001	1.0
52886	1902	0.10952503299790044	0.9514819802193732	0.118001	1.0
52889	1900	0.0	-0.0	1.0	1.0
52898	4786	0.025857910586113506	0.14987093568529963	0.719001	1.0
52901	0	0.03660256713207818	0.22465610290346277	0.607001	1.0
52902	3831	0.024792847169837175	0.1428712725793563	0.697001	1.0
52913	0	0.030599882399966825	0.1819338237801046	0.643001	1.0
52915	874	0.0	-0.0	1.0	1.0
52916	0	0.04808360789533179	0.31318848633383023	0.48000099999999996	1.0
52917	0	0.026899037821113376	0.1567844917003373	0.702001	1.0
52930	0	0.01497494310403237	0.08176294656757302	0.816001	1.0
52936	2585	0.0897467061610916	0.714349401955716	0.194001	1.0
52947	0	0.16334169613812594	1.7619172905058713	0.014001	1.0
52963	0	0.04103916986818741	0.2577932885004347	0.575001	1.0
53003	0	0.0	-0.0	1.0	1.0
53011	4464	0.0	-0.0	1.0	1.0
53017	0	0.059929106875466924	0.4142197134232994	0.380001	1.0
53031	0	0.005806821204355574	0.030110380301950273	0.9310010000000001	1.0
