row ID	ComponentIndex	rho_abs	es_member	p_feature_perm	p_feature_fdr
1	0	0.023208537701102913	0.13116400993179272	0.741001	1.0
3	1	0.006939665978567586	0.03585614256596445	0.9300010000000001	1.0
5	0	0.0575642892576531	0.3884160871155543	0.41600099999999995	0.977047710036379
10	0	0.10023310023310023	0.8247036197187941	0.160001	0.8310208384376389
17	277	0.03579019397738112	0.21624482224027447	0.640001	1.0
20	278	0.0781685896102372	0.5821297053542864	0.267001	0.8995058304615384
22	348	0.024038128157121304	0.13646155383256797	0.739001	1.0
24	277	0.05115171656462447	0.3343272238844791	0.462001	1.0
26	425	0.09658087667379929	0.7819644929899909	0.179001	0.8404296522298456
37	7	0.10488527552702769	0.880659962929164	0.135001	0.8255721652406417
40	8	0.010413490237479412	0.05486185840271485	0.872001	1.0
42	0	0.01704947805788639	0.09318022336169511	0.8090010000000001	1.0
48	499	0.1661385906237165	1.783314205911405	0.019001	0.5978216925287356
51	0	0.04171942907175901	0.2599328090749746	0.5530010000000001	1.0
55	425	0.07472142655209021	0.5475595732122902	0.264001	0.898348226095003
57	349	0.09561643543336908	0.770851905218488	0.170001	0.8310208384376389
60	426	0.06411589935617398	0.446678257924697	0.36100099999999996	0.9474113012943431
71	1	0.0	-0.0	1.0	1.0
72	572	0.01416203933366403	0.0761791343923443	0.849001	1.0
79	572	0.10161329898172006	0.8411268548872544	0.126001	0.8221602794994041
86	444	0.08377473022781949	0.6402470538493341	0.225001	0.8848907862787356
87	427	0.1338739445146768	1.2685812858467571	0.054001	0.7718759125326371
92	10	0.06179174536555763	0.4256594399490492	0.374001	0.9576559749766136
98	0	0.1232017410507113	1.117780708817554	0.080001	0.7875692535087719
99	573	0.05729225008401208	0.38606285599449713	0.41600099999999995	0.977047710036379
100	777	0.042198076523019296	0.2635622131228969	0.5350010000000001	1.0
106	0	0.06006464930950059	0.41029043334129595	0.402001	0.9682157828860537
108	425	0.07368527734660457	0.5373405663775612	0.29300099999999996	0.9173771658564482
114	572	0.10767950584884226	0.9150915768297371	0.123001	0.820033522468544
122	574	0.007539932308102518	0.039089274093081924	0.9070010000000001	1.0
124	0	0.07701108959690194	0.570423178517719	0.271001	0.9054592459566676
129	0	0.05515727598107459	0.3677756723676401	0.444001	0.9900951016293279
136	0	0.0027404128889361515	0.013827104982038272	0.962001	1.0
138	777	0.17844518163774112	2.003726749411049	0.011000999999999999	0.5816998406250001
139	816	0.02800791420001878	0.1624160912294096	0.695001	1.0
152	348	0.19141698259580478	2.2509435497055774	0.004001	0.4294798921568628
154	0	0.10467191979688964	0.8780563570020254	0.129001	0.8235754804664723
156	1	0.13291173224867875	1.2545963529897497	0.060001	0.7875692535087719
157	728	0.0482735145803888	0.31098043144875903	0.510001	1.0
178	0	0.015119510542851496	0.08176028486531939	0.8060010000000001	1.0
181	499	0.05696452019024113	0.3832348189542429	0.42400099999999996	0.9800267994511292
184	0	0.03707883172900685	0.22554086896099934	0.575001	1.0
185	499	0.0798141599056931	0.5989444549234055	0.243001	0.8940248484543011
186	572	0.0587844649629547	0.3990353958744371	0.389001	0.9614383632054175
191	866	0.022461314220769576	0.12642955804289552	0.772001	1.0
192	0	0.04356050269723986	0.27397762103882684	0.500001	1.0
202	878	0.0020965243197436185	0.010539623290239003	0.981001	1.0
205	879	0.05702263254534562	0.3837357276343949	0.41900099999999996	0.9788013545978237
209	887	0.016360318627877707	0.08907617653093833	0.8060010000000001	1.0
213	572	0.002118947039740876	0.010653705805318285	0.981001	1.0
225	0	0.09181480251604038	0.7277501279613957	0.182001	0.8422353968723585
227	779	0.10421100638491948	0.872444069925147	0.129001	0.8235754804664723
228	849	0.07397198529921645	0.5401602870015076	0.29800099999999996	0.9206582813205417
229	0	0.10544318381846987	0.8874852239412048	0.133001	0.8241244759479344
230	899	0.04334915773398563	0.27235371798842156	0.517001	1.0
233	350	0.07128093112074808	0.5139324353721217	0.28300099999999995	0.9137652459451487
249	0	0.12791881265038346	1.1832690897799862	0.080001	0.7875692535087719
250	0	0.007179700543544944	0.037146463714698354	0.9120010000000001	1.0
252	0	0.04548446012976947	0.28890002032492906	0.525001	1.0
253	913	0.059014595739151854	0.40105006619817307	0.392001	0.9629838341934036
256	914	0.08698955608151882	0.6746438872130445	0.195001	0.8563507378292099
259	10	0.13031804578406342	1.2172847171724457	0.056001	0.7811063191489362
261	572	0.013389928149653554	0.07171899703575889	0.847001	1.0
263	754	0.13791496229847938	1.3281628485831518	0.037001	0.7273320448833034
272	0	0.12871433789841202	1.1944948441703196	0.052001	0.7632157493297588
276	0	0.014200716303387255	0.07640350447027747	0.845001	1.0
284	972	0.10505452808526237	0.8827279359783937	0.134001	0.8242567129213484
285	576	0.0980301163367525	0.7987991799675993	0.170001	0.8310208384376389
286	572	0.05611987075641079	0.3759810982134254	0.42500099999999996	0.980475336915297
287	985	0.007859798477647461	0.040820792825063026	0.902001	1.0
290	0	0.058816548005029015	0.39931604025250295	0.40900099999999995	0.971610316554567
291	1	0.06853644660149943	0.48773058787600276	0.325001	0.9352299346354166
295	8	0.06760573522587256	0.47896968510755034	0.328001	0.9352299346354166
296	1	0.036675445194656986	0.22261908491639917	0.616001	1.0
299	994	0.09837492320769654	0.8028286493897973	0.161001	0.8310208384376389
300	0	0.18831518015767984	2.19042100017072	0.006001	0.49033544029850745
301	0	0.013506693739649703	0.07239118149348095	0.850001	1.0
303	5	0.06016154200550722	0.4111470292777486	0.388001	0.9613539146865807
308	0	0.12068456814657973	1.0835829348538868	0.07000100000000001	0.7875692535087719
311	0	0.03910943692522947	0.24041292337601386	0.576001	1.0
312	503	0.08897245133259064	0.696251771142046	0.214001	0.8739638004475941
313	349	0.1394258441086211	1.350793176395189	0.031001	0.682957643863179
316	746	0.08741299797288876	0.6792330056162103	0.213001	0.8734636513108613
318	278	0.006228043702799068	0.03205065432942989	0.9160010000000001	1.0
324	0	0.11121195056566155	0.9595100511711616	0.104001	0.8168629476327116
329	499	0.02258572789132718	0.12721541393195412	0.730001	1.0
330	8	0.040284029882691245	0.2491410951201859	0.5490010000000001	1.0
332	1020	0.011716410007587226	0.06217547426330253	0.870001	1.0
334	499	0.07440606055499902	0.5444408857722896	0.275001	0.9085654643934822
335	0	0.0024017296734108948	0.012094928730303028	0.979001	1.0
336	1033	0.04744683234385755	0.30438020235387225	0.505001	1.0
337	17	0.0	-0.0	1.0	1.0
340	1034	0.0743756323411727	0.5441403667785745	0.269001	0.9029098556100552
341	1035	0.054999459928671245	0.36643661221572804	0.43100099999999997	0.981495413685524
345	1037	0.03136691054320376	0.18516648285373546	0.654001	1.0
346	504	0.03961332179113138	0.2441458950569378	0.574001	1.0
347	0	0.06365649081585442	0.44249279315949785	0.34500099999999995	0.9398895120676785
351	0	0.006326082027925746	0.03257316265478111	0.9350010000000001	1.0
355	1020	0.06121948227211393	0.4205434379735745	0.385001	0.9600036322022317
357	0	0.033711521125708785	0.20148031215873954	0.616001	1.0
358	0	0.10830813427723843	0.922923331814792	0.116001	0.820033522468544
360	0	0.059775274306166734	0.4077361412563965	0.396001	0.9659475442222223
364	0	0.09876488881065541	0.807397039637763	0.152001	0.8310208384376389
367	1052	0.049124407247977064	0.3178230140135547	0.467001	1.0
368	0	0.13354569522610477	1.2638017500639604	0.058001000000000004	0.7869305439900868
370	576	0.05049393779370896	0.3289411371647327	0.47500099999999995	1.0
371	914	0.008598571527633311	0.04484305537651811	0.880001	1.0
372	887	0.16270130465979055	1.7241683336253544	0.018001	0.5900986497005988
374	914	0.01726070359287138	0.09444394207758983	0.814001	1.0
379	610	0.01296219584023717	0.06926371197552306	0.848001	1.0
380	277	0.026049084401487146	0.1494837803760561	0.6850010000000001	1.0
381	1075	0.0014648623178900831	0.007337696324143793	0.984001	1.0
382	913	0.03860894706211638	0.2367218775020946	0.5560010000000001	1.0
385	994	0.04362390600280733	0.27446538030488216	0.5500010000000001	1.0
387	8	0.17529789446948646	1.9460617565252976	0.018001	0.5900986497005988
393	506	0.0740746667520123	0.5411716157132386	0.29000099999999995	0.9168680668196155
394	879	0.09397353218863519	0.7520880506595982	0.166001	0.8310208384376389
399	0	0.034857294827794996	0.20958343084397818	0.620001	1.0
401	499	0.07751563974792727	0.5755137459779949	0.258001	0.898348226095003
402	572	0.040665281559552985	0.2519939562084486	0.5500010000000001	1.0
404	578	0.05310752464003492	0.35051940288109695	0.452001	0.9971708541204917
408	581	0.011049591141124335	0.05841975361971537	0.880001	1.0
409	572	0.13850963472320432	1.3370469536327296	0.035001000000000004	0.7096776833333334
410	499	0.139440522321665	1.351013977120009	0.048001	0.7562056820143885
411	914	0.1624047196129576	1.7191139337746977	0.011000999999999999	0.5816998406250001
414	19	0.058357736847439355	0.39530955613197327	0.386001	0.9611837500568569
416	579	0.10625130018722698	0.8974152047213448	0.123001	0.820033522468544
417	572	0.10472356477753902	0.8786862564536322	0.138001	0.8255721652406417
418	1109	0.037076547855574085	0.22552429620664546	0.592001	1.0
420	914	0.046965429688541796	0.3005582783519093	0.518001	1.0
422	0	0.12142015116843491	1.0935227434372727	0.079001	0.7875692535087719
425	777	0.2525287008380797	3.6320284950758093	1e-06	0.00043795999999999993
428	1162	0.14930409640544276	1.5035393259318082	0.027001	0.646901420131291
429	1163	0.0790312379059945	0.5909191750130627	0.238001	0.8917607127407907
431	20	0.01070033141269921	0.0564632487760841	0.866001	1.0
432	503	0.07199186113671824	0.5208096340871049	0.30600099999999997	0.927731210178817
435	282	0.12247541683079546	1.1078597213518566	0.072001	0.7875692535087719
436	913	0.08131704298752353	0.6144783159913592	0.239001	0.8917607127407907
440	1167	0.05055394643495329	0.3294312635773548	0.42700099999999996	0.9806120979123172
441	0	0.002072778344566102	0.01041883977733218	0.971001	1.0
443	781	0.06172966805380981	0.4251033406544363	0.396001	0.9659475442222223
444	0	0.02321894775111367	0.1312302168224138	0.748001	1.0
448	21	0.03720669109685129	0.22646922231642894	0.597001	1.0
456	580	0.134213257431302	1.2735314073073598	0.058001000000000004	0.7869305439900868
458	425	0.0655892813821131	0.4602041079826624	0.36200099999999996	0.9484443524766689
459	8	0.06792731486286616	0.48198963492507985	0.319001	0.9331397138658829
461	499	0.07085730658840031	0.5098521139069703	0.317001	0.931520115136876
463	0	0.029005510126791586	0.16909679195876412	0.6670010000000001	1.0
471	782	0.10353652043690284	0.864261497815408	0.14000100000000001	0.8255721652406417
473	351	0.12963601856512752	1.207566478828659	0.075001	0.7875692535087719
474	1179	0.005963698168899332	0.030644594001698583	0.9290010000000001	1.0
475	0	0.14468647037286364	1.431099608449074	0.031001	0.682957643863179
480	1185	0.0020965243197436185	0.010539623290239003	0.981001	1.0
481	581	0.07019410795154502	0.5034906164581856	0.315001	0.928883907621869
483	0	0.05045514827259594	0.32862445258155537	0.47900099999999995	1.0
485	0	0.0022750367397060996	0.011448660521181786	0.979001	1.0
486	572	0.17656081694458883	1.9690934780106844	0.012001	0.5816998406250001
487	297	0.11270289588367394	0.978557785389377	0.10100100000000001	0.8161328036900369
489	0	0.025793047532177947	0.14781150930958947	0.6850010000000001	1.0
490	1250	0.07077124035505342	0.5090247366382525	0.317001	0.931520115136876
491	0	0.08025875898813802	0.6035222078067924	0.275001	0.9085654643934822
495	572	0.03508432995257825	0.2111993036578696	0.632001	1.0
496	0	0.060327373917638746	0.4126146441778715	0.389001	0.9614383632054175
499	572	0.047162621208317226	0.30212189020336033	0.517001	1.0
500	1254	0.0017770005597826889	0.008917082416652924	0.985001	1.0
504	1255	0.02259925429261812	0.12730091173441146	0.724001	1.0
505	581	0.1061859574445387	0.8966103598300381	0.134001	0.8242567129213484
509	0	0.027971361272936507	0.16217251784977607	0.6810010000000001	1.0
511	1257	0.002072778344566102	0.01041883977733218	0.971001	1.0
512	572	0.03098031149844921	0.18251090047596819	0.641001	1.0
515	572	0.1417648443426636	1.3862086753987526	0.044001	0.7480853245341614
516	499	0.051613615319050704	0.3381273136326768	0.450001	0.9961708348160129
517	0	0.021460423634336687	0.12014279087701644	0.743001	1.0
522	0	0.0685512047068111	0.48787001519205797	0.332001	0.9356702571428571
523	23	0.040184085609210524	0.24839483561142103	0.589001	1.0
524	0	0.05617344103332559	0.37643965949551705	0.40700099999999995	0.9712846445074105
526	349	0.011533835292690649	0.0611445082846051	0.881001	1.0
536	0	0.17390422446738524	1.9208127286787282	0.009000999999999999	0.5663905114942528
537	0	0.05800701967750023	0.3922570356254928	0.397001	0.9659475442222223
539	20	0.08206442315441245	0.6222664163600753	0.240001	0.8917607127407907
542	8	0.06933265056834853	0.4952753914280864	0.329001	0.9354017005972475
543	917	0.08230753125248289	0.6248087918323643	0.238001	0.8917607127407907
544	1254	0.05750207048067596	0.3878774125860991	0.403001	0.968919180720246
545	0	0.11582402642842479	1.019011787107036	0.094001	0.8119952763466043
546	746	0.048796930541782794	0.3151836613884099	0.47800099999999995	1.0
547	350	0.03930991262411245	0.2418960926307854	0.575001	1.0
548	1109	0.0026570923196750605	0.01340035431547467	0.976001	1.0
549	899	0.09440154207443992	0.7569562778660213	0.174001	0.8323009825251201
554	0	0.11607538152160579	1.0223039291482099	0.095001	0.8119952763466043
556	913	0.03883631087721534	0.23839658482877832	0.5530010000000001	1.0
561	532	0.052618243693758567	0.3464436736394832	0.41400099999999995	0.975655821997417
564	1034	0.06284808131231431	0.43516454716267444	0.380001	0.9585431868106616
566	1297	3.4005849019372314e-05	0.00016895420619304446	0.999001	1.0
570	1298	0.0781327662593454	0.581765904406478	0.264001	0.898348226095003
572	0	0.038384419032139364	0.23507143798297273	0.567001	1.0
578	5	0.1877476489582116	2.1794436181826624	0.010001	0.5816998406250001
581	0	0.018500362405669463	0.10191595200157762	0.7840010000000001	1.0
582	728	0.03957949758037856	0.24389478123918312	0.575001	1.0
584	499	0.0	-0.0	1.0	1.0
589	0	0.03768874562522852	0.22997904597549493	0.572001	1.0
592	735	0.12018381648519819	1.0768416652061192	0.081001	0.7875692535087719
595	0	0.10643666021240393	0.8997001811498607	0.137001	0.8255721652406417
596	1306	0.01745051287385383	0.09558187245917682	0.7870010000000001	1.0
597	1308	0.07533871854576657	0.5536853296612481	0.29300099999999996	0.9173771658564482
599	0	0.15477562102276068	1.5917554474911544	0.023001	0.6202905147783251
601	899	0.05838220358432897	0.39552283100798047	0.394001	0.965298041843813
603	777	0.05116005076733025	0.33439565913554536	0.47000099999999995	1.0
604	1316	0.02260521711000802	0.12733860521759727	0.738001	1.0
608	0	0.04258656071781133	0.2665192983355658	0.5610010000000001	1.0
614	913	0.021590694286213484	0.1209574900896177	0.754001	1.0
617	0	0.01530230554770929	0.08283215147875124	0.838001	1.0
618	0	0.01596007847308819	0.0867060498033229	0.825001	1.0
619	19	0.11092130600139753	0.9558176728874914	0.108001	0.820033522468544
620	1320	0.0403931742439295	0.24995681395998456	0.5470010000000001	1.0
622	1033	0.10119990611981461	0.8361921244323794	0.148001	0.8310208384376389
626	994	0.11060972326512192	0.951866814651658	0.125001	0.820033522468544
627	881	0.046246937861354837	0.2948835706810129	0.508001	1.0
630	0	0.039061658830019275	0.24005984497218055	0.586001	1.0
631	915	0.04114641053207703	0.2556081062775133	0.5490010000000001	1.0
632	0	0.06905088512085344	0.4926001095454927	0.314001	0.9281849214362851
633	0	0.042864488149816894	0.26864109260109875	0.526001	1.0
635	814	0.06990253198303908	0.5007039561984037	0.317001	0.931520115136876
636	584	0.0020965243197436185	0.010539623290239003	0.981001	1.0
638	0	0.055361604736338096	0.3695119861318995	0.441001	0.9884380653019446
642	0	0.05936721554570525	0.4041443510796973	0.394001	0.965298041843813
643	0	0.06331978471566571	0.439434846502795	0.36400099999999996	0.9502734737720553
645	1075	0.03239274337723426	0.19226011859823017	0.630001	1.0
648	36	0.06956201693043795	0.49745743448103386	0.323001	0.9348501054718477
650	914	0.0518282573408397	0.3398982363052755	0.466001	1.0
652	816	0.04756352327502196	0.3053090197165426	0.47700099999999995	1.0
655	1357	0.09828145328412334	0.8017354275906239	0.156001	0.8310208384376389
663	0	0.06336245752721728	0.4398219481602676	0.378001	0.9581348300623412
669	1036	0.03634967577352833	0.22026735436295447	0.5610010000000001	1.0
670	499	0.12334576178969771	1.119753058182219	0.071001	0.7875692535087719
672	503	0.10927306865521969	0.9350062660833427	0.121001	0.820033522468544
676	1380	0.17788951280736312	1.993480490036819	0.010001	0.5816998406250001
679	0	0.05877881534905594	0.39898598379125605	0.405001	0.9701669465298997
683	0	0.08991694804051784	0.7066497417953571	0.187001	0.8502798791528239
686	1110	0.1084089442213012	0.9241822011439481	0.128001	0.823432990011751
688	783	0.0	-0.0	1.0	1.0
690	25	0.017999776133890706	0.09888727368023126	0.7980010000000001	1.0
694	349	0.03601723450478006	0.21787469339297813	0.593001	1.0
698	0	0.03090044966475171	0.181963531428044	0.654001	1.0
704	522	0.06638022541912704	0.46752972087795913	0.34500099999999995	0.9398895120676785
707	624	0.01964380447211573	0.10889223277444585	0.7830010000000001	1.0
711	890	0.11268171676077594	0.9782859583421009	0.093001	0.8119952763466043
712	444	0.061016356329099894	0.4187331255118003	0.36900099999999997	0.955353972333885
716	916	0.09240530636411642	0.734371863234786	0.189001	0.8533492573195877
717	0	0.07675929173374571	0.5678897921958106	0.260001	0.898348226095003
718	0	0.011136906144270074	0.05891002097917907	0.879001	1.0
721	0	0.04548795457733887	0.28892735259973007	0.504001	1.0
724	1109	0.11286304162827533	0.9806143712942121	0.072001	0.7875692535087719
725	777	0.08273949039909662	0.6293371165370532	0.237001	0.8917607127407907
727	1034	0.021176367934381907	0.11837001682456946	0.770001	1.0
729	0	0.022113851061219474	0.12423996360621711	0.742001	1.0
732	0	0.016220569582339216	0.08824750165079633	0.813001	1.0
734	503	0.08709920895275589	0.6758309570249652	0.210001	0.8696297083963691
735	28	0.06106860050298974	0.4191984582688531	0.385001	0.9600036322022317
737	532	0.10771425232473866	0.9155236431217008	0.123001	0.820033522468544
738	1357	0.11054790231282355	0.951083851926846	0.082001	0.7875692535087719
740	0	0.13192362739270216	1.2403156992228654	0.046001	0.7528624050822122
741	985	0.024782718294344027	0.14125334596117528	0.737001	1.0
743	0	0.07219439599302302	0.522775650413728	0.30800099999999997	0.927731210178817
744	1205	0.06306670283228759	0.4371417285008777	0.378001	0.9581348300623412
745	816	0.0	-0.0	1.0	1.0
746	1038	0.10017410589016754	0.8240049668450301	0.143001	0.8279841084082495
748	583	0.12557538899942225	1.150505250893921	0.071001	0.7875692535087719
749	0	0.020467153371081508	0.11396585200307152	0.7840010000000001	1.0
750	0	0.0	-0.0	1.0	1.0
756	349	0.040556906091181816	0.25118200399802626	0.5560010000000001	1.0
757	0	0.04264853668782264	0.26699199242427346	0.530001	1.0
758	0	0.056935529634655174	0.3829850193030533	0.42200099999999996	0.9795397390290438
761	1537	0.05903916830690288	0.40126540767250435	0.40800099999999995	0.971610316554567
763	1179	0.033768862716231085	0.20188379498706435	0.621001	1.0
764	574	0.023472132718994215	0.1328425512474185	0.718001	1.0
765	1109	0.26026440019449393	3.8335948582406716	1e-06	0.00043795999999999993
767	0	0.011678791283830002	0.06196288453831212	0.882001	1.0
773	1185	0.041578109786640935	0.25886418803909006	0.5510010000000001	1.0
775	1306	0.06691204491304567	0.47248081068427894	0.387001	0.9613539146865807
782	0	0.1371464157505347	1.3167253796935876	0.060001	0.7875692535087719
785	0	0.14063828474503787	1.3690931485009976	0.039001	0.7375163195164075
786	1551	0.1382452406479867	1.333093351184482	0.043001	0.7473300777777777
789	0	0.06984739135768883	0.5001776626528625	0.328001	0.9352299346354166
793	20	0.010798696415899603	0.05701353779139338	0.877001	1.0
795	849	0.05551999487926262	0.37085994630610764	0.41200099999999995	0.9736669434491689
800	818	0.0032072919583619602	0.016225764735158205	0.969001	1.0
802	0	0.10581929128824161	0.892100316304925	0.11700100000000001	0.820033522468544
805	0	0.062434818320081346	0.43143641590969417	0.376001	0.9581348300623412
810	1109	0.04819762160236401	0.3103725456995982	0.49400099999999997	1.0
811	1323	0.009926129116411636	0.052152256173753	0.896001	1.0
821	917	0.02080573417652859	0.1160644957522553	0.776001	1.0
822	0	0.11549663151493816	1.0147313768223805	0.098001	0.8158799918032787
825	20	0.061959588847460716	0.4271643904092186	0.379001	0.9581348300623412
828	1167	0.03606863535124382	0.21824416061677623	0.609001	1.0
836	572	0.034239211236380775	0.2052015274464018	0.630001	1.0
837	1299	0.028415948378551784	0.1651408829130222	0.6830010000000001	1.0
838	850	0.10750939385444622	0.912977651651605	0.123001	0.820033522468544
840	1109	0.0780539064291925	0.5809653873888386	0.256001	0.8980951454661967
842	1600	0.11860907970747792	1.0557754188464457	0.094001	0.8119952763466043
843	918	0.003940985420297215	0.02002065775792358	0.963001	1.0
845	1630	0.1086263088551418	0.9268993111637691	0.110001	0.820033522468544
846	499	0.07342257285049048	0.5347622380312722	0.30500099999999997	0.927731210178817
847	499	0.037283803848003436	0.22702964181699156	0.625001	1.0
849	1197	0.08093218713035506	0.610484288487509	0.252001	0.896185036881268
852	10	0.09841628752178933	0.8033126630987188	0.159001	0.8310208384376389
858	1066	0.05561600870525358	0.3716779181213664	0.41500099999999995	0.9765411452826133
860	499	0.01625207813074882	0.0884342345658066	0.820001	1.0
861	0	0.07128093112074804	0.5139324353721214	0.30500099999999997	0.927731210178817
867	0	0.14411839293804024	1.4223140396329335	0.027001	0.646901420131291
873	1709	0.11970632887456283	1.070432652341166	0.08500100000000001	0.7979872449152542
874	1710	0.06621685815294846	0.46601292896584756	0.34800099999999995	0.941649075653031
875	1711	0.05272423412903832	0.3473251626394914	0.441001	0.9884380653019446
877	0	0.05872514266226086	0.3985166700065092	0.396001	0.9659475442222223
879	1197	0.1228088966757074	1.1124094042122243	0.079001	0.7875692535087719
885	0	0.20117831086997573	2.447260690220397	0.001001	0.2149009607843137
886	512	0.012810065698417153	0.06839311320125843	0.851001	1.0
887	0	0.19018093817898807	2.2267189606233666	0.003001	0.4159234050632912
892	1036	0.04308947824971422	0.27036256753252713	0.5370010000000001	1.0
893	1713	0.042553087033361865	0.2662641005772432	0.5610010000000001	1.0
896	584	0.07121958895414272	0.513340777759516	0.316001	0.9305795989779451
898	499	0.07213981765356316	0.5222455590434258	0.30000099999999996	0.9231902611017424
901	1714	0.08495089959620851	0.6527404857267748	0.232001	0.8917607127407907
906	1717	0.05359838483408278	0.354625064341091	0.438001	0.9879837142562835
909	1718	0.14342744509872196	1.411665369893327	0.040001	0.7385682107925801
910	0	0.0033538162828780707	0.016981147791959528	0.951001	1.0
911	17	0.08871760342385404	0.6934578443093913	0.197001	0.8576617104442713
916	0	0.02602538461997728	0.14932881307295612	0.725001	1.0
917	0	0.03433317286547481	0.2058660508958273	0.627001	1.0
918	532	0.0	-0.0	1.0	1.0
920	585	0.06338074176411287	0.43998785158780784	0.34900099999999995	0.941649075653031
924	1034	0.059755054907773573	0.4075578886600838	0.384001	0.9600036322022317
928	1727	0.024182148896107716	0.13738565929731053	0.717001	1.0
934	0	0.06570812863719044	0.4613019676839144	0.342001	0.9398895120676785
935	1337	0.06504536653278073	0.45519267046967127	0.335001	0.935934153865782
936	0	0.11564147770052322	1.0166240477336452	0.090001	0.8087418417207791
937	513	0.038391215786152774	0.23512134964766054	0.574001	1.0
939	0	0.06675241573082716	0.4709925561307824	0.389001	0.9614383632054175
940	352	0.07041686339364767	0.5056237301477937	0.30700099999999997	0.927731210178817
941	0	0.09343050269380931	0.7459319701948961	0.199001	0.8576617104442713
945	1077	0.03810571783854499	0.23302745591055832	0.584001	1.0
948	514	0.059616353455491954	0.4063358911424125	0.392001	0.9629838341934036
950	0	0.0473839144050836	0.3038797858446223	0.48200099999999996	1.0
955	1109	0.05318632549753838	0.35117737747124245	0.43600099999999997	0.9855026732039636
961	749	0.05938721842612003	0.40432014352101503	0.385001	0.9600036322022317
966	0	0.07929352155422423	0.5936025860636691	0.343001	0.9398895120676785
967	1756	0.01311874286560187	0.07016104628020181	0.863001	1.0
969	499	0.002407109576754829	0.012122392361859292	0.974001	1.0
970	499	0.06392490119789679	0.44493631653841226	0.36100099999999996	0.9474113012943431
971	1766	0.10836650315319402	0.9236521173638226	0.119001	0.820033522468544
974	518	0.024656883924618442	0.14044107693712113	0.717001	1.0
980	0	0.2228804181038733	2.9162168776473996	0.002001	0.34776109523809523
981	1768	0.02890682925007869	0.1684330930605022	0.654001	1.0
982	0	0.0669374813980593	0.4727181306600493	0.36000099999999996	0.9474113012943431
986	0	0.01979676557288803	0.10983161706083402	0.774001	1.0
987	515	0.06576280317699085	0.4618073702116744	0.330001	0.9356702571428571
992	0	0.06026580324782968	0.4120695143479526	0.397001	0.9659475442222223
993	821	0.09669525745040625	0.7832872199572604	0.170001	0.8310208384376389
995	0	0.06656025531923931	0.46920345518938045	0.459001	1.0
998	916	0.093880656737382	0.7510335474140696	0.173001	0.8318787654808959
999	893	0.07787585196581923	0.5791596370424106	0.262001	0.898348226095003
1000	919	0.15338706779127026	1.5691223423186318	0.024001	0.6286769114832536
1002	532	0.06301616110300673	0.43668433179471233	0.374001	0.9576559749766136
1006	0	0.07192119573769856	0.5201243903821161	0.30200099999999996	0.926220994117647
1008	20	0.03142970820960073	0.18559876181190185	0.6660010000000001	1.0
1010	8	0.028360456614284577	0.16476968888118307	0.780001	1.0
1011	0	0.08347335349623679	0.6370626279244818	0.205001	0.8652875670778719
1012	0	0.0020534065843365104	0.010320329612071738	0.983001	1.0
1013	985	0.029037388521190165	0.16931133079575642	0.6670010000000001	1.0
1014	1	0.001441468598682362	0.007219551342786641	0.979001	1.0
1015	0	0.10455772297877558	0.8766642795655268	0.139001	0.8255721652406417
1018	919	0.06922063443802573	0.49421113726052646	0.331001	0.9356702571428571
1020	370	0.0	-0.0	1.0	1.0
1021	887	0.05969913308709547	0.4070650377050069	0.35800099999999996	0.9474113012943431
1022	0	0.00045214951865421224	0.0022518290149469247	0.998001	1.0
1023	899	0.0	-0.0	1.0	1.0
1025	436	0.08661913982280116	0.6706406382704837	0.218001	0.8768894008082292
1031	1266	0.03130214373066229	0.1847209172961329	0.646001	1.0
1032	1397	0.0046637791498958595	0.023789666952461996	0.961001	1.0
1034	915	0.11493605986594449	1.0074225102767658	0.10100100000000001	0.8161328036900369
1035	526	0.061023575776083	0.41879741668859227	0.394001	0.965298041843813
1037	1040	0.016995578333222634	0.09285819159325755	0.7930010000000001	1.0
1042	1829	0.14077147483220162	1.3711110526328887	0.052001	0.7632157493297588
1045	19	0.024654239564303588	0.1404240181838798	0.732001	1.0
1051	1380	0.005552197625808327	0.028463944564890695	0.939001	1.0
1052	349	0.05542768291274545	0.3700741223075686	0.42100099999999996	0.9795027515937101
1053	1831	0.11054790231282355	0.951083851926846	0.082001	0.7875692535087719
1054	849	0.07840087107426702	0.5844909421717859	0.28700099999999995	0.9164111837270339
1056	1197	0.047300200881182586	0.3032143927688746	0.49000099999999996	1.0
1058	0	0.055852042694147924	0.3736915189895962	0.402001	0.9682157828860537
1059	0	0.07750484745558504	0.575404660800807	0.262001	0.898348226095003
1060	0	0.08746503289972629	0.6797978849561492	0.20200100000000001	0.8602524111240762
1062	1059	0.002072778344566102	0.01041883977733218	0.971001	1.0
1063	1260	0.02735329725977025	0.15806696839591267	0.689001	1.0
1066	918	0.11076796766469132	0.9538723758791114	0.11700100000000001	0.820033522468544
1067	0	0.02277661316562918	0.1284230274582499	0.740001	1.0
1071	1833	0.09417018831046507	0.7543230766694702	0.169001	0.8310208384376389
1072	499	0.12333807110096794	1.1196476919207683	0.078001	0.7875692535087719
1073	0	0.08214767143120366	0.623136509045157	0.256001	0.8980951454661967
1074	0	0.019717505987528836	0.10934467649031375	0.779001	1.0
1076	1034	0.05409377639704377	0.35878568932020183	0.43600099999999997	0.9855026732039636
1078	735	0.05188126304340248	0.34033605722478094	0.452001	0.9971708541204917
1079	1835	0.05667216079115398	0.3807183931313316	0.41700099999999996	0.977047710036379
1080	1837	0.10317846001921545	0.8599322615927922	0.138001	0.8255721652406417
1084	913	0.0	-0.0	1.0	1.0
1085	0	0.10397266598705392	0.8695485204365018	0.127001	0.8228011532544378
1086	0	0.07913137028809178	0.5919430176074341	0.250001	0.896185036881268
1090	1841	0.008815936161473952	0.04603264924789062	0.896001	1.0
1093	0	0.053826989084254415	0.356542902220855	0.527001	1.0
1097	917	0.09551748270967308	0.769715828351084	0.169001	0.8310208384376389
1098	0	0.06489418657631933	0.4538035429899639	0.36000099999999996	0.9474113012943431
1103	1185	0.028360456614284577	0.16476968888118307	0.780001	1.0
1105	0	0.062016176153375464	0.42767222848851993	0.376001	0.9581348300623412
1106	586	0.0	-0.0	1.0	1.0
1111	36	0.055917385436836275	0.3742496486379787	0.384001	0.9600036322022317
1112	1898	0.02843408634580783	0.16526225383226137	0.6820010000000001	1.0
1113	0	0.01796661114750274	0.09868716318308547	0.8070010000000001	1.0
1114	503	0.2006190019132768	2.4357703471630656	0.003001	0.4159234050632912
1117	918	0.04949247119357088	0.3207983075588621	0.47300099999999995	1.0
1121	572	0.058825804249145235	0.39939702222593354	0.390001	0.962389215460897
1122	1711	0.05656712589184865	0.37981579693068634	0.404001	0.9700453835526316
1123	0	0.182961387305939	2.0880454753241384	0.010001	0.5816998406250001
1124	1109	0.054066452235788647	0.35855575594338385	0.438001	0.9879837142562835
1126	919	0.024088080546470058	0.13678192355272334	0.740001	1.0
1131	0	0.008269161638757822	0.04304559161357025	0.897001	1.0
1132	0	0.08021438942387574	0.6030646974976579	0.246001	0.8949779001318391
1133	1906	0.03466365823345231	0.20820794382870866	0.603001	1.0
1136	0	0.035746424054306794	0.2159309993206762	0.608001	1.0
1137	1392	0.05970698570329203	0.40713423107439994	0.381001	0.9585431868106616
1138	0	0.15538139232706694	1.6016819482092688	0.023001	0.6202905147783251
1140	1163	0.02568242291685929	0.14709027000588362	0.708001	1.0
1145	1911	0.07772429073321001	0.5776244309027654	0.255001	0.8971741481362466
1149	1247	0.02994318697601875	0.17543466065297048	0.655001	1.0
1151	1604	0.05887050638742006	0.39978820236829476	0.392001	0.9629838341934036
1153	1176	0.04867011871935481	0.3141635839814909	0.49400099999999997	1.0
1156	0	0.04288059082718325	0.2687641859318853	0.527001	1.0
1157	1944	0.11486732176451486	1.006528034924189	0.095001	0.8119952763466043
1159	1945	0.07377523373697276	0.538224618243835	0.30800099999999997	0.927731210178817
1160	1185	0.002118947039740876	0.010653705805318285	0.981001	1.0
1163	0	0.043734855745668585	0.2753195677254495	0.48400099999999996	1.0
1170	516	0.15452563653354826	1.5876683788466877	0.025001000000000002	0.6307279930875577
1172	353	0.10229714289446606	0.8493195051242973	0.125001	0.820033522468544
1174	1306	0.13219636961055725	1.2442493726605819	0.053001	0.7655777691292875
1175	0	0.12997698482921763	1.2124200859579763	0.058001000000000004	0.7869305439900868
1178	297	0.02410605179772267	0.13689722078027758	0.737001	1.0
1180	1975	0.029596261861708106	0.17308314036423247	0.649001	1.0
1182	0	0.050495193755264914	0.32895139279952496	0.467001	1.0
1184	0	0.003674530357215079	0.018638868089328103	0.956001	1.0
1185	20	0.1448261127749618	1.4332634633367427	0.039001	0.7375163195164075
1188	1147	0.25467018489517834	3.6872030196196657	1e-06	0.00043795999999999993
1192	0	0.0021849090030030697	0.010989475062534516	0.977001	1.0
1194	0	0.025741040043099545	0.147472339108612	0.6660010000000001	1.0
1208	718	0.07339928875649213	0.5345339604041923	0.281001	0.9113388474526066
1209	0	0.021906997437320982	0.12294003953335764	0.770001	1.0
1210	0	0.05970993156347851	0.4071601896676016	0.385001	0.9600036322022317
1211	2038	0.0020965243197436185	0.010539623290239003	0.981001	1.0
1214	1789	0.048391048281571605	0.311922631391565	0.49000099999999996	1.0
1216	1185	0.05141879443265153	0.3365226964459214	0.456001	0.9999509210895252
1221	0	0.0006147551914142263	0.0030644948763784837	0.996001	1.0
1224	0	0.04711211747825018	0.3017211719048628	0.49600099999999997	1.0
1225	503	0.061496939058314826	0.42302096566021374	0.35600099999999996	0.9472308503037665
1229	0	0.029400233633643264	0.17175786174616756	0.6690010000000001	1.0
1230	781	0.02528660435302452	0.14451602471360597	0.731001	1.0
1232	1337	0.0335634747596761	0.20043958309124715	0.640001	1.0
1234	985	0.06373658159220565	0.4432213722694045	0.36600099999999997	0.9525421794628
1237	777	0.03854877686358223	0.23627925471923314	0.5580010000000001	1.0
1239	1110	0.04858227032322357	0.31345757821905446	0.48700099999999996	1.0
1243	899	0.04661796238596985	0.29780954525097036	0.512001	1.0
1244	1223	0.045770361673027206	0.29113898791305165	0.504001	1.0
1246	0	0.019155521261606006	0.10590324443828616	0.7820010000000001	1.0
1251	2126	0.030620409338944814	0.18004741644574224	0.6770010000000001	1.0
1253	0	0.07253311143471325	0.5260703147414016	0.280001	0.9107935083184789
1255	38	0.05504626025215526	0.36683352805705405	0.443001	0.9888721608562691
1257	0	0.04133661913982281	0.2570412061128943	0.529001	1.0
1260	0	0.0026570923196750605	0.01340035431547467	0.976001	1.0
1262	1829	0.07018388731180372	0.5033928303145893	0.321001	0.9341783118706941
1263	0	0.11119338224484357	0.9592739547605257	0.100001	0.8158799918032787
1266	0	0.0	-0.0	1.0	1.0
1269	0	0.09543472738369817	0.76876629744659	0.174001	0.8323009825251201
1278	785	0.1272495847304256	1.1738661535394042	0.068001	0.7875692535087719
1279	0	0.11208542592020193	0.9706475663732933	0.103001	0.8168629476327116
1282	1829	0.10644732841529184	0.899831773628873	0.133001	0.8241244759479344
1286	1147	0.04863406232484102	0.31387374754194924	0.49100099999999997	1.0
1292	100	0.06518894630662406	0.45651348927945057	0.34600099999999995	0.9406570807130477
1293	1297	0.02009490520029692	0.11166677026269098	0.7860010000000001	1.0
1299	1200	0.11409242930982058	0.9964709096523231	0.098001	0.8158799918032787
1301	0	0.09005524431606055	0.7081779821534119	0.174001	0.8323009825251201
1302	2143	0.07990761323986191	0.5999054552239615	0.236001	0.8917607127407907
1303	28	0.0492674344158587	0.31897808341825307	0.48500099999999996	1.0
1309	0	0.20839400873725822	2.5981595251545495	0.002001	0.34776109523809523
1310	350	0.11095211891156785	0.9562088022910067	0.107001	0.820033522468544
1311	2150	0.04379332360930006	0.2757700396643978	0.515001	1.0
1317	41	0.054542335565077184	0.36256779227603253	0.437001	0.9869480092821781
1318	1441	0.04617466454325165	0.294314703141045	0.527001	1.0
1321	1110	0.03239274337723426	0.19226011859823017	0.630001	1.0
1323	0	0.02859345079024715	0.16632955645242384	0.6830010000000001	1.0
1326	1600	0.0542557708298868	0.3601499484896543	0.43500099999999997	0.9852763651220521
1327	1180	0.031795584037786484	0.18812243110148802	0.6560010000000001	1.0
1328	0	0.0	-0.0	1.0	1.0
1329	503	0.091925523697989	0.7289896767914359	0.173001	0.8318787654808959
1332	1147	0.06541991891836968	0.45864137323390886	0.35600099999999996	0.9472308503037665
1335	2180	0.07075150124594295	0.5088350558612881	0.322001	0.9341783118706941
1336	578	0.09086921813148327	0.717202516133374	0.241001	0.8917607127407907
1339	10	0.007897199129232606	0.04102364637403154	0.9230010000000001	1.0
1340	588	0.0	-0.0	1.0	1.0
1343	0	0.1317002981762707	1.237099319195565	0.047001	0.7545659076246335
1344	742	0.1252353672262139	1.145789030705335	0.075001	0.7875692535087719
1346	0	0.021798905582088263	0.12226182810481932	0.752001	1.0
1350	0	0.12310572722472043	1.1164667556508097	0.083001	0.7909294595300261
1352	1111	0.0033390582191152353	0.01690500876763339	0.957001	1.0
1353	20	0.05640403139870173	0.37841581760671306	0.446001	0.9921302212515237
1356	499	0.04779913792981412	0.307187273479574	0.48500099999999996	1.0
1358	1306	0.0453685361895555	0.28799377777155916	0.522001	1.0
1359	1185	0.023486623708582732	0.13293495515047235	0.742001	1.0
1360	5	0.05239196487951864	0.34456440186543297	0.457001	1.0
1366	581	0.0	-0.0	1.0	1.0
1368	572	0.09078376979077818	0.7162527603594813	0.188001	0.8519962537251655
1373	572	0.0020965243197436185	0.010539623290239003	0.981001	1.0
1377	0	0.06767796801202608	0.47964736804338	0.35600099999999996	0.9472308503037665
1378	994	0.037384422822213895	0.22776148668155033	0.583001	1.0
1382	0	0.0020965243197436185	0.010539623290239003	0.981001	1.0
1383	1551	0.13333306871196288	1.2607105779692085	0.052001	0.7632157493297588
1384	1543	0.08154372050493267	0.6168359788059078	0.239001	0.8917607127407907
1385	1198	0.06677210887019122	0.47117605933523976	0.338001	0.9371417951380095
1386	1254	0.18127010289481688	2.056250959056002	0.007001	0.5214554353741497
1388	742	0.09851594716051892	0.8044793531533981	0.155001	0.8310208384376389
1390	0	0.11043185723329269	0.9496149669347327	0.105001	0.8188432685185185
1397	0	0.12724980856219428	1.1738692922711764	0.068001	0.7875692535087719
1400	1109	0.10451856262625643	0.8761871462117514	0.132001	0.8241244759479344
1404	777	0.045429223617944714	0.2884680913021179	0.501001	1.0
1405	882	0.04458116661557967	0.28186267230582124	0.529001	1.0
1407	0	0.08833211590236308	0.6892411343484129	0.218001	0.8768894008082292
1409	1829	0.14761992393571344	1.4769064617597718	0.032001	0.6951963273809524
1410	1633	0.00877660513903026	0.045817190858342786	0.9150010000000001	1.0
1411	2249	0.13548617667610807	1.29218769550831	0.050001000000000004	0.7603624291666667
1412	426	0.021205620197990934	0.11855234539054212	0.753001	1.0
1414	0	0.0020965243197436185	0.010539623290239003	0.981001	1.0
1418	1185	0.13092961283882878	1.226031893804357	0.067001	0.7875692535087719
1419	0	0.15895077075539105	1.6608223105789917	0.023001	0.6202905147783251
1422	2258	0.047553793895511176	0.3052315417136079	0.49400099999999997	1.0
1425	781	0.02999003536709462	0.17575280331726417	0.654001	1.0
1426	499	0.07451742941204235	0.545541384476391	0.29500099999999996	0.9178647198067631
1427	8	0.021195299403049758	0.11848801004975829	0.748001	1.0
1428	2259	0.05052600978013295	0.3292030572284215	0.47700099999999995	1.0
1429	918	0.08060017391885038	0.6070475954142014	0.244001	0.8943980411784399
1430	913	0.09366415430488659	0.7485779792540057	0.177001	0.8353379090517241
1431	532	0.06244899265494234	0.4315640828945428	0.37000099999999997	0.9568117498819083
1433	1035	0.002742379794873767	0.013837183896331382	0.971001	1.0
1435	0	0.030154607076520484	0.17687151778827007	0.6590010000000001	1.0
1440	2313	0.1284074153622276	1.190157603674388	0.073001	0.7875692535087719
1444	1768	0.14008169187267672	1.3606767420993284	0.051001	0.7632157493297588
1446	1020	0.08306646122677117	0.6327741788840879	0.242001	0.8940248484543011
1447	0	0.13065942430773886	1.2221635752212279	0.056001	0.7811063191489362
1448	2319	0.013940713849833624	0.07489694276197961	0.853001	1.0
1449	913	0.10119590554373167	0.8361444345894297	0.141001	0.8255721652406417
1454	2320	0.013817687030720355	0.07418550355644965	0.844001	1.0
1456	0	0.0693513199234023	0.4954528560954288	0.313001	0.9281849214362851
1457	0	0.03915863712748735	0.24077667031869218	0.574001	1.0
1459	44	0.09125221668673991	0.7214664262645824	0.17100100000000001	0.8310208384376389
1460	589	0.0	-0.0	1.0	1.0
1461	0	0.009636163918821591	0.05054684024242784	0.891001	1.0
1462	0	0.002118947039740876	0.010653705805318285	0.981001	1.0
1463	8	0.08622479924324666	0.6663903003622066	0.213001	0.8734636513108613
1464	2326	0.041744677900284334	0.26012387593316766	0.523001	1.0
1465	499	0.08067151940351139	0.6077854000038233	0.238001	0.8917607127407907
1470	532	0.10634994902404316	0.8986309323744832	0.142001	0.8265650978203083
1471	0	0.0	-0.0	1.0	1.0
1474	0	0.024835059571742018	0.14159150784985677	0.732001	1.0
1476	0	0.09947977238796989	0.8158026698404497	0.155001	0.8310208384376389
1481	2327	0.035558781908587966	0.214587069245888	0.604001	1.0
1482	0	0.0	-0.0	1.0	1.0
1483	2262	0.11281639598298314	0.9800151365919749	0.112001	0.820033522468544
1485	0	0.019049281621417436	0.10525486517764562	0.7900010000000001	1.0
1487	2328	0.0	-0.0	1.0	1.0
1490	985	0.10803689064558625	0.9195401859830026	0.129001	0.8235754804664723
1491	0	0.04007927737739747	0.2476129767849967	0.5520010000000001	1.0
1494	994	0.0	-0.0	1.0	1.0
1495	0	0.010825760992341156	0.057165048217049146	0.878001	1.0
1499	0	0.01815587262200803	0.09983003822290183	0.7970010000000001	1.0
1500	1185	0.046043432440472154	0.29328267932347396	0.525001	1.0
1503	2329	0.037556162306947694	0.22901217337139027	0.619001	1.0
1504	574	0.07421831877034789	0.5425877773892571	0.280001	0.9107935083184789
1507	590	0.010406490667400493	0.054822842298805456	0.890001	1.0
1509	499	0.06309034817938151	0.4373557790300403	0.36800099999999997	0.9552496322901849
1513	2333	0.0651241836329376	0.4559175404976091	0.34400099999999995	0.9398895120676785
1514	2343	0.08771091594708212	0.6824699277677779	0.196001	0.8563507378292099
1515	0	0.11463784118246362	1.0035446138092492	0.102001	0.8168629476327116
1521	1543	0.06540268566151342	0.45848247528589847	0.467001	1.0
1522	38	0.0009188001989630899	0.004588086186340211	0.988001	1.0
1524	0	0.053826989084254415	0.356542902220855	0.527001	1.0
1526	2329	0.037454484448699976	0.22827147158504257	0.578001	1.0
1528	0	0.07262560968708379	0.5269715058877176	0.30200099999999996	0.926220994117647
1530	2344	0.028360456614284577	0.16476968888118307	0.780001	1.0
1532	0	0.00508504164649819	0.026000342876949918	0.939001	1.0
1534	0	0.027075206915928768	0.15622770622372353	0.714001	1.0
1535	0	0.016532595381401685	0.0900993789637551	0.7900010000000001	1.0
1536	924	0.016278894718009248	0.0885932088381752	0.818001	1.0
1539	0	0.07945019814393905	0.5952079905612414	0.251001	0.896185036881268
1540	0	0.0026570923196750605	0.01340035431547467	0.976001	1.0
1542	913	0.09323015427575271	0.7436664650151472	0.182001	0.8422353968723585
1544	0	0.013940713849833624	0.07489694276197961	0.853001	1.0
1546	1034	0.16076377106276918	1.6912890836717764	0.018001	0.5900986497005988
1548	2313	0.09272135187466995	0.7379269439399053	0.180001	0.8415201481953289
1553	917	0.017999720658300685	0.098886938895628	0.7940010000000001	1.0
1555	2333	0.12446192251684243	1.1350965766557903	0.081001	0.7875692535087719
1556	0	0.025198295221178522	0.14394305567915266	0.697001	1.0
1557	913	0.10106972114908974	0.8346408679774721	0.163001	0.8310208384376389
1567	19	0.1565745467347298	1.6213271980458632	0.016001	0.5816998406250001
1568	1109	0.0009128221157549757	0.004558078755537497	0.992001	1.0
1569	574	0.059779913579834885	0.4077770448205862	0.394001	0.965298041843813
1572	0	0.11008114815478562	0.9451822860144834	0.094001	0.8119952763466043
1574	0	0.050062309722852145	0.3254231124884786	0.500001	1.0
1575	0	0.008421639035306766	0.04387680430987038	0.9100010000000001	1.0
1576	1544	0.0	-0.0	1.0	1.0
1580	0	0.134751067495596	1.2813971182674941	0.040001	0.7385682107925801
1581	2373	0.0	-0.0	1.0	1.0
1582	0	0.002118947039740876	0.010653705805318285	0.981001	1.0
1587	1727	0.08938313858026951	0.7007646369721189	0.197001	0.8576617104442713
1588	917	0.07713095288883484	0.571630802183565	0.29200099999999996	0.9168680668196155
1589	1397	0.015425565599287261	0.08355606963939514	0.819001	1.0
1590	354	0.1209227462087874	1.0867965503512726	0.081001	0.7875692535087719
1591	1835	0.0	-0.0	1.0	1.0
1597	985	0.07256511604337694	0.5263820577598196	0.319001	0.9331397138658829
1600	0	0.004884794594105162	0.024948210729977122	0.948001	1.0
1601	0	0.13981741637886783	1.3566897507202849	0.047001	0.7545659076246335
1604	1199	0.005057135997586785	0.025853581819731773	0.941001	1.0
1605	1151	0.03302342203944035	0.1966553074328836	0.612001	1.0
1606	574	0.07857234245443026	0.5862366022233693	0.248001	0.8949779001318391
1610	20	0.05035791820688845	0.3278311064613741	0.47600099999999995	1.0
1611	0	0.17222079979517046	1.8905474531456674	0.005001	0.45252850413223145
1613	0	0.0014975999314714161	0.007503083235992726	0.979001	1.0
1617	1	0.02333580273880717	0.13197387155105791	0.749001	1.0
1621	2389	0.03580258311087643	0.21633367318031735	0.596001	1.0
1624	2392	0.0621381391537983	0.42876755421826807	0.36800099999999997	0.9552496322901849
1627	532	0.06272103182858331	0.4340171045015794	0.36000099999999996	0.9474113012943431
1630	427	0.07663903602118707	0.566681539272144	0.259001	0.898348226095003
1631	1110	0.05902179170829247	0.4011131235731048	0.395001	0.9658030256811075
1632	1306	0.0048793692958452595	0.02491973776607886	0.940001	1.0
1637	2396	0.004125939895064039	0.02098221758807997	0.944001	1.0
1640	899	0.19690712575935532	2.360261086750044	0.007001	0.5214554353741497
1644	0	0.08127570370133302	0.6140487642367285	0.235001	0.8917607127407907
1647	0	0.005713003300893683	0.0293149182631363	0.9290010000000001	1.0
1648	0	0.05049172273866653	0.3289230502564695	0.47800099999999995	1.0
1649	742	0.053826989084254415	0.356542902220855	0.527001	1.0
1654	1611	0.04521591668924824	0.28680206116675794	0.520001	1.0
1657	0	0.0	-0.0	1.0	1.0
1658	1254	0.08740725331114348	0.6791706555235638	0.208001	0.8659326802281369
1659	1112	0.062244419967579345	0.4297229092012473	0.35700099999999996	0.9474113012943431
1661	513	0.10410409520134262	0.8711446721523073	0.121001	0.820033522468544
1662	1147	0.013692638406597242	0.07346331272951462	0.837001	1.0
1665	0	0.03476859222890828	0.2089530307404558	0.641001	1.0
1667	2406	0.07639081002294704	0.5641909197607895	0.271001	0.9054592459566676
1670	0	0.05732158973136985	0.38631640248320487	0.43000099999999997	0.981495413685524
1671	532	0.0022725440581800385	0.011435954458185476	0.979001	1.0
1674	767	0.11287758770596303	0.9808012737386651	0.109001	0.820033522468544
1675	0	0.15046485970159967	1.5220374961907917	0.017001000000000002	0.5816998406250001
1680	518	0.1274903586116401	1.1772448571433993	0.059001	0.7875692535087719
1681	0	0.030429774924098443	0.17874594895904602	0.6630010000000001	1.0
1684	0	0.03212104589880768	0.19037466024433553	0.640001	1.0
1686	0	0.13356163886836667	1.2640336919150472	0.053001	0.7655777691292875
1687	814	0.00907652823688429	0.04746250995469666	0.880001	1.0
1690	7	0.15170360373544683	1.5419067819961292	0.033001	0.6962002870905588
1692	0	0.02143600473295642	0.11999019577078818	0.748001	1.0
1695	1397	0.11594297383054433	1.020569071927766	0.10100100000000001	0.8161328036900369
1697	0	0.002006833439754583	0.010083581860362227	0.978001	1.0
1698	0	0.04225129250699539	0.26396668369294163	0.631001	1.0
1701	0	0.010445597261271158	0.05504086273181277	0.880001	1.0
1703	1109	0.0017363544865888513	0.008711101538610409	0.984001	1.0
1706	1147	0.057373597827300296	0.38676599384246224	0.41700099999999996	0.977047710036379
1708	0	0.0415521029949186	0.2586676776173559	0.567001	1.0
1709	584	0.03291790277055859	0.19591813630057484	0.6560010000000001	1.0
1710	1689	0.08711673739795503	0.6760207997184883	0.217001	0.8757626056026538
1711	0	0.1036071426969532	0.865116572183158	0.138001	0.8255721652406417
1712	0	0.09951922075835432	0.8162676694838165	0.162001	0.8310208384376389
1713	0	0.11033379772378102	0.9483745818406359	0.113001	0.820033522468544
1716	515	0.09145214158676467	0.7236966628741482	0.193001	0.854495733522038
1717	0	0.0	-0.0	1.0	1.0
1720	1739	0.04152154607126471	0.25843684400079897	0.5500010000000001	1.0
1721	1689	0.0	-0.0	1.0	1.0
1722	36	0.09070106095277719	0.7153339881620662	0.213001	0.8734636513108613
1723	1151	0.0	-0.0	1.0	1.0
1730	2407	0.09802099519812729	0.798692714838459	0.168001	0.8310208384376389
1732	2448	0.07357728632166315	0.5362800663351734	0.30700099999999997	0.927731210178817
1733	0	0.17198790501129435	1.8863804330479828	0.012001	0.5816998406250001
1734	2449	0.03956508107177072	0.2437877750974037	0.580001	1.0
1735	1604	0.09458695385468843	0.7590695719671494	0.166001	0.8310208384376389
1736	2518	0.0718010060115323	0.5189597504598719	0.318001	0.9327063886954191
1738	10	0.15524422367478347	1.5994314276432455	0.022001	0.6067731712846347
1741	887	0.10213204034714334	0.8473381581347179	0.130001	0.8241244759479344
1743	887	0.052155246713621935	0.3426022438224442	0.465001	1.0
1744	0	0.0031567555311722145	0.01596551963714936	0.964001	1.0
1746	1797	0.05816159299349941	0.3936013152691171	0.395001	0.9658030256811075
1747	0	0.09093046819890069	0.717883653920697	0.181001	0.8415201481953289
1750	0	0.11980845957463078	1.0718019237029117	0.006001	0.49033544029850745
1752	0	0.06021267062456997	0.4115993095955744	0.37300099999999997	0.9576559749766136
1754	1641	0.11170187943372392	0.9657494964786562	0.109001	0.820033522468544
1757	0	0.057621947780508255	0.38891552427048914	0.41000099999999995	0.9727195989165763
1762	0	0.16343207899387985	1.7366553376062461	0.021001000000000002	0.6067731712846347
1764	499	0.024312188871301557	0.13822118442452425	0.733001	1.0
1766	1109	0.06848348687468966	0.48723038095859994	0.335001	0.935934153865782
1768	0	0.03321945026750519	0.1980267175030494	0.637001	1.0
1770	349	0.048505093520780876	0.312837774311451	0.48300099999999996	1.0
1772	1151	0.10197735140526903	0.8454837288233645	0.136001	0.8255721652406417
1773	742	0.0949616744811253	0.7633487078257541	0.175001	0.8342142636363636
1774	0	0.0	-0.0	1.0	1.0
1775	1604	0.0038725716535744185	0.019665483607791114	0.957001	1.0
1778	0	0.06154409767220544	0.42344261127285343	0.37200099999999997	0.9576559749766136
1779	0	0.08673388813796204	0.6718796566152636	0.217001	0.8757626056026538
1780	592	0.0020965243197436185	0.010539623290239003	0.981001	1.0
1783	2344	0.041898715807964663	0.26129046529590727	0.5470010000000001	1.0
1784	572	0.09008932930893859	0.7085548629603537	0.191001	0.854495733522038
1787	0	0.13050522887330399	1.2199586681974586	0.066001	0.7875692535087719
1788	2361	0.042628412913350504	0.2668384788715698	0.5620010000000001	1.0
1789	1920	0.01922143455324233	0.10630586413253704	0.7860010000000001	1.0
1790	2550	0.026725652531018808	0.15392280185322296	0.693001	1.0
1792	518	0.002072778344566102	0.01041883977733218	0.971001	1.0
1793	1766	0.09033687819136521	0.7112947065350779	0.184001	0.8447073161425576
1794	1059	0.002718503685552428	0.013714851848807802	0.964001	1.0
1795	1601	0.08929134381200877	0.6997548235433881	0.196001	0.8563507378292099
1799	2344	0.026320597750446886	0.15126169593512215	0.689001	1.0
1800	742	0.04329015818570196	0.271900925268673	0.503001	1.0
1802	1257	0.025557013543283616	0.14627357990727266	0.704001	1.0
1804	1258	0.04446430378864569	0.2809562748286641	0.507001	1.0
1806	0	0.001029637774747831	0.0051448131788197835	0.987001	1.0
1809	0	0.06919943598454106	0.49400983581935587	0.314001	0.9281849214362851
1811	1052	0.057243866250526944	0.3856448667608614	0.41900099999999996	0.9788013545978237
1812	1408	0.05452956338583574	0.3624599066502085	0.43100099999999997	0.981495413685524
1813	0	0.06632713099310504	0.46703655106563796	0.34500099999999995	0.9398895120676785
1814	1841	0.004604049041420585	0.023477054451234988	0.939001	1.0
1815	47	0.05868063912623615	0.39812768609179683	0.385001	0.9600036322022317
1816	0	0.010548887536155606	0.0556171482875261	0.878001	1.0
1820	5	0.011628341147791932	0.06167791573201688	0.857001	1.0
1822	851	0.0951030281693897	0.764965728310376	0.160001	0.8310208384376389
1823	1769	0.08526694510676205	0.6561154230892832	0.210001	0.8696297083963691
1827	2572	0.07713095288883484	0.571630802183565	0.29200099999999996	0.9168680668196155
1829	350	0.023468179317130057	0.13281734410468168	0.751001	1.0
1834	19	0.1316928789682511	1.2369925394609427	0.060001	0.7875692535087719
1835	0	0.020638735654499123	0.1150284863434524	0.780001	1.0
1838	887	0.0026570923196750605	0.01340035431547467	0.976001	1.0
1840	1185	0.07402815327604373	0.5407133994189404	0.269001	0.9029098556100552
1842	0	0.03969579052217527	0.24475847052143132	0.5480010000000001	1.0
1851	787	0.0336351729402178	0.20094342417775168	0.642001	1.0
1852	787	0.05857225604561197	0.3971809490823571	0.404001	0.9700453835526316
1853	874	0.10487179087585569	0.8804953014120752	0.14000100000000001	0.8255721652406417
1860	2491	0.006116931099997398	0.03145914540557049	0.9180010000000001	1.0
1861	349	0.0024954918861417492	0.012573809605221371	0.973001	1.0
1862	1975	0.111826198733012	0.9673358185347094	0.104001	0.8168629476327116
1865	0	0.07120698359495689	0.5132192306805444	0.29900099999999996	0.9221864645070421
1867	349	0.09025833053293006	0.7104248406396718	0.193001	0.854495733522038
1868	0	0.07499365484372086	0.5502575812358945	0.273001	0.905784226969697
1870	2579	0.1718998613902586	1.8848063996137818	0.019001	0.5978216925287356
1876	1185	0.07418792225952349	0.5422879930028527	0.279001	0.910244919249106
1878	1077	0.07732587433242966	0.5735969195891462	0.28600099999999995	0.9150861919929864
1879	913	0.13506702544282076	1.286029464008747	0.059001	0.7875692535087719
1880	0	0.003605852576104282	0.018283383086847252	0.953001	1.0
1881	2333	0.05418170003337412	0.35952592291919094	0.43400099999999997	0.9844369067743939
1883	349	0.053000322100510505	0.3496249740918453	0.450001	0.9961708348160129
1885	1306	0.062213017830676884	0.4294405522129465	0.388001	0.9613539146865807
1891	2709	0.06744852522355482	0.47749606137852485	0.329001	0.9354017005972475
1894	2710	0.011237638263437988	0.05947619178025208	0.856001	1.0
1899	0	0.018086309114499214	0.09940971485655554	0.8020010000000001	1.0
1901	1266	0.045185013544499136	0.28656094962623824	0.508001	1.0
1902	920	0.06421204841798551	0.4475561496200503	0.380001	0.9585431868106616
1904	48	0.03990954592203169	0.24634835715653045	0.5620010000000001	1.0
1907	1343	0.0	-0.0	1.0	1.0
1908	0	0.00829489880480741	0.04318579830710013	0.904001	1.0
1911	1630	0.02736178418832909	0.15812317792302488	0.714001	1.0
1913	1408	0.002679515039672318	0.013515159520868196	0.979001	1.0
1914	0	0.050237431528736116	0.3268489058716995	0.463001	1.0
1917	0	0.04568692628409228	0.29048500837566915	0.504001	1.0
1918	0	0.02132680955739194	0.11930828521740931	0.756001	1.0
1923	976	0.124371124195499	1.1338445706374567	0.072001	0.7875692535087719
1925	994	0.05633708399311053	0.37784169311909066	0.42400099999999996	0.9800267994511292
1930	20	0.11054790231282355	0.951083851926846	0.082001	0.7875692535087719
1933	572	0.15452554846806416	1.5876669399970174	0.024001	0.6286769114832536
1934	0	0.07798436280283488	0.5802598251602386	0.263001	0.898348226095003
1938	2260	0.03786381126123018	0.2312575124302686	0.573001	1.0
1942	777	0.06647720924821657	0.46843108601740946	0.34900099999999995	0.941649075653031
1943	516	0.004156983904357144	0.02114380664489702	0.947001	1.0
1944	0	0.0020965243197436185	0.010539623290239003	0.981001	1.0
1945	1065	0.002679515039672318	0.013515159520868196	0.979001	1.0
1956	2742	0.0	-0.0	1.0	1.0
1957	2743	0.06254598639319614	0.43243808308403364	0.37100099999999997	0.9573627030403016
1959	292	0.10057506940576474	0.8287588376440562	0.138001	0.8255721652406417
1960	2745	0.08106385306755774	0.6118494634942989	0.246001	0.8949779001318391
1963	781	0.11993194966722034	1.0734586981224086	0.082001	0.7875692535087719
1967	532	0.04706874192828531	0.30137715109284335	0.516001	1.0
1968	1689	0.03840057576712577	0.2351900892912238	0.563001	1.0
1969	985	0.11714216626537308	1.0363331966372553	0.125001	0.820033522468544
1970	1298	0.0802391330612596	0.603319819718088	0.231001	0.8915156676066267
1975	1790	0.04412768772036506	0.2783506361132168	0.505001	1.0
1977	0	0.02361159430684314	0.13373239802998868	0.745001	1.0
1979	0	0.11719593353485865	1.0370427324192095	0.092001	0.8090915253012048
1980	0	0.07234610654968195	0.5242502869717603	0.321001	0.9341783118706941
1981	1768	0.012222331927494301	0.06504278657010737	0.845001	1.0
1983	0	0.042924086102047634	0.26909676345879874	0.5430010000000001	1.0
1985	0	0.004051493802040654	0.02059494137704484	0.972001	1.0
1986	2335	0.016157848572860994	0.08787597150175	0.824001	1.0
1989	50	0.06529873635136792	0.4575244731438529	0.338001	0.9371417951380095
1991	0	0.11746153657012785	1.0405511863577879	0.091001	0.8087418417207791
1995	521	0.06770865307992374	0.4799353678731624	0.327001	0.9352299346354166
1996	2789	0.07012339395437914	0.5028142154392576	0.314001	0.9281849214362851
1997	1113	0.19041214948691984	2.2312395759017702	0.005001	0.45252850413223145
1998	594	0.08675024456207875	0.6720563500292426	0.210001	0.8696297083963691
1999	0	0.07820428065032722	0.5824922578038851	0.261001	0.898348226095003
2001	0	0.18474256133012523	2.121812823939288	0.010001	0.5816998406250001
2002	0	0.09213388816909594	0.7313249243072127	0.186001	0.8471401618136438
2005	735	0.08263723309489905	0.6282638598493058	0.243001	0.8940248484543011
2006	735	0.10297808445301501	0.8575139754961205	0.152001	0.8310208384376389
2008	0	0.16567870470884932	1.7753402024507179	0.016001	0.5816998406250001
2010	526	0.011315038132663467	0.05991163538717906	0.861001	1.0
2011	1604	0.1613592357299451	1.7013586920297081	0.025001000000000002	0.6307279930875577
2012	2373	0.0	-0.0	1.0	1.0
2014	0	0.028360456614284577	0.16476968888118307	0.780001	1.0
2018	1343	0.04482584574977391	0.2837634289277059	0.517001	1.0
2019	0	0.10287268052093658	0.856243150881993	0.163001	0.8310208384376389
2021	0	0.06853386887711828	0.4877062364310124	0.312001	0.9281849214362851
2023	1200	0.009857534490206621	0.05177202437810072	0.886001	1.0
2025	2806	0.08106652016807328	0.6118771307111864	0.248001	0.8949779001318391
2027	2807	0.04217342559205531	0.26337491728327095	0.5540010000000001	1.0
2029	0	0.0	-0.0	1.0	1.0
2032	1007	0.007777880999048848	0.04037677742176407	0.9290010000000001	1.0
2033	1739	8.801370080540466e-05	0.0004374211611358953	0.999001	1.0
2034	921	0.00641718431150266	0.03305920923223618	0.9280010000000001	1.0
2038	661	0.06752529564024132	0.47821545242364344	0.335001	0.935934153865782
2039	349	0.16074760065315027	1.6910160691755245	0.022001	0.6067731712846347
2041	1604	0.07971558533180578	0.5979315004592581	0.260001	0.898348226095003
2043	2818	0.09255999530599068	0.736110940433722	0.183001	0.8425895496215307
2044	994	0.02724125607420807	0.15732534386502126	0.6760010000000001	1.0
2047	1162	0.014568542479308035	0.07854185220724452	0.827001	1.0
2049	2361	0.0047331667494297635	0.024153084772362044	0.940001	1.0
2053	0	0.027156894091695395	0.15676746398527716	0.718001	1.0
2055	0	0.031013438961326495	0.18273807587135682	0.654001	1.0
2056	735	0.07504721434769106	0.550789045768459	0.28600099999999995	0.9150861919929864
2057	349	0.0019174213534427168	0.00962941748788173	0.983001	1.0
2059	0	0.0	-0.0	1.0	1.0
2060	2823	0.1468861986282511	1.4653798907152287	0.046001	0.7528624050822122
2063	1147	0.007051187576920002	0.03645521272912936	0.9070010000000001	1.0
2065	878	0.002679515039672318	0.013515159520868196	0.979001	1.0
2066	1946	0.01390066836291092	0.07466526708217164	0.858001	1.0
2069	0	0.08820792746993618	0.6878850992315304	0.190001	0.8536401103816167
2071	1978	0.03996116358415998	0.24673274127861888	0.577001	1.0
2074	52	0.03239274337723426	0.19226011859823017	0.630001	1.0
2075	354	0.0	-0.0	1.0	1.0
2076	1829	0.07249545659113454	0.5257036316817207	0.328001	0.9352299346354166
2078	0	0.004598814614456066	0.023449668647303613	0.946001	1.0
2081	0	0.16504292935864517	1.7643473492032005	0.017001000000000002	0.5816998406250001
2082	2584	0.09619454549954068	0.7775043882766441	0.169001	0.8310208384376389
2084	1633	0.04553449861828161	0.28929148220254586	0.514001	1.0
2088	1756	0.059441892965920465	0.4048007878367832	0.37100099999999997	0.9573627030403016
2091	595	0.004075565357161269	0.020720128927367926	0.956001	1.0
2094	742	0.1240560733854101	1.129505638383379	0.077001	0.7875692535087719
2096	355	0.06965669723106795	0.4983592810184628	0.29100099999999995	0.9168680668196155
2098	1148	0.14568842032606158	1.4466624682799618	0.044001	0.7480853245341614
2102	589	0.04275682364927218	0.2678185254558992	0.5400010000000001	1.0
2104	1797	0.060904770286921296	0.4177398936754065	0.394001	0.965298041843813
2106	0	0.03783986758602467	0.2310825367392922	0.591001	1.0
2108	0	0.07472142655209021	0.5475595732122902	0.264001	0.898348226095003
2109	0	0.04119462696354023	0.2559711560853808	0.594001	1.0
2110	0	0.0	-0.0	1.0	1.0
2112	0	0.04535812794921641	0.2879124554964889	0.508001	1.0
2113	0	0.07376753711813339	0.5381489559059014	0.280001	0.9107935083184789
2115	54	0.08627677778333642	0.6669498663322847	0.227001	0.8860727090909091
2119	661	0.08035690472761411	0.6045347475321561	0.237001	0.8917607127407907
2120	0	0.05513593957529887	0.3675945320506809	0.42200099999999996	0.9795397390290438
2121	0	0.08676189806649878	0.6721822516699666	0.218001	0.8768894008082292
2125	0	0.027406953068467906	0.15842241217975742	0.6790010000000001	1.0
2128	1919	0.06243464581998473	0.4314348623051446	0.35100099999999995	0.9440211125030703
2129	918	0.12609486787987528	1.1577290240683156	0.087001	0.8025054330244313
2130	1151	0.0	-0.0	1.0	1.0
2131	2579	0.12239229115659322	1.1067270537550302	0.077001	0.7875692535087719
2133	0	0.11109203428362113	0.9579858016285036	0.113001	0.820033522468544
2135	0	0.12063842574021033	1.0829608949954375	0.074001	0.7875692535087719
2136	985	0.10958390871573362	0.9389144479041794	0.121001	0.820033522468544
2137	2856	0.012387117078192622	0.0659800306848546	0.839001	1.0
2138	882	0.10630880540034882	0.8981237930144623	0.130001	0.8241244759479344
2143	20	0.01845671974485014	0.10165128650926428	0.8040010000000001	1.0
2144	0	0.06495739976669494	0.45438418128066227	0.34400099999999995	0.9398895120676785
2145	1151	0.03747339616904837	0.22840918753752049	0.568001	1.0
2146	0	0.007906117188235667	0.041072028307431674	0.902001	1.0
2147	1633	0.06771782497696521	0.48002146552029834	0.441001	0.9884380653019446
2153	1689	0.11341017102754758	0.9876561621850934	0.107001	0.820033522468544
2154	2806	0.05830307584944239	0.39483323306671353	0.399001	0.9669459825143869
2155	0	0.06457899135204245	0.45091264785663476	0.376001	0.9581348300623412
2156	17	0.09086921813148323	0.7172025161333734	0.262001	0.898348226095003
2160	0	0.07502947091047782	0.5506129562560058	0.28500099999999995	0.9150861919929864
2161	1299	0.015190380960637698	0.08217561039805743	0.841001	1.0
2162	2249	0.15823745285987856	1.6489143602939287	0.022001	0.6067731712846347
2167	8	0.0020965243197436185	0.010539623290239003	0.981001	1.0
2168	0	0.03378040704457541	0.20196505244979507	0.609001	1.0
2169	0	0.1058296296677852	0.8922273336228239	0.134001	0.8242567129213484
2170	2842	0.0	-0.0	1.0	1.0
2171	1162	0.038009761286888974	0.23232491072684855	0.588001	1.0
2175	1201	0.03230779642663522	0.19167010796435488	0.6680010000000001	1.0
2176	356	0.04355495293168231	0.27393493985772527	0.522001	1.0
2178	2709	0.17576902283018198	1.9546367952612054	0.004001	0.4294798921568628
2179	2864	0.042567937465069164	0.2663773084441503	0.572001	1.0
2181	0	0.036272373441649935	0.21971033890889075	0.586001	1.0
2185	0	0.004192609325892459	0.021329311558507445	0.940001	1.0
2188	1109	0.05129452879622812	0.3355005743747447	0.463001	1.0
2189	0	0.12622892678640038	1.159596838220783	0.054001	0.7718759125326371
2190	985	0.07334922895563631	0.534043308617923	0.29200099999999996	0.9168680668196155
2191	1604	0.0015793215322836493	0.00791619974146504	0.984001	1.0
2193	1633	0.0740599979730415	0.5410270925318845	0.29100099999999995	0.9168680668196155
2194	778	0.017340953761536233	0.09492478140970058	0.813001	1.0
2197	357	0.1579056514067449	1.6433905420556598	0.020001	0.6067731712846347
2199	946	0.07606347191069823	0.5609135089750841	0.29700099999999996	0.9201652374080361
2201	2880	0.050612088884472904	0.3299063854196873	0.47600099999999995	1.0
2202	0	0.010332154496914213	0.05440866763917809	0.882001	1.0
2206	1036	0.08623241746811541	0.6664723001982282	0.207001	0.8659326802281369
2215	2039	0.06609652498754995	0.46489692436443764	0.37200099999999997	0.9576559749766136
2219	1525	0.002118947039740876	0.010653705805318285	0.981001	1.0
2220	0	0.14567510956356933	1.4464551547087765	0.031001	0.682957643863179
2221	0	0.1697469085379924	1.8465323956325248	0.010001	0.5816998406250001
2222	2807	0.06046745412457384	0.4138558815948498	0.378001	0.9581348300623412
2224	2249	0.1196993680407785	1.0703393590709451	0.077001	0.7875692535087719
2227	1109	0.012894823195276345	0.06887798459364532	0.837001	1.0
2228	0	0.08362937596347206	0.6387103457030644	0.221001	0.8831167697080292
2229	1180	0.015659588314050572	0.0849330593246527	0.833001	1.0
2233	0	0.08455916304880354	0.6485677765215418	0.221001	0.8831167697080292
2234	1111	0.11473983668375903	1.0048701072821467	0.116001	0.820033522468544
2237	532	0.044139867131405774	0.27844477899645886	0.524001	1.0
2238	0	0.22220799795170512	2.9010014740960606	0.001001	0.2149009607843137
2243	0	0.05582471750134319	0.37345820793985995	0.43200099999999997	0.9831592078569943
2245	0	0.01434537524164653	0.0772434947325803	0.843001	1.0
2246	1757	0.14904156236218552	1.4993716431099997	0.029001000000000002	0.6656854276729561
2249	0	0.09323275313380129	0.7436958326055083	0.165001	0.8310208384376389
2250	2327	0.14002027409677867	1.3597496350200455	0.046001	0.7528624050822122
2253	0	0.03804748768678262	0.23260105123780964	0.606001	1.0
2257	0	0.0	-0.0	1.0	1.0
2258	532	0.013933943712919283	0.07485776857026115	0.833001	1.0
2261	1408	0.09708818363278676	0.7878388700012069	0.160001	0.8310208384376389
2262	0	0.0996047842938217	0.8172766726427375	0.154001	0.8310208384376389
2265	521	0.1564181608954387	1.6187452352328675	0.028001	0.6564945374732334
2266	1358	0.03239274337723426	0.19226011859823017	0.630001	1.0
2268	2904	0.09071792028018937	0.715521227591629	0.196001	0.8563507378292099
2270	2328	0.06846891267218527	0.48709276280140695	0.325001	0.9352299346354166
2271	0	0.03239274337723426	0.19226011859823017	0.630001	1.0
2272	1202	0.029610144512031804	0.1731770901595436	0.6780010000000001	1.0
2275	2808	0.0654285585514863	0.4587210423896515	0.339001	0.9392008980263158
2278	1202	0.17421998663821295	1.9265180292781592	0.019001	0.5978216925287356
2280	1343	0.0	-0.0	1.0	1.0
2281	425	0.06358648978786274	0.4418563771133016	0.35200099999999995	0.9446222914215685
2282	5	0.11297759486380571	0.9820867259754835	0.093001	0.8119952763466043
2283	349	0.06443580034511033	0.44960169853775744	0.37100099999999997	0.9573627030403016
2284	2920	0.0344676759689381	0.2068183040337534	0.612001	1.0
2286	1642	0.1577173779690942	1.640260459456751	0.024001	0.6286769114832536
2288	0	0.09632982579498231	0.7790648478712583	0.169001	0.8310208384376389
2293	1458	0.029085521648450713	0.16963538661848815	0.6680010000000001	1.0
2294	2923	0.06986692449699589	0.500364072662499	0.31100099999999997	0.9281849214362851
2303	25	0.07498345810226806	0.5501564242468236	0.277001	0.9099650071748879
2307	1756	0.0010656650087202992	0.005325925747358542	0.993001	1.0
2312	0	0.03072575784246264	0.1807676441940679	0.643001	1.0
2313	0	0.03940524098396165	0.24260229712696493	0.579001	1.0
2316	499	0.011225616488774348	0.05940859074037778	0.865001	1.0
2317	0	0.13258397598866237	1.2498503874777127	0.053001	0.7655777691292875
2320	370	0.08274681465758561	0.6294140196310761	0.232001	0.8917607127407907
2321	106	0.0728763133661669	0.52941722436795	0.29300099999999996	0.9173771658564482
2328	0	0.0	-0.0	1.0	1.0
2330	1978	0.04469544310297162	0.2827499072413437	0.528001	1.0
2332	0	0.058862153504195006	0.39971509706806246	0.395001	0.9658030256811075
2333	0	0.04735522546164487	0.30365169900776656	0.502001	1.0
2335	1343	0.016353625405702003	0.08903646021665408	0.818001	1.0
2337	0	0.028360456614284577	0.16476968888118307	0.780001	1.0
2340	728	0.09932326514075406	0.8139590330451726	0.147001	0.8310208384376389
2341	0	0.048011609847581224	0.3088843068963038	0.513001	1.0
2343	1202	0.05356395734172705	0.354336556832782	0.443001	0.9888721608562691
2344	597	0.15759973405177702	1.6383061813449808	0.023001	0.6202905147783251
2345	1255	0.1617646274396847	1.7082319389431322	0.024001	0.6286769114832536
2346	370	0.0907383996628848	0.715748700659155	0.165001	0.8310208384376389
2353	56	0.11122801683442415	0.9597143562771859	0.10100100000000001	0.8161328036900369
2354	1920	0.0520313926802627	0.3415771702070761	0.450001	0.9961708348160129
2355	1797	0.020026361352524096	0.1112443696468278	0.766001	1.0
2356	0	0.05620916170784207	0.37674554049634223	0.41400099999999995	0.975655821997417
2357	881	0.04790515232993096	0.3080336331537158	0.509001	1.0
2358	2932	0.06570154862512524	0.4612411576864949	0.34700099999999995	0.9406570807130477
2359	0	0.032041585563613764	0.18982415028281413	0.6710010000000001	1.0
2364	985	0.100527618310841	0.82819559399753	0.147001	0.8310208384376389
2371	1905	0.01747584985571253	0.09573393855666432	0.7990010000000001	1.0
2373	0	0.10551630257200198	0.8883815620576774	0.133001	0.8241244759479344
2374	2344	0.10881508625572825	0.9292621325320911	0.114001	0.820033522468544
2375	1185	0.11054790231282355	0.951083851926846	0.082001	0.7875692535087719
2377	370	0.011681277402336744	0.061976931389149094	0.870001	1.0
2381	1147	0.10647533244787254	0.900177246897983	0.134001	0.8242567129213484
2384	1182	0.05521807796951416	0.36829204002009935	0.442001	0.9888575702901512
2386	0	0.06695170434881886	0.4728508498754236	0.36400099999999996	0.9502734737720553
2391	0	0.0884270442563224	0.6902784678996233	0.205001	0.8652875670778719
2392	0	0.07335625949919834	0.5341122060302044	0.29100099999999995	0.9168680668196155
2394	0	0.04007789713687353	0.24760268523732265	0.587001	1.0
2399	1036	0.0	-0.0	1.0	1.0
2400	0	0.14030711643831364	1.3640822881322574	0.042001000000000004	0.7473300777777777
2401	0	0.06448928645724986	0.4500912044451545	0.323001	0.9348501054718477
2402	522	0.08074058701506058	0.6085000122377442	0.248001	0.8949779001318391
2403	58	0.0026570923196750605	0.01340035431547467	0.976001	1.0
2405	921	0.0	-0.0	1.0	1.0
2406	1163	0.0	-0.0	1.0	1.0
2407	532	0.0	-0.0	1.0	1.0
2411	874	0.03892303907524007	0.23903631196945394	0.614001	1.0
2415	349	0.006936241647950855	0.03583775936131211	0.9240010000000001	1.0
2417	2946	0.02564781527603203	0.1468647984347046	0.726001	1.0
2418	1359	0.06331053446439847	0.4393509511188175	0.36100099999999996	0.9474113012943431
2419	0	0.13653649905980786	1.3076840801625869	0.050001000000000004	0.7603624291666667
2422	47	0.05323073286476982	0.351548362734953	0.43300099999999997	0.9833909871395975
2423	1203	0.08885525180260945	0.6949662824637598	0.209001	0.8684447624288425
2424	1167	0.0	-0.0	1.0	1.0
2425	0	0.16388766045995817	1.7444639106676156	0.016001	0.5816998406250001
2427	0	0.07876260225348405	0.5881761060674591	0.268001	0.9009342797052502
2429	56	0.04058925177670238	0.25142425635629756	0.518001	1.0
2430	1163	0.07968344327749204	0.5976013652680883	0.247001	0.8949779001318391
2438	2329	0.0	-0.0	1.0	1.0
2439	2990	0.02453426710262963	0.13965054245407288	0.724001	1.0
2440	1343	0.018437081517745334	0.10153223132794072	0.829001	1.0
2442	1402	0.053123497305136186	0.3506527370890234	0.443001	0.9888721608562691
2445	598	0.006651240482593104	0.034310170829979614	0.9350010000000001	1.0
2446	2995	0.013577234597187758	0.07279766387027053	0.855001	1.0
2448	1202	0.14956174910726278	1.5076352955107382	0.036001	0.719297352189781
2450	0	0.07398491136923266	0.5402875554486676	0.28900099999999995	0.9168680668196155
2451	0	0.013247627083537552	0.07090092755723582	0.823001	1.0
2452	1689	0.07156180645940977	0.5166450586334773	0.313001	0.9281849214362851
2454	1357	0.0020965243197436185	0.010539623290239003	0.981001	1.0
2455	0	0.043336907181300774	0.27225968160184943	0.512001	1.0
2457	349	0.08815061469457317	0.6872596882195403	0.223001	0.8836908972131741
2459	0	0.09736076346946584	0.7910034929507573	0.159001	0.8310208384376389
2462	20	0.0	-0.0	1.0	1.0
2466	572	0.12337393706905589	1.1201391150339925	0.067001	0.7875692535087719
2467	0	0.0959414110039291	0.7745882999622608	0.17100100000000001	0.8310208384376389
2469	1945	0.05884047302811609	0.39952537037831815	0.395001	0.9658030256811075
2470	0	0.07718257762942993	0.5721512511273897	0.269001	0.9029098556100552
2476	704	0.07344861638577396	0.53501761660769	0.28800099999999995	0.9168680668196155
2477	1343	0.03963351437487968	0.2442958429747556	0.571001	1.0
2479	0	0.0020965243197436185	0.010539623290239003	0.981001	1.0
2480	0	0.0941892095655168	0.7545394147629411	0.150001	0.8310208384376389
2482	849	0.18125191707172067	2.055910502635623	0.011000999999999999	0.5816998406250001
2483	1007	0.06288474413470493	0.4354958812162766	0.37000099999999997	0.9568117498819083
2488	20	0.057782140741351844	0.3903043460839303	0.42900099999999997	0.9806120979123172
2489	2392	0.02907494514802366	0.1695641676350088	0.6790010000000001	1.0
2490	3015	0.06810401420417819	0.48365221482465726	0.317001	0.931520115136876
2497	499	0.1505203827626569	1.5229252385885126	0.043001	0.7473300777777777
2500	0	0.057592965308853265	0.38866444922801413	0.41100099999999995	0.9736669434491689
2502	899	0.04675128281472023	0.2988632355516005	0.47200099999999995	1.0
2503	1358	0.13819608838678182	1.3323590066506081	0.052001	0.7632157493297588
2504	38	0.0020965243197436185	0.010539623290239003	0.981001	1.0
2506	1007	0.08560165997236935	0.6596979838484037	0.230001	0.8911114469214437
2509	2995	0.014527789572915926	0.078304531265807	0.827001	1.0
2510	0	0.11547950805703498	1.0145077408359824	0.088001	0.8036054620517097
2513	38	0.059167570775212744	0.40239135835711193	0.383001	0.9600036322022317
2514	1110	0.042176603893954556	0.26339906347116293	0.5430010000000001	1.0
2515	0	0.046507012486303144	0.29693358578110435	0.48900099999999996	1.0
2516	598	0.018798713280951257	0.10372841871411446	0.7920010000000001	1.0
2517	890	0.2214683688979318	2.884316503333626	0.002001	0.34776109523809523
2518	2336	0.09167090771661883	0.726140603078393	0.177001	0.8353379090517241
2520	0	0.09112986775379889	0.7201030942397	0.179001	0.8404296522298456
2521	1385	0.031993940460759686	0.1894942569579395	0.6720010000000001	1.0
2523	2450	0.013162423223079388	0.07041168816420318	0.841001	1.0
2530	2842	0.07749405516324284	0.5752955842955345	0.260001	0.898348226095003
2531	0	0.02759597382023013	0.15967605192220377	0.6780010000000001	1.0
2532	0	0.0076959164941851135	0.039932903323476245	0.9180010000000001	1.0
2534	0	0.0	-0.0	1.0	1.0
2537	1214	0.0	-0.0	1.0	1.0
2539	350	0.05545465213657431	0.3703036413192758	0.40900099999999995	0.971610316554567
2543	0	0.06044479262641368	0.41365498546132123	0.395001	0.9658030256811075
2549	1204	0.0980448831821452	0.7989715575296796	0.163001	0.8310208384376389
2550	0	0.02426392324549803	0.1379109461562387	0.738001	1.0
2556	1306	0.1059938169991024	0.8942456756826207	0.119001	0.820033522468544
2560	0	0.05904073800657422	0.4012791651768948	0.386001	0.9611837500568569
2562	742	0.0	-0.0	1.0	1.0
2565	585	0.20028084231802723	2.4288375821375165	0.005001	0.45252850413223145
2570	0	0.040932030652743596	0.25399580532026084	0.568001	1.0
2571	349	0.08421195623545735	0.6448791038048778	0.207001	0.8659326802281369
2574	0	0.0692551744201181	0.49453920063327866	0.318001	0.9327063886954191
2575	1797	0.05122371770793979	0.33491861110102905	0.459001	1.0
2576	1643	0.1500032037487874	1.5146665214323705	0.039001	0.7375163195164075
2577	0	0.021624386069548893	0.1211683679055593	0.733001	1.0
2578	2205	0.024861207461142572	0.14176050687433925	0.722001	1.0
2580	1633	0.0020965243197436185	0.010539623290239003	0.981001	1.0
2581	0	0.12635223683952418	1.1613162016791356	0.061001	0.7875692535087719
2584	0	0.0	-0.0	1.0	1.0
2585	3037	0.08532562022264542	0.656742827330272	0.208001	0.8659326802281369
2587	1035	0.009734490548538841	0.0510906727673902	0.881001	1.0
2591	0	0.016986446048230925	0.09280364710674023	0.821001	1.0
2592	1201	0.11748572582889606	1.0408709963020781	0.088001	0.8036054620517097
2594	3079	0.05854990111834109	0.3969857801087834	0.393001	0.9647910199551569
2597	2396	0.10316591027856051	0.8597807087242492	0.122001	0.820033522468544
2598	0	0.05884616946824038	0.3995752169194221	0.404001	0.9700453835526316
2600	1147	0.04135870809017415	0.25720778979923875	0.571001	1.0
2606	600	0.028294756548562505	0.16433046554937875	0.6670010000000001	1.0
2607	598	0.06016755004896753	0.4112001663785456	0.403001	0.968919180720246
2608	2823	0.2539062552147623	3.6674659490037427	1e-06	0.00043795999999999993
2610	3081	0.0	-0.0	1.0	1.0
2611	0	0.15361244902121468	1.5727846111841477	0.023001	0.6202905147783251
2615	0	0.05232894538351664	0.3440416521586188	0.455001	0.9993592676028084
2619	184	0.01844106266648872	0.10155636479758098	0.7890010000000001	1.0
2623	0	0.08539929704690694	0.6575310124270249	0.243001	0.8940248484543011
2624	597	0.01085667498873977	0.057338161716667696	0.875001	1.0
2626	887	0.02738625642661389	0.1582852851018251	0.695001	1.0
2627	0	0.04895838426249787	0.31648400118474146	0.48000099999999996	1.0
2629	499	0.0020965243197436185	0.010539623290239003	0.981001	1.0
2630	0	0.017770927364813626	0.09750782954438715	0.8100010000000001	1.0
2631	0	0.002857049889559031	0.01442516716255989	0.958001	1.0
2633	1847	0.0660943528857733	0.4648767892873904	0.332001	0.9356702571428571
2635	597	0.042683658448321636	0.2672599831296126	0.5340010000000001	1.0
2636	54	0.048861606126679565	0.31570433965261285	0.48300099999999996	1.0
2638	986	0.07697838223877249	0.5700938371701542	0.377001	0.9581348300623412
2639	1111	0.09921410553636385	0.8126742805490892	0.146001	0.8295614680851063
2640	351	0.08677264064586275	0.6722983210518788	0.237001	0.8917607127407907
2641	499	0.06600555025151303	0.4640538935155446	0.341001	0.9398895120676785
2643	1857	0.047217768759604636	0.3025596541232075	0.49400099999999997	1.0
2644	1185	0.041439199104853996	0.25781508990925767	0.574001	1.0
2646	2353	0.0	-0.0	1.0	1.0
2651	0	0.04737247078665137	0.3037887984310062	0.504001	1.0
2652	0	0.09111082808680146	0.7198910390258569	0.196001	0.8563507378292099
2667	0	0.0708490944510998	0.5097731450709269	0.29900099999999996	0.9221864645070421
2668	0	0.10647872130683829	0.9002190579660609	0.121001	0.820033522468544
2676	2502	0.03014943348485474	0.17683632243170092	0.6860010000000001	1.0
2678	0	0.050716548895992294	0.33076058777374945	0.457001	1.0
2679	0	0.018198964613021017	0.1000905626592602	0.8010010000000001	1.0
2684	427	0.08029718492312496	0.6039185504754526	0.276001	0.9099650071748879
2685	0	0.03239274337723426	0.19226011859823017	0.630001	1.0
2688	1718	0.06554320536427155	0.4597787520370814	0.384001	0.9600036322022317
2691	0	0.0010498395589456939	0.005246360472075908	0.989001	1.0
2693	0	0.03825035747532237	0.23408759134522095	0.616001	1.0
2695	3120	0.18112395847813334	2.0535158454009985	0.008001	0.5374414049079754
2699	1947	0.0	-0.0	1.0	1.0
2700	0	0.007551624254717906	0.03915245942492227	0.9120010000000001	1.0
2701	3131	0.13343174478616185	1.2621446635894562	0.060001	0.7875692535087719
2702	1644	3.21947762173657e-05	0.00015995443966834827	0.998001	1.0
2705	3132	0.0026570923196750605	0.01340035431547467	0.976001	1.0
2710	917	0.22148914347854648	2.8847844162363416	0.003001	0.4159234050632912
2711	749	0.055289602415360115	0.36889980142463563	0.43300099999999997	0.9833909871395975
2712	1278	0.11677079557285547	1.0314388366619036	0.091001	0.8087418417207791
2713	0	0.041269576490716976	0.2565358052506841	0.563001	1.0
2717	66	0.0025786127996846623	0.012998764023661864	0.978001	1.0
2719	20	0.0415350863102349	0.2585391221465194	0.572001	1.0
2720	1357	0.04053008625644884	0.2509811905950519	0.565001	1.0
2722	353	0.0026570923196750605	0.01340035431547467	0.976001	1.0
2723	735	0.11054790231282355	0.951083851926846	0.082001	0.7875692535087719
2725	0	0.0	-0.0	1.0	1.0
2726	887	0.07501345149809485	0.550453996332062	0.268001	0.9009342797052502
2728	597	0.11877977095368401	1.0580490983380355	0.080001	0.7875692535087719
2731	0	0.07651152682308937	0.5654015815261462	0.28200099999999995	0.9113426649940967
2736	0	0.0967268384958002	0.7836526101312061	0.163001	0.8310208384376389
2739	2542	0.01699609803490859	0.0928612957746003	0.818001	1.0
2741	887	0.0885874232556155	0.6920325802043972	0.186001	0.8471401618136438
2742	742	0.08446299433557355	0.6475451809790702	0.216001	0.8749518864224936
2745	499	0.06344700542803228	0.440589301164066	0.36200099999999996	0.9484443524766689
2749	20	0.16250927514364233	1.7208948820889625	0.014001	0.5816998406250001
2750	2818	0.04485438361231285	0.28398538645980037	0.516001	1.0
2753	1299	0.10952154598781583	0.9381297441494552	0.107001	0.820033522468544
2755	0	0.12455260224138943	1.1363476247593551	0.072001	0.7875692535087719
2756	370	0.08103836320376023	0.6115850708656286	0.240001	0.8917607127407907
2758	2946	0.09720607332332393	0.7892068464979505	0.181001	0.8415201481953289
2760	1260	0.0726304587860652	0.527018767005822	0.28600099999999995	0.9150861919929864
2763	1711	0.14514061589451777	1.4381430126721928	0.032001	0.6951963273809524
2764	503	0.06744883545957173	0.4774989676402026	0.332001	0.9356702571428571
2765	1066	0.02119334994931901	0.11847585875173036	0.741001	1.0
2767	0	0.04706874192828531	0.30137715109284335	0.516001	1.0
2768	0	0.047619174623368274	0.30575231307549894	0.47900099999999995	1.0
2769	0	0.0	-0.0	1.0	1.0
2773	3079	0.07967760446226449	0.5975414023422265	0.271001	0.9054592459566676
2776	3131	0.11384431843433326	0.9932609856455272	0.127001	0.8228011532544378
2778	3146	0.12576124511794504	1.1530871712763615	0.075001	0.7875692535087719
2780	1768	0.03877858353381766	0.2379710526889431	0.691001	1.0
2781	0	0.0007943512522232896	0.0039638261789617536	0.993001	1.0
2783	0	0.06717840290004501	0.4749682314284568	0.30900099999999997	0.9281849214362851
2786	923	0.010431148861846297	0.05496030183579535	0.869001	1.0
2787	0	0.04051737891707914	0.25088606128428254	0.5550010000000001	1.0
2788	879	0.03744547978798411	0.22820590760419288	0.598001	1.0
2789	0	0.09949449476254144	0.8159761963206523	0.156001	0.8310208384376389
2790	3147	0.054827643546274396	0.3649807459904771	0.42400099999999996	0.9800267994511292
2792	8	0.0545034331162433	0.36223922184752433	0.454001	0.9983645207873068
2793	349	0.13918469283080484	1.347168208945845	0.042001000000000004	0.7473300777777777
2795	742	0.0680793290902895	0.4834198139887709	0.319001	0.9331397138658829
2797	788	0.09941199029391307	0.8150039694758718	0.168001	0.8310208384376389
2798	1266	0.016830423580995676	0.09187256152630884	0.816001	1.0
2800	0	0.0	-0.0	1.0	1.0
2801	464	0.030065321733273167	0.17626436258085246	0.6770010000000001	1.0
2802	1442	0.027525110958197298	0.15920580099204754	0.691001	1.0
2803	0	0.14310860763950006	1.4067652816299916	0.035001000000000004	0.7096776833333334
2806	0	0.0	-0.0	1.0	1.0
2807	0	0.08136344199879203	0.6149605957150923	0.245001	0.8947684953302201
2811	5	6.347687294537899e-05	0.00031543080114502305	0.999001	1.0
2815	370	0.0805516272510619	0.6065457783839909	0.242001	0.8940248484543011
2817	0	0.0020965243197436185	0.010539623290239003	0.981001	1.0
2822	1185	0.02416905453008945	0.13730158542731374	0.718001	1.0
2825	1397	0.13397280404764073	1.2700225178071824	0.047001	0.7545659076246335
2826	0	0.00201804479975321	0.010140561788117093	0.983001	1.0
2828	1442	0.07715978115389602	0.5719214066109446	0.262001	0.898348226095003
2829	0	0.028924784815513294	0.1685538103077024	0.6760010000000001	1.0
2830	0	0.16471807723220178	1.7587443408604118	0.011000999999999999	0.5816998406250001
2831	754	0.03239274337723426	0.19226011859823017	0.630001	1.0
2835	1380	0.0	-0.0	1.0	1.0
2838	0	0.0408878299149998	0.2536637656905633	0.5480010000000001	1.0
2840	1113	0.10998785386549573	0.9440047788836976	0.104001	0.8168629476327116
2841	0	0.06832983949688753	0.48578032988276315	0.34500099999999995	0.9398895120676785
2844	586	1.3335253609844666e-05	6.624686462658283e-05	1.0	1.0
2846	742	0.008210665492496643	0.04272707160096805	0.904001	1.0
2849	0	0.09426024014124701	0.7553475279561023	0.181001	0.8415201481953289
2852	1007	0.0013445575207279795	0.006730456211849384	0.988001	1.0
2853	2709	0.0	-0.0	1.0	1.0
2854	349	0.09310714834185642	0.7422770710496245	0.174001	0.8323009825251201
2856	0	0.03709500310695239	0.22565822522965473	0.608001	1.0
2857	0	0.01258256989704424	0.06709382297304237	0.872001	1.0
2860	0	0.020872654845586786	0.11648014013199606	0.7830010000000001	1.0
2863	0	0.014938331317009779	0.0806999023974656	0.815001	1.0
2864	992	0.06816981645356934	0.4842719341153483	0.312001	0.9281849214362851
2865	0	0.06804437032504057	0.48309076647825533	0.30700099999999997	0.927731210178817
2866	0	0.06763013881578438	0.4791985954970075	0.340001	0.9398895120676785
2867	68	0.07949383535088224	0.5956554510809239	0.273001	0.905784226969697
2868	0	0.10619762692169027	0.8967540711902302	0.130001	0.8241244759479344
2869	3161	0.034960643310876616	0.21031857049262837	0.604001	1.0
2872	1847	0.035495778058707114	0.21413634393919542	0.620001	1.0
2873	3166	0.002072778344566102	0.01041883977733218	0.971001	1.0
2875	3167	0.05076387600647836	0.33114784514322343	0.464001	1.0
2877	1109	0.05977367338565302	0.4077220266099496	0.395001	0.9658030256811075
2878	0	0.07029945645506289	0.5044989850953856	0.30700099999999997	0.927731210178817
2879	1053	0.036225068855206904	0.21936967226618936	0.630001	1.0
2882	0	0.10590107971752163	0.8931054006461849	0.110001	0.820033522468544
2884	1199	0.16627383990033032	1.785662879944958	0.014001	0.5816998406250001
2886	0	0.02322377773855893	0.13126093738463407	0.729001	1.0
2888	3170	0.05780319729050199	0.39048703452152705	0.388001	0.9613539146865807
2890	349	0.0	-0.0	1.0	1.0
2893	0	0.01007745115296605	0.05299205158657799	0.903001	1.0
2894	58	0.12000997185787468	1.0745061051519578	0.088001	0.8036054620517097
2898	0	0.0626315229885239	0.4332094034057735	0.36600099999999997	0.9525421794628
2900	0	0.0	-0.0	1.0	1.0
2901	2902	0.06501923264455589	0.4549524196057796	0.34400099999999995	0.9398895120676785
2905	526	0.06684596371349848	0.47186449856080204	0.327001	0.9352299346354166
2911	0	0.05440602452421567	0.36141697290404995	0.43300099999999997	0.9833909871395975
2913	0	0.09614935457223034	0.7769834274375699	0.181001	0.8415201481953289
2917	1740	0.050975308601175745	0.33287980187845934	0.461001	1.0
2922	985	0.060356755559984696	0.41287487631516107	0.381001	0.9585431868106616
2923	349	0.0003825215052510947	0.0019043046528100648	0.997001	1.0
2924	0	0.09125798743003914	0.7215307579754043	0.190001	0.8536401103816167
2926	1847	0.059331332012828586	0.4038290650051116	0.388001	0.9613539146865807
2927	1163	0.024887747641106867	0.1419320856833656	0.8120010000000001	1.0
2928	1359	0.0500372566730304	0.3252193107948796	0.464001	1.0
2929	2344	0.1568305623798991	1.6255586807898235	0.022001	0.6067731712846347
2930	3131	0.0448334533244203	0.2838225925737864	0.48000099999999996	1.0
2934	503	0.010574856112613551	0.0557621345478646	0.886001	1.0
2936	0	0.06034218294862756	0.4127457995435899	0.392001	0.9629838341934036
2939	1167	0.0	-0.0	1.0	1.0
2942	0	0.13412485824713688	1.272240851711529	0.062001	0.7875692535087719
2943	3182	0.09399715787109891	0.7523564019230428	0.164001	0.8310208384376389
2944	913	0.010362183573418712	0.0545759392455724	0.885001	1.0
2946	1441	0.040222004137154856	0.24867788523256115	0.5550010000000001	1.0
2947	0	0.1551156113393251	1.5973227794669358	0.023001	0.6202905147783251
2948	0	0.06371184117179543	0.44299626152620775	0.35000099999999995	0.942257425374969
2953	1065	0.0032411390956718703	0.016400148205299638	0.960001	1.0
2956	0	0.05231871885972877	0.34395684872060983	0.454001	0.9983645207873068
2959	38	0.058033753354846854	0.3924894098256471	0.41200099999999995	0.9736669434491689
2964	0	0.0053490294132491146	0.027390949325384096	0.941001	1.0
2971	0	0.01006307514172372	0.05291221003626596	0.888001	1.0
2973	0	0.06931915067926896	0.49514708181979644	0.332001	0.9356702571428571
2974	504	0.0816135342905479	0.6175628868999177	0.246001	0.8949779001318391
2975	349	0.04693812310879875	0.3003419632249098	0.510001	1.0
2978	0	0.15194454668138882	1.5457868991095018	0.026001	0.6426296817155757
2983	0	0.11267987429526075	0.9782623126118848	0.103001	0.8168629476327116
2984	0	0.09831379528940147	0.8021136216588112	0.160001	0.8310208384376389
2985	0	0.04100234713968642	0.2545242989848072	0.5420010000000001	1.0
2986	3190	0.0020965243197436185	0.010539623290239003	0.981001	1.0
2987	2455	0.0	-0.0	1.0	1.0
2988	3192	0.004426745083760139	0.022550310736055474	0.944001	1.0
2993	0	0.13042892992835192	1.2188683689977464	0.051001	0.7632157493297588
2994	3193	0.10134491454917355	0.8379215816613641	0.139001	0.8255721652406417
2998	742	0.09109961580053944	0.7197661746792567	0.185001	0.8464588169661512
3002	0	0.022127468915519734	0.1243256360253841	0.731001	1.0
3005	0	0.07548737343260825	0.5551647352884365	0.280001	0.9107935083184789
3007	913	0.052204831457775096	0.343012929262041	0.450001	0.9961708348160129
3008	0	0.1277633243337006	1.1810811047520593	0.057001	0.7811063191489362
3012	532	0.015073054676233596	0.08148820327923689	0.818001	1.0
3014	0	0.04746140710490894	0.30449616112490396	0.49700099999999997	1.0
3020	1829	0.014039827360971072	0.07547076368088512	0.856001	1.0
3026	3170	0.04881304772764655	0.3153133877124827	0.518001	1.0
3027	0	0.0497325361858391	0.3227439399749241	0.49100099999999997	1.0
3028	0	0.06320782092717839	0.43841980087410315	0.34900099999999995	0.941649075653031
3029	3195	0.18727496759533374	2.170323540987458	0.005001	0.45252850413223145
3030	3196	0.01908106298253559	0.105448753124156	0.775001	1.0
3031	38	0.10431577948642759	0.8737183582293881	0.134001	0.8242567129213484
3036	3197	0.10241212457581685	0.8507006343388022	0.136001	0.8255721652406417
3039	1185	0.014790129778688144	0.0798340139960324	0.835001	1.0
3043	1247	0.06747506084641816	0.47774466984078146	0.334001	0.935934153865782
3044	0	0.0	-0.0	1.0	1.0
3050	0	0.06913521290778762	0.49340017067338426	0.318001	0.9327063886954191
3055	818	0.0948823197962052	0.7624416059691488	0.182001	0.8422353968723585
3059	71	0.0024278638984791406	0.012228355779098109	0.981001	1.0
3060	1202	0.09699130008054493	0.7867154562101561	0.165001	0.8310208384376389
3061	0	0.09369349186282827	0.7489105132552065	0.174001	0.8323009825251201
3062	1147	0.007336321382087854	0.037990216131849545	0.9210010000000001	1.0
3064	0	0.0	-0.0	1.0	1.0
3066	0	0.013086546798290338	0.06997637610952392	0.845001	1.0
3067	0	0.04706874192828531	0.30137715109284335	0.516001	1.0
3070	0	0.05725051859501647	0.3857023267450632	0.399001	0.9669459825143869
3071	985	0.0	-0.0	1.0	1.0
3072	1197	0.011694470596322289	0.06205148063817134	0.861001	1.0
3074	1363	0.0	-0.0	1.0	1.0
3075	985	0.09599394777112868	0.7751931097179909	0.189001	0.8533492573195877
3080	2823	0.11805339472736462	1.0483898835350796	0.125001	0.820033522468544
3082	0	0.17814057524438748	1.9981064881188795	0.008001	0.5374414049079754
3083	0	0.07495801467144159	0.5499040457018946	0.272001	0.905784226969697
3084	0	0.0626623776031709	0.4334877614087005	0.384001	0.9600036322022317
3085	0	0.03847020509761921	0.2357016297805823	0.609001	1.0
3090	52	0.0736834225786087	0.5373223448130652	0.279001	0.910244919249106
3093	3211	0.1086785517702713	0.9275529219685726	0.138001	0.8255721652406417
3095	297	0.10101541280941846	0.8339941348414572	0.179001	0.8404296522298456
3099	913	0.03353315905725785	0.20022664830493767	0.6610010000000001	1.0
3103	0	0.06523581512387122	0.45694496680005925	0.34400099999999995	0.9398895120676785
3104	2343	0.09389109488058373	0.7511520282973241	0.196001	0.8563507378292099
3106	1204	0.0707450705482378	0.5087732669458991	0.315001	0.928883907621869
3107	3214	0.13888708334347316	1.3427013510113524	0.045001	0.7522380900763358
3111	2344	0.01968472113906819	0.10914337303938232	0.7990010000000001	1.0
3114	917	0.04223408170776594	0.26383585131754195	0.5400010000000001	1.0
3119	924	0.13540358897651988	1.2909731370156194	0.055001	0.7780438617571059
3121	0	0.013128966720769988	0.07021970136078606	0.866001	1.0
3122	3240	0.06396254393966067	0.44527941828361783	0.387001	0.9613539146865807
3123	1769	0.0351457393683841	0.21163695463481844	0.615001	1.0
3124	3249	0.1090436383323608	0.9321265980250829	0.109001	0.820033522468544
3125	0	0.05155358212415987	0.3376325770920426	0.457001	1.0
3126	441	0.004208606039269626	0.02141263189432891	0.959001	1.0
3130	1442	0.0681175963364656	0.4837801042614529	0.323001	0.9348501054718477
3132	292	0.2165031764574099	2.7736928444335875	0.001001	0.2149009607843137
3134	0	0.002679515039672318	0.013515159520868196	0.979001	1.0
3139	2857	0.0024769217760631235	0.012478924519402078	0.971001	1.0
3142	2818	0.055832024522284245	0.3735205924304535	0.42700099999999996	0.9806120979123172
3144	25	0.03508905282360662	0.2112329536758958	0.618001	1.0
3145	917	0.08796866748811832	0.6852758974541464	0.192001	0.854495733522038
3146	1306	0.04535832713320075	0.2879140117032487	0.529001	1.0
3147	1316	0.03293170668564657	0.19601453086072035	0.653001	1.0
3148	0	0.05899047773756377	0.40083874996274116	0.41200099999999995	0.9736669434491689
3149	3257	0.05457739816405769	0.36286402211514934	0.42500099999999996	0.980475336915297
3151	1185	0.05561973099499311	0.37170964251181415	0.448001	0.9947602816872845
3152	0	0.0	-0.0	1.0	1.0
3153	2709	0.17362990282061685	1.9158634791775366	0.013000999999999999	0.5816998406250001
3155	425	0.0	-0.0	1.0	1.0
3163	3214	0.082766230527402	0.62961790154176	0.30400099999999997	0.927677522017837
3164	0	0.0	-0.0	1.0	1.0
3166	20	0.008793317517487464	0.045908731360954275	0.902001	1.0
3167	594	0.053693163535829834	0.35541975164038253	0.467001	1.0
3172	581	0.04553077769656558	0.28926236675800754	0.521001	1.0
3173	3182	0.0	-0.0	1.0	1.0
3176	0	0.13509636334308922	1.2864600203334946	0.052001	0.7632157493297588
3177	503	0.07518832489500281	0.5521902853286195	0.272001	0.905784226969697
3179	0	0.041148592063923836	0.2556245289368703	0.5560010000000001	1.0
3180	913	0.06268963353673276	0.433733710297336	0.36100099999999996	0.9474113012943431
3182	3261	0.07181611789195663	0.5191061264805478	0.312001	0.9281849214362851
3184	925	0.04420170081664699	0.27892288851846625	0.524001	1.0
3186	919	0.10410409520134263	0.8711446721523075	0.141001	0.8255721652406417
3187	0	0.034596757219447195	0.2077332890551492	0.611001	1.0
3188	3270	0.06694626307696813	0.4728000737759682	0.327001	0.9352299346354166
3190	754	0.04831428547958588	0.3113071606750988	0.48500099999999996	1.0
3191	0	0.07298968164950544	0.5305246978312492	0.29100099999999995	0.9168680668196155
3192	0	0.015075666747155856	0.08150349810294996	0.828001	1.0
3193	349	0.04442221115456762	0.2806300282083812	0.5410010000000001	1.0
3194	899	0.03933781335412015	0.24210272192414137	0.589001	1.0
3195	0	0.04119462696354023	0.2559711560853808	0.594001	1.0
3201	2026	0.07214372202930554	0.5222834729710013	0.28900099999999995	0.9168680668196155
3202	0	0.042052464667655214	0.2624564593386146	0.5440010000000001	1.0
3204	2744	0.09184392280619681	0.7280760447668233	0.174001	0.8323009825251201
3205	20	0.021258954326208685	0.11888491322049244	0.753001	1.0
3206	0	0.11143991824953475	0.9624109171184265	0.092001	0.8090915253012048
3210	2946	0.0	-0.0	1.0	1.0
3212	2313	0.021087767530232754	0.11781809915989681	0.766001	1.0
3214	1957	0.01408667669530147	0.07574220684570945	0.817001	1.0
3218	1363	0.0020965243197436185	0.010539623290239003	0.981001	1.0
3221	3135	0.046830524792604473	0.2994900960518809	0.5380010000000001	1.0
3231	2744	0.15830264245545062	1.6500007676090296	0.031001	0.682957643863179
3233	0	0.10391998625562474	0.8689091308221115	0.132001	0.8241244759479344
3234	2925	0.06625922047719264	0.46640605871658947	0.340001	0.9398895120676785
3236	1065	0.0	-0.0	1.0	1.0
3237	1930	0.004051225467055332	0.02059354605203289	0.945001	1.0
3239	1109	0.059084539271445136	0.40166312827710043	0.40700099999999995	0.9712846445074105
3240	0	0.10205077742470176	0.8463637338062249	0.153001	0.8310208384376389
3244	0	0.0	-0.0	1.0	1.0
3245	532	0.0	-0.0	1.0	1.0
3246	0	0.2066551227476442	2.561341640249678	0.002001	0.34776109523809523
3247	3279	0.047838822890188766	0.3075040056624215	0.48600099999999996	1.0
3249	0	0.09522476458651746	0.7663595780310798	0.176001	0.8342142636363636
3257	1085	0.10294549081734441	0.8571209099275846	0.131001	0.8241244759479344
3258	3280	0.11054790231282355	0.951083851926846	0.082001	0.7875692535087719
3259	1711	0.10591762368191997	0.8933087711942109	0.137001	0.8255721652406417
3260	3281	0.07484999427366931	0.5488331027937547	0.279001	0.910244919249106
3261	1034	0.01892408363350493	0.10449168096036132	0.766001	1.0
3262	0	0.012527071615134736	0.06677733073719534	0.876001	1.0
3263	3282	0.08228692026855257	0.6245930736543787	0.250001	0.896185036881268
3266	1833	0.0020965243197436185	0.010539623290239003	0.981001	1.0
3267	0	0.06651616737500143	0.4687933535144433	0.322001	0.9341783118706941
3270	0	0.09265731452228879	0.7372059888923457	0.164001	0.8310208384376389
3271	874	0.040740903060648856	0.25256098143179717	0.564001	1.0
3272	919	0.09318435744693504	0.7431490377099768	0.247001	0.8949779001318391
3274	0	0.00392456513737978	0.01993538615363207	0.961001	1.0
3276	0	0.04301428060721345	0.26978682436827967	0.583001	1.0
3277	0	0.15442870607909104	1.5860850981006813	0.026001	0.6426296817155757
3278	1185	0.01696300742184336	0.09266367844553257	0.823001	1.0
3279	0	0.0798902460355491	0.5997268151329268	0.244001	0.8943980411784399
3280	0	0.08622674017676958	0.6664111914546751	0.200001	0.8576617104442713
3283	370	0.0020965243197436185	0.010539623290239003	0.981001	1.0
3285	2361	0.0970324753515725	0.7871928149975181	0.168001	0.8310208384376389
3286	0	0.07073921110505195	0.5087169695260609	0.320001	0.9341783118706941
3288	0	0.002118947039740876	0.010653705805318285	0.981001	1.0
3289	1205	0.0	-0.0	1.0	1.0
3291	0	0.032484983949413904	0.19290132093553858	0.6660010000000001	1.0
3292	899	0.04492364021057295	0.2845242703996726	0.530001	1.0
3293	887	0.0	-0.0	1.0	1.0
3295	0	0.11428041767685657	0.9989063079658018	0.090001	0.8087418417207791
3296	0	0.0561421283997062	0.3761715990007881	0.508001	1.0
3299	3196	0.13315502256479023	1.2581250483263013	0.046001	0.7528624050822122
3300	985	0.0496228333825111	0.3218543483617184	0.47200099999999995	1.0
3302	572	0.02151642116337313	0.12049286350338595	0.763001	1.0
3303	0	0.08004411326866495	0.6013102891072355	0.261001	0.898348226095003
3305	3107	0.09735430525809798	0.7909284468552378	0.17100100000000001	0.8310208384376389
3308	566	0.12212737885984493	1.1031211475482972	0.067001	0.7875692535087719
3310	1525	0.06800648226894458	0.4827342474949643	0.328001	0.9352299346354166
3311	918	0.22801150032271322	3.033788389960677	0.001001	0.2149009607843137
3312	0	0.04942290507550247	0.3202352446626754	0.49500099999999997	1.0
3313	0	0.004051493802040654	0.02059494137704484	0.972001	1.0
3314	2026	0.0020965243197436185	0.010539623290239003	0.981001	1.0
3315	0	0.055943766862491175	0.37447507252041046	0.42600099999999996	0.9806120979123172
3316	0	0.10377627711723826	0.8671660050926088	0.146001	0.8295614680851063
3317	0	0.03919610152913929	0.24105376050109606	0.584001	1.0
3318	2744	0.12368637075042375	1.1244244443323501	0.082001	0.7875692535087719
3319	2061	0.0	-0.0	1.0	1.0
3326	0	0.0076453880372780655	0.03965946674697584	0.904001	1.0
3328	0	0.010351143160255726	0.054514434339807065	0.880001	1.0
3330	1948	0.061151515892820585	0.4199373757562621	0.401001	0.9670836892070485
3333	1921	0.04520911197489871	0.2867489640574699	0.522001	1.0
3334	0	0.031967269953539976	0.1893096556604212	0.626001	1.0
3335	0	0.07449165906427252	0.5452866515789738	0.29900099999999996	0.9221864645070421
3336	3015	0.01867828944365768	0.10299618718116471	0.7900010000000001	1.0
3341	1185	0.0020965243197436185	0.010539623290239003	0.981001	1.0
3343	971	0.08089340345802148	0.6100824090993293	0.241001	0.8917607127407907
3346	3249	0.08788159340879309	0.6843274129068332	0.227001	0.8860727090909091
3349	1025	0.0024107200804894258	0.012140824396542798	0.974001	1.0
3350	0	0.1657063792795321	1.7758195233171101	0.016001	0.5816998406250001
3353	0	0.04489871149085656	0.28433026304888165	0.5310010000000001	1.0
3355	0	0.0892623556613783	0.6994360654795136	0.199001	0.8576617104442713
3357	0	0.0068875251366178475	0.035576303865959634	0.9250010000000001	1.0
3358	0	0.06172692630897564	0.4250787859816379	0.36100099999999996	0.9474113012943431
3359	3323	0.08366746866034153	0.6391129133143995	0.200001	0.8576617104442713
3362	0	0.14905213017341165	1.4995392905561713	0.035001000000000004	0.7096776833333334
3364	2882	0.016043456158038046	0.0871989840308183	0.827001	1.0
3366	0	0.04687598696226367	0.2998499281624337	0.504001	1.0
3369	0	0.10222076071447506	0.8484025983287622	0.158001	0.8310208384376389
3371	0	0.10057848330159545	0.8287993673384288	0.131001	0.8241244759479344
3373	1567	0.0	-0.0	1.0	1.0
3375	3335	0.07968094518891256	0.5975757103161818	0.250001	0.896185036881268
3376	0	0.047143373199759524	0.30196914762866567	0.49700099999999997	1.0
3378	3336	0.1319653311375042	1.2409167765927462	0.061001	0.7875692535087719
3380	0	0.016283770957147753	0.08862212092432395	0.827001	1.0
3381	916	0.030999664506082762	0.18264360730910384	0.654001	1.0
3382	0	0.04502817500646109	0.28533827101983744	0.525001	1.0
3391	0	0.05523765267089739	0.3684583355520664	0.42500099999999996	0.980475336915297
3392	370	0.023449195328870104	0.1326963147134911	0.746001	1.0
3394	0	0.10221921100647832	0.8483840000821468	0.144001	0.8280813807773109
3395	77	0.08517911633101816	0.6551767710489058	0.212001	0.872959364046634
3396	0	0.10449664012973872	0.8759200934594737	0.141001	0.8255721652406417
3398	3339	0.09395780149174168	0.7519093981820273	0.184001	0.8447073161425576
3399	0	0.0	-0.0	1.0	1.0
3402	3349	0.12811781638433248	1.1860723339226102	0.048001	0.7562056820143885
3405	3350	0.06820630863925459	0.4846157497554555	0.329001	0.9354017005972475
3408	3145	0.07917590176261005	0.5923985877946847	0.255001	0.8971741481362466
3411	1797	0.019512652898753445	0.10808794512938541	0.778001	1.0
3412	0	0.07771919156358517	0.5775728097444083	0.267001	0.8995058304615384
3413	3353	0.0008967689252961791	0.004477508671942506	0.988001	1.0
3414	1185	0.03884508269215371	0.23846126495335832	0.582001	1.0
3419	2864	0.10446079850066539	0.8754835642354615	0.125001	0.820033522468544
3425	3244	0.09660041209308241	0.782190333230117	0.165001	0.8310208384376389
3427	350	0.03834844449982361	0.2348073118028736	0.584001	1.0
3430	2333	0.03732272653852615	0.2273126635510081	0.605001	1.0
3432	2408	0.05274755337473877	0.34751920646984663	0.442001	0.9888575702901512
3435	1645	0.04153596591267726	0.2585457667769488	0.522001	1.0
3439	0	0.06793778304075784	0.482088067705429	0.324001	0.9352299346354166
3440	2144	0.0818464525558347	0.6199907064743533	0.241001	0.8917607127407907
3442	1537	0.08134589992340557	0.6147782411877368	0.222001	0.8836908972131741
3443	1065	0.135668735471277	1.2948744922560569	0.061001	0.7875692535087719
3447	1207	0.06179628786929345	0.4257001432994404	0.388001	0.9613539146865807
3449	0	0.030529253242154462	0.17942479708451117	0.6770010000000001	1.0
3450	1357	0.0718825310935558	0.5197496137970508	0.28900099999999995	0.9168680668196155
3452	0	0.09026087715500537	0.7104530354527983	0.183001	0.8425895496215307
3453	2088	0.001261830122880142	0.006313368945342881	0.986001	1.0
3461	0	0.09152394986802727	0.7244984613130522	0.186001	0.8471401618136438
3468	0	0.0026570923196750605	0.01340035431547467	0.976001	1.0
3473	0	0.01687589963793624	0.09214379180848967	0.817001	1.0
3475	0	0.08376542950623742	0.6401486773452691	0.204001	0.8630629632921175
3479	0	0.07803590745819745	0.5807827423406784	0.277001	0.9099650071748879
3482	425	0.0020965243197436185	0.010539623290239003	0.981001	1.0
3487	887	0.06899090977378067	0.4920314079618182	0.31100099999999997	0.9281849214362851
3489	0	0.04538173813618271	0.28809693861225266	0.513001	1.0
3494	1758	0.09068372512308444	0.7151414794654646	0.195001	0.8563507378292099
3497	0	0.032661201106854165	0.1941278222176423	0.648001	1.0
3500	3373	0.10422245492397958	0.872583268952072	0.135001	0.8255721652406417
3504	0	0.029581394963093765	0.17298254353673337	0.6780010000000001	1.0
3506	1544	0.10258143839379541	0.8527362824295474	0.132001	0.8241244759479344
3509	0	0.08195708399729644	0.6211453010412682	0.245001	0.8947684953302201
3510	2828	0.0026570923196750605	0.01340035431547467	0.976001	1.0
3515	0	0.024492018104705776	0.13937837552384957	0.701001	1.0
3516	1443	0.08099299632480411	0.611114625354722	0.246001	0.8949779001318391
3518	1185	0.06460166425577278	0.4511203593615383	0.332001	0.9356702571428571
3519	988	0.01723267095140355	0.09427607071340059	0.823001	1.0
3520	0	0.0829292356961249	0.6313307052266457	0.241001	0.8917607127407907
3521	0	0.13476277675502446	1.281568641361909	0.057001	0.7811063191489362
3522	0	0.10501641365933596	0.8822620458142301	0.131001	0.8241244759479344
3523	48	0.0710555549166375	0.5117599909785012	0.30500099999999997	0.927731210178817
3524	3422	0.011009788298027918	0.058196415048531826	0.878001	1.0
3525	1308	0.034367678007575155	0.20611022661249292	0.634001	1.0
3526	1273	0.05427611974319506	0.36032144956767276	0.42900099999999997	0.9806120979123172
3533	917	0.053826989084254415	0.356542902220855	0.527001	1.0
3536	1185	0.0	-0.0	1.0	1.0
3537	3431	0.08698064118659643	0.6745474174220338	0.207001	0.8659326802281369
3539	0	0.07937522163525312	0.5944395061639538	0.261001	0.898348226095003
3542	0	0.10498311756892996	0.8818551465343516	0.133001	0.8241244759479344
3543	1185	0.08557263070437614	0.6593869375954735	0.227001	0.8860727090909091
3545	2990	0.13457901354398738	1.2788781127372628	0.047001	0.7545659076246335
3546	0	0.07859131714966956	0.5864299084872867	0.248001	0.8949779001318391
3549	1109	0.010964136421037825	0.057940373608754814	0.872001	1.0
3550	0	0.002072778344566102	0.01041883977733218	0.971001	1.0
3558	0	0.12857160955118827	1.1924769227083014	0.056001	0.7811063191489362
3560	3432	0.09696377279060327	0.7863963966896259	0.161001	0.8310208384376389
3561	0	0.11714216626537308	1.0363331966372553	0.125001	0.820033522468544
3562	0	0.028360456614284577	0.16476968888118307	0.780001	1.0
3564	1068	0.12854867741953477	1.1921528613381964	0.07000100000000001	0.7875692535087719
3567	0	0.057184821442657435	0.3851350009435936	0.443001	0.9888721608562691
3571	2161	0.0753996676122759	0.5542916935937565	0.28200099999999995	0.9113426649940967
3572	2550	0.03407168656200945	0.20401818258133536	0.641001	1.0
3573	1835	0.08221850613154962	0.6238772686250907	0.229001	0.8888096238922368
3574	821	0.18845598887369536	2.19314917565436	0.006001	0.49033544029850745
3575	1567	0.004508366588081847	0.022976708418193284	0.944001	1.0
3579	1185	0.13621244076171451	1.3028930436826531	0.059001	0.7875692535087719
3581	0	0.0601516310837233	0.41105937945896465	0.385001	0.9600036322022317
3584	1185	0.062096941959642216	0.42839745128928597	0.380001	0.9585431868106616
3586	300	0.06360744382560284	0.44204684433781605	0.36200099999999996	0.9484443524766689
3587	1185	0.11467533385642491	1.0040317562089907	0.095001	0.8119952763466043
3589	0	0.07472192477165968	0.5475645059747067	0.28500099999999995	0.9150861919929864
3590	1548	0.06419698807346039	0.44741859678818974	0.35600099999999996	0.9472308503037665
3591	370	0.06561627947399229	0.4604534151520283	0.35600099999999996	0.9472308503037665
3593	1633	0.0016774955734796503	0.008412991826246686	0.980001	1.0
3595	1397	0.08142772559248534	0.6156290383775571	0.243001	0.8940248484543011
3597	0	0.016442727995945962	0.08956540310475988	0.833001	1.0
3598	0	0.017113621598057818	0.09356369093459681	0.8100010000000001	1.0
3599	3373	0.07644627100381617	0.5647470003291712	0.29000099999999995	0.9168680668196155
3600	0	0.11493040431952123	1.0073489013526877	0.104001	0.8168629476327116
3604	742	0.10978514239383805	0.9414486709430508	0.115001	0.820033522468544
3605	1444	0.053826989084254415	0.356542902220855	0.527001	1.0
3606	0	0.0024472990423381816	0.012327606451118136	0.981001	1.0
3607	0	0.029621087903059985	0.1732511575065131	0.6800010000000001	1.0
3608	1343	0.14214747477867706	1.3920464217360293	0.020001	0.6067731712846347
3609	0	0.07512368617034912	0.5515482344389484	0.28700099999999995	0.9164111837270339
3613	3453	0.1497868848481908	1.511219022086234	0.029001000000000002	0.6656854276729561
3616	0	0.0	-0.0	1.0	1.0
3619	0	0.11271934058174998	0.9787688725451359	0.126001	0.8221602794994041
3620	1343	0.025645036312740895	0.1468466965686851	0.727001	1.0
3621	1397	0.13470457120434615	1.2807161309017714	0.047001	0.7545659076246335
3622	0	0.1537649104150301	1.575264492003011	0.028001	0.6564945374732334
3629	0	0.07258223489115882	0.526548835958016	0.30900099999999997	0.9281849214362851
3633	3454	0.11117013376566667	0.9589783890696368	0.116001	0.820033522468544
3634	600	0.011263680327116637	0.059622661639759614	0.862001	1.0
3635	588	0.04305184291431964	0.2700743685939056	0.5390010000000001	1.0
3636	0	0.051499580767171045	0.3371877629770622	0.47700099999999995	1.0
3637	926	0.10731462502242037	0.9105601527730922	0.109001	0.820033522468544
3639	821	0.03076727829485637	0.1810517013806226	0.6730010000000001	1.0
3642	0	0.04889200372295886	0.31594915850717376	0.47200099999999995	1.0
3643	3457	0.11552345607571907	1.0150817589524375	0.104001	0.8168629476327116
3644	0	0.039434446574034915	0.24281877729648257	0.597001	1.0
3645	1111	0.04730149384894818	0.30322466621173083	0.502001	1.0
3647	0	0.008681772432944258	0.04529806691590193	0.9290010000000001	1.0
3651	0	0.02892495310093352	0.1685549418073357	0.691001	1.0
3652	0	0.07466324292332063	0.5469836361258966	0.374001	0.9576559749766136
3653	3215	0.07634287874378504	0.5637105198728649	0.259001	0.898348226095003
3655	3477	0.03414532407760546	0.2045381094486129	0.621001	1.0
3657	25	0.01973199359758699	0.10943365367036754	0.778001	1.0
3659	0	0.12574452636091588	1.1528547969818606	0.073001	0.7875692535087719
3661	3478	0.002072778344566102	0.01041883977733218	0.971001	1.0
3663	3162	0.15607956396865671	1.6131622457073267	0.020001	0.6067731712846347
3665	3483	0.06587408987939739	0.46283675366117416	0.337001	0.9371417951380095
3666	526	0.0026570923196750605	0.01340035431547467	0.976001	1.0
3669	602	0.06760989768533915	0.4790087267227824	0.29800099999999996	0.9206582813205417
3671	0	0.09943946754596004	0.8153277003040817	0.159001	0.8310208384376389
3672	499	0.05741144006709421	0.387093246490853	0.40900099999999995	0.971610316554567
3676	8	0.08025259048258956	0.6034585933283638	0.247001	0.8949779001318391
3677	1628	0.07308519093416117	0.5314584444766123	0.28800099999999995	0.9168680668196155
3679	0	0.04910295758645254	0.3176499108237944	0.511001	1.0
3680	0	0.06494433404340005	0.4542641437962778	0.36400099999999996	0.9502734737720553
3681	0	0.038937746945355386	0.23914485035245622	0.576001	1.0
3684	1185	0.005479397847800795	0.02807918912243386	0.940001	1.0
3687	1343	0.005570621563971007	0.02856136631381219	0.947001	1.0
3690	1075	0.028360456614284577	0.16476968888118307	0.780001	1.0
3692	0	0.06770109094456028	0.47986438583872637	0.331001	0.9356702571428571
3696	1040	0.15520328128341193	1.5987600051942152	0.028001	0.6564945374732334
3697	1299	0.056540323614538215	0.37958560144651304	0.405001	0.9701669465298997
3699	0	0.007170236588981624	0.03709552546243553	0.9350010000000001	1.0
3702	0	0.08589503555178613	0.6628450696817345	0.196001	0.8563507378292099
3709	2881	0.039917748155734435	0.24640942527184062	0.577001	1.0
3711	1185	0.05845726771515799	0.396177424454784	0.505001	1.0
3714	8	0.08357260681864676	0.6381106068641968	0.240001	0.8917607127407907
3716	588	0.016193854177735934	0.08808922254676406	0.8120010000000001	1.0
3719	0	0.03812157590395135	0.23314361958421614	0.570001	1.0
3720	0	0.005663011240450093	0.02905020159194747	0.945001	1.0
3721	3270	0.16620323259527175	1.7844365446121642	0.017001000000000002	0.5816998406250001
3724	2161	0.038468122436063554	0.23568632456595254	0.570001	1.0
3725	946	0.12471554092968637	1.1385972833518185	0.079001	0.7875692535087719
3726	0	0.03294340464815915	0.19609622902094273	0.620001	1.0
3729	3340	0.007576853972157998	0.03928883269431686	0.903001	1.0
3730	52	0.22720205042859504	3.0150682164437534	1e-06	0.00043795999999999993
3731	3509	0.043362750137722915	0.2724580664351468	0.5410010000000001	1.0
3732	1366	0.03798563959349275	0.232148400232417	0.574001	1.0
3733	0	0.021375614047399964	0.11961297113377778	0.763001	1.0
3734	38	0.046061299493793804	0.2934231186740431	0.519001	1.0
3735	1711	0.11665679857899541	1.029938694261228	0.086001	0.7979872449152542
3736	0	0.06865789933659247	0.48887848521659133	0.34800099999999995	0.941649075653031
3741	0	0.0020965243197436185	0.010539623290239003	0.981001	1.0
3743	526	0.0982745544035053	0.801654765495151	0.160001	0.8310208384376389
3744	0	0.060215317683784256	0.4116227303686443	0.390001	0.962389215460897
3746	1488	0.10592191942306359	0.8933615811474627	0.136001	0.8255721652406417
3748	66	0.09561776895873009	0.7708672206222196	0.149001	0.8310208384376389
3749	1040	0.041763523634539834	0.2602665162743392	0.566001	1.0
3750	0	0.024459137432723963	0.139166637308668	0.734001	1.0
3753	3518	0.004051493802040654	0.02059494137704484	0.972001	1.0
3754	718	0.0	-0.0	1.0	1.0
3756	0	0.0423637831868387	0.26482230291007314	0.5310010000000001	1.0
3758	0	0.036885571022889606	0.22413971021782214	0.616001	1.0
3759	1628	0.07652701989086427	0.5655570389641457	0.278001	0.9099650071748879
3760	0	0.0822847802018875	0.6245706771742808	0.248001	0.8949779001318391
3761	924	0.06295891619193872	0.4361664933687116	0.34800099999999995	0.941649075653031
3762	0	0.004316555043310265	0.021975282211001916	0.9330010000000001	1.0
3766	1979	0.06353438191061117	0.4413828656344341	0.37200099999999997	0.9576559749766136
3767	742	0.06092223066613423	0.41789525060318133	0.35700099999999996	0.9474113012943431
3770	0	0.03603840999208366	0.21802688081066596	0.654001	1.0
3775	1947	0.05441433575334567	0.361487104029351	0.43500099999999997	0.9852763651220521
3777	1066	0.06730018880278264	0.47610725991856556	0.333001	0.935934153865782
3778	0	0.06036198236101627	0.41292117634180847	0.42700099999999996	0.9806120979123172
3780	1184	0.05627161846042415	0.37728058194653846	0.41800099999999996	0.9779258438034187
3782	0	0.05436068339218987	0.36103446426983454	0.440001	0.9884380653019446
3783	913	0.11705847469398006	1.0352292338711804	0.089001	0.8053487181818181
3786	370	0.007422775430544964	0.038456582451248604	0.9120010000000001	1.0
3792	0	0.0809600333900994	0.6107729032111152	0.244001	0.8943980411784399
3795	1040	0.07471027783926712	0.5474491970585886	0.28600099999999995	0.9150861919929864
3796	816	5.295894919605734e-05	0.00026314905479134324	1.0	1.0
3797	513	0.0	-0.0	1.0	1.0
3798	0	0.0020965243197436185	0.010539623290239003	0.981001	1.0
3801	3432	0.05390142499366937	0.3571681582223248	0.43100099999999997	0.981495413685524
3803	918	0.11619617355939879	1.0238878320881604	0.093001	0.8119952763466043
3804	1185	0.11604675234058515	1.0219286981457245	0.089001	0.8053487181818181
3807	0	0.01915587881634378	0.10590542777169165	0.8040010000000001	1.0
3808	754	0.022001818160361713	0.12353558553715242	0.759001	1.0
3809	0	0.0	-0.0	1.0	1.0
3811	0	0.04884361649799735	0.31555948315659865	0.49600099999999997	1.0
3814	0	0.0015262492416546862	0.0076478668144535095	0.991001	1.0
3815	3190	0.1038169227056534	0.8676588519069821	0.133001	0.8241244759479344
3820	1442	0.014479993495149404	0.07802632368667774	0.845001	1.0
3823	0	0.061651010769814565	0.4243991107070288	0.389001	0.9614383632054175
3825	850	0.07893582978649047	0.5899443345783812	0.267001	0.8995058304615384
3826	1445	0.08513234678625897	0.6546771697992491	0.231001	0.8915156676066267
3827	1207	0.07197460332164825	0.5206422508876132	0.31000099999999997	0.9281849214362851
3828	0	0.020957525370239927	0.11700767315873552	0.776001	1.0
3830	2144	0.0026570923196750605	0.01340035431547467	0.976001	1.0
3833	3572	0.02270902733907086	0.12799519160779488	0.739001	1.0
3834	0	0.12260151261650373	1.1095789800722917	0.078001	0.7875692535087719
3836	2946	0.07629094261883435	0.5631901732320961	0.265001	0.898348226095003
3837	3573	0.025957071151579136	0.14888232751239808	0.701001	1.0
3840	1040	0.06675295955997049	0.4709976232234084	0.34400099999999995	0.9398895120676785
3846	1185	0.04722805314996987	0.30264131515936143	0.46900099999999995	1.0
3848	0	0.0	-0.0	1.0	1.0
3849	0	0.070292788828258	0.504435140241893	0.280001	0.9107935083184789
3852	2781	0.030378282189561488	0.17839481002967975	0.648001	1.0
3856	2912	0.0033047741658746646	0.016728180847073018	0.969001	1.0
3857	3135	0.04245236575143822	0.26549667456269427	0.5400010000000001	1.0
3858	0	0.014324729427704257	0.07712353305105185	0.826001	1.0
3860	3478	0.054119793250228025	0.3590046702064177	0.42400099999999996	0.9800267994511292
3861	499	0.07633552128023341	0.5636367934685833	0.276001	0.9099650071748879
3862	0	0.002118947039740876	0.010653705805318285	0.981001	1.0
3863	1604	0.15786047411092705	1.642639177758502	0.020001	0.6067731712846347
3864	1053	0.0798261616339419	0.5990678346216585	0.250001	0.896185036881268
3867	1343	0.0	-0.0	1.0	1.0
3868	38	0.10437593313869918	0.8744503609413785	0.137001	0.8255721652406417
3869	2946	0.0020965243197436185	0.010539623290239003	0.981001	1.0
3870	1207	0.040026167727558896	0.2472170649535898	0.5590010000000001	1.0
3872	0	0.08847379308377801	0.6907895706428998	0.213001	0.8734636513108613
3874	1278	0.06685362692227684	0.47193595393017757	0.338001	0.9371417951380095
3879	0	0.06583989203383708	0.4625203340254607	0.36100099999999996	0.9474113012943431
3881	0	0.04899447694482978	0.31677493527304007	0.49200099999999997	1.0
3883	899	0.03766821645076639	0.22982925923234693	0.608001	1.0
3885	3255	0.07266990675149088	0.5274033057859155	0.29000099999999995	0.9168680668196155
3887	0	0.04987093211390129	0.3238673924904522	0.48000099999999996	1.0
3888	1109	0.0029216051736510075	0.014756514686304945	0.972001	1.0
3892	985	0.09034991072216655	0.7114390793978765	0.188001	0.8519962537251655
3893	2313	0.11253419889298283	0.9763936161262724	0.132001	0.8241244759479344
3895	0	0.09698668174728588	0.786661922550439	0.170001	0.8310208384376389
3896	499	0.01065086705818968	0.05618674606683559	0.872001	1.0
3898	1551	0.07587118303595564	0.5589919600146173	0.28300099999999995	0.9137652459451487
3901	1603	0.0484104146135702	0.3120779712521406	0.47200099999999995	1.0
3903	2990	0.029142863238973082	0.17002163316245814	0.688001	1.0
3904	1930	0.001065493867766422	0.0053250652291315466	0.979001	1.0
3907	52	0.004383979239632331	0.022327052783462486	0.955001	1.0
3908	2743	0.021009941483896802	0.11733370268821125	0.780001	1.0
3912	1185	0.0784491716764287	0.5849824432366972	0.261001	0.898348226095003
3916	3279	0.09900188137662591	0.8101791789185632	0.159001	0.8310208384376389
3917	370	0.002533545392612118	0.01276830824625816	0.966001	1.0
3918	1110	0.05801224101265498	0.3923024164893231	0.395001	0.9658030256811075
3920	20	0.08783601099759221	0.6838311214065433	0.218001	0.8768894008082292
3921	0	0.10854096323203877	0.9258320210192472	0.110001	0.820033522468544
3922	913	0.06642792715165188	0.46797297443129104	0.335001	0.935934153865782
3924	2392	0.076008278525441	0.5603616790505405	0.259001	0.898348226095003
3926	0	0.002679515039672318	0.013515159520868196	0.979001	1.0
3928	0	0.045089159505635426	0.28581349379487153	0.48900099999999996	1.0
3929	597	0.07803349153441583	0.5807582285268013	0.28900099999999995	0.9168680668196155
3932	0	0.06723414812868617	0.47548946697449956	0.331001	0.9356702571428571
3933	588	0.0	-0.0	1.0	1.0
3934	0	0.0	-0.0	1.0	1.0
3935	0	0.0	-0.0	1.0	1.0
3937	1298	0.12135304105396481	1.0926140609661017	0.082001	0.7875692535087719
3938	0	0.07101573361847552	0.511376532773025	0.30500099999999997	0.927731210178817
3939	0	0.06149823824244487	0.4230325795498091	0.374001	0.9576559749766136
3940	3584	0.1851426605431183	2.1294378931946896	0.005001	0.45252850413223145
3943	0	0.09885423500984142	0.8084453905325278	0.175001	0.8342142636363636
3945	0	0.0	-0.0	1.0	1.0
3946	1442	0.026340919686960652	0.1513949564445738	0.6840010000000001	1.0
3947	0	0.11332626445477223	0.9865746834887718	0.113001	0.820033522468544
3948	3592	0.0	-0.0	1.0	1.0
3949	349	0.011414009236352426	0.060468959723224344	0.874001	1.0
3950	1647	0.035641179851503446	0.21517693358566725	0.606001	1.0
3955	3595	0.0020965243197436185	0.010539623290239003	0.981001	1.0
3958	0	0.04451607443105924	0.28135769763417245	0.5490010000000001	1.0
3960	0	0.025491108335813976	0.14584479328457	0.722001	1.0
3967	1756	0.06845653129611011	0.48697586274033927	0.35800099999999996	0.9474113012943431
3968	1847	0.06629222121881236	0.46671240132324854	0.35900099999999996	0.9474113012943431
3971	0	0.05149799706507514	0.33717472093334394	0.468001	1.0
3975	0	0.02727412448773959	0.15754282364451602	0.6560010000000001	1.0
3980	2452	0.015315745234156618	0.08291103903034858	0.823001	1.0
3981	0	0.08289060291348618	0.6309245837110273	0.225001	0.8848907862787356
3983	2445	0.04042303684385179	0.25018013898909763	0.566001	1.0
3984	3599	0.09015783524192215	0.7093126086441812	0.165001	0.8310208384376389
3986	1111	0.053023569175102134	0.3498188646298271	0.446001	0.9921302212515237
3987	2374	0.09774345512706192	0.7954562733384386	0.157001	0.8310208384376389
3988	1185	0.13006006198225878	1.2136041428056008	0.057001	0.7811063191489362
3990	0	0.11147205197548453	0.9628201508633372	0.118001	0.820033522468544
3996	0	0.06321406180460665	0.43847635598325896	0.37300099999999997	0.9576559749766136
3997	1299	0.010172131453595995	0.05351819523838412	0.886001	1.0
3999	1443	0.09318435744693504	0.7431490377099768	0.247001	0.8949779001318391
4001	0	0.011258399604306475	0.05959295768504185	0.862001	1.0
4005	3573	0.040898161990648926	0.25374136935775693	0.523001	1.0
4010	3602	0.06604019331026731	0.4643748479833317	0.341001	0.9398895120676785
4011	1185	0.08556950283247963	0.6593534265186904	0.230001	0.8911114469214437
4012	675	0.10211156322890999	0.8470925678640948	0.142001	0.8265650978203083
4013	0	0.042491715563997716	0.26579641123426817	0.5360010000000001	1.0
4015	917	0.20784502052261478	2.5865044396812444	0.005001	0.45252850413223145
4018	1040	0.0	-0.0	1.0	1.0
4019	1185	0.013728821274148956	0.07367218151398984	0.828001	1.0
4020	985	0.04830447542349485	0.3112285345544382	0.47700099999999995	1.0
4021	2743	0.0	-0.0	1.0	1.0
4029	1207	0.0020965243197436185	0.010539623290239003	0.981001	1.0
4032	918	0.07748091989704078	0.5751628393124633	0.268001	0.9009342797052502
4033	3478	0.03907071650387621	0.24012676915375566	0.565001	1.0
4034	0	0.11054790231282355	0.951083851926846	0.082001	0.7875692535087719
4036	572	0.04720631044678104	0.30246868033696134	0.49600099999999997	1.0
4040	0	0.032794825529317846	0.19505922190335168	0.627001	1.0
4045	994	0.016418660931828016	0.08942248497347216	0.834001	1.0
4046	506	0.10099278830582742	0.83372477834177	0.138001	0.8255721652406417
4048	0	0.012405878795474293	0.06608684488897691	0.857001	1.0
4050	2995	0.05026969009875618	0.32711177749610854	0.47000099999999995	1.0
4051	742	0.07582081258104653	0.5584890596766464	0.36000099999999996	0.9474113012943431
4052	1727	0.07448197518311306	0.5451909417272904	0.29800099999999996	0.9206582813205417
4054	526	0.13194651168058508	1.240645513193938	0.053001	0.7655777691292875
4056	2207	0.004176615411440716	0.021246020639691294	0.960001	1.0
4057	370	0.08854871672222855	0.6916090555313419	0.197001	0.8576617104442713
4058	71	0.0026570923196750605	0.01340035431547467	0.976001	1.0
4059	887	0.061165349722908754	0.420060706520894	0.384001	0.9600036322022317
4064	2539	0.15718246250289142	1.631384310266236	0.017001000000000002	0.5816998406250001
4066	3634	0.051028720304522816	0.3333178156029201	0.466001	1.0
4068	0	0.013520613635030106	0.07247136919758429	0.833001	1.0
4070	1306	0.0020965243197436185	0.010539623290239003	0.981001	1.0
4072	0	0.010962288390376414	0.057930011438997765	0.869001	1.0
4074	1426	0.09649159336177007	0.7809327064493206	0.157001	0.8310208384376389
4075	1007	0.027075206915928768	0.15622770622372353	0.714001	1.0
4076	1147	0.10271009918369273	0.8542846723764845	0.145001	0.8295614680851063
4077	0	0.008862197982349771	0.04628619244184302	0.9070010000000001	1.0
4078	1470	0.12176953481301304	1.098259413925532	0.083001	0.7909294595300261
4079	0	0.0	-0.0	1.0	1.0
4081	3635	0.08326896220745142	0.6349068797130063	0.259001	0.898348226095003
4083	2313	0.12145839899738445	1.0940407905100573	0.078001	0.7875692535087719
4084	0	0.04615864684514569	0.2941886751853815	0.515001	1.0
4088	1980	0.09941463073208284	0.8150350759604742	0.172001	0.8318787654808959
4091	858	0.034013058398965	0.2036044854528667	0.637001	1.0
4092	2207	0.0028860317251994602	0.014573894591927521	0.970001	1.0
4094	3639	0.0020965243197436185	0.010539623290239003	0.981001	1.0
4096	0	0.026059949481917713	0.14955483654461293	0.714001	1.0
4098	1185	0.0035463491822967236	0.01797560646468616	0.953001	1.0
4099	1604	0.10969640941519887	0.9403308189308837	0.136001	0.8255721652406417
4104	1163	0.043412920932192366	0.27284333426995794	0.5510010000000001	1.0
4105	3170	0.0775143763251929	0.5755009752407511	0.29200099999999996	0.9168680668196155
4109	1978	0.13187745208851942	1.2396503425447627	0.066001	0.7875692535087719
4111	929	0.07808736167211452	0.5813049395467473	0.258001	0.898348226095003
4114	1980	0.13753985158525317	1.3225742445647446	0.053001	0.7655777691292875
4117	1040	0.0976003507511985	0.7937898565774106	0.166001	0.8310208384376389
4118	3518	0.014403701039547256	0.07758253437173282	0.817001	1.0
4120	1163	0.11991950938533506	1.0732917397782402	0.087001	0.8025054330244313
4121	1306	0.06720834156087938	0.47524813936955945	0.34600099999999995	0.9406570807130477
4122	0	0.07282229900143758	0.5288899009297731	0.30400099999999997	0.927677522017837
4123	1306	0.027121838441481583	0.1565357773200033	0.6760010000000001	1.0
4126	1547	0.0559631880901032	0.3746410542121668	0.41700099999999996	0.977047710036379
4130	370	0.04991638509974511	0.3242366534078928	0.502001	1.0
4133	0	0.002118947039740876	0.010653705805318285	0.981001	1.0
4135	0	0.024872124522963515	0.1418310788505253	0.738001	1.0
4136	0	0.0	-0.0	1.0	1.0
4137	3649	0.07771801651565699	0.5775609144870615	0.274001	0.908276399939449
4138	3422	0.11566914062896119	1.0169857057588125	0.097001	0.8157173187403994
4139	3335	0.06418726436182644	0.44732979447119436	0.385001	0.9600036322022317
4140	638	0.0020965243197436185	0.010539623290239003	0.981001	1.0
4141	1008	0.0037530940477742813	0.019045858474233134	0.961001	1.0
4142	0	0.08795695899244696	0.6851483249443789	0.204001	0.8630629632921175
4144	1283	0.13430378538784482	1.2748537204067503	0.049001	0.757785238700565
4145	0	0.0017047149002038953	0.008550828101074987	0.980001	1.0
4146	0	0.0	-0.0	1.0	1.0
4147	1445	0.07533347672176038	0.5536331931789165	0.271001	0.9054592459566676
4157	1711	0.06724250305282053	0.4755676075857754	0.333001	0.935934153865782
4158	3654	0.0	-0.0	1.0	1.0
4159	1676	0.1689097598369349	1.8317620115417659	0.011000999999999999	0.5816998406250001
4161	1769	0.14765859617118202	1.4775152723219116	0.033001	0.6962002870905588
4163	1343	0.06605909477844085	0.4645499993281397	0.34800099999999995	0.941649075653031
4166	2453	0.06685087442055451	0.47191028781743793	0.34500099999999995	0.9398895120676785
4167	1283	0.06605484523104663	0.4645106184458079	0.334001	0.935934153865782
4168	1981	0.1053171283293009	0.8859409472873253	0.130001	0.8241244759479344
4169	0	0.08070095427074833	0.6080899058785001	0.235001	0.8917607127407907
4175	0	0.0172243372460417	0.09422617426459506	0.813001	1.0
4176	3335	0.04016694680517328	0.24826693155102264	0.5510010000000001	1.0
4177	1537	0.0038729417552838923	0.01966740428359758	0.958001	1.0
4180	350	0.11384137761588925	0.9932229687012493	0.111001	0.820033522468544
4181	1397	0.10881437220772801	0.9292531898332103	0.127001	0.8228011532544378
4182	0	0.0838124968756389	0.6406465901136036	0.226001	0.8850089231044349
4184	1948	0.0020965243197436185	0.010539623290239003	0.981001	1.0
4188	0	0.002118947039740876	0.010653705805318285	0.981001	1.0
4191	1757	0.011929493958040202	0.06338125188505468	0.874001	1.0
4194	0	0.07959609662065888	0.5967046070496584	0.262001	0.898348226095003
4196	363	0.057064245759438276	0.3840945657108762	0.41500099999999995	0.9765411452826133
4199	1343	0.11406473306468307	0.9961123444506548	0.094001	0.8119952763466043
4201	742	0.06958718128768115	0.4976970655731608	0.31000099999999997	0.9281849214362851
4202	0	0.04043893855588252	0.25029908304181747	0.586001	1.0
4203	0	0.07520079271450925	0.5523141626900316	0.29800099999999996	0.9206582813205417
4204	1611	0.00956626974274219	0.050160613907346066	0.901001	1.0
4205	526	0.044744611797982586	0.28313192276019944	0.527001	1.0
4206	917	0.0020965243197436185	0.010539623290239003	0.981001	1.0
4212	0	0.03466963960074959	0.2082503952478243	0.611001	1.0
4214	0	0.028360456614284577	0.16476968888118307	0.780001	1.0
4215	83	0.12004472014364001	1.0749727425958537	0.078001	0.7875692535087719
4217	1299	0.0483733816674473	0.31178094768097553	0.49700099999999997	1.0
4222	0	0.06394860915863007	0.44515239526169614	0.335001	0.935934153865782
4223	349	0.0	-0.0	1.0	1.0
4228	723	0.002072778344566102	0.01041883977733218	0.971001	1.0
4229	0	0.12310969053877177	1.1165209787877237	0.077001	0.7875692535087719
4231	1727	0.022002658616986047	0.12354086676195154	0.770001	1.0
4235	3674	0.043046992221748764	0.27003723056318457	0.584001	1.0
4238	0	0.061219455925793795	0.4205432029772307	0.35100099999999995	0.9440211125030703
4239	0	0.04533352709161257	0.2877202719601029	0.520001	1.0
4240	0	0.004713558698890945	0.02405035915530819	0.944001	1.0
4243	1066	0.23489171696234712	3.1955395175375663	1e-06	0.00043795999999999993
4244	1066	0.05327062451785816	0.3518817404088187	0.447001	0.9937490251776648
4246	3416	0.15420988426112853	1.5825138258895746	0.022001	0.6067731712846347
4248	0	0.0	-0.0	1.0	1.0
4249	900	0.003847939118930478	0.019537668706795533	0.956001	1.0
4250	94	0.07806252729913546	0.5810528764557201	0.260001	0.898348226095003
4251	0	0.011946037445109563	0.06347498061347394	0.872001	1.0
4253	0	0.03113295515029444	0.18355826381350676	0.6590010000000001	1.0
4254	526	0.0259437358979693	0.14879520516118694	0.716001	1.0
4255	444	0.07999891249479589	0.6008449362739241	0.277001	0.9099650071748879
4256	0	0.09768829284107786	0.7948137323746447	0.163001	0.8310208384376389
4261	3249	0.08489089095496419	0.6521005301179369	0.223001	0.8836908972131741
4263	1446	0.15467982794563218	1.590188655962249	0.025001000000000002	0.6307279930875577
4268	0	0.10301605912930151	0.857972039821238	0.135001	0.8255721652406417
4269	3649	0.018367641618651953	0.10111144862213425	0.780001	1.0
4270	595	0.07514121799778643	0.5517223460052291	0.28500099999999995	0.9150861919929864
4271	0	0.03062841049111075	0.18010209205180494	0.643001	1.0
4273	1397	0.09553108981026603	0.7698720064934018	0.165001	0.8310208384376389
4274	0	0.0	-0.0	1.0	1.0
4276	2144	0.08004411326866495	0.6013102891072355	0.261001	0.898348226095003
4277	2710	0.03474883223736483	0.20881266901469495	0.622001	1.0
4278	84	0.04858421283051266	0.3134731837061896	0.49500099999999997	1.0
4283	3654	0.1103601827760547	0.9487082588217497	0.111001	0.820033522468544
4288	0	0.09289025334489595	0.7398300136246356	0.181001	0.8415201481953289
4290	0	0.01596268641646685	0.08672146168914403	0.815001	1.0
4291	0	0.07616421629906825	0.561921345946294	0.29000099999999995	0.9168680668196155
4292	0	0.03538864977584399	0.21337055612148684	0.599001	1.0
4293	425	0.12477396745131301	1.1394044980859648	0.073001	0.7875692535087719
4294	1361	0.045829266080982346	0.2916009757117127	0.507001	1.0
4295	1791	0.03697770006731517	0.22480734598957616	0.606001	1.0
4297	3689	0.07220926363223512	0.5229200900858202	0.29700099999999996	0.9201652374080361
4298	3690	0.02981100623635442	0.17453779930531316	0.6740010000000001	1.0
4299	0	0.11631772146642833	1.0254828396036024	0.100001	0.8158799918032787
4301	1930	0.007840719224183813	0.04071734262101784	0.9080010000000001	1.0
4302	2407	0.08453330584229123	0.6482927589841134	0.216001	0.8749518864224936
4303	86	0.036218643596033745	0.21932341180883533	0.601001	1.0
4307	730	0.043069880243787904	0.2702124805406358	0.530001	1.0
4309	1930	0.0	-0.0	1.0	1.0
4312	0	0.002072778344566102	0.01041883977733218	0.971001	1.0
4314	0	0.055550647387891144	0.37112101424776045	0.440001	0.9884380653019446
4316	0	0.02556390812922764	0.14631845280567893	0.715001	1.0
4317	918	0.0	-0.0	1.0	1.0
4318	0	0.1315455568198005	1.2348731808827684	0.052001	0.7632157493297588
4319	2829	0.057193196269171485	0.3852073045675279	0.41900099999999996	0.9788013545978237
4321	1930	0.0005787848288629505	0.002884593492540114	0.999001	1.0
4323	3694	0.10955393585907933	0.9385372637463615	0.122001	0.820033522468544
4327	1275	0.09279909533567823	0.7388026322948	0.184001	0.8447073161425576
4330	1162	0.0	-0.0	1.0	1.0
4331	0	0.04301048024664641	0.2697577374395852	0.581001	1.0
4334	0	0.03292740821344941	0.19598451272764433	0.644001	1.0
4335	3196	0.07034083287863756	0.5048952514720204	0.313001	0.9281849214362851
4336	0	0.06845653129611011	0.48697586274033927	0.35800099999999996	0.9474113012943431
4340	0	0.060387362446859064	0.41314602576743575	0.390001	0.962389215460897
4341	0	0.1550306860610413	1.595931187129662	0.021001000000000002	0.6067731712846347
4344	0	0.09135048780357705	0.7225622930191692	0.163001	0.8310208384376389
4345	0	0.07350567326559472	0.535577281633689	0.377001	0.9581348300623412
4346	1949	0.1014675702721778	0.8393857371838768	0.141001	0.8255721652406417
4347	1185	0.1134856573355993	0.9886295960643816	0.095001	0.8119952763466043
4349	0	0.06335586240022605	0.4397621126592941	0.36400099999999996	0.9502734737720553
4351	735	0.09453701972095135	0.7585001686837352	0.177001	0.8353379090517241
4352	0	0.0027793928762778267	0.014026889664638	0.977001	1.0
4353	0	0.06033042466536288	0.4126416616796956	0.40700099999999995	0.9712846445074105
4354	0	0.10853029502915093	0.9256986506091565	0.103001	0.8168629476327116
4358	2864	0.031789058536756815	0.18807734447727117	0.649001	1.0
4360	3107	0.1015778122863599	0.840702717971243	0.148001	0.8310208384376389
4361	0	0.043196096412185345	0.27117953415270657	0.521001	1.0
4364	0	0.05106326907985088	0.33360124529842916	0.48900099999999996	1.0
4365	1646	0.0	-0.0	1.0	1.0
4367	1185	0.08210915705194881	0.6227339003695908	0.244001	0.8943980411784399
4368	2614	0.05888717299874628	0.3999340850635886	0.40900099999999995	0.971610316554567
4369	3249	0.06071167261928115	0.4160232212552139	0.381001	0.9585431868106616
4371	100	0.08683758886938064	0.6730002483614144	0.221001	0.8831167697080292
4372	3335	0.11256485722623445	0.9767867536120353	0.109001	0.820033522468544
4373	2150	0.08399266308110348	0.642554066277766	0.214001	0.8739638004475941
4374	503	0.07132225180093196	0.514331137179248	0.29900099999999996	0.9221864645070421
4375	2261	0.12738040299358128	1.1757012893796523	0.056001	0.7811063191489362
4376	0	0.0020965243197436185	0.010539623290239003	0.981001	1.0
4378	1066	0.0026570923196750605	0.01340035431547467	0.976001	1.0
4379	0	0.0846247701971252	0.6492658020694325	0.206001	0.8659326802281369
4380	0	0.0020965243197436185	0.010539623290239003	0.981001	1.0
4385	0	0.17000590449729325	1.851114723928821	0.013000999999999999	0.5816998406250001
4386	3135	0.10480767152479538	0.8797125348870756	0.139001	0.8255721652406417
4388	0	0.0	-0.0	1.0	1.0
4389	2445	0.06452519900087196	0.45041999232161667	0.36900099999999997	0.955353972333885
4390	0	0.0774063162642584	0.5744091387449712	0.281001	0.9113388474526066
4393	0	0.044312900394580995	0.2797833571765815	0.5430010000000001	1.0
4395	3708	0.03387324157195442	0.20261880755538478	0.642001	1.0
4396	0	0.11173346903971368	0.9661524642274486	0.115001	0.820033522468544
4397	918	0.07875427382006947	0.5880911496461962	0.267001	0.8995058304615384
4403	0	0.10934752236600881	0.9359416668955955	0.115001	0.820033522468544
4405	526	0.00057296706671911	0.0028555035912454585	0.991001	1.0
4406	1036	0.028410026153181063	0.165101258688415	0.6690010000000001	1.0
4408	918	0.061328034856465506	0.42151209483252344	0.377001	0.9581348300623412
4414	0	0.03937711349945133	0.24239386205015023	0.572001	1.0
4425	3342	0.08447995126411736	0.647725439083191	0.275001	0.9085654643934822
4428	3131	0.024974050948384945	0.1424903341383149	0.712001	1.0
4429	1040	0.10729517175086689	0.9103188617802029	0.116001	0.820033522468544
4431	0	0.0020965243197436185	0.010539623290239003	0.981001	1.0
4433	2052	0.031055464876327606	0.1830263758910065	0.6600010000000001	1.0
4434	0	0.011620279418765173	0.061632393020712745	0.886001	1.0
4435	887	0.052753684314745676	0.3475702294644749	0.439001	0.9884380653019446
4440	0	0.11402061128600129	0.9955412563989577	0.061001	0.7875692535087719
4443	1684	0.09536317674118784	0.7679457569415995	0.160001	0.8310208384376389
4444	3636	0.13856530521377833	1.3378801722774503	0.036001	0.719297352189781
4446	0	0.026567578198923244	0.1528830483729193	0.707001	1.0
4449	994	0.12726600745499494	1.1740964559309517	0.089001	0.8053487181818181
4452	0	0.06441594256239563	0.4494200121719663	0.35600099999999996	0.9472308503037665
4453	1447	0.12360126835864381	1.1232563879675905	0.073001	0.7875692535087719
4455	0	0.029400392728895428	0.17175893632856362	0.6850010000000001	1.0
4460	0	0.08447023955156827	0.6476221975056329	0.230001	0.8911114469214437
4463	1766	0.0	-0.0	1.0	1.0
4466	1448	0.15314022186831702	1.5651163505303827	0.030001	0.6731166987704919
4468	735	0.0673326253117659	0.476410810709044	0.36100099999999996	0.9474113012943431
4469	1147	0.07962062321126556	0.5969563555029738	0.251001	0.896185036881268
4470	0	0.08517626538221504	0.6551463119199403	0.198001	0.8576617104442713
4471	3721	0.08054893237959598	0.6065179272246277	0.238001	0.8917607127407907
4473	0	0.07512566084567224	0.5515678441391741	0.277001	0.9099650071748879
4474	1768	0.09888322026197251	0.808785625401212	0.168001	0.8310208384376389
4475	1919	0.0	-0.0	1.0	1.0
4476	2710	0.0034155314064789055	0.017299681531855283	0.965001	1.0
4481	0	0.07929352155422423	0.5936025860636691	0.343001	0.9398895120676785
4482	0	0.06925131155467523	0.4945025065232329	0.30000099999999996	0.9231902611017424
4483	1065	0.032320332622078896	0.19175715023024645	0.653001	1.0
4485	0	0.10515975394714003	0.8840147574388215	0.123001	0.820033522468544
4486	0	0.0179861293379533	0.09880492359106201	0.816001	1.0
4487	917	0.024252504269448985	0.13783756965320534	0.722001	1.0
4491	0	0.1273008409620435	1.1745850139304024	0.071001	0.7875692535087719
4492	503	0.03885621397197799	0.23854335028725673	0.585001	1.0
4496	3566	0.09153214136352411	0.7245899512936017	0.193001	0.854495733522038
4497	887	0.02219286618577919	0.1247372243388355	0.750001	1.0
4498	1185	0.10306641157338589	0.8585795846522449	0.142001	0.8265650978203083
4500	38	0.0	-0.0	1.0	1.0
4502	0	0.08557365593978868	0.6593979218202631	0.214001	0.8739638004475941
4503	0	0.082619901543986	0.6280820321089394	0.239001	0.8917607127407907
4507	1739	0.07469422896624955	0.547290323743811	0.28600099999999995	0.9150861919929864
4509	0	0.0020965243197436185	0.010539623290239003	0.981001	1.0
4511	38	0.0	-0.0	1.0	1.0
4516	0	0.08276623052740195	0.6296179015417595	0.322001	0.9341783118706941
4517	1611	0.011939461554837154	0.06343772230015968	0.858001	1.0
4518	1037	0.03409553397532896	0.2041865212717064	0.643001	1.0
4520	1069	0.15176518088879862	1.5428979350622956	0.027001	0.646901420131291
4521	918	0.04964714918948331	0.32205145614829506	0.459001	1.0
4523	0	0.10318237858524974	0.8599795854288277	0.144001	0.8280813807773109
4524	0	0.0	-0.0	1.0	1.0
4525	0	0.04002658107049463	0.2472201455356688	0.589001	1.0
4526	2406	0.0986745328169807	0.806337474767887	0.150001	0.8310208384376389
4527	1442	0.07943266479275687	0.5950282418465975	0.243001	0.8940248484543011
4528	0	0.03696140183028405	0.22468919586748268	0.624001	1.0
4530	2928	0.08303608071550357	0.632454484218158	0.218001	0.8768894008082292
4531	604	0.10129555159794369	0.8373326640942848	0.138001	0.8255721652406417
4534	0	0.0	-0.0	1.0	1.0
4536	1185	0.012547781046643888	0.0668954095145793	0.870001	1.0
4537	1604	0.16817621737530206	1.8188710539384934	0.016001	0.5816998406250001
4539	0	0.06887539463469111	0.49093680248396454	0.47400099999999995	1.0
4540	742	0.03593613952190808	0.21729214069286673	0.604001	1.0
4544	3556	0.002843992662399389	0.014358176601478598	0.975001	1.0
4547	38	0.0	-0.0	1.0	1.0
4551	1306	0.012418331055103593	0.06615774979655431	0.864001	1.0
4553	89	0.10376122678933278	0.866983545918754	0.146001	0.8295614680851063
4555	3079	0.055474655016989144	0.37047390691818016	0.41600099999999995	0.977047710036379
4557	3736	0.015070481877324238	0.08147313881685764	0.850001	1.0
4558	1185	0.07478225426064679	0.5481619506654397	0.30400099999999997	0.927677522017837
4560	1185	0.01410866551128133	0.07586965508568566	0.832001	1.0
4562	3694	0.1279704005864415	1.183995462383874	0.066001	0.7875692535087719
4563	2336	0.04825947539558964	0.310867950883688	0.49500099999999997	1.0
4565	0	0.003916264564155142	0.01989228667674138	0.961001	1.0
4568	3690	0.03050572615790009	0.17926418849088982	0.6560010000000001	1.0
4569	0	0.05907017140945398	0.4015371641992278	0.405001	0.9701669465298997
4572	3737	0.08811612889243023	0.6868834915666617	0.194001	0.8558086015310233
4573	38	0.07164812831959252	0.5174798958513912	0.313001	0.9281849214362851
4574	3740	0.09608858738190842	0.7762831536974285	0.165001	0.8310208384376389
4575	349	0.13379864493776014	1.2674840742031406	0.052001	0.7632157493297588
4576	0	0.02844376108074428	0.16532700134742323	0.699001	1.0
4577	0	0.06587755348215385	0.46286880577205247	0.341001	0.9398895120676785
4578	0	0.0	-0.0	1.0	1.0
4582	0	0.014052771215321483	0.07554574654073391	0.843001	1.0
4584	0	0.03733835384786242	0.227426323954556	0.635001	1.0
4591	916	0.0	-0.0	1.0	1.0
4595	1197	0.013932639816066177	0.07485022412249452	0.847001	1.0
4596	1177	0.167728152854011	1.8110205672737265	0.014001	0.5816998406250001
4599	0	0.1869081608337198	2.1632604412772354	0.011000999999999999	0.5816998406250001
4600	0	0.0026570923196750605	0.01340035431547467	0.976001	1.0
4602	850	0.17158175198929848	1.8791250740695404	0.013000999999999999	0.5816998406250001
4603	0	0.03974218653640928	0.2451032987328602	0.568001	1.0
4605	2881	0.0026570923196750605	0.01340035431547467	0.976001	1.0
4606	1007	0.09163727712098209	0.7257646602196413	0.183001	0.8425895496215307
4607	675	0.08443641381348224	0.6472626644981698	0.23400100000000001	0.8917607127407907
4610	444	0.06581697106539122	0.4623083023492119	0.34700099999999995	0.9406570807130477
4612	2634	0.05610279008957181	0.3758349302512023	0.440001	0.9884380653019446
4614	0	0.0	-0.0	1.0	1.0
4616	0	0.05630277426616101	0.37754758363257934	0.392001	0.9629838341934036
4618	0	0.046534700996943554	0.2971521102646715	0.47000099999999995	1.0
4619	2313	0.05949887509145539	0.40530194410012377	0.397001	0.9659475442222223
4621	425	0.01930728763193085	0.1068306864342492	0.8040010000000001	1.0
4622	3335	0.018000974981832354	0.09889450854525073	0.817001	1.0
4623	0	0.005934162280990307	0.030487745852270477	0.9210010000000001	1.0
4624	349	0.07816401219304363	0.5820832144562336	0.253001	0.896185036881268
4626	0	0.025597625782839514	0.14653794517132177	0.716001	1.0
4627	1066	0.07212905325033472	0.5221410357635842	0.30400099999999997	0.927677522017837
4629	2579	0.0638846101383256	0.44456918910087745	0.406001	0.9701669465298997
4631	0	0.0	-0.0	1.0	1.0
4633	0	0.039424045581667566	0.2427416756389113	0.578001	1.0
4634	20	0.11078128583849414	0.954041259575087	0.105001	0.8188432685185185
4636	1975	0.06311555914727053	0.4375840465922921	0.37100099999999997	0.9573627030403016
4637	3335	0.13912176622298678	1.3462231108375748	0.040001	0.7385682107925801
4640	3478	0.029964096407464766	0.1755766369496052	0.6640010000000001	1.0
4644	2454	0.0018175950670229063	0.009122896498858743	0.985001	1.0
4647	1567	0.06000197361753429	0.4097366942860908	0.375001	0.9581348300623412
4648	0	0.04232046698841779	0.2644927330370695	0.5550010000000001	1.0
4650	3752	0.0713810735093352	0.5148989217322409	0.314001	0.9281849214362851
4651	0	0.0020965243197436185	0.010539623290239003	0.981001	1.0
4652	0	0.0	-0.0	1.0	1.0
4659	917	0.11386805534133417	0.9935678661174896	0.102001	0.8168629476327116
4660	2208	0.004271751464551214	0.021741675536062547	0.957001	1.0
4662	0	0.061929976688335726	0.42689872982825594	0.49300099999999997	1.0
4663	3257	0.02393027454701397	0.13577037238135306	0.754001	1.0
4667	963	0.05624784949934558	0.37707693061941117	0.41200099999999995	0.9736669434491689
4673	0	0.07685482305186768	0.5688503961249882	0.30000099999999996	0.9231902611017424
4675	3755	0.15606119618330544	1.612859672763061	0.026001	0.6426296817155757
4676	2209	0.058431936302529644	0.3959564783765142	0.406001	0.9701669465298997
4677	0	0.0013044835620968434	0.006528366194595813	0.977001	1.0
4678	527	0.0	-0.0	1.0	1.0
4681	2882	0.025040029655644877	0.14291743264031148	0.722001	1.0
4684	0	0.07259230170455164	0.5266469206718198	0.30800099999999997	0.927731210178817
4685	1768	0.017163437128630176	0.09386167621893302	0.7920010000000001	1.0
4686	606	0.06694583890136627	0.4727961156035997	0.331001	0.9356702571428571
4687	0	0.070995901443474	0.5111856026686084	0.313001	0.9281849214362851
4688	0	0.053826989084254415	0.356542902220855	0.527001	1.0
4689	2808	0.1255882846256734	1.150684305412165	0.071001	0.7875692535087719
4692	0	0.0	-0.0	1.0	1.0
4694	1110	0.02629063919678492	0.15106529161084342	0.701001	1.0
4695	1657	0.12463773360671764	1.1375227420248932	0.065001	0.7875692535087719
4696	19	0.0	-0.0	1.0	1.0
4697	0	0.06833704095688106	0.48584825547913796	0.334001	0.935934153865782
4698	38	0.002072778344566102	0.01041883977733218	0.971001	1.0
4700	1740	0.0	-0.0	1.0	1.0
4704	0	0.0935067826193546	0.7467953453885668	0.173001	0.8318787654808959
4705	0	0.09112729648896999	0.720074455025755	0.193001	0.854495733522038
4706	1537	0.048617492574894346	0.31374058293575263	0.48400099999999996	1.0
4708	1647	0.1118174350439797	0.9672239526532461	0.107001	0.820033522468544
4710	71	0.06464476465694277	0.45151531381299614	0.35200099999999995	0.9446222914215685
4711	2722	0.05511195677831251	0.3673909627142706	0.438001	0.9879837142562835
4712	3762	0.0	-0.0	1.0	1.0
4713	349	0.04316662041455842	0.2709535960597166	0.5310010000000001	1.0
4714	1450	0.0902982554456748	0.710866924777696	0.194001	0.8558086015310233
4717	0	0.0020965243197436185	0.010539623290239003	0.981001	1.0
4719	2745	0.08475911933701233	0.6506962234873979	0.217001	0.8757626056026538
4720	3764	0.09439001544129001	0.7568249870128477	0.176001	0.8342142636363636
4723	1299	0.14883500820375917	1.4960968060190676	0.044001	0.7480853245341614
4726	350	0.027426775104663716	0.15855377020640987	0.713001	1.0
4727	1241	0.0	-0.0	1.0	1.0
4729	0	0.07241353910806676	0.5249062789277	0.314001	0.9281849214362851
4730	3573	0.1290807920573462	1.1996835895870586	0.063001	0.7875692535087719
4731	985	0.0	-0.0	1.0	1.0
4732	0	0.1608261089891705	1.6923417867240294	0.022001	0.6067731712846347
4733	2931	0.16518378646525103	1.7667797425458327	0.015000999999999999	0.5816998406250001
4737	3658	0.041989876980314284	0.2619816172964384	0.522001	1.0
4738	2258	0.09508728171561215	0.7647855195255373	0.190001	0.8536401103816167
4739	917	0.049849996324144344	0.3236973577395876	0.48600099999999996	1.0
4740	1628	0.09565842062460149	0.7713341671361532	0.167001	0.8310208384376389
4745	985	0.1289149058565693	1.1973333708923377	0.074001	0.7875692535087719
4752	1186	0.10669846786694004	0.9029321951330007	0.125001	0.820033522468544
4753	1605	0.08450219640634846	0.6479619457643061	0.231001	0.8915156676066267
4754	1337	0.08148180860786482	0.6161916525329285	0.237001	0.8917607127407907
4757	0	0.08686074290871992	0.673250563056032	0.213001	0.8734636513108613
4758	3773	0.09375350050407263	0.7495909036693426	0.181001	0.8415201481953289
4759	3736	0.07292410573659644	0.5298839837032264	0.29200099999999996	0.9168680668196155
4760	1728	0.0	-0.0	1.0	1.0
4761	0	0.07296482210851071	0.5302817686569898	0.280001	0.9107935083184789
4763	0	0.12842891186721783	1.1904611245345467	0.068001	0.7875692535087719
4764	2593	0.02053719695839107	0.11439942057646639	0.777001	1.0
4766	3776	0.02439441032173055	0.13875002089806057	0.729001	1.0
4772	976	0.06132020960018263	0.4214422388971787	0.41000099999999995	0.9727195989165763
4774	1545	0.028018022545396683	0.1624834641372951	0.708001	1.0
4775	1561	0.1420175198641555	1.3900623186086687	0.029001000000000002	0.6656854276729561
4777	0	0.06368324479991304	0.4427361206496161	0.35800099999999996	0.9474113012943431
4778	1109	0.037465562275418335	0.2283521379108257	0.631001	1.0
4779	77	0.0	-0.0	1.0	1.0
4780	1259	0.08714854939111233	0.6763654008616831	0.207001	0.8659326802281369
4784	1299	0.0	-0.0	1.0	1.0
4787	3081	0.0962320959203936	0.7779373901304473	0.146001	0.8295614680851063
4789	1780	0.06605942775136042	0.4645530850689507	0.34800099999999995	0.941649075653031
4790	935	0.0	-0.0	1.0	1.0
4791	0	0.07431572506846182	0.5435489028638482	0.28200099999999995	0.9113426649940967
4793	0	0.015332191851795733	0.08300759149704677	0.833001	1.0
4796	2594	0.20515412331781546	2.5297926033893634	0.002001	0.34776109523809523
4798	1657	0.06261238066860794	0.43303674333350917	0.36500099999999996	0.9517494520123838
4799	1117	0.05727493300123666	0.3859132342643786	0.41100099999999995	0.9736669434491689
4805	0	0.0026570923196750605	0.01340035431547467	0.976001	1.0
4806	3145	0.007103145135175397	0.03673456728269162	0.9170010000000001	1.0
4808	94	0.09959558413211356	0.8171681527528163	0.161001	0.8310208384376389
4810	589	0.09721015898499112	0.7892542753878274	0.162001	0.8310208384376389
4812	1283	0.052673513717941836	0.3469032393581158	0.450001	0.9961708348160129
4818	1729	0.0694994339177912	0.4968616794250673	0.322001	0.9341783118706941
4822	0	0.06307419004966404	0.437209502521107	0.36300099999999996	0.949473948638318
4825	914	0.024767358569898718	0.14115414417290137	0.714001	1.0
4827	1835	0.08413590842197435	0.6440724011709476	0.222001	0.8836908972131741
4828	348	0.10707519333964587	0.907592428289571	0.112001	0.820033522468544
4829	2806	0.15337835302272185	1.5689808227368678	0.025001000000000002	0.6307279930875577
4830	532	0.062059278398491374	0.42805919968843165	0.385001	0.9600036322022317
4832	2743	0.01844560916206376	0.10158392656173078	0.770001	1.0
4833	0	0.05438683104280114	0.3612550345378515	0.459001	1.0
4836	0	0.08637604613879056	0.6680190933151705	0.208001	0.8659326802281369
4839	1445	0.08161708619374529	0.6175998794668495	0.235001	0.8917607127407907
4842	38	0.06320688757866534	0.4384113430685892	0.381001	0.9585431868106616
4843	0	0.008907386583784503	0.046533976234187605	0.892001	1.0
4852	1361	0.091629194604023	0.7256743219955971	0.206001	0.8659326802281369
4853	0	0.08079075536341057	0.6090193065286251	0.244001	0.8943980411784399
4863	0	0.011037583918650198	0.05835236965005834	0.886001	1.0
4864	917	0.02219252905751761	0.12473510187942366	0.744001	1.0
4866	1470	0.0010622763598700947	0.005308887506411049	0.980001	1.0
4868	3786	0.13587922306839906	1.297975807623621	0.040001	0.7385682107925801
4869	2144	0.16124321902353944	1.699394342048283	0.022001	0.6067731712846347
4871	742	0.0799267430166499	0.600102251382558	0.261001	0.898348226095003
4872	0	0.01694383294748119	0.09254919915516147	0.826001	1.0
4874	1151	0.0050327247123585946	0.02572523547024137	0.948001	1.0
4879	0	0.0071705575668072445	0.03709725298896057	0.9190010000000001	1.0
4884	3639	0.06231572321849651	0.43036430509199675	0.396001	0.9659475442222223
4885	1306	0.03526707771925021	0.21250243558915813	0.604001	1.0
4886	1710	0.10838466735040958	0.923878968395059	0.115001	0.820033522468544
4887	3787	0.009379816549540669	0.049131718395343936	0.888001	1.0
4890	1644	0.0	-0.0	1.0	1.0
4893	0	0.1027612943134221	0.8549011516243183	0.139001	0.8255721652406417
4894	1922	0.0	-0.0	1.0	1.0
4895	0	0.12436018482531261	1.1336937749189173	0.087001	0.8025054330244313
4897	581	0.0	-0.0	1.0	1.0
4898	3282	0.09964879657918191	0.8177959082904771	0.130001	0.8241244759479344
4899	84	0.05571886497453771	0.37255490139422387	0.41500099999999995	0.9765411452826133
4900	0	0.017770927364813626	0.09750782954438715	0.8100010000000001	1.0
4902	1606	0.02240066536666773	0.12604682359080469	0.747001	1.0
4904	0	0.037979686718851435	0.23210484602321785	0.574001	1.0
4905	526	0.03427151547410773	0.20542992685844302	0.620001	1.0
4907	0	0.05892014407369916	0.40022273860836294	0.404001	0.9700453835526316
4909	0	0.016023419968007328	0.08708048996697075	0.840001	1.0
4915	1112	0.0830292794721128	0.6323829241515924	0.218001	0.8768894008082292
4917	3335	0.02696966035100683	0.15553092651275277	0.693001	1.0
4918	3792	0.04382839263322076	0.2760403438802526	0.5480010000000001	1.0
4921	0	0.0	-0.0	1.0	1.0
4922	1604	0.12098489506021134	1.087635856196768	0.091001	0.8087418417207791
4923	585	0.0660229417081067	0.46421500775036817	0.36300099999999996	0.949473948638318
4924	0	0.020935022174977974	0.1168677553614852	0.751001	1.0
4925	3282	0.0006773660087957198	0.003377811141941007	0.997001	1.0
4927	3432	0.10942661514342139	0.9369358359242118	0.120001	0.820033522468544
4928	52	0.07644189687438678	0.5647031347413357	0.278001	0.9099650071748879
4930	3765	0.049375137901094907	0.31984881406539606	0.48800099999999996	1.0
4932	0	0.06005544283822571	0.41020907675748886	0.41700099999999996	0.977047710036379
4933	0	0.020891711329196816	0.11659855111203044	0.759001	1.0
4936	918	0.03003914286268389	0.17608643963012446	0.695001	1.0
4937	0	0.01334325476201904	0.0714505431107967	0.823001	1.0
4940	592	0.048962498881627084	0.3165171635692032	0.506001	1.0
4943	0	0.08089221089305136	0.6100700534390128	0.254001	0.8968258461786519
4947	349	0.018787582252398197	0.10366069937159682	0.7920010000000001	1.0
4948	349	0.08151517115900836	0.6165388257369079	0.250001	0.896185036881268
4951	1642	0.14198249377940375	1.3895277992474728	0.040001	0.7385682107925801
4954	0	0.0026570923196750605	0.01340035431547467	0.976001	1.0
4956	0	0.28857821678333206	4.62582661415178	1e-06	0.00043795999999999993
4958	349	0.0	-0.0	1.0	1.0
4959	0	0.009533912106253838	0.04998190811820479	0.9070010000000001	1.0
4960	0	0.008575803793807964	0.04471861396834059	0.905001	1.0
4962	0	0.016452461394246665	0.08962321330266539	0.822001	1.0
4964	2579	0.08840214403669311	0.6900063031111681	0.204001	0.8630629632921175
4965	0	0.041249852930933674	0.25638717675939987	0.568001	1.0
4966	1211	0.002072778344566102	0.01041883977733218	0.971001	1.0
4967	0	0.0	-0.0	1.0	1.0
4969	0	0.009746850593739202	0.05115907537123825	0.872001	1.0
4976	590	0.09187989737188819	0.72847876535643	0.178001	0.8382507307526881
4981	0	0.07891536381238895	0.5897353103732716	0.271001	0.9054592459566676
4983	742	0.015046256202896843	0.08133131044795514	0.824001	1.0
4985	1543	0.0	-0.0	1.0	1.0
4989	2180	0.10731945400137621	0.910620054259514	0.119001	0.820033522468544
4990	624	0.043294195725600615	0.27193190390752975	0.5520010000000001	1.0
4992	3454	0.06821051196192096	0.48465535809974236	0.337001	0.9371417951380095
4993	2912	0.092683874740762	0.7375049747913197	0.201001	0.8576617104442713
4994	3133	0.0664227988600816	0.4679253134708181	0.318001	0.9327063886954191
4995	8	0.07397683163038628	0.5402080019189477	0.30700099999999997	0.927731210178817
4997	0	0.05105870280610786	0.3335637799614278	0.437001	0.9869480092821781
4998	0	0.008810380740707086	0.04600221066172769	0.902001	1.0
4999	752	0.013282644816535552	0.07110212614868765	0.855001	1.0
5001	0	0.11054790231282355	0.951083851926846	0.082001	0.7875692535087719
5002	1040	0.06819648696078906	0.48452320407228183	0.314001	0.9281849214362851
5003	0	0.008064791442449822	0.041933647183673935	0.899001	1.0
5006	0	0.0	-0.0	1.0	1.0
5007	1151	0.14036847244764977	1.365009954983232	0.046001	0.7528624050822122
5008	929	0.0026570923196750605	0.01340035431547467	0.976001	1.0
5009	2319	0.029626371708854276	0.17328692226728537	0.648001	1.0
5012	0	0.04913758235026621	0.3179293555231337	0.48500099999999996	1.0
5014	0	0.04987093211390129	0.3238673924904522	0.48000099999999996	1.0
5016	499	0.11721821275597022	1.0373368072685851	0.086001	0.7979872449152542
5017	1212	0.10179025641501498	0.8432433279969463	0.141001	0.8255721652406417
5018	0	0.0928199015657004	0.7390370690161762	0.199001	0.8576617104442713
5019	428	0.03223933149239812	0.19119491776369363	0.6580010000000001	1.0
5021	1768	0.08414811732889535	0.6442018817573588	0.212001	0.872959364046634
5023	0	0.020448911523794064	0.11385298547286524	0.7860010000000001	1.0
5025	0	0.1058612353044017	0.8926156930173288	0.128001	0.823432990011751
5030	1780	0.11053991774815569	0.9509827496917338	0.122001	0.820033522468544
5036	0	0.0	-0.0	1.0	1.0
5037	754	0.07167551284948212	0.5177448517428526	0.321001	0.9341783118706941
5038	0	0.051114027086567135	0.3340178016389957	0.48000099999999996	1.0
5040	1644	0.053737855725674966	0.3557946982349591	0.461001	1.0
5041	874	0.11313484849274655	0.9841096298392358	0.105001	0.8188432685185185
5042	499	0.024728143156576527	0.1409009366769114	0.726001	1.0
5043	0	0.030621410355551992	0.18005425663228852	0.642001	1.0
5044	1185	0.038353611281873506	0.23484524118548092	0.575001	1.0
5045	874	0.06512240615393018	0.45590118832898646	0.338001	0.9371417951380095
5046	0	0.051313460080876214	0.3356562206868451	0.454001	0.9983645207873068
5048	0	0.00241044239970524	0.01213940677775908	0.984001	1.0
5050	0	0.13151493815109375	1.234432931748931	0.053001	0.7655777691292875
5051	1397	0.2019167650568375	2.4624766396861135	0.003001	0.4159234050632912
5052	579	0.016472290677985613	0.08974100460722854	0.832001	1.0
5053	917	0.06137606011475629	0.4219409112860923	0.35700099999999996	0.9474113012943431
5054	0	0.07839909260052892	0.5844728479618555	0.270001	0.9048793844505663
5056	297	0.04981268283211624	0.3233943828313934	0.47200099999999995	1.0
5060	1633	0.05110108048044154	0.33391153560331616	0.47200099999999995	1.0
5062	0	0.10387467476725609	0.8683593471918644	0.120001	0.820033522468544
5064	425	0.09437358979693075	0.7566379131316083	0.188001	0.8519962537251655
5066	918	0.0020965243197436185	0.010539623290239003	0.981001	1.0
5069	3145	0.03715426510345017	0.22608843982737534	0.600001	1.0
5071	0	0.05911615496729809	0.4019403569295587	0.41300099999999995	0.9745577476293102
5072	1946	0.011753537568170824	0.06238537166975963	0.882001	1.0
5073	2818	0.11062391990903597	0.9520466584563115	0.104001	0.8168629476327116
5077	1604	0.09861405354371466	0.8056286174480374	0.143001	0.8279841084082495
5078	3809	0.07269912162657763	0.5276881661824029	0.29400099999999996	0.9178647198067631
5082	1075	0.05748267108392898	0.3877095134090135	0.399001	0.9669459825143869
5085	364	0.002679515039672318	0.013515159520868196	0.979001	1.0
5088	0	0.07765858755756752	0.5769594367847769	0.281001	0.9113388474526066
5089	2904	0.11145392894106868	0.9625893377719786	0.112001	0.820033522468544
5090	0	0.038481910057364975	0.23578765341342364	0.582001	1.0
5095	3483	0.0949960244999164	0.7637415135960381	0.177001	0.8353379090517241
5099	38	0.021824155421036284	0.12242019013327447	0.738001	1.0
5100	0	0.035893539857934906	0.2169862963430807	0.653001	1.0
5101	365	0.0	-0.0	1.0	1.0
5102	2040	0.04502817500646109	0.28533827101983744	0.525001	1.0
5104	1442	0.11832271148233431	1.0519661996725789	0.104001	0.8168629476327116
5105	3738	0.053826989084254415	0.356542902220855	0.527001	1.0
5106	0	0.10181374565319132	0.8435244527083128	0.129001	0.8235754804664723
5107	2552	0.13949010711697937	1.3517600038297768	0.043001	0.7473300777777777
5113	1562	0.0568884683223357	0.3825796376010577	0.402001	0.9682157828860537
5117	2335	0.052841202401846754	0.3482988592409161	0.445001	0.991113903376729
5120	1644	0.0042006104887281	0.021370984487113706	0.951001	1.0
5121	1096	0.11054790231282355	0.951083851926846	0.082001	0.7875692535087719
5123	0	0.16216537288735416	1.715040649242854	0.020001	0.6067731712846347
5125	1905	0.07948211209080772	0.5955352255417492	0.247001	0.8949779001318391
5126	1448	0.005575469534279627	0.028587004612241267	0.9270010000000001	1.0
5130	985	0.07487749192166228	0.5491056398788057	0.29100099999999995	0.9168680668196155
5134	1947	0.09452198010476995	0.758328708467735	0.165001	0.8310208384376389
5136	0	0.01390132247881716	0.07466905056633702	0.840001	1.0
5138	2897	0.02580528963588692	0.14789137200442282	0.715001	1.0
5139	0	0.06798848987168568	0.482564979199582	0.36000099999999996	0.9474113012943431
5145	0	0.06416708036538532	0.4471454847612601	0.35500099999999996	0.9468711203410474
5146	0	0.0	-0.0	1.0	1.0
5149	0	0.028360456614284577	0.16476968888118307	0.780001	1.0
5150	0	0.0020965243197436185	0.010539623290239003	0.981001	1.0
5152	0	0.08416719046475268	0.6444041829416725	0.217001	0.8757626056026538
5153	1445	0.0	-0.0	1.0	1.0
5154	0	0.09573026976454992	0.7721597780916226	0.188001	0.8519962537251655
5156	0	0.02812573557837375	0.16320178712077754	0.6860010000000001	1.0
5158	0	0.03538069035609058	0.2133136897852678	0.620001	1.0
5159	3323	0.0026570923196750605	0.01340035431547467	0.976001	1.0
5161	1299	0.07698845973947402	0.5701953024221027	0.269001	0.9029098556100552
5162	1604	0.11150366102595427	0.9632227835364253	0.111001	0.820033522468544
5163	3279	0.11633575060145306	1.0257195281501028	0.044001	0.7480853245341614
5164	0	0.009272707764243722	0.0485415996195442	0.885001	1.0
5166	0	0.04980773733190426	0.3233542339973211	0.49600099999999997	1.0
5167	3831	0.12039737735480492	1.079714180921111	0.091001	0.8087418417207791
5168	2170	0.0	-0.0	1.0	1.0
5169	2374	0.0026570923196750605	0.01340035431547467	0.976001	1.0
5170	1040	0.1338326025455623	1.2679788213836194	0.047001	0.7545659076246335
5171	0	0.055537599638004705	0.37100987827116544	0.462001	1.0
5179	785	0.11509467426681427	1.0094879853111896	0.100001	0.8158799918032787
5180	3693	0.042951396753516294	0.26930565398938516	0.5330010000000001	1.0
5181	1601	0.06728994275368277	0.4760113901166842	0.334001	0.935934153865782
5183	1715	0.0	-0.0	1.0	1.0
5184	366	0.06963802787601414	0.4981814003317918	0.30800099999999997	0.927731210178817
5188	1343	0.11195612168152214	0.9689949698647546	0.108001	0.820033522468544
5189	2335	0.07901499825592362	0.5907531969962656	0.273001	0.905784226969697
5190	0	0.023466519600978553	0.13280676194227628	0.742001	1.0
5191	0	0.008721566390889404	0.04551583823172069	0.9180010000000001	1.0
5195	1442	0.028360456614284577	0.16476968888118307	0.780001	1.0
5197	1185	0.04132899907400805	0.2569837470428596	0.566001	1.0
5198	2448	0.03874324998046501	0.23771070405002262	0.5610010000000001	1.0
5199	2445	0.006286280466396668	0.032360967033207184	0.9330010000000001	1.0
5202	2554	0.0	-0.0	1.0	1.0
5203	3345	0.13105353837619282	1.2278081843315722	0.052001	0.7632157493297588
5204	2262	0.02887516156878296	0.16822023833272148	0.6800010000000001	1.0
5205	0	0.03431443312402959	0.20573347182865506	0.639001	1.0
5207	1162	0.09408218218170765	0.7533225040755733	0.170001	0.8310208384376389
5208	2290	0.02461124354083974	0.14014671324307446	0.727001	1.0
5209	3484	0.05724001248760151	0.38561158110472477	0.41300099999999995	0.9745577476293102
5214	0	0.13040425455906218	1.218515865821306	0.065001	0.7875692535087719
5217	100	0.07589328694741962	0.5592127056159992	0.274001	0.908276399939449
5218	985	0.031581881124215214	0.18664733421521917	0.618001	1.0
5219	3131	0.09665706642011272	0.7828454564537444	0.180001	0.8415201481953289
5220	763	0.0	-0.0	1.0	1.0
5221	0	0.030224304055426726	0.1773458271918554	0.707001	1.0
5223	1185	0.042558322554795545	0.2663040103249275	0.564001	1.0
5226	1634	0.025071623044935737	0.1431220432190916	0.735001	1.0
5227	2745	0.0807829234117675	0.6089382252877639	0.238001	0.8917607127407907
5228	2744	0.05213924527571813	0.34246974847332823	0.445001	0.991113903376729
5229	1185	0.127144458829412	1.172392460024752	0.072001	0.7875692535087719
5232	916	0.1140418308416219	0.995815891062933	0.103001	0.8168629476327116
5234	367	0.0	-0.0	1.0	1.0
5235	0	0.025336256043097877	0.14483839329162268	0.715001	1.0
5238	1344	0.0	-0.0	1.0	1.0
5242	917	0.08409399386520686	0.6436279654872404	0.231001	0.8915156676066267
5245	592	0.011589320709107204	0.061457612633732187	0.866001	1.0
5246	3323	0.1146925001402789	1.0042548356659287	0.10100100000000001	0.8161328036900369
5247	3575	0.013920306878132581	0.07477886989134906	0.844001	1.0
5248	3522	0.0026570923196750605	0.01340035431547467	0.976001	1.0
5253	0	0.021394121841678278	0.11972855405571002	0.776001	1.0
5255	2007	0.053826989084254415	0.356542902220855	0.527001	1.0
5257	0	0.0	-0.0	1.0	1.0
5260	2572	0.0	-0.0	1.0	1.0
5264	1397	0.08850617723238452	0.6911437229197377	0.20300100000000001	0.8624982339930151
5265	1259	0.03067559592973638	0.1804246165334729	0.758001	1.0
5267	2904	0.04685795962205082	0.29970722522383364	0.500001	1.0
5270	3225	0.03541871425423347	0.2135853904431821	0.591001	1.0
5271	1109	0.024184961626808707	0.1374037201702138	0.742001	1.0
5272	2262	0.04310267252162277	0.2704636275726646	0.5570010000000001	1.0
5273	1906	0.14518757367727622	1.4388722936868854	0.039001	0.7375163195164075
5274	2912	0.045519551806801464	0.28917453220457845	0.524001	1.0
5276	0	0.02364152973634158	0.13392356360549482	0.745001	1.0
5277	3518	0.053044116861964835	0.3499902724925664	0.42900099999999997	0.9806120979123172
5279	3843	0.05594994166377975	0.3745278420017563	0.41200099999999995	0.9736669434491689
5280	0	0.01783590170317858	0.09789915063404572	0.7900010000000001	1.0
5284	3844	0.04112688962555386	0.2554611663419801	0.5460010000000001	1.0
5285	3617	0.0	-0.0	1.0	1.0
5286	0	0.016616469650987828	0.09059819155068444	0.8050010000000001	1.0
5287	887	0.10338941626303731	0.8624816663375832	0.142001	0.8265650978203083
5288	913	0.050212397645353485	0.32664495703053886	0.47600099999999995	1.0
5289	3346	0.09218201889785921	0.7318648255219893	0.186001	0.8471401618136438
5291	2052	0.10495144559721684	0.8814681764860608	0.118001	0.820033522468544
5293	300	0.11286304162827533	0.9806143712942121	0.072001	0.7875692535087719
5297	988	0.05498455874198031	0.3663102667604302	0.5610010000000001	1.0
5299	3145	0.050014603942309915	0.32503507257063685	0.48100099999999996	1.0
5302	0	0.11684845120612228	1.0324613487720398	0.095001	0.8119952763466043
5303	0	0.0026570923196750605	0.01340035431547467	0.976001	1.0
5307	1185	0.020587525676991687	0.1147111432704875	0.776001	1.0
5311	3848	0.07234810360786881	0.5242697097885126	0.401001	0.9670836892070485
5312	0	0.0025786127996846623	0.012998764023661864	0.978001	1.0
5313	572	0.0065366696534008735	0.03369742189386645	0.9360010000000001	1.0
5317	0	0.009018710797512148	0.04714491973821546	0.897001	1.0
5318	1572	0.10870513181258676	0.9278855483117735	0.120001	0.820033522468544
5319	3192	0.0	-0.0	1.0	1.0
5321	742	0.0	-0.0	1.0	1.0
5325	858	0.049304155229534574	0.31927486359231744	0.462001	1.0
5326	101	0.1056832868093212	0.8904301548277311	0.124001	0.820033522468544
5327	1162	0.06732374835568541	0.4763277298466584	0.338001	0.9371417951380095
5329	1923	0.09681844076163598	0.7847128800803769	0.154001	0.8310208384376389
5330	0	0.029108050290819018	0.16978711176835026	0.695001	1.0
5333	985	0.0020965243197436185	0.010539623290239003	0.981001	1.0
5335	3787	0.08696546998130582	0.6743832608060245	0.206001	0.8659326802281369
5336	0	0.0	-0.0	1.0	1.0
5337	1299	0.052629806744493926	0.34653980185898386	0.466001	1.0
5341	3270	0.0020965243197436185	0.010539623290239003	0.981001	1.0
5342	0	0.09596848612866923	0.7748999653660598	0.150001	0.8310208384376389
5344	1185	0.0	-0.0	1.0	1.0
5351	916	0.14221710891883368	1.393110161118989	0.033001	0.6962002870905588
5352	277	0.1077457303969783	0.9159151503994295	0.132001	0.8241244759479344
5354	0	0.09021012048315445	0.7098911790686144	0.226001	0.8850089231044349
5356	1110	0.05128338382022224	0.3354089559584436	0.443001	0.9888721608562691
5360	0	0.06404889037557983	0.4460668238358784	0.343001	0.9398895120676785
5361	1606	0.039214980290495166	0.24119342507212674	0.5600010000000001	1.0
5363	0	0.02974312815331739	0.17407767743971625	0.6780010000000001	1.0
5366	0	0.0	-0.0	1.0	1.0
5367	0	0.003961109140430361	0.020125182855862903	0.948001	1.0
5368	994	0.033820870205309606	0.20224993084724927	0.614001	1.0
5369	3240	0.10526927888605465	0.8853550845504053	0.119001	0.820033522468544
5371	2361	0.08920383550812387	0.6987927650475443	0.182001	0.8422353968723585
5372	0	0.11713089477216379	1.0361844829639448	0.097001	0.8157173187403994
5373	926	0.034779221202830474	0.20902854246123648	0.648001	1.0
5376	0	0.028315056202250374	0.16446614481293811	0.712001	1.0
5377	0	0.027000202930600917	0.15573248419557598	0.706001	1.0
5381	3043	0.06029855915670834	0.4123594925864674	0.378001	0.9581348300623412
5384	1984	0.2148909327434177	2.738288180965546	0.001001	0.2149009607843137
5386	8	0.1307143478757165	1.222949429368027	0.055001	0.7780438617571059
5388	1445	0.17675845120840988	1.9727107543394895	0.012001	0.5816998406250001
5389	0	0.0026570923196750605	0.01340035431547467	0.976001	1.0
5390	960	0.04874240888633326	0.31474495221090265	0.49700099999999997	1.0
5391	0	0.03677996298133601	0.2233750871868729	0.585001	1.0
5393	916	0.0701218634437274	0.502799579677592	0.313001	0.9281849214362851
5394	0	0.018781957471417983	0.10362648204808891	0.7990010000000001	1.0
5395	0	0.061929976688335726	0.42689872982825594	0.49300099999999997	1.0
5396	2614	0.0	-0.0	1.0	1.0
5400	0	0.10298349165637363	0.8575791922013607	0.151001	0.8310208384376389
5402	0	0.04573905190431935	0.29089352143744734	0.500001	1.0
5403	0	0.06664203746182379	0.46996455726800623	0.335001	0.935934153865782
5404	0	0.04572400148017309	0.29077555091777896	0.630001	1.0
5405	368	0.05498455874198031	0.3663102667604302	0.5610010000000001	1.0
5406	3856	0.000496071434286538	0.002471192200149261	0.995001	1.0
5408	3241	0.0020965243197436185	0.010539623290239003	0.981001	1.0
5409	1185	0.031136483653646158	0.18358249249567826	0.639001	1.0
5412	0	0.0	-0.0	1.0	1.0
5414	354	0.07324657192188477	0.533037712499917	0.28600099999999995	0.9150861919929864
5417	0	0.22931755765381612	3.064130613482431	0.001001	0.2149009607843137
5418	0	0.0014648623178900831	0.007337696324143793	0.984001	1.0
5421	0	0.0	-0.0	1.0	1.0
5422	0	0.061929976688335726	0.42689872982825594	0.49300099999999997	1.0
5424	1768	0.038727424084513795	0.2375941208987716	0.598001	1.0
5426	918	0.11385639532092624	0.9934171149126451	0.10100100000000001	0.8161328036900369
5427	2923	0.10985735774272237	0.9423588997570306	0.120001	0.820033522468544
5428	2450	0.0026570923196750605	0.01340035431547467	0.976001	1.0
5429	3860	0.05107349068282335	0.3336851166877645	0.463001	1.0
5430	8	0.03581835470308032	0.21644679669744843	0.595001	1.0
5431	1546	0.0026570923196750605	0.01340035431547467	0.976001	1.0
5436	1769	0.10267754610142144	0.8538927835478658	0.139001	0.8255721652406417
5437	917	0.0	-0.0	1.0	1.0
5439	349	0.0	-0.0	1.0	1.0
5440	2584	0.11054790231282355	0.951083851926846	0.082001	0.7875692535087719
5442	0	0.008187763591013475	0.04260242251882846	0.894001	1.0
5444	1611	0.0762925213870453	0.5632059879174188	0.271001	0.9054592459566676
5446	0	0.03767129779580896	0.22985173982388987	0.599001	1.0
5447	1392	0.10761089874407306	0.9142387419211052	0.137001	0.8255721652406417
5448	1185	0.0	-0.0	1.0	1.0
5450	38	0.001924787692423862	0.009666817113709581	0.980001	1.0
5451	0	0.1377518362644221	1.3257310485027007	0.043001	0.7473300777777777
5455	0	0.017260238364564497	0.0944411556985109	0.817001	1.0
5457	103	0.0019903098250315596	0.009999616405178824	0.975001	1.0
5459	1324	0.06654921139385353	0.46910071248087953	0.343001	0.9398895120676785
5462	0	0.00808133752567124	0.04202357986747796	0.9130010000000001	1.0
5463	3162	0.026675671722959187	0.15359387444359515	0.694001	1.0
5465	1657	0.014641735801661122	0.0789683406072177	0.826001	1.0
5468	0	0.07362910385212638	0.5367888206796745	0.250001	0.896185036881268
5470	0	0.023144357594439655	0.13075598157478593	0.738001	1.0
5471	0	0.09192570673277684	0.7289917266889832	0.188001	0.8519962537251655
5472	3866	0.08726990029254493	0.6776806337596022	0.211001	0.8717924335849057
5473	0	0.047931366834138484	0.30824303407364995	0.49000099999999996	1.0
5475	1604	0.10298179979311613	0.8575587862576153	0.149001	0.8310208384376389
5476	3867	0.0	-0.0	1.0	1.0
5477	0	0.002072778344566102	0.01041883977733218	0.971001	1.0
5478	1075	0.002072778344566102	0.01041883977733218	0.971001	1.0
5480	874	0.035829818702464426	0.21652903382393762	0.641001	1.0
5484	1066	0.050026082988039185	0.32512842902457334	0.49200099999999997	1.0
5485	1633	0.10188000405391712	0.844317682691563	0.142001	0.8265650978203083
5487	0	0.08392380018512784	0.6418247034515974	0.28800099999999995	0.9168680668196155
5488	3208	0.060133992628271814	0.41090340647337875	0.387001	0.9613539146865807
5489	0	0.026283204793918005	0.151016561508714	0.6850010000000001	1.0
5490	1612	0.03823298663624841	0.23396019832801612	0.621001	1.0
5492	1768	0.15349685924790338	1.5709058165202878	0.027001	0.646901420131291
5493	2594	0.04634243965509687	0.2956358181269536	0.524001	1.0
5498	3869	0.022714276461169927	0.12802840962714296	0.739001	1.0
5501	2491	0.040031642358470926	0.24725786747319475	0.569001	1.0
5502	349	0.09051331960046781	0.7132504102025748	0.183001	0.8425895496215307
5503	3871	0.03168604765431052	0.18736597873640135	0.647001	1.0
5504	0	0.08280940983474207	0.6300714201424519	0.242001	0.8940248484543011
5505	0	0.05860658554029659	0.3974807305682023	0.441001	0.9884380653019446
5508	0	0.08038093498162015	0.6047827703948235	0.23400100000000001	0.8917607127407907
5509	0	0.05460162321430835	0.36306874015041324	0.43100099999999997	0.981495413685524
5510	887	0.04676565949434027	0.29897693342916665	0.48900099999999996	1.0
5511	977	0.0	-0.0	1.0	1.0
5512	2418	0.1247530240965454	1.1391151145470522	0.064001	0.7875692535087719
5515	1604	0.11927421404049592	1.0646486810024918	0.081001	0.7875692535087719
5516	0	0.01630945729389064	0.08877444381025747	0.834001	1.0
5517	0	0.11254016734466223	0.9764701447619759	0.124001	0.820033522468544
5519	3844	0.03441213565748888	0.20642494653001903	0.602001	1.0
5521	2313	0.07019937774860163	0.503541038314369	0.30200099999999996	0.926220994117647
5522	0	0.0	-0.0	1.0	1.0
5523	2584	0.0	-0.0	1.0	1.0
5525	1767	0.04571461811246484	0.29070200859732404	0.5430010000000001	1.0
5526	0	0.020640259104477674	0.11503792951425718	0.778001	1.0
5527	94	0.03883025810697578	0.23835195692739256	0.571001	1.0
5528	874	0.14187551023371525	1.3878958114568039	0.030001	0.6731166987704919
5530	0	0.05910762755159285	0.4018655755673582	0.406001	0.9701669465298997
5532	3708	0.11488335767491697	1.0067366729183207	0.092001	0.8090915253012048
5533	2917	0.04653695660573265	0.2971699143883805	0.48200099999999996	1.0
5537	1500	0.02091006804137835	0.11671263536868343	0.758001	1.0
5538	1110	0.02143600473295642	0.11999019577078818	0.748001	1.0
5539	1283	0.0	-0.0	1.0	1.0
5540	0	0.0	-0.0	1.0	1.0
5542	574	0.09813489221941793	0.8000226264693686	0.159001	0.8310208384376389
5544	608	0.05117179705004858	0.33449212042753973	0.467001	1.0
5545	1657	0.0020965243197436185	0.010539623290239003	0.981001	1.0
5548	0	0.0901779786378307	0.709535483678464	0.216001	0.8749518864224936
5550	1363	0.030403009093827676	0.178563406155505	0.6700010000000001	1.0
5554	916	0.05015602580444316	0.3261858592518269	0.47600099999999995	1.0
5562	0	0.13749810228490328	1.3219529751127213	0.054001	0.7718759125326371
5563	1648	0.12107191186713091	1.0888115287516227	0.073001	0.7875692535087719
5564	0	0.09153584782875401	0.724631350123289	0.196001	0.8563507378292099
5565	297	0.11567538675459339	1.0170673745719423	0.097001	0.8157173187403994
5567	3882	0.09158731490822884	0.7252063134884797	0.173001	0.8318787654808959
5568	3572	0.1084042387032184	0.9241234227148711	0.123001	0.820033522468544
5575	3883	0.01922405021304855	0.10632184698464327	0.7820010000000001	1.0
5576	0	0.0	-0.0	1.0	1.0
5577	56	0.05257779639435555	0.34610749247298817	0.452001	0.9971708541204917
5578	1789	0.0	-0.0	1.0	1.0
5579	1729	0.00568927688298285	0.02918926454336053	0.949001	1.0
5580	0	0.08421108072700699	0.6448698140665137	0.227001	0.8860727090909091
5583	3433	0.0053490294132491146	0.027390949325384096	0.941001	1.0
5584	277	0.16790040152517094	1.8140363993667272	0.008001	0.5374414049079754
5585	0	0.0026570923196750605	0.01340035431547467	0.976001	1.0
5586	0	0.08656896802514766	0.6700992128160096	0.223001	0.8836908972131741
5589	0	0.028961502213061457	0.16880073005107443	0.6700010000000001	1.0
5599	3195	0.002072778344566102	0.01041883977733218	0.971001	1.0
5602	0	0.0020965243197436185	0.010539623290239003	0.981001	1.0
5603	1925	0.04987598179644184	0.3239084091606795	0.49400099999999997	1.0
5605	0	0.051879129383945906	0.3403184296754845	0.447001	0.9937490251776648
5611	2892	0.03260379855922728	0.1937280682466065	0.638001	1.0
5613	0	0.02465378063698509	0.14042105769149282	0.733001	1.0
5614	0	0.03627661391635185	0.21974088414970017	0.625001	1.0
5616	0	0.0	-0.0	1.0	1.0
5617	2831	0.0469828612710763	0.3006963931910645	0.465001	1.0
5619	0	0.006319374646094125	0.03253739682503084	0.9260010000000001	1.0
5620	0	0.0020965243197436185	0.010539623290239003	0.981001	1.0
5622	0	0.19359878805283798	2.2940500897115683	0.001001	0.2149009607843137
5625	0	0.19274642215145646	2.2771569294674876	0.007001	0.5214554353741497
5626	1727	0.05882056059236447	0.3993511452403076	0.400001	0.9670836892070485
5627	3214	0.0937071772500055	0.7490656565082454	0.175001	0.8342142636363636
5633	1223	0.009481361596013864	0.04969181314773984	0.898001	1.0
5636	0	0.007717420011457171	0.040049316054461985	0.9100010000000001	1.0
5637	0	0.0	-0.0	1.0	1.0
5638	985	0.0	-0.0	1.0	1.0
5640	1442	0.034165412457612065	0.2046800077255001	0.625001	1.0
5641	1567	0.036683176702156824	0.22267498399966262	0.600001	1.0
5642	1185	0.02894178930207189	0.16866815248524594	0.655001	1.0
5646	0	0.11446863610854956	1.0013475440487736	0.092001	0.8090915253012048
5647	1362	0.15474983233300257	1.591333569111659	0.034001	0.7037371436672969
5649	0	0.0025730071196853445	0.012970092567547668	0.976001	1.0
5650	3894	0.04907736350234224	0.31744340277372785	0.49600099999999997	1.0
5651	0	0.0	-0.0	1.0	1.0
5655	0	0.03338533449819811	0.19918920371819424	0.655001	1.0
5657	3432	0.060961003511951495	0.41824031686165664	0.397001	0.9659475442222223
5658	0	0.03090357442306234	0.18198494059005102	0.651001	1.0
5661	0	0.04211673147599925	0.2629443152912631	0.526001	1.0
5663	1015	0.09514676035165942	0.7654663179376673	0.161001	0.8310208384376389
5664	0	0.04040806636761564	0.2500681760261789	0.574001	1.0
5665	1034	0.03304638429834782	0.1968158211082324	0.6580010000000001	1.0
5667	370	0.0	-0.0	1.0	1.0
5669	918	0.014244717906045146	0.07665887385760407	0.838001	1.0
5671	370	0.04365825991186259	0.2747297773823922	0.5500010000000001	1.0
5672	2710	0.0	-0.0	1.0	1.0
5673	0	0.08971164847375734	0.704383786241201	0.253001	0.896185036881268
5674	3899	0.009862960908197625	0.0518020937369651	0.893001	1.0
5676	2039	0.0020965243197436185	0.010539623290239003	0.981001	1.0
5680	0	0.0	-0.0	1.0	1.0
5683	917	0.105068463192033	0.8828982999227724	0.118001	0.820033522468544
5684	3901	0.08032696102389411	0.6042257509096769	0.23400100000000001	0.8917607127407907
5685	1397	0.0	-0.0	1.0	1.0
5689	3831	0.050801676822798264	0.33145726437873035	0.464001	1.0
5690	0	0.06056767177957845	0.41474475834139457	0.401001	0.9670836892070485
5695	0	0.06852938470107932	0.4876638761243275	0.323001	0.9348501054718477
5696	0	0.04089274611125748	0.25370069008375534	0.564001	1.0
5699	949	0.024432530948085632	0.13899535242047245	0.739001	1.0
5700	3903	0.10501936002104315	0.8822980564457827	0.146001	0.8295614680851063
5703	1853	0.05269722828755058	0.3471004892907653	0.449001	0.9953658532091517
5704	1621	0.06119253492641623	0.4203031066636848	0.376001	0.9581348300623412
5709	2397	0.043883627163321365	0.27646624836324496	0.526001	1.0
5711	0	0.06690681771764184	0.4724320472592328	0.34500099999999995	0.9398895120676785
5712	0	0.040176340774825195	0.248337034756662	0.573001	1.0
5717	3087	0.0390309914970491	0.23983329475202836	0.604001	1.0
5718	3141	0.07652026245743028	0.5654892326866101	0.29200099999999996	0.9168680668196155
5723	0	0.1106664307395441	0.952585284376643	0.11700100000000001	0.820033522468544
5728	0	0.07740701149732412	0.5744161605863529	0.268001	0.9009342797052502
5729	0	0.0020965243197436185	0.010539623290239003	0.981001	1.0
5731	1647	0.0	-0.0	1.0	1.0
5732	988	0.05017174924503841	0.32631389039473063	0.49200099999999997	1.0
5735	0	0.01978551578093912	0.10976247887134284	0.778001	1.0
5736	0	0.07711315592254109	0.5714514300474091	0.264001	0.898348226095003
5737	52	0.0517202437612603	0.33900666089779924	0.462001	1.0
5739	0	0.0722922694440135	0.5237267931511695	0.29100099999999995	0.9168680668196155
5745	1630	0.09001296130965857	0.7077105789753411	0.191001	0.854495733522038
5747	0	0.17662943463858796	1.970348978898513	0.009000999999999999	0.5663905114942528
5749	1547	0.08926664739320417	0.6994832539517969	0.190001	0.8536401103816167
5750	781	0.08053426360062516	0.6063663367813743	0.253001	0.896185036881268
5752	3257	0.05314924307559651	0.3508676912102794	0.439001	0.9884380653019446
5754	0	0.0	-0.0	1.0	1.0
5758	1147	0.03388766589496238	0.2027204365718461	0.647001	1.0
5759	0	0.00247727910879089	0.012480750145123112	0.965001	1.0
5761	349	0.03833231429451903	0.2346889112885401	0.5420010000000001	1.0
5762	1604	0.11261838644054087	0.9774733498660074	0.103001	0.8168629476327116
5764	0	0.0825851124937235	0.6277171236191197	0.225001	0.8848907862787356
5765	0	0.07353194738808419	0.5358350824818509	0.29400099999999996	0.9178647198067631
5766	0	0.008009196551606958	0.04163159153468979	0.9070010000000001	1.0
5768	0	0.02414650777974311	0.13715684685403737	0.707001	1.0
5770	0	0.1046971112830677	0.8783635841751316	0.124001	0.820033522468544
5776	2733	0.0480391407956249	0.3091044260486667	0.598001	1.0
5778	3918	0.10179332490545306	0.8432800499455717	0.154001	0.8310208384376389
5779	2344	0.04131679039064719	0.2568916956619274	0.5620010000000001	1.0
5780	3282	0.0	-0.0	1.0	1.0
5782	0	0.07656150733795267	0.5659031500147955	0.29100099999999995	0.9168680668196155
5785	0	0.05299966987550521	0.34961953479994173	0.42800099999999996	0.9806120979123172
5789	3919	0.06283992087791129	0.4350908117301099	0.36300099999999996	0.949473948638318
5791	3107	0.0660892226596228	0.4648292341694117	0.325001	0.9352299346354166
5792	3339	0.07986559443221422	0.599473286066628	0.245001	0.8947684953302201
5793	3573	0.10177784342455407	0.8430947839442378	0.146001	0.8295614680851063
5795	1647	0.014417808958236834	0.07766457275748899	0.851001	1.0
5796	1380	0.0	-0.0	1.0	1.0
5797	2580	0.07494989356072815	0.5498235008435355	0.270001	0.9048793844505663
5801	86	0.08126735663765555	0.6139620464415503	0.238001	0.8917607127407907
5804	0	0.05285142954880142	0.34838403994159445	0.43300099999999997	0.9833909871395975
5806	3135	0.06631502267000212	0.4669241109646603	0.325001	0.9352299346354166
5809	3923	0.013523793141472461	0.07248968688019963	0.848001	1.0
5810	2882	0.03365677905128216	0.20109532174824432	0.624001	1.0
5812	1857	0.12194822721138507	1.1006858496161525	0.081001	0.7875692535087719
5813	0	0.05263221103757046	0.34655979086874994	0.49600099999999997	1.0
5818	0	0.0664750666971749	0.46841116584981635	0.36700099999999997	0.9537844645145975
5819	0	0.08510014268858784	0.6543332558638355	0.225001	0.8848907862787356
5821	1928	0.07090067032175261	0.5102691863339616	0.30300099999999996	0.927677522017837
5822	3925	0.07860803039741449	0.5866001983325582	0.257001	0.898348226095003
5825	3926	0.03737367205552762	0.22768325970529424	0.620001	1.0
5826	1068	0.0521153887910185	0.3422722447092103	0.47100099999999995	1.0
5827	0	0.018641246691594667	0.10277113089971653	0.768001	1.0
5831	0	0.007704715400683865	0.039980534315373184	0.9060010000000001	1.0
5832	0	0.11023738504022344	0.9471557785559875	0.108001	0.820033522468544
5834	436	0.03441084947761103	0.20641583971755423	0.648001	1.0
5839	0	0.08088908921437106	0.6100377115544667	0.239001	0.8917607127407907
5842	0	0.0	-0.0	1.0	1.0
5843	0	0.009007327079573108	0.04708241253826574	0.891001	1.0
5844	0	0.13057017514969158	1.2208871216250161	0.066001	0.7875692535087719
5845	0	0.13310494412917465	1.2573983032789862	0.060001	0.7875692535087719
5847	0	0.0	-0.0	1.0	1.0
5849	2842	0.09062264666164363	0.7144634070772594	0.184001	0.8447073161425576
5851	584	0.09348246013082624	0.7465200022091447	0.174001	0.8323009825251201
5853	3037	0.09139067257688792	0.7230106259627685	0.200001	0.8576617104442713
5854	0	0.03968171416684001	0.24465387955629825	0.5500010000000001	1.0
5855	2335	0.002072778344566102	0.01041883977733218	0.971001	1.0
5856	866	0.2045166347468431	2.5164583222479	0.003001	0.4159234050632912
5857	0	0.002072778344566102	0.01041883977733218	0.971001	1.0
5860	21	0.04604796424018394	0.293318298300206	0.502001	1.0
5861	0	0.04994362931568296	0.32445805434137664	0.47500099999999995	1.0
5863	1366	0.07150762426082569	0.5161213302148222	0.326001	0.9352299346354166
5864	3933	0.0026570923196750605	0.01340035431547467	0.976001	1.0
5866	742	0.14843925913504916	1.48983262071006	0.040001	0.7385682107925801
5868	0	0.01414593347827009	0.07608572903139037	0.848001	1.0
5870	0	0.054467977250091386	0.3619398536006336	0.440001	0.9884380653019446
5871	1604	0.0	-0.0	1.0	1.0
5872	0	0.09620173104653477	0.7775872378608744	0.169001	0.8310208384376389
5875	742	0.017770927364813626	0.09750782954438715	0.8100010000000001	1.0
5878	1984	0.05378774543534269	0.3562134144451246	0.41200099999999995	0.9736669434491689
5879	0	0.020727047177016268	0.11557612815173911	0.759001	1.0
5881	0	0.0	-0.0	1.0	1.0
5882	2600	0.05158699749139753	0.3379079239169792	0.467001	1.0
5883	1543	0.009398737645644126	0.04923603553566215	0.899001	1.0
5887	0	0.03356617620327927	0.20045856070985454	0.644001	1.0
5888	0	0.05101812665734614	0.33323092448842667	0.43600099999999997	0.9855026732039636
5891	0	0.10070147498933522	0.8302601318459766	0.133001	0.8241244759479344
5893	1547	0.061929976688335726	0.42689872982825594	0.49300099999999997	1.0
5895	3145	0.036718482781088364	0.22293029853851165	0.579001	1.0
5897	503	0.06683381301624722	0.47175120845782315	0.34700099999999995	0.9406570807130477
5899	2136	0.053826989084254415	0.356542902220855	0.527001	1.0
5901	3578	0.07707938897908842	0.5711111643956591	0.265001	0.898348226095003
5910	0	0.04553077769656558	0.28926236675800754	0.521001	1.0
5911	0	0.0880060061982259	0.6856827995272213	0.204001	0.8630629632921175
5915	1453	0.044461450914562814	0.28093415930754095	0.5330010000000001	1.0
5916	1355	0.05778981672040664	0.3903709399101678	0.42100099999999996	0.9795027515937101
5917	1185	0.08559676137870326	0.6596454913285896	0.212001	0.872959364046634
5921	0	0.00562185250811037	0.02883236850171771	0.9360010000000001	1.0
5923	1442	0.09408595307245873	0.7533653643689223	0.168001	0.8310208384376389
5924	1185	0.03192980009556672	0.18905038433188845	0.608001	1.0
5927	3739	0.07877786902125024	0.5883318522823786	0.248001	0.8949779001318391
5931	2932	0.09849917887956891	0.8042829968671933	0.167001	0.8310208384376389
5933	616	0.024944925402591314	0.14230188424827067	0.739001	1.0
5937	106	0.02451533268850449	0.13952855348111814	0.716001	1.0
5942	1928	0.0	-0.0	1.0	1.0
5944	655	0.07281337343572987	0.5288027844114072	0.30400099999999997	0.927677522017837
5945	3197	0.0018410580333285825	0.00924189678290758	0.984001	1.0
5947	0	0.1333574261966489	1.2610644959870785	0.043001	0.7473300777777777
5950	1034	0.001233335401283878	0.006169797531657626	0.986001	1.0
5952	3175	0.010152224071025522	0.053407524435594204	0.897001	1.0
5953	735	0.013249192369779755	0.07090991951442159	0.863001	1.0
5954	1173	0.05343153263750225	0.35322758956432165	0.455001	0.9993592676028084
5955	349	0.1362979884180167	1.3041569631657752	0.050001000000000004	0.7603624291666667
5956	1147	0.011589743398582694	0.06145999858065613	0.850001	1.0
5957	0	0.04622982099499701	0.29474881057955904	0.518001	1.0
5962	0	0.061254590309426066	0.4208566285893415	0.36000099999999996	0.9474113012943431
5963	1546	0.05991742432275364	0.4089901449160064	0.399001	0.9669459825143869
5967	0	0.0	-0.0	1.0	1.0
5969	2823	0.0	-0.0	1.0	1.0
5970	3556	0.14286357497394947	1.4030053597327377	0.034001	0.7037371436672969
5974	0	0.10497485682232605	0.8817542085800312	0.120001	0.820033522468544
5979	1324	0.0700604323027306	0.5022122755537977	0.312001	0.9281849214362851
5982	2319	0.05406851777500979	0.35857313567373494	0.442001	0.9888575702901512
5985	1025	0.07487196298596652	0.5490508365171046	0.279001	0.910244919249106
5986	1192	0.034331779257923384	0.20585619067120428	0.621001	1.0
5987	1034	0.0028123555275749723	0.014195901912784756	0.977001	1.0
5989	949	0.0	-0.0	1.0	1.0
5990	0	0.0034726389683488127	0.01759463005699174	0.960001	1.0
5991	3727	0.05575425031402485	0.3728567792424814	0.42100099999999996	0.9795027515937101
5996	3015	0.03478965912394627	0.20910270411004453	0.622001	1.0
5999	0	0.10002654266901441	0.8222586131183096	0.166001	0.8310208384376389
6003	425	0.028594256607481754	0.16633495735660703	0.692001	1.0
6004	0	0.11811625472012968	1.04922408741708	0.092001	0.8090915253012048
6006	3950	0.05502915781688923	0.3666884636527935	0.439001	0.9884380653019446
6010	1408	0.1108302147642801	0.9546618343856571	0.113001	0.820033522468544
6011	2170	0.11054790231282355	0.951083851926846	0.082001	0.7875692535087719
6013	0	0.019576374779569805	0.10847858646816541	0.779001	1.0
6015	918	0.1555744027139908	1.6048514390771145	0.022001	0.6067731712846347
6017	0	0.0	-0.0	1.0	1.0
6018	38	0.07365470448378378	0.5370402456141674	0.28700099999999995	0.9164111837270339
6019	0	0.0	-0.0	1.0	1.0
6021	526	0.10150027040709804	0.8397762821292989	0.146001	0.8295614680851063
6022	108	0.06660898263808308	0.4696568756145049	0.325001	0.9352299346354166
6023	0	0.002072778344566102	0.01041883977733218	0.971001	1.0
6024	3952	0.08890065464803948	0.6954641533579361	0.219001	0.8786522348845732
6027	1604	0.038353611281873506	0.23484524118548092	0.575001	1.0
6028	0	0.06524038824696494	0.4569870757697136	0.340001	0.9398895120676785
6029	0	0.1192047239892071	1.063719959086735	0.096001	0.8148177899224807
6031	0	0.04410491798968831	0.2781746605006721	0.5370010000000001	1.0
6033	573	0.034357822895176686	0.20604047891183216	0.625001	1.0
6036	0	0.020901308645687587	0.11665819439344406	0.7840010000000001	1.0
6037	918	0.051828302703552966	0.33989861091253243	0.454001	0.9983645207873068
6038	1607	0.04567301803026422	0.2903760394802323	0.501001	1.0
6040	0	0.11714216626537308	1.0363331966372553	0.125001	0.820033522468544
6041	946	0.002072778344566102	0.01041883977733218	0.971001	1.0
6042	0	0.018617779161127373	0.10262859591003771	0.8040010000000001	1.0
6044	929	0.13752647047841557	1.3223751049040973	0.050001000000000004	0.7603624291666667
6047	532	0.05593707560926295	0.3744178924987773	0.43600099999999997	0.9855026732039636
6048	0	0.003858666662660628	0.01959332816573825	0.969001	1.0
6049	742	0.002072778344566102	0.01041883977733218	0.971001	1.0
6050	0	0.04119462696354023	0.2559711560853808	0.594001	1.0
6051	1554	0.1694345215371399	1.841013416292848	0.014001	0.5816998406250001
6052	0	0.05498455874198031	0.3663102667604302	0.5610010000000001	1.0
6053	3133	0.08188779184202527	0.6204220322527619	0.225001	0.8848907862787356
6054	0	0.07394978735181347	0.5399417575972452	0.29200099999999996	0.9168680668196155
6055	0	0.09923399988954162	0.8129083573988304	0.149001	0.8310208384376389
6056	1465	0.12009463707092588	1.0756432533986382	0.100001	0.8158799918032787
6058	1470	0.03846773536728097	0.23568348007857823	0.592001	1.0
6062	1952	0.0	-0.0	1.0	1.0
6063	0	0.0	-0.0	1.0	1.0
6064	2329	0.0	-0.0	1.0	1.0
6065	3960	0.09552640918807256	0.7698182821208804	0.185001	0.8464588169661512
6066	1357	0.0	-0.0	1.0	1.0
6067	1647	0.0002127497957189889	0.0010581040010879303	0.994001	1.0
6070	0	0.04491183989511192	0.2844324293704826	0.5420010000000001	1.0
6073	0	0.062748189557749	0.43426228128884015	0.35400099999999995	0.9451248351621554
6079	1442	0.09202805300424355	0.7301383574645292	0.183001	0.8425895496215307
6081	0	0.0	-0.0	1.0	1.0
6082	2362	0.10295969307486572	0.8572921728947569	0.150001	0.8310208384376389
6083	1299	0.0020965243197436185	0.010539623290239003	0.981001	1.0
6085	2452	0.12481334805991029	1.1399487351128388	0.059001	0.7875692535087719
6089	3107	0.10663536827837705	0.9021527329592922	0.121001	0.820033522468544
6090	3145	0.03416307587423795	0.20466350144222403	0.616001	1.0
6091	0	0.04612848617578166	0.2939514172581332	0.517001	1.0
6093	0	0.07023576291815709	0.5038892300404613	0.324001	0.9352299346354166
6094	1930	0.02076616918180347	0.11581888896569628	0.7810010000000001	1.0
6095	1927	0.16153259402687326	1.704296137193235	0.017001000000000002	0.5816998406250001
6098	427	0.08182888502653136	0.61980744934458	0.249001	0.8956346744415243
6099	0	0.06783138959457606	0.4810880158312293	0.331001	0.9356702571428571
6102	56	0.04298218943527868	0.2695412379315153	0.5620010000000001	1.0
6103	2831	0.08953661735385297	0.7024544632462368	0.201001	0.8576617104442713
6108	918	0.05320896212014384	0.3513664697448014	0.460001	1.0
6111	0	0.05035448374628276	0.3278030950304277	0.454001	0.9983645207873068
6112	1202	0.005209063459766555	0.026653145794154915	0.958001	1.0
6114	0	0.11005351887923098	0.9448334925222802	0.139001	0.8255721652406417
6116	1442	0.0022236337873865683	0.011186714059754754	0.970001	1.0
6117	2879	0.05867165287818005	0.39804915867133106	0.402001	0.9682157828860537
6122	580	0.00247727910879089	0.012480750145123112	0.965001	1.0
6124	1034	0.03664703805808546	0.22241373425022196	0.599001	1.0
6125	0	0.03358765739193675	0.20060948288701727	0.6590010000000001	1.0
6128	2089	9.046848421880027e-05	0.00044962755221972293	1.0	1.0
6131	373	0.11392532191021745	0.994308418847647	0.10100100000000001	0.8161328036900369
6134	1344	0.12782564465066498	1.1819578170387657	0.057001	0.7811063191489362
6135	3082	0.0649536270785841	0.4543495195558928	0.376001	0.9581348300623412
6139	1927	0.10178276022193675	0.8431536209358299	0.144001	0.8280813807773109
6140	3323	0.07815525435662737	0.5819942691559048	0.258001	0.898348226095003
6141	930	0.12163043467492451	1.0963724054955517	0.088001	0.8036054620517097
6146	1186	0.08680449984797811	0.6726425989585453	0.198001	0.8576617104442713
6147	0	0.12333283532935092	1.1195759620249264	0.080001	0.7875692535087719
6148	3208	0.0647932553441608	0.4528770466530009	0.35000099999999995	0.942257425374969
6149	0	0.06585735007035205	0.4626818560245119	0.343001	0.9398895120676785
6150	0	0.09430155178846786	0.7558177091947207	0.176001	0.8342142636363636
6151	0	0.19361549482089518	2.2943818800009663	0.007001	0.5214554353741497
6152	3966	0.08891429291811644	0.69561373639794	0.191001	0.854495733522038
6155	1147	0.07658620610168837	0.5661510775428027	0.281001	0.9113388474526066
6157	1661	0.06222538058438177	0.42955170532966913	0.376001	0.9581348300623412
6158	3480	0.023754123600635592	0.13464308663360808	0.725001	1.0
6159	0	0.011613232000446456	0.06159260108222742	0.866001	1.0
6162	3131	0.1299006058222577	1.2113320010407314	0.065001	0.7875692535087719
6164	0	0.0878259802744929	0.6837219303281958	0.195001	0.8563507378292099
6165	3145	0.012122282998517562	0.06447453838132859	0.862001	1.0
6166	610	0.1712559717391342	1.8733161570050418	0.017001000000000002	0.5816998406250001
6168	3969	0.09302177836404979	0.7413134747218433	0.164001	0.8310208384376389
6171	2091	0.02171075358408968	0.121709269213117	0.768001	1.0
6173	0	0.033760207795871494	0.20182288102778814	0.632001	1.0
6174	0	0.028360456614284577	0.16476968888118307	0.780001	1.0
6175	3970	0.0	-0.0	1.0	1.0
6176	0	0.03850284967615132	0.23594156838213393	0.590001	1.0
6177	1442	0.15125911464584235	1.5347619693701418	0.027001	0.646901420131291
6178	1567	0.07926924285948134	0.5933539759367708	0.266001	0.898348226095003
6179	0	0.11439018682149396	1.0003296913128759	0.108001	0.820033522468544
6181	3160	0.0	-0.0	1.0	1.0
6182	611	0.014324683297670865	0.07712326504331579	0.834001	1.0
6185	1202	0.004051493802040654	0.02059494137704484	0.972001	1.0
6186	2448	0.052634800329425205	0.34658131838683964	0.440001	0.9884380653019446
6188	2716	0.1287556826895637	1.1950797007676104	0.052001	0.7632157493297588
6189	0	0.06633002723369402	0.4670634476574269	0.35000099999999995	0.942257425374969
6191	0	0.1228501644666794	1.1129730572797694	0.068001	0.7875692535087719
6193	2842	0.006366633117492457	0.03278944972465698	0.951001	1.0
6194	1185	0.016521930298385036	0.0900359830641455	0.836001	1.0
6198	1343	0.020154319418596838	0.11203314617226955	0.7870010000000001	1.0
6200	592	0.05845379009987904	0.396147089248276	0.393001	0.9647910199551569
6201	444	0.03911181905041667	0.2404305311824799	0.587001	1.0
6202	2038	0.13311927762208134	1.2576062914323234	0.057001	0.7811063191489362
6203	1644	0.052965081026888176	0.34933112032823804	0.442001	0.9888575702901512
6204	1293	0.05236022399233248	0.3443010751574619	0.466001	1.0
6208	1546	0.09695078482159675	0.7862458780117773	0.161001	0.8310208384376389
6211	2584	0.06896993167016052	0.49183255009907295	0.29100099999999995	0.9168680668196155
6212	3171	0.06995140633584572	0.5011706265417945	0.316001	0.9305795989779451
6214	1927	0.08240697348969155	0.6258500213676156	0.231001	0.8915156676066267
6216	917	0.0	-0.0	1.0	1.0
6220	19	0.05797234028362705	0.39195567107515983	0.40800099999999995	0.971610316554567
6222	0	0.09568373331797807	0.7716249869208891	0.170001	0.8310208384376389
6223	0	0.03598942240710923	0.21767485389878755	0.629001	1.0
6224	0	0.12726855586443636	1.1741321952898294	0.055001	0.7780438617571059
6226	2180	0.0771660228219451	0.5719843341259574	0.30600099999999997	0.927731210178817
6229	1363	0.0	-0.0	1.0	1.0
6233	851	0.04099928968221884	0.25450131244918883	0.565001	1.0
6236	1644	0.14669809010357446	1.462432215227609	0.032001	0.6951963273809524
6237	3972	0.08541496642183141	0.657698694467897	0.213001	0.8734636513108613
6238	0	0.06263898246820865	0.43327669359799825	0.34900099999999995	0.941649075653031
6239	0	0.0	-0.0	1.0	1.0
6241	0	0.054813876489436086	0.36486418198605053	0.41600099999999995	0.977047710036379
6243	1034	0.09906718181412208	0.810946535485242	0.17100100000000001	0.8310208384376389
6245	1500	0.022556945527612768	0.1270335243654976	0.736001	1.0
6246	0	0.04119462696354023	0.2559711560853808	0.594001	1.0
6249	1034	0.06935657654256072	0.49550282835230053	0.326001	0.9352299346354166
6250	292	0.0003335334881238352	0.0016599631556177023	0.998001	1.0
6254	0	0.08537540087828224	0.6572753291988882	0.252001	0.896185036881268
6256	1357	0.09114779194870733	0.7203027512912822	0.184001	0.8447073161425576
6258	887	0.030958288587188486	0.1823599152213183	0.6790010000000001	1.0
6259	3170	0.002118947039740876	0.010653705805318285	0.981001	1.0
6260	3240	0.07995864129379539	0.6004304634923407	0.243001	0.8940248484543011
6265	0	0.05498455874198031	0.3663102667604302	0.5610010000000001	1.0
6269	2448	0.002718503685552428	0.013714851848807802	0.964001	1.0
6271	8	0.06356854769478913	0.4416933128175969	0.36900099999999997	0.955353972333885
6273	1757	0.0	-0.0	1.0	1.0
6274	0	0.05792975245740864	0.3915856984806495	0.40900099999999995	0.971610316554567
6276	1035	0.03106106016913878	0.18306476854333323	0.6790010000000001	1.0
6277	0	0.06396579408223363	0.4453090470890366	0.35100099999999995	0.9440211125030703
6280	0	0.04821970208862457	0.31054936461783844	0.524001	1.0
6281	917	0.0	-0.0	1.0	1.0
6282	916	0.04244479717932402	0.2654390349707029	0.5590010000000001	1.0
6284	0	0.11425745041561261	0.9986086130794717	0.090001	0.8087418417207791
6285	0	0.0	-0.0	1.0	1.0
6287	2568	0.0	-0.0	1.0	1.0
6288	0	0.0022908328369450077	0.011529187012526582	0.975001	1.0
6289	0	0.09573839934184183	0.7722532194558274	0.182001	0.8422353968723585
6292	1068	0.006675814909448477	0.0344417003593804	0.944001	1.0
6294	349	0.19253305809369886	2.272938824893673	0.004001	0.4294798921568628
6296	0	0.0189873167408353	0.10487701715658898	0.767001	1.0
6298	592	0.0683898481381319	0.48634645854231673	0.329001	0.9354017005972475
6299	0	0.04024759854557978	0.24886899370927593	0.5580010000000001	1.0
6300	0	0.13439392291411034	1.2761710135426854	0.067001	0.7875692535087719
6302	2634	0.08491577828326947	0.6523659051970108	0.223001	0.8836908972131741
6306	0	0.0965259778479564	0.7813299911673955	0.172001	0.8318787654808959
6308	917	0.0679977916820022	0.48265248553311946	0.328001	0.9352299346354166
6311	3135	0.09938097752743065	0.8146386549934364	0.139001	0.8255721652406417
6314	1783	0.006277399765842934	0.032313633671200055	0.9320010000000001	1.0
6320	0	0.011398797801268554	0.06038326315913428	0.877001	1.0
6325	0	0.06406357572252472	0.4462007949804162	0.34700099999999995	0.9406570807130477
6326	3883	0.0	-0.0	1.0	1.0
6329	0	0.0757180867006689	0.5574640240122093	0.280001	0.9107935083184789
6330	1185	0.0	-0.0	1.0	1.0
6331	0	0.09180922898143573	0.7276877559229231	0.200001	0.8576617104442713
6332	1397	0.04009778798027338	0.24775101052781326	0.5620010000000001	1.0
6336	0	0.0	-0.0	1.0	1.0
6340	3986	0.10231599678968831	0.8495459017064166	0.144001	0.8280813807773109
6341	2250	0.10367759624052528	0.8659699962012574	0.150001	0.8310208384376389
6343	0	0.02237695688694895	0.1258972701784025	0.748001	1.0
6345	0	0.0026570923196750605	0.01340035431547467	0.976001	1.0
6346	0	0.002355005787500081	0.011856480010090802	0.964001	1.0
6351	0	0.06540268566151342	0.45848247528589847	0.467001	1.0
6353	1537	0.13433433416148113	1.275300091744827	0.060001	0.7875692535087719
6354	985	0.08190766207866378	0.6206294000525199	0.235001	0.8917607127407907
6355	0	0.03428155835296404	0.20550094659711005	0.643001	1.0
6356	1448	0.022656856044819422	0.12766513018049963	0.754001	1.0
6357	0	0.04119462696354023	0.2559711560853808	0.594001	1.0
6359	0	0.029973570956334548	0.17564097900927877	0.6810010000000001	1.0
6360	3844	0.04611573053835065	0.2938510941384758	0.524001	1.0
6363	2924	0.03574477866261942	0.21591920460684905	0.618001	1.0
6368	0	0.0669783255892077	0.4730993011785488	0.34700099999999995	0.9406570807130477
6369	0	0.006765043373598503	0.0349195752415724	0.9180010000000001	1.0
6371	0	0.016891401993934355	0.09223628065730184	0.7930010000000001	1.0
6372	1689	0.09595960944652432	0.7747977784088683	0.180001	0.8415201481953289
6374	2453	0.05607587839919413	0.37560467486140897	0.42200099999999996	0.9795397390290438
6377	2912	0.0	-0.0	1.0	1.0
6378	3654	0.06695695319177451	0.47289983232749916	0.37300099999999997	0.9576559749766136
6380	2079	0.013332039614060001	0.07138605595385751	0.845001	1.0
6384	3033	0.0006824351685044486	0.003403187945912486	0.991001	1.0
6385	3518	0.10739083830847644	0.911505763529459	0.135001	0.8255721652406417
6387	2419	0.0	-0.0	1.0	1.0
6388	932	0.13761349282372537	1.323670455017903	0.049001	0.757785238700565
6389	2170	0.053826989084254415	0.356542902220855	0.527001	1.0
6391	0	0.13007692720310576	1.2138445844328682	0.058001000000000004	0.7869305439900868
6393	0	0.014360068349782847	0.07732888422425765	0.842001	1.0
6395	0	0.07818802463043838	0.5823271160683363	0.277001	0.9099650071748879
6404	8	0.06921129976049885	0.49412249071701186	0.319001	0.9331397138658829
6406	0	0.02834361271554528	0.16465705626759974	0.688001	1.0
6411	0	0.09781463607783866	0.7962857534828944	0.201001	0.8576617104442713
6413	887	0.0	-0.0	1.0	1.0
6414	0	0.03355188871764948	0.20035819666275206	0.641001	1.0
6415	0	0.10692928517433029	0.9057861516255344	0.126001	0.8221602794994041
6416	0	0.13232608723554495	1.2461224288648793	0.052001	0.7632157493297588
6418	0	0.06674217124434662	0.4708971077987175	0.35800099999999996	0.9474113012943431
6421	1847	0.0	-0.0	1.0	1.0
6424	2043	0.1110799955193548	0.9578328412276191	0.099001	0.8158799918032787
6426	3249	0.16823890724221952	1.8199708628760285	0.018001	0.5900986497005988
6427	0	0.027223557433226117	0.15720826625103704	0.696001	1.0
6428	0	0.17091362349400618	1.8672220714672418	0.014001	0.5816998406250001
6429	917	0.08119796815184585	0.6132413708305219	0.239001	0.8917607127407907
6430	349	0.05294850876698167	0.3491929643172104	0.43400099999999997	0.9844369067743939
6431	0	0.051250515101421194	0.3351388054635853	0.47500099999999995	1.0
6432	0	0.040777286540098275	0.2528339287976626	0.572001	1.0
6433	899	0.11054790231282355	0.951083851926846	0.082001	0.7875692535087719
6434	742	0.08031898755764616	0.6041434820348378	0.245001	0.8947684953302201
6435	3340	0.0	-0.0	1.0	1.0
6436	0	0.05453202168178742	0.36248067080112845	0.42000099999999996	0.9795027515937101
6439	760	0.0026570923196750605	0.01340035431547467	0.976001	1.0
6441	2209	0.03239274337723426	0.19226011859823017	0.630001	1.0
6443	0	0.0	-0.0	1.0	1.0
6444	2912	0.06057462440560683	0.4148064509394961	0.382001	0.9599561507918292
6446	1034	0.04004981943949752	0.2473933559655941	0.569001	1.0
6447	0	0.0026570923196750605	0.01340035431547467	0.976001	1.0
6448	0	0.08790199122006906	0.6845495512365948	0.198001	0.8576617104442713
6451	0	0.07580291561984925	0.5583104211029067	0.29300099999999996	0.9173771658564482
6452	0	0.013837424180004769	0.07429957770627826	0.855001	1.0
6454	2455	0.004583924727664435	0.023371775508843038	0.955001	1.0
6457	0	0.08796435533442579	0.685228912210825	0.170001	0.8310208384376389
6458	0	0.09711560314812373	0.7881569458569507	0.164001	0.8310208384376389
6459	0	0.10250746026910657	0.8518465708445546	0.151001	0.8310208384376389
6460	1604	0.14513848626952172	1.4381099428598068	0.033001	0.6962002870905588
6461	1109	0.0	-0.0	1.0	1.0
6467	0	0.02986325439265594	0.17489217406374516	0.6730010000000001	1.0
6470	112	0.013914237023855344	0.07474375514242085	0.859001	1.0
6471	2716	0.028360456614284577	0.16476968888118307	0.780001	1.0
6472	1607	0.05911615496729809	0.4019403569295587	0.41300099999999995	0.9745577476293102
6477	297	0.22523014121713614	2.9697350737304347	1e-06	0.00043795999999999993
6479	0	0.015545628644862641	0.08426210290556256	0.829001	1.0
6480	3792	0.05832573223877571	0.3950306381285646	0.406001	0.9701669465298997
6481	0	0.15847878592997702	1.6529381222116675	0.022001	0.6067731712846347
6482	1241	0.01925832379687594	0.10653131311914317	0.772001	1.0
6486	2262	0.006116576650904329	0.03145725964924649	0.943001	1.0
6487	0	0.03769302055496661	0.23001024061000222	0.588001	1.0
6489	1035	0.06788172011711399	0.48156099821746967	0.321001	0.9341783118706941
6490	2934	0.009188895366458063	0.04808030816685837	0.9080010000000001	1.0
6493	1644	0.017340953761536233	0.09492478140970058	0.813001	1.0
6494	0	0.056414865627187956	0.3785087589539268	0.42200099999999996	0.9795397390290438
6500	1185	0.12313626993830687	1.1168846518401643	0.073001	0.7875692535087719
6501	3145	0.02143600473295642	0.11999019577078818	0.748001	1.0
6502	357	0.040194995289087605	0.24847626299600153	0.5590010000000001	1.0
6504	1757	0.028268533225818335	0.16415523272278562	0.697001	1.0
6505	0	0.06922491216343467	0.4942517627013379	0.327001	0.9352299346354166
6507	1089	0.03145595154124728	0.1857794883921364	0.6560010000000001	1.0
6514	0	0.002072778344566102	0.01041883977733218	0.971001	1.0
6515	0	0.03900340105691233	0.23962952822906955	0.578001	1.0
6518	3995	0.1261482491893255	1.1584725966137355	0.07000100000000001	0.7875692535087719
6519	2207	0.002072778344566102	0.01041883977733218	0.971001	1.0
6520	1608	0.05498455874198031	0.3663102667604302	0.5610010000000001	1.0
6522	0	0.06520526975202603	0.4566637460405105	0.380001	0.9585431868106616
6524	612	0.005451657898119418	0.027932661592859075	0.946001	1.0
6525	1185	0.0678182088580199	0.48096417993059	0.331001	0.9356702571428571
6526	0	0.17022584585513656	1.8550107831489937	0.014001	0.5816998406250001
6529	0	0.18532130541099995	2.1328472452939056	0.008001	0.5374414049079754
6530	114	0.08265334561963689	0.6284329189234881	0.224001	0.8848907862787356
6534	1797	0.06759981777054075	0.4789141847472501	0.34400099999999995	0.9398895120676785
6539	2406	0.04024842342356741	0.24887515364296037	0.579001	1.0
6540	0	0.11278063115134843	0.9795558011793105	0.118001	0.820033522468544
6541	0	0.028360456614284577	0.16476968888118307	0.780001	1.0
6546	1547	0.10162761413977663	0.8412979776586145	0.160001	0.8310208384376389
6551	0	0.009807313328909474	0.051493817543369506	0.903001	1.0
6553	3573	0.023618646238036875	0.13377742608170648	0.755001	1.0
6554	0	0.09950897639794573	0.8161469018620001	0.155001	0.8310208384376389
6558	0	0.0829388384298574	0.6314316700386695	0.245001	0.8947684953302201
6559	3787	0.0	-0.0	1.0	1.0
6563	3280	0.00201804479975321	0.010140561788117093	0.983001	1.0
6564	777	0.07555996274495923	0.5558877351807754	0.273001	0.905784226969697
6565	0	0.07621326086113872	0.5624122555027691	0.29400099999999996	0.9178647198067631
6566	0	0.0	-0.0	1.0	1.0
6567	0	0.1637172951923366	1.7415417359100402	0.019001	0.5978216925287356
6570	2263	0.10823276299737176	0.921982658519577	0.100001	0.8158799918032787
6572	0	0.05848302819174297	0.3964021595319783	0.406001	0.9701669465298997
6576	20	0.06919690992819877	0.4939858504627861	0.327001	0.9352299346354166
6577	1214	0.027876875227158718	0.16154329962271416	0.724001	1.0
6584	0	0.12082205980874872	1.0854374741072423	0.095001	0.8119952763466043
6585	2001	0.042967392419787725	0.26942802318838754	0.521001	1.0
6588	2928	0.03981666571185221	0.24565714994987964	0.578001	1.0
6589	0	0.05218113388062407	0.3428166328431681	0.456001	0.9999509210895252
6595	0	0.03360337903489165	0.2007199588940561	0.6670010000000001	1.0
6602	3164	0.05040180395351361	0.3281891100577344	0.467001	1.0
6605	1306	0.11286304162827537	0.9806143712942128	0.068001	0.7875692535087719
6606	1343	0.08583092073387957	0.6621567419222033	0.231001	0.8915156676066267
6608	0	0.0554736499661139	0.37046535120039137	0.41500099999999995	0.9765411452826133
6609	0	0.053937352809918494	0.35747008774492317	0.459001	1.0
6611	1928	0.08075219846506104	0.6086201859559839	0.30100099999999996	0.9247081787317619
6612	0	0.0	-0.0	1.0	1.0
6614	376	0.022027452223184453	0.12369668367252705	0.758001	1.0
6615	0	0.018635197825942446	0.10273438858153122	0.7920010000000001	1.0
6616	0	0.09882005126062048	0.8080442190336967	0.128001	0.823432990011751
6618	1446	0.045271867660182874	0.2872387654909303	0.523001	1.0
6623	0	0.06666281201123389	0.47015797189304237	0.35900099999999996	0.9474113012943431
6624	20	0.03961011800713471	0.2441221066130331	0.566001	1.0
6625	0	0.10383761928384355	0.8679098577666151	0.128001	0.823432990011751
6626	0	0.015370427733986083	0.08323212505895347	0.828001	1.0
6630	0	0.00261812667490309	0.013200917541597303	0.971001	1.0
6631	1254	0.006473138176427078	0.03335797401765361	0.9310010000000001	1.0
6633	1254	0.11812224232393563	1.0493035646120428	0.091001	0.8087418417207791
6634	2044	0.0020965243197436185	0.010539623290239003	0.981001	1.0
6635	0	0.09043596533604722	0.7123927095577862	0.192001	0.854495733522038
6636	0	0.006056872189595306	0.03113972217393456	0.938001	1.0
6638	0	0.0	-0.0	1.0	1.0
6639	2685	0.0	-0.0	1.0	1.0
6641	0	0.03128608157089634	0.18461045926942918	0.651001	1.0
6643	1179	0.011542999372910135	0.061196208476321276	0.881001	1.0
6645	370	0.0678816227210155	0.4815600827573679	0.336001	0.9371417951380095
6646	0	0.05130981790349334	0.3356262740639396	0.466001	1.0
6653	0	0.07888368090888406	0.5894117865298458	0.264001	0.898348226095003
6654	118	0.05498455874198031	0.3663102667604302	0.5610010000000001	1.0
6656	1766	0.0	-0.0	1.0	1.0
6657	0	0.029419551752593177	0.17188835470144173	0.6740010000000001	1.0
6658	2990	0.05393339853124583	0.35743685243095136	0.42400099999999996	0.9800267994511292
6660	1111	0.02590665011683188	0.14855297454936037	0.724001	1.0
6661	917	0.1523148222458609	1.5517595763138523	0.026001	0.6426296817155757
6662	0	0.0	-0.0	1.0	1.0
6667	1397	0.11438734624088046	1.000292845068656	0.094001	0.8119952763466043
6669	1185	0.058702091412411325	0.3983151726402107	0.42000099999999996	0.9795027515937101
6671	994	0.023409836851922855	0.1324454634164195	0.716001	1.0
6672	918	0.032306698571850555	0.19166248574335795	0.616001	1.0
6673	0	0.1251076090611769	1.144019444569242	0.080001	0.7875692535087719
6676	2892	0.14522994080400375	1.4395304411240697	0.049001	0.757785238700565
6677	4006	0.0957346490181532	0.772210112596428	0.148001	0.8310208384376389
6678	0	0.07516831616349645	0.5519915072684041	0.270001	0.9048793844505663
6682	0	0.09998106393987403	0.821720733962209	0.145001	0.8295614680851063
6684	0	0.06165669616665351	0.4244499980558344	0.35900099999999996	0.9474113012943431
6687	277	0.0	-0.0	1.0	1.0
6688	1361	0.028378754996529573	0.16489206806578294	0.714001	1.0
6689	2584	0.030955285531992983	0.1823393292341371	0.655001	1.0
6691	1621	0.04127720174063688	0.25659327295148066	0.573001	1.0
6694	2253	0.024887747641106867	0.1419320856833656	0.8120010000000001	1.0
6696	2260	0.13080095243016893	1.224189090113969	0.067001	0.7875692535087719
6698	2534	0.010824225355117834	0.057156450381396356	0.850001	1.0
6700	0	0.04943339629244611	0.32032013840258006	0.464001	1.0
6701	613	0.012262215440598717	0.06526948101009415	0.862001	1.0
6702	4008	0.02125775081095127	0.11887740667530146	0.739001	1.0
6704	0	0.021906091056745913	0.12293434949585215	0.772001	1.0
6708	2882	0.04654603513057664	0.2972415771313818	0.519001	1.0
6709	1543	0.0	-0.0	1.0	1.0
6716	4009	0.005195511804158802	0.026581771495610917	0.945001	1.0
6717	4010	0.004051493802040654	0.02059494137704484	0.972001	1.0
6718	0	0.03947309526936161	0.2431053400649712	0.573001	1.0
6720	2584	0.06174089068825916	0.4252038545568778	0.34500099999999995	0.9398895120676785
6724	0	0.08274124807305588	0.6293555713559884	0.240001	0.8917607127407907
6725	0	0.12726600745499494	1.1740964559309517	0.089001	0.8053487181818181
6726	3339	0.004524584614304383	0.02306147884970296	0.948001	1.0
6727	1110	0.005694360806638238	0.029216185936855387	0.939001	1.0
6728	0	0.13644309208661884	1.3063021987304118	0.046001	0.7528624050822122
6732	0	0.11873050676703681	1.0573926350589558	0.103001	0.8168629476327116
6734	0	0.04110591925237235	0.2553033443452074	0.5420010000000001	1.0
6737	1984	0.0	-0.0	1.0	1.0
6738	0	0.0526694194265285	0.34686918836404634	0.572001	1.0
6741	0	0.027796058968192427	0.16100556799610805	0.6720010000000001	1.0
6743	4012	0.01215448140612196	0.06465735004116241	0.897001	1.0
6745	0	0.0483829616158887	0.31185777482973254	0.47900099999999995	1.0
6747	655	0.15263445107362827	1.5569248600779164	0.029001000000000002	0.6656854276729561
6749	0	0.06654070748836519	0.4690216058422415	0.330001	0.9356702571428571
6750	2329	0.07601478714091028	0.5604267411961701	0.28800099999999995	0.9168680668196155
6752	0	0.0	-0.0	1.0	1.0
6754	0	0.04602228313806064	0.29311646886518955	0.517001	1.0
6760	0	0.14904917973025417	1.4994924838444674	0.037001	0.7273320448833034
6761	1604	0.0	-0.0	1.0	1.0
6763	1147	0.06356487287247084	0.4416599175433097	0.35500099999999996	0.9468711203410474
6764	0	0.036344578724472235	0.22023061452024545	0.625001	1.0
6766	778	0.006366633117492457	0.03278944972465698	0.951001	1.0
6767	370	0.003972324940370181	0.020183449293937943	0.948001	1.0
6768	0	0.06103431906346773	0.41889309552434245	0.379001	0.9581348300623412
6769	0	0.05332122815347937	0.3523047987286992	0.452001	0.9971708541204917
6771	0	0.0	-0.0	1.0	1.0
6773	954	0.09295449808574074	0.7405544585805428	0.155001	0.8310208384376389
6774	1445	0.042106168038567496	0.2628641080332778	0.5590010000000001	1.0
6775	0	0.07071092028057067	0.5084451871792499	0.31100099999999997	0.9281849214362851
6776	0	0.05301852143351637	0.3497767611049923	0.448001	0.9947602816872845
6778	0	0.032840893451629785	0.19538059848350775	0.648001	1.0
6779	0	0.006423591663866281	0.03309341188434978	0.9260010000000001	1.0
6782	0	0.002118947039740876	0.010653705805318285	0.981001	1.0
6784	4014	0.08083882516529088	0.6095170558896541	0.232001	0.8917607127407907
6785	1283	0.026240188076791085	0.15073467004134417	0.723001	1.0
6786	1455	0.07004715778555891	0.5020854025619741	0.30600099999999997	0.927731210178817
6787	1547	0.15486363369658568	1.5931956869458823	0.021001000000000002	0.6067731712846347
6788	2456	0.07511931797891175	0.551504856725783	0.28500099999999995	0.9150861919929864
6790	0	0.0	-0.0	1.0	1.0
6796	1874	0.19812291796802878	2.384850773855919	0.004001	0.4294798921568628
6797	1689	0.020715790437466672	0.11550629524725858	0.7860010000000001	1.0
6798	1854	0.02185370423997059	0.12260556524761311	0.757001	1.0
6799	1066	0.1044719759873374	0.8756196883147185	0.153001	0.8310208384376389
6802	4021	0.06197250156264317	0.4272802543309733	0.36800099999999997	0.9552496322901849
6804	1060	0.014595582120634335	0.07869937089267127	0.844001	1.0
6808	0	0.06855837720535152	0.48793778315340924	0.35400099999999995	0.9451248351621554
6813	4022	0.010329603035468315	0.05439445765972042	0.884001	1.0
6814	0	0.06729313520488184	0.4760412602930963	0.34500099999999995	0.9398895120676785
6815	0	0.07767230207050145	0.5770982173784077	0.278001	0.9099650071748879
6816	0	0.11876837314440772	1.0578972007963168	0.095001	0.8119952763466043
6817	2813	0.06542712547300629	0.4587078270861885	0.35900099999999996	0.9474113012943431
6818	20	0.07136364069924662	0.514730622707018	0.281001	0.9113388474526066
6820	1985	0.14417459120660067	1.4231819418647682	0.030001	0.6731166987704919
6822	2584	0.001125995834370619	0.005629380981975525	0.985001	1.0
6823	735	0.038910638740626335	0.23894481351469454	0.592001	1.0
6825	3572	0.08005442352487936	0.601416457110547	0.264001	0.898348226095003
6827	526	0.0	-0.0	1.0	1.0
6829	986	0.0526694194265285	0.34686918836404634	0.567001	1.0
6830	1855	0.10210014169945072	0.8469555992316871	0.151001	0.8310208384376389
6840	0	0.07467630777599957	0.5471129382233019	0.269001	0.9029098556100552
6841	2093	0.09058235883862432	0.7140163020825432	0.201001	0.8576617104442713
6844	20	0.030817437238059704	0.1813950068147322	0.6580010000000001	1.0
6847	0	0.11300957613347531	0.9824979703779404	0.115001	0.820033522468544
6848	529	0.0735904893016753	0.5364096769009972	0.278001	0.9099650071748879
6851	1757	0.07651849208916571	0.5654714687982454	0.273001	0.905784226969697
6852	3351	0.002919241912185941	0.014744380369325365	0.973001	1.0
6862	0	0.05362945136804265	0.35488547757204936	0.444001	0.9900951016293279
6864	425	0.11584734868487731	1.019317036797658	0.098001	0.8158799918032787
6865	874	0.08233021266436194	0.6250462164515509	0.232001	0.8917607127407907
6870	3540	0.008681772432944258	0.04529806691590193	0.9290010000000001	1.0
6872	108	0.08528231443555624	0.6562797397832026	0.217001	0.8757626056026538
6873	2543	0.0	-0.0	1.0	1.0
6874	0	0.11218348034337913	0.971901664506813	0.108001	0.820033522468544
6875	0	0.1133095881578362	0.986359808888325	0.102001	0.8168629476327116
6879	887	0.0836920516554384	0.6393727671907512	0.248001	0.8949779001318391
6885	3193	0.01716596006937667	0.09387677194088982	0.7990010000000001	1.0
6886	1757	0.08306774438362832	0.63278768309952	0.257001	0.898348226095003
6887	0	0.054756229905919905	0.3643762396086504	0.42800099999999996	0.9806120979123172
6889	1254	0.026202018715534382	0.15048464238987133	0.723001	1.0
6893	1681	0.017188994082449473	0.09401461136966677	0.818001	1.0
6895	1038	0.03561579534119581	0.21499516509706773	0.578001	1.0
6896	0	0.0825894812712715	0.6277629434897876	0.223001	0.8836908972131741
6902	0	0.004051493802040654	0.02059494137704484	0.972001	1.0
6904	655	0.04076290971796668	0.2527260638537244	0.565001	1.0
6908	0	0.017859816032752152	0.09804324503942773	0.8110010000000001	1.0
6910	1441	0.002653733162522147	0.013383157792250742	0.985001	1.0
6911	3736	0.09200599733508563	0.7298911898125556	0.186001	0.8471401618136438
6913	2461	0.032895346067338745	0.19576064665602083	0.624001	1.0
6915	1791	0.06952549870082406	0.4971097667579485	0.30900099999999997	0.9281849214362851
6917	3915	0.08965494019637332	0.7037584484915234	0.204001	0.8630629632921175
6918	0	0.07318279902691131	0.5324134041957256	0.28700099999999995	0.9164111837270339
6919	917	0.11380158276767012	0.9927085959423254	0.100001	0.8158799918032787
6921	1458	0.013000152390569397	0.06948114462195407	0.858001	1.0
6923	4025	0.013538983623859017	0.0725772103034468	0.870001	1.0
6925	3342	0.061090170701848516	0.41939063830816153	0.401001	0.9670836892070485
6926	0	0.0926928415579114	0.7376059256995668	0.227001	0.8860727090909091
6929	0	0.19464271812956807	2.3148321772203526	0.002001	0.34776109523809523
6931	921	0.009449859984410284	0.04951799328044945	0.883001	1.0
6933	1984	0.08142244957580747	0.6155741648632906	0.271001	0.9054592459566676
6942	0	0.0	-0.0	1.0	1.0
6945	2717	0.0020965243197436185	0.010539623290239003	0.981001	1.0
6946	1151	0.02389897470378579	0.13556992447388147	0.728001	1.0
6947	1455	0.059416555984061724	0.40457802383207664	0.381001	0.9585431868106616
6950	1647	0.026524243196671883	0.15259828559398136	0.721001	1.0
6952	94	0.06741118262759163	0.477146290495545	0.37300099999999997	0.9576559749766136
6953	3214	0.001575240315504333	0.00789555942906828	0.986001	1.0
6954	2710	0.10244491470874229	0.8510946914661022	0.119001	0.820033522468544
6963	0	0.010540554363743296	0.05557063153771195	0.881001	1.0
6964	0	0.09885407148438412	0.8084434712232895	0.138001	0.8255721652406417
6965	0	0.0020965243197436185	0.010539623290239003	0.981001	1.0
6966	2345	0.06887539463469111	0.49093680248396454	0.47400099999999995	1.0
6967	0	0.07254999755505986	0.5262347857317897	0.277001	0.9099650071748879
6968	0	0.021574507513040173	0.12085620189342954	0.776001	1.0
6969	5	0.02627741693352826	0.15097862639852636	0.711001	1.0
6971	3381	0.0	-0.0	1.0	1.0
6972	1768	0.0678711875199498	0.48146200263456607	0.333001	0.935934153865782
6974	0	0.09401353794946471	0.7525424796588618	0.160001	0.8310208384376389
6976	0	0.13262459278266395	1.2504380378170483	0.045001	0.7522380900763358
6977	0	0.023599912797113962	0.1336578160577564	0.731001	1.0
6979	735	0.08054131202155093	0.6064391747256923	0.264001	0.898348226095003
6981	0	0.11714216626537308	1.0363331966372553	0.125001	0.820033522468544
6982	0	0.05874179215140317	0.3986622312334407	0.37000099999999997	0.9568117498819083
6983	20	0.03393098915461479	0.2030257599551839	0.637001	1.0
6984	742	0.0006000864124434124	0.00299112186290836	0.992001	1.0
6986	4032	0.04119462696354023	0.2559711560853808	0.594001	1.0
6987	1561	0.12049320249357158	1.0810042945103515	0.08500100000000001	0.7979872449152542
6988	0	0.10450438196433619	0.8760143976384593	0.129001	0.8235754804664723
6993	0	0.0026570923196750605	0.01340035431547467	0.976001	1.0
6994	1604	0.05038145131722531	0.32802306425519556	0.47500099999999995	1.0
6996	0	0.0020965243197436185	0.010539623290239003	0.981001	1.0
6997	4022	0.0771288584383337	0.5716096914041612	0.280001	0.9107935083184789
6999	2776	0.0020965243197436185	0.010539623290239003	0.981001	1.0
7000	0	0.0689392605868579	0.4915418672348233	0.30500099999999997	0.927731210178817
7001	0	0.05652386122460854	0.3794442367628981	0.42200099999999996	0.9795397390290438
7002	1101	0.07706574341166844	0.5709736836236134	0.262001	0.898348226095003
7003	3135	0.006777559590908221	0.03498664488505354	0.9220010000000001	1.0
7004	0	0.08013675180106587	0.6022645033774467	0.255001	0.8971741481362466
7005	0	0.0	-0.0	1.0	1.0
7007	0	0.028360456614284577	0.16476968888118307	0.780001	1.0
7008	1283	0.08778140224663127	0.6832367617638238	0.208001	0.8659326802281369
7009	0	0.17036453249267897	1.8574697146973498	0.013000999999999999	0.5816998406250001
7011	297	0.09146914384914225	0.7238864712591495	0.207001	0.8659326802281369
7014	4038	0.002118947039740876	0.010653705805318285	0.981001	1.0
7015	297	0.22294277042560806	2.917630023939603	1e-06	0.00043795999999999993
7016	0	0.03680366357789825	0.2235466198969197	0.584001	1.0
7020	1357	0.09202678778920916	0.7301241777736998	0.221001	0.8831167697080292
7021	917	0.10977523802484027	0.9413238651594489	0.125001	0.820033522468544
7023	2806	0.03561748485847813	0.2150072617453171	0.579001	1.0
7025	3351	0.0	-0.0	1.0	1.0
7026	1631	0.10545118497063577	0.8875832867139319	0.139001	0.8255721652406417
7027	0	0.08240021210008047	0.625779201303053	0.255001	0.8971741481362466
7028	1604	0.09854458712757715	0.8048147774781189	0.163001	0.8310208384376389
7029	19	0.07474477224235715	0.5477907334798208	0.281001	0.9113388474526066
7030	874	0.09853152187248296	0.8046617524417743	0.153001	0.8310208384376389
7032	0	0.054014711105529335	0.3581204963273301	0.458001	1.0
7036	0	0.047735168034162466	0.30667694678131535	0.503001	1.0
7037	2543	0.05460386295626568	0.36308766955859156	0.438001	0.9879837142562835
7038	0	0.11259785809128534	0.9772100142977987	0.111001	0.820033522468544
7041	754	0.1667394443954154	1.7937607759616707	0.019001	0.5978216925287356
7044	2455	0.01082689240583977	0.057171382946212206	0.891001	1.0
7048	0	0.10707519333964587	0.907592428289571	0.112001	0.820033522468544
7054	0	0.04278656700859508	0.2680456892980261	0.5470010000000001	1.0
7057	182	0.0	-0.0	1.0	1.0
7058	3896	0.03203261269622826	0.18976201110834706	0.614001	1.0
7059	0	0.0	-0.0	1.0	1.0
7061	3883	0.041557643990573365	0.25870954222671344	0.566001	1.0
7062	963	0.1429661366866184	1.4045785028703317	0.035001000000000004	0.7096776833333334
7063	0	0.08803812478158254	0.6860328999133187	0.225001	0.8848907862787356
7064	0	0.15962310099705518	1.6720868788866865	0.027001	0.646901420131291
7068	4041	0.08130500617498393	0.6143532296097106	0.228001	0.8871296904761905
7069	918	0.0020965243197436185	0.010539623290239003	0.981001	1.0
7073	499	0.1486505045578214	1.493174678850586	0.034001	0.7037371436672969
7074	2409	0.11636998503555449	1.02616903421026	0.097001	0.8157173187403994
7075	0	0.06459590348642841	0.4510675801655546	0.36600099999999997	0.9525421794628
7076	3135	0.0	-0.0	1.0	1.0
7080	0	0.0	-0.0	1.0	1.0
7085	0	0.10841082749819422	0.9242057263719127	0.119001	0.820033522468544
7087	0	0.09440026030415044	0.7569416777159197	0.169001	0.8310208384376389
7088	0	0.11800605818388457	1.047761900679834	0.108001	0.820033522468544
7090	2781	0.04618113577881023	0.2943656240768831	0.511001	1.0
7091	1185	0.010925672769488609	0.057724744608982755	0.881001	1.0
7092	444	0.1265776343035537	1.1644622597440744	0.075001	0.7875692535087719
7094	1455	0.09669701574481926	0.7833075612431359	0.169001	0.8310208384376389
7095	3192	0.05804440210644447	0.3925819848770279	0.42900099999999997	0.9806120979123172
7096	985	0.04699335152476964	0.3007795201514514	0.515001	1.0
7098	0	0.14623474957104243	1.4551845799311307	0.038001	0.7338147248677249
7099	66	0.19289977756796978	2.2801913096730475	0.007001	0.5214554353741497
7100	2857	0.046892665044616526	0.2999819702932009	0.48600099999999996	1.0
7103	1604	0.036463444218365886	0.22108785141199291	0.708001	1.0
7104	38	0.01717393392087037	0.09392448512494501	0.816001	1.0
7108	3577	0.03432876653956233	0.2058348751491815	0.613001	1.0
7118	3654	0.027655149327523464	0.16006899125293245	0.700001	1.0
7119	3135	0.0	-0.0	1.0	1.0
7121	0	0.04138313186876664	0.2573920197711988	0.575001	1.0
7122	0	0.09781463607783866	0.7962857534828944	0.201001	0.8576617104442713
7125	2313	0.0658875393779354	0.4629612199065273	0.333001	0.935934153865782
7129	916	0.11054790231282355	0.951083851926846	0.082001	0.7875692535087719
7131	1035	0.07859609671025847	0.5864786048904675	0.254001	0.8968258461786519
7134	94	0.10897317076758173	0.9312429764563895	0.106001	0.820033522468544
7135	3568	0.11686216148458711	1.032641926410759	0.094001	0.8119952763466043
7136	3282	0.02380504766363357	0.1349687760529999	0.719001	1.0
7138	614	0.09394383098055076	0.7517507520632758	0.182001	0.8422353968723585
7142	1110	0.044055703524288586	0.2777944272110272	0.5470010000000001	1.0
7146	1456	0.23632811740344886	3.2299063527070997	1e-06	0.00043795999999999993
7147	3416	0.1082748604501836	0.9225080010765518	0.121001	0.820033522468544
7148	532	0.02614910681027557	0.150138197564686	0.703001	1.0
7149	3335	0.015024848746685478	0.08120601100018093	0.831001	1.0
7152	2457	0.10162761413977663	0.8412979776586145	0.160001	0.8310208384376389
7155	0	0.0037603318320006407	0.019083370973239106	0.962001	1.0
7158	0	0.0839741697982177	0.6423581590628887	0.237001	0.8917607127407907
7163	1040	0.09355893845285884	0.7473859305700331	0.154001	0.8310208384376389
7167	2319	0.041064579966181784	0.2549923134359887	0.5330010000000001	1.0
7170	2792	0.02973517753321639	0.17402380242660062	0.6620010000000001	1.0
7171	2806	0.11287483131145773	0.9807658555384636	0.114001	0.820033522468544
7172	1343	0.03817297760472843	0.2335202628728436	0.603001	1.0
7173	1185	0.07078223051720103	0.5091303577432068	0.314001	0.9281849214362851
7174	3196	0.0	-0.0	1.0	1.0
7175	754	0.0020965243197436185	0.010539623290239003	0.981001	1.0
7177	0	0.02134382754039481	0.119414511391139	0.752001	1.0
7178	0	0.09630328440644526	0.7787585805020327	0.163001	0.8310208384376389
7179	1756	0.0476781854048049	0.30622259821903436	0.49100099999999997	1.0
7183	0	0.06169203768840366	0.42476637542623596	0.36700099999999997	0.9537844645145975
7187	0	0.08107123420989992	0.6119260332183925	0.23400100000000001	0.8917607127407907
7192	0	0.15677478460216826	1.624636285562902	0.022001	0.6067731712846347
7194	1506	0.07614429811226153	0.5617220266314211	0.266001	0.898348226095003
7198	1944	0.03676250334098722	0.22324874709578257	0.613001	1.0
7199	2448	0.011833338010973728	0.06283679670733952	0.879001	1.0
7200	3863	0.017826062397820065	0.09783987470787446	0.8110010000000001	1.0
7201	821	0.023089564166158157	0.13040783481158943	0.727001	1.0
7205	3509	0.05357908943344781	0.3544633558169564	0.443001	0.9888721608562691
7206	0	0.0499930013279444	0.3248594081389601	0.458001	1.0
7207	2044	0.019429464509556064	0.10757834539853908	0.7920010000000001	1.0
7208	0	0.0665701582611023	0.469295590728029	0.34600099999999995	0.9406570807130477
7209	3261	0.14595616618772467	1.450835801857853	0.039001	0.7375163195164075
7210	0	0.13118866179690036	1.2297464391037283	0.048001	0.7562056820143885
7211	0	0.0503542801110767	0.32780143420907387	0.587001	1.0
7213	0	0.03943234492433582	0.24280319736621622	0.5550010000000001	1.0
7216	1241	0.0	-0.0	1.0	1.0
7220	614	0.036462868044266496	0.22108369389274454	0.605001	1.0
7228	0	0.054492010111216835	0.3621427631747767	0.42400099999999996	0.9800267994511292
7229	1089	0.08493489729187673	0.6525698042149397	0.224001	0.8848907862787356
7230	0	0.0	-0.0	1.0	1.0
7234	0	0.0005787848288629505	0.002884593492540114	0.999001	1.0
7237	2195	0.09681133016792651	0.7846305536199327	0.168001	0.8310208384376389
7239	0	0.06465623709271684	0.45162046507518694	0.325001	0.9352299346354166
7240	1756	0.046108330839349995	0.29379290057901475	0.49400099999999997	1.0
7242	349	0.0	-0.0	1.0	1.0
7247	1554	0.0026570923196750605	0.01340035431547467	0.976001	1.0
7255	1975	0.06867651069244828	0.4890544833203795	0.329001	0.9354017005972475
7258	1856	0.12233618041804313	1.1059628110696809	0.086001	0.7979872449152542
7260	742	0.10501714665975614	0.8822710045305715	0.123001	0.820033522468544
7264	0	0.01740229793958148	0.09529260786580179	0.823001	1.0
7266	0	0.06568455539196742	0.4610841270856976	0.36900099999999997	0.955353972333885
7268	3933	0.0	-0.0	1.0	1.0
7269	0	0.11865088991690485	1.056332129157837	0.016001	0.5816998406250001
7272	1147	0.025711727719420242	0.1472812527237487	0.714001	1.0
7273	0	0.037585991897034376	0.2292296058616473	0.576001	1.0
7274	1065	0.027075206915928768	0.15622770622372353	0.714001	1.0
7275	2253	0.1545022483237586	1.587286276480736	0.025001000000000002	0.6307279930875577
7276	2249	0.0	-0.0	1.0	1.0
7281	2544	0.12017597200663563	1.0767362234007158	0.086001	0.7979872449152542
7282	3831	0.04116709471844365	0.25576383052116575	0.574001	1.0
7290	0	0.05498455874198031	0.3663102667604302	0.5610010000000001	1.0
7292	2861	0.13101086556464137	1.2271963877568863	0.057001	0.7811063191489362
7294	3135	0.004051493802040654	0.02059494137704484	0.972001	1.0
7301	0	0.011639096350440602	0.06173865393759715	0.871001	1.0
7303	0	0.05498455874198031	0.3663102667604302	0.5610010000000001	1.0
7304	1604	0.0887015592904614	0.6932821167891562	0.215001	0.8747848193979934
7308	0	0.11085166928712253	0.9549340066634519	0.100001	0.8158799918032787
7311	1149	0.03314577924127367	0.19751102162677917	0.611001	1.0
7312	2831	0.14016114251449185	1.3618765313875743	0.047001	0.7545659076246335
7313	1202	0.0	-0.0	1.0	1.0
7314	3241	0.0918335973234796	0.7279604736016498	0.180001	0.8415201481953289
7315	1729	0.07313377620004574	0.5319336961617479	0.30800099999999997	0.927731210178817
7316	821	0.13418187477128202	1.2730731711865566	0.049001	0.757785238700565
7318	1299	0.11865088991690485	1.056332129157837	0.016001	0.5816998406250001
7324	1756	0.028458639280786353	0.1654265844437209	0.6810010000000001	1.0
7325	1727	0.16018615087600308	1.6815510472865502	0.015000999999999999	0.5816998406250001
7326	0	0.07003261542863691	0.5019464268005681	0.29400099999999996	0.9178647198067631
7327	0	0.028617590679715265	0.16649136960286212	0.6810010000000001	1.0
7328	918	0.050629902036839224	0.33005199573718214	0.48500099999999996	1.0
7330	1446	0.057690335350588325	0.3895082008006499	0.379001	0.9581348300623412
7331	0	0.09606277809452152	0.7759858174157428	0.168001	0.8310208384376389
7333	20	0.018063710386656474	0.09927323090379525	0.7890010000000001	1.0
7334	1397	0.01307726004971995	0.06992312082396597	0.852001	1.0
7343	0	0.11912341090515735	1.0626337241217017	0.088001	0.8036054620517097
7344	0	0.14247799851857984	1.3970992114239695	0.041001	0.7444775273631842
7345	1900	0.12521536434579916	1.1455118807410956	0.068001	0.7875692535087719
7347	1364	0.0	-0.0	1.0	1.0
7348	0	0.023572066165900504	0.13348006069235907	0.724001	1.0
7349	2819	0.06468090820063024	0.4518466216393191	0.316001	0.9305795989779451
7352	4010	0.06506021244368025	0.455329172019907	0.36300099999999996	0.949473948638318
7353	4057	0.050354280111076705	0.3278014342090741	0.563001	1.0
7354	2170	0.0	-0.0	1.0	1.0
7359	3131	0.18807757967327593	2.1858216318271277	0.005001	0.45252850413223145
7362	0	0.0911291225936535	0.7200947944585769	0.183001	0.8425895496215307
7364	0	0.1545875939468617	1.5886808315159489	0.030001	0.6731166987704919
7365	0	0.031854059172556	0.18852657683347035	0.652001	1.0
7367	1898	0.06924809291483511	0.49447193286854746	0.35300099999999995	0.944989718581907
7368	754	0.07996138084982524	0.6004586552599238	0.238001	0.8917607127407907
7369	0	0.06485524654309541	0.45344600668913415	0.382001	0.9599561507918292
7370	1604	0.11419377723725549	0.9977835226570336	0.102001	0.8168629476327116
7371	0	0.04154629564431707	0.25862380279868535	0.5580010000000001	1.0
7372	1561	0.05003003775917453	0.3251605943827541	0.48300099999999996	1.0
7375	2814	0.07059715153003503	0.5073528328504561	0.332001	0.9356702571428571
7377	0	0.10576771010558847	0.8914667166395371	0.138001	0.8255721652406417
7378	3209	0.04919043315252107	0.31835605569075903	0.47800099999999995	1.0
7379	2709	0.04114538807717477	0.25560040930600425	0.570001	1.0
7380	297	0.10476762780295558	0.8792238477978954	0.122001	0.820033522468544
7383	0	0.021155490223639408	0.11823991932334164	0.765001	1.0
7384	0	0.08047694005408702	0.6057740971822052	0.247001	0.8949779001318391
7386	351	0.06075629733340339	0.41641970668506806	0.40900099999999995	0.971610316554567
7388	1120	0.0595911282588122	0.40611379723113156	0.392001	0.9629838341934036
7391	0	0.0	-0.0	1.0	1.0
7392	1147	0.05787183798315583	0.3910827847400529	0.400001	0.9670836892070485
7394	1093	0.09639478467428997	0.7798146548304598	0.158001	0.8310208384376389
7395	0	0.09650365221040635	0.7810720261488486	0.169001	0.8310208384376389
7397	2554	0.03428619805497225	0.20553375918836034	0.632001	1.0
7400	1254	0.015858389390098895	0.08610543295210814	0.819001	1.0
7402	4061	0.01079007044788148	0.05696525789621126	0.871001	1.0
7404	742	0.0	-0.0	1.0	1.0
7408	0	0.04372318732776789	0.2752296948736274	0.525001	1.0
7414	429	0.1396344375669924	1.3539327088628887	0.042001000000000004	0.7473300777777777
7417	604	0.12480984109946526	1.1399002640032	0.086001	0.7979872449152542
7418	1040	0.018750818959255747	0.10343709204356126	0.820001	1.0
7419	3951	0.10707519333964587	0.907592428289571	0.112001	0.820033522468544
7422	0	0.004051493802040654	0.02059494137704484	0.972001	1.0
7424	1045	0.051058309806021177	0.33356055554408826	0.455001	0.9993592676028084
7426	1323	0.019155521261606006	0.10590324443828616	0.7820010000000001	1.0
7427	0	0.01789339669623668	0.09824564289922504	0.815001	1.0
7428	1362	0.07077651082051405	0.5090753874157794	0.325001	0.9352299346354166
7431	754	0.028562910878638072	0.16612489672796096	0.6840010000000001	1.0
7432	917	0.0020965243197436185	0.010539623290239003	0.981001	1.0
7433	0	0.081074839940755	0.6119634394603339	0.265001	0.898348226095003
7434	4058	0.015997713982916828	0.08692850069540957	0.818001	1.0
7436	0	0.07842612376390432	0.5847478887608798	0.273001	0.905784226969697
7437	0	0.11184005332537907	0.967512680864524	0.110001	0.820033522468544
7438	1689	0.0	-0.0	1.0	1.0
7440	2335	0.05634982737857386	0.37795095294264947	0.43100099999999997	0.981495413685524
7444	10	0.028360456614284577	0.16476968888118307	0.780001	1.0
7447	0	0.09390095584608568	0.7512639655136013	0.17100100000000001	0.8310208384376389
7453	2744	0.04308414399078679	0.27032171371847885	0.573001	1.0
7457	4062	0.1386068508562173	1.338502155443194	0.042001000000000004	0.7473300777777777
7459	529	0.08656554462988456	0.6700622764636732	0.215001	0.8747848193979934
7460	0	0.09352650590271651	0.7470186567437903	0.168001	0.8310208384376389
7461	0	0.0026570923196750605	0.01340035431547467	0.976001	1.0
7462	913	0.04808998346380534	0.3095110670590314	0.502001	1.0
7464	2722	0.040184453227931495	0.24839757930466905	0.5420010000000001	1.0
7465	0	0.08832376861470681	0.6891499519377343	0.20200100000000001	0.8602524111240762
7466	0	0.0020965243197436185	0.010539623290239003	0.981001	1.0
7467	0	0.002072778344566102	0.01041883977733218	0.971001	1.0
7468	1919	0.12517669211033056	1.1449761510146679	0.065001	0.7875692535087719
7469	0	0.07138953081780042	0.5149805779142753	0.30000099999999996	0.9231902611017424
7471	0	0.11476321798811348	1.005174079922087	0.098001	0.8158799918032787
7473	2709	0.003502904217526019	0.017751020112163274	0.969001	1.0
7475	0	0.08160866086967607	0.6175121324579874	0.320001	0.9341783118706941
7477	0	0.012519152783548988	0.06673218683864793	0.842001	1.0
7479	0	0.009290831798559555	0.048641406575404784	0.897001	1.0
7481	0	0.08983828381993522	0.7057811184681753	0.190001	0.8536401103816167
7482	1241	0.030179035306667254	0.17703772364999054	0.652001	1.0
7486	0	0.06845169740094764	0.48693022604010217	0.330001	0.9356702571428571
7489	2829	0.05294204767978836	0.3491391061183078	0.453001	0.9983645207873068
7494	2094	0.04166219900043773	0.25949988766283505	0.5490010000000001	1.0
7497	2783	0.04836390756555415	0.31170497558270976	0.47700099999999995	1.0
7498	0	0.04580435504366359	0.2914055693442628	0.506001	1.0
7499	1034	0.023501912251956032	0.13303245912845887	0.731001	1.0
7500	1343	0.10450790082016541	0.876057262794028	0.119001	0.820033522468544
7501	0	0.045245846143043805	0.2870356377827829	0.518001	1.0
7504	3883	0.04010782272054427	0.24782584927212895	0.564001	1.0
7507	1604	0.0	-0.0	1.0	1.0
7512	0	0.01810354355778611	0.09951382264825513	0.7970010000000001	1.0
7513	616	0.05063326831461818	0.33007951521974743	0.467001	1.0
7514	0	0.09250815835122797	0.7355279623855506	0.170001	0.8310208384376389
7519	0	0.10360248436646813	0.8650601583026044	0.137001	0.8255721652406417
7521	503	0.0	-0.0	1.0	1.0
7522	0	0.0	-0.0	1.0	1.0
7524	0	0.05106459373545711	0.33361211409572505	0.462001	1.0
7526	0	0.0	-0.0	1.0	1.0
7528	0	0.05052395546858836	0.3291862782912519	0.47600099999999995	1.0
7529	0	0.090391589988946	0.7119008849593779	0.200001	0.8576617104442713
7532	2448	0.004575747053824519	0.023329001303973206	0.9310010000000001	1.0
7534	20	0.07007335492113499	0.5023357975952017	0.312001	0.9281849214362851
7544	0	0.11714216626537308	1.0363331966372553	0.125001	0.820033522468544
7546	3281	0.1075328479389167	0.913268970830663	0.131001	0.8241244759479344
7549	0	0.12867629164101674	1.1939567734356467	0.060001	0.7875692535087719
7550	4065	0.1492692362546038	1.502985584976996	0.033001	0.6962002870905588
7551	0	0.033194363569681945	0.19785107121406562	0.650001	1.0
7554	0	0.0	-0.0	1.0	1.0
7555	1096	0.028360456614284577	0.16476968888118307	0.780001	1.0
7558	0	0.0	-0.0	1.0	1.0
7560	0	0.010335425955555793	0.054426888102814944	0.873001	1.0
7563	2079	0.0	-0.0	1.0	1.0
7565	0	0.037928405463414666	0.23172974426586487	0.582001	1.0
7566	0	0.053826989084254415	0.356542902220855	0.527001	1.0
7567	4067	0.0	-0.0	1.0	1.0
7568	4027	0.041249852930933674	0.25638717675939987	0.568001	1.0
7570	2598	0.08011687016263674	0.6020596602889562	0.278001	0.9099650071748879
7572	917	0.019966395559620577	0.11087507087478135	0.756001	1.0
7578	2345	0.11054790231282355	0.951083851926846	0.082001	0.7875692535087719
7581	0	0.046238597528753506	0.29481790522379936	0.526001	1.0
7583	0	0.057782140741351844	0.3903043460839303	0.42900099999999997	0.9806120979123172
7586	2941	0.031238955632902105	0.18428647513154872	0.650001	1.0
7587	2599	0.005606446774987221	0.028750858918296745	0.9250010000000001	1.0
7590	444	0.07188079364778845	0.5197327753036605	0.29400099999999996	0.9178647198067631
7592	1609	0.11081288189085445	0.9544419763320312	0.110001	0.820033522468544
7599	3124	0.09926398470386276	0.813261217065035	0.155001	0.8310208384376389
7601	1610	0.06337179220474415	0.43990664407462476	0.328001	0.9352299346354166
7602	94	0.0688753946346911	0.49093680248396454	0.440001	0.9884380653019446
7603	4069	0.09733774832286088	0.7907360658083936	0.159001	0.8310208384376389
7605	1854	0.07101041574826622	0.5113253332660728	0.31000099999999997	0.9281849214362851
7606	0	0.12552618276053495	1.1498221530981882	0.061001	0.7875692535087719
7607	282	0.05725921262746299	0.38577742662792325	0.388001	0.9613539146865807
7610	1445	0.01571745956497657	0.08527408960489721	0.7900010000000001	1.0
7612	0	0.0949873258942337	0.7636420330221259	0.161001	0.8310208384376389
7613	0	0.0	-0.0	1.0	1.0
7614	0	0.04498781157820063	0.28502387746993135	0.49800099999999997	1.0
7618	529	0.016182960490135054	0.0880246939327607	0.829001	1.0
7620	0	0.0922417878962512	0.7325355261874253	0.199001	0.8576617104442713
7623	4041	0.03239274337723426	0.19226011859823017	0.630001	1.0
7624	0	0.05407578691331553	0.3586343015734966	0.40800099999999995	0.971610316554567
7625	0	0.05807712504837734	0.39286651237374215	0.41700099999999996	0.977047710036379
7629	1343	0.0020965243197436185	0.010539623290239003	0.981001	1.0
7631	3899	0.10363853408893339	0.8654967767178021	0.144001	0.8280813807773109
7632	0	0.02392223939707455	0.13571890842353626	0.747001	1.0
7633	300	0.030239480167259632	0.17744914696920308	0.6670010000000001	1.0
7638	0	0.05871977330096029	0.3984697315659766	0.389001	0.9614383632054175
7639	2314	0.013806009933824692	0.07411802494160628	0.836001	1.0
7642	1068	0.030939042605552004	0.18222799387557156	0.6850010000000001	1.0
7643	349	0.16770958752481652	1.8106956722663143	0.020001	0.6067731712846347
7646	3257	0.0	-0.0	1.0	1.0
7647	918	0.0248742485584591	0.14184481028964777	0.690001	1.0
7652	2792	0.019155521261606006	0.10590324443828616	0.7820010000000001	1.0
7653	3915	0.14003829490287473	1.3600216276289128	0.038001	0.7338147248677249
7658	0	0.1663344327562723	1.7867156335992087	0.014001	0.5816998406250001
7663	3135	0.07746827074728008	0.5750350191624185	0.264001	0.898348226095003
7665	3540	0.0763137675595455	0.5634188310360901	0.273001	0.905784226969697
7666	4074	0.0	-0.0	1.0	1.0
7667	1835	0.0	-0.0	1.0	1.0
7668	1201	0.17496123701547428	1.939946508531651	0.011000999999999999	0.5816998406250001
7672	0	0.0781327662593454	0.581765904406478	0.264001	0.898348226095003
7678	2921	0.08800867324894786	0.6857118680325303	0.196001	0.8563507378292099
7680	735	0.0020965243197436185	0.010539623290239003	0.981001	1.0
7682	1829	0.0	-0.0	1.0	1.0
7685	0	0.05483512220822406	0.365044072484929	0.443001	0.9888721608562691
7687	0	0.08114736352657721	0.612716014310364	0.246001	0.8949779001318391
7689	916	0.028360456614284577	0.16476968888118307	0.780001	1.0
7696	0	0.06104928474293156	0.4190263923614096	0.388001	0.9613539146865807
7697	923	0.11054790231282355	0.951083851926846	0.082001	0.7875692535087719
7700	0	0.05813856574901007	0.3934009467848943	0.398001	0.9669459825143869
7701	2584	0.10541651331125015	0.8871583846808885	0.133001	0.8241244759479344
7702	1323	0.0020965243197436185	0.010539623290239003	0.981001	1.0
7703	3736	0.08960118910904266	0.7031659479093568	0.220001	0.8810500910753475
7704	19	0.026016619406288893	0.14927150846212586	0.699001	1.0
7705	1111	0.0	-0.0	1.0	1.0
7706	921	0.01692177570962836	0.0924175365417688	0.7950010000000001	1.0
7709	0	0.06159728065832154	0.4239183114726608	0.380001	0.9585431868106616
7712	4078	0.09145408004389327	0.7237183021310222	0.190001	0.8536401103816167
7713	1689	0.016666305203864817	0.09089477524145292	0.7930010000000001	1.0
7714	4079	0.004051493802040654	0.02059494137704484	0.972001	1.0
7717	0	0.04050602926363033	0.2508011049960201	0.5560010000000001	1.0
7718	0	0.14887091680894937	1.4966658592587914	0.029001000000000002	0.6656854276729561
7720	2344	0.0503542801110767	0.32780143420907387	0.587001	1.0
7722	1306	0.0020965243197436185	0.010539623290239003	0.981001	1.0
7727	1343	0.028536484816203092	0.165947853892728	0.708001	1.0
7728	0	0.024354651620501506	0.13849424526533913	0.707001	1.0
7729	0	0.014258842098458974	0.07674087048567209	0.844001	1.0
7730	0	0.020194908066761618	0.11228356110327475	0.776001	1.0
7732	0	0.053826989084254415	0.356542902220855	0.527001	1.0
7735	0	0.0	-0.0	1.0	1.0
7737	2234	0.09566044177028163	0.7713573864311908	0.176001	0.8342142636363636
7738	8	0.002072778344566102	0.01041883977733218	0.971001	1.0
7746	879	0.14111628827414885	1.376342164804187	0.032001	0.6951963273809524
7749	297	0.10476005402419405	0.8791314329035671	0.120001	0.820033522468544
7751	1857	0.11054790231282355	0.951083851926846	0.082001	0.7875692535087719
7752	3107	0.002072778344566102	0.01041883977733218	0.971001	1.0
7753	0	0.04144891163694119	0.25788839986905454	0.5560010000000001	1.0
7755	38	0.0	-0.0	1.0	1.0
7758	0	0.002072778344566102	0.01041883977733218	0.971001	1.0
7759	3282	0.041776103063066686	0.2603617412597895	0.5390010000000001	1.0
7760	0	0.019861526726515286	0.11022977463152193	0.773001	1.0
7761	1545	0.025932655827247287	0.1487228250629062	0.712001	1.0
7763	2823	0.038297969973898977	0.2344368714339711	0.591001	1.0
7765	0	0.08896622270349006	0.6961834267552943	0.205001	0.8652875670778719
7766	1343	0.09318435744693504	0.7431490377099768	0.226001	0.8850089231044349
7767	1283	0.0022190749782382523	0.011163489961715501	0.970001	1.0
7769	3708	0.09897220573556455	0.8098305656061997	0.173001	0.8318787654808959
7775	2144	0.03239274337723426	0.19226011859823017	0.630001	1.0
7779	0	0.020182674089308884	0.11220807179905548	0.775001	1.0
7782	1163	0.024781367256872657	0.1412446195971773	0.744001	1.0
7786	499	0.10457639233382943	0.8768917914231047	0.14000100000000001	0.8255721652406417
7787	3147	0.11580096420010408	1.0187099840519533	0.102001	0.8168629476327116
7789	2094	0.053034325743364814	0.3499085917578254	0.454001	0.9983645207873068
7790	529	0.09483681880563671	0.7619217051872537	0.181001	0.8415201481953289
7791	224	0.0	-0.0	1.0	1.0
7792	0	0.021885360257132176	0.1228042206185914	0.750001	1.0
7793	1604	0.0	-0.0	1.0	1.0
7795	3249	0.04201457159486204	0.26216893957109766	0.5540010000000001	1.0
7798	2600	0.010201581527618776	0.05368195992361123	0.891001	1.0
7799	2758	0.0835083888050697	0.6374324677573946	0.23400100000000001	0.8917607127407907
7801	4088	0.020534065843365146	0.1143800325003301	0.768001	1.0
7803	0	0.03063856325831069	0.18017147661831112	0.6710010000000001	1.0
7804	3617	0.016201248805346895	0.088133028665319	0.820001	1.0
7805	1684	0.07452690632707012	0.5456350735544307	0.29400099999999996	0.9178647198067631
7810	1769	0.019155521261606006	0.10590324443828616	0.7820010000000001	1.0
7812	0	0.033084723355954054	0.19708390042347873	0.631001	1.0
7814	2634	0.017457180500658774	0.09562188602217905	0.7950010000000001	1.0
7815	0	0.13720372045277449	1.3175764660711535	0.045001	0.7522380900763358
7817	1343	0.00557413600891863	0.028579952179518288	0.9270010000000001	1.0
7820	0	0.01658107644979212	0.09038765037610103	0.8090010000000001	1.0
7823	3831	0.07764718119409192	0.5768440236049613	0.258001	0.898348226095003
7825	3107	0.17430103905972916	1.9279839614842325	0.013000999999999999	0.5816998406250001
7827	1609	0.13910158408924522	1.3459200652584857	0.043001	0.7473300777777777
7828	0	0.10904202453402975	0.9321063575124444	0.125001	0.820033522468544
7830	0	0.02749250574111179	0.15898953853042963	0.708001	1.0
7831	3634	0.07477509872492609	0.5480910751174058	0.277001	0.9099650071748879
7833	1835	0.0026570923196750605	0.01340035431547467	0.976001	1.0
7834	2745	0.08228405155339075	0.6245630517141169	0.232001	0.8917607127407907
7835	1068	0.0	-0.0	1.0	1.0
7836	606	0.02904405997130735	0.16935623736093372	0.6820010000000001	1.0
7837	1647	0.11054790231282355	0.951083851926846	0.082001	0.7875692535087719
7838	1984	0.008187797323706622	0.042602606094290445	0.9150010000000001	1.0
7841	3923	0.14835069583353339	1.488432626885874	0.032001	0.6951963273809524
7845	0	0.12997567595922463	1.212401435887474	0.061001	0.7875692535087719
7846	767	0.0690187013294116	0.49229490200817994	0.335001	0.935934153865782
7848	0	0.01556697335809631	0.08438771307517041	0.829001	1.0
7851	0	0.05007243277179473	0.3255054738296706	0.48200099999999996	1.0
7853	0	0.009055655482245744	0.04734783338804415	0.886001	1.0
7854	0	0.015102535862100239	0.0816608527204323	0.8110010000000001	1.0
7855	2733	0.0628731814067531	0.43539137461452604	0.35300099999999995	0.944989718581907
7865	3135	0.08601294391843475	0.6641117325694731	0.20300100000000001	0.8624982339930151
7866	2419	0.09666516649828154	0.7829391422419898	0.198001	0.8576617104442713
7870	3677	0.11088570817322149	0.9553658999906475	0.122001	0.820033522468544
7872	94	0.11054790231282355	0.951083851926846	0.082001	0.7875692535087719
7875	918	0.08111703830652266	0.6124012824506151	0.233001	0.8917607127407907
7876	0	0.0	-0.0	1.0	1.0
7879	0	0.09089365277355413	0.7174742095754557	0.192001	0.854495733522038
7881	19	0.07027570532737246	0.5042715745935475	0.31100099999999997	0.9281849214362851
7883	0	0.12486985698849626	1.1407299074257446	0.067001	0.7875692535087719
7884	888	0.06806298338658923	0.4832659498666959	0.318001	0.9327063886954191
7886	0	0.004051493802040654	0.02059494137704484	0.972001	1.0
7889	0	0.0020965243197436185	0.010539623290239003	0.981001	1.0
7891	38	0.006852986830103557	0.03539102550938392	0.9190010000000001	1.0
7892	0	0.014595170749833332	0.07869697413035222	0.858001	1.0
7893	0	0.026350340197952165	0.15145674010551832	0.725001	1.0
7894	4096	0.09008833608317968	0.7085438795143865	0.226001	0.8850089231044349
7895	0	0.053826989084254415	0.356542902220855	0.527001	1.0
7898	1987	0.11054790231282355	0.951083851926846	0.082001	0.7875692535087719
7901	3242	0.04119462696354023	0.2559711560853808	0.594001	1.0
7902	1259	0.0020965243197436185	0.010539623290239003	0.981001	1.0
7906	0	0.025630116565709907	0.14674951934848932	0.715001	1.0
7907	0	0.04292377963976156	0.2690944197117583	0.5580010000000001	1.0
7908	1066	0.06598069789336632	0.4638236995381183	0.35400099999999995	0.9451248351621554
7910	0	0.08163178218723352	0.6177529462327594	0.230001	0.8911114469214437
7911	985	0.0	-0.0	1.0	1.0
7912	1457	0.04688157113789898	0.29989413654793073	0.633001	1.0
7913	0	0.09444107640676626	0.7574066606363703	0.160001	0.8310208384376389
7915	2709	0.02505250795705141	0.14299823920911994	0.730001	1.0
7916	4101	0.0020965243197436185	0.010539623290239003	0.981001	1.0
7917	0	0.03156263290429137	0.1865146180452921	0.6630010000000001	1.0
7919	529	0.0020965243197436185	0.010539623290239003	0.981001	1.0
7921	0	0.060599472452709385	0.41502696277125184	0.398001	0.9669459825143869
7922	4012	0.10900039741697322	0.9315843355269406	0.122001	0.820033522468544
7925	2572	0.03418164008250692	0.20479465412356812	0.613001	1.0
7932	0	0.0	-0.0	1.0	1.0
7937	752	0.0	-0.0	1.0	1.0
7941	2043	0.05498455874198031	0.3663102667604302	0.5610010000000001	1.0
7942	0	0.018041148176151326	0.09913699893351598	0.7900010000000001	1.0
7943	370	0.13186698884639392	1.2394995986408808	0.062001	0.7875692535087719
7944	182	0.0033868870627765217	0.017151810503513977	0.964001	1.0
7945	1408	0.0026570923196750605	0.01340035431547467	0.976001	1.0
7946	0	0.07872914383976484	0.5878348359301765	0.253001	0.896185036881268
7949	742	0.042823177947826155	0.2683253860892018	0.5580010000000001	1.0
7950	0	0.05029118623638937	0.327286987167925	0.47000099999999995	1.0
7952	2857	0.0	-0.0	1.0	1.0
7953	930	0.17015034448568517	1.853672857891196	0.017001000000000002	0.5816998406250001
7954	1185	0.028043141496653504	0.1626509122926161	0.688001	1.0
7959	2326	0.04421032662705954	0.2789896055050935	0.523001	1.0
7960	4025	0.040035118866472465	0.24728377898954346	0.574001	1.0
7961	2448	0.06841251806926864	0.48656039755605507	0.330001	0.9356702571428571
7962	3342	0.055579707642127975	0.37136858187581173	0.42200099999999996	0.9795397390290438
7968	0	0.03638598855573398	0.22052914883976862	0.618001	1.0
7969	0	0.0	-0.0	1.0	1.0
7970	0	0.02535083667783843	0.1449330892698352	0.729001	1.0
7971	1604	0.15661455249555933	1.6219880445851154	0.027001	0.646901420131291
7977	1007	0.059904395774042135	0.40887515126116764	0.446001	0.9921302212515237
7978	1545	0.016027641313682492	0.0871054529705348	0.7830010000000001	1.0
7979	0	0.036463444218365886	0.22108785141199291	0.708001	1.0
7983	1066	0.0	-0.0	1.0	1.0
7985	1988	0.0	-0.0	1.0	1.0
7986	3708	0.04449845128123561	0.2812210295922687	0.5380010000000001	1.0
7987	512	0.07977936587886053	0.5985868276793017	0.254001	0.8968258461786519
7988	916	0.039596446905539456	0.24402060491101302	0.575001	1.0
7994	0	0.05478815327743106	0.3646464222625211	0.453001	0.9983645207873068
7996	1185	0.11312436777653403	0.9839747444367694	0.112001	0.820033522468544
7997	0	0.05134677972849726	0.33593022340728185	0.459001	1.0
8003	0	0.0	-0.0	1.0	1.0
8005	2044	0.13578317127547065	1.29656012233953	0.049001	0.757785238700565
8009	1730	0.053826989084254415	0.356542902220855	0.527001	1.0
8012	1093	0.050386798507255845	0.3280666862195335	0.49400099999999997	1.0
8013	4025	0.0026570923196750605	0.01340035431547467	0.976001	1.0
8014	3131	0.026572454033647358	0.15291509593778566	0.720001	1.0
8016	881	0.0	-0.0	1.0	1.0
8017	1202	0.14541898995613894	1.4424690763396115	0.028001	0.6564945374732334
8018	0	0.0349531127075898	0.21026497998022065	0.634001	1.0
8021	1657	0.06966688179546815	0.4984563297678088	0.319001	0.9331397138658829
8024	788	0.08720341412355984	0.6769599002761413	0.208001	0.8659326802281369
8025	0	0.08358811621540375	0.6382744320446148	0.266001	0.898348226095003
8028	4112	0.08699948384680967	0.6747513245908803	0.195001	0.8563507378292099
8032	0	0.013056996576588884	0.06980693709506021	0.851001	1.0
8033	20	0.12756622690582153	1.1783104873901893	0.072001	0.7875692535087719
8034	874	0.09676018387106933	0.7840384976956851	0.158001	0.8310208384376389
8036	1077	0.002072778344566102	0.01041883977733218	0.971001	1.0
8038	1689	0.06687362980269163	0.4721224902644394	0.319001	0.9331397138658829
8039	0	0.055468493455005916	0.3704214563751163	0.42300099999999996	0.9799911022005923
8041	36	0.11327097768745363	0.9858623977549935	0.100001	0.8158799918032787
8042	0	0.00247727910879089	0.012480750145123112	0.965001	1.0
8043	44	0.11419788118201142	0.9978366925719016	0.095001	0.8119952763466043
8044	0	0.0	-0.0	1.0	1.0
8047	1643	0.0	-0.0	1.0	1.0
8049	3880	0.10264678113648366	0.8535224976500723	0.152001	0.8310208384376389
8055	0	0.0	-0.0	1.0	1.0
8056	0	0.10689638975298535	0.9053791551351199	0.11700100000000001	0.820033522468544
8061	0	0.04828460941919288	0.31106933178727725	0.48000099999999996	1.0
8062	579	0.08294007858722488	0.6314447097759964	0.222001	0.8836908972131741
8063	874	0.02161242716281232	0.12109350863791707	0.766001	1.0
8064	0	0.012543705395297772	0.06687216936736361	0.872001	1.0
8066	1604	0.061929976688335726	0.42689872982825594	0.49300099999999997	1.0
8068	0	0.06771782497696521	0.48002146552029834	0.441001	0.9884380653019446
8069	0	0.01631448332079169	0.08880425344667724	0.831001	1.0
8072	1093	0.003998515607116577	0.020319539025143878	0.957001	1.0
8073	4025	0.016829597498094005	0.09186763574079629	0.831001	1.0
8078	1950	0.0	-0.0	1.0	1.0
8080	0	0.053826989084254415	0.356542902220855	0.527001	1.0
8081	1185	0.09238340046810592	0.7341257371787375	0.181001	0.8415201481953289
8084	2776	0.02555594292034232	0.14626661210879177	0.715001	1.0
8087	4027	0.07920391166249852	0.5926852133221491	0.253001	0.896185036881268
8089	1448	0.03030655561231758	0.17790597865822302	0.6720010000000001	1.0
8091	1689	0.017178908570552674	0.09395425394680443	0.8070010000000001	1.0
8096	4115	0.0009360077439474548	0.004674472117669757	0.994001	1.0
8098	1658	0.06887104477336264	0.49089560279435274	0.338001	0.9371417951380095
8102	3708	0.05883780597739411	0.39950203321583655	0.405001	0.9701669465298997
8103	1604	0.0597489658014647	0.40750421328061165	0.41000099999999995	0.9727195989165763
8104	946	0.044448188422116515	0.28083135553230787	0.528001	1.0
8105	3617	0.0	-0.0	1.0	1.0
8109	1147	0.01694383294748119	0.09254919915516147	0.826001	1.0
8110	1642	0.06870785557129237	0.48935095286993313	0.324001	0.9352299346354166
8111	1109	0.11118549229164526	0.9591736422873994	0.106001	0.820033522468544
8112	425	0.061929976688335726	0.42689872982825594	0.49300099999999997	1.0
8114	3693	0.04745356249625952	0.30443374654722427	0.514001	1.0
8116	0	0.11633575060145306	1.0257195281501028	0.044001	0.7480853245341614
8119	0	0.10167495068325672	0.8418639513696071	0.168001	0.8310208384376389
8123	3874	0.10542051388733309	0.8872074069756127	0.133001	0.8241244759479344
8126	3243	0.0922532074462824	0.7326637025310524	0.177001	0.8353379090517241
8130	3636	0.0	-0.0	1.0	1.0
8137	0	0.0026570923196750605	0.01340035431547467	0.976001	1.0
8139	0	0.01965489582142687	0.10896029951225346	0.7830010000000001	1.0
8141	0	0.042157466573243534	0.2632536837572752	0.5570010000000001	1.0
8144	0	0.0	-0.0	1.0	1.0
8145	0	0.05515481365596444	0.36775476626279435	0.445001	0.991113903376729
8147	1604	0.0	-0.0	1.0	1.0
8149	0	0.0	-0.0	1.0	1.0
8150	1829	0.02137506600542772	0.11960954888653624	0.745001	1.0
8155	1537	0.0	-0.0	1.0	1.0
8156	2262	0.04521268793844965	0.2867768668676889	0.501001	1.0
8157	0	0.04915956911911994	0.31810684615036827	0.516001	1.0
8158	0	0.002072778344566102	0.01041883977733218	0.971001	1.0
8159	365	0.11523674774077414	1.0113397911686253	0.088001	0.8036054620517097
8164	0	0.02592346715682981	0.14866280638680857	0.719001	1.0
8167	1657	0.005855631155100467	0.030070960265980464	0.9360010000000001	1.0
8168	0	0.06848052786267889	0.48720243898321786	0.325001	0.9352299346354166
8172	2133	0.0	-0.0	1.0	1.0
8175	0	0.08299289823532166	0.6320001940365664	0.225001	0.8848907862787356
8177	1688	0.053826989084254415	0.356542902220855	0.527001	1.0
8178	1604	0.09205725624489929	0.7304656822781058	0.192001	0.854495733522038
8179	0	0.05326767054455844	0.3518570500156719	0.42300099999999996	0.9799911022005923
8182	0	0.04328357699737397	0.27185043246469204	0.5430010000000001	1.0
8183	2453	0.05184188405727813	0.34001077275089686	0.462001	1.0
8184	2459	0.10255161593830872	0.8523775652831547	0.138001	0.8255721652406417
8186	3556	0.07271513064847013	0.5278442891970864	0.30800099999999997	0.927731210178817
8187	3135	0.028360456614284577	0.16476968888118307	0.780001	1.0
8190	0	0.07631369997623269	0.5634181539366352	0.28400099999999995	0.9150861919929864
8199	2314	0.032990735245188176	0.19642687552215704	0.756001	1.0
8200	3869	0.05210750348050122	0.34220697227216823	0.466001	1.0
8203	0	0.053826989084254415	0.356542902220855	0.527001	1.0
8204	0	0.0	-0.0	1.0	1.0
8205	0	0.07194094970077596	0.5203159080089669	0.314001	0.9281849214362851
8206	0	0.028975759916456525	0.1688966346606237	0.6760010000000001	1.0
8207	2161	0.1355593078231577	1.2932636618359838	0.041001	0.7444775273631842
8208	0	0.1658470890922744	1.7782576552353355	0.018001	0.5900986497005988
8209	4028	0.04619652172460211	0.29448670467379484	0.573001	1.0
8214	0	0.007651550163572059	0.03969280525722406	0.9220010000000001	1.0
8215	3146	0.10939033265509765	0.9364797154539397	0.082001	0.7875692535087719
8217	2917	0.038622946534930744	0.23682489472645937	0.573001	1.0
8220	3442	0.0	-0.0	1.0	1.0
8223	0	0.06803619015035932	0.4830137838479235	0.342001	0.9398895120676785
8225	1979	0.07141832068006274	0.5152585863081351	0.331001	0.9356702571428571
8226	0	0.08085696707614291	0.6097049553827217	0.243001	0.8940248484543011
8227	0	0.11369903932832995	0.9913837476360705	0.100001	0.8158799918032787
8229	1277	0.06745933306582438	0.4775973123406706	0.337001	0.9371417951380095
8232	783	0.0	-0.0	1.0	1.0
8234	0	0.004051493802040654	0.02059494137704484	0.972001	1.0
8236	2185	0.062026197985794854	0.42776219246606173	0.383001	0.9600036322022317
8237	0	0.0	-0.0	1.0	1.0
8240	4122	0.08839120219595512	0.6898867214036875	0.207001	0.8659326802281369
8241	1162	0.03183316558746229	0.18838214711624013	0.735001	1.0
8242	1606	0.0	-0.0	1.0	1.0
8246	0	0.030454050274327803	0.17891154681418922	0.655001	1.0
8254	1266	0.0946149564121699	0.7593889720891512	0.154001	0.8310208384376389
8260	2818	0.08713771595200032	0.6762480397509913	0.215001	0.8747848193979934
8261	3310	0.026045317298832773	0.14945914578553166	0.8000010000000001	1.0
8262	3145	0.19531937644967162	2.3283571446512217	0.002001	0.34776109523809523
8264	0	0.11284346264031753	0.9803628279069528	0.108001	0.820033522468544
8265	0	0.1485743812217877	1.4919699088461567	0.031001	0.682957643863179
8268	2758	0.028644612360703557	0.16667254427293962	0.6850010000000001	1.0
8269	1445	0.11402061128600127	0.9955412563989574	0.055001	0.7780438617571059
8277	735	0.09941685446333196	0.8150612737258008	0.170001	0.8310208384376389
8279	1611	0.08084294502633822	0.6095597239678597	0.259001	0.898348226095003
8281	0	0.08778864156438526	0.6833155411527623	0.223001	0.8836908972131741
8284	0	0.020257469010203276	0.11266973673170437	0.814001	1.0
8286	914	0.05176681917216323	0.3393910084557759	0.49800099999999997	1.0
8288	3211	0.05564438375505582	0.37191977802245074	0.41100099999999995	0.9736669434491689
8289	2313	0.0938326935584769	0.7504892370724461	0.178001	0.8382507307526881
8290	1857	0.06807246910221743	0.4833552377107736	0.326001	0.9352299346354166
8291	4078	0.012564871014759029	0.066992870698217	0.842001	1.0
8296	0	0.012669131190151691	0.06758783012272164	0.860001	1.0
8297	0	0.01127337833904367	0.059677217105824444	0.867001	1.0
8301	1612	0.041249852930933674	0.25638717675939987	0.568001	1.0
8303	0	0.03241734557021245	0.19243108434870826	0.638001	1.0
8307	94	0.12920127164978423	1.2013919357613392	0.057001	0.7811063191489362
8308	0	0.0	-0.0	1.0	1.0
8311	0	0.11054790231282355	0.951083851926846	0.082001	0.7875692535087719
8313	370	0.0	-0.0	1.0	1.0
8318	2284	0.000839062666786218	0.004188005575198785	0.988001	1.0
8320	1459	0.10906370517354504	0.9323782968765137	0.118001	0.820033522468544
8323	3848	0.08101661088720952	0.6113594843846127	0.251001	0.896185036881268
8330	1554	0.09482239281607988	0.7617569052795377	0.183001	0.8425895496215307
8331	3124	0.0	-0.0	1.0	1.0
8333	2548	0.002679515039672318	0.013515159520868196	0.979001	1.0
8334	1445	0.1012873450510164	0.8372347756333751	0.148001	0.8310208384376389
8340	2314	0.05696824346258854	0.3832669051503696	0.41700099999999996	0.977047710036379
8343	2045	0.0642170206348071	0.44760156667387047	0.406001	0.9701669465298997
8344	1277	0.022844221013933443	0.1288512901394867	0.770001	1.0
8345	4126	0.21599248679874405	2.7624508895057214	0.001001	0.2149009607843137
8346	0	0.11959162765030468	1.0688958617169346	0.088001	0.8036054620517097
8347	0	0.011053341100294628	0.05844079998372747	0.864001	1.0
8354	38	0.037474581754516394	0.2284178218120636	0.580001	1.0
8355	2634	0.030841467657231225	0.18155953724157672	0.6620010000000001	1.0
8356	0	0.11075935441185975	0.9537631614184687	0.123001	0.820033522468544
8360	1857	0.09000280327334875	0.7075983108234688	0.207001	0.8659326802281369
8367	1040	0.0937788374859313	0.7498782632082965	0.157001	0.8310208384376389
8368	0	0.0036579502766142732	0.01855302248117268	0.970001	1.0
8369	913	0.0545960775803938	0.3630218721704833	0.441001	0.9884380653019446
8370	0	0.11054790231282355	0.951083851926846	0.082001	0.7875692535087719
8371	0	0.0978340881086876	0.796512499080831	0.17100100000000001	0.8310208384376389
8373	0	0.0701168135660568	0.5027512906001296	0.323001	0.9348501054718477
8375	0	0.08217646594995065	0.6234375844689143	0.241001	0.8917607127407907
8379	530	0.0026570923196750605	0.01340035431547467	0.976001	1.0
8380	3030	0.002777666889095344	0.014018041586114317	0.967001	1.0
8384	0	0.0980455246159744	0.7989790455537853	0.160001	0.8310208384376389
8385	0	0.0020965243197436185	0.010539623290239003	0.981001	1.0
8386	1149	0.004051493802040654	0.02059494137704484	0.972001	1.0
8391	3708	0.09327391710078625	0.7441610628213362	0.17100100000000001	0.8310208384376389
8393	1929	0.019156093597194813	0.10590673928995616	0.7910010000000001	1.0
8397	0	0.10195965874333719	0.8452717471170177	0.146001	0.8295614680851063
8402	1066	0.12309614468963145	1.116335659809287	0.072001	0.7875692535087719
8403	94	0.04188848161740662	0.2612129082082727	0.5560010000000001	1.0
8406	0	0.029762851713100738	0.1742113459039466	0.654001	1.0
8411	3592	0.14710785019709507	1.4688570863179051	0.033001	0.6962002870905588
8417	1408	0.053826989084254415	0.356542902220855	0.527001	1.0
8418	0	0.008665199837778588	0.04520740152377466	0.9200010000000001	1.0
8420	1040	0.03264540939729184	0.19401782658675432	0.6620010000000001	1.0
8424	1829	0.14872879744372797	1.4944143058610044	0.031001	0.682957643863179
8426	3682	0.14137700174110296	1.3803041131098768	0.041001	0.7444775273631842
8427	3540	0.08651287920531509	0.6694941609188052	0.20300100000000001	0.8624982339930151
8435	2864	0.01948468470674222	0.10791656820638437	0.779001	1.0
8437	1445	0.0020965243197436185	0.010539623290239003	0.981001	1.0
8438	1214	0.040819879327656246	0.25315357101222213	0.603001	1.0
8440	0	0.008083715846876456	0.04203650805127387	0.9080010000000001	1.0
8441	3634	0.05557754784175689	0.3713501802489092	0.455001	0.9993592676028084
8442	0	0.1090540354502062	0.9322570052995123	0.110001	0.820033522468544
8443	2823	0.09293472362486728	0.7403314412859485	0.174001	0.8323009825251201
8445	3843	0.0	-0.0	1.0	1.0
8456	1066	0.11637220008073196	1.026198121538573	0.104001	0.8168629476327116
8458	1007	0.053826989084254415	0.356542902220855	0.527001	1.0
8459	0	0.08946621646850478	0.7016791141110721	0.200001	0.8576617104442713
8464	0	0.046679484899901494	0.29829563382586166	0.510001	1.0
8466	89	0.025911225015364994	0.14858285136067925	0.716001	1.0
8469	0	0.003135214788364104	0.01585463707571644	0.959001	1.0
8471	0	0.2604938584409917	3.83966953112701	1e-06	0.00043795999999999993
8472	3135	0.0	-0.0	1.0	1.0
8474	19	0.15222346140620355	1.5502847892616924	0.029001000000000002	0.6656854276729561
8475	2823	0.002718503685552428	0.013714851848807802	0.964001	1.0
8477	0	0.0575946832426807	0.38867933002754224	0.43300099999999997	0.9833909871395975
8478	0	0.0	-0.0	1.0	1.0
8479	2745	0.11054790231282355	0.951083851926846	0.082001	0.7875692535087719
8481	526	0.02169101568524175	0.12158561378959658	0.762001	1.0
8483	3176	0.05956797882253894	0.40591001902725155	0.396001	0.9659475442222223
8485	0	0.03312743701759722	0.19738268156252703	0.615001	1.0
8490	807	0.11054790231282355	0.951083851926846	0.082001	0.7875692535087719
8492	3737	0.12081198050254187	1.0853014681463635	0.100001	0.8158799918032787
8495	2946	0.03239274337723426	0.19226011859823017	0.630001	1.0
8499	1093	0.11054790231282355	0.951083851926846	0.082001	0.7875692535087719
8503	1397	0.0	-0.0	1.0	1.0
8504	0	0.09984205222330567	0.8200776403585713	0.167001	0.8310208384376389
8505	1357	0.07442245474882041	0.5446028285514294	0.29600099999999996	0.9186266862244896
8506	1855	0.0622381136516388	0.4296661993589863	0.378001	0.9581348300623412
8509	3135	0.07632432403599454	0.5635245977631202	0.260001	0.898348226095003
8511	0	0.07443782471089701	0.5447546719480932	0.317001	0.931520115136876
8512	3987	0.02418897371832125	0.1374294831450321	0.736001	1.0
8516	0	0.06542489154873452	0.45868722698381414	0.34500099999999995	0.9398895120676785
8519	56	0.01245369774035212	0.0663591835873143	0.856001	1.0
8520	1757	0.03518788005652635	0.21193742541361002	0.601001	1.0
8522	4027	0.0241021373744486	0.1368721054779404	0.725001	1.0
8523	3441	0.042575276148375925	0.2664332582185337	0.5410010000000001	1.0
8525	1408	0.002877747729006303	0.014531378283805909	0.963001	1.0
8529	2584	0.03787021320300938	0.23130430302296143	0.573001	1.0
8538	731	0.10613139907210538	0.8959386087182742	0.129001	0.8235754804664723
8552	2935	0.07271513064847013	0.5278442891970864	0.30800099999999997	0.927731210178817
8555	1068	0.012567992192083335	0.06701067214322946	0.860001	1.0
8559	988	0.01326424780155418	0.07099641464533732	0.842001	1.0
8563	2044	0.001622929443057211	0.00813680158390586	0.987001	1.0
8565	499	0.17120761690911435	1.872454763500344	0.003001	0.4159234050632912
8574	4230	0.020094725592484958	0.11166566304979253	0.772001	1.0
8575	0	0.03862661947974587	0.23685192480526499	0.569001	1.0
8583	918	0.10629530652413947	0.8979574341511227	0.130001	0.8241244759479344
8584	0	0.07243594686219756	0.525124338224571	0.28600099999999995	0.9150861919929864
8585	0	0.04162999434829302	0.25925636994874596	0.5500010000000001	1.0
8586	1111	0.012063070415473186	0.06413851218471117	0.833001	1.0
8589	1604	0.07926924285948134	0.5933539759367708	0.266001	0.898348226095003
8590	0	0.0530637073245471	0.35015372264919886	0.43400099999999997	0.9844369067743939
8597	1442	0.013476864013434425	0.07221938224867665	0.854001	1.0
8599	506	0.0954875251718238	0.7693720355303322	0.169001	0.8310208384376389
8601	985	0.04204184009750887	0.2623758339468104	0.5440010000000001	1.0
8604	1299	0.07481728678839245	0.5485090023428423	0.30400099999999997	0.927677522017837
8608	2133	0.01182657033976115	0.06279849765925924	0.859001	1.0
8609	0	0.0040112666089457474	0.02038580909082588	0.962001	1.0
8618	0	0.01175536710651253	0.0623957169445764	0.892001	1.0
8621	3183	0.02644776445614972	0.1520960211713808	0.710001	1.0
8624	2580	0.06654492618460077	0.4690608491420628	0.322001	0.9341783118706941
8628	1040	0.06388435268256643	0.4445668435693092	0.343001	0.9398895120676785
8629	3708	0.06292767776101589	0.43588400911590347	0.381001	0.9585431868106616
8631	2133	0.018688756752431736	0.1030597975570144	0.8030010000000001	1.0
8632	0	0.03877858353381768	0.2379710526889432	0.691001	1.0
8633	4232	0.20163437908405205	2.456651949628945	0.007001	0.5214554353741497
8634	1066	0.06432998187129241	0.4486338527356357	0.36300099999999996	0.949473948638318
8636	529	0.06564839355704224	0.4607500332302886	0.343001	0.9398895120676785
8637	3206	0.03338309384746613	0.19917348965517442	0.632001	1.0
8639	1366	0.1146352242351764	1.0035106160457068	0.103001	0.8168629476327116
8641	0	0.11024387511801698	0.9472377996719489	0.120001	0.820033522468544
8642	1185	0.05433719758370543	0.3608363889491527	0.42200099999999996	0.9795397390290438
8643	1928	0.0	-0.0	1.0	1.0
8645	1203	0.0020965243197436185	0.010539623290239003	0.981001	1.0
8646	2315	0.06431678016243111	0.4485131627156831	0.379001	0.9581348300623412
8648	0	0.038706907127959767	0.23744300539895855	0.592001	1.0
8652	1611	0.03935387034623397	0.2422216615569589	0.584001	1.0
8654	986	0.0004117938961448707	0.002050374128852212	0.997001	1.0
8661	1619	0.11054790231282355	0.951083851926846	0.082001	0.7875692535087719
8662	3925	0.08030800284414066	0.6040301514260435	0.236001	0.8917607127407907
8664	874	0.06838348660277235	0.4862864306458081	0.328001	0.9352299346354166
8667	1879	0.011404055038470837	0.060412879253427865	0.872001	1.0
8672	4235	0.0	-0.0	1.0	1.0
8674	3869	0.056621486827436444	0.3802828396094864	0.41300099999999995	0.9745577476293102
8675	742	0.019155521261606006	0.10590324443828616	0.7820010000000001	1.0
8676	1093	0.07926924285948134	0.5933539759367708	0.266001	0.898348226095003
8677	0	0.16969940829697316	1.8456926407401568	0.017001000000000002	0.5816998406250001
8679	0	0.03580682545468354	0.21636410025401986	0.584001	1.0
8684	1970	0.030181202437700887	0.17705247033504012	0.6860010000000001	1.0
8686	2180	0.0	-0.0	1.0	1.0
8689	2170	0.0625328776689035	0.43231992239072675	0.385001	0.9600036322022317
8691	3161	0.012768030626217418	0.06815280438470799	0.866001	1.0
8695	3132	0.06826686036274968	0.4851864589878421	0.30900099999999997	0.9281849214362851
8698	0	0.11608071562304977	1.0223738483772125	0.091001	0.8087418417207791
8702	2421	0.022652279326452664	0.12763618375904223	0.734001	1.0
8705	1034	0.040989796746433105	0.254429946787697	0.5470010000000001	1.0
8709	3677	0.05687264890850677	0.3824434057354561	0.42200099999999996	0.9795397390290438
8713	0	0.0	-0.0	1.0	1.0
8717	0	0.0	-0.0	1.0	1.0
8718	0	0.0	-0.0	1.0	1.0
8720	0	0.01749716580971071	0.09586190207885112	0.8030010000000001	1.0
8721	3441	0.16074848111461384	1.6910309339297909	0.020001	0.6067731712846347
8722	0	0.09521504429971253	0.7662482411014118	0.162001	0.8310208384376389
8725	0	0.024511933196395885	0.13950665393713374	0.751001	1.0
8729	2448	0.04889834663402021	0.3160002516302584	0.49200099999999997	1.0
8730	0	0.14322950000740386	1.4086222089256986	0.044001	0.7480853245341614
8735	307	0.10844361588068688	0.9246153525670053	0.120001	0.820033522468544
8736	94	0.049987902569370364	0.3248179516326759	0.47700099999999995	1.0
8743	987	0.02125028571232746	0.11883084751001102	0.767001	1.0
8744	3206	0.006137971804583795	0.031571100303208324	0.9320010000000001	1.0
8746	918	0.01482300769901312	0.08002599247277102	0.834001	1.0
8749	19	0.038483864358367204	0.23580201710881496	0.596001	1.0
8752	0	0.08738624362893077	0.6789426468718367	0.20300100000000001	0.8624982339930151
8753	0	0.014671535864276452	0.07914207520557134	0.841001	1.0
8755	1202	0.06702711835558046	0.47355480876805844	0.320001	0.9341783118706941
8759	3708	0.04382832588837234	0.27603982934667376	0.5460010000000001	1.0
8761	608	0.09798882049467492	0.7983172122545814	0.17100100000000001	0.8310208384376389
8762	3530	0.0	-0.0	1.0	1.0
8764	0	0.0026570923196750605	0.01340035431547467	0.976001	1.0
8765	3556	0.01444982734050403	0.077850806426253	0.827001	1.0
8766	1928	0.0	-0.0	1.0	1.0
8767	1604	0.05963580295695181	0.4065071641215674	0.37300099999999997	0.9576559749766136
8769	1537	0.03205529305744152	0.18991908795970908	0.651001	1.0
8770	1929	0.020051351306121252	0.11139833607055653	0.776001	1.0
8771	1397	0.0	-0.0	1.0	1.0
8773	2806	0.0009495167347412341	0.00474230227873086	0.991001	1.0
8775	985	0.08931674507947898	0.7000341925756419	0.194001	0.8558086015310233
8776	0	0.10015845764038898	0.8238196949508085	0.177001	0.8353379090517241
8778	0	0.09821680988729044	0.800979759118411	0.161001	0.8310208384376389
8779	368	0.027075206915928768	0.15622770622372353	0.714001	1.0
8780	2457	0.09781463607783866	0.7962857534828944	0.201001	0.8576617104442713
8784	985	0.0	-0.0	1.0	1.0
8785	1367	0.0	-0.0	1.0	1.0
8788	592	0.011707872769020425	0.06212722144030361	0.856001	1.0
8789	0	0.020908271908346696	0.11670147173857726	0.767001	1.0
8792	1727	0.029655138910452836	0.17348167188300892	0.6810010000000001	1.0
8794	0	0.09298789075891778	0.7409311312185664	0.179001	0.8404296522298456
8795	4025	0.0561421283997062	0.3761715990007881	0.508001	1.0
8800	2170	0.12584212126546224	1.1542115959864283	0.079001	0.7875692535087719
8801	4242	0.09331751526195631	0.74465394670684	0.185001	0.8464588169661512
8806	0	0.14925343885050651	1.502734683389362	0.025001000000000002	0.6307279930875577
8809	129	0.038547725240612396	0.2362715209363849	0.587001	1.0
8817	0	0.0	-0.0	1.0	1.0
8820	0	0.05507017675474875	0.367036424401993	0.43300099999999997	0.9833909871395975
8826	1093	0.0	-0.0	1.0	1.0
8829	0	0.14760657963109858	1.47669641442438	0.030001	0.6731166987704919
8831	2584	0.0	-0.0	1.0	1.0
8832	2605	0.0895533842042902	0.7026391782945272	0.216001	0.8749518864224936
8834	4010	0.0	-0.0	1.0	1.0
8836	1458	0.0	-0.0	1.0	1.0
8838	0	0.021415038667929175	0.11985920739993954	0.817001	1.0
8839	0	0.03882460049126896	0.2383102447630992	0.574001	1.0
8845	1202	0.1328657993417719	1.2539306954754679	0.062001	0.7875692535087719
8854	2949	0.12270806579407768	1.1110328009707198	0.086001	0.7979872449152542
8857	3478	0.0	-0.0	1.0	1.0
8859	20	0.020360564248713034	0.11330665380312459	0.7840010000000001	1.0
8863	0	0.08534428957769917	0.6569425107147946	0.241001	0.8917607127407907
8864	4243	0.004481972774831693	0.02283878256165034	0.947001	1.0
8865	0	0.00722438913301688	0.037387064229568744	0.9140010000000001	1.0
8867	0	0.0	-0.0	1.0	1.0
8870	0	0.0480391407956249	0.3091044260486667	0.598001	1.0
8871	0	0.08621403492322413	0.6662744446082614	0.220001	0.8810500910753475
8873	0	0.04951012558935784	0.32094125401650647	0.467001	1.0
8875	2518	0.125763352264244	1.153116460176355	0.068001	0.7875692535087719
8881	4122	0.0134288764032892	0.0719431187460149	0.833001	1.0
8883	0	0.015515345043525544	0.08408393656357589	0.844001	1.0
8886	0	0.061929976688335726	0.42689872982825594	0.49300099999999997	1.0
8887	1835	0.07950013544914973	0.5957200647208861	0.251001	0.896185036881268
8888	1343	0.1341616975903108	1.2727785962758287	0.048001	0.7562056820143885
8893	0	0.027055814516691347	0.1560996313076898	0.694001	1.0
8894	4244	0.07593549347759783	0.5596343111145513	0.278001	0.9099650071748879
8895	1797	0.08216669913070954	0.6233354556325612	0.251001	0.896185036881268
8899	1427	0.08568033796866749	0.6605413338099956	0.210001	0.8696297083963691
8904	0	0.04959514170040483	0.3216299248948396	0.48200099999999996	1.0
8905	1380	0.1782096621913556	1.9993804659504246	0.012001	0.5816998406250001
8909	4246	0.09781463607783866	0.7962857534828944	0.201001	0.8576617104442713
8911	0	0.09621918889653444	0.7777885441436984	0.181001	0.8415201481953289
8912	2364	0.019143687125735952	0.10583098622817613	0.8010010000000001	1.0
8913	2007	0.11310672593369617	0.9837477162751445	0.124001	0.820033522468544
8917	20	0.004051493802040654	0.02059494137704484	0.972001	1.0
8918	1648	0.02538234141662777	0.14513774733460583	0.702001	1.0
8922	0	0.0023698120014198215	0.011932027836544614	0.970001	1.0
8928	1185	0.0	-0.0	1.0	1.0
8931	1829	0.01024836166343749	0.05394219921535182	0.884001	1.0
8939	0	0.106777421133824	0.9039079416932675	0.126001	0.8221602794994041
8940	0	0.05433199708146861	0.3607925340174962	0.446001	0.9921302212515237
8941	4247	0.0	-0.0	1.0	1.0
8944	499	0.14845604433705123	1.4900980344694135	0.027001	0.646901420131291
8947	2917	0.10441418253083146	0.8749159621314451	0.128001	0.823432990011751
8948	874	0.0778200470392924	0.5785941742492784	0.273001	0.905784226969697
8951	3896	0.03990542512142338	0.2463176782464211	0.589001	1.0
8954	2134	0.019177367102395218	0.10603665605642233	0.779001	1.0
8956	3809	0.05147902611923735	0.3370185056489066	0.47300099999999995	1.0
8957	1202	0.0	-0.0	1.0	1.0
8959	0	0.042895825389584336	0.26888065928120763	0.5410010000000001	1.0
8960	0	0.0066065506805577795	0.03407106874236359	0.9130010000000001	1.0
8961	0	0.0	-0.0	1.0	1.0
8963	0	0.0003923975999520048	0.001953580995439753	0.996001	1.0
8966	2722	0.06599512846738148	0.4639573567181596	0.335001	0.935934153865782
8967	1797	0.010419253676498425	0.05489398641962945	0.883001	1.0
8970	4010	0.10976581401606117	0.9412051197189414	0.127001	0.8228011532544378
8971	3573	0.030675595929736378	0.1804246165334729	0.734001	1.0
8973	0	0.06777974701761158	0.4806028946863754	0.316001	0.9305795989779451
8974	1988	0.010364822914088013	0.05459064379453441	0.878001	1.0
8977	3167	0.08938620494684571	0.7007983805095567	0.185001	0.8464588169661512
8980	0	0.11944386658345466	1.0669177098805898	0.069001	0.7875692535087719
8985	4248	0.09568190577039036	0.7716039883980654	0.185001	0.8464588169661512
8990	1147	0.0	-0.0	1.0	1.0
8996	2531	0.02310333458129249	0.13049531155744823	0.739001	1.0
8999	0	0.05293656345405899	0.34909339310461185	0.468001	1.0
9000	2902	0.11054790231282355	0.951083851926846	0.082001	0.7875692535087719
9002	916	0.07828973688950606	0.583360715215421	0.278001	0.9099650071748879
9003	0	0.09202678778920916	0.7301241777736998	0.236001	0.8917607127407907
9009	3207	0.12585171360216382	1.1543449944890027	0.075001	0.7875692535087719
9011	0	0.06263884318340576	0.43327543710638744	0.397001	0.9659475442222223
9013	2373	0.032520849226026674	0.19315078512953415	0.615001	1.0
9015	0	0.0	-0.0	1.0	1.0
9020	887	0.08270451584290625	0.6289699472010033	0.213001	0.8734636513108613
9028	1040	0.056445066374838856	0.37876787947384083	0.43400099999999997	0.9844369067743939
9029	0	0.1312363674092925	1.2304311077160135	0.050001000000000004	0.7603624291666667
9032	3694	0.03271219226371508	0.1944831073404306	0.649001	1.0
9038	0	0.11291201825082862	0.9812437394096586	0.102001	0.8168629476327116
9041	2716	0.0	-0.0	1.0	1.0
9046	985	0.014461951774361468	0.07792134398448114	0.821001	1.0
9047	0	0.16603444521283384	1.7815067741287829	0.017001000000000002	0.5816998406250001
9049	3416	0.073154123991054	0.5321327859743656	0.312001	0.9281849214362851
9050	1223	0.0020965243197436185	0.010539623290239003	0.981001	1.0
9051	0	0.0	-0.0	1.0	1.0
9053	3145	0.0545927733641135	0.3629939481738661	0.42000099999999996	0.9795027515937101
9063	3131	0.03239274337723426	0.19226011859823017	0.630001	1.0
9064	2344	0.0020965243197436185	0.010539623290239003	0.981001	1.0
9067	3484	0.0020965243197436185	0.010539623290239003	0.981001	1.0
9069	1110	0.003909208774129309	0.019855653687346587	0.944001	1.0
9074	10	0.09607237089389459	0.7760963253605742	0.17100100000000001	0.8310208384376389
9077	0	0.10944808841517961	0.9372058338574067	0.111001	0.820033522468544
9079	1923	0.10448876392482326	0.8758241573658971	0.132001	0.8241244759479344
9081	742	0.0	-0.0	1.0	1.0
9084	0	0.06414657043947664	0.44695822886011793	0.342001	0.9398895120676785
9086	1185	0.1373408141696679	1.3196136983697242	0.046001	0.7528624050822122
9087	0	0.0	-0.0	1.0	1.0
9089	742	0.08050105432146576	0.6060232042864689	0.249001	0.8956346744415243
9090	0	0.05842049044466321	0.3958566600267563	0.374001	0.9576559749766136
9091	2831	0.06929048697580756	0.49487469191015654	0.319001	0.9331397138658829
9092	1696	0.07001272208165837	0.5017563386955752	0.30800099999999997	0.927731210178817
9096	1185	0.10205756190630938	0.8464450666912005	0.134001	0.8242567129213484
9098	1147	0.0	-0.0	1.0	1.0
9100	0	0.016078315277399967	0.08740519947119146	0.815001	1.0
9104	0	0.05498455874198031	0.3663102667604302	0.5610010000000001	1.0
9109	0	0.02385955134944472	0.13531754070140772	0.747001	1.0
9110	0	0.0	-0.0	1.0	1.0
9114	2874	0.03737142630723255	0.22766691969029673	0.626001	1.0
9117	3595	0.041244944768617925	0.2563501949655859	0.5610010000000001	1.0
9123	0	0.0064779641328808965	0.03338375073513707	0.9350010000000001	1.0
9124	0	0.0	-0.0	1.0	1.0
9129	1923	0.08153535452376078	0.6167488959636418	0.28600099999999995	0.9150861919929864
9131	1459	0.0	-0.0	1.0	1.0
9133	1093	0.0	-0.0	1.0	1.0
9141	0	0.0	-0.0	1.0	1.0
9142	0	0.07257578424626482	0.5264859888395559	0.273001	0.905784226969697
9143	1993	0.0638846101383256	0.44456918910087745	0.406001	0.9701669465298997
9144	1930	0.068589561909206	0.4882324693166089	0.312001	0.9281849214362851
9145	349	0.0	-0.0	1.0	1.0
9146	0	0.053238385130186555	0.35161230471083865	0.41900099999999996	0.9788013545978237
9148	3335	0.13406299916817294	1.271338149557991	0.057001	0.7811063191489362
9149	1173	0.026053529122442007	0.14951284734602294	0.695001	1.0
9150	0	0.0	-0.0	1.0	1.0
9152	0	0.0781327662593454	0.581765904406478	0.264001	0.898348226095003
9153	3844	0.06378518506664962	0.4436637387811995	0.342001	0.9398895120676785
9154	0	0.0	-0.0	1.0	1.0
9158	2709	0.10600059741936171	0.8943290728516686	0.121001	0.820033522468544
9159	3727	0.036219746944314554	0.21933135548052513	0.608001	1.0
9161	1455	0.0854199527136774	0.6577520579758215	0.210001	0.8696297083963691
9162	1455	0.10476005402419405	0.8791314329035671	0.120001	0.820033522468544
9165	8	0.0	-0.0	1.0	1.0
9166	3192	0.0	-0.0	1.0	1.0
9169	2096	0.03242158757189862	0.19246056688919544	0.621001	1.0
9170	742	0.0	-0.0	1.0	1.0
9172	2389	0.053826989084254415	0.356542902220855	0.527001	1.0
9178	2373	0.0	-0.0	1.0	1.0
9179	3371	0.0	-0.0	1.0	1.0
9188	0	0.06742699756946127	0.4772944094109882	0.331001	0.9356702571428571
9191	2709	0.048370058012729145	0.31175429484533695	0.524001	1.0
9192	0	0.057782140741351844	0.3903043460839303	0.42900099999999997	0.9806120979123172
9195	0	0.013417195078359211	0.07187589073059146	0.841001	1.0
9196	3923	0.031833165587462284	0.18838214711624013	0.751001	1.0
9209	0	0.02296857771106388	0.12963977999996923	0.726001	1.0
9212	3249	0.172344709801035	1.8927664712574765	0.016001	0.5816998406250001
9214	0	0.06281636301929107	0.4348779762075801	0.385001	0.9600036322022317
9218	0	0.003887266552737673	0.019741750192179764	0.953001	1.0
9221	3208	0.022448675925566815	0.12634978297133198	0.774001	1.0
9223	1546	0.0018727140964932068	0.009402501125564637	0.982001	1.0
9226	1604	0.046346679991768946	0.2956692328095059	0.522001	1.0
9227	3207	0.06909268151623818	0.49299658867505325	0.327001	0.9352299346354166
9229	0	0.13996415483829677	1.3589027891181389	0.049001	0.757785238700565
9231	0	0.06303348240573328	0.4368410669092837	0.37000099999999997	0.9568117498819083
9235	350	0.01412167090508732	0.07594504878551804	0.850001	1.0
9239	2634	0.06270236247352952	0.43384859041756	0.36400099999999996	0.9502734737720553
9241	0	0.04576217083181992	0.29107476581326985	0.5510010000000001	1.0
9243	3579	0.04306342299037804	0.2701630347822169	0.5410010000000001	1.0
9245	1985	0.007524202775218356	0.03900428164449383	0.939001	1.0
9247	1696	0.12128378134176211	1.0916766590313869	0.080001	0.7875692535087719
9250	1402	0.11286304162827533	0.9806143712942121	0.072001	0.7875692535087719
9251	1163	0.08854083777425839	0.6915228585578322	0.214001	0.8739638004475941
9252	1397	0.0312553204887326	0.1843989648481561	0.638001	1.0
9254	357	0.0	-0.0	1.0	1.0
9255	132	0.1575789068229687	1.637960329610823	0.033001	0.6962002870905588
9256	0	0.022738303115541272	0.1281804796185231	0.748001	1.0
9257	2902	0.01609641338718977	0.08751229144638695	0.821001	1.0
9259	1283	0.099707691240872	0.8184909563088673	0.154001	0.8310208384376389
9260	2627	0.055557278440309395	0.37117749971767544	0.42100099999999996	0.9795027515937101
9263	2746	0.039979500169471535	0.2468693322750267	0.578001	1.0
9266	3135	0.048184171079125496	0.3102648513142626	0.49800099999999997	1.0
9268	0	0.02187860179273944	0.12276180302215833	0.739001	1.0
9269	0	0.08421610675390802	0.6449231444093312	0.23400100000000001	0.8917607127407907
9270	918	0.014064691982312114	0.07561481171707694	0.843001	1.0
9272	0	0.01281394609914846	0.06841530230217496	0.860001	1.0
9273	0	0.12031876513565173	1.0786563684725408	0.084001	0.794923897147796
9275	0	0.039876087402126704	0.24609929497484517	0.575001	1.0
9278	3371	0.045586063992477076	0.28969506776030096	0.509001	1.0
9279	0	0.0005230375261989322	0.002605925824301003	0.996001	1.0
9280	0	0.041249852930933674	0.25638717675939987	0.568001	1.0
9281	0	0.04789361061937257	0.30794145316662314	0.527001	1.0
9284	0	0.008439710767181047	0.04397541140321936	0.895001	1.0
9285	0	0.09526750185408088	0.7668491809992287	0.168001	0.8310208384376389
9287	0	0.05700154155531731	0.38355390295674635	0.394001	0.965298041843813
9288	2007	0.05537981115973781	0.3696668400947224	0.43500099999999997	0.9852763651220521
9292	0	0.0	-0.0	1.0	1.0
9296	0	0.09434192710466094	0.7562773613912245	0.212001	0.872959364046634
9297	2709	0.11228362857799831	0.9731833397173463	0.114001	0.820033522468544
9301	0	0.0	-0.0	1.0	1.0
9302	4010	0.06160753815216061	0.4240100838336519	0.36200099999999996	0.9484443524766689
9304	297	0.0020965243197436185	0.010539623290239003	0.981001	1.0
9307	499	0.061063461315165	0.4191526754876292	0.376001	0.9581348300623412
9310	3214	0.0	-0.0	1.0	1.0
9311	2712	0.002072778344566102	0.01041883977733218	0.971001	1.0
9312	3540	0.0009503456089197948	0.004746464488357289	0.986001	1.0
9313	529	0.0737506446763857	0.5379829084834492	0.278001	0.9099650071748879
9315	1343	0.08623893950057959	0.6665425045179563	0.28200099999999995	0.9113426649940967
9317	0	0.020416266100166496	0.11365105243946749	0.758001	1.0
9322	4061	0.20891090487557173	2.609159654659454	0.001001	0.2149009607843137
9323	3844	0.028360456614284577	0.16476968888118307	0.780001	1.0
9325	3214	0.02473372232442532	0.1409369545024206	0.709001	1.0
9328	370	0.02497994023620217	0.1425284459092788	0.728001	1.0
9337	0	0.0	-0.0	1.0	1.0
9340	1397	0.0006311559167689954	0.003146545580501261	0.995001	1.0
9341	529	0.06518111811410612	0.45644143785337543	0.34700099999999995	0.9406570807130477
9342	1429	0.09706485700315523	0.7875683191268547	0.144001	0.8280813807773109
9343	4263	0.003468505983079205	0.017573277731931642	0.957001	1.0
9344	3107	0.0	-0.0	1.0	1.0
9345	932	0.09961978223282784	0.8174535940337999	0.152001	0.8310208384376389
9348	3730	0.14797312509602872	1.482471623981376	0.036001	0.719297352189781
9351	0	0.03413578835582555	0.2044707612442108	0.639001	1.0
9352	0	0.0	-0.0	1.0	1.0
9353	38	0.0	-0.0	1.0	1.0
9355	0	0.016219971784903357	0.08824395943932696	0.818001	1.0
9356	0	0.0	-0.0	1.0	1.0
9358	3950	0.04524112996877898	0.2869988275828392	0.5470010000000001	1.0
9361	0	0.08973778282002745	0.7046720597926818	0.186001	0.8471401618136438
9363	1358	0.027862258397269565	0.16144601178389892	0.694001	1.0
9367	946	0.07941439318500913	0.5948409491289991	0.275001	0.9085654643934822
9370	1772	0.09866683210271057	0.8062472013942217	0.17100100000000001	0.8310208384376389
9371	0	0.07257195862672114	0.5264487181723722	0.278001	0.9099650071748879
9372	0	0.06818964978183067	0.48445878425628236	0.326001	0.9352299346354166
9375	3340	0.0020965243197436185	0.010539623290239003	0.981001	1.0
9376	1096	0.045153412248461894	0.28631445822192525	0.526001	1.0
9377	3995	0.053826989084254415	0.356542902220855	0.527001	1.0
9379	0	0.0842119851633091	0.6448794107499912	0.219001	0.8786522348845732
9383	0	0.05498455874198031	0.3663102667604302	0.5610010000000001	1.0
9384	0	0.0	-0.0	1.0	1.0
9390	0	0.0	-0.0	1.0	1.0
9395	0	0.0016269904402255817	0.00815735072728817	0.985001	1.0
9397	0	0.06979015714629487	0.4996316216044583	0.34400099999999995	0.9398895120676785
9400	2946	0.02161242716281229	0.12109350863791687	0.776001	1.0
9401	2820	0.072417103380996	0.5249409619004726	0.29600099999999996	0.9186266862244896
9405	370	0.042790979708653115	0.2680793962274127	0.5480010000000001	1.0
9408	0	0.003664033040332717	0.018584514965334867	0.962001	1.0
9410	2161	0.07505704833155888	0.5508866502774432	0.28200099999999995	0.9113426649940967
9417	1065	0.13012807177566904	1.2145738796564667	0.054001	0.7718759125326371
9420	1925	0.07389201601145526	0.5393731936600304	0.272001	0.905784226969697
9424	0	0.10962267273868989	0.9394023682854774	0.104001	0.8168629476327116
9431	850	0.09275869058477751	0.738347462261568	0.183001	0.8425895496215307
9432	0	0.006619798103786614	0.03414193368893651	0.9210010000000001	1.0
9438	3082	0.0	-0.0	1.0	1.0
9439	3135	0.17091357790993061	1.8672212607317795	0.013000999999999999	0.5816998406250001
9440	2508	0.09621412384093458	0.7777301366019003	0.158001	0.8310208384376389
9441	2389	0.03214295887553306	0.1905265481106718	0.6860010000000001	1.0
9442	0	0.0	-0.0	1.0	1.0
9443	0	0.007167551284948198	0.03708107319389194	0.943001	1.0
9449	3682	0.07055195075616597	0.506919099089342	0.314001	0.9281849214362851
9452	1567	0.028360456614284577	0.16476968888118307	0.780001	1.0
9454	0	0.012547329317096154	0.06689283361655277	0.873001	1.0
9458	3135	0.042310237143244875	0.2644149180703735	0.5570010000000001	1.0
9461	1065	0.10270812330308904	0.854260883445157	0.14000100000000001	0.8255721652406417
9467	0	0.02732644438944922	0.1578891503115847	0.708001	1.0
9471	0	0.0	-0.0	1.0	1.0
9475	1555	0.03721106698477731	0.2265010136743808	0.573001	1.0
9481	0	0.013973597023591688	0.07508725492806753	0.869001	1.0
9482	985	0.028360456614284577	0.16476968888118307	0.780001	1.0
9483	0	0.022991501582194637	0.1297852361895726	0.748001	1.0
9487	0	0.11865708662047338	1.0564146514665202	0.08500100000000001	0.7979872449152542
9488	0	0.028794313227540648	0.16767710795347887	0.6780010000000001	1.0
9491	0	0.08870858847638989	0.6933591033438729	0.192001	0.854495733522038
9492	1223	0.0422742284032196	0.264141067932589	0.5490010000000001	1.0
9493	0	0.01835286976323977	0.10102197452066287	0.759001	1.0
9496	3556	0.0	-0.0	1.0	1.0
9497	464	0.0377314847717108	0.23029097284632777	0.581001	1.0
9501	0	0.058509080577884856	0.3966294890426466	0.41700099999999996	0.977047710036379
9504	1397	0.032193010036866886	0.1908735906533511	0.634001	1.0
9505	2579	0.0013947667365304534	0.006983787231523021	0.984001	1.0
9506	0	0.015551017153217495	0.08429381077676391	0.8000010000000001	1.0
9508	2161	0.023332693241160066	0.13195407183998448	0.750001	1.0
9510	1357	0.008775474305349144	0.04581099741966921	0.9070010000000001	1.0
9513	0	0.0	-0.0	1.0	1.0
9514	349	0.10707519333964587	0.907592428289571	0.112001	0.820033522468544
9516	0	0.0	-0.0	1.0	1.0
9517	1780	0.0	-0.0	1.0	1.0
9520	2491	0.017770927364813626	0.09750782954438715	0.8100010000000001	1.0
9525	2445	0.07441032826996946	0.5444830405915971	0.28300099999999995	0.9137652459451487
9526	1957	0.05672051395223889	0.38113416757222146	0.41700099999999996	0.977047710036379
9527	0	0.10684090354765591	0.9046928505604187	0.116001	0.820033522468544
9531	0	0.0	-0.0	1.0	1.0
9536	4279	0.001849824166965594	0.009286365262639415	0.977001	1.0
9541	4280	0.05115006955590688	0.3343137002507054	0.444001	0.9900951016293279
9542	4281	0.04911501325184943	0.3177471986263796	0.49300099999999997	1.0
9543	3374	0.09434192710466094	0.7562773613912245	0.212001	0.872959364046634
9544	3437	0.09910029193251291	0.8113357455414211	0.153001	0.8310208384376389
9545	0	0.16027528583219575	1.6830518494085487	0.027001	0.646901420131291
9548	3952	0.049805081317048944	0.3233326724873544	0.48300099999999996	1.0
9551	3682	0.09465687773518548	0.7598672446444925	0.179001	0.8404296522298456
9552	3870	0.0	-0.0	1.0	1.0
9559	0	0.07926924285948134	0.5933539759367708	0.266001	0.898348226095003
9561	3951	0.10884558771917872	0.9296441692244759	0.111001	0.820033522468544
9562	3282	0.04016741668794661	0.24827043794616369	0.5610010000000001	1.0
9564	4280	0.09010850314898065	0.708766908972754	0.190001	0.8536401103816167
9567	2806	0.012150740407126458	0.06463610671253399	0.859001	1.0
9569	0	0.0	-0.0	1.0	1.0
9570	0	0.019155521261606006	0.10590324443828616	0.7820010000000001	1.0
9571	0	0.10907107558063349	0.932470752137092	0.122001	0.820033522468544
9572	0	0.07466324292332062	0.5469836361258964	0.35900099999999996	0.9474113012943431
9573	4282	0.01878335229595954	0.10363496702479674	0.777001	1.0
9576	0	0.043751461517513385	0.275447485125761	0.5340010000000001	1.0
9583	3261	0.06712264642558483	0.47444711619042756	0.34500099999999995	0.9398895120676785
9585	3674	0.08592973585854702	0.6632177375580958	0.205001	0.8652875670778719
9588	2823	0.011702140185373695	0.06209482309824667	0.868001	1.0
9589	4008	0.10505401428564011	0.8827216548041734	0.121001	0.820033522468544
9590	1252	0.02494352319521799	0.14229281295783902	0.744001	1.0
9596	4007	0.03400412713986674	0.20354148371463546	0.620001	1.0
9597	1797	0.04139581897018257	0.2574877351397741	0.5590010000000001	1.0
9598	2569	0.20041419574327965	2.4315702333215325	0.004001	0.4294798921568628
9605	0	0.008728043758932623	0.04555129432452915	0.9180010000000001	1.0
9606	0	0.08971164847375734	0.704383786241201	0.253001	0.896185036881268
9607	0	0.03233132237708897	0.19183346356033085	0.650001	1.0
9612	1147	0.0	-0.0	1.0	1.0
9613	1611	0.02589543875683324	0.14847976332684967	0.696001	1.0
9614	1530	0.047526331607348885	0.3050128861977227	0.49600099999999997	1.0
9616	2313	0.0	-0.0	1.0	1.0
9620	0	0.0	-0.0	1.0	1.0
9621	576	0.025677039386019514	0.14705519086491473	0.731001	1.0
9624	0	0.050794500762018524	0.33139851699851575	0.450001	0.9961708348160129
9625	3972	0.12679634716875113	1.1675190298714415	0.063001	0.7875692535087719
9628	0	0.09781463607783866	0.7962857534828944	0.201001	0.8576617104442713
9637	985	0.0	-0.0	1.0	1.0
9642	0	0.0	-0.0	1.0	1.0
9645	0	0.0574782960340641	0.38767165161263856	0.404001	0.9700453835526316
9646	0	0.1426341922742153	1.399490216219343	0.046001	0.7528624050822122
9647	182	0.03302648016152541	0.19667668271415756	0.640001	1.0
9651	0	0.07068294418560217	0.508176485966927	0.319001	0.9331397138658829
9652	3431	0.07788617511834317	0.579264265404549	0.254001	0.8968258461786519
9656	963	0.1736118561205972	1.9155381221838361	0.013000999999999999	0.5816998406250001
9657	0	0.0	-0.0	1.0	1.0
9658	1185	0.013312051063847866	0.07127114055097657	0.887001	1.0
9659	4237	0.06694375424896798	0.47277666296869564	0.337001	0.9371417951380095
9660	2133	0.11912186906226985	1.0626131323502606	0.081001	0.7875692535087719
9664	0	0.009810900869229356	0.05151368622138386	0.891001	1.0
9666	1657	0.026295812483331977	0.1510992029072086	0.718001	1.0
9668	1217	0.002559035167730834	0.012898637884626878	0.964001	1.0
9670	3282	0.17714916756218818	1.979872393761447	0.013000999999999999	0.5816998406250001
9671	0	0.038636473417344844	0.23692444672812993	0.576001	1.0
9673	2320	0.07007098661496201	0.5023131590086065	0.31000099999999997	0.9281849214362851
9674	0	0.00014851682842686315	0.0007383723124110732	0.998001	1.0
9676	2106	0.002072778344566102	0.01041883977733218	0.971001	1.0
9677	2260	0.0759465431377507	0.5597447091615825	0.28700099999999995	0.9164111837270339
9679	0	0.05438574374665605	0.3612458616242562	0.47400099999999995	1.0
9683	1696	0.061036528105607446	0.41891277009292094	0.383001	0.9600036322022317
9686	0	0.05746596159225659	0.3875649163080592	0.41800099999999996	0.9779258438034187
9688	0	0.02604531729883278	0.14945914578553177	0.7850010000000001	1.0
9690	874	0.0025786127996846623	0.012998764023661864	0.978001	1.0
9694	0	0.017110479335866832	0.09354489974422578	0.820001	1.0
9697	874	0.0488662807450754	0.31574198436843653	0.500001	1.0
9699	0	0.05534263763349394	0.36935068699168117	0.43000099999999997	0.981495413685524
9701	0	0.11264740705544862	0.9778456811820101	0.098001	0.8158799918032787
9704	2744	0.0	-0.0	1.0	1.0
9705	2790	0.10465804875515305	0.8778872117284455	0.151001	0.8310208384376389
9706	2931	0.025947839263633102	0.1488220122090768	0.703001	1.0
9707	1837	0.04708307309078438	0.30149080037128473	0.511001	1.0
9712	985	0.0	-0.0	1.0	1.0
9718	0	0.09090916214750656	0.717646685055664	0.191001	0.854495733522038
9719	0	0.05395903882325572	0.3576523759402267	0.444001	0.9900951016293279
9720	0	0.11103732270780331	0.9572907487549732	0.095001	0.8119952763466043
9722	4288	0.05773988756753069	0.389937848452034	0.401001	0.9670836892070485
9723	0	0.0020858803304204324	0.010485478810149282	0.975001	1.0
9725	3572	0.041093819457501665	0.2552122953259155	0.5500010000000001	1.0
9729	2491	0.04891137236465627	0.3161051845788397	0.464001	1.0
9735	2370	0.0197874679094137	0.1097744755628664	0.7830010000000001	1.0
9737	742	0.09434920006846201	0.7563601737540535	0.181001	0.8415201481953289
9740	2235	0.02785013395674025	0.16136532338183215	0.697001	1.0
9741	0	0.10998566592646178	0.9439771723271383	0.102001	0.8168629476327116
9742	0	0.06370931024870141	0.4429732353766779	0.35700099999999996	0.9474113012943431
9746	3303	0.03239274337723426	0.19226011859823017	0.630001	1.0
9748	0	0.011158661331101438	0.059032245820048346	0.851001	1.0
9752	3346	0.0811022216899489	0.6122475325490507	0.261001	0.898348226095003
9753	0	0.0	-0.0	1.0	1.0
9754	0	0.0017047149002038953	0.008550828101074987	0.980001	1.0
9758	1647	0.04865424674424787	0.3140359873579887	0.460001	1.0
9761	3145	0.08510014268858784	0.6543332558638355	0.225001	0.8848907862787356
9762	4291	0.058598549987422546	0.3974105528108747	0.41500099999999995	0.9765411452826133
9764	3682	0.09434192710466092	0.7562773613912244	0.239001	0.8917607127407907
9767	0	0.060421428549639465	0.413447899202334	0.397001	0.9659475442222223
9769	1467	0.0	-0.0	1.0	1.0
9771	1299	0.04070719516943773	0.25230818548836353	0.5590010000000001	1.0
9772	0	0.0971240116681227	0.7882544993264538	0.149001	0.8310208384376389
9776	0	0.0	-0.0	1.0	1.0
9782	0	0.028360456614284577	0.16476968888118307	0.780001	1.0
9788	0	0.06424511600378749	0.4478582278661891	0.510001	1.0
9791	2345	0.00201804479975321	0.010140561788117093	0.983001	1.0
9792	2249	0.09639345962166215	0.7797993567429109	0.17100100000000001	0.8310208384376389
9794	1728	0.031833165587462284	0.18838214711624013	0.751001	1.0
9803	0	0.13471122212901404	1.2808135296061502	0.051001	0.7632157493297588
9804	1689	0.0048802580719687	0.02492440210945341	0.955001	1.0
9809	3455	0.04973555926848071	0.322768466233811	0.46900099999999995	1.0
9813	0	0.0	-0.0	1.0	1.0
9814	4298	0.03979274340466258	0.24547921549335863	0.5540010000000001	1.0
9824	0	0.061929976688335726	0.42689872982825594	0.49300099999999997	1.0
9825	3190	0.021787680323683806	0.1221914383158649	0.764001	1.0
9826	0	0.06938894125591129	0.4958105491830346	0.319001	0.9331397138658829
9831	0	0.04634183152101435	0.2956310260121338	0.522001	1.0
9834	1035	0.0	-0.0	1.0	1.0
9835	0	0.0	-0.0	1.0	1.0
9836	0	0.06682826657436755	0.4716994983587877	0.338001	0.9371417951380095
9838	624	0.002718503685552428	0.013714851848807802	0.964001	1.0
9840	988	0.061629266924740585	0.42420451294977946	0.36700099999999997	0.9537844645145975
9843	0	0.05113380082238776	0.33418012733797087	0.443001	0.9888721608562691
9844	0	0.053826989084254415	0.356542902220855	0.527001	1.0
9850	0	0.01831503928501917	0.10079289429101533	0.7940010000000001	1.0
9851	529	0.07480190292876546	0.5483565901070436	0.261001	0.898348226095003
9853	0	0.009866119455664318	0.0518195969737328	0.890001	1.0
9855	3540	0.20002714855665843	2.423643572447813	0.005001	0.45252850413223145
9859	3972	0.04158120873529422	0.2588876070994176	0.5620010000000001	1.0
9862	3135	0.04426697143526263	0.2794278545410307	0.5550010000000001	1.0
9865	1068	0.007849359685241638	0.040764189668049185	0.9210010000000001	1.0
9867	3682	0.0	-0.0	1.0	1.0
9876	0	0.022538985847398774	0.12692005490505162	0.732001	1.0
9877	0	0.032161391102345435	0.19065433368915682	0.644001	1.0
9880	4303	0.154106191291546	1.580822963566413	0.021001000000000002	0.6067731712846347
9884	0	0.10012977539329045	0.8234801531828091	0.165001	0.8310208384376389
9885	0	0.04683666615850849	0.29953869657062465	0.525001	1.0
9886	0	0.11054790231282355	0.951083851926846	0.082001	0.7875692535087719
9888	0	0.0	-0.0	1.0	1.0
9889	1283	0.0	-0.0	1.0	1.0
9890	1606	0.0	-0.0	1.0	1.0
9895	0	0.1831814626143629	2.0922019076870026	0.007001	0.5214554353741497
9898	918	0.002072778344566102	0.01041883977733218	0.971001	1.0
9902	2373	0.0	-0.0	1.0	1.0
9904	0	0.0025786127996846623	0.012998764023661864	0.978001	1.0
9906	0	0.007669069817423144	0.039787602815524056	0.9110010000000001	1.0
9911	4021	0.04448628185177973	0.2811266676247152	0.5420010000000001	1.0
9912	0	0.015977382767318287	0.08680831892970493	0.7920010000000001	1.0
9913	1147	0.03387324157195442	0.20261880755538478	0.642001	1.0
9916	0	0.07323783473222453	0.5329521615836768	0.279001	0.910244919249106
9918	1900	0.02889012888230904	0.16832083327723463	0.6870010000000001	1.0
9919	0	0.19560766163777077	2.3341323590305265	0.004001	0.4294798921568628
9920	3755	0.06979837203915755	0.4997099808063472	0.316001	0.9305795989779451
9922	0	0.14259196306249455	1.3988435690113101	0.053001	0.7655777691292875
9923	887	0.032240130821891595	0.19120046385634232	0.6630010000000001	1.0
9924	529	0.0974922136686805	0.7925316847998087	0.162001	0.8310208384376389
9926	0	0.12170491846511669	1.097382642656937	0.065001	0.7875692535087719
9927	3387	0.0	-0.0	1.0	1.0
9931	3017	0.0170904838169966	0.09342533781616613	0.8020010000000001	1.0
9932	1442	0.03780134137973787	0.23080107473344616	0.595001	1.0
9940	0	0.08855407881603146	0.6916677204232397	0.273001	0.905784226969697
9943	752	0.12386050257903808	1.1268163124487443	0.074001	0.7875692535087719
9944	0	0.032019916885235034	0.1896740986488882	0.6580010000000001	1.0
9947	0	0.03235543656603458	0.19200094111518826	0.638001	1.0
9949	1780	0.07709771987057172	0.5712958721828243	0.272001	0.905784226969697
9958	0	0.027308458516671758	0.15777007475820284	0.690001	1.0
9959	3636	0.12434541185055756	1.1334901498205006	0.082001	0.7875692535087719
9962	0	0.025676531183624285	0.14705187950823265	0.726001	1.0
9970	3480	0.03067559592973638	0.1804246165334729	0.758001	1.0
9974	0	0.05860934585342877	0.3975048385632429	0.392001	0.9629838341934036
9976	1628	0.07399316803718273	0.540368856009394	0.277001	0.9099650071748879
9978	1985	0.0	-0.0	1.0	1.0
9979	0	0.10408965557706973	0.8709692423193847	0.147001	0.8310208384376389
9981	0	0.11089191042984389	0.9554446056720922	0.111001	0.820033522468544
9982	742	0.03838605010764046	0.2350834154338247	0.590001	1.0
9983	0	0.09693929259146655	0.7861127045302858	0.167001	0.8310208384376389
9984	1034	0.011488935855853817	0.06089127587310889	0.872001	1.0
9990	917	0.050921813301263844	0.33244130076975853	0.461001	1.0
9991	0	0.0	-0.0	1.0	1.0
9993	4288	0.06772994232838385	0.48013522185339746	0.34600099999999995	0.9406570807130477
9994	4310	0.09529240673735916	0.7671345594928703	0.197001	0.8576617104442713
9995	532	0.06163448379714478	0.42425119856053023	0.37300099999999997	0.9576559749766136
10001	0	0.0	-0.0	1.0	1.0
10002	3478	0.0	-0.0	1.0	1.0
10010	2260	0.0066114272589230735	0.03409715401156137	0.9230010000000001	1.0
10018	3708	0.0	-0.0	1.0	1.0
10021	1151	0.0791634129503191	0.5922708085850322	0.265001	0.898348226095003
10024	3145	2.8004555412550897e-05	0.00013913268424850595	1.0	1.0
10025	2239	0.08392380018512786	0.6418247034515977	0.30900099999999997	0.9281849214362851
10028	0	0.0	-0.0	1.0	1.0
10029	2733	0.0	-0.0	1.0	1.0
10034	2409	0.1637799113343895	1.742615455149522	0.015000999999999999	0.5816998406250001
10035	1241	0.016524149857169754	0.0900491760976033	0.814001	1.0
10036	0	0.06452570169629541	0.45042459527693146	0.336001	0.9371417951380095
10037	917	0.14433756813698195	1.425700414053469	0.044001	0.7480853245341614
10042	0	0.06505757040558935	0.45530487849157386	0.313001	0.9281849214362851
10045	0	0.09437016760068055	0.7565989399056923	0.178001	0.8382507307526881
10046	1611	0.035423767689213896	0.21362150705466354	0.605001	1.0
10047	3870	0.11951948127930757	1.067929779484853	0.073001	0.7875692535087719
10049	0	0.053026792466360564	0.3498457512310503	0.446001	0.9921302212515237
10052	1147	0.11054790231282355	0.951083851926846	0.082001	0.7875692535087719
10055	762	0.0	-0.0	1.0	1.0
10058	994	0.19981010598859572	2.419204759509813	0.004001	0.4294798921568628
10060	0	0.0	-0.0	1.0	1.0
10061	0	0.008541141584053044	0.04452921995523565	0.9220010000000001	1.0
10063	171	0.03239274337723426	0.19226011859823017	0.630001	1.0
10068	2554	0.05939818976419143	0.40441657561576605	0.396001	0.9659475442222223
10072	1756	0.023092421304893522	0.13042598384176424	0.750001	1.0
10075	1727	0.0	-0.0	1.0	1.0
10079	1367	0.012553133018933994	0.06692592900967646	0.845001	1.0
10082	0	0.11165549848430739	0.9651579904986951	0.098001	0.8158799918032787
10089	1343	0.022877961093064048	0.12906512460844202	0.758001	1.0
10090	0	0.09232257957709211	0.7334425714021326	0.199001	0.8576617104442713
10091	2710	0.057331925469715744	0.3864057360336695	0.40800099999999995	0.971610316554567
10092	742	0.002718503685552428	0.013714851848807802	0.964001	1.0
10094	1065	0.007318972923409127	0.03789668490042557	0.9070010000000001	1.0
10095	0	0.0	-0.0	1.0	1.0
10097	0	0.0020965243197436185	0.010539623290239003	0.981001	1.0
10101	2088	0.010154306420564134	0.05341909970226303	0.868001	1.0
10103	0	0.04815324450026125	0.3100172784413407	0.48800099999999996	1.0
10107	1147	0.050600543488047135	0.3298120214454231	0.467001	1.0
10109	0	0.028306742837635304	0.1644105765664112	0.6610010000000001	1.0
10111	3915	0.050384625316422564	0.3280489572575487	0.48800099999999996	1.0
10117	0	0.042300051097817586	0.26433744328669717	0.515001	1.0
10118	3145	0.066697483888168	0.47048084264942414	0.342001	0.9398895120676785
10121	349	0.1469484098099972	1.4663554131421985	0.018001	0.5900986497005988
10122	1185	0.00201804479975321	0.010140561788117093	0.983001	1.0
10123	987	0.0	-0.0	1.0	1.0
10127	0	0.030675595929736378	0.1804246165334729	0.734001	1.0
10129	935	0.007794131112255846	0.040464826052666096	0.9090010000000001	1.0
10132	4126	0.045818597878094454	0.29151728735150034	0.507001	1.0
10133	134	0.0	-0.0	1.0	1.0
10134	1604	0.0	-0.0	1.0	1.0
10135	0	0.0	-0.0	1.0	1.0
10136	56	0.005669680403594507	0.029085507533948465	0.9280010000000001	1.0
10137	2048	0.0	-0.0	1.0	1.0
10152	1038	0.10223865832618405	0.8486174035899097	0.146001	0.8295614680851063
10153	932	0.002118947039740876	0.010653705805318285	0.981001	1.0
10156	2424	0.024887747641106867	0.1419320856833656	0.8120010000000001	1.0
10157	0	0.0794081917240461	0.5947773868645292	0.267001	0.8995058304615384
10158	917	0.04858660205240087	0.3134923783126726	0.49500099999999997	1.0
10160	918	0.14393913638634676	1.4195474796163636	0.045001	0.7522380900763358
10163	0	0.11143531270637257	0.9623522707752601	0.135001	0.8255721652406417
10167	1932	0.09798882049467492	0.7983172122545814	0.17100100000000001	0.8310208384376389
10168	0	0.0711209515206401	0.5123899780252477	0.31000099999999997	0.9281849214362851
10169	0	0.049849996324144344	0.3236973577395876	0.48600099999999996	1.0
10183	0	0.07572671291698675	0.5575500694029417	0.264001	0.898348226095003
10187	0	0.092035232850781	0.7302188267567008	0.194001	0.8558086015310233
10189	0	0.0	-0.0	1.0	1.0
10190	3431	0.09152172811852115	0.724473647708563	0.196001	0.8563507378292099
10192	135	0.04584460926201596	0.2917213512695542	0.517001	1.0
10194	2249	0.041249852930933674	0.25638717675939987	0.568001	1.0
10196	1060	0.0	-0.0	1.0	1.0
10204	0	0.0	-0.0	1.0	1.0
10205	3762	0.03958649979878874	0.2439467600268498	0.5550010000000001	1.0
10206	0	0.002072778344566102	0.01041883977733218	0.971001	1.0
10211	0	0.13958276658505495	1.3531546674603545	0.034001	0.7037371436672969
10219	0	0.0006427635097164264	0.003204626129271612	0.988001	1.0
10220	0	0.08164764807922585	0.6179182163592637	0.256001	0.8980951454661967
10223	3416	0.033118257157971044	0.1973184585810817	0.639001	1.0
10224	0	0.11291857832866081	0.9813280535504034	0.097001	0.8157173187403994
10226	0	0.028748524031054407	0.1673696877010857	0.6800010000000001	1.0
10232	1306	0.05270775708396597	0.34718807688797293	0.461001	1.0
10234	946	0.0	-0.0	1.0	1.0
10238	0	0.05387695432419719	0.3569625637200237	0.43400099999999997	0.9844369067743939
10239	0	0.06505099890694982	0.45524445577463424	0.35000099999999995	0.942257425374969
10240	1835	0.21104778160323562	2.6549066468895144	0.006001	0.49033544029850745
10246	1657	0.10121876710959415	0.8364169783996729	0.142001	0.8265650978203083
10249	3270	0.008398490951646005	0.04375052669838173	0.890001	1.0
10251	1185	0.06869531705280606	0.48923235110223917	0.313001	0.9281849214362851
10255	103	0.002543169611928721	0.012817512644516978	0.967001	1.0
10256	0	0.005915027351838614	0.030386158460018294	0.938001	1.0
10258	0	0.07956345713782784	0.5963696551939766	0.249001	0.8956346744415243
10259	1984	0.16436583072400934	1.7526794049094876	0.013000999999999999	0.5816998406250001
10265	0	0.006897472534400942	0.035629678991325804	0.9250010000000001	1.0
10268	3335	0.0	-0.0	1.0	1.0
10271	0	0.028707894389794965	0.1670970207196528	0.698001	1.0
10274	0	0.0	-0.0	1.0	1.0
10277	3576	0.11069755657353622	0.9529797505389738	0.108001	0.820033522468544
10279	0	0.21917838462320383	2.832997259435795	0.001001	0.2149009607843137
10282	2258	0.061227379076147434	0.42061387585233545	0.377001	0.9581348300623412
10283	0	0.051900340378073076	0.3404936815611074	0.48100099999999996	1.0
10288	0	0.03741791399542416	0.22800523131646233	0.597001	1.0
10291	1716	0.05601019321223169	0.3750428888540181	0.401001	0.9670836892070485
10298	3509	0.09396451077177585	0.7519855926880046	0.172001	0.8318787654808959
10300	0	0.07153408247125209	0.5163770499785445	0.30500099999999997	0.927731210178817
10303	0	0.09263588054705696	0.7369647483037324	0.186001	0.8471401618136438
10305	0	0.17488563204875768	1.9385745809230268	0.008001	0.5374414049079754
10308	4073	0.08876466109935365	0.6939733691711382	0.214001	0.8739638004475941
10310	0	0.10591762368191997	0.8933087711942109	0.141001	0.8255721652406417
10313	887	0.07502204122004764	0.5505392294036016	0.29600099999999996	0.9186266862244896
10315	987	0.036315018273135234	0.220017574837655	0.600001	1.0
10323	1661	0.036159873688477784	0.21890040795848237	0.587001	1.0
10326	1254	0.014490689536590759	0.07808857028681293	0.841001	1.0
10327	742	0.005043202810110579	0.02578032154230729	0.955001	1.0
10329	1797	0.05847531813164294	0.39633489183556403	0.401001	0.9670836892070485
10335	0	0.10398074711064847	0.8696466228445701	0.141001	0.8255721652406417
10337	0	0.00723232511817222	0.037429803353298534	0.9180010000000001	1.0
10351	1797	0.013191973893386312	0.07058131800210105	0.838001	1.0
10353	1768	0.0	-0.0	1.0	1.0
10354	0	0.07076667837551423	0.5089808962680593	0.312001	0.9281849214362851
10355	0	0.07754041879855406	0.5757642378272281	0.245001	0.8947684953302201
10356	0	0.003652525963738773	0.01852494082082208	0.963001	1.0
10358	0	0.0808617797236564	0.6097548051063965	0.244001	0.8943980411784399
10363	0	0.03745951226768422	0.228308082060399	0.594001	1.0
10365	0	0.0	-0.0	1.0	1.0
10366	2007	0.08748326425671966	0.6799958492481499	0.20200100000000001	0.8602524111240762
10368	0	0.11613304879814883	1.023059952160133	0.096001	0.8148177899224807
10369	0	0.07119053395014292	0.5130606326217617	0.399001	0.9669459825143869
10373	0	0.04582240203693563	0.29154712877072375	0.526001	1.0
10377	1075	0.06350099617310927	0.4410795873365558	0.343001	0.9398895120676785
10379	1060	0.06529759756311226	0.45751398233204243	0.335001	0.935934153865782
10384	0	0.0007401068220847136	0.0036920021155525925	0.992001	1.0
10385	3039	0.028360456614284577	0.16476968888118307	0.780001	1.0
10386	887	0.0	-0.0	1.0	1.0
10388	3477	0.0	-0.0	1.0	1.0
10389	0	0.03308824389257644	0.19710852199107454	0.649001	1.0
10392	1913	0.06335186177746216	0.4397258177961235	0.374001	0.9576559749766136
10393	1111	0.08148589577412255	0.6162341793935366	0.248001	0.8949779001318391
10395	1342	0.0	-0.0	1.0	1.0
10399	2448	0.002718503685552428	0.013714851848807802	0.964001	1.0
10400	1605	0.03246697243067535	0.19277607182741419	0.6690010000000001	1.0
10404	0	0.04051598659686981	0.2508756387957997	0.5520010000000001	1.0
10410	0	0.042460408535120966	0.2655579298200811	0.5430010000000001	1.0
10412	137	0.010996911748396062	0.05812418347423776	0.9160010000000001	1.0
10416	2239	0.0	-0.0	1.0	1.0
10421	1525	0.0	-0.0	1.0	1.0
10423	4244	0.11264022019170764	0.9777534681950293	0.103001	0.8168629476327116
10425	0	0.07195172297092485	0.5204203685491231	0.29800099999999996	0.9206582813205417
10428	1065	0.07494145823665274	0.5497398447957988	0.265001	0.898348226095003
10430	0	0.004953999093698869	0.025311558977456673	0.947001	1.0
10431	5	0.03014943348485474	0.17683632243170092	0.6860010000000001	1.0
10437	0	0.07038613560352688	0.505329264034623	0.313001	0.9281849214362851
10438	5	0.0012364026176570411	0.006185249553585412	0.982001	1.0
10439	2946	0.07194467661198793	0.5203520441835479	0.30800099999999997	0.927731210178817
10442	1397	0.061929976688335726	0.42689872982825594	0.49300099999999997	1.0
10444	1283	0.042135701994758926	0.2630883756667268	0.564001	1.0
10445	1106	0.0072835439581327675	0.03770573076078456	0.9230010000000001	1.0
10446	2568	0.20617929805816773	2.5513171878023924	1e-06	0.00043795999999999993
10448	4078	0.0	-0.0	1.0	1.0
10449	1077	0.0	-0.0	1.0	1.0
10450	1990	0.0	-0.0	1.0	1.0
10454	2403	0.0053490294132491146	0.027390949325384096	0.941001	1.0
10456	1120	0.08529636182497889	0.656429939018589	0.240001	0.8917607127407907
10457	0	0.07923686716924477	0.5930225223876002	0.251001	0.896185036881268
10465	4280	0.09272517029737704	0.7379699430788413	0.17100100000000001	0.8310208384376389
10466	0	0.002718503685552428	0.013714851848807802	0.964001	1.0
10470	0	0.06502241952767605	0.45498171423280065	0.35500099999999996	0.9468711203410474
10471	1254	0.004051493802040654	0.02059494137704484	0.972001	1.0
10475	3708	0.020030400077395816	0.11126925013535405	0.776001	1.0
10478	0	0.07424446938223499	0.5428457413690669	0.276001	0.9099650071748879
10481	0	0.06180971512891021	0.4258204676100735	0.390001	0.962389215460897
10484	4325	0.08013674784592367	0.6022644626241606	0.250001	0.896185036881268
10485	348	0.11606408524964412	1.022155865588716	0.08500100000000001	0.7979872449152542
10486	0	0.08428917874386527	0.6456987151362653	0.218001	0.8768894008082292
10490	0	0.03877580672622889	0.23795058929148283	0.608001	1.0
10491	0	0.040442172764958616	0.2503232768468746	0.5590010000000001	1.0
10493	2349	0.037891216346724405	0.23145783019184799	0.606001	1.0
10497	0	0.04490886615456073	0.2844092864500385	0.519001	1.0
10498	3708	0.053826989084254415	0.356542902220855	0.527001	1.0
10500	0	0.12528639100848243	1.1464961402626062	0.073001	0.7875692535087719
10501	1217	0.0	-0.0	1.0	1.0
10508	4133	0.04328356616686134	0.271850349372243	0.5350010000000001	1.0
10509	602	0.0231010756449484	0.13048096081542035	0.749001	1.0
10515	0	0.10910029607149155	0.9328373401336928	0.127001	0.8228011532544378
10516	1442	0.062192955785633164	0.4292601982965388	0.379001	0.9581348300623412
10519	3999	0.0	-0.0	1.0	1.0
10521	4008	0.07307638965953461	0.5313723707065189	0.30800099999999997	0.927731210178817
10523	1727	0.0956529929469295	0.7712718145415094	0.191001	0.854495733522038
10527	1343	0.11054790231282355	0.951083851926846	0.082001	0.7875692535087719
10529	138	0.09401816540567734	0.7525950513341828	0.175001	0.8342142636363636
10530	3657	0.006006321973738061	0.030871034523274846	0.9340010000000001	1.0
10532	0	0.11054790231282355	0.951083851926846	0.082001	0.7875692535087719
10535	0	0.0	-0.0	1.0	1.0
10538	1612	0.10593533448763338	0.8935265094800677	0.126001	0.8221602794994041
10539	0	0.08233289121107874	0.6250742575171138	0.23400100000000001	0.8917607127407907
10546	3335	0.05934215883664334	0.40392418387727025	0.41300099999999995	0.9745577476293102
10548	0	0.01752686864537599	0.09604026021301978	0.818001	1.0
10550	3432	0.10261636341275698	0.8531564644631374	0.173001	0.8318787654808959
10552	0	0.017340953761536233	0.09492478140970058	0.813001	1.0
10559	0	0.0638846101383256	0.44456918910087745	0.406001	0.9701669465298997
10560	0	0.025859104858809177	0.14824255458039434	0.740001	1.0
10561	0	0.025692655924264923	0.14715695346717558	0.728001	1.0
10562	3632	0.053826989084254415	0.356542902220855	0.527001	1.0
10563	0	0.039896226613932675	0.24624920046282606	0.582001	1.0
10566	38	0.0	-0.0	1.0	1.0
10567	1766	0.14116111684602167	1.3770229938918566	0.041001	0.7444775273631842
10577	0	0.0072606106119310915	0.03758216458094032	0.9140010000000001	1.0
10578	532	0.019878862556208087	0.1103364011517652	0.7820010000000001	1.0
10579	0	0.04082721245192641	0.2532086155285038	0.5410010000000001	1.0
10585	0	0.03209995854093357	0.19022852461652642	0.649001	1.0
10594	1647	0.011881346274148389	0.0631085601256553	0.871001	1.0
10596	0	0.061929976688335726	0.42689872982825594	0.49300099999999997	1.0
10599	0	0.0	-0.0	1.0	1.0
10600	0	0.040603209441220166	0.2515288136751785	0.574001	1.0
10602	735	0.06875249823903382	0.48977332053336253	0.326001	0.9352299346354166
10612	3240	0.0	-0.0	1.0	1.0
10615	1197	0.13723442842435976	1.3180326531773092	0.050001000000000004	0.7603624291666667
10617	0	0.013683194918329263	0.07340881241363809	0.836001	1.0
10620	4237	0.004051493802040654	0.02059494137704484	0.972001	1.0
10622	2491	0.0	-0.0	1.0	1.0
10626	917	0.015614394106026382	0.08466687603885803	0.824001	1.0
10630	3282	0.03312182263264431	0.19734340225302957	0.638001	1.0
10634	0	0.010187756528417982	0.05360507602994284	0.891001	1.0
10637	1860	0.1029315420697933	0.8569527194823516	0.143001	0.8279841084082495
10649	0	0.09830718825189487	0.8020363550496616	0.167001	0.8310208384376389
10653	0	0.0	-0.0	1.0	1.0
10655	874	0.01097733079676752	0.05801436228256249	0.867001	1.0
10659	1993	0.058620492166523104	0.3976021936121271	0.385001	0.9600036322022317
10660	0	0.07245663830861712	0.5253257281906739	0.30100099999999996	0.9247081787317619
10661	0	0.08571888879732044	0.6609547319301776	0.215001	0.8747848193979934
10667	3132	0.042501641943719956	0.2658720392814858	0.5480010000000001	1.0
10668	918	0.061929976688335726	0.42689872982825594	0.49300099999999997	1.0
10674	0	0.09387231043295668	0.7509388165578488	0.204001	0.8630629632921175
10676	0	0.06747376148622405	0.4777324951305474	0.326001	0.9352299346354166
10683	916	0.0	-0.0	1.0	1.0
10684	0	0.0	-0.0	1.0	1.0
10685	3478	0.0	-0.0	1.0	1.0
10686	0	0.08230398966478626	0.6247717226769313	0.236001	0.8917607127407907
10692	2043	0.06961580523956047	0.49796969732398083	0.328001	0.9352299346354166
10693	0	0.0	-0.0	1.0	1.0
10698	4338	0.06372984460339498	0.44316006868772295	0.399001	0.9669459825143869
10699	2689	0.04150625920811746	0.2583213873009431	0.5560010000000001	1.0
10706	0	0.07114195592298389	0.5125923868463111	0.30400099999999997	0.927677522017837
10712	0	0.011771927998560413	0.06248937101545154	0.881001	1.0
10716	0	0.010926611509468899	0.057730006174437104	0.871001	1.0
10719	2373	0.005609780289347686	0.028768494902418007	0.938001	1.0
10722	0	0.10472974775034274	0.8787616826008287	0.126001	0.8221602794994041
10724	0	0.0	-0.0	1.0	1.0
10726	0	0.0	-0.0	1.0	1.0
10729	0	0.0	-0.0	1.0	1.0
10731	0	0.032895346067338745	0.19576064665602083	0.624001	1.0
10732	3145	0.01649284069085145	0.08986310267028941	0.7990010000000001	1.0
10733	532	0.0	-0.0	1.0	1.0
10736	141	0.06579492158532012	0.46210436825458595	0.342001	0.9398895120676785
10740	2813	0.09645059304310648	0.780459101371652	0.173001	0.8318787654808959
10743	1	0.06864721853280206	0.488777493690729	0.31000099999999997	0.9281849214362851
10744	2844	0.03993615319154359	0.24654647272618427	0.6750010000000001	1.0
10745	1369	0.05385546855031794	0.3567820818374162	0.456001	0.9999509210895252
10746	3043	0.01940986183269052	0.10745832483311529	0.7860010000000001	1.0
10747	1306	0.009835165558797272	0.05164809014304944	0.889001	1.0
10751	0	0.07018086628596258	0.5033639280608982	0.28600099999999995	0.9150861919929864
10753	0	0.0	-0.0	1.0	1.0
10754	2205	0.03907559176969784	0.24016279316041328	0.573001	1.0
10755	3786	0.0	-0.0	1.0	1.0
10756	1179	0.0	-0.0	1.0	1.0
10759	19	0.09798882049467492	0.7983172122545814	0.17100100000000001	0.8310208384376389
10763	1689	0.05312222651350369	0.35064212831452	0.457001	1.0
10766	3682	0.04320000547027717	0.2712095021028755	0.5310010000000001	1.0
10773	2408	0.07356573858216311	0.5361667154152834	0.315001	0.928883907621869
10775	0	0.11725625289801564	1.037839011716378	0.086001	0.7979872449152542
10776	0	0.0698887306438794	0.5005722075170308	0.341001	0.9398895120676785
10779	4342	0.10065753000497907	0.8297380637473751	0.148001	0.8310208384376389
10781	2419	0.04253319780821328	0.26611250428103517	0.529001	1.0
10783	1068	0.05240105375554449	0.3446398173274226	0.456001	0.9999509210895252
10784	1299	0.0	-0.0	1.0	1.0
10787	0	0.0	-0.0	1.0	1.0
10790	0	0.091016117141658	0.7188366052747149	0.208001	0.8659326802281369
10791	0	0.06784327125491299	0.48119965744461135	0.323001	0.9348501054718477
10793	1442	0.108202583893629	0.9216061343797648	0.131001	0.8241244759479344
10794	3107	0.1645690870462242	1.756177705278502	0.016001	0.5816998406250001
10796	0	0.0698405211772252	0.5001121052945927	0.314001	0.9281849214362851
10797	0	0.00214054979850419	0.010763643819432617	0.983001	1.0
10800	0	0.09227234298387056	0.732878507884803	0.194001	0.8558086015310233
10803	2266	0.00024456937022416907	0.0012165788387952545	1.0	1.0
10808	0	0.024731561344833706	0.14092300348071846	0.706001	1.0
10810	0	0.07793259140363966	0.5797348070314083	0.28800099999999995	0.9168680668196155
10812	1462	0.11154621949368708	0.9637650153667009	0.116001	0.820033522468544
10813	1110	0.03909254052989676	0.2402880422119791	0.566001	1.0
10820	0	0.031370402784334006	0.18519051559159694	0.6600010000000001	1.0
10823	349	0.0812610663074719	0.6138966995466293	0.277001	0.9099650071748879
10824	1797	0.0	-0.0	1.0	1.0
10826	918	0.0	-0.0	1.0	1.0
10830	1954	0.13839031482750597	1.3352619786073567	0.048001	0.7562056820143885
10836	4345	0.0	-0.0	1.0	1.0
10837	1065	0.0	-0.0	1.0	1.0
10839	1456	0.0	-0.0	1.0	1.0
10841	0	0.0015380153639144509	0.0077073422871581235	0.983001	1.0
10842	0	0.0010821313362366775	0.0054087283363805135	0.993001	1.0
10843	38	0.0054127794402394035	0.027727373974156772	0.941001	1.0
10844	171	0.0	-0.0	1.0	1.0
10852	363	0.04924449959946974	0.31879276979897964	0.49600099999999997	1.0
10856	0	0.07004553075597844	0.5020698528927433	0.30200099999999996	0.926220994117647
10873	3869	0.003895698149979379	0.019785515861630375	0.951001	1.0
10874	0	0.0709013896329369	0.5102761058306663	0.30700099999999997	0.927731210178817
10877	858	0.0	-0.0	1.0	1.0
10880	3131	0.06598089423061597	0.46382551792906707	0.332001	0.9356702571428571
10881	0	0.049910568551240805	0.3241893916950976	0.49800099999999997	1.0
10889	0	0.057782140741351844	0.3903043460839303	0.42900099999999997	0.9806120979123172
10896	0	0.0	-0.0	1.0	1.0
10897	0	0.052995002798857264	0.34958061413978625	0.443001	0.9888721608562691
10902	2897	0.026035639285655027	0.14939586153167206	0.733001	1.0
10907	3870	0.06424511600378749	0.4478582278661891	0.510001	1.0
10909	1068	0.02115710020383003	0.1182499507950133	0.742001	1.0
10920	425	0.046293993825775925	0.2952541427037053	0.503001	1.0
10922	381	0.06559645519031586	0.46027034759553276	0.339001	0.9392008980263158
10927	1203	0.07573110024605051	0.5575938345584126	0.266001	0.898348226095003
10932	2397	0.07718007710051354	0.572126037760825	0.274001	0.908276399939449
10933	0	0.07058746594436145	0.5072598801415211	0.31100099999999997	0.9281849214362851
10934	4351	0.004744942402167886	0.024214787586120157	0.954001	1.0
10936	917	0.05511423223695255	0.36741027539296556	0.42400099999999996	0.9800267994511292
10937	2532	0.0	-0.0	1.0	1.0
10938	0	0.0526694194265285	0.34686918836404634	0.567001	1.0
10948	2250	0.0015453492584334913	0.007744417715790882	0.985001	1.0
10951	1797	0.08062725884687455	0.6073276436356178	0.236001	0.8917607127407907
10952	4281	0.031137513741758528	0.1835895658105517	0.644001	1.0
10957	2371	0.01797092327331725	0.09871317779873323	0.7920010000000001	1.0
10958	0	0.10239054802747864	0.8504413832456785	0.146001	0.8295614680851063
10959	3999	0.0503542801110767	0.32780143420907387	0.587001	1.0
10960	0	0.05361652491510477	0.3547771142192122	0.47700099999999995	1.0
10963	0	0.07075552212851983	0.5088736917724603	0.327001	0.9352299346354166
10964	0	0.033417587056826056	0.19941543277356605	0.623001	1.0
10965	0	0.04401291757245003	0.2774639944214879	0.565001	1.0
10966	0	0.089086161740624	0.6974999939905664	0.17100100000000001	0.8310208384376389
10967	1910	0.041423298288286864	0.25769508462213986	0.5340010000000001	1.0
10968	0	0.0	-0.0	1.0	1.0
10971	0	0.08588462326949717	0.6627332636349009	0.223001	0.8836908972131741
10974	1757	0.0	-0.0	1.0	1.0
10978	0	0.03814770450932291	0.23333505361645024	0.5510010000000001	1.0
10986	913	0.015257458658201738	0.08256899132579806	0.839001	1.0
10989	0	0.07697838223877242	0.5700938371701536	0.337001	0.9371417951380095
10991	1463	0.09964927441259105	0.8178015463701637	0.161001	0.8310208384376389
11000	2610	0.11865088991690485	1.056332129157837	0.016001	0.5816998406250001
11001	0	0.0	-0.0	1.0	1.0
11003	1380	0.007921018396046739	0.04115288028021655	0.905001	1.0
11004	918	0.061929976688335726	0.42689872982825594	0.49300099999999997	1.0
11007	972	0.037870795753442904	0.23130856091011417	0.592001	1.0
11010	1837	0.023895422833902447	0.13554718178802166	0.743001	1.0
11015	0	0.0	-0.0	1.0	1.0
11016	887	0.09163119702278678	0.7256967025448546	0.194001	0.8558086015310233
11018	0	0.09033167442778428	0.7112370634869394	0.180001	0.8415201481953289
11023	1034	0.032448121513601984	0.1926450083440896	0.641001	1.0
11024	735	0.044684193596253745	0.28266252744818654	0.5550010000000001	1.0
11026	2239	0.0	-0.0	1.0	1.0
11028	1603	0.0707687173795126	0.5090004907950141	0.324001	0.9352299346354166
11029	891	0.15252013885954124	1.5550765279118344	0.030001	0.6731166987704919
11031	566	0.012462499081036152	0.06640932403857747	0.856001	1.0
11034	4010	0.12971604013262306	1.2087047063787753	0.066001	0.7875692535087719
11035	0	0.11738890400217633	1.0395911854606241	0.097001	0.8157173187403994
11036	94	0.0	-0.0	1.0	1.0
11037	529	0.1348105717252073	1.2822688853866724	0.057001	0.7811063191489362
11038	0	0.046989552515039106	0.30074941513506737	0.48400099999999996	1.0
11039	2424	0.09757316820734127	0.7934735027067964	0.165001	0.8310208384376389
11045	916	0.10701773577339244	0.9068809277017547	0.121001	0.820033522468544
11046	918	0.02248185543388663	0.12655923908412298	0.725001	1.0
11047	2370	0.01645703647991977	0.089650388409158	0.813001	1.0
11054	2329	0.02605492345501666	0.14952196606820714	0.698001	1.0
11059	4053	0.07073423204966418	0.5086691328308804	0.29100099999999995	0.9168680668196155
11062	2043	0.0	-0.0	1.0	1.0
11064	0	0.0	-0.0	1.0	1.0
11075	2448	0.0514606224530365	0.3368669854693436	0.460001	1.0
11076	0	0.08352270765658087	0.6375836471493002	0.246001	0.8949779001318391
11077	1110	0.04550485641101896	0.2890595642286513	0.515001	1.0
11078	4355	0.06761804825482766	0.47908517829356345	0.36400099999999996	0.9502734737720553
11080	1397	0.06757498513111634	0.47868130485039617	0.330001	0.9356702571428571
11083	3675	0.03548652455341353	0.21407016702462706	0.616001	1.0
11084	2600	0.042428259542971886	0.265313103579896	0.5580010000000001	1.0
11089	0	0.10012977539329045	0.8234801531828091	0.165001	0.8310208384376389
11093	297	0.0	-0.0	1.0	1.0
11098	0	0.0	-0.0	1.0	1.0
11101	0	0.0566005509530783	0.3801029441238765	0.42900099999999997	0.9806120979123172
11102	0	0.16330443935735653	1.7344709117892578	0.017001000000000002	0.5816998406250001
11103	0	0.07591699289137499	0.55944949053685	0.257001	0.898348226095003
11109	0	0.03795784923999378	0.23194509227605947	0.598001	1.0
11110	3573	0.0	-0.0	1.0	1.0
11114	0	0.04889351415614359	0.31596132502720425	0.48200099999999996	1.0
11117	0	0.0301020969413747	0.17651437768214098	0.6580010000000001	1.0
11121	1023	0.057782140741351844	0.3903043460839303	0.42900099999999997	0.9806120979123172
11124	1163	0.027490254716638213	0.1589746105461415	0.700001	1.0
11128	4067	0.002072778344566102	0.01041883977733218	0.971001	1.0
11129	425	0.002072778344566102	0.01041883977733218	0.971001	1.0
11131	0	0.044027301918048795	0.27757506982041186	0.5380010000000001	1.0
11133	0	0.0	-0.0	1.0	1.0
11134	0	0.0	-0.0	1.0	1.0
11140	0	0.07017097280498398	0.5032692814725613	0.343001	0.9398895120676785
11142	0	0.12546352690465706	1.1489526322243075	0.075001	0.7875692535087719
11143	1397	0.031149790449180335	0.18367387168483743	0.6710010000000001	1.0
11148	0	0.13667106116211136	1.3096761106327546	0.042001000000000004	0.7473300777777777
11152	1727	0.0	-0.0	1.0	1.0
11159	0	0.1266759820139352	1.165836295583858	0.066001	0.7875692535087719
11165	3736	0.01777905605249004	0.09755677196840017	0.8040010000000001	1.0
11166	1930	0.026572604225824283	0.15291608313510835	0.721001	1.0
11167	0	0.035660196088327455	0.21531312921799983	0.621001	1.0
11174	4268	0.007831203262700835	0.04066575386360368	0.896001	1.0
11179	1197	0.028360456614284577	0.16476968888118307	0.780001	1.0
11180	0	0.0	-0.0	1.0	1.0
11181	2935	0.0	-0.0	1.0	1.0
11184	1448	0.11054790231282355	0.951083851926846	0.082001	0.7875692535087719
11185	2806	0.14492159261578205	1.4347439488555658	0.037001	0.7273320448833034
11189	3736	0.0001497419273702727	0.0007444682783124903	0.998001	1.0
11190	0	0.048639745553998415	0.3139194257852266	0.48700099999999996	1.0
11191	1689	0.007381802261267133	0.03823550258638034	0.9250010000000001	1.0
11192	0	0.1517085126924944	1.5419857850998597	0.028001	0.6564945374732334
11194	19	0.028360456614284577	0.16476968888118307	0.780001	1.0
11195	3243	0.01564892532822324	0.08487024559327318	0.827001	1.0
11196	0	0.054828883260572545	0.3649912431534528	0.41700099999999996	0.977047710036379
11198	1728	0.06067006982338786	0.41565371306351495	0.36900099999999997	0.955353972333885
11200	1066	0.07558372521154944	0.5561244975565685	0.29200099999999996	0.9168680668196155
11201	1150	0.0084630960252089	0.044103040049451515	0.899001	1.0
11202	934	0.014343518941045567	0.07723270771235541	0.846001	1.0
11206	899	0.0053490294132491146	0.027390949325384096	0.941001	1.0
11207	1147	0.03237421104851748	0.19213135965787365	0.6570010000000001	1.0
11209	0	0.049605732312096806	0.3217157488155204	0.47700099999999995	1.0
11212	1729	0.0	-0.0	1.0	1.0
11214	0	0.1366023851434988	1.3086592540107231	0.040001	0.7385682107925801
11215	2161	0.07577303006363792	0.5580121712689132	0.246001	0.8949779001318391
11218	0	0.0	-0.0	1.0	1.0
11219	2912	0.0021435197310709017	0.010778760118146768	0.972001	1.0
11229	1324	0.060779138244638944	0.41662270046536104	0.403001	0.968919180720246
11232	2038	0.0	-0.0	1.0	1.0
11234	2446	0.07287898043467192	0.5294432675924524	0.30700099999999997	0.927731210178817
11245	1402	0.0074014690188645045	0.03834160662133578	0.9070010000000001	1.0
11249	2407	0.037359347152478344	0.2275790377672512	0.596001	1.0
11250	1933	0.0	-0.0	1.0	1.0
11253	4363	0.06701704269853247	0.473460732769425	0.381001	0.9585431868106616
11255	1306	0.0	-0.0	1.0	1.0
11256	3573	0.15424218221788633	1.5830406813086353	0.008001	0.5374414049079754
11258	858	0.005220051758834443	0.026711027181764387	0.943001	1.0
11262	0	0.054716809052819726	0.36404270075559936	0.438001	0.9879837142562835
11265	4364	0.03319560192849281	0.19785974070522505	0.647001	1.0
11267	1658	0.05301852143351637	0.3497767611049923	0.448001	0.9947602816872845
11274	522	0.0953697332415868	0.7680209301491556	0.163001	0.8310208384376389
11275	0	0.09950673411057162	0.8161204693200037	0.161001	0.8310208384376389
11276	3324	0.0687200142516543	0.4894659726848376	0.34500099999999995	0.9398895120676785
11279	0	0.0995415511041817	0.8165309435520407	0.186001	0.8471401618136438
11292	0	0.09538949698652027	0.7682475504980544	0.182001	0.8422353968723585
11293	1306	0.09566846892722625	0.7714496070244113	0.161001	0.8310208384376389
11294	0	0.0	-0.0	1.0	1.0
11295	1321	0.006182013088285199	0.031805522241920785	0.9180010000000001	1.0
11298	0	0.026432276523650385	0.15199435157610056	0.718001	1.0
11301	1780	0.06885482514330328	0.4907419908029036	0.31000099999999997	0.9281849214362851
11306	348	0.027753329812826383	0.16072142789087823	0.711001	1.0
11307	918	0.05544540312285029	0.37022492271421026	0.42300099999999996	0.9799911022005923
11310	1966	0.0	-0.0	1.0	1.0
11311	994	0.027703839267492474	0.16039247222372124	0.698001	1.0
11314	0	0.09814811348542482	0.8001770693614875	0.173001	0.8318787654808959
11316	2580	0.08573173487990786	0.6610925113962951	0.211001	0.8717924335849057
11323	887	0.08919782676429874	0.6987267269562266	0.241001	0.8917607127407907
11325	1547	0.0	-0.0	1.0	1.0
11330	0	0.01778748331385336	0.09760751638939204	0.7980010000000001	1.0
11331	0	0.08816153787122825	0.6873788652486892	0.216001	0.8749518864224936
11332	0	0.008880216968494302	0.04638498188708558	0.894001	1.0
11336	1766	0.0	-0.0	1.0	1.0
11339	2180	0.004573383541289222	0.023316639420660642	0.956001	1.0
11341	0	0.0023056935496847952	0.011604958123609262	0.972001	1.0
11365	3736	0.028360456614284577	0.16476968888118307	0.780001	1.0
11366	0	0.08874611277357274	0.693770148885255	0.188001	0.8519962537251655
11370	2456	0.12234917901350248	1.106139832307249	0.084001	0.794923897147796
11371	3836	0.115774109025842	1.0183585989975392	0.093001	0.8119952763466043
11372	3171	0.01474836678812766	0.07959024929158987	0.836001	1.0
11376	1647	0.10419233702986565	0.8722170975956034	0.127001	0.8228011532544378
11382	0	0.0	-0.0	1.0	1.0
11387	1537	0.0	-0.0	1.0	1.0
11389	0	0.053826989084254415	0.356542902220855	0.527001	1.0
11392	1856	0.0	-0.0	1.0	1.0
11393	1603	0.10494601907792851	0.8814018829190049	0.132001	0.8241244759479344
11396	0	0.1780588537056466	1.996600084864205	0.010001	0.5816998406250001
11398	0	0.09671862638841411	0.7835575892379011	0.157001	0.8310208384376389
11399	1952	0.06322024484368509	0.4385323897151677	0.379001	0.9581348300623412
11402	1120	0.0	-0.0	1.0	1.0
11405	0	0.0031478233447149034	0.015919537299275865	0.964001	1.0
11409	1110	0.0	-0.0	1.0	1.0
11413	1547	0.002528364084428178	0.01274182070442951	0.967001	1.0
11414	2052	0.027694628373604785	0.1603312662275777	0.6770010000000001	1.0
11415	0	0.07905636280347651	0.5911760039026077	0.241001	0.8917607127407907
11421	0	0.056289473152804234	0.3774335862563032	0.390001	0.962389215460897
11423	0	0.02985668698444166	0.17484762072053464	0.6570010000000001	1.0
11424	0	0.1587018254273932	1.6566614126395645	0.021001000000000002	0.6067731712846347
11425	0	0.08813665471694485	0.6871073915140123	0.204001	0.8630629632921175
11428	0	0.11298528322618302	0.9821855824503812	0.110001	0.820033522468544
11431	0	0.0021000296791131856	0.010557455985263963	0.984001	1.0
11435	1907	0.06955698062079835	0.49740948107242455	0.28800099999999995	0.9168680668196155
11438	0	0.036463444218365886	0.22108785141199291	0.708001	1.0
11441	3161	0.18026465457795543	2.0374732354685823	0.003001	0.4159234050632912
11443	1548	0.11980845957463078	1.0718019237029117	0.006001	0.49033544029850745
11448	0	0.06369654223015843	0.4428570799149852	0.36200099999999996	0.9484443524766689
11453	529	0.09456782158843528	0.7588513822452664	0.182001	0.8422353968723585
11454	94	0.0	-0.0	1.0	1.0
11464	1363	0.018280579789575313	0.10058430378783201	0.7830010000000001	1.0
11466	1605	0.0	-0.0	1.0	1.0
11468	1835	0.08750077756670363	0.680186040522299	0.208001	0.8659326802281369
11473	3919	0.08573495933217744	0.6611270969268539	0.223001	0.8836908972131741
11474	887	0.07736114446245698	0.5739529814733485	0.28500099999999995	0.9150861919929864
11475	0	0.0	-0.0	1.0	1.0
11476	297	0.04110596959501657	0.2553037231860924	0.5580010000000001	1.0
11477	2161	0.08578142797048333	0.661625608004983	0.200001	0.8576617104442713
11478	3788	0.04169000336048393	0.2597101884127496	0.5460010000000001	1.0
11484	182	0.036224155124828544	0.2193630934413829	0.618001	1.0
11486	3520	0.11519489675716378	1.0107941299447971	0.105001	0.8188432685185185
11488	0	0.06756207407402078	0.47856024295780764	0.337001	0.9371417951380095
11491	532	0.061929976688335726	0.42689872982825594	0.49300099999999997	1.0
11492	986	0.01595587317577212	0.08668119908095626	0.830001	1.0
11497	1999	0.06297973574861447	0.4363548002323375	0.35300099999999995	0.944989718581907
11504	0	0.0006133619481156118	0.00305752536713886	0.993001	1.0
11512	1463	0.09186522859291738	0.7283145423285081	0.191001	0.854495733522038
11516	0	0.09935810766813874	0.8143693080014849	0.173001	0.8318787654808959
11519	350	0.07740191574515712	0.5743646944162599	0.264001	0.898348226095003
11520	3244	0.06970738235723078	0.49884233469210265	0.327001	0.9352299346354166
11526	3897	0.008067786171243811	0.04194992319059438	0.9140010000000001	1.0
11531	3714	0.0	-0.0	1.0	1.0
11532	1363	0.0	-0.0	1.0	1.0
11533	521	0.05743199491003168	0.3872710433301571	0.400001	0.9670836892070485
11541	988	0.017942329694751475	0.09854069706513127	0.833001	1.0
11542	608	0.05327344867808448	0.3519053463459647	0.441001	0.9884380653019446
11552	1109	0.14591455530268	1.4501868132048652	0.024001	0.6286769114832536
11555	1928	0.0445664318224472	0.28174833695165485	0.613001	1.0
11559	0	0.07859123125144568	0.5864290333315259	0.261001	0.898348226095003
11560	1455	0.062280968459458144	0.43005162928709484	0.36500099999999996	0.9517494520123838
11565	2316	0.13816295939582607	1.3318641680974757	0.057001	0.7811063191489362
11566	0	0.05703535327305731	0.3838454077470311	0.402001	0.9682157828860537
11571	1612	0.033251454876168846	0.19825085978141513	0.614001	1.0
11574	732	0.1128758778697047	0.9807793031821047	0.098001	0.8158799918032787
11576	1780	0.03999489254099453	0.2469840089131749	0.5600010000000001	1.0
11578	994	0.08380818012225226	0.6406009173915252	0.239001	0.8917607127407907
11579	4370	0.11054790231282355	0.951083851926846	0.082001	0.7875692535087719
11580	0	0.022221669474147016	0.12491858762276549	0.734001	1.0
11581	2423	0.04132562657307763	0.25695831796187685	0.565001	1.0
11585	917	0.0	-0.0	1.0	1.0
11587	3170	0.1271049697823154	1.171839124340834	0.061001	0.7875692535087719
11589	0	0.0816576870855757	0.6180227993849454	0.216001	0.8749518864224936
11596	3325	0.0655251685297022	0.4596122847251607	0.35300099999999995	0.944989718581907
11600	3257	0.0	-0.0	1.0	1.0
11601	0	0.08931819515343542	0.7000501423156419	0.189001	0.8533492573195877
11602	0	0.0428602246904166	0.268608504468845	0.513001	1.0
11603	0	0.0	-0.0	1.0	1.0
11605	0	0.0648340855947403	0.4532517587239192	0.35000099999999995	0.942257425374969
11611	436	0.0693541452075183	0.4954797145195157	0.327001	0.9352299346354166
11614	3124	0.0	-0.0	1.0	1.0
11619	0	0.0	-0.0	1.0	1.0
11621	3831	0.0	-0.0	1.0	1.0
11622	0	0.0	-0.0	1.0	1.0
11624	2314	0.0	-0.0	1.0	1.0
11625	2524	0.03500669307252826	0.21064635852740846	0.640001	1.0
11626	1604	0.033377370088147215	0.1991333494532794	0.634001	1.0
11627	1357	0.13025918614407062	1.2164444973045265	0.056001	0.7811063191489362
11629	2783	0.12325206853542958	1.1184697449455754	0.080001	0.7875692535087719
11631	1397	0.0402194004018554	0.24865844610597096	0.5580010000000001	1.0
11637	1562	0.0637776540390671	0.4435951837095327	0.392001	0.9629838341934036
11639	499	0.057782140741351844	0.3903043460839303	0.42900099999999997	0.9806120979123172
11640	0	0.008007819792716833	0.04162411370668706	0.9080010000000001	1.0
11645	4088	0.06271826168788767	0.43399209896788205	0.35400099999999995	0.9451248351621554
11646	1862	0.04353931655467559	0.273814697519435	0.574001	1.0
11647	0	0.0	-0.0	1.0	1.0
11652	2343	0.020915373555990602	0.11674561227741385	0.761001	1.0
11653	0	0.025096257468356125	0.14328162888676832	0.730001	1.0
11659	2449	0.08285536184184224	0.6305542152409314	0.241001	0.8917607127407907
11666	0	0.11054790231282355	0.951083851926846	0.082001	0.7875692535087719
11671	3015	0.054855899249491955	0.36522002522603636	0.43200099999999997	0.9831592078569943
11686	0	0.07390930960725012	0.539543364936657	0.28200099999999995	0.9113426649940967
11687	0	0.08971164847375734	0.704383786241201	0.253001	0.896185036881268
11689	3107	0.0	-0.0	1.0	1.0
11690	0	0.015270893120441442	0.08264781146347695	0.817001	1.0
11692	0	0.1613138958676716	1.700590873901384	0.021001000000000002	0.6067731712846347
11693	1933	0.04057530718634252	0.2513198100241367	0.583001	1.0
11695	0	0.0904036183059255	0.7120341832904344	0.20300100000000001	0.8624982339930151
11696	2949	0.03524752665702775	0.21236291644013972	0.614001	1.0
11697	3520	0.002072778344566102	0.01041883977733218	0.971001	1.0
11703	3249	0.033325884848304295	0.19877238452415083	0.6660010000000001	1.0
11706	0	0.0	-0.0	1.0	1.0
11710	4377	0.07273389568473324	0.5280273133908843	0.29700099999999996	0.9201652374080361
11714	0	0.022593791038832446	0.12726637816506983	0.766001	1.0
11717	1506	0.11928384668580594	1.0647774506158638	0.074001	0.7875692535087719
11719	0	0.09522109536191767	0.766317549582867	0.170001	0.8310208384376389
11722	0	0.07119053395014292	0.5130606326217617	0.399001	0.9669459825143869
11729	0	0.0	-0.0	1.0	1.0
11733	4378	0.009577304278828781	0.050221570034536596	0.889001	1.0
11738	1696	0.06366738523327817	0.44259187168048253	0.34900099999999995	0.941649075653031
11746	1096	0.08904901255082667	0.6970920908015082	0.148001	0.8310208384376389
11747	1768	0.033294164156348116	0.198550075912842	0.652001	1.0
11750	1728	0.07769696297002215	0.5773478024466677	0.29600099999999996	0.9186266862244896
11751	1040	0.11800605818388457	1.047761900679834	0.108001	0.820033522468544
11752	0	0.056412760673101275	0.37849070097425747	0.40700099999999995	0.9712846445074105
11753	0	0.03135081315509507	0.18505571486172728	0.646001	1.0
11754	1614	0.08344157317710989	0.6367272286096938	0.237001	0.8917607127407907
11755	2091	0.12031567066624081	1.0786147393642815	0.087001	0.8025054330244313
11756	0	0.0488491971153131	0.31560441714577486	0.49800099999999997	1.0
11761	1648	0.0030217718597035786	0.01527112299754512	0.965001	1.0
11764	2052	0.0	-0.0	1.0	1.0
11767	0	0.0	-0.0	1.0	1.0
11771	0	0.16499300457255944	1.7634856444598785	0.024001	0.6286769114832536
11776	0	0.026581956516226614	0.15297755758858217	0.725001	1.0
11781	3131	0.006015695642334637	0.03092084673761112	0.9250010000000001	1.0
11786	0	0.017166397543234624	0.09387938955454933	0.824001	1.0
11787	2929	0.03270460809212902	0.19443025325014263	0.643001	1.0
11791	3556	0.05732373201985584	0.3863349180285826	0.43100099999999997	0.981495413685524
11798	0	0.0	-0.0	1.0	1.0
11800	3247	0.11532888778587097	1.0125416300550945	0.105001	0.8188432685185185
11807	2051	0.05513903253564461	0.36762078846844864	0.42700099999999996	0.9806120979123172
11808	0	0.03697210280273479	0.22476676799130413	0.587001	1.0
11811	3040	0.0	-0.0	1.0	1.0
11822	0	0.08009371768198051	0.6018211546166269	0.256001	0.8980951454661967
11823	0	0.0	-0.0	1.0	1.0
11825	2605	0.07868633270211162	0.5873982915116893	0.264001	0.898348226095003
11832	1188	0.04305269755286291	0.2700809120702385	0.5520010000000001	1.0
11835	0	0.07740581310375369	0.5744040568554216	0.272001	0.905784226969697
11837	0	0.04773492713608647	0.30667502552184195	0.49300099999999997	1.0
11838	5	0.12259231996074102	1.109453598315369	0.074001	0.7875692535087719
11840	0	0.0701702153453295	0.5032620354835112	0.312001	0.9281849214362851
11841	0	0.043570147794671804	0.27405180285548575	0.5450010000000001	1.0
11843	1545	0.0	-0.0	1.0	1.0
11845	3145	0.020029644906830985	0.11126459784418406	0.756001	1.0
11848	0	0.1220888350590415	1.1025969803377256	0.083001	0.7909294595300261
11851	632	0.0	-0.0	1.0	1.0
11855	0	0.0	-0.0	1.0	1.0
11859	1298	0.010422834221461223	0.05491394699613826	0.893001	1.0
11863	1863	0.08260098667148794	0.6278836193568224	0.221001	0.8831167697080292
11865	0	0.04709727310019568	0.30160342344901653	0.514001	1.0
11867	0	0.08937725105418136	0.7006998502728843	0.20200100000000001	0.8602524111240762
11871	1066	0.005310737886365695	0.027188989423258644	0.944001	1.0
11873	0	0.1709211365346594	1.8673556971768044	0.014001	0.5816998406250001
11874	1919	0.0	-0.0	1.0	1.0
11876	0	0.0010062195598769326	0.005027127184436295	0.990001	1.0
11881	0	0.09950901862786231	0.8161473996806667	0.134001	0.8242567129213484
11885	0	0.07719674030512302	0.5722940651866459	0.28500099999999995	0.9150861919929864
11887	2424	0.00805969107783638	0.041905928507423085	0.904001	1.0
11888	1068	0.10939033265509765	0.9364797154539397	0.082001	0.7875692535087719
11896	2161	0.0	-0.0	1.0	1.0
11911	3933	0.09279440789154599	0.7387498205589168	0.192001	0.854495733522038
11914	881	0.028360456614284577	0.16476968888118307	0.780001	1.0
11919	4270	0.11054790231282355	0.951083851926846	0.082001	0.7875692535087719
11926	1457	0.0	-0.0	1.0	1.0
11930	1189	0.0007024182681059817	0.003503239941264761	0.993001	1.0
11934	1205	0.05783366138057213	0.39075139907678785	0.392001	0.9629838341934036
11941	0	0.06823513979165553	0.48488745450734266	0.34500099999999995	0.9398895120676785
11943	0	0.11170547197054943	0.9657953200614551	0.078001	0.7875692535087719
11956	3572	0.0	-0.0	1.0	1.0
11958	3040	0.019801260889242715	0.1098592462630195	0.7930010000000001	1.0
11967	0	0.13194751617714573	1.2406599912466794	0.053001	0.7655777691292875
11968	1689	0.07963468241546084	0.5971006837884352	0.245001	0.8947684953302201
11971	0	0.09208426430570979	0.7307684608613331	0.178001	0.8382507307526881
11973	0	0.0	-0.0	1.0	1.0
11979	3776	0.0022622157634161547	0.011383311359176402	0.976001	1.0
11980	1465	0.15427709576779441	1.5836103052369175	0.029001000000000002	0.6656854276729561
11984	3478	0.0	-0.0	1.0	1.0
11986	3972	0.0522757057977678	0.3436002426146717	0.462001	1.0
11990	0	0.04903579935912083	0.31710813510566443	0.49300099999999997	1.0
11992	933	0.08096354880351803	0.6108093431252741	0.231001	0.8915156676066267
11994	0	0.085000710075782	0.6532718914315893	0.211001	0.8717924335849057
11998	3326	0.010846166052454864	0.05727930691876456	0.891001	1.0
11999	349	0.002584218479683993	0.013027437288191647	0.965001	1.0
12001	3708	0.09549949676238689	0.7695094131948709	0.193001	0.854495733522038
12005	3708	0.015881410337567067	0.08624134860602137	0.820001	1.0
12007	732	0.13859968523686308	1.3383948679638664	0.056001	0.7811063191489362
12012	0	0.0032678050698129874	0.016537580264258188	0.974001	1.0
12013	0	0.08954578987650053	0.7025555113377688	0.190001	0.8536401103816167
12014	3025	0.06431458374160295	0.4484930842541106	0.395001	0.9658030256811075
12015	0	0.008884263985849662	0.04640717238650672	0.883001	1.0
12019	0	0.0	-0.0	1.0	1.0
12031	0	0.0	-0.0	1.0	1.0
12040	2542	0.06656702893870246	0.4692664751976017	0.36600099999999997	0.9525421794628
12041	1864	0.08708712171687794	0.6757000592505145	0.214001	0.8739638004475941
12047	2097	0.0	-0.0	1.0	1.0
12053	0	0.05055741823263351	0.3294596274490403	0.48800099999999996	1.0
12054	0	0.022224322685599103	0.12493529649862568	0.745001	1.0
12055	0	0.11682675050759388	1.0321755607327583	0.092001	0.8090915253012048
12057	2373	0.09785142305893421	0.7967145914729601	0.136001	0.8255721652406417
12060	0	0.018787913007455442	0.10366271152028458	0.7880010000000001	1.0
12063	0	0.0171456484300928	0.0937552507202277	0.841001	1.0
12066	0	0.06254393832733426	0.43241962121750777	0.37200099999999997	0.9576559749766136
12067	1253	0.0	-0.0	1.0	1.0
12069	0	0.016905137799415437	0.09231824239215179	0.8110010000000001	1.0
12071	4389	0.09861315133244417	0.8056180450952474	0.151001	0.8310208384376389
12072	1068	0.03808299111090495	0.23286100700055032	0.582001	1.0
12077	0	0.00041716023278672715	0.0020771574850830658	0.998001	1.0
12078	0	0.06106405072124109	0.41915792615344044	0.374001	0.9576559749766136
12079	3270	0.005078746079378908	0.02596722934294767	0.946001	1.0
12084	0	0.04818293834312142	0.3102549817813762	0.49200099999999997	1.0
12089	0	0.11581171166576756	1.018850625033534	0.111001	0.820033522468544
12091	20	0.08971164847375734	0.704383786241201	0.253001	0.896185036881268
12095	0	0.05593525722892521	0.374402354096174	0.397001	0.9659475442222223
12096	0	0.13842949919281275	1.3358480273925464	0.051001	0.7632157493297588
12099	887	0.0	-0.0	1.0	1.0
12101	0	0.10880233420279185	0.9291024326310233	0.110001	0.820033522468544
12107	2461	0.02705935816389292	0.1561230331308537	0.705001	1.0
12108	3844	0.0077014222548533635	0.03996270704259688	0.898001	1.0
12109	0	0.083426592833741	0.6365691573118427	0.217001	0.8757626056026538
12117	1657	0.0	-0.0	1.0	1.0
12123	0	0.01606498002379005	0.08732630357888956	0.817001	1.0
12131	597	0.07466324292332063	0.5469836361258966	0.374001	0.9576559749766136
12136	0	0.0	-0.0	1.0	1.0
12138	935	0.006286770119231181	0.03236357697464556	0.9230010000000001	1.0
12139	1530	0.00983934209067016	0.051671227800643135	0.9190010000000001	1.0
12140	2569	0.033932783960558224	0.20303841161681435	0.625001	1.0
12141	1397	0.006706101041776501	0.03460384936644169	0.9340010000000001	1.0
12145	0	0.02828754148234633	0.16428224771036162	0.6730010000000001	1.0
12147	499	0.033917946562656905	0.20293382852651531	0.610001	1.0
12150	529	0.101344764672591	0.837919793290601	0.137001	0.8255721652406417
12152	0	0.07437303451832336	0.5441147129997037	0.263001	0.898348226095003
12157	0	0.03474492396692325	0.20878491032407856	0.632001	1.0
12159	0	0.03969263681026637	0.244735036473597	0.601001	1.0
12160	2373	0.053826989084254415	0.356542902220855	0.527001	1.0
12164	0	0.002118947039740876	0.010653705805318285	0.981001	1.0
12165	0	0.0	-0.0	1.0	1.0
12166	0	0.09617214444292752	0.7772461291417145	0.149001	0.8310208384376389
12168	2879	0.0	-0.0	1.0	1.0
12171	3424	0.0	-0.0	1.0	1.0
12178	1606	0.0	-0.0	1.0	1.0
12179	0	0.03145907615615287	0.18580100925775347	0.646001	1.0
12183	1	0.059258172656137274	0.40318654286893885	0.41800099999999996	0.9779258438034187
12186	0	0.08478542270320638	0.6509764366664141	0.213001	0.8734636513108613
12187	2373	0.0	-0.0	1.0	1.0
12188	0	0.10631554703780238	0.8982068817294433	0.139001	0.8255721652406417
12189	0	0.028465041479355194	0.16546944015874285	0.6830010000000001	1.0
12191	0	0.0	-0.0	1.0	1.0
12193	1369	0.12335428661690266	1.1198698582337352	0.069001	0.7875692535087719
12194	3145	0.0005000428785223929	0.0024910325589199106	0.991001	1.0
12195	2814	0.06862323795401515	0.48855077741603903	0.340001	0.9398895120676785
12201	2931	0.00389326829542845	0.019772902857370288	0.959001	1.0
12202	52	0.002072778344566102	0.01041883977733218	0.971001	1.0
12204	171	0.0015387591598118068	0.007711102297955234	0.989001	1.0
12205	2144	0.06962815127148517	0.4980873068253677	0.29100099999999995	0.9168680668196155
12208	3809	0.0020965243197436185	0.010539623290239003	0.981001	1.0
12212	3654	0.0	-0.0	1.0	1.0
12213	0	0.023660761519186384	0.13404640627200995	0.744001	1.0
12221	4398	0.021593079357359372	0.12097241597957094	0.776001	1.0
12228	0	0.00636663311749245	0.03278944972465692	0.941001	1.0
12229	425	0.0	-0.0	1.0	1.0
12232	3810	0.0	-0.0	1.0	1.0
12244	3682	0.04202806216277011	0.26227129032679414	0.5370010000000001	1.0
12250	2897	0.08178873178272926	0.6193886746534694	0.238001	0.8917607127407907
12251	934	0.08364004416635998	0.6388230773362025	0.235001	0.8917607127407907
12254	0	0.03510656987503215	0.21135777386552435	0.624001	1.0
12264	0	0.0711921359912939	0.5130760777137993	0.333001	0.935934153865782
12268	0	0.11574292613352373	1.0179506613990756	0.093001	0.8119952763466043
12270	878	0.061025434321675995	0.4188139681541234	0.381001	0.9585431868106616
12271	0	0.010996911748396062	0.05812418347423776	0.9160010000000001	1.0
12272	3147	0.024911857911622166	0.14208799416389076	0.711001	1.0
12279	1357	0.008745423153721513	0.04564643867836785	0.889001	1.0
12282	0	0.016659707947305764	0.09085550458802827	0.820001	1.0
12284	4030	0.017899881343210383	0.09828473526720684	0.772001	1.0
12286	3591	0.004051493802040654	0.02059494137704484	0.972001	1.0
12293	0	0.04719439260081144	0.3023740676095501	0.509001	1.0
12301	0	0.10012977539329045	0.8234801531828091	0.165001	0.8310208384376389
12302	349	0.07888220938460422	0.5893967621665264	0.260001	0.898348226095003
12306	4401	0.0	-0.0	1.0	1.0
12308	0	0.07016909939141902	0.5032513601532941	0.326001	0.9352299346354166
12315	2051	0.1449988090144459	1.435941816453507	0.041001	0.7444775273631842
12319	1203	0.0	-0.0	1.0	1.0
12329	2267	0.0	-0.0	1.0	1.0
12338	1862	0.029517428637848203	0.17254987830492155	0.6570010000000001	1.0
12365	2744	0.053826989084254415	0.356542902220855	0.527001	1.0
12369	1647	0.0	-0.0	1.0	1.0
12371	2345	0.0	-0.0	1.0	1.0
12374	2170	0.06789644375456733	0.48169939878029844	0.326001	0.9352299346354166
12380	38	0.0293281868004093	0.1712714011637495	0.706001	1.0
12385	0	0.07809083633096571	0.5813402101902696	0.262001	0.898348226095003
12386	350	0.07201766622195147	0.5210599578916623	0.30300099999999996	0.927677522017837
12392	4317	0.04642230175244097	0.29626535340607246	0.507001	1.0
12395	0	0.10707519333964582	0.90759242828957	0.098001	0.8158799918032787
12396	3086	0.009132290879198542	0.04776900113378698	0.905001	1.0
12397	0	0.0	-0.0	1.0	1.0
12398	0	0.09093649961582984	0.7179507425118223	0.164001	0.8310208384376389
12402	0	0.011846369761535774	0.06291055266933916	0.867001	1.0
12407	0	0.06371287793285098	0.44300569403386486	0.35400099999999995	0.9451248351621554
12409	1473	0.051986152672651526	0.3412030087813402	0.458001	1.0
12410	147	0.035587791308615106	0.21479468854060352	0.611001	1.0
12414	0	0.07498022996228414	0.5501244010192327	0.29600099999999996	0.9186266862244896
12415	2373	0.027278618490628393	0.15757256439642275	0.688001	1.0
12419	3206	0.0	-0.0	1.0	1.0
12422	0	0.040226000088591986	0.24870771933502392	0.585001	1.0
12431	3831	0.11054790231282355	0.951083851926846	0.082001	0.7875692535087719
12434	2267	0.001982376796828015	0.009959309949650375	0.977001	1.0
12437	916	0.05021160251509669	0.3266384798844402	0.500001	1.0
12438	3131	0.05263517778457573	0.34658445660918197	0.42800099999999996	0.9806120979123172
12440	0	0.009141316349554344	0.047818625660618966	0.901001	1.0
12443	0	0.06493124153459882	0.4541438725745563	0.340001	0.9398895120676785
12447	0	0.06576066872604742	0.4617876356437667	0.35200099999999995	0.9446222914215685
12451	2990	0.0	-0.0	1.0	1.0
12457	985	0.037058472025435385	0.22539314251239534	0.608001	1.0
12459	0	0.03018521440248552	0.17707977136935177	0.652001	1.0
12462	2052	0.0	-0.0	1.0	1.0
12465	4363	0.0	-0.0	1.0	1.0
12468	635	0.015656935051609623	0.08491742878378991	0.825001	1.0
12473	0	0.0	-0.0	1.0	1.0
12474	3325	0.011263236082672646	0.05962016270972412	0.870001	1.0
12475	2547	0.06067690717443813	0.4157144326562004	0.35300099999999995	0.944989718581907
12477	0	0.041901986274011184	0.26131525113934334	0.579001	1.0
12479	0	0.0	-0.0	1.0	1.0
12486	1467	0.19711672193067045	2.364490322630433	0.009000999999999999	0.5663905114942528
12490	0	0.0	-0.0	1.0	1.0
12498	2180	0.12014717306947789	1.0763491646609544	0.082001	0.7875692535087719
12503	2462	0.08432731742076839	0.6461036714971718	0.241001	0.8917607127407907
12512	917	0.1288901968838262	1.1969834981819678	0.072001	0.7875692535087719
12515	0	0.0020965243197436185	0.010539623290239003	0.981001	1.0
12523	3131	0.004051493802040654	0.02059494137704484	0.972001	1.0
12526	1863	0.08155174345105692	0.6169194958839695	0.220001	0.8810500910753475
12527	1060	0.04165199543820084	0.2594227251638586	0.526001	1.0
12531	0	0.11714216626537308	1.0363331966372553	0.125001	0.820033522468544
12534	1709	0.10544138546114572	0.8874631838258034	0.111001	0.820033522468544
12536	1455	0.03794023959928468	0.23181629069290477	0.595001	1.0
12537	0	0.05968953706744459	0.40698048827710076	0.399001	0.9669459825143869
12543	1423	0.14585383439902475	1.4492400392859746	0.033001	0.6962002870905588
12545	0	0.0019844107197573256	0.009969643644564057	0.978001	1.0
12547	0	0.061687405578458525	0.4247249036861449	0.41600099999999995	0.977047710036379
12552	2136	0.01215448140612196	0.06465735004116241	0.9060010000000001	1.0
12554	917	0.0	-0.0	1.0	1.0
12557	0	0.11054790231282355	0.951083851926846	0.082001	0.7875692535087719
12559	0	0.09906718181412208	0.810946535485242	0.17100100000000001	0.8310208384376389
12561	3660	0.013368521607790028	0.07159585547725063	0.866001	1.0
12563	0	0.07511914979093143	0.5515031865868409	0.30600099999999997	0.927731210178817
12565	2423	0.035963789948911494	0.21749072109559134	0.595001	1.0
12566	0	0.0	-0.0	1.0	1.0
12569	1604	0.0	-0.0	1.0	1.0
12570	2463	0.053826989084254415	0.356542902220855	0.527001	1.0
12572	0	0.005526808510586246	0.028329724955300704	0.945001	1.0
12575	0	0.011942153825081528	0.06345297611030429	0.854001	1.0
12579	2574	0.024275886024372233	0.13798782589603573	0.709001	1.0
12580	0	0.08942662005778582	0.7012431920010622	0.231001	0.8915156676066267
12582	1769	0.17952327221050715	2.023686181325498	0.005001	0.45252850413223145
12583	1062	0.13706483450367096	1.3155142170425598	0.053001	0.7655777691292875
12585	3249	0.07908482699492696	0.591467024345266	0.248001	0.8949779001318391
12589	0	0.0	-0.0	1.0	1.0
12590	3831	0.21215817093405517	2.6788514900439573	0.001001	0.2149009607843137
12591	1564	0.25380138185701673	3.6647611566260814	1e-06	0.00043795999999999993
12593	1066	0.061929976688335726	0.42689872982825594	0.49300099999999997	1.0
12597	3135	0.03155400272670427	0.186455120929052	0.643001	1.0
12601	2819	0.11054790231282355	0.951083851926846	0.082001	0.7875692535087719
12602	1408	0.09074640081505073	0.7158375815518597	0.195001	0.8563507378292099
12604	1769	0.050470287422899114	0.32874803892272475	0.47000099999999995	1.0
12613	1200	0.12221893285966516	1.1043667024070651	0.083001	0.7909294595300261
12615	0	0.082766230527402	0.62961790154176	0.30400099999999997	0.927677522017837
12617	1689	0.03495982331572476	0.21031273492780228	0.650001	1.0
12618	4414	0.0	-0.0	1.0	1.0
12623	0	0.08596925100785403	0.6636422263607398	0.222001	0.8836908972131741
12624	586	0.0	-0.0	1.0	1.0
12631	0	0.05786183329589517	0.39099593074811667	0.386001	0.9611837500568569
12632	4415	0.08121586079091586	0.6134271709226835	0.228001	0.8871296904761905
12637	913	0.014372016943294492	0.0773983335462038	0.829001	1.0
12639	0	0.0026626805707545475	0.013428963671914516	0.978001	1.0
12640	0	0.0050161398883973585	0.02563805782680473	0.938001	1.0
12648	0	0.0	-0.0	1.0	1.0
12649	2558	0.08186831403901892	0.6202187887637716	0.257001	0.898348226095003
12651	3033	0.0638846101383256	0.44456918910087745	0.406001	0.9701669465298997
12662	0	0.05537752495600417	0.3696473936080924	0.439001	0.9884380653019446
12663	1065	0.055668520793380145	0.3721255589887482	0.41600099999999995	0.977047710036379
12667	0	0.0	-0.0	1.0	1.0
12668	3484	0.07124562989165878	0.5135919141809775	0.30000099999999996	0.9231902611017424
12669	0	0.2505907517349165	3.5825081314618963	1e-06	0.00043795999999999993
12673	0	0.0020965243197436185	0.010539623290239003	0.981001	1.0
12677	0	0.0	-0.0	1.0	1.0
12688	1666	0.0	-0.0	1.0	1.0
12696	1446	0.06326009879226391	0.4388936315789861	0.397001	0.9659475442222223
12699	3739	0.07361318490531574	0.5366325043701597	0.30600099999999997	0.927731210178817
12719	0	0.08208630374958673	0.6224950569877856	0.244001	0.8943980411784399
12722	0	0.04233785171191096	0.2646249889300124	0.5310010000000001	1.0
12727	1266	0.059459950412211623	0.40495957762942647	0.387001	0.9613539146865807
12731	0	0.14334844894246995	1.4104505010171595	0.037001	0.7273320448833034
12737	3778	0.041877232434878855	0.2611276674132436	0.5580010000000001	1.0
12738	2864	0.006518756890655203	0.03360169026891642	0.9190010000000001	1.0
12740	0	0.0	-0.0	1.0	1.0
12748	1455	0.048536876938198345	0.313092976080533	0.48000099999999996	1.0
12749	334	0.06211694484005697	0.4285771358512568	0.376001	0.9581348300623412
12752	4418	0.09737238191475371	0.7911385104890338	0.156001	0.8310208384376389
12759	0	0.0584364394523896	0.3959957525054311	0.40700099999999995	0.9712846445074105
12768	0	0.017751545620330017	0.09739114945625564	0.7860010000000001	1.0
12769	0	0.09975307558780121	0.8190267470534374	0.165001	0.8310208384376389
12771	3145	0.024056186944728865	0.13657735568926865	0.727001	1.0
12772	917	0.10259126110412811	0.8528544494984721	0.143001	0.8279841084082495
12776	0	0.0	-0.0	1.0	1.0
12780	1857	0.20617194033632077	2.5511623482456525	0.001001	0.2149009607843137
12796	0	0.088216197605229	0.6879753656752944	0.204001	0.8630629632921175
12798	0	0.10886504960094459	0.9298879718434055	0.108001	0.820033522468544
12799	0	0.0	-0.0	1.0	1.0
12803	899	0.08101971314617783	0.6113916547712182	0.252001	0.896185036881268
12807	282	0.04225129250699541	0.2639666836929415	0.632001	1.0
12808	0	0.08206523358595212	0.6222748842976125	0.241001	0.8917607127407907
12810	3135	0.16263864036271494	1.7230997621899076	0.019001	0.5978216925287356
12813	0	0.0	-0.0	1.0	1.0
12815	610	0.032846368471860656	0.19541880224207062	0.642001	1.0
12816	1864	0.0	-0.0	1.0	1.0
12823	2491	0.11841879455273685	1.0532435357088996	0.082001	0.7875692535087719
12828	0	0.03809620127534122	0.2329577531089573	0.569001	1.0
12835	0	0.049419122886763714	0.32020464148137967	0.465001	1.0
12836	0	0.1315422169922758	1.2348251555238174	0.048001	0.7562056820143885
12837	0	0.07017274117643828	0.5032861981806317	0.321001	0.9341783118706941
12839	1789	0.01477153689282669	0.07972547682667562	0.826001	1.0
12841	3708	0.04954000082365838	0.3211832007683862	0.47600099999999995	1.0
12843	2212	0.0	-0.0	1.0	1.0
12845	4024	0.0	-0.0	1.0	1.0
12846	0	0.0	-0.0	1.0	1.0
12848	0	0.0018521271716526524	0.009298048580356879	0.984001	1.0
12853	3762	0.005361828611325567	0.027458474837474454	0.9370010000000001	1.0
12866	2850	0.04975951093484935	0.32296280832322427	0.49100099999999997	1.0
12867	919	0.017377454223791854	0.09514361430816111	0.820001	1.0
12875	2052	0.08073809613838497	0.6084742340094853	0.23400100000000001	0.8917607127407907
12883	0	0.05498455874198031	0.3663102667604302	0.5610010000000001	1.0
12886	1617	0.09906718181412208	0.810946535485242	0.17100100000000001	0.8310208384376389
12887	4321	0.08276623052740195	0.6296179015417595	0.322001	0.9341783118706941
12891	0	0.05002502118388479	0.32511979323202556	0.466001	1.0
12893	0	0.0373419083279523	0.22745217862826586	0.594001	1.0
12897	1608	0.0009040154773808234	0.004513876898717074	0.990001	1.0
12900	0	0.08042715024472197	0.6052598925394719	0.242001	0.8940248484543011
12901	0	0.17241194690341113	1.8939711508877828	0.009000999999999999	0.5663905114942528
12905	0	0.053281816084973906	0.351975289158035	0.42600099999999996	0.9806120979123172
12907	0	0.0	-0.0	1.0	1.0
12909	1197	0.0	-0.0	1.0	1.0
12913	916	0.034745351979937736	0.20878795025942484	0.594001	1.0
12914	1729	0.049765702013230315	0.3230130487281358	0.49500099999999997	1.0
12915	851	0.0	-0.0	1.0	1.0
12923	2844	0.04088966542292567	0.253677551568842	0.5530010000000001	1.0
12929	2126	0.03406623887173092	0.20397973261568736	0.614001	1.0
12934	1975	0.0005787848288629505	0.002884593492540114	0.999001	1.0
12950	874	0.11139427018745318	0.961829716240881	0.114001	0.820033522468544
12952	3249	0.0	-0.0	1.0	1.0
12954	3809	0.10411656407220028	0.8712961721753533	0.127001	0.8228011532544378
12955	0	0.0022746986317498594	0.011446937046634534	0.973001	1.0
12957	3736	0.08077163111488056	0.6088213285012387	0.228001	0.8871296904761905
12964	1110	0.04116288844135339	0.25573216055487497	0.5530010000000001	1.0
12966	3684	0.07807845975132426	0.5812145818406148	0.264001	0.898348226095003
12967	0	0.0643794045216162	0.4490857859953181	0.35400099999999995	0.9451248351621554
12971	918	0.03296300824636355	0.19623315990908996	0.634001	1.0
12975	2371	0.0	-0.0	1.0	1.0
12982	0	0.09700061797653889	0.7868234701607537	0.150001	0.8310208384376389
12983	0	0.04973906401738503	0.3227969010391823	0.47200099999999995	1.0
12987	0	0.0	-0.0	1.0	1.0
12989	1564	0.0	-0.0	1.0	1.0
12995	1068	0.021415038667929175	0.11985920739993954	0.817001	1.0
12997	1927	0.1703199308107884	1.8566787334928074	0.012001	0.5816998406250001
13002	3135	0.03783969022620179	0.23108124077058126	0.592001	1.0
13003	0	0.07995906196872302	0.6004347924673934	0.222001	0.8836908972131741
13005	2213	0.07817482241885206	0.5821930118779625	0.248001	0.8949779001318391
13006	5	0.06053854115259676	0.4144863115731229	0.396001	0.9659475442222223
13009	3282	0.026705029451987196	0.1537870605083707	0.710001	1.0
13010	3663	0.055355573584159296	0.36946069355384853	0.41900099999999996	0.9788013545978237
13011	349	0.022090263915142197	0.12409160006766341	0.769001	1.0
13015	4426	0.0	-0.0	1.0	1.0
13019	0	0.04324448334053859	0.2715505548876852	0.5510010000000001	1.0
13022	3595	0.02938661443989636	0.1716658792208753	0.6610010000000001	1.0
13026	0	0.07150024939300599	0.5160500609449408	0.30200099999999996	0.926220994117647
13032	4101	0.0	-0.0	1.0	1.0
13036	2052	0.0	-0.0	1.0	1.0
13039	1110	0.07897137187755036	0.59030740936972	0.248001	0.8949779001318391
13040	929	0.09836566978797089	0.8027203912068417	0.148001	0.8310208384376389
13043	0	0.07525198652359869	0.552822933140897	0.268001	0.9009342797052502
13046	1604	0.010513894061842194	0.055421838457971134	0.880001	1.0
13047	52	0.11366570119430532	0.9909532057395388	0.100001	0.8158799918032787
13050	0	0.05559571874448682	0.37150500763386235	0.42200099999999996	0.9795397390290438
13051	1546	0.07474460698198035	0.547789096991923	0.276001	0.9099650071748879
13059	0	0.0	-0.0	1.0	1.0
13061	0	0.13730703650733228	1.3191116103005538	0.048001	0.7562056820143885
13062	526	0.0	-0.0	1.0	1.0
13069	1120	0.10831426392067127	0.9229998529112089	0.109001	0.820033522468544
13070	0	0.01920092855734761	0.10618057801797966	0.7870010000000001	1.0
13074	4429	0.07113448048051943	0.5125203460758427	0.30200099999999996	0.926220994117647
13090	3323	0.018431143173331773	0.10149623528328623	0.7980010000000001	1.0
13100	3131	0.03760274812906395	0.22935177053993455	0.598001	1.0
13101	2448	0.06675928809721617	0.4710565905325469	0.327001	0.9352299346354166
13102	0	0.053826989084254415	0.356542902220855	0.527001	1.0
13106	0	0.09576051210743457	0.7725074095546843	0.158001	0.8310208384376389
13109	0	0.05055828411593049	0.32946670166714226	0.458001	1.0
13121	4363	0.01850759397043003	0.10195981829826889	0.7930010000000001	1.0
13123	0	0.009007714119462842	0.047084537621010905	0.898001	1.0
13125	0	0.0547841596542801	0.36461261842453374	0.462001	1.0
13128	0	0.0050899574393775925	0.02602620065544845	0.9340010000000001	1.0
13129	572	0.012785629530864557	0.06825340196597725	0.853001	1.0
13135	2626	0.058553213397172864	0.39701469561824765	0.41200099999999995	0.9736669434491689
13136	0	0.0	-0.0	1.0	1.0
13139	3769	0.03179771818981258	0.18813717719276465	0.6620010000000001	1.0
13140	0	0.0	-0.0	1.0	1.0
13144	3015	0.0	-0.0	1.0	1.0
13147	0	0.025170342720432774	0.14376179688909863	0.730001	1.0
13148	899	0.0	-0.0	1.0	1.0
13153	1565	0.0	-0.0	1.0	1.0
13162	4432	0.019181435187146417	0.1060615029439822	0.780001	1.0
13166	0	0.025936481115127554	0.14874781271243256	0.710001	1.0
13168	3883	0.021072376780989888	0.11772227570884235	0.764001	1.0
13171	1458	0.03859649524569049	0.23663025991225436	0.590001	1.0
13172	1708	0.012677749251371245	0.06763703831243231	0.852001	1.0
13174	0	0.08557155068633678	0.6593753665237789	0.208001	0.8659326802281369
13175	0	0.02386178939491508	0.13533186578231932	0.731001	1.0
13176	1218	0.06584053599641788	0.4625262915850167	0.36400099999999996	0.9502734737720553
13180	0	0.0	-0.0	1.0	1.0
13185	1110	0.012096361000227644	0.06432740736816601	0.864001	1.0
13189	0	0.0	-0.0	1.0	1.0
13196	3675	0.0	-0.0	1.0	1.0
13197	532	0.07797641905720118	0.5801792539899906	0.279001	0.910244919249106
13198	0	0.051585799299057794	0.33789804932153816	0.43500099999999997	0.9852763651220521
13200	0	0.01300589018938575	0.06951402095308788	0.857001	1.0
13203	0	0.010632167955033522	0.05608225731827494	0.9110010000000001	1.0
13210	1689	0.05207837811962342	0.34196591800307563	0.454001	0.9983645207873068
13211	4433	0.09131847772228618	0.7222052522270752	0.192001	0.854495733522038
13215	0	0.0230443365746568	0.13012060994344474	0.742001	1.0
13219	4435	0.02628463875408431	0.15102596037873653	0.704001	1.0
13223	19	0.004193818168498148	0.021335607406666894	0.966001	1.0
13231	0	0.0	-0.0	1.0	1.0
13233	0	0.09729674503557006	0.7902597256617516	0.170001	0.8310208384376389
13236	0	0.06060605850296215	0.415085417476646	0.376001	0.9581348300623412
13242	1442	0.0	-0.0	1.0	1.0
13246	4436	0.16342226168980595	1.7364872730526701	0.020001	0.6067731712846347
13249	0	0.0	-0.0	1.0	1.0
13250	2251	0.028239246383585083	0.16395958066674815	0.6780010000000001	1.0
13251	3632	0.060512951701183655	0.41425933197393416	0.37300099999999997	0.9576559749766136
13255	3843	0.0	-0.0	1.0	1.0
13256	1999	0.032389997492972306	0.1922410393263503	0.627001	1.0
13257	3131	0.029014999676451755	0.1691606489648676	0.6800010000000001	1.0
13259	2464	0.11054790231282355	0.951083851926846	0.082001	0.7875692535087719
13260	3107	0.04061784897025174	0.2516384929031566	0.528001	1.0
13261	0	0.09932048168606943	0.8139262616287632	0.156001	0.8310208384376389
13263	0	0.11054790231282355	0.951083851926846	0.082001	0.7875692535087719
13264	2563	0.004051493802040654	0.02059494137704484	0.972001	1.0
13272	1069	0.13872264487318445	1.3402364872138546	0.046001	0.7528624050822122
13276	0	0.11593787232022223	1.0205022583524763	0.104001	0.8168629476327116
13278	3969	0.0	-0.0	1.0	1.0
13284	2239	0.02827117561767286	0.1641728880489322	0.697001	1.0
13287	4280	0.07753133542008976	0.5756724084902546	0.255001	0.8971741481362466
13296	2864	0.003674025664663805	0.018636254740737716	0.959001	1.0
13298	0	0.13132684565999786	1.231730168468992	0.067001	0.7875692535087719
13304	0	0.08132720543005448	0.6145839324228789	0.260001	0.898348226095003
13312	3324	0.051388531097327654	0.3362736727599925	0.444001	0.9900951016293279
13313	0	0.02187381649624213	0.12273177118871356	0.756001	1.0
13321	0	0.012023405849165412	0.06391353720671555	0.872001	1.0
13328	0	0.07673342579258938	0.5676298169560869	0.28500099999999995	0.9150861919929864
13332	1796	0.05553647237602173	0.3710002772257537	0.41400099999999995	0.975655821997417
13333	3673	0.11054790231282355	0.951083851926846	0.082001	0.7875692535087719
13344	0	0.11054790231282355	0.951083851926846	0.082001	0.7875692535087719
13355	0	0.03406854038457567	0.20399597652669563	0.652001	1.0
13367	1930	0.1496273679395736	1.508679369223463	0.028001	0.6564945374732334
13369	2450	0.0090756633044519	0.0474577574339591	0.898001	1.0
13373	0	0.057782140741351844	0.3903043460839303	0.42900099999999997	0.9806120979123172
13374	529	0.0017047149002038953	0.008550828101074987	0.980001	1.0
13381	4439	0.09540843946494007	0.7684647822644961	0.181001	0.8415201481953289
13386	0	0.02864365494452155	0.1666661241969154	0.6640010000000001	1.0
13395	0	0.08684283372616478	0.6730569461120821	0.225001	0.8848907862787356
13396	4079	0.08871620323360586	0.693442507579876	0.184001	0.8447073161425576
13397	1202	0.08409055066423263	0.6435914618490024	0.238001	0.8917607127407907
13416	1324	0.0	-0.0	1.0	1.0
13419	0	0.09383592224250795	0.7505258722227066	0.174001	0.8323009825251201
13422	3694	0.11054790231282355	0.951083851926846	0.082001	0.7875692535087719
13425	3225	0.14083533387185299	1.3720790867427557	0.040001	0.7385682107925801
13429	1185	0.13043744965941761	1.2189900904910846	0.048001	0.7562056820143885
13431	0	0.11056675419375807	0.9513225786655864	0.109001	0.820033522468544
13432	0	0.0	-0.0	1.0	1.0
13434	0	0.0	-0.0	1.0	1.0
13442	0	0.012085784189867006	0.06426738592134985	0.869001	1.0
13444	1853	0.06123376370344105	0.4206708286776321	0.42900099999999997	0.9806120979123172
13446	0	0.054608825031005476	0.3631296082922973	0.463001	1.0
13450	0	0.0784166253273805	0.5846512364086804	0.238001	0.8917607127407907
13453	0	0.11236906479779829	0.974277371021685	0.121001	0.820033522468544
13455	2929	0.07561376692870708	0.5564238844665778	0.272001	0.905784226969697
13458	2205	0.002342402894216191	0.011792184425140668	0.974001	1.0
13459	3041	0.04364517092764284	0.274629031553728	0.5580010000000001	1.0
13463	4440	0.062275136336311196	0.4299991682892001	0.379001	0.9581348300623412
13467	2614	0.14000230837436173	1.3594785012045558	0.055001	0.7780438617571059
13470	0	0.0	-0.0	1.0	1.0
13472	1617	0.028582288690443117	0.166254747962778	0.688001	1.0
13475	3807	0.0	-0.0	1.0	1.0
13478	0	0.091082985793977	0.7195809943015514	0.190001	0.8536401103816167
13485	3325	0.07963739624705614	0.5971285450103606	0.256001	0.8980951454661967
13489	1491	0.061929976688335726	0.42689872982825594	0.49300099999999997	1.0
13497	0	0.14103838651300588	1.3751594462553833	0.047001	0.7545659076246335
13498	3216	0.012324797854804453	0.06562538705741666	0.855001	1.0
13522	0	0.0	-0.0	1.0	1.0
13527	4035	0.012788866425519501	0.06827190650282566	0.884001	1.0
13529	3674	0.0	-0.0	1.0	1.0
13535	1930	0.028403207542665825	0.16505563975199034	0.6790010000000001	1.0
13538	1065	0.09083752931908534	0.7168502304971842	0.201001	0.8576617104442713
13542	0	0.0	-0.0	1.0	1.0
13550	3694	0.07258778597451365	0.5266029213096437	0.28400099999999995	0.9150861919929864
13553	0	0.09468483685526916	0.7601863007049035	0.184001	0.8447073161425576
13559	0	0.05536525100172531	0.36954299742405505	0.42300099999999996	0.9799911022005923
13562	2818	0.03430927564013765	0.20569698794288002	0.627001	1.0
13568	0	0.002072778344566102	0.01041883977733218	0.971001	1.0
13572	1445	0.0	-0.0	1.0	1.0
13574	1618	0.02703228946674592	0.15594429504335264	0.6790010000000001	1.0
13576	3972	0.039826503324528306	0.24573033335968317	0.567001	1.0
13577	1674	0.07926924285948134	0.5933539759367708	0.266001	0.898348226095003
13578	0	0.08585102921487361	0.6623725901726074	0.226001	0.8850089231044349
13579	1781	0.008542574854219729	0.044537049921195365	0.881001	1.0
13580	0	0.1014809387930486	0.8395453902280775	0.138001	0.8255721652406417
13585	2991	0.0	-0.0	1.0	1.0
13597	3198	0.053826989084254415	0.356542902220855	0.527001	1.0
13603	0	0.03770414633596771	0.23009143235343746	0.578001	1.0
13604	0	0.0893298188554259	0.7001780002487012	0.172001	0.8318787654808959
13611	4345	0.0	-0.0	1.0	1.0
13614	0	0.03183316558746229	0.18838214711624013	0.735001	1.0
13620	0	0.057782140741351844	0.3903043460839303	0.42900099999999997	0.9806120979123172
13621	3682	0.042708816736276675	0.26745200043377665	0.526001	1.0
13630	0	0.13549167350324345	1.2922685537799532	0.047001	0.7545659076246335
13631	841	0.07200995759592879	0.5209851747718441	0.29100099999999995	0.9168680668196155
13634	0	0.06100392340573192	0.4186224155973949	0.389001	0.9614383632054175
13643	0	0.08211861304399383	0.6228327378983469	0.217001	0.8757626056026538
13648	0	0.041837615012478006	0.26082753385525365	0.580001	1.0
13649	0	0.08965007147776002	0.7037047712780714	0.17100100000000001	0.8310208384376389
13651	1369	0.08595857206959431	0.6635274968972293	0.208001	0.8659326802281369
13652	0	0.030662701259610542	0.18033646385564198	0.6750010000000001	1.0
13653	0	0.12903341952375214	1.1990121986925975	0.050001000000000004	0.7603624291666667
13656	2144	0.09235032586718676	0.7337541940145135	0.201001	0.8576617104442713
13657	0	0.018683110788546384	0.1030254859009584	0.7860010000000001	1.0
13662	0	0.1359212797274012	1.2985959153384787	0.047001	0.7545659076246335
13665	2722	0.13465013508792922	1.2799190869847898	0.052001	0.7632157493297588
13673	3527	0.015327166384314563	0.08297808694575426	0.836001	1.0
13675	3390	0.11310672593369617	0.9837477162751445	0.124001	0.820033522468544
13678	2531	0.009155414957479707	0.047896153374407106	0.903001	1.0
13679	4351	0.004921816915723881	0.025142556417664486	0.942001	1.0
13683	755	0.0	-0.0	1.0	1.0
13687	1619	0.018928058973825584	0.10451589898976599	0.765001	1.0
13688	1185	0.08398510587203284	0.6424740064216707	0.233001	0.8917607127407907
13691	0	0.0	-0.0	1.0	1.0
13695	3087	0.01580761489908466	0.08580577494003003	0.8060010000000001	1.0
13697	0	0.08980660412191419	0.7054314399622575	0.198001	0.8576617104442713
13705	0	0.01786848293969177	0.09809547568922389	0.7960010000000001	1.0
13708	572	0.0874391340679241	0.6795167073268578	0.221001	0.8831167697080292
13709	1862	0.07915014316831168	0.5921350516642273	0.254001	0.8968258461786519
13712	0	0.014660242014159795	0.07907622561428636	0.841001	1.0
13713	1343	0.037124223386445235	0.22587032180411692	0.591001	1.0
13714	0	0.0	-0.0	1.0	1.0
13715	0	0.08654011019898739	0.6697878823432029	0.232001	0.8917607127407907
13722	0	0.10122035136401478	0.8364358665860672	0.124001	0.820033522468544
13724	0	0.0	-0.0	1.0	1.0
13727	0	0.11817034986371375	1.0499422317687368	0.082001	0.7875692535087719
13729	2744	0.05233370538195965	0.3440811269226478	0.47600099999999995	1.0
13731	578	0.023439375270038917	0.13263371741224475	0.759001	1.0
13734	0	0.09184246659829201	0.7280597452114299	0.200001	0.8576617104442713
13738	0	0.08088463367408733	0.6099915515781568	0.241001	0.8917607127407907
13740	4449	0.03514037305647587	0.21159870024704314	0.623001	1.0
13742	0	0.04308429734152899	0.2703228881682959	0.5510010000000001	1.0
13746	742	0.005800972891836446	0.029781087128482975	0.9330010000000001	1.0
13756	4355	0.01632864998022831	0.08888828499529296	0.825001	1.0
13759	3135	0.05676628935183172	0.38152792844769123	0.396001	0.9659475442222223
13760	0	0.01322190836210766	0.0707532047738946	0.856001	1.0
13764	3870	0.02423098224011487	0.13769929497824368	0.729001	1.0
13768	1481	0.004051493802040654	0.02059494137704484	0.972001	1.0
13781	0	0.021644450134152705	0.12129398321005216	0.746001	1.0
13786	1530	0.058531223751683875	0.3968227451073385	0.384001	0.9600036322022317
13800	0	0.038730252241576	0.23761495359444046	0.564001	1.0
13805	0	0.08851730481592737	0.6912654324053065	0.201001	0.8576617104442713
13808	3390	0.05311893976412592	0.3506146905204118	0.464001	1.0
13810	0	0.027296743526034548	0.1576925267432913	0.696001	1.0
13812	0	0.0	-0.0	1.0	1.0
13813	0	0.14778863345676863	1.479563370552555	0.018001	0.5900986497005988
13824	2260	0.004051493802040654	0.02059494137704484	0.972001	1.0
13828	1202	0.09524866804111713	0.7666334012494255	0.164001	0.8310208384376389
13830	0	0.0	-0.0	1.0	1.0
13831	2448	0.0	-0.0	1.0	1.0
13832	2016	0.04640001493548403	0.29608962750829737	0.47500099999999995	1.0
13841	4355	0.04572400148017309	0.29077555091777896	0.630001	1.0
13847	2634	0.08468269095865047	0.6498823194159623	0.229001	0.8888096238922368
13854	1689	0.04388142127439182	0.2764492351475398	0.5480010000000001	1.0
13864	893	0.05306890873921895	0.35019712438716405	0.439001	0.9884380653019446
13866	0	0.07787116458818184	0.5791121316335872	0.252001	0.896185036881268
13867	4452	0.12955040688876146	1.2063493269963592	0.057001	0.7811063191489362
13869	3121	0.033663626441149355	0.20114346737430855	0.6570010000000001	1.0
13870	1470	0.04706944466669868	0.3013827236354886	0.455001	0.9993592676028084
13873	1111	0.0	-0.0	1.0	1.0
13877	0	0.09866918608033992	0.8062747959403695	0.167001	0.8310208384376389
13880	0	0.09894127588012992	0.8094672917513197	0.157001	0.8310208384376389
13884	742	0.0788228791202813	0.5887911308548694	0.28400099999999995	0.9150861919929864
13888	0	0.028205282894282695	0.16373275504408347	0.705001	1.0
13893	2614	0.028360456614284577	0.16476968888118307	0.780001	1.0
13900	3755	0.0	-0.0	1.0	1.0
13901	2744	0.061929976688335726	0.42689872982825594	0.49300099999999997	1.0
13903	742	0.034117813713268164	0.20434382746348728	0.636001	1.0
13908	0	0.0	-0.0	1.0	1.0
13916	1068	0.061713055983127534	0.4249545735706539	0.35200099999999995	0.9446222914215685
13917	0	0.08969394757885137	0.7041885671623223	0.217001	0.8757626056026538
13920	0	0.06097678065641454	0.4183807592281186	0.35900099999999996	0.9474113012943431
13930	138	0.002793925030888024	0.014101393920694223	0.971001	1.0
13932	1631	0.02802555269721584	0.16253365744625822	0.688001	1.0
13945	0	0.06896222333530867	0.4917594884914641	0.35100099999999995	0.9440211125030703
13949	0	0.08244815774560726	0.6262814673795164	0.240001	0.8917607127407907
13953	0	0.0	-0.0	1.0	1.0
13960	1190	0.05749862670919751	0.3878476052652141	0.42400099999999996	0.9800267994511292
13968	3135	0.0021890089059436266	0.011010353238304219	0.976001	1.0
13971	349	0.018025064037795704	0.09903990112535585	0.7960010000000001	1.0
13972	0	0.0526694194265285	0.34686918836404634	0.567001	1.0
13978	20	0.0	-0.0	1.0	1.0
13983	0	0.0	-0.0	1.0	1.0
13984	3518	0.00034801595185988965	0.0017321842901542024	0.998001	1.0
13990	0	0.0	-0.0	1.0	1.0
13994	730	0.033519602450600164	0.2001314473804853	0.651001	1.0
13996	0	0.028597594861935013	0.1663573320963301	0.696001	1.0
13999	2582	0.01482334559523647	0.08002796583458666	0.830001	1.0
14007	3164	0.0	-0.0	1.0	1.0
14008	0	0.025862881118109415	0.14826720427697715	0.708001	1.0
14009	0	0.0831399721559905	0.6335480238454821	0.235001	0.8917607127407907
14016	3276	0.028101904581375334	0.1630427974180652	0.694001	1.0
14021	917	0.04119462696354023	0.2559711560853808	0.594001	1.0
14022	3744	0.01766617277934806	0.09687747175230166	0.8040010000000001	1.0
14025	1932	0.07617025065838366	0.5619817369907512	0.280001	0.9107935083184789
14026	940	0.06530314017214817	0.457565043160147	0.34700099999999995	0.9406570807130477
14029	1668	0.02529951885984423	0.14459985837723496	0.736001	1.0
14034	1343	0.04159709211766021	0.2590076495289766	0.5560010000000001	1.0
14038	0	0.0	-0.0	1.0	1.0
14040	735	0.10866886786796864	0.9274317502808682	0.097001	0.8157173187403994
14041	4455	0.0	-0.0	1.0	1.0
14043	0	0.013457496032989655	0.07210786448594812	0.846001	1.0
14050	1442	0.08701032942119652	0.6748687029934684	0.211001	0.8717924335849057
14053	349	0.20419311940948676	2.509706163436046	0.003001	0.4159234050632912
14060	1369	0.04080461519291426	0.2530390056514676	0.5500010000000001	1.0
14061	4317	0.004539281958539636	0.023138313986503862	0.940001	1.0
14064	3788	0.021028547735753925	0.11744947529978886	0.760001	1.0
14065	3844	0.028643267849437014	0.1666635284983124	0.6840010000000001	1.0
14067	935	0.0	-0.0	1.0	1.0
14069	2439	0.16687202957225838	1.7960702524777838	0.022001	0.6067731712846347
14070	0	0.06634094890379792	0.4671648796721811	0.35000099999999995	0.942257425374969
14073	0	0.10778520196236734	0.9164061879535028	0.120001	0.820033522468544
14076	0	0.1455422914232983	1.4443873587529128	0.042001000000000004	0.7473300777777777
14077	3572	0.1262537957542474	1.1599434954788832	0.076001	0.7875692535087719
14078	8	0.020629581948241597	0.11497174974532601	0.7960010000000001	1.0
14082	2052	0.10064569433840583	0.8295974814797922	0.130001	0.8241244759479344
14089	600	0.04236003142116661	0.264793752717661	0.576001	1.0
14095	0	0.05054302390593528	0.3293420342067348	0.48200099999999996	1.0
14100	0	0.0716303120756131	0.5173075463624113	0.315001	0.928883907621869
14106	4259	0.0007607870807552763	0.0037956130887379846	0.990001	1.0
14112	1207	0.0	-0.0	1.0	1.0
14119	2598	0.11216499908995967	0.9716652335682895	0.100001	0.8158799918032787
14120	1370	0.1266225953435018	1.1650903203511878	0.069001	0.7875692535087719
14121	0	0.10324802547981696	0.8607725716342687	0.129001	0.8235754804664723
14122	0	0.05029823881891823	0.3273444779762748	0.452001	0.9971708541204917
14125	0	0.11102132040347143	0.9570875017202229	0.11700100000000001	0.820033522468544
14126	1868	0.0	-0.0	1.0	1.0
14132	918	0.0027644754908682997	0.013950423039414342	0.966001	1.0
14135	1299	0.11499804638284317	1.008229455994678	0.092001	0.8090915253012048
14151	1537	0.0	-0.0	1.0	1.0
14159	0	0.0	-0.0	1.0	1.0
14165	1606	0.011063237781231725	0.05849634840502339	0.871001	1.0
14169	2934	0.012903483762414888	0.06892755343273196	0.847001	1.0
14175	0	0.06851356646473922	0.4875144589455943	0.29700099999999996	0.9201652374080361
14176	2615	0.0	-0.0	1.0	1.0
14177	8	0.0012893062195445046	0.006451851955096741	0.980001	1.0
14178	0	0.017141183508041807	0.09372854122104333	0.8050010000000001	1.0
14186	0	0.0	-0.0	1.0	1.0
14187	3135	0.10427368207688578	0.8732062500130946	0.126001	0.8221602794994041
14188	0	0.004051493802040654	0.02059494137704484	0.972001	1.0
14189	1459	0.09527797001387667	0.7669691270219441	0.176001	0.8342142636363636
14193	0	0.012904001943980819	0.06893051939345353	0.866001	1.0
14194	1617	0.0	-0.0	1.0	1.0
14202	4298	0.06509191254665254	0.45562069358383295	0.340001	0.9398895120676785
14209	1658	0.1250583085894799	1.1433369405107146	0.074001	0.7875692535087719
14211	1781	0.011158860561721287	0.05903336526715009	0.885001	1.0
14213	0	0.02286269293652895	0.12896835075464963	0.760001	1.0
14223	1669	0.11116903415932519	0.9589644104801115	0.104001	0.8168629476327116
14227	1900	0.030850528253634414	0.18162158265862915	0.6860010000000001	1.0
14240	3602	0.0479168688627257	0.3081272187451426	0.49200099999999997	1.0
14241	0	0.09942075227862754	0.8151071947996061	0.151001	0.8310208384376389
14257	0	0.06364959441869154	0.4424300787633939	0.377001	0.9581348300623412
14260	3584	0.004051493802040654	0.02059494137704484	0.972001	1.0
14265	0	0.04458101261616075	0.28186147726345356	0.48800099999999996	1.0
14275	1689	0.07538026186906575	0.5540986018361393	0.28500099999999995	0.9150861919929864
14277	0	0.02423957242568133	0.1377544816654983	0.756001	1.0
14290	0	0.017468887670532292	0.09569214936114143	0.8080010000000001	1.0
14291	1604	0.00971658785237979	0.05099161230912899	0.897001	1.0
14292	3208	0.0	-0.0	1.0	1.0
14294	2616	0.040379099882168576	0.24985158071230765	0.575001	1.0
14296	3346	0.06643623348428845	0.46805017528833104	0.34800099999999995	0.941649075653031
14299	21	0.0832266513044545	0.6344610137613298	0.220001	0.8810500910753475
14310	2544	0.018568682878440455	0.1023305094625967	0.818001	1.0
14312	2212	0.0	-0.0	1.0	1.0
14319	1363	0.07308516108846383	0.5314581525851944	0.29800099999999996	0.9206582813205417
14326	0	0.07722416683377506	0.5725706721579745	0.249001	0.8956346744415243
14334	0	0.047682114826038215	0.30625392213980807	0.510001	1.0
14341	3125	0.0	-0.0	1.0	1.0
14343	1789	0.021102354976699246	0.11790893487388618	0.744001	1.0
14344	879	0.0	-0.0	1.0	1.0
14346	1241	0.07362473396358185	0.5367459086402993	0.29500099999999996	0.9178647198067631
14350	3274	0.028419745464620123	0.16516628951355122	0.6860010000000001	1.0
14358	0	0.03881600575676963	0.23824688205131347	0.599001	1.0
14359	0	0.0	-0.0	1.0	1.0
14362	0	0.0738226304587861	0.5386906525102069	0.267001	0.8995058304615384
14365	3381	0.002268027719242092	0.01141293402040861	0.975001	1.0
14368	0	0.0	-0.0	1.0	1.0
14370	0	0.006083656275814253	0.03128214721854257	0.9250010000000001	1.0
14374	0	0.08314741763517079	0.6336264246825801	0.210001	0.8696297083963691
14375	0	0.11043487294109951	0.9496531257605704	0.132001	0.8241244759479344
14379	1930	0.00035366199807825016	0.0017603432214756995	0.998001	1.0
14380	1442	0.07912823566309977	0.5919109550488728	0.29500099999999996	0.9178647198067631
14389	0	0.04681931351565863	0.2994013807714521	0.48900099999999996	1.0
14391	0	0.0016771026365793827	0.008411002339202608	0.980001	1.0
14397	0	0.03171129203395196	0.18754024585184212	0.642001	1.0
14400	3520	0.06514214769679617	0.4560828162260735	0.335001	0.935934153865782
14405	2912	0.0	-0.0	1.0	1.0
14408	3335	0.0	-0.0	1.0	1.0
14413	0	0.0	-0.0	1.0	1.0
14414	913	0.10836227083366669	0.9235992640840557	0.113001	0.820033522468544
14418	0	0.11054790231282355	0.951083851926846	0.082001	0.7875692535087719
14421	0	0.0	-0.0	1.0	1.0
14423	4242	0.024056303299942842	0.13657810188314765	0.718001	1.0
14426	0	0.10731145284921029	0.9105208042864308	0.122001	0.820033522468544
14435	0	0.0784268363772124	0.5847551403049611	0.262001	0.898348226095003
14438	1783	0.05326333373258091	0.3518208024523672	0.459001	1.0
14439	0	0.1151781809437272	1.010576225510851	0.040001	0.7385682107925801
14440	1202	0.029862697964652806	0.17488839914423393	0.648001	1.0
14442	760	0.041199413661475094	0.2560072064677783	0.5470010000000001	1.0
14446	2733	0.0	-0.0	1.0	1.0
14453	4465	0.003739150438595908	0.018973599099392953	0.951001	1.0
14458	0	0.08541713386440235	0.6577218902989335	0.201001	0.8576617104442713
14465	0	0.039899670493079145	0.24627483756882684	0.592001	1.0
14468	3194	0.03239274337723426	0.19226011859823017	0.630001	1.0
14470	0	0.053826989084254415	0.356542902220855	0.527001	1.0
14471	0	0.082766230527402	0.62961790154176	0.30400099999999997	0.927677522017837
14485	2271	0.01760183519784748	0.09649065727468055	0.7940010000000001	1.0
14486	0	0.016389440721511217	0.08924901347946491	0.824001	1.0
14505	0	0.10044032297430039	0.8271598613123123	0.158001	0.8310208384376389
14506	1038	0.06251874862209728	0.4321925783989634	0.404001	0.9700453835526316
14510	526	0.08038224170947283	0.6047962587335998	0.228001	0.8871296904761905
14533	0	0.0803484746797375	0.6044477489462747	0.248001	0.8949779001318391
14537	0	0.021727128706533747	0.1218118757882526	0.743001	1.0
14543	1863	0.11483734186803916	1.0061380320121565	0.097001	0.8157173187403994
14548	0	0.0	-0.0	1.0	1.0
14550	370	0.11714216626537308	1.0363331966372553	0.125001	0.820033522468544
14551	0	0.10139670382300128	0.8385396519678183	0.145001	0.8295614680851063
14554	0	0.021658189735970994	0.1213800174223836	0.724001	1.0
14555	0	0.11054790231282355	0.951083851926846	0.082001	0.7875692535087719
14556	0	0.0	-0.0	1.0	1.0
14557	1864	0.11822502440351412	1.0506683097645353	0.092001	0.8090915253012048
14571	1306	0.033912688691521156	0.20289677128600428	0.6570010000000001	1.0
14572	0	0.06353929814963816	0.4414275318448697	0.390001	0.962389215460897
14577	1966	0.03510910252293117	0.21137582227229643	0.602001	1.0
14581	1630	0.06185422484398939	0.42621942009134445	0.385001	0.9600036322022317
14582	636	0.04550832294311993	0.28908668297354123	0.524001	1.0
14587	1423	0.04623442146271187	0.2947850278301092	0.5390010000000001	1.0
14590	4053	0.0	-0.0	1.0	1.0
14593	0	0.029770741137014098	0.17426482032470092	0.6820010000000001	1.0
14594	370	0.10622863025609021	0.8971359344176548	0.124001	0.820033522468544
14595	0	0.03439997171753948	0.20633882394817205	0.607001	1.0
14596	0	0.019814074775055833	0.10993801011346298	0.767001	1.0
14599	1936	0.0	-0.0	1.0	1.0
14606	0	0.06609218394115422	0.46485668381722844	0.318001	0.9327063886954191
14611	0	0.0	-0.0	1.0	1.0
14614	0	0.0445664318224472	0.28174833695165485	0.648001	1.0
14616	0	0.0	-0.0	1.0	1.0
14619	0	0.07234810360786881	0.5242697097885126	0.401001	0.9670836892070485
14622	0	0.11278314896678542	0.9795881346558263	0.107001	0.820033522468544
14628	1305	0.09186839675896667	0.7283500098509585	0.215001	0.8747848193979934
14630	1628	0.10137996584174215	0.8383398723138566	0.133001	0.8241244759479344
14631	2942	0.03204861500056008	0.18987283441639127	0.640001	1.0
14638	4363	0.10532282004041682	0.8860106479771647	0.120001	0.820033522468544
14641	1470	0.09262340293561484	0.7368243284061085	0.195001	0.8563507378292099
14644	1442	0.04816503829807793	0.31011168217963936	0.501001	1.0
14665	0	0.1151781809437272	1.010576225510851	0.040001	0.7385682107925801
14670	0	0.11628276891154678	1.0250240534931947	0.096001	0.8148177899224807
14675	1182	0.07928082090522191	0.5934725278594015	0.29500099999999996	0.9178647198067631
14680	0	0.023717025971758045	0.13440592849771973	0.722001	1.0
14684	1188	0.0	-0.0	1.0	1.0
14685	2709	0.11054790231282355	0.951083851926846	0.082001	0.7875692535087719
14686	529	0.0	-0.0	1.0	1.0
14703	2491	0.07368822535909408	0.5373695286888881	0.28600099999999995	0.9150861919929864
14714	0	0.009719230078405118	0.05100623126016853	0.900001	1.0
14716	0	0.06202686846167149	0.42776821144980415	0.382001	0.9599561507918292
14718	0	0.08276623052740195	0.6296179015417595	0.322001	0.9341783118706941
14725	1952	0.12693230938588843	1.1694212559171855	0.079001	0.7875692535087719
14728	2563	0.04998844963198691	0.32482239955187986	0.48400099999999996	1.0
14729	1205	0.03328848235181555	0.19851026298612093	0.652001	1.0
14734	779	0.01740684232524569	0.09531986571558161	0.817001	1.0
14737	0	0.0	-0.0	1.0	1.0
14738	0	0.0012762625355481581	0.00638610475228443	0.986001	1.0
14740	2823	0.05493009683743516	0.3658486229617689	0.42100099999999996	0.9795027515937101
14741	1756	0.03784095653796691	0.2310904937599317	0.628001	1.0
14758	0	0.0	-0.0	1.0	1.0
14760	4255	0.02293495623419584	0.12942650535809927	0.767001	1.0
14763	0	0.04656918659430505	0.2974243523054227	0.513001	1.0
14766	0	0.0681000364652973	0.48361476295143324	0.34500099999999995	0.9398895120676785
14771	0	0.06542643499126205	0.4587014597796788	0.35400099999999995	0.9451248351621554
14775	2298	0.10476005402419405	0.8791314329035671	0.120001	0.820033522468544
14777	3682	0.028416299924436714	0.16514323509517317	0.6860010000000001	1.0
14778	0	0.12390984301739452	1.1274945041329865	0.076001	0.7875692535087719
14781	0	0.010752214985624578	0.05675343194198158	0.889001	1.0
14789	0	0.0020965243197436185	0.010539623290239003	0.981001	1.0
14806	0	0.03107780853776277	0.1831797012654672	0.614001	1.0
14808	1185	0.1326911075194828	1.251400681680345	0.043001	0.7473300777777777
14818	499	0.11771205134149418	1.0438655837739472	0.107001	0.820033522468544
14825	0	0.06414635537358158	0.4469562654659318	0.37200099999999997	0.9576559749766136
14826	0	0.03130851886289095	0.18476476315175536	0.6790010000000001	1.0
14831	349	0.042766389333524335	0.2678915765080212	0.5350010000000001	1.0
14835	1408	0.02204220646679144	0.12378942589912713	0.730001	1.0
14836	0	0.004825071539580082	0.024634867494785165	0.943001	1.0
14840	1647	0.047949410263191744	0.3083871920283305	0.506001	1.0
14841	0	0.08762264686870291	0.6815101658870822	0.200001	0.8576617104442713
14842	0	0.0	-0.0	1.0	1.0
14850	4455	0.05541191084393955	0.3699399192852199	0.43600099999999997	0.9855026732039636
14853	1756	0.09886367404289403	0.8085561806380736	0.158001	0.8310208384376389
14861	3107	0.04526866883446411	0.2872137925114622	0.5320010000000001	1.0
14862	2634	0.1754293010957852	1.9484514814412146	0.015000999999999999	0.5816998406250001
14866	425	0.009725810349335954	0.05104264049595064	0.880001	1.0
14870	0	0.15155988637828618	1.5395947678206574	0.037001	0.7273320448833034
14871	370	0.11841061324986782	1.053134743557499	0.083001	0.7909294595300261
14874	637	0.0769724173614334	0.5700337833981735	0.245001	0.8947684953302201
14881	4083	0.0	-0.0	1.0	1.0
14887	3135	0.05279367934553701	0.3479031409345724	0.43100099999999997	0.981495413685524
14891	3714	0.01745823133350971	0.0956281924985411	0.8110010000000001	1.0
14892	0	0.023943992156577817	0.135858241086439	0.748001	1.0
14893	535	0.0020707230832304815	0.010408387246433498	0.979001	1.0
14894	0	0.049850400879027396	0.323700643136719	0.48000099999999996	1.0
14896	874	0.12477614384534022	1.139434572351382	0.073001	0.7875692535087719
14900	0	0.014168369834045496	0.0762158522246563	0.852001	1.0
14911	1671	0.059060842114178405	0.4014553814403491	0.400001	0.9670836892070485
14912	0	0.05257697452034371	0.3461006625782502	0.440001	0.9884380653019446
14915	2235	0.12477749974620107	1.1394533089180119	0.074001	0.7875692535087719
14922	0	0.0	-0.0	1.0	1.0
14926	1537	0.04412163411365089	0.27830384744785136	0.506001	1.0
14927	0	0.01161650154542998	0.06161106158994466	0.865001	1.0
14928	0	0.08551092965811491	0.6587260283192671	0.231001	0.8915156676066267
14930	1604	0.10476005402419405	0.8791314329035671	0.120001	0.820033522468544
14932	349	0.060795421207320545	0.41676743456850013	0.379001	0.9581348300623412
14934	1066	0.08543694917932268	0.6579339690492932	0.231001	0.8915156676066267
14936	2709	0.16581987806244103	1.7777860223760809	0.021001000000000002	0.6067731712846347
14940	0	0.06826716380492125	0.48518931964816214	0.334001	0.935934153865782
14943	0	0.002718503685552428	0.013714851848807802	0.964001	1.0
14947	1644	0.0	-0.0	1.0	1.0
14948	4470	0.12640752585399406	1.1620875273755091	0.072001	0.7875692535087719
14952	0	0.020811086997455014	0.11609773184776308	0.761001	1.0
14955	0	0.0	-0.0	1.0	1.0
14961	8	0.0	-0.0	1.0	1.0
14962	1648	0.0570497392437143	0.38396945960017614	0.42800099999999996	0.9806120979123172
14970	3197	0.04013655802713305	0.24804019349131892	0.566001	1.0
14974	2373	0.04718076082450861	0.3022658603576369	0.49800099999999997	1.0
14978	1065	0.03230511751278163	0.19165150885438736	0.6570010000000001	1.0
14980	2196	0.00950613138069461	0.04982852951533152	0.901001	1.0
14983	3018	0.08301823135321398	0.6322666875337232	0.228001	0.8871296904761905
14988	0	0.0424092944152667	0.26516870995587905	0.5390010000000001	1.0
14989	0	0.1091094811870883	0.9329525868197307	0.11700100000000001	0.820033522468544
14992	0	0.08183978492902981	0.6199211498419361	0.239001	0.8917607127407907
15005	1647	0.0211519679748085	0.11821797344460172	0.770001	1.0
15007	0	0.06722128229809013	0.4753691473743538	0.36600099999999997	0.9525421794628
15008	2572	0.055610449469298655	0.37163053958889525	0.40800099999999995	0.971610316554567
15013	4471	0.06949733607905587	0.49684171413206535	0.31100099999999997	0.9281849214362851
15015	3126	0.17710550319245977	1.9790713611432353	0.012001	0.5816998406250001
15017	0	0.06542125872194314	0.4586537276901646	0.34700099999999995	0.9406570807130477
15026	638	0.017770927364813626	0.09750782954438715	0.8100010000000001	1.0
15029	0	0.012956701655732577	0.06923224595757539	0.845001	1.0
15037	1343	0.09140952396688717	0.7232209896940083	0.206001	0.8659326802281369
15039	1644	0.15971766601057216	1.6736744531928243	0.019001	0.5978216925287356
15040	0	0.06575213497410294	0.4617087381234869	0.343001	0.9398895120676785
15045	4473	0.002072778344566102	0.01041883977733218	0.971001	1.0
15058	4474	0.028277852756541884	0.16421750381820302	0.698001	1.0
15060	0	0.0932200424593155	0.7435522045282495	0.170001	0.8310208384376389
15062	3426	0.041249852930933674	0.25638717675939987	0.568001	1.0
15066	0	0.03635020756155414	0.2202711876226674	0.603001	1.0
15077	2185	0.0261744470043996	0.15030409219942434	0.696001	1.0
15078	0	0.1441559817663619	1.4228945156882717	0.052001	0.7632157493297588
15081	1604	0.05649982493385612	0.37923786829162937	0.42300099999999996	0.9799911022005923
15082	20	0.004051493802040654	0.02059494137704484	0.972001	1.0
15084	3426	0.06122657197583259	0.42060667647819516	0.374001	0.9576559749766136
15085	0	0.11252601067459302	0.97628862987591	0.104001	0.8168629476327116
15089	0	0.14615925970935245	1.4540055013445365	0.043001	0.7473300777777777
15091	2088	0.022492976246808336	0.12662945819768093	0.723001	1.0
15093	2823	0.017342217484796897	0.09493235649798101	0.833001	1.0
15098	3026	0.12775233120671017	1.180926488579932	0.083001	0.7909294595300261
15101	899	0.08239196071935483	0.6256927794578014	0.223001	0.8836908972131741
15110	0	0.09798882049467492	0.7983172122545814	0.17100100000000001	0.8310208384376389
15111	917	0.14852192974811446	1.4911400731412292	0.035001000000000004	0.7096776833333334
15112	0	0.062177342123572954	0.4291198544178213	0.343001	0.9398895120676785
15116	0	0.10713222811727705	0.9082989531405727	0.132001	0.8241244759479344
15118	899	0.08398009313341122	0.642420904658093	0.223001	0.8836908972131741
15121	0	0.029899834034315995	0.17514038159799433	0.6830010000000001	1.0
15129	0	0.0	-0.0	1.0	1.0
15132	1277	0.15464893611346703	1.589683559503504	0.024001	0.6286769114832536
15139	2996	0.006287559653207132	0.03236778536839109	0.9200010000000001	1.0
15141	2449	0.05359680135532135	0.3546117927373299	0.453001	0.9983645207873068
15151	0	0.0	-0.0	1.0	1.0
15153	529	0.0	-0.0	1.0	1.0
15159	0	0.0	-0.0	1.0	1.0
15166	1191	0.04775762382859902	0.30685605830064594	0.49100099999999997	1.0
15167	349	0.0	-0.0	1.0	1.0
15171	71	0.13792023483490856	1.328241486360564	0.059001	0.7875692535087719
15172	0	0.01016552271234732	0.05348145274511291	0.866001	1.0
15178	0	0.0	-0.0	1.0	1.0
15179	0	0.04397782039978155	0.27719303420641034	0.5310010000000001	1.0
15182	0	0.0	-0.0	1.0	1.0
15189	1191	0.08453641501983973	0.6483258255537229	0.215001	0.8747848193979934
15196	3831	0.020112330641930735	0.11177420093503247	0.753001	1.0
15197	0	0.10299483103065811	0.8577159647746584	0.144001	0.8280813807773109
15198	3592	0.0441787764601845	0.27874560288044653	0.5330010000000001	1.0
15202	1241	0.06438927205517592	0.4491760382857184	0.34600099999999995	0.9406570807130477
15203	0	0.07494847877891202	0.5498094695919177	0.29300099999999996	0.9173771658564482
15206	0	0.08803019202512342	0.6859464236128525	0.240001	0.8917607127407907
15209	0	0.08742858971691925	0.6794022443908777	0.213001	0.8734636513108613
15211	0	0.0	-0.0	1.0	1.0
15213	0	0.057782140741351844	0.3903043460839303	0.42900099999999997	0.9806120979123172
15227	1993	0.050292087825839535	0.32729433649756917	0.467001	1.0
15234	1612	0.004051493802040654	0.02059494137704484	0.972001	1.0
15235	2054	0.07554263076263726	0.5557150706873838	0.275001	0.9085654643934822
15244	4270	0.09120113296314672	0.7208970612968332	0.176001	0.8342142636363636
15249	349	0.053826989084254415	0.356542902220855	0.527001	1.0
15252	0	0.07825502941241522	0.5830079313864515	0.258001	0.898348226095003
15254	0	0.06953664463964485	0.49721587010340984	0.327001	0.9352299346354166
15259	0	0.0	-0.0	1.0	1.0
15268	916	0.030918652316406087	0.18208825509970872	0.690001	1.0
15274	1727	0.08159242211183246	0.6173430261364921	0.278001	0.9099650071748879
15276	1672	0.05871143432132825	0.3983968370586159	0.40900099999999995	0.971610316554567
15277	0	0.0387528611375275	0.23778151381223075	0.5520010000000001	1.0
15281	2717	0.05862176961696578	0.3976133517876405	0.40700099999999995	0.9712846445074105
15282	4270	0.11078222496395143	0.9540531688747932	0.106001	0.820033522468544
15284	0	0.0	-0.0	1.0	1.0
15294	20	0.0013567798548746544	0.006792110821249927	0.987001	1.0
15298	3249	0.11898513385927575	1.0607877631572324	0.086001	0.7979872449152542
15302	0	0.13525944569030673	1.2888546976599147	0.059001	0.7875692535087719
15312	3755	0.09960100921199323	0.8172321431166366	0.139001	0.8255721652406417
15314	0	0.01832620073150469	0.10086047257769123	0.7910010000000001	1.0
15327	297	0.0781327662593454	0.581765904406478	0.264001	0.898348226095003
15329	0	0.0	-0.0	1.0	1.0
15332	0	0.0	-0.0	1.0	1.0
15333	0	0.02241256074208017	0.12612187307900163	0.737001	1.0
15337	0	0.07778407457521279	0.5782297937673894	0.262001	0.898348226095003
15338	918	0.13919411497577563	1.3473097494941761	0.052001	0.7632157493297588
15343	0	0.10707519333964587	0.907592428289571	0.112001	0.820033522468544
15346	1343	0.0028767492405952014	0.014526253966100772	0.972001	1.0
15348	2339	0.050860649422965004	0.33194018326727226	0.451001	0.9969735410862104
15353	3454	0.006076145583192241	0.03124220468790038	0.9360010000000001	1.0
15355	0	0.07166581595123597	0.5176510242186284	0.29700099999999996	0.9201652374080361
15356	1495	0.005796408140672736	0.029756886453165383	0.9370010000000001	1.0
15358	4456	0.0	-0.0	1.0	1.0
15363	1565	0.08036697593915806	0.6046386900073433	0.260001	0.898348226095003
15366	3270	0.08211231925496766	0.6227669521368014	0.240001	0.8917607127407907
15368	1835	0.0	-0.0	1.0	1.0
15370	4480	0.0	-0.0	1.0	1.0
15374	0	0.04016411620934944	0.24824580917539354	0.582001	1.0
15380	0	0.012663173714591115	0.06755381620522852	0.850001	1.0
15383	3145	0.029390898956116344	0.17169481507880788	0.6590010000000001	1.0
15386	20	0.0	-0.0	1.0	1.0
15387	0	0.012655914441137985	0.0675123726287412	0.850001	1.0
15389	0	0.03530587456063998	0.2127793699009075	0.699001	1.0
15395	0	0.12831167937478394	1.1888063205946233	0.07000100000000001	0.7875692535087719
15404	1930	0.038652232588159356	0.2370404427830641	0.564001	1.0
15412	1727	0.01167924516226336	0.061965448975120116	0.880001	1.0
15413	499	0.0	-0.0	1.0	1.0
15416	0	0.09202678778920916	0.7301241777736998	0.236001	0.8917607127407907
15420	0	0.0	-0.0	1.0	1.0
15429	4429	0.05441457491826986	0.3614891222025901	0.449001	0.9953658532091517
15435	0	0.06545609234396424	0.45897497731916925	0.34900099999999995	0.941649075653031
15437	3708	0.13439093330703905	1.2761273117239509	0.048001	0.7562056820143885
15441	1023	0.025687998793573107	0.14712660441795575	0.728001	1.0
15445	913	0.058728871610953456	0.39854926932004964	0.42100099999999996	0.9795027515937101
15448	2556	0.11425463711308814	0.9985721508060079	0.103001	0.8168629476327116
15452	0	0.03651657622488502	0.2214713322362069	0.570001	1.0
15454	1619	0.0	-0.0	1.0	1.0
15455	0	0.10008907949411383	0.8229985039028349	0.144001	0.8280813807773109
15461	1857	0.0	-0.0	1.0	1.0
15466	3663	0.0808946560916789	0.6100953872208211	0.232001	0.8917607127407907
15473	4485	0.1264542094061545	1.1627389967189954	0.07000100000000001	0.7875692535087719
15475	4486	0.04661927429256004	0.2978199079068	0.47800099999999995	1.0
15476	0	0.10161972471586327	0.8412036658380861	0.136001	0.8255721652406417
15483	1628	0.006528498288294464	0.03365374912916956	0.940001	1.0
15485	3566	0.014469620721573758	0.07796596501534306	0.895001	1.0
15487	0	0.10476005402419405	0.8791314329035671	0.120001	0.820033522468544
15491	0	0.17834166380545197	2.0018158078747392	0.013000999999999999	0.5816998406250001
15497	3015	0.053227803186433685	0.3515238835597484	0.452001	0.9971708541204917
15499	1733	0.009696574129297555	0.0508808935502335	0.896001	1.0
15500	0	0.0	-0.0	1.0	1.0
15504	0	0.0	-0.0	1.0	1.0
15519	0	0.006654293769734473	0.03432651098883164	0.9310010000000001	1.0
15520	1298	0.0023526113376182963	0.011844263655739528	0.979001	1.0
15522	3145	0.0	-0.0	1.0	1.0
15525	1564	0.0	-0.0	1.0	1.0
15528	0	0.010632341398060477	0.05608322640482762	0.878001	1.0
15534	0	0.03967336495019985	0.2445918489746945	0.600001	1.0
15538	2629	0.004811557228877265	0.024563992047171305	0.938001	1.0
15543	0	0.026691039688130455	0.15369499518100366	0.694001	1.0
15544	0	0.048090133773110506	0.30951226950009453	0.512001	1.0
15546	0	0.002072778344566102	0.01041883977733218	0.971001	1.0
15550	0	0.01597029972316017	0.08676645561853856	0.816001	1.0
15561	0	0.0	-0.0	1.0	1.0
15562	429	0.0	-0.0	1.0	1.0
15563	4489	0.07908198251059533	0.5914379393594352	0.256001	0.8980951454661967
15567	0	0.09659524304833235	0.7821305733284918	0.166001	0.8310208384376389
15575	1442	0.028360456614284577	0.16476968888118307	0.780001	1.0
15578	1756	0.050668929409982494	0.3303710945645617	0.47000099999999995	1.0
15581	1007	0.0036351949816738963	0.018435229757545156	0.962001	1.0
15584	0	0.014819467336629814	0.08000531667276187	0.836001	1.0
15585	0	0.10328043899956457	0.8611642383841582	0.143001	0.8279841084082495
15590	0	0.0	-0.0	1.0	1.0
15593	0	0.021068948277423484	0.11770093171700012	0.770001	1.0
15594	8	0.00023914994321920513	0.0011895837481829836	0.997001	1.0
15601	0	0.00985493640470575	0.05175762825221722	0.889001	1.0
15619	3521	0.007377062296970757	0.03820993343252862	0.9070010000000001	1.0
15627	2838	0.0	-0.0	1.0	1.0
15635	1202	0.06442527723992256	0.44950541513139963	0.35800099999999996	0.9474113012943431
15636	1202	0.005378892090416089	0.027548512538442066	0.9290010000000001	1.0
15646	1397	0.022826148585517517	0.12873678198069516	0.737001	1.0
15647	1715	0.07979380281383855	0.5987352054023461	0.236001	0.8917607127407907
15653	4298	0.03946330659546591	0.24303275199356314	0.576001	1.0
15654	0	0.008569539632021554	0.04468438137677415	0.9150010000000001	1.0
15657	1202	0.03233340704607769	0.19184794047959966	0.639001	1.0
15666	1189	0.0	-0.0	1.0	1.0
15669	0	0.047549067990011865	0.3051939102358419	0.519001	1.0
15672	0	0.009884853015716302	0.051923422075582606	0.889001	1.0
15674	0	0.0020965243197436185	0.010539623290239003	0.981001	1.0
15676	1185	0.007852712444387608	0.040782368919769954	0.899001	1.0
15677	0	0.028360456614284577	0.16476968888118307	0.780001	1.0
15682	1	0.0	-0.0	1.0	1.0
15683	0	0.05042553589595909	0.32838276192276805	0.49700099999999997	1.0
15687	0	0.049196710453350806	0.3184067493646186	0.593001	1.0
15691	0	0.0	-0.0	1.0	1.0
15702	0	0.0	-0.0	1.0	1.0
15706	0	0.05212285639894313	0.34233406350502543	0.48400099999999996	1.0
15709	0	0.010234746654633246	0.05386644504671066	0.904001	1.0
15713	532	0.06116560699558068	0.4200630002764656	0.36800099999999997	0.9552496322901849
15741	1020	0.029196106164379045	0.17038046126107514	0.6630010000000001	1.0
15748	4491	0.0	-0.0	1.0	1.0
15749	0	0.047353916561997916	0.3036412941569472	0.505001	1.0
15755	0	0.0	-0.0	1.0	1.0
15756	1200	0.0214044155691753	0.11979284862742084	0.746001	1.0
15759	0	0.040036622768816005	0.2472949883012296	0.5610010000000001	1.0
15765	1096	0.05022006079524045	0.32670738343512984	0.47200099999999995	1.0
15769	3868	0.15612914926416072	1.6139792124232084	0.027001	0.646901420131291
15772	0	0.1348967584665525	1.2835320919141424	0.064001	0.7875692535087719
15775	3242	0.16303283848923178	1.7298275241804328	0.022001	0.6067731712846347
15777	4456	0.05032058133326134	0.3275266310210447	0.49200099999999997	1.0
15780	3844	0.025243533897096163	0.14423651227685608	0.737001	1.0
15782	0	0.04412615302658277	0.2783387741437578	0.514001	1.0
15789	0	0.004720679777888016	0.024087663554274608	0.959001	1.0
15791	2459	0.023229289330384706	0.13129599500623684	0.735001	1.0
15792	0	0.0	-0.0	1.0	1.0
15793	3556	0.0	-0.0	1.0	1.0
15795	322	0.0	-0.0	1.0	1.0
15803	1936	0.002718503685552428	0.013714851848807802	0.964001	1.0
15808	0	0.004051493802040654	0.02059494137704484	0.972001	1.0
15815	0	0.08568879634038984	0.6606320271264529	0.239001	0.8917607127407907
15816	0	0.0	-0.0	1.0	1.0
15818	2222	0.010961439043241981	0.057925249097835134	0.878001	1.0
15825	3764	0.0	-0.0	1.0	1.0
15828	0	0.15267339218298562	1.5575547637761595	0.036001	0.719297352189781
15829	1035	0.15541873208285287	1.6022948640212147	0.033001	0.6962002870905588
15831	917	0.017770927364813626	0.09750782954438715	0.8100010000000001	1.0
15837	3960	0.0	-0.0	1.0	1.0
15844	1869	0.0	-0.0	1.0	1.0
15845	3214	0.020608848842343652	0.11484326091039897	0.764001	1.0
15847	1040	0.0	-0.0	1.0	1.0
15849	0	0.08927680540385183	0.6995949489810644	0.209001	0.8684447624288425
15852	0	0.0	-0.0	1.0	1.0
15858	1408	0.01750475975475567	0.09590749666023578	0.7960010000000001	1.0
15860	1742	0.06633793690060508	0.4671369056567978	0.334001	0.935934153865782
15864	0	0.028888599098750935	0.16831055097803027	0.6790010000000001	1.0
15870	1657	0.0	-0.0	1.0	1.0
15871	0	0.13116422098115463	1.2293957392320773	0.054001	0.7718759125326371
15872	0	0.034295605233820324	0.2056002923487078	0.624001	1.0
15878	8	0.09434192710466092	0.7562773613912244	0.239001	0.8917607127407907
15882	4432	0.058296570356658584	0.3947765574404813	0.386001	0.9611837500568569
15883	0	0.041249852930933674	0.25638717675939987	0.568001	1.0
15893	1453	0.028360456614284577	0.16476968888118307	0.780001	1.0
15895	0	0.036463444218365886	0.22108785141199291	0.708001	1.0
15899	0	0.0	-0.0	1.0	1.0
15901	147	0.12066270876339527	1.083288229624435	0.081001	0.7875692535087719
15905	0	0.04919671045335081	0.3184067493646187	0.587001	1.0
15907	25	0.07359780825419585	0.5364815308830662	0.29100099999999995	0.9168680668196155
15908	1040	0.06464085708663661	0.45147950092012606	0.34900099999999995	0.941649075653031
15912	0	0.06605405456971494	0.46450329147056824	0.34900099999999995	0.941649075653031
15916	3933	0.08284271502162632	0.6304213254499668	0.244001	0.8943980411784399
15920	3249	0.10161135850757395	0.8411036597846474	0.154001	0.8310208384376389
15922	0	0.004051493802040654	0.02059494137704484	0.972001	1.0
15924	1674	0.08722856091277147	0.6772324607261944	0.189001	0.8533492573195877
15927	4041	0.05532771667876757	0.36922381466126425	0.43600099999999997	0.9855026732039636
15932	0	0.0070830223162213525	0.03662635627633549	0.9140010000000001	1.0
15937	1864	0.030187659691110716	0.17709641183384908	0.6790010000000001	1.0
15939	0	0.20111217849540597	2.445900538322512	0.003001	0.4159234050632912
15942	2052	0.025616815748624858	0.146662898686856	0.724001	1.0
15949	2362	0.0	-0.0	1.0	1.0
15950	3521	0.08428908675955324	0.6456977385801607	0.259001	0.898348226095003
15958	0	0.11830449814203131	1.0517241547471932	0.075001	0.7875692535087719
15960	1222	0.046364068721054044	0.29580627224660777	0.49500099999999997	1.0
15962	0	0.0	-0.0	1.0	1.0
15965	0	0.0029179915092815145	0.014737960225961863	0.968001	1.0
15971	0	0.04826793158915545	0.3109356994507436	0.500001	1.0
15973	0	0.03626686620331151	0.2196706706147467	0.593001	1.0
15978	3249	0.05750525764863497	0.38790499963974917	0.382001	0.9599561507918292
15996	0	0.17545579274828357	1.9489334402320386	0.021001000000000002	0.6067731712846347
16004	2195	0.037692592315390565	0.23000711564380477	0.590001	1.0
16005	349	0.03621257290385571	0.21927970666276303	0.614001	1.0
16011	0	0.12779135477371967	1.181475392697697	0.068001	0.7875692535087719
16014	1035	0.029970768116334874	0.17562194420067465	0.6770010000000001	1.0
16020	0	0.04525451665039768	0.28710331588942184	0.506001	1.0
16022	0	0.0	-0.0	1.0	1.0
16024	0	0.053826989084254415	0.356542902220855	0.527001	1.0
16026	3240	0.004051493802040654	0.02059494137704484	0.972001	1.0
16032	1769	0.0	-0.0	1.0	1.0
16033	2722	0.05962562999724953	0.4064175773353711	0.36000099999999996	0.9474113012943431
16040	3454	0.1308763203991603	1.225268418558484	0.063001	0.7875692535087719
16041	1151	0.05814240436980375	0.3934343454234555	0.392001	0.9629838341934036
16045	3518	0.06956335548086812	0.4974701798498744	0.35700099999999996	0.9474113012943431
16046	1001	0.11811838710363237	1.049252391537307	0.089001	0.8053487181818181
16048	918	0.1489439281840886	1.4978232325119216	0.031001	0.682957643863179
16050	2902	0.11500722770745654	1.0083490056580107	0.10100100000000001	0.8161328036900369
16053	2620	0.08119821133376529	0.6132438959101586	0.240001	0.8917607127407907
16056	887	0.10492075658269738	0.8810932920402069	0.124001	0.820033522468544
16060	1853	0.06780718797804641	0.4808606460436965	0.330001	0.9356702571428571
16066	2424	0.0	-0.0	1.0	1.0
16067	891	0.0	-0.0	1.0	1.0
16070	2621	0.015275856313202295	0.08267693335435841	0.840001	1.0
16071	0	0.022887002621199595	0.1291224392615041	0.744001	1.0
16076	0	0.05429616861198785	0.3604904502044726	0.445001	0.991113903376729
16078	2888	0.08023186473488544	0.6032448740135986	0.230001	0.8911114469214437
16080	985	0.0065790692134677226	0.03392409391577563	0.9170010000000001	1.0
16088	0	0.015627190379299664	0.08474223042590702	0.880001	1.0
16109	1930	0.05216013672587592	0.3426427377285157	0.467001	1.0
16110	0	0.00605636241575908	0.031137011846008297	0.9330010000000001	1.0
16116	0	0.10148400647172626	0.8395820278440254	0.158001	0.8310208384376389
16128	160	0.0321478795192306	0.19056065941954622	0.647001	1.0
16132	0	0.0	-0.0	1.0	1.0
16133	1604	0.016684959576088322	0.09100583120948424	0.820001	1.0
16135	1147	0.06527743052393437	0.45732821385814076	0.35200099999999995	0.9446222914215685
16140	1675	0.11054790231282355	0.951083851926846	0.082001	0.7875692535087719
16142	2390	0.032011524591619725	0.18961599176498747	0.612001	1.0
16150	0	0.02332001529900361	0.13187335141306686	0.735001	1.0
16155	1864	0.017475495534933036	0.0957318117413541	0.8090010000000001	1.0
16156	4494	0.08570607634326229	0.6608173256232228	0.228001	0.8871296904761905
16164	0	0.12486985698849623	1.140729907425744	0.072001	0.7875692535087719
16172	1442	9.480312193144852e-05	0.00047118234035554583	0.996001	1.0
16176	0	0.051370406475717424	0.33612456364136095	0.451001	0.9969735410862104
16183	0	0.008546043192142715	0.04455599798119111	0.899001	1.0
16185	0	0.057782140741351844	0.3903043460839303	0.42900099999999997	0.9806120979123172
16190	4074	0.0	-0.0	1.0	1.0
16191	1299	0.1160913838259376	1.0225136937486161	0.091001	0.8087418417207791
16192	0	0.04395233646322675	0.2769963432711311	0.530001	1.0
16202	2709	0.16834716953075196	1.8218710034720207	0.014001	0.5816998406250001
16207	1202	0.015424028518113763	0.08354703650548077	0.827001	1.0
16215	0	0.0	-0.0	1.0	1.0
16218	0	0.08336692338902074	0.6359396986327157	0.23400100000000001	0.8917607127407907
16222	0	0.04862371449309259	0.31379058384624947	0.48600099999999996	1.0
16224	1561	0.0	-0.0	1.0	1.0
16225	3831	0.074830775631691	0.5486426545201	0.29300099999999996	0.9173771658564482
16228	0	0.09183846461900544	0.7280149512926019	0.180001	0.8415201481953289
16230	0	0.0717106613912305	0.5180850080874924	0.340001	0.9398895120676785
16231	0	0.1296615613542187	1.2079297418562231	0.062001	0.7875692535087719
16235	2345	0.0323464272955728	0.19193836560992045	0.643001	1.0
16236	0	0.0	-0.0	1.0	1.0
16240	0	0.08614529643157907	0.6655348238765337	0.216001	0.8749518864224936
16249	1445	0.0	-0.0	1.0	1.0
16254	1932	0.09441857767096813	0.7571503358433247	0.158001	0.8310208384376389
16259	1676	0.10940017689845247	0.9366034606488645	0.122001	0.820033522468544
16261	988	0.036227926677410434	0.21939024883613847	0.612001	1.0
16263	0	0.007657140156256632	0.039723050330570386	0.9090010000000001	1.0
16268	0	0.11706752439017888	1.0353485796254849	0.098001	0.8158799918032787
16271	0	0.0	-0.0	1.0	1.0
16274	2196	0.08347931309504011	0.6371255321156859	0.229001	0.8888096238922368
16276	1385	0.09811083871887244	0.7997416829065388	0.144001	0.8280813807773109
16280	0	0.09678131410703053	0.7842830710051526	0.153001	0.8310208384376389
16291	0	0.00553679729881105	0.02838252621468201	0.9300010000000001	1.0
16299	1069	0.011230979878626576	0.05943874917192641	0.865001	1.0
16305	0	0.0	-0.0	1.0	1.0
16306	0	0.004849397310807304	0.024762470139905485	0.941001	1.0
16308	1780	0.009456028334746892	0.049552024412909144	0.890001	1.0
16309	0	0.0	-0.0	1.0	1.0
16313	0	0.10293585969910939	0.8570047787174514	0.134001	0.8242567129213484
16314	0	0.052377573445868866	0.34444499989071004	0.43600099999999997	0.9855026732039636
16317	0	0.0464365497482926	0.29637771302560195	0.529001	1.0
16319	0	0.0	-0.0	1.0	1.0
16321	2897	0.05705727909821785	0.3840344824500509	0.42900099999999997	0.9806120979123172
16323	2620	0.09014387584377248	0.7091581742265386	0.218001	0.8768894008082292
16325	1248	0.03844681557534359	0.23552975975296278	0.579001	1.0
16332	597	0.11670430323818232	1.030563703315154	0.100001	0.8158799918032787
16343	0	0.0	-0.0	1.0	1.0
16360	1910	0.047869079594231624	0.3077455620126435	0.528001	1.0
16371	963	0.003944568017794574	0.02003926449701559	0.954001	1.0
16374	0	0.18070806479984824	2.045742994089668	0.008001	0.5374414049079754
16376	2599	0.026903874157878767	0.15509699043731806	0.702001	1.0
16378	0	0.0	-0.0	1.0	1.0
16381	0	0.03741791399542416	0.22800523131646233	0.597001	1.0
16383	0	0.06596253671564088	0.46365551059309545	0.379001	0.9581348300623412
16389	1950	0.0	-0.0	1.0	1.0
16393	297	0.0438966867086788	0.2765669786246994	0.523001	1.0
16395	0	0.0342559040502494	0.20531954145506337	0.634001	1.0
16400	1214	0.0	-0.0	1.0	1.0
16405	1397	0.0	-0.0	1.0	1.0
16406	1471	0.09444169378845073	0.7574136949277359	0.155001	0.8310208384376389
16407	2579	0.024652269725619503	0.1404113110537428	0.722001	1.0
16408	0	0.020178977710462974	0.11218526526311168	0.7880010000000001	1.0
16412	3682	0.09150883769935725	0.7243296885832893	0.216001	0.8749518864224936
16413	0	0.007600713303852244	0.03941783318176716	0.9260010000000001	1.0
16427	1672	0.04806680287806306	0.3093256460960551	0.468001	1.0
16428	0	0.09838483408277456	0.8029446067315011	0.146001	0.8295614680851063
16431	3527	0.025184707805580554	0.1438549414986366	0.734001	1.0
16444	3836	0.10360248436646811	0.8650601583026041	0.153001	0.8310208384376389
16446	350	0.07466324292332063	0.5469836361258966	0.374001	0.9576559749766136
16451	926	0.0017573806797850887	0.008817643520504279	0.976001	1.0
16454	0	0.05729969805743212	0.3861272139135311	0.518001	1.0
16459	2533	0.07232301069140473	0.524025684558995	0.29200099999999996	0.9168680668196155
16464	0	0.0	-0.0	1.0	1.0
16466	0	0.0	-0.0	1.0	1.0
16469	0	0.006090635261103698	0.031319265041550665	0.9340010000000001	1.0
16474	4498	0.011496035915404317	0.060931312092924954	0.866001	1.0
16475	0	0.16956461061316497	1.8433106561131196	0.016001	0.5816998406250001
16492	924	0.10952293824711151	0.9381472594113707	0.113001	0.820033522468544
16494	1125	0.028360456614284577	0.16476968888118307	0.780001	1.0
16496	0	0.0	-0.0	1.0	1.0
16501	1034	0.12311465376954941	1.116588883866079	0.084001	0.794923897147796
16502	1357	0.1376272004470868	1.3238745547954132	0.043001	0.7473300777777777
16507	0	0.10072206605867859	0.8305048066839362	0.124001	0.820033522468544
16510	0	0.053826989084254415	0.356542902220855	0.527001	1.0
16513	4028	0.07892384026021723	0.5898218786970468	0.28900099999999995	0.9168680668196155
16515	2648	0.040497187249288615	0.2507349252849062	0.573001	1.0
16516	1185	0.037554591423752635	0.22900072459856316	0.584001	1.0
16529	0	0.18880222218928858	2.1998652533148264	0.006001	0.49033544029850745
16541	1445	0.0	-0.0	1.0	1.0
16547	1862	0.0	-0.0	1.0	1.0
16548	3634	0.07332389197377755	0.5337950433122075	0.29300099999999996	0.9173771658564482
16553	349	0.08593105837570414	0.6632319426902673	0.209001	0.8684447624288425
16558	4501	0.004051493802040654	0.02059494137704484	0.972001	1.0
16560	0	0.0473934913294181	0.30395593820281513	0.48400099999999996	1.0
16561	4502	0.04162195128602578	0.25919556266786575	0.585001	1.0
16571	1428	0.0087801740321824	0.04583673774951623	0.904001	1.0
16572	0	0.0	-0.0	1.0	1.0
16576	3416	0.06850314318989562	0.48741601188557315	0.329001	0.9354017005972475
16577	2133	0.09874850178086954	0.8072048288047633	0.142001	0.8265650978203083
16578	0	0.145276254022479	1.4402500644203935	0.024001	0.6286769114832536
16579	0	0.004234289081149695	0.021546435400132204	0.953001	1.0
16582	4007	0.06155549046023103	0.4235444981248493	0.390001	0.962389215460897
16588	1185	0.07876151728113147	0.5881650382221986	0.258001	0.898348226095003
16589	2131	0.0	-0.0	1.0	1.0
16590	0	0.11627581738578062	1.0249328197911542	0.080001	0.7875692535087719
16592	0	0.0526694194265285	0.34686918836404634	0.572001	1.0
16593	3752	0.05887190853727904	0.39980047461422424	0.400001	0.9670836892070485
16597	0	0.0	-0.0	1.0	1.0
16599	0	0.0	-0.0	1.0	1.0
16603	1110	0.05498455874198031	0.3663102667604302	0.5610010000000001	1.0
16604	0	0.018347108011259508	0.10098707886400078	0.7930010000000001	1.0
16609	641	0.1460863641950531	1.4528674075582597	0.045001	0.7522380900763358
16612	3135	0.0	-0.0	1.0	1.0
16618	3582	0.026997776506638246	0.1557164694713532	0.717001	1.0
16619	2407	0.015383670647634056	0.08330991256050749	0.829001	1.0
16620	1060	0.0	-0.0	1.0	1.0
16621	0	0.0005594338158582679	0.0027878422610665135	0.990001	1.0
16624	2158	0.002118947039740876	0.010653705805318285	0.981001	1.0
16625	0	0.016742404993063505	0.091347957876351	0.847001	1.0
16628	2403	0.06160207663221032	0.42396121944368165	0.397001	0.9659475442222223
16633	1397	0.083763764332814	0.640131064999723	0.257001	0.898348226095003
16640	529	0.08710909736218521	0.6759380510558125	0.222001	0.8836908972131741
16644	3579	0.014952430030608518	0.08078234578530016	0.818001	1.0
16653	370	0.03479326914045737	0.20912835502064142	0.604001	1.0
16656	0	0.06882772928520431	0.4904854155719273	0.334001	0.935934153865782
16660	0	0.06905858268949958	0.4926731188436571	0.35200099999999995	0.9446222914215685
16671	0	0.0	-0.0	1.0	1.0
16680	0	0.11266906925783184	0.9781236490274199	0.095001	0.8119952763466043
16682	0	0.01215448140612196	0.06465735004116241	0.9060010000000001	1.0
16684	0	0.0	-0.0	1.0	1.0
16686	0	0.1341365250830894	1.272411140416373	0.050001000000000004	0.7603624291666667
16688	4426	0.19860951861060733	2.3947312954163356	0.004001	0.4294798921568628
16689	3682	0.03571319031702448	0.2156928034905556	0.635001	1.0
16692	0	0.09768206621753533	0.7947412183644328	0.163001	0.8310208384376389
16701	0	0.1685258557366674	1.8250094596869326	0.019001	0.5978216925287356
16704	0	0.11732525184637305	1.0387502328892992	0.099001	0.8158799918032787
16706	0	0.06089554697800728	0.4176578363676251	0.379001	0.9581348300623412
16708	0	0.05666011199798108	0.3806148147884842	0.43000099999999997	0.981495413685524
16711	754	0.0	-0.0	1.0	1.0
16717	0	0.02736385824644183	0.15813691525742876	0.706001	1.0
16723	203	0.029905905494662863	0.17518158725707722	0.689001	1.0
16724	19	0.03812958577320507	0.23320229992417685	0.608001	1.0
16739	499	0.11631772146642833	1.0254828396036024	0.100001	0.8158799918032787
16741	0	0.24420586018065063	3.4220940650507092	0.001001	0.2149009607843137
16751	3170	0.0	-0.0	1.0	1.0
16762	0	0.07898741879705175	0.5904713651474862	0.266001	0.898348226095003
16765	2061	0.031833165587462284	0.18838214711624013	0.751001	1.0
16766	4097	0.0	-0.0	1.0	1.0
16777	0	0.029652806723465937	0.1734658813388047	0.700001	1.0
16781	0	0.026863488424945813	0.15483073679890832	0.714001	1.0
16785	1151	0.06963992844719125	0.4981995077162201	0.337001	0.9371417951380095
16796	3522	0.0	-0.0	1.0	1.0
16801	598	0.10244491470874229	0.8510946914661022	0.131001	0.8241244759479344
16802	3455	0.1082822593120076	0.9226003475561374	0.125001	0.820033522468544
16807	0	0.09396723628698045	0.752016546226338	0.191001	0.854495733522038
16816	0	0.019309933333648423	0.10684686694412594	0.7970010000000001	1.0
16819	0	0.12634619731143093	1.1612319607644221	0.059001	0.7875692535087719
16825	0	0.10011429200748312	0.823296886947162	0.146001	0.8295614680851063
16826	2750	0.08978951436758567	0.70524283626902	0.206001	0.8659326802281369
16827	0	0.0	-0.0	1.0	1.0
16832	0	0.03110935233346484	0.18339621442393506	0.6580010000000001	1.0
16840	1218	0.028360456614284577	0.16476968888118307	0.780001	1.0
16855	0	0.006036545022127186	0.03103165997579587	0.9220010000000001	1.0
16857	0	0.13031804578406342	1.2172847171724457	0.056001	0.7811063191489362
16858	1645	0.01802532239760004	0.09904146068306313	0.774001	1.0
16859	0	0.038115982358513364	0.23310264377465612	0.598001	1.0
16862	1740	0.008079830162210016	0.04201538624738346	0.900001	1.0
16874	3708	0.04678064845410499	0.2990954885765939	0.505001	1.0
16875	0	0.21857986471033874	2.8196686666964674	1e-06	0.00043795999999999993
16876	1473	0.0	-0.0	1.0	1.0
16880	0	0.04314866753730411	0.27081601326718274	0.530001	1.0
16886	0	0.0	-0.0	1.0	1.0
16891	2463	0.0	-0.0	1.0	1.0
16897	349	0.042679967491658574	0.2672318159866639	0.5360010000000001	1.0
16898	2823	0.007687454269305071	0.03988709919198925	0.9070010000000001	1.0
16899	1900	0.04737324376979815	0.30379494408352353	0.47600099999999995	1.0
16901	2634	0.026082435457524464	0.14970191569395763	0.727001	1.0
16912	0	0.15964671848478956	1.672483299903396	0.015000999999999999	0.5816998406250001
16916	4377	0.008704377596495665	0.045421761528204346	0.9100010000000001	1.0
16921	1833	0.025379927719624308	0.14512206547697407	0.737001	1.0
16922	0	0.03363818844520078	0.20096462226442663	0.635001	1.0
16925	1604	0.0	-0.0	1.0	1.0
16927	0	0.0	-0.0	1.0	1.0
16929	1742	0.16873878940449266	1.8287531602582425	0.017001000000000002	0.5816998406250001
16930	1425	0.0002833907467989713	0.0014100035935225932	0.997001	1.0
16931	0	0.11865088991690485	1.056332129157837	0.016001	0.5816998406250001
16936	0	0.06949141306943558	0.49678534612613634	0.329001	0.9354017005972475
16937	0	0.06539088156271883	0.45837364885326515	0.35200099999999995	0.9446222914215685
16943	1459	0.09544387539902888	0.768871235237871	0.172001	0.8318787654808959
16951	0	0.0	-0.0	1.0	1.0
16960	2316	0.10936283231881153	0.9361340687237809	0.124001	0.820033522468544
16967	1357	0.017939202471188374	0.09852183624504114	0.8040010000000001	1.0
16975	0	0.014869220602322826	0.08029594690312457	0.827001	1.0
16976	10	0.047618361864365744	0.3057458374779539	0.510001	1.0
16984	2741	0.10490177252190983	0.8808614278541521	0.132001	0.8241244759479344
16987	3966	0.055033496083712316	0.36672525928283284	0.41200099999999995	0.9736669434491689
16991	0	0.08971164847375734	0.704383786241201	0.241001	0.8917607127407907
16993	887	0.0763574180826289	0.5638562249949436	0.29500099999999996	0.9178647198067631
16999	2144	0.11896061567679364	1.0604606146658386	0.088001	0.8036054620517097
17004	0	0.04516116987512871	0.28637496173245647	0.514001	1.0
17010	0	0.04948974587394789	0.3207762427447496	0.507001	1.0
17021	3124	0.07761168340154713	0.5764849077575556	0.245001	0.8947684953302201
17024	0	0.1659110437849382	1.7793664033548073	0.019001	0.5978216925287356
17029	0	0.09166688218879007	0.7260955987416483	0.199001	0.8576617104442713
17038	0	0.07147505250002115	0.5158065932323476	0.321001	0.9341783118706941
17043	0	0.020097505497180916	0.11168280031511825	0.779001	1.0
17046	1448	0.03820111117275102	0.2337264845605652	0.597001	1.0
17049	2464	0.006224755467630612	0.03203313899986822	0.9240010000000001	1.0
17054	4507	0.09424705806884072	0.7551975263194242	0.198001	0.8576617104442713
17061	0	0.0	-0.0	1.0	1.0
17071	0	0.09088278361530447	0.7173533476700775	0.181001	0.8415201481953289
17076	2100	0.1388096785288752	1.3415408003727853	0.041001	0.7444775273631842
17077	0	0.026943871627887837	0.15536078707765605	0.690001	1.0
17078	1028	0.03826309474285168	0.23418101576694775	0.601001	1.0
17080	3804	0.05009010319283452	0.32564925772195086	0.47000099999999995	1.0
17081	0	0.056046450232337244	0.37535294691357995	0.41700099999999996	0.977047710036379
17089	2886	0.07118475208025721	0.51300489185246	0.30600099999999997	0.927731210178817
17097	4509	0.06941685410127413	0.4960760034169525	0.332001	0.9356702571428571
17098	0	0.004051493802040654	0.02059494137704484	0.972001	1.0
17101	0	0.11221916574344469	0.9723582660109208	0.112001	0.820033522468544
17103	0	0.0784491716764287	0.5849824432366972	0.261001	0.898348226095003
17110	1373	0.14238855141426204	1.3957308958964476	0.032001	0.6951963273809524
17111	0	0.0	-0.0	1.0	1.0
17118	1611	0.14498102178133093	1.4356658356847247	0.037001	0.7273320448833034
17126	0	0.04648754272459822	0.2967799570518212	0.527001	1.0
17132	2524	0.0025786127996846623	0.012998764023661864	0.978001	1.0
17133	2195	0.026046792116814738	0.14946879010235048	0.737001	1.0
17148	0	0.1261482491893255	1.1584725966137355	0.07000100000000001	0.7875692535087719
17156	0	0.02699908429102674	0.15572510097730083	0.694001	1.0
17158	0	0.11996244341964171	1.073868001628983	0.094001	0.8119952763466043
17159	0	0.006044125704882096	0.031071957168001155	0.9240010000000001	1.0
17160	0	0.03433427746928889	0.20587386641602914	0.591001	1.0
17165	0	0.023165129324862095	0.13088801052970225	0.740001	1.0
17168	0	0.05961483737288393	0.40632254159613157	0.48600099999999996	1.0
17171	592	0.11865088991690485	1.056332129157837	0.016001	0.5816998406250001
17172	913	0.10107972010487086	0.8347599662118683	0.139001	0.8255721652406417
17173	3654	0.11419085850054073	0.9977457088953806	0.10100100000000001	0.8161328036900369
17185	4511	0.07714710918372246	0.5717936587165869	0.252001	0.896185036881268
17190	0	0.1427867386957068	1.4018273935224497	0.034001	0.7037371436672969
17198	1999	0.07838216962572442	0.5843006852510584	0.256001	0.8980951454661967
17199	0	0.01866466317738892	0.10291338981262592	0.8060010000000001	1.0
17200	0	0.05350569348180774	0.3538484855910836	0.42500099999999996	0.980475336915297
17203	1068	0.0929440506099545	0.7404366277000038	0.173001	0.8318787654808959
17211	0	0.0375169943184651	0.22872676156152635	0.569001	1.0
17213	0	0.03527168851999128	0.21253534258533466	0.603001	1.0
17215	4513	0.04254551621011514	0.26620639237812116	0.5360010000000001	1.0
17220	3040	0.16042189078419689	1.6855218169274255	0.023001	0.6202905147783251
17222	0	0.2366598796440817	3.237873487492261	0.001001	0.2149009607843137
17229	1621	0.01750461658866364	0.09590663704809194	0.819001	1.0
17231	2234	0.08905731789359418	0.697183275438284	0.195001	0.8563507378292099
17232	3778	0.006488023592084224	0.03343748537333948	0.9230010000000001	1.0
17239	297	0.016994873552621442	0.09285398196093256	0.816001	1.0
17242	917	0.07294544287581883	0.5300924249968357	0.29300099999999996	0.9173771658564482
17243	0	0.06892669652171982	0.4914228120519434	0.30900099999999997	0.9281849214362851
17245	2476	0.11871913527802573	1.0572411338846717	0.095001	0.8119952763466043
17250	0	0.0	-0.0	1.0	1.0
17252	355	0.044492406159319195	0.28117415435449433	0.570001	1.0
17256	3744	0.017676930362790735	0.09694217405799783	0.8110010000000001	1.0
17257	1065	0.11532351365133998	1.0124715130821544	0.092001	0.8090915253012048
17262	1604	0.1920433536691619	2.2632736212219142	0.006001	0.49033544029850745
17280	2448	0.028360456614284577	0.16476968888118307	0.780001	1.0
17282	0	0.06656025531923931	0.46920345518938045	0.459001	1.0
17288	0	0.04742416241272079	0.3041998662569788	0.518001	1.0
17294	0	0.0	-0.0	1.0	1.0
17296	0	0.150913365005721	1.5292161352951283	0.024001	0.6286769114832536
17297	1611	0.01192784372450309	0.0633719032294793	0.864001	1.0
17307	0	0.03359069782565449	0.20063084675658238	0.655001	1.0
17313	464	0.07454332965216083	0.5457974507787061	0.279001	0.910244919249106
17314	4514	0.08160866086967607	0.6175121324579874	0.320001	0.9341783118706941
17319	1397	0.020163136731605545	0.1120875365762335	0.7870010000000001	1.0
17329	0	0.0	-0.0	1.0	1.0
17330	1034	0.14951038251107673	1.5068182509814112	0.044001	0.7480853245341614
17332	4515	0.03622195276475448	0.219347236757375	0.606001	1.0
17333	2534	0.04166971115554259	0.25955670138584414	0.5580010000000001	1.0
17334	0	0.021323714522007584	0.11928896796676346	0.762001	1.0
17337	94	0.057782140741351844	0.3903043460839303	0.42900099999999997	0.9806120979123172
17344	994	0.10591762368191997	0.8933087711942109	0.141001	0.8255721652406417
17347	0	0.0	-0.0	1.0	1.0
17350	1474	0.0	-0.0	1.0	1.0
17355	1324	0.09036914221861796	0.7116521474864406	0.195001	0.8563507378292099
17359	2263	0.061929976688335726	0.42689872982825594	0.49300099999999997	1.0
17362	0	0.03657675420275858	0.221905892982917	0.583001	1.0
17369	1363	0.09958634043302236	0.8170591259950176	0.148001	0.8310208384376389
17372	0	0.01696000275756268	0.09264573790443831	0.8050010000000001	1.0
17380	0	0.1108535444838111	0.9549577971793726	0.100001	0.8158799918032787
17382	0	0.0	-0.0	1.0	1.0
17383	0	0.1403682130226753	1.3650060319577069	0.041001	0.7444775273631842
17387	0	0.1554079026940344	1.6021170918139078	0.019001	0.5978216925287356
17399	2000	0.02802936956255036	0.16255910070025203	0.6730010000000001	1.0
17401	1034	0.04209447358281077	0.26277532182428326	0.5340010000000001	1.0
17415	2744	0.09016185016059672	0.7093570289157917	0.186001	0.8471401618136438
17420	0	0.06901273568200102	0.4922383364651819	0.328001	0.9352299346354166
17426	1457	0.07804323822630459	0.5808571285944047	0.243001	0.8940248484543011
17429	1548	0.08781716495820027	0.6836259760967578	0.190001	0.8536401103816167
17430	0	0.09318435744693504	0.7431490377099768	0.226001	0.8850089231044349
17435	0	0.0012747975627911134	0.006378721107111673	0.975001	1.0
17436	0	0.021708459351479987	0.12169489488473895	0.756001	1.0
17445	0	0.008263693206759917	0.04301580663542357	0.901001	1.0
17448	937	0.05141189824199646	0.33646594513287964	0.443001	0.9888721608562691
17451	0	0.003951612437204606	0.020075852878177116	0.966001	1.0
17463	0	0.04373634013387023	0.275331001487952	0.5530010000000001	1.0
17465	0	0.09151431423647526	0.7243908485309777	0.193001	0.854495733522038
17474	1874	0.07811318616604654	0.5815671009054268	0.312001	0.9281849214362851
17476	0	0.0	-0.0	1.0	1.0
17488	638	0.016440620086081603	0.08955288422520068	0.8120010000000001	1.0
17491	503	0.042766389333524335	0.2678915765080212	0.5350010000000001	1.0
17493	0	0.14784792435064387	1.48049768966576	0.036001	0.719297352189781
17496	4268	0.0	-0.0	1.0	1.0
17500	529	0.05956035516148468	0.4058429183426353	0.392001	0.9629838341934036
17507	1185	0.10631530940455426	0.8982039529076149	0.11700100000000001	0.820033522468544
17509	3192	0.01469430422225141	0.07927485131480383	0.836001	1.0
17511	0	0.14299557652200115	1.4050302314608445	0.044001	0.7480853245341614
17512	0	0.03155014016059185	0.18642849366602074	0.6720010000000001	1.0
17515	0	0.11170547197054949	0.9657953200614557	0.066001	0.7875692535087719
17523	2254	0.00896004806634914	0.046822889044954054	0.9140010000000001	1.0
17528	1871	0.06430534571030042	0.44840863909493756	0.36600099999999997	0.9525421794628
17535	349	0.11750892128466499	1.0411777116563086	0.087001	0.8025054330244313
17538	0	0.014964311253910886	0.08085183161593941	0.829001	1.0
17540	0	0.08168509598715551	0.6183083747903133	0.245001	0.8947684953302201
17541	0	0.07467208611373374	0.5470711552939495	0.28400099999999995	0.9150861919929864
17547	0	0.011186134438632065	0.059186635552489784	0.869001	1.0
17552	3654	0.03495982331572476	0.21031273492780228	0.650001	1.0
17553	3192	0.0	-0.0	1.0	1.0
17559	1278	0.0	-0.0	1.0	1.0
17561	0	0.026091635761965694	0.14976210350913488	0.723001	1.0
17562	2254	0.1271241747630811	1.1721082157849891	0.061001	0.7875692535087719
17578	2818	0.05681465413541751	0.3819441237236353	0.42700099999999996	0.9806120979123172
17579	0	0.11850906530540402	1.054444286714324	0.082001	0.7875692535087719
17583	0	0.12419895840645695	1.1314724625784578	0.087001	0.8025054330244313
17590	1120	0.0	-0.0	1.0	1.0
17599	0	0.0	-0.0	1.0	1.0
17601	0	0.11054790231282355	0.951083851926846	0.082001	0.7875692535087719
17603	0	0.06677361540061771	0.47119009853642674	0.314001	0.9281849214362851
17604	887	0.09074018191122643	0.7157684983601854	0.207001	0.8659326802281369
17606	2733	0.04657650493389022	0.2974821364389224	0.500001	1.0
17607	1756	0.10213470739786534	0.8473701475704669	0.152001	0.8310208384376389
17608	918	0.10707519333964587	0.907592428289571	0.112001	0.820033522468544
17610	0	0.05037055226643829	0.32793415676300175	0.467001	1.0
17612	0	0.012796264490060279	0.06831420180607294	0.861001	1.0
17622	0	0.16915343890198514	1.83605494791573	0.016001	0.5816998406250001
17628	1769	0.03779875993509603	0.23078221892523834	0.569001	1.0
17629	1442	0.11971593018463306	1.070561341344359	0.091001	0.8087418417207791
17634	0	0.003571898275401962	0.01810773205478187	0.958001	1.0
17637	2159	0.0	-0.0	1.0	1.0
17649	3736	0.10284212587254903	0.8558749261257992	0.143001	0.8279841084082495
17651	0	0.15483666924448578	1.592754368970044	0.025001000000000002	0.6307279930875577
17661	1052	0.06594949672752878	0.4635347632072805	0.329001	0.9354017005972475
17663	4452	0.049911187210958365	0.32419441843420754	0.462001	1.0
17665	2623	0.07967280621742867	0.5974921276802263	0.243001	0.8940248484543011
17669	0	0.008387874520597693	0.043692622462105646	0.896001	1.0
17672	0	0.052736997777057135	0.34743136666280755	0.459001	1.0
17679	4079	0.004624665951897082	0.023584934786825048	0.955001	1.0
17690	1285	0.023746482803813213	0.13459423335782553	0.750001	1.0
17692	0	0.06446330762380623	0.4498534199423615	0.328001	0.9352299346354166
17693	0	0.051614298593688074	0.33813294597307647	0.452001	0.9971708541204917
17694	2624	0.021499211632581512	0.12038525598504787	0.758001	1.0
17710	2421	0.10460706341713208	0.8772656207738443	0.115001	0.820033522468544
17713	1475	0.07711643810041982	0.5714845087033122	0.252001	0.896185036881268
17726	0	0.028360456614284577	0.16476968888118307	0.780001	1.0
17735	0	0.0	-0.0	1.0	1.0
17738	1207	0.155102208372851	1.597103115644885	0.027001	0.646901420131291
17741	2736	0.0	-0.0	1.0	1.0
17743	2424	0.02868518100502075	0.16694463666114787	0.6670010000000001	1.0
17745	2391	0.07922404208561229	0.5928912443263239	0.258001	0.898348226095003
17747	0	0.02867108846580908	0.16685010652434543	0.697001	1.0
17748	1077	0.1523099326302988	1.5516806276552741	0.026001	0.6426296817155757
17751	1328	0.13769437558707814	1.324874988900124	0.051001	0.7632157493297588
17755	532	0.08937388516784564	0.7006628130448537	0.207001	0.8659326802281369
17761	1	0.16227136707685913	1.7168438710938885	0.021001000000000002	0.6067731712846347
17763	0	0.02494539094053984	0.14230489597726634	0.726001	1.0
17764	0	0.013410420151934364	0.0718369036572274	0.847001	1.0
17767	1397	0.0059379184333169036	0.03050768978974827	0.9260010000000001	1.0
17772	0	0.08386889439861245	0.6412434245402432	0.240001	0.8917607127407907
17778	4058	0.051351623722019846	0.33597006419682746	0.467001	1.0
17779	0	0.11633575060145306	1.0257195281501028	0.044001	0.7480853245341614
17786	2426	0.13680550811850611	1.311667959935061	0.052001	0.7632157493297588
17788	0	0.06328210900991729	0.4390931841906879	0.35200099999999995	0.9446222914215685
17789	0	0.12787406860759137	1.182639259713884	0.071001	0.7875692535087719
17795	0	0.06540268566151337	0.4584824752858979	0.47900099999999995	1.0
17797	3374	0.023840179589215166	0.13519356089419673	0.746001	1.0
17800	1408	0.005600094503716381	0.028717253973250544	0.9310010000000001	1.0
17802	52	0.004456001647782534	0.02270310502732756	0.956001	1.0
17803	0	0.0	-0.0	1.0	1.0
17809	0	0.18004592661343238	2.0334004767641667	0.014001	0.5816998406250001
17812	1567	0.0005787848288629505	0.002884593492540114	0.999001	1.0
17813	1835	0.04297714936100441	0.2695026737151574	0.524001	1.0
17821	0	0.0777223056679783	0.5776043349757247	0.29400099999999996	0.9178647198067631
17822	1628	0.018638475802981433	0.10275429955048476	0.7930010000000001	1.0
17824	1913	0.061929976688335726	0.42689872982825594	0.49300099999999997	1.0
17831	3657	0.0	-0.0	1.0	1.0
17836	0	0.09540823662251152	0.7684624559262253	0.176001	0.8342142636363636
17840	0	0.042140734932496926	0.2631265994049971	0.524001	1.0
17846	1547	0.08643511332298516	0.6686556659862251	0.204001	0.8630629632921175
17850	3844	0.07400658133044273	0.5405009428076155	0.29300099999999996	0.9173771658564482
17855	0	0.06435335268731447	0.4488475394946697	0.34900099999999995	0.941649075653031
17857	1898	0.11274953974599472	0.9791565712102397	0.113001	0.820033522468544
17858	0	0.0	-0.0	1.0	1.0
17865	0	0.11468380426597535	1.0041418279819907	0.096001	0.8148177899224807
17868	3339	0.22218391997866654	2.900457464884327	0.002001	0.34776109523809523
17871	3249	0.03292836290437839	0.19599117965249788	0.649001	1.0
17877	2001	0.0	-0.0	1.0	1.0
17878	1548	0.03243484632911681	0.19255272478307867	0.626001	1.0
17881	0	0.09368009227662642	0.7487586239883957	0.180001	0.8415201481953289
17893	0	0.008441371326999018	0.04398447309674563	0.904001	1.0
17895	0	0.08014770065981527	0.6023773235296963	0.241001	0.8917607127407907
17909	1185	0.06517338496743533	0.45637026557934	0.326001	0.9352299346354166
17919	3994	0.0	-0.0	1.0	1.0
17928	0	0.06754388486527567	0.47838971045351375	0.35800099999999996	0.9474113012943431
17930	0	0.07895763877687245	0.5901671097926449	0.249001	0.8956346744415243
17932	1910	0.12164549508128437	1.0965766358795124	0.073001	0.7875692535087719
17943	1975	0.07466324292332063	0.5469836361258966	0.374001	0.9576559749766136
17960	3318	0.10174030762689744	0.842645673456654	0.133001	0.8241244759479344
17967	0	0.004051493802040654	0.02059494137704484	0.972001	1.0
17981	94	0.19062100668301513	2.235327386785026	0.007001	0.5214554353741497
17989	0	0.1254780688419132	1.149154412404599	0.077001	0.7875692535087719
18012	1328	0.0	-0.0	1.0	1.0
18016	1879	0.13137777869423523	1.232461750718208	0.056001	0.7811063191489362
18018	0	0.07519799649981064	0.5522863791486027	0.29200099999999996	0.9168680668196155
18021	4522	0.061550081785083754	0.42349612664154757	0.397001	0.9659475442222223
18022	0	0.10441636929051118	0.874942584558857	0.131001	0.8241244759479344
18030	0	0.074574942171074	0.5461100595053524	0.30000099999999996	0.9231902611017424
18032	0	0.040855381735266316	0.253420095744671	0.597001	1.0
18038	0	0.0	-0.0	1.0	1.0
18048	8	0.026340530581587297	0.1513924046500896	0.736001	1.0
18056	0	0.036068377677581406	0.21824230803361563	0.615001	1.0
18059	0	0.1272920995818172	1.1744624021004184	0.065001	0.7875692535087719
18068	522	0.08470774337737993	0.6501490598665643	0.225001	0.8848907862787356
18070	3966	0.019557295267392465	0.10836159477039004	0.7910010000000001	1.0
18072	0	0.01230371385375789	0.06550545605246029	0.857001	1.0
18079	2055	0.01215448140612196	0.06465735004116241	0.9060010000000001	1.0
18082	2001	0.02888712565871928	0.16830064752908777	0.6850010000000001	1.0
18093	1900	0.09401794506219514	0.7525925480150206	0.189001	0.8533492573195877
18095	0	0.0	-0.0	1.0	1.0
18100	0	0.07031012465795076	0.5046011436226794	0.30600099999999997	0.927731210178817
18101	0	0.0	-0.0	1.0	1.0
18102	1910	0.10963892251449697	0.939606938953226	0.137001	0.8255721652406417
18107	2052	0.14900412326041623	1.4987777877376232	0.035001000000000004	0.7096776833333334
18110	1987	0.035375872846181926	0.21327927295532265	0.625001	1.0
18117	2806	0.11665752129390759	1.0299482015022534	0.080001	0.7875692535087719
18119	3043	0.06323613629460259	0.43867641842353433	0.381001	0.9585431868106616
18131	20	0.06762035770808802	0.47910684162374717	0.375001	0.9581348300623412
18136	0	0.0	-0.0	1.0	1.0
18138	0	0.002072778344566102	0.01041883977733218	0.971001	1.0
18145	0	0.02204516789946223	0.12380804251803684	0.766001	1.0
18151	0	0.037605888387111604	0.22937466729688433	0.586001	1.0
18154	2625	0.0	-0.0	1.0	1.0
18157	1714	0.1516055682736657	1.540329469127017	0.029001000000000002	0.6656854276729561
18163	874	0.030283503051716905	0.17774894142092376	0.6580010000000001	1.0
18172	0	0.0	-0.0	1.0	1.0
18173	0	0.17987548196090236	2.0302297824818387	0.006001	0.49033544029850745
18176	1068	0.0	-0.0	1.0	1.0
18177	2532	0.011481119595629353	0.06084720459739209	0.887001	1.0
18178	913	0.002091296841107315	0.010513031027151284	0.979001	1.0
18185	0	0.0953607183568606	0.7679175713262094	0.166001	0.8310208384376389
18187	1566	0.1667674036619644	1.7942476631365958	0.013000999999999999	0.5816998406250001
18191	4526	0.1304951889391568	1.2198151715143504	0.058001000000000004	0.7869305439900868
18194	0	0.11402061128600129	0.9955412563989577	0.061001	0.7875692535087719
18195	919	0.15636041235540002	1.6177923347050052	0.025001000000000002	0.6307279930875577
18209	0	0.049757641748313326	0.32294764045384083	0.47000099999999995	1.0
18216	2161	0.0	-0.0	1.0	1.0
18227	2161	0.09641301182907655	0.7800251060713181	0.17100100000000001	0.8310208384376389
18228	0	0.022237789950607184	0.12502011481694728	0.756001	1.0
18229	2290	0.10176173434630353	0.8429020275360866	0.174001	0.8323009825251201
18232	0	0.0	-0.0	1.0	1.0
18234	821	0.0	-0.0	1.0	1.0
18237	0	0.0425286683055202	0.26607798400264876	0.5400010000000001	1.0
18241	0	0.0014175374587273616	0.007098724639091357	0.980001	1.0
18244	1029	0.0	-0.0	1.0	1.0
18249	2931	0.05422389181559287	0.35988132972843334	0.42400099999999996	0.9800267994511292
18253	2921	0.15058877499622436	1.5240191086282922	0.021001000000000002	0.6067731712846347
18260	0	0.0	-0.0	1.0	1.0
18261	0	0.031581881124215214	0.18664733421521917	0.645001	1.0
18272	0	0.03353897421082974	0.20026748876014588	0.6710010000000001	1.0
18274	4061	0.08452565304496079	0.6482113734543724	0.216001	0.8749518864224936
18276	0	0.07162967293394984	0.5173013639128768	0.30800099999999997	0.927731210178817
18282	2093	0.03659463389448453	0.22203505303419616	0.587001	1.0
18286	0	0.0	-0.0	1.0	1.0
18288	3595	0.0	-0.0	1.0	1.0
18294	0	0.2117684793334008	2.670434520262473	0.003001	0.4159234050632912
18297	0	0.07926924285948134	0.5933539759367708	0.266001	0.898348226095003
18298	0	0.0	-0.0	1.0	1.0
18301	4377	0.14201516983919915	1.3900264525318025	0.042001000000000004	0.7473300777777777
18307	1661	0.0	-0.0	1.0	1.0
18319	0	0.0355611208013954	0.2146038065659782	0.584001	1.0
18321	0	0.06132079642805742	0.4214474773484212	0.381001	0.9585431868106616
18328	0	0.0503542801110767	0.32780143420907387	0.587001	1.0
18329	0	0.03656284213569441	0.22180540905446552	0.611001	1.0
18349	0	0.044363351514574816	0.2801740276113573	0.5360010000000001	1.0
18351	1269	0.0	-0.0	1.0	1.0
18353	0	0.07986374166091811	0.5994542331050072	0.261001	0.898348226095003
18367	2373	0.11054790231282355	0.951083851926846	0.082001	0.7875692535087719
18368	0	0.11069994079147397	0.953009969582276	0.103001	0.8168629476327116
18369	0	0.008302940099296895	0.043229612377167846	0.9160010000000001	1.0
18372	2002	0.1578668447713999	1.642745120308966	0.013000999999999999	0.5816998406250001
18380	1633	0.0	-0.0	1.0	1.0
18384	918	0.10012977539329045	0.8234801531828091	0.165001	0.8310208384376389
18390	0	0.061929976688335726	0.42689872982825594	0.49300099999999997	1.0
18392	0	0.004051493802040654	0.02059494137704484	0.972001	1.0
18410	1448	0.044548338954552194	0.28160796462700244	0.5430010000000001	1.0
18412	1202	0.1444421330004854	1.4273174433019569	0.037001	0.7273320448833034
18417	0	0.02952825206829786	0.1726230689223737	0.6840010000000001	1.0
18425	0	0.09909944113568633	0.8113257433356241	0.161001	0.8310208384376389
18428	963	0.09383304120051822	0.7504931816496403	0.176001	0.8342142636363636
18436	2584	0.0020965243197436185	0.010539623290239003	0.981001	1.0
18445	20	0.0781327662593454	0.581765904406478	0.264001	0.898348226095003
18450	1110	0.11054790231282355	0.951083851926846	0.082001	0.7875692535087719
18452	2990	0.03416469537599103	0.20467494202079412	0.651001	1.0
18457	0	0.09276412967083728	0.7384087276457896	0.201001	0.8576617104442713
18465	0	0.08864069443735596	0.6926156576532204	0.191001	0.854495733522038
18468	2656	0.033794855204485455	0.2020667615163748	0.637001	1.0
18478	3951	0.06312515152850799	0.4376709108261445	0.384001	0.9600036322022317
18479	0	0.04219183647260056	0.26351479783648407	0.512001	1.0
18482	3341	0.20973576758415988	2.6267666755681103	0.003001	0.4159234050632912
18485	0	0.0	-0.0	1.0	1.0
18489	1797	0.1227546695902233	1.1116689600618577	0.091001	0.8087418417207791
18490	348	0.07262992478069016	0.5270135623065262	0.29000099999999995	0.9168680668196155
18492	3556	0.040089000197536785	0.2476854770873295	0.5570010000000001	1.0
18497	3345	0.05498455874198031	0.3663102667604302	0.5610010000000001	1.0
18500	0	0.056417856583123385	0.3785344183027041	0.384001	0.9600036322022317
18508	1566	0.031976755443300434	0.18937530466259236	0.653001	1.0
18509	0	0.06592483915434105	0.4633064731710642	0.35900099999999996	0.9474113012943431
18511	2818	0.04880166381792263	0.3152217574074885	0.48200099999999996	1.0
18512	742	0.024466533169971882	0.1392142568957678	0.729001	1.0
18513	1306	0.057123120590003185	0.3846024624399782	0.40900099999999995	0.971610316554567
18516	0	0.02403827992512239	0.13646252695798794	0.730001	1.0
18520	2554	0.08118541253257797	0.6131110055844763	0.251001	0.896185036881268
18533	0	0.057669637761170955	0.389328791580167	0.393001	0.9647910199551569
18537	0	0.03363323557596059	0.2009298054080498	0.627001	1.0
18538	0	0.1272062096034399	1.1732579942360872	0.066001	0.7875692535087719
18540	3453	0.10117672272095445	0.8359157785411647	0.158001	0.8310208384376389
18547	3484	0.0	-0.0	1.0	1.0
18555	0	0.005783367801257301	0.02968775795434979	0.938001	1.0
18561	0	0.0301461093524672	0.1768137096500783	0.6750010000000001	1.0
18564	0	0.07004071369688321	0.5020238169563527	0.29600099999999996	0.9186266862244896
18565	0	0.06628028311702894	0.4666015720129606	0.36000099999999996	0.9474113012943431
18566	742	0.1678353850758179	1.8128977421378847	0.018001	0.5900986497005988
18570	1797	0.14226056479343283	1.3937742073363546	0.035001000000000004	0.7096776833333334
18577	0	0.011957828328107073	0.06354179304467424	0.864001	1.0
18583	1608	0.03156134541767673	0.18650574170503306	0.6860010000000001	1.0
18590	2448	0.0	-0.0	1.0	1.0
18595	4534	0.0	-0.0	1.0	1.0
18597	964	0.13680862988603093	1.311714227423067	0.059001	0.7875692535087719
18598	3025	0.14326062953065244	1.4091005654293338	0.049001	0.757785238700565
18614	0	0.10871381236822646	0.927994190203909	0.104001	0.8168629476327116
18615	2391	0.0	-0.0	1.0	1.0
18616	0	0.11185995603081682	0.9677667780286665	0.114001	0.820033522468544
18617	0	0.11621430253744462	1.0241256529223235	0.08500100000000001	0.7979872449152542
18619	2044	0.01088740500041857	0.05751030159288675	0.879001	1.0
18624	888	0.1771221467491204	1.9793766705427043	0.006001	0.49033544029850745
18625	0	0.08923614409065496	0.6991478944771351	0.204001	0.8630629632921175
18626	1530	0.0	-0.0	1.0	1.0
18629	0	0.1364605863760781	1.3065609568262968	0.043001	0.7473300777777777
18631	0	0.057719246639115526	0.38975885804600896	0.43000099999999997	0.981495413685524
18634	1837	0.03246434491188571	0.1927578022669266	0.620001	1.0
18641	2472	0.12139127186621085	1.0931316675484588	0.081001	0.7875692535087719
18647	3657	0.08318558449216065	0.6340283870771912	0.227001	0.8860727090909091
18649	0	0.0	-0.0	1.0	1.0
18653	0	0.09860026725408526	0.8054670729606986	0.165001	0.8310208384376389
18659	0	0.151212265988502	1.5340099099844464	0.025001000000000002	0.6307279930875577
18661	0	0.0	-0.0	1.0	1.0
18663	0	0.03359930233873942	0.20069131039010488	0.607001	1.0
18664	0	0.11814178833596098	1.0495630312974389	0.086001	0.7979872449152542
18669	0	0.090209791489828	0.7098875378865449	0.196001	0.8563507378292099
18674	1111	0.031683334139584414	0.18734724925648144	0.652001	1.0
18677	0	0.028360456614284577	0.16476968888118307	0.780001	1.0
18679	0	0.12892223146423412	1.1974371093583072	0.061001	0.7875692535087719
18690	581	0.054869135678706965	0.3653321352150287	0.439001	0.9884380653019446
18691	356	0.11170547197054943	0.9657953200614551	0.078001	0.7875692535087719
18695	4539	0.0	-0.0	1.0	1.0
18697	742	0.0006508224331271892	0.0032449548285955914	0.991001	1.0
18700	0	0.04584141033103617	0.2916962525999716	0.526001	1.0
18701	1872	0.0	-0.0	1.0	1.0
18707	354	0.0020965243197436185	0.010539623290239003	0.981001	1.0
18711	0	0.01484084906923265	0.08013019810731353	0.819001	1.0
18715	2806	0.0	-0.0	1.0	1.0
18716	0	0.061929976688335726	0.42689872982825594	0.49300099999999997	1.0
18718	0	0.003132101293598699	0.0158386123467581	0.971001	1.0
18724	0	0.016128520325452998	0.08770232721292964	0.824001	1.0
18727	529	0.10061982258778601	0.8292902189934952	0.155001	0.8310208384376389
18728	0	0.09051609034422467	0.7132811406057584	0.189001	0.8533492573195877
18734	1797	0.006369966437292863	0.032807232915856875	0.943001	1.0
18736	2626	0.0	-0.0	1.0	1.0
18742	3773	0.02277882305263692	0.12843702146738759	0.740001	1.0
18744	0	0.041249852930933674	0.25638717675939987	0.568001	1.0
18756	2314	0.10939033265509765	0.9364797154539397	0.082001	0.7875692535087719
18760	0	0.022581015174291813	0.12718562844752448	0.761001	1.0
18761	742	0.0292162943757739	0.17051656649861488	0.6820010000000001	1.0
18767	0	0.04978450230166477	0.32316562869425414	0.457001	1.0
18769	1068	0.026349759456844278	0.15145293119815656	0.702001	1.0
18770	1188	0.1152053079838044	1.010929860299919	0.105001	0.8188432685185185
18780	3135	0.030208350002400346	0.17723722721521734	0.6650010000000001	1.0
18786	2912	0.057549620478682256	0.38828906387793605	0.41300099999999995	0.9745577476293102
18799	2424	0.10885834226795328	0.9298039444188648	0.124001	0.820033522468544
18812	3556	0.0	-0.0	1.0	1.0
18815	963	0.0	-0.0	1.0	1.0
18828	4065	0.0	-0.0	1.0	1.0
18835	0	0.035060908921072075	0.21103245267576895	0.624001	1.0
18840	3891	0.0	-0.0	1.0	1.0
18845	0	0.057586700780028074	0.38861018743909764	0.42500099999999996	0.980475336915297
18848	3341	0.020452344556924268	0.11387422485923049	0.7810010000000001	1.0
18850	169	0.09275068943261167	0.7382573421391337	0.173001	0.8318787654808959
18852	0	0.0	-0.0	1.0	1.0
18856	0	0.12320167519447989	1.117779807312856	0.072001	0.7875692535087719
18866	2344	0.10012109119993352	0.8233773620183551	0.153001	0.8310208384376389
18868	0	0.1254540743804079	1.1488214807837682	0.059001	0.7875692535087719
18885	0	0.0	-0.0	1.0	1.0
18889	1923	0.019189653857423307	0.1061117037440883	0.772001	1.0
18890	4020	0.1390262422140708	1.3447890710331432	0.046001	0.7528624050822122
18897	3682	0.06921529930032423	0.49416047147404457	0.333001	0.935934153865782
18901	888	0.08681239130707437	0.6727278878282267	0.212001	0.872959364046634
18910	0	0.11254035586515246	0.9764725620546445	0.119001	0.820033522468544
18923	0	0.17394716221608525	1.9215880152252454	0.010001	0.5816998406250001
18924	0	0.10673341850452021	0.9033640726276484	0.125001	0.820033522468544
18935	1068	0.07604231147501386	0.5607019177501722	0.268001	0.9009342797052502
18936	0	0.15802486282717648	1.6453740596686375	0.021001000000000002	0.6067731712846347
18937	0	0.0	-0.0	1.0	1.0
18942	3556	0.025418957670978546	0.14537568957483807	0.716001	1.0
18945	762	0.08511497227472956	0.6544916141833474	0.231001	0.8915156676066267
18947	2131	0.0430301963482742	0.2699086497390694	0.5540010000000001	1.0
18957	2805	0.07010542089399951	0.5026423558713555	0.337001	0.9371417951380095
18962	1647	0.0636041997580912	0.44201735447118073	0.37300099999999997	0.9576559749766136
18970	0	0.10299083067961785	0.8576677124267762	0.135001	0.8255721652406417
18978	4498	0.04727929996609073	0.3030483377342879	0.501001	1.0
18987	3071	0.08225051074021325	0.6242120833143353	0.229001	0.8888096238922368
18988	0	0.04889338135760443	0.3159602553303664	0.48200099999999996	1.0
18998	1772	0.19121286798632336	2.246933441270803	0.005001	0.45252850413223145
19002	4390	0.005689825952794936	0.029192172013204495	0.947001	1.0
19003	0	0.08860831756032933	0.6922612520750034	0.200001	0.8576617104442713
19006	1756	0.11452982562822378	1.0021418020995818	0.094001	0.8119952763466043
19008	1367	0.03770838689297336	0.23012238049937267	0.575001	1.0
19014	1546	0.2117309453690489	2.669624594239515	0.002001	0.34776109523809523
19015	0	0.0	-0.0	1.0	1.0
19020	0	0.0404946987417186	0.25071630052953675	0.564001	1.0
19026	0	0.1701820451513773	1.8542345487812544	0.017001000000000002	0.5816998406250001
19029	0	0.01682211203779721	0.09182300318124938	0.827001	1.0
19031	2052	0.03993778560409862	0.24655862908011505	0.572001	1.0
19038	1185	0.027497503761880735	0.1590226847658604	0.695001	1.0
19046	0	0.0	-0.0	1.0	1.0
19051	0	0.07594426930811371	0.5597219904060196	0.264001	0.898348226095003
19054	0	0.06423390326761755	0.4477557887202278	0.330001	0.9356702571428571
19061	0	0.1345167037386717	1.2779664608148242	0.053001	0.7655777691292875
19083	646	0.0	-0.0	1.0	1.0
19089	3033	0.11447648461378443	1.0014494030661891	0.108001	0.820033522468544
19093	1035	0.0664047228064993	0.46775733467866387	0.34900099999999995	0.941649075653031
19094	4548	0.005209063459766555	0.026653145794154915	0.958001	1.0
19096	0	0.1073121310328816	0.9105292165911533	0.118001	0.820033522468544
19098	1566	0.032990735245188196	0.1964268755221572	0.720001	1.0
19112	0	0.006442633607865216	0.03319507259532849	0.9310010000000001	1.0
19115	2547	0.10180942068330438	0.8434726871943087	0.139001	0.8255721652406417
19116	1203	0.058696530562493965	0.3982665693478315	0.41800099999999996	0.9779258438034187
19117	3744	0.021929492483673627	0.12308127447822614	0.758001	1.0
19118	637	0.10486250219030444	0.880381885342465	0.128001	0.823432990011751
19121	1628	0.005588778667541122	0.028657396489665844	0.943001	1.0
19123	0	0.08209009737476605	0.6225347020270805	0.260001	0.898348226095003
19124	0	0.0304762373411308	0.179062932512714	0.625001	1.0
19127	0	0.04859679316562311	0.31357425641123016	0.501001	1.0
19128	297	0.07466324292332063	0.5469836361258966	0.374001	0.9576559749766136
19130	2373	0.0	-0.0	1.0	1.0
19157	0	0.021925823985320544	0.12305823968000534	0.735001	1.0
19161	2373	0.12740821928459137	1.1760916826194294	0.062001	0.7875692535087719
19162	2502	0.05459689383906298	0.36302877050631044	0.449001	0.9953658532091517
19164	3620	0.031731461287853716	0.18767950812603196	0.601001	1.0
19166	2454	0.07797489583902409	0.5801638049553131	0.260001	0.898348226095003
19167	1162	0.10114656510537516	0.8355563632413504	0.148001	0.8310208384376389
19193	0	0.12180020589631574	1.0986757057554843	0.089001	0.8053487181818181
19196	2709	0.178795832563439	2.010207003207467	0.009000999999999999	0.5663905114942528
19205	913	0.11858172448491518	1.0554112562381917	0.086001	0.7979872449152542
19206	0	0.10982081538872238	0.9418982543576601	0.120001	0.820033522468544
19211	2600	0.10187200290175118	0.8442218764446094	0.149001	0.8310208384376389
19216	3810	0.10012977539329045	0.8234801531828091	0.165001	0.8310208384376389
19220	0	0.0	-0.0	1.0	1.0
19244	0	0.05730670166690889	0.38618773565748477	0.392001	0.9629838341934036
19246	349	0.003917378847312108	0.019898072192366088	0.955001	1.0
19254	503	0.11286304162827533	0.9806143712942121	0.072001	0.7875692535087719
19256	0	0.11865088991690485	1.056332129157837	0.016001	0.5816998406250001
19257	0	0.04162052876755265	0.25918480857529136	0.572001	1.0
19260	0	0.0	-0.0	1.0	1.0
19262	4303	0.040982620839861685	0.25437600402411153	0.575001	1.0
19264	0	0.010675011045093587	0.05632169120234821	0.882001	1.0
19267	0	0.04572400148017309	0.29077555091777896	0.630001	1.0
19271	2472	0.07576824396046362	0.5579644133945624	0.264001	0.898348226095003
19272	4550	0.08307909571464991	0.6329071523300389	0.236001	0.8917607127407907
19285	0	0.005486164189692305	0.028114937000772045	0.9330010000000001	1.0
19291	1446	0.06568980506535017	0.4611326358958865	0.321001	0.9341783118706941
19296	4551	0.054033218819105736	0.35827616643847193	0.42100099999999996	0.9795027515937101
19300	3190	0.015395550292575486	0.08337970146815805	0.7890010000000001	1.0
19310	913	0.0	-0.0	1.0	1.0
19311	0	0.1073121553877669	0.9105295186939419	0.127001	0.8228011532544378
19312	988	0.02141503866792917	0.11985920739993954	0.835001	1.0
19332	3636	0.0	-0.0	1.0	1.0
19344	0	0.06638209149121477	0.46754705767853266	0.333001	0.935934153865782
19349	529	0.0986530873037707	0.8060860863805863	0.157001	0.8310208384376389
19351	0	0.010996911748396062	0.05812418347423776	0.9160010000000001	1.0
19352	0	0.027120817981518032	0.15652903416465075	0.703001	1.0
19360	994	0.10655801102025363	0.9011975790729732	0.106001	0.820033522468544
19367	1537	0.02105066397584463	0.11758711603510184	0.777001	1.0
19369	1190	0.0	-0.0	1.0	1.0
19376	0	0.11865088991690485	1.056332129157837	0.016001	0.5816998406250001
19379	0	0.023988696417641998	0.13614467855523119	0.755001	1.0
19380	0	0.07582703615343227	0.5585511858489713	0.258001	0.898348226095003
19384	0	0.022962239191258726	0.12959956676022358	0.772001	1.0
19386	0	0.12111510509455967	1.089395336720895	0.061001	0.7875692535087719
19394	3131	0.0711905339501429	0.5130606326217615	0.41700099999999996	0.977047710036379
19397	0	0.0	-0.0	1.0	1.0
19398	0	0.0	-0.0	1.0	1.0
19402	0	0.08021688456471067	0.6030904218642081	0.237001	0.8917607127407907
19407	1675	0.06202093101406606	0.4277149110225773	0.37100099999999997	0.9573627030403016
19438	0	0.0	-0.0	1.0	1.0
19439	0	0.06214460681652399	0.4288256687414508	0.396001	0.9659475442222223
19442	0	0.07043651748958137	0.5058121126504875	0.336001	0.9371417951380095
19444	0	0.09202678778920916	0.7301241777736998	0.236001	0.8917607127407907
19445	1561	0.1477343120116014	1.4787076264177552	0.031001	0.682957643863179
19446	0	0.0	-0.0	1.0	1.0
19447	1046	0.0	-0.0	1.0	1.0
19454	2319	0.08373993434964958	0.6398790409983692	0.225001	0.8848907862787356
19455	0	0.021018901714377636	0.11738945271634144	0.764001	1.0
19459	919	0.10136498800359015	0.8381611198813335	0.143001	0.8279841084082495
19463	916	0.11865088991690485	1.056332129157837	0.016001	0.5816998406250001
19466	0	0.002628102137814346	0.013251966351794696	0.970001	1.0
19469	0	0.11373989973322071	0.9919115573210029	0.091001	0.8087418417207791
19474	0	0.001992658940617696	0.010011552581144985	0.983001	1.0
19476	1790	0.002072778344566102	0.01041883977733218	0.971001	1.0
19480	0	0.03867894792508091	0.23723711997778255	0.615001	1.0
19496	1034	0.057782140741351844	0.3903043460839303	0.42900099999999997	0.9806120979123172
19508	0	0.04596247369703149	0.2926465971064746	0.525001	1.0
19518	0	0.07044356552964062	0.5058796742778555	0.29400099999999996	0.9178647198067631
19526	0	0.09842971083006294	0.8034697611494719	0.167001	0.8310208384376389
19527	3951	0.036473850094625906	0.22116294123027594	0.588001	1.0
19530	0	0.0020965243197436185	0.010539623290239003	0.981001	1.0
19534	0	0.012036399908253476	0.06398722828906593	0.842001	1.0
19537	1922	0.09689859679453741	0.7856411989267722	0.170001	0.8310208384376389
19538	182	0.04206437087343888	0.2625468195630787	0.5600010000000001	1.0
19554	0	0.11053873162909504	0.9509677312386656	0.110001	0.820033522468544
19567	0	0.08281195252515236	0.6300981307760843	0.232001	0.8917607127407907
19572	3883	0.02756273152533013	0.15945541366075233	0.6780010000000001	1.0
19573	0	0.1135708141293108	0.9897282868502555	0.098001	0.8158799918032787
19574	0	0.0	-0.0	1.0	1.0
19579	2446	0.08566884042363462	0.6604180622324209	0.232001	0.8917607127407907
19580	1954	0.171352013304426	1.8750276641601344	0.011000999999999999	0.5816998406250001
19604	0	0.14988467182167062	1.5127769642441313	0.028001	0.6564945374732334
19605	2548	0.10808108248366108	0.92009097850802	0.116001	0.820033522468544
19606	1458	0.018910127645082528	0.10440666792799859	0.8090010000000001	1.0
19612	0	0.08531819405201697	0.6566634059648342	0.208001	0.8659326802281369
19621	0	0.004299736032774005	0.021887573927214545	0.943001	1.0
19623	2026	0.044707920300506035	0.2828468331017519	0.515001	1.0
19631	0	0.0	-0.0	1.0	1.0
19632	0	0.02951802627201048	0.1725539194524477	0.770001	1.0
19637	0	0.08686317496386145	0.6732768579917898	0.20300100000000001	0.8624982339930151
19641	0	0.04746105367300092	0.3044933490005203	0.49000099999999996	1.0
19647	0	0.0	-0.0	1.0	1.0
19659	916	0.028360456614284577	0.16476968888118307	0.780001	1.0
19678	0	0.05786251816077896	0.39100187606053566	0.405001	0.9701669465298997
19686	3170	0.029648441516374274	0.17343632676407955	0.6810010000000001	1.0
19692	0	0.0028420797596524425	0.014348363212054325	0.972001	1.0
19703	0	0.08438815189387269	0.6467498395825458	0.215001	0.8747848193979934
19704	0	0.0	-0.0	1.0	1.0
19713	0	0.04069486708481667	0.2522157487361113	0.575001	1.0
19720	0	0.028360456614284577	0.16476968888118307	0.780001	1.0
19723	583	0.16166218540838906	1.7064937096775492	0.002001	0.34776109523809523
19732	0	0.0	-0.0	1.0	1.0
19737	0	0.02147649753742318	0.12024325797444796	0.741001	1.0
19747	0	0.004051493802040654	0.02059494137704484	0.972001	1.0
19750	0	0.06885465328828508	0.49074036331033966	0.334001	0.935934153865782
19751	2850	0.0940895488950409	0.753406235845965	0.174001	0.8323009825251201
19752	0	0.0	-0.0	1.0	1.0
19763	0	0.0	-0.0	1.0	1.0
19767	4441	0.0	-0.0	1.0	1.0
19772	0	0.0969524714077498	0.7862654232602272	0.212001	0.872959364046634
19784	4133	0.004051493802040654	0.02059494137704484	0.972001	1.0
19785	1015	0.0930621248556505	0.7417688074590882	0.192001	0.854495733522038
19786	0	0.10927348661781239	0.9350115159292776	0.114001	0.820033522468544
19790	4556	0.152848492560996	1.5603887783942658	0.034001	0.7037371436672969
19806	0	0.0	-0.0	1.0	1.0
19814	598	0.012539922613212337	0.06685060011279861	0.847001	1.0
19817	2648	0.01322163523874029	0.07075163622681659	0.861001	1.0
19818	4432	0.0	-0.0	1.0	1.0
19824	1343	0.0	-0.0	1.0	1.0
19827	2271	0.10419767113130957	0.8722819440207228	0.132001	0.8241244759479344
19851	1109	0.013102129860359767	0.07006574960060495	0.858001	1.0
19856	0	0.07472202165761926	0.5475654652234226	0.29000099999999995	0.9168680668196155
19859	1442	0.021147089136412306	0.1181875764197748	0.760001	1.0
19860	0	0.059988503505497406	0.4096177224761274	0.399001	0.9669459825143869
19868	0	0.0	-0.0	1.0	1.0
19878	3869	0.0247920368600509	0.14131353781773032	0.717001	1.0
19884	101	0.06123376370344105	0.4206708286776321	0.42900099999999997	0.9806120979123172
19887	1604	0.07751219303896714	0.5754789067596191	0.243001	0.8940248484543011
19888	3346	0.01909989935247737	0.10556369734924775	0.833001	1.0
19895	0	0.033166751519995166	0.19765779107184128	0.6610010000000001	1.0
19898	2040	0.013535603772529159	0.072557735312214	0.846001	1.0
19900	0	0.062037266752122636	0.42786156290882016	0.35600099999999996	0.9472308503037665
19907	1125	0.0	-0.0	1.0	1.0
19908	0	0.05265933881403548	0.34678535590880627	0.42900099999999997	0.9806120979123172
19911	3190	0.01987886255620807	0.11033640115176506	0.765001	1.0
19914	3416	0.11054790231282355	0.951083851926846	0.082001	0.7875692535087719
19926	2919	0.13764735696478697	1.3241747042438798	0.038001	0.7338147248677249
19928	0	0.01533751099545119	0.08303882190135106	0.834001	1.0
19931	0	0.11251631619868704	0.9761643379303122	0.124001	0.820033522468544
19942	0	0.0619299766883357	0.4268987298282557	0.48400099999999996	1.0
19965	1207	0.06656025531923934	0.4692034551893807	0.43500099999999997	0.9852763651220521
19969	0	0.08262296128195083	0.6281141306049107	0.224001	0.8848907862787356
19975	0	0.0	-0.0	1.0	1.0
19977	1060	0.04111978971400922	0.25540772944882784	0.5570010000000001	1.0
19980	1065	0.0	-0.0	1.0	1.0
19982	1397	0.09552977967631046	0.7698569685510415	0.157001	0.8310208384376389
19984	2339	0.04950130464001167	0.32086982869382963	0.504001	1.0
19985	3667	0.09839901854584276	0.8031105784427466	0.164001	0.8310208384376389
19987	3556	0.16257655622887118	1.7220414257715082	0.022001	0.6067731712846347
19992	3131	0.11946246181925058	1.0671665557461838	0.090001	0.8087418417207791
19993	1873	0.003510176707466256	0.017788607243965523	0.961001	1.0
19997	3952	0.05032706141884016	0.3275794680298253	0.453001	0.9983645207873068
19999	0	0.11349326966996462	0.9887277864255867	0.105001	0.8188432685185185
20006	3708	0.028207223220156688	0.16374571154154602	0.688001	1.0
20007	2195	0.07332790007103274	0.5338343136440432	0.29800099999999996	0.9206582813205417
20017	0	0.0514931555563958	0.33713485140341054	0.46900099999999995	1.0
20018	0	0.05822050978772919	0.3941141427009933	0.380001	0.9585431868106616
20027	1202	0.05175728393193988	0.3393123098991949	0.440001	0.9884380653019446
20028	0	0.0	-0.0	1.0	1.0
20037	4526	0.06440132673610775	0.4492863045874141	0.378001	0.9581348300623412
20038	1863	0.0	-0.0	1.0	1.0
20042	0	0.07962565721610085	0.5970080316416382	0.258001	0.898348226095003
20049	0	0.0	-0.0	1.0	1.0
20051	1397	0.09009566483868214	0.7086249252963042	0.196001	0.8563507378292099
20053	0	0.0	-0.0	1.0	1.0
20054	2946	0.03846738721978306	0.23568092162409235	0.566001	1.0
20061	1797	0.11714216626537308	1.0363331966372553	0.125001	0.820033522468544
20062	3524	0.03877858353381768	0.2379710526889432	0.691001	1.0
20085	389	0.0005416804077912878	0.0026990975040099203	0.989001	1.0
20087	0	0.002285279240178382	0.011500873849303093	0.977001	1.0
20096	1727	0.07175951543875819	0.5185579525193055	0.30600099999999997	0.927731210178817
20097	3211	0.043763230338145484	0.2755381538905267	0.5370010000000001	1.0
20109	4560	0.11038144486650146	0.9489771891316848	0.127001	0.8228011532544378
20123	4561	0.0719775274856628	0.5206706107562594	0.28900099999999995	0.9168680668196155
20124	2995	0.022390185066078185	0.12598070935924288	0.766001	1.0
20133	4562	0.16542612887961272	1.7709687548494126	0.013000999999999999	0.5816998406250001
20142	0	0.02566920082682844	0.14700411803067923	0.713001	1.0
20144	3145	0.0	-0.0	1.0	1.0
20145	2315	0.07289699051726103	0.5296191450308722	0.30600099999999997	0.927731210178817
20146	0	0.004699336611385264	0.023975864323428908	0.945001	1.0
20165	0	0.08473620201308994	0.6504521249814704	0.214001	0.8739638004475941
20172	0	0.03563037807858492	0.21509958114627462	0.599001	1.0
20173	0	0.0921669358335582	0.7316956136884307	0.210001	0.8696297083963691
20184	994	0.0007151430167456722	0.0035669624678306136	0.996001	1.0
20186	1258	0.025645651996700373	0.1468507070249883	0.699001	1.0
20192	2627	0.009005296762733836	0.047071265018204016	0.9070010000000001	1.0
20193	0	0.040855381735266316	0.253420095744671	0.597001	1.0
20200	1182	0.0	-0.0	1.0	1.0
20205	1676	0.027097741237296406	0.1563765618176309	0.713001	1.0
20216	1397	0.048328106280710124	0.31141794353809377	0.48500099999999996	1.0
20222	1283	0.11149709390578831	0.9631391256696386	0.122001	0.820033522468544
20224	3249	0.0	-0.0	1.0	1.0
20226	0	0.015463905672686233	0.08378143361852405	0.816001	1.0
20243	1402	0.0036008291669309377	0.01825739198458449	0.961001	1.0
20249	0	0.1416329052695425	1.3841985839982944	0.051001	0.7632157493297588
20262	2579	0.0	-0.0	1.0	1.0
20263	1619	0.027202886956558682	0.1570715551301203	0.7870010000000001	1.0
20269	0	0.09462459146813612	0.7594988845974107	0.210001	0.8696297083963691
20274	0	0.02416304225970828	0.13726298659201552	0.749001	1.0
20282	2491	0.05236001990543584	0.3442993822517182	0.449001	0.9953658532091517
20283	2569	0.09654416217961075	0.7815401334774873	0.166001	0.8310208384376389
20288	1295	0.002118947039740876	0.010653705805318285	0.981001	1.0
20290	0	0.0	-0.0	1.0	1.0
20293	0	0.04885324106791522	0.3156369795649465	0.500001	1.0
20297	0	0.027276111433239526	0.15755597284320239	0.710001	1.0
20299	0	0.0	-0.0	1.0	1.0
20304	20	0.0787233670703729	0.5877759223264504	0.275001	0.9085654643934822
20305	1248	0.0	-0.0	1.0	1.0
20319	0	0.0172438164429011	0.09434280886319875	0.7840010000000001	1.0
20336	0	0.03953221402990755	0.24354387231288646	0.5590010000000001	1.0
20349	0	0.015496184643706983	0.08397123984270487	0.8100010000000001	1.0
20358	2251	0.015692064163646758	0.08512441150547803	0.8090010000000001	1.0
20360	0	0.0	-0.0	1.0	1.0
20370	0	0.016229091585566596	0.0882980006296192	0.823001	1.0
20372	0	0.042616685204299995	0.2667490270388568	0.575001	1.0
20373	0	0.02653976321250931	0.1527002568804363	0.705001	1.0
20375	0	0.0	-0.0	1.0	1.0
20379	2180	0.031833165587462284	0.18838214711624013	0.751001	1.0
20380	0	0.03422312236824101	0.20508780049086528	0.611001	1.0
20384	3276	0.015368742810386263	0.08322222875976908	0.832001	1.0
20388	4567	0.011994604910615155	0.06375023934566577	0.902001	1.0
20396	3736	0.07321413386752078	0.5327201209228514	0.28800099999999995	0.9168680668196155
20403	3522	0.09514303393021928	0.7654236568903285	0.167001	0.8310208384376389
20426	0	0.052659155757245064	0.34678383363616516	0.447001	0.9937490251776648
20427	1343	0.029419625476938025	0.17188885275191973	0.6800010000000001	1.0
20428	592	0.0	-0.0	1.0	1.0
20432	2054	0.0	-0.0	1.0	1.0
20446	4569	0.05838220358432897	0.39552283100798047	0.394001	0.965298041843813
20449	135	0.020257469010203276	0.11266973673170437	0.814001	1.0
20451	913	0.03153545344368999	0.1863272571150322	0.652001	1.0
20458	1990	0.016716480024137358	0.0911935319204234	0.7980010000000001	1.0
20459	2345	0.012792606841218794	0.06829329033394713	0.864001	1.0
20461	3346	0.021878054152686385	0.12275836603913078	0.743001	1.0
20465	0	0.028315707533204677	0.16447049863114663	0.699001	1.0
20466	0	0.007187131007763581	0.03718646071628051	0.9160010000000001	1.0
20467	1985	0.10310747441788017	0.8590751906432721	0.155001	0.8310208384376389
20470	0	0.09798882049467492	0.7983172122545814	0.17100100000000001	0.8310208384376389
20473	3518	0.0	-0.0	1.0	1.0
20475	2456	0.004051493802040654	0.02059494137704484	0.972001	1.0
20476	2733	0.11237041803785008	0.9742947043062286	0.100001	0.8158799918032787
20479	913	0.10572589119499873	0.890953187169119	0.143001	0.8279841084082495
20485	0	0.028513291316513104	0.1657925047837617	0.697001	1.0
20490	0	0.13608290341071372	1.300980373242058	0.044001	0.7480853245341614
20503	0	0.0	-0.0	1.0	1.0
20507	2234	0.041093722849269494	0.25521156840401393	0.6590010000000001	1.0
20511	2709	0.014155526985745487	0.07614136435590113	0.823001	1.0
20517	2900	0.09755456389495576	0.793257016578632	0.169001	0.8310208384376389
20523	0	0.0027037229691726818	0.013639137566889576	0.966001	1.0
20534	4237	0.0	-0.0	1.0	1.0
20544	0	0.09332917264244328	0.7447857600523673	0.167001	0.8310208384376389
20545	390	0.03656506295937412	0.22182144873688703	0.606001	1.0
20547	0	0.12874471848585362	1.1949245891263192	0.077001	0.7875692535087719
20551	0	0.038507313757689815	0.2359743850277269	0.565001	1.0
20553	3994	0.11914607993936319	1.0629364981917304	0.094001	0.8119952763466043
20562	4078	0.0	-0.0	1.0	1.0
20563	1450	0.11865088991690485	1.056332129157837	0.016001	0.5816998406250001
20569	0	0.11963456071007561	1.0694709620373424	0.092001	0.8090915253012048
20570	0	0.06585100445749004	0.4626231437768977	0.36900099999999997	0.955353972333885
20581	965	0.003835608525458747	0.01947370011618506	0.969001	1.0
20586	0	0.0	-0.0	1.0	1.0
20596	0	0.016575710498197407	0.09035573700457487	0.813001	1.0
20603	0	0.04119462696354023	0.2559711560853808	0.594001	1.0
20609	0	0.027436688473178362	0.15861947423270353	0.6860010000000001	1.0
20628	1900	0.0	-0.0	1.0	1.0
20629	919	0.14054054882370245	1.3676133524360767	0.046001	0.7528624050822122
20630	297	0.003990665359429633	0.020278744059576952	0.942001	1.0
20636	858	0.08521673140573903	0.655578702833859	0.223001	0.8836908972131741
20644	4435	0.08911549929856563	0.6978221990094066	0.194001	0.8558086015310233
20654	0	0.0745528648923841	0.5458917347352917	0.29500099999999996	0.9178647198067631
20661	349	0.0	-0.0	1.0	1.0
20664	0	0.06282742733393709	0.43497793276550345	0.41100099999999995	0.9736669434491689
20667	0	0.09041535851488716	0.7121642995024774	0.183001	0.8425895496215307
20672	0	0.047058672496336613	0.30129730668981586	0.47700099999999995	1.0
20674	0	0.02101980572493279	0.11739507769541992	0.771001	1.0
20679	3682	0.09376747877726785	0.7497494322049248	0.175001	0.8342142636363636
20682	0	0.004051493802040654	0.02059494137704484	0.972001	1.0
20683	0	0.0811351522635675	0.6125892707809023	0.263001	0.898348226095003
20685	0	0.008552135522067926	0.044589283034531316	0.895001	1.0
20689	0	0.0	-0.0	1.0	1.0
20690	2274	0.010239416346864622	0.05389242605733037	0.881001	1.0
20695	0	0.06750374631456238	0.4780134773874607	0.332001	0.9356702571428571
20702	0	0.030254693711448555	0.17755273654451995	0.691001	1.0
20715	3635	0.0	-0.0	1.0	1.0
20720	0	0.010411392138589083	0.0548501631425515	0.885001	1.0
20721	0	0.06348877181399894	0.440968560454214	0.383001	0.9600036322022317
20723	1065	0.11897313213102685	1.060627616812874	0.090001	0.8087418417207791
20727	0	0.07092205063363077	0.5104748728798693	0.318001	0.9327063886954191
20728	2584	0.08912719223446185	0.6979506371399247	0.199001	0.8576617104442713
20731	0	0.055970630069559824	0.374704663417873	0.42300099999999996	0.9799911022005923
20742	0	0.03670588609655691	0.22283919663518403	0.578001	1.0
20748	0	0.10297600393035036	0.8574888827627858	0.129001	0.8235754804664723
20757	0	0.0008097503865781598	0.004041023310587179	0.994001	1.0
20766	1065	0.0873635357044456	0.6786962457885595	0.223001	0.8836908972131741
20768	0	0.019790588866188532	0.10979365571241209	0.775001	1.0
20777	3966	0.0739399806905528	0.5398452267464235	0.28200099999999995	0.9113426649940967
20786	4539	0.12050430611357232	1.0811538333313788	0.066001	0.7875692535087719
20804	0	0.12002144311650631	1.074660142682832	0.076001	0.7875692535087719
20808	742	0.0	-0.0	1.0	1.0
20809	390	0.061929976688335726	0.42689872982825594	0.49300099999999997	1.0
20825	4573	0.04815933269895206	0.3100660103808305	0.48500099999999996	1.0
20831	0	0.06887539463469111	0.49093680248396454	0.47400099999999995	1.0
20832	1929	0.2202743861782764	2.8574950218765856	0.002001	0.34776109523809523
20833	0	0.04350186461466328	0.27352676277409604	0.5420010000000001	1.0
20834	0	0.0	-0.0	1.0	1.0
20838	0	0.07180652818734129	0.5190132371687454	0.28500099999999995	0.9150861919929864
20841	0	0.0	-0.0	1.0	1.0
20846	2044	0.05547118316880193	0.37044435234359424	0.43100099999999997	0.981495413685524
20853	0	0.07264112698895313	0.5271227493584654	0.273001	0.905784226969697
20859	171	0.05740439519142515	0.38703231605646726	0.42000099999999996	0.9795027515937101
20881	0	0.061580406180186044	0.42376735423590145	0.36600099999999997	0.9525421794628
20887	0	0.050134165451054626	0.326007885512877	0.49300099999999997	1.0
20897	2476	0.03707240296881654	0.22549422003332903	0.621001	1.0
20908	0	0.057782140741351844	0.3903043460839303	0.42900099999999997	0.9806120979123172
20910	0	0.0	-0.0	1.0	1.0
20916	0	0.0335415862758982	0.2002858342974527	0.6600010000000001	1.0
20917	1874	0.10380030892145546	0.8674573862151707	0.152001	0.8310208384376389
20919	0	0.08012247137789485	0.602117367336526	0.259001	0.898348226095003
20928	1060	0.0178218887759148	0.09781473293642183	0.775001	1.0
20937	0	0.013812395518310882	0.07415492439045776	0.839001	1.0
20942	2234	0.1922146018556406	2.2666509781148116	0.004001	0.4294798921568628
20943	2924	0.07098372772936631	0.5110684170607125	0.30900099999999997	0.9281849214362851
20945	4020	0.09640648462821044	0.7799497398576681	0.176001	0.8342142636363636
20947	1957	0.08133511538003224	0.6146661444766344	0.250001	0.896185036881268
20970	2052	0.09168085252134775	0.7262517887115341	0.192001	0.854495733522038
20971	2685	0.05325281425802132	0.3517328849505295	0.456001	0.9999509210895252
20974	0	0.01586495121964228	0.0861441706862961	0.8010010000000001	1.0
20979	19	0.04665887747429407	0.29813278599563026	0.49600099999999997	1.0
20994	0	0.04685927765721556	0.2997176579279385	0.502001	1.0
20995	0	0.021753983525231918	0.1219801845336194	0.766001	1.0
20997	0	0.10657534684994638	0.9014115885632265	0.123001	0.820033522468544
21000	3736	0.062279104792383896	0.43003486500146093	0.383001	0.9600036322022317
21007	2160	0.11054790231282355	0.951083851926846	0.082001	0.7875692535087719
21011	3530	0.0	-0.0	1.0	1.0
21019	2736	0.013861717815750291	0.07444001924845156	0.864001	1.0
21032	4465	0.006955798144376864	0.03594275588716156	0.905001	1.0
21039	3353	0.029082854597728712	0.16961742681887695	0.6660010000000001	1.0
21046	0	0.0538847653281585	0.3570281846535512	0.455001	0.9993592676028084
21048	2419	0.01989561846646938	0.11043947855037754	0.764001	1.0
21050	3933	0.03183316558746229	0.18838214711624013	0.735001	1.0
21053	3883	0.07140476418314466	0.515127670852999	0.321001	0.9341783118706941
21055	172	0.05802512678341651	0.39241442050369335	0.43000099999999997	0.981495413685524
21063	0	0.1157603725086539	1.0181788868587542	0.10100100000000001	0.8161328036900369
21068	3841	0.03863628346771725	0.23692304869665792	0.588001	1.0
21077	0	0.053076534642162346	0.3502607599945456	0.441001	0.9884380653019446
21098	3776	0.02259721761788494	0.1272880375665613	0.761001	1.0
21100	0	0.12538472206664425	1.1478594599404062	0.073001	0.7875692535087719
21103	0	0.03822681780300989	0.2339149626115026	0.582001	1.0
21105	4574	0.09235152835547217	0.7337677006764463	0.164001	0.8310208384376389
21108	0	0.0	-0.0	1.0	1.0
21111	1781	0.11839263995563852	1.052895759997401	0.088001	0.8036054620517097
21116	3037	0.0	-0.0	1.0	1.0
21117	0	0.13236041843901694	1.2466183891974194	0.048001	0.7562056820143885
21121	1397	0.1630674404289521	1.7304187292501743	0.022001	0.6067731712846347
21135	2002	0.05534430875212776	0.3693648974253063	0.42600099999999996	0.9806120979123172
21136	0	0.045923986250947464	0.2923443631607541	0.5500010000000001	1.0
21139	0	0.08546430686018786	0.6582268209627844	0.194001	0.8558086015310233
21160	2796	0.07140003988100438	0.5150820513067744	0.338001	0.9371417951380095
21161	3682	0.06946600310444709	0.4965435540138572	0.29500099999999996	0.9178647198067631
21166	0	0.050034099693663694	0.32519363245824884	0.48000099999999996	1.0
21168	147	0.181987624860369	2.0697077632008325	0.008001	0.5374414049079754
21181	0	0.1406068720756918	1.3686174484409497	0.041001	0.7444775273631842
21185	0	0.03928845516594605	0.24173721676329327	0.5490010000000001	1.0
21188	1361	0.029723923092779415	0.17394754703657894	0.6700010000000001	1.0
21198	0	0.09890318348490654	0.8090199960262574	0.163001	0.8310208384376389
21203	1868	0.0	-0.0	1.0	1.0
21207	0	0.023206740441109572	0.13115258022673187	0.741001	1.0
21209	38	0.008912722523851491	0.046563242921079426	0.9140010000000001	1.0
21215	503	0.19526626722682494	2.3272940559739497	0.008001	0.5374414049079754
21227	0	0.026767365753921198	0.15419744179721015	0.6600010000000001	1.0
21228	0	0.06957033857615263	0.4975366733950868	0.314001	0.9281849214362851
21230	3518	0.04822089452100492	0.3105589144826291	0.508001	1.0
21232	2629	0.0	-0.0	1.0	1.0
21242	1789	0.004051493802040654	0.02059494137704484	0.972001	1.0
21249	4576	0.10003373841881172	0.8223437324552351	0.153001	0.8310208384376389
21261	1621	0.010334824993074556	0.05442354098065579	0.869001	1.0
21266	0	0.0	-0.0	1.0	1.0
21268	3779	0.09709026425889664	0.7878630039303871	0.167001	0.8310208384376389
21270	0	0.11737880714852256	1.0394577670032283	0.099001	0.8158799918032787
21272	1221	0.0	-0.0	1.0	1.0
21279	3247	0.13063572836043974	1.2218246078660329	0.056001	0.7811063191489362
21280	1921	0.007905940315343602	0.041071068697341284	0.900001	1.0
21292	0	0.012543042037067301	0.06686838686598999	0.844001	1.0
21298	0	0.006137971804583795	0.031571100303208324	0.9320010000000001	1.0
21303	2949	0.10448022494203675	0.8757201538525101	0.147001	0.8310208384376389
21304	349	0.03312505999637434	0.19736605121648992	0.610001	1.0
21311	1402	0.002628102137814346	0.013251966351794696	0.970001	1.0
21315	2903	0.019472815176832577	0.1078438515617955	0.773001	1.0
21326	0	0.08083476848509727	0.6094750434000495	0.249001	0.8956346744415243
21338	0	0.1067807755167797	0.9039494079180221	0.124001	0.820033522468544
21355	1162	0.0159090233212638	0.08640441838381122	0.830001	1.0
21358	1604	0.12663973830874684	1.1653298343769984	0.077001	0.7875692535087719
21366	2464	0.018829479117697355	0.10391563288437215	0.776001	1.0
21372	3134	0.08381502056195127	0.6406732922273345	0.246001	0.8949779001318391
21374	3527	0.0882674189252576	0.6885345498259102	0.172001	0.8318787654808959
21379	4578	0.05694381104012816	0.3830563707082071	0.406001	0.9701669465298997
21389	0	0.09890674886529766	0.8090618572977072	0.158001	0.8310208384376389
21392	0	0.08169214591906032	0.6183818376955974	0.219001	0.8786522348845732
21394	3899	0.021041096759361486	0.11752757057752722	0.757001	1.0
21398	0	0.09176511696943022	0.7271941937316813	0.215001	0.8747848193979934
21399	0	0.028360456614284577	0.16476968888118307	0.780001	1.0
21400	0	0.03638215325310278	0.22050149437417677	0.583001	1.0
21413	0	0.0	-0.0	1.0	1.0
21414	1547	0.10064766749375723	0.829620917558759	0.164001	0.8310208384376389
21424	3894	0.012819884509744714	0.0684492613769617	0.842001	1.0
21433	1769	0.11865088991690485	1.056332129157837	0.016001	0.5816998406250001
21444	4351	0.006521825943961897	0.03361809095119438	0.9320010000000001	1.0
21446	0	0.18344110480772802	2.0971113174187073	0.007001	0.5214554353741497
21448	0	0.03148556762649324	0.1859834954361423	0.652001	1.0
21465	0	0.0028204690490214804	0.0142375126722701	0.968001	1.0
21469	0	0.0	-0.0	1.0	1.0
21471	3883	0.0516608878519707	0.33851706502714346	0.43600099999999997	0.9855026732039636
21473	1345	0.0	-0.0	1.0	1.0
21488	169	0.03573399656573752	0.21584191937748515	0.626001	1.0
21499	0	0.04857034195722031	0.3133617552034239	0.48600099999999996	1.0
21503	0	0.029755023712649903	0.17415829178395317	0.6760010000000001	1.0
21516	0	0.09685928106980743	0.7851858054163242	0.146001	0.8295614680851063
21527	0	0.0	-0.0	1.0	1.0
21532	0	0.0	-0.0	1.0	1.0
21547	1611	0.08565862037054389	0.6603084957813319	0.217001	0.8757626056026538
21549	0	0.011306175292096175	0.05986175576468246	0.866001	1.0
21553	1857	0.01694383294748119	0.09254919915516147	0.826001	1.0
21557	0	0.010624588449223704	0.05603990973744008	0.883001	1.0
21560	1783	0.08241083419895835	0.62589046070622	0.258001	0.898348226095003
21564	0	0.08840542450714367	0.6900421566540642	0.200001	0.8576617104442713
21567	4053	0.00161827646340648	0.008113258097832265	0.988001	1.0
21572	3171	0.10012977539329045	0.8234801531828091	0.165001	0.8310208384376389
21574	1110	0.06049154994359899	0.414069533230749	0.402001	0.9682157828860537
21582	4441	0.05718419399890774	0.3851295841403166	0.406001	0.9701669465298997
21585	935	0.06656025531923931	0.46920345518938045	0.459001	1.0
21586	0	0.0	-0.0	1.0	1.0
21593	0	0.059075451416494146	0.4015834526978608	0.42200099999999996	0.9795397390290438
21597	3510	0.04437254000766101	0.2802451977085259	0.506001	1.0
21601	0	0.11552961396437852	1.015162201444889	0.088001	0.8036054620517097
21608	2900	0.007859624947872113	0.040819851827157604	0.9120010000000001	1.0
21616	0	0.006861906108387876	0.03543886564947562	0.9270010000000001	1.0
21618	0	0.042286911147442596	0.2642375115187392	0.5370010000000001	1.0
21621	0	0.0	-0.0	1.0	1.0
21627	4514	0.07778139125191286	0.5782026171015839	0.270001	0.9048793844505663
21630	3682	0.009684267853633181	0.050812825320400525	0.867001	1.0
21637	1646	0.1739909992603717	1.9223797108114398	0.006001	0.49033544029850745
21640	3708	0.1336392610817916	1.2651632135831183	0.047001	0.7545659076246335
21654	0	0.1772398186516314	1.981535959680162	0.013000999999999999	0.5816998406250001
21656	0	0.04225129250699541	0.2639666836929415	0.632001	1.0
21663	4491	0.0925013201901074	0.7354510733003172	0.187001	0.8502798791528239
21664	4136	0.1321478505485587	1.2435491434596146	0.044001	0.7480853245341614
21676	1189	0.0	-0.0	1.0	1.0
21695	94	0.07194879861125578	0.5203920123243777	0.28600099999999995	0.9150861919929864
21703	0	0.0	-0.0	1.0	1.0
21715	0	0.004051493802040654	0.02059494137704484	0.972001	1.0
21717	0	0.08634986634143599	0.6677370359942967	0.224001	0.8848907862787356
21718	0	0.030775183196236504	0.18110579447670216	0.705001	1.0
21737	0	0.08048464091653872	0.6058536444986357	0.260001	0.898348226095003
21745	1630	0.16512373468043812	1.7657425221278609	0.015000999999999999	0.5816998406250001
21746	3381	0.033287141327845084	0.19850086661589972	0.645001	1.0
21753	0	0.06353886905127233	0.44142363322688905	0.37000099999999997	0.9568117498819083
21759	3882	0.015880891438057924	0.0862382846668018	0.825001	1.0
21782	1343	0.06443202347529883	0.44956714034061085	0.328001	0.9352299346354166
21789	2044	0.1374472266772201	1.3211960962880356	0.048001	0.7562056820143885
21792	0	0.02248485815303833	0.1265781981083972	0.775001	1.0
21794	0	0.0	-0.0	1.0	1.0
21797	0	0.08098376964125983	0.6110189653925464	0.232001	0.8917607127407907
21799	2746	0.061974431172642466	0.42729756946602154	0.36500099999999996	0.9517494520123838
21818	3207	0.0006845113646886947	0.0034135820487401908	0.993001	1.0
21819	0	0.02951802627201048	0.1725539194524477	0.770001	1.0
21823	2397	0.05457044068067446	0.3628052342799628	0.42600099999999996	0.9806120979123172
21825	0	0.06302478174411369	0.43676233462151465	0.342001	0.9398895120676785
21826	3107	0.04509853938307572	0.2858866091102147	0.525001	1.0
21830	1185	0.0	-0.0	1.0	1.0
21856	2456	0.0	-0.0	1.0	1.0
21857	0	0.07581179911127553	0.5583990887317163	0.29100099999999995	0.9168680668196155
21860	0	0.07929352155422423	0.5936025860636691	0.343001	0.9398895120676785
21876	0	0.05533153015360309	0.36925623901110194	0.449001	0.9953658532091517
21877	0	0.10756119402079953	0.9136211111208464	0.114001	0.820033522468544
21878	0	0.022547541712450013	0.12697410842828477	0.775001	1.0
21885	0	0.07929352155422423	0.5936025860636691	0.343001	0.9398895120676785
21887	0	0.017656086480098643	0.09681681341247707	0.832001	1.0
21889	529	0.0	-0.0	1.0	1.0
21890	0	0.1209667928737782	1.087391357761393	0.093001	0.8119952763466043
21892	3386	0.03701737669910021	0.22509504570206965	0.594001	1.0
21893	1621	0.02151734319194822	0.1204986292741138	0.736001	1.0
21894	0	0.02651240906080188	0.15252054200300347	0.717001	1.0
21902	0	0.10591762368191997	0.8933087711942109	0.141001	0.8255721652406417
21910	881	0.10585791020573632	0.892574831597219	0.133001	0.8241244759479344
21913	1548	0.06612754052433265	0.4651844712385128	0.35900099999999996	0.9474113012943431
21918	0	0.0806169421730063	0.6072209665232653	0.248001	0.8949779001318391
21926	0	0.0	-0.0	1.0	1.0
21932	1185	0.12928614578217126	1.2025961365413367	0.083001	0.7909294595300261
21935	3387	0.06458021355826374	0.45092384381493344	0.331001	0.9356702571428571
21940	0	0.053011289845718776	0.34971644507952193	0.442001	0.9888575702901512
21944	1980	0.11402061128600127	0.9955412563989574	0.055001	0.7780438617571059
21957	3769	0.0	-0.0	1.0	1.0
21961	0	0.020358174996860393	0.1132918856355167	0.7820010000000001	1.0
21964	0	0.059539144914363906	0.40565625520696175	0.399001	0.9669459825143869
21978	1610	0.061929976688335726	0.42689872982825594	0.49300099999999997	1.0
21981	2052	0.05133962027372168	0.3358713414353804	0.461001	1.0
21985	2343	0.11151246861324979	0.9633349879168547	0.119001	0.820033522468544
21986	1612	0.0	-0.0	1.0	1.0
21989	429	0.031833165587462284	0.18838214711624013	0.751001	1.0
21998	0	0.1522631440404863	1.5509252750139177	0.025001000000000002	0.6307279930875577
22000	4573	0.08521637324996538	0.6555748752934059	0.214001	0.8739638004475941
22004	0	0.0	-0.0	1.0	1.0
22010	1111	0.12013885762391277	1.0762374173753053	0.095001	0.8119952763466043
22014	0	0.09071115649921013	0.7154461065229131	0.191001	0.854495733522038
22022	3524	0.04774287497399627	0.30673841484152037	0.48000099999999996	1.0
22024	0	0.04626683832224548	0.2950402710193968	0.48900099999999996	1.0
22026	0	0.010990022172873452	0.058085540171774766	0.868001	1.0
22029	2990	0.06218137192035728	0.42915607469905337	0.36800099999999997	0.9552496322901849
22036	1837	0.0	-0.0	1.0	1.0
22041	4136	0.02901889682392548	0.16918687530040052	0.693001	1.0
22052	0	0.09926787626061945	0.8133070178508255	0.151001	0.8310208384376389
22053	0	0.08439704372234563	0.6468443097533256	0.233001	0.8917607127407907
22059	0	0.0	-0.0	1.0	1.0
22064	1109	0.04347072576254079	0.2732874360696693	0.5610010000000001	1.0
22066	0	0.0	-0.0	1.0	1.0
22067	1657	0.05469108550136653	0.3638251131420474	0.42000099999999996	0.9795027515937101
22069	0	0.02034183321342147	0.11319088522423468	0.7880010000000001	1.0
22074	1925	0.06641718618437291	0.4678731529565617	0.36600099999999997	0.9525421794628
22085	4581	0.08493243516178176	0.6525435447143075	0.210001	0.8696297083963691
22086	0	0.11832469342553005	1.0519925401975736	0.097001	0.8157173187403994
22087	1607	0.17422242136200944	1.9265620556122478	0.017001000000000002	0.5816998406250001
22096	0	0.11268113191268858	0.978278452522054	0.079001	0.7875692535087719
22097	0	0.04745053376442713	0.30440964997711617	0.49400099999999997	1.0
22101	1202	0.02413814255919522	0.137103154604051	0.742001	1.0
22104	0	0.11054790231282355	0.951083851926846	0.082001	0.7875692535087719
22105	887	0.08775130285427771	0.6829092583297118	0.215001	0.8747848193979934
22106	292	0.09319283978009563	0.7432448616187612	0.192001	0.854495733522038
22107	0	0.019174233880424996	0.10601751978623562	0.777001	1.0
22125	3682	0.0	-0.0	1.0	1.0
22135	3302	0.016545164517976694	0.09017410198308597	0.818001	1.0
22138	3455	0.0	-0.0	1.0	1.0
22152	2805	0.07531778158673305	0.5534770976389779	0.28700099999999995	0.9164111837270339
22161	0	0.09558026497279595	0.7704365437924214	0.20200100000000001	0.8602524111240762
22162	0	0.12228027502627045	1.1052016219842506	0.078001	0.7875692535087719
22170	1634	0.022967762142585856	0.12963460567690258	0.761001	1.0
22175	1727	0.06572209389235016	0.46143103968607624	0.35300099999999995	0.944989718581907
22177	0	0.04456908461485121	0.28176892033638035	0.507001	1.0
22181	0	0.05625876792924847	0.3771704742692759	0.394001	0.965298041843813
22183	4268	0.0	-0.0	1.0	1.0
22187	4587	0.041249852930933674	0.25638717675939987	0.568001	1.0
22217	0	0.00782619113275425	0.04063858381745745	0.9100010000000001	1.0
22218	1929	0.1362861692406111	1.3039823046546832	0.048001	0.7562056820143885
22222	0	0.0	-0.0	1.0	1.0
22223	1901	0.09318435744693504	0.7431490377099768	0.226001	0.8850089231044349
22230	0	0.01571565004781924	0.08526342317762955	0.822001	1.0
22232	0	0.0	-0.0	1.0	1.0
22242	0	0.07369733254733299	0.5374590049572825	0.28900099999999995	0.9168680668196155
22245	3374	0.0	-0.0	1.0	1.0
22249	1008	0.0900599138034954	0.7082296078264372	0.208001	0.8659326802281369
22253	3632	0.0020965243197436185	0.010539623290239003	0.981001	1.0
22260	4237	0.040508264057777195	0.25081783256094253	0.571001	1.0
22262	742	0.09588593743827563	0.7739499141446669	0.161001	0.8310208384376389
22274	2709	0.12111705528152013	1.0894216994234347	0.079001	0.7875692535087719
22277	0	0.07118625082011809	0.5130193403880385	0.28900099999999995	0.9168680668196155
22280	2373	0.15268822091067555	1.5577946649257193	0.025001000000000002	0.6307279930875577
22286	0	0.017570186528237913	0.09630047069423969	0.829001	1.0
22287	0	0.1020241158773041	0.8460441482261146	0.159001	0.8310208384376389
22295	0	0.046951405274932204	0.3004471744739382	0.47600099999999995	1.0
22314	0	0.008743630293884377	0.0456366227508818	0.895001	1.0
22315	2832	0.05134131240567205	0.3358852578258692	0.463001	1.0
22326	0	0.10090703340331963	0.8327041864758032	0.143001	0.8279841084082495
22336	0	0.00461085925541746	0.023512686940352915	0.948001	1.0
22341	0	0.08332764744367813	0.6355255196463363	0.223001	0.8836908972131741
22352	1397	0.10200523290215902	0.8458178363702086	0.14000100000000001	0.8255721652406417
22363	2921	0.058385331330847196	0.39555009841676936	0.401001	0.9670836892070485
22365	0	0.07725245768724029	0.5728560548141112	0.258001	0.898348226095003
22366	3016	0.0219143609909893	0.12298626804646606	0.778001	1.0
22371	3249	0.007524202775218356	0.03900428164449383	0.939001	1.0
22378	887	0.15458900958638006	1.5887039685354334	0.025001000000000002	0.6307279930875577
22386	641	0.009893613203384888	0.051971979944153146	0.869001	1.0
22391	0	0.11189973183098764	0.9682746896411322	0.121001	0.820033522468544
22394	2656	0.07960399367014888	0.5967856598754846	0.241001	0.8917607127407907
22398	0	0.07066385524347671	0.5079931758213609	0.322001	0.9341783118706941
22399	0	0.013757404410956665	0.07383723626125348	0.832001	1.0
22408	0	0.006128882559088531	0.03152273441106838	0.945001	1.0
22413	874	0.10393946046393054	0.8691454695483549	0.130001	0.8241244759479344
22418	0	0.02446532570438318	0.13920648204383104	0.721001	1.0
22419	0	0.0	-0.0	1.0	1.0
22425	2159	0.01312788741919093	0.07021350902250241	0.852001	1.0
22427	0	0.07234810360786881	0.5242697097885126	0.401001	0.9670836892070485
22434	0	0.03629677799556126	0.21988614751430544	0.610001	1.0
22436	2942	0.0	-0.0	1.0	1.0
22445	1361	0.061264476712507954	0.4209448387626008	0.376001	0.9581348300623412
22447	2556	0.0	-0.0	1.0	1.0
22453	0	0.050011201613032234	0.3250074039539821	0.442001	0.9888575702901512
22455	0	0.06545007104979496	0.45891944026734943	0.34500099999999995	0.9398895120676785
22459	2533	0.0	-0.0	1.0	1.0
22465	4589	0.0	-0.0	1.0	1.0
22471	3135	0.09491888900250488	0.7628595672167892	0.195001	0.8563507378292099
22475	1222	0.10632796270046033	0.8983599105937269	0.134001	0.8242567129213484
22480	1442	0.0	-0.0	1.0	1.0
22483	352	0.01652886143142938	0.090077182645268	0.7820010000000001	1.0
22484	0	0.028360456614284577	0.16476968888118307	0.780001	1.0
22490	735	0.08032089954286753	0.6041632091402627	0.243001	0.8940248484543011
22492	1358	0.10381894992878977	0.8676834363547603	0.149001	0.8310208384376389
22493	0	0.0	-0.0	1.0	1.0
22499	4012	0.023978256917832327	0.1360777773460159	0.746001	1.0
22511	3763	0.03698067095547763	0.22482888462032222	0.599001	1.0
22521	0	0.0	-0.0	1.0	1.0
22524	0	0.004045094143965883	0.020561664695562733	0.956001	1.0
22539	3386	0.014972534138212697	0.08089992714838752	0.815001	1.0
22547	3376	0.11054790231282355	0.951083851926846	0.082001	0.7875692535087719
22549	1035	0.12501147901230464	1.1426888284499614	0.056001	0.7811063191489362
22555	0	0.0	-0.0	1.0	1.0
22557	3376	0.006315193834846203	0.03251510478289768	0.9370010000000001	1.0
22564	0	0.0	-0.0	1.0	1.0
22572	0	0.07003296429241705	0.5019497605778107	0.403001	0.968919180720246
22584	0	0.1256785229396143	1.1519376395781564	0.064001	0.7875692535087719
22598	4004	0.1040519475697835	0.8705111980421913	0.138001	0.8255721652406417
22602	0	0.004270734568020143	0.02173637477094941	0.947001	1.0
22604	0	0.0729125722534581	0.5297713277194324	0.30300099999999996	0.927677522017837
22618	4298	0.07534551642103128	0.5537529460461614	0.271001	0.9054592459566676
22629	0	0.07003296429241702	0.5019497605778103	0.40900099999999995	0.971610316554567
22631	0	0.0017209437597895455	0.0086330298196961	0.984001	1.0
22634	0	0.10647977554228738	0.90023206509945	0.124001	0.820033522468544
22635	2480	0.06179599711204403	0.4256975379091941	0.381001	0.9585431868106616
22648	1480	0.026179661052050048	0.15033823207831587	0.693001	1.0
22661	0	0.1004544654430238	0.8273276168358902	0.148001	0.8310208384376389
22664	0	0.08971164847375734	0.704383786241201	0.241001	0.8917607127407907
22665	0	0.10047046774735566	0.8275174523278092	0.131001	0.8241244759479344
22669	0	0.061929976688335726	0.42689872982825594	0.49300099999999997	1.0
22675	0	0.043140910031296394	0.2707565699679627	0.5480010000000001	1.0
22677	0	0.0	-0.0	1.0	1.0
22697	0	0.0003762109365856095	0.0018728212538592268	0.998001	1.0
22698	0	0.10998620391427469	0.9439839604108377	0.095001	0.8119952763466043
22705	4458	0.09323522825393703	0.7437238024188182	0.201001	0.8576617104442713
22723	0	0.027924497354670726	0.16186036175484553	0.701001	1.0
22726	0	0.08113608199283787	0.6125989202626165	0.243001	0.8940248484543011
22729	0	0.010009909673840786	0.05261704646236286	0.863001	1.0
22736	1669	0.0028607322232637906	0.014444061280636088	0.965001	1.0
22741	3883	0.0	-0.0	1.0	1.0
22744	1763	0.034026477595838905	0.2036991552588434	0.623001	1.0
22746	0	0.042694907918606334	0.26734583793983185	0.513001	1.0
22758	0	0.03239274337723426	0.19226011859823017	0.630001	1.0
22763	0	0.02668650952403811	0.1536651852734076	0.6820010000000001	1.0
22770	2006	0.02473128055977627	0.14092119078822607	0.744001	1.0
22772	0	0.08623893950057959	0.6665425045179563	0.28200099999999995	0.9113426649940967
22775	3763	0.1091249787160109	0.9331470513462496	0.114001	0.820033522468544
22780	1306	0.031768421957418046	0.18793477845809547	0.639001	1.0
22782	913	0.04748817163004805	0.3047091412377778	0.49100099999999997	1.0
22792	0	0.1967469718434362	2.3570322743378944	0.006001	0.49033544029850745
22796	0	0.09182551148208999	0.7278699760463376	0.199001	0.8576617104442713
22798	0	0.04648920174220478	0.29679304673973733	0.49100099999999997	1.0
22802	3388	0.0	-0.0	1.0	1.0
22808	0	0.024948959248766354	0.1423279810767677	0.722001	1.0
22813	0	0.06799894470913596	0.48266333301857633	0.376001	0.9581348300623412
22822	3135	0.04303113672332872	0.2699158482771077	0.573001	1.0
22830	830	0.0	-0.0	1.0	1.0
22834	0	0.14518173430760317	1.4387815946895024	0.047001	0.7545659076246335
22837	0	0.027133681770791528	0.1566140424003094	0.691001	1.0
22840	4029	0.07689355118748756	0.569240015585337	0.275001	0.9085654643934822
22842	0	0.0	-0.0	1.0	1.0
22845	0	0.004668873124719305	0.023816337144458966	0.952001	1.0
22862	887	0.0	-0.0	1.0	1.0
22864	0	0.053826989084254415	0.356542902220855	0.527001	1.0
22870	0	0.15062732578344598	1.5246358706620846	0.023001	0.6202905147783251
22871	0	0.12416054578525976	1.1309435445652105	0.067001	0.7875692535087719
22876	0	0.09183144755258926	0.7279364126570469	0.197001	0.8576617104442713
22891	0	0.11149181228670485	0.9630718461797942	0.122001	0.820033522468544
22897	0	0.0	-0.0	1.0	1.0
22910	0	0.07929677850170147	0.5936359400615724	0.248001	0.8949779001318391
22922	2373	0.0	-0.0	1.0	1.0
22930	147	0.1095625047409911	0.9386450888634906	0.122001	0.820033522468544
22936	3017	0.026825202868628224	0.15457842535366922	0.713001	1.0
22942	0	0.04546767047443976	0.288768709461091	0.524001	1.0
22944	4595	0.06463535013960459	0.4514290316026021	0.37300099999999997	0.9576559749766136
22945	742	0.11054790231282355	0.951083851926846	0.082001	0.7875692535087719
22963	0	0.05262615703489629	0.3465094593721926	0.449001	0.9953658532091517
22971	1354	0.0	-0.0	1.0	1.0
22972	0	0.001924787692423862	0.009666817113709581	0.980001	1.0
22979	2534	0.09390552239522494	0.751315805459722	0.162001	0.8310208384376389
22985	4596	0.0	-0.0	1.0	1.0
23024	532	0.0577511778089075	0.39003576594075945	0.41000099999999995	0.9727195989165763
23027	0	0.03966971243859119	0.24456471407177638	0.5420010000000001	1.0
23028	3321	0.009042480724713933	0.047275463535822446	0.898001	1.0
23043	0	0.11386805534133417	0.9935678661174896	0.102001	0.8168629476327116
23046	3620	0.07956748950378675	0.5964110316949074	0.244001	0.8943980411784399
23048	0	0.002534463997240506	0.01277300443742867	0.971001	1.0
23049	1901	0.09491285673033183	0.76279061529486	0.173001	0.8318787654808959
23056	0	0.11865088991690485	1.056332129157837	0.016001	0.5816998406250001
23063	0	0.09798738794821032	0.7983004952562287	0.160001	0.8310208384376389
23065	0	0.054987848516297	0.3663381590406676	0.42900099999999997	0.9806120979123172
23075	0	0.11865088991690485	1.056332129157837	0.016001	0.5816998406250001
23082	4597	0.0	-0.0	1.0	1.0
23103	735	0.020257469010203276	0.11266973673170437	0.818001	1.0
23107	0	0.13438791034404973	1.2760831230736347	0.071001	0.7875692535087719
23125	499	0.057063709733149295	0.3840899426851001	0.43100099999999997	0.981495413685524
23131	0	0.011709637191298432	0.06213719366867454	0.874001	1.0
23133	1471	0.1926632902613526	2.2755129482394443	0.004001	0.4294798921568628
23138	3573	0.0	-0.0	1.0	1.0
23139	4282	0.022731305212506984	0.12813618460112666	0.743001	1.0
23147	0	0.03915726945377376	0.24076655664992835	0.5610010000000001	1.0
23153	3966	0.03138891008785366	0.18531789149297018	0.6690010000000001	1.0
23157	3831	0.14379402861274782	1.4173099647883762	0.044001	0.7480853245341614
23164	0	0.061785033764782546	0.4255993029871813	0.37200099999999997	0.9576559749766136
23166	924	0.06310673493484167	0.4375041443750459	0.384001	0.9600036322022317
23168	4035	0.16669715475294972	1.793024469406574	0.021001000000000002	0.6067731712846347
23178	4599	0.12618665962456863	1.15900777864164	0.062001	0.7875692535087719
23180	1508	0.001372105343985245	0.006869431128677192	0.989001	1.0
23195	0	0.11099263853502953	0.9567232615193055	0.108001	0.820033522468544
23197	0	0.024342592790912596	0.13841668818821262	0.728001	1.0
23198	4042	0.011413381791064558	0.06046542461435336	0.889001	1.0
23214	0	0.06482942187603694	0.45320895222963975	0.35300099999999995	0.944989718581907
23217	2806	0.04715428073095637	0.30205570122840103	0.501001	1.0
23221	0	0.0005787848288629505	0.002884593492540114	0.999001	1.0
23224	0	0.11874988216734877	1.0576507957687453	0.068001	0.7875692535087719
23226	2480	0.044268784390841164	0.27944188459576785	0.526001	1.0
23238	0	0.0	-0.0	1.0	1.0
23241	1873	0.19731774708891414	2.3685504841839116	0.008001	0.5374414049079754
23260	0	0.08141585143563711	0.6155055434720518	0.248001	0.8949779001318391
23264	529	0.0	-0.0	1.0	1.0
23265	0	0.09024357300800753	0.7102614631530237	0.194001	0.8558086015310233
23270	735	0.0	-0.0	1.0	1.0
23276	3654	0.0	-0.0	1.0	1.0
23277	444	0.003737033713396065	0.018962630667873192	0.941001	1.0
23281	20	0.0	-0.0	1.0	1.0
23283	0	0.10730745227312738	0.9104711812101932	0.115001	0.820033522468544
23284	0	0.09434192710466094	0.7562773613912245	0.212001	0.872959364046634
23290	2213	0.12334075233879428	1.1196844256611158	0.084001	0.794923897147796
23291	4317	0.15665288545696815	1.622621389661256	0.030001	0.6731166987704919
23295	3111	0.11939663220345859	1.0662857349335146	0.080001	0.7875692535087719
23299	0	0.10196134910093722	0.8452919987930849	0.145001	0.8295614680851063
23301	3601	0.03347256377311706	0.19980121276551682	0.629001	1.0
23315	0	0.077642021124741	0.5767918155807493	0.271001	0.9054592459566676
23326	1567	0.1626656488588158	1.7235602771040335	0.019001	0.5978216925287356
23327	0	0.07192369034474295	0.5201485743898411	0.29800099999999996	0.9206582813205417
23345	0	0.011983294087667622	0.06368612197850697	0.868001	1.0
23365	1445	0.0745782888049421	0.5461431579004835	0.254001	0.8968258461786519
23367	3145	0.006886324964128124	0.035569864448416984	0.9190010000000001	1.0
23371	4603	0.14264472906526654	1.399651587603947	0.022001	0.6067731712846347
23372	4070	0.04968651718839465	0.32237066591454305	0.49000099999999996	1.0
23408	1621	0.03441614735855755	0.20645335212673901	0.605001	1.0
23414	0	0.0	-0.0	1.0	1.0
23422	0	0.06471379982377543	0.452148202715023	0.37200099999999997	0.9576559749766136
23423	0	0.06288171539231019	0.4354685058174058	0.385001	0.9600036322022317
23424	0	0.07835661668613615	0.5840407677034879	0.252001	0.896185036881268
23427	985	0.061504856699364674	0.4230917462666009	0.376001	0.9581348300623412
23434	4604	0.012979136176851192	0.06936074329610721	0.860001	1.0
23452	0	0.0	-0.0	1.0	1.0
23453	4232	0.031057460707606847	0.183040070250671	0.631001	1.0
23454	0	0.000858798966901185	0.004286998064134511	0.987001	1.0
23456	0	0.007288826331684015	0.03773419687735802	0.896001	1.0
23457	1930	0.02951802627201048	0.1725539194524477	0.770001	1.0
23461	3926	0.010908255308563226	0.05762713064487308	0.877001	1.0
23463	0	0.0	-0.0	1.0	1.0
23466	3690	0.05962325241501444	0.4063966405409724	0.387001	0.9613539146865807
23471	0	0.04994319181962204	0.32445449861148856	0.448001	0.9947602816872845
23473	916	0.10128734505101634	0.8372347756333747	0.166001	0.8310208384376389
23477	0	0.1474031922930779	1.4734968701307003	0.027001	0.646901420131291
23488	2888	0.042307035735322136	0.2643905674949525	0.582001	1.0
23501	4243	0.03608420422958668	0.21835610352356735	0.590001	1.0
23507	0	0.015480162855218228	0.08387702086077081	0.837001	1.0
23508	3859	0.04220942556042491	0.26364845599209114	0.5320010000000001	1.0
23512	0	0.10155801659719474	0.8404661629552247	0.146001	0.8295614680851063
23532	0	0.08926154628903946	0.6994271664225318	0.196001	0.8563507378292099
23534	0	0.04026165537712548	0.2489739720100548	0.568001	1.0
23536	1968	0.06729103778418502	0.47602163568858297	0.35600099999999996	0.9472308503037665
23541	0	0.0	-0.0	1.0	1.0
23562	0	0.0	-0.0	1.0	1.0
23563	0	0.20873254964701082	2.605361164689212	0.001001	0.2149009607843137
23570	0	0.08486843373904149	0.651861107756752	0.223001	0.8836908972131741
23571	4389	0.04079621105591621	0.25297593485758507	0.5580010000000001	1.0
23574	0	0.0	-0.0	1.0	1.0
23580	2886	0.04308274358212084	0.2703109886421163	0.509001	1.0
23586	1481	0.027699767359760555	0.16036541390030012	0.720001	1.0
23596	0	0.02097647158457868	0.11712549928343265	0.751001	1.0
23597	1680	0.011156470903598656	0.05901993829178657	0.893001	1.0
23598	3126	0.017942329694751475	0.09854069706513127	0.833001	1.0
23600	0	0.0	-0.0	1.0	1.0
23610	1198	0.07525750374720626	0.5528777755792877	0.264001	0.898348226095003
23612	3433	0.0025183288298467194	0.012690523530945557	0.969001	1.0
23618	0	0.01743477271942065	0.09548742396844868	0.818001	1.0
23630	0	0.09746035246808157	0.7921611545118168	0.161001	0.8310208384376389
23637	0	0.09747940286048498	0.7923826918118477	0.153001	0.8310208384376389
23640	0	0.0756883807951726	0.5571677536551773	0.29100099999999995	0.9168680668196155
23641	0	0.0	-0.0	1.0	1.0
23652	2250	0.018931157531802974	0.10453477628332593	0.7830010000000001	1.0
23654	0	0.01978461020201524	0.10975691376936952	0.7940010000000001	1.0
23665	4138	0.0014648623178900831	0.007337696324143793	0.984001	1.0
23678	0	0.06618019661497923	0.46567280830492375	0.330001	0.9356702571428571
23679	2129	0.0	-0.0	1.0	1.0
23695	0	0.00940777353608847	0.049285860359657506	0.896001	1.0
23705	3039	0.0	-0.0	1.0	1.0
23710	0	0.0028420797596524425	0.014348363212054325	0.972001	1.0
23719	2614	0.11054790231282355	0.951083851926846	0.082001	0.7875692535087719
23721	916	0.10235593341393506	0.8500255510394339	0.14000100000000001	0.8255721652406417
23738	0	0.1805030419187487	2.0419170178546304	0.009000999999999999	0.5663905114942528
23756	0	0.06029570421809884	0.4123342156324468	0.377001	0.9581348300623412
23771	5	0.0053811268820452215	0.027560305969446468	0.9230010000000001	1.0
23776	0	0.004051493802040654	0.02059494137704484	0.972001	1.0
23780	0	0.02987905601617741	0.17499938380715116	0.655001	1.0
23786	4611	0.05739810505309986	0.38697791623251265	0.460001	1.0
23787	2712	0.132761585976221	1.2524210947208367	0.049001	0.757785238700565
23788	3145	0.022693927886742037	0.1278996474030766	0.753001	1.0
23792	52	0.027872720368688875	0.16151564399704416	0.6800010000000001	1.0
23810	2222	0.02159111631778974	0.12096013115759131	0.750001	1.0
23813	499	0.08971164847375734	0.704383786241201	0.253001	0.896185036881268
23823	0	0.0	-0.0	1.0	1.0
23828	3282	0.004051493802040654	0.02059494137704484	0.972001	1.0
23843	1068	0.05406497137453978	0.35854329595734763	0.454001	0.9983645207873068
23845	0	0.0	-0.0	1.0	1.0
23846	2409	0.02373017798338098	0.13448999688355393	0.7840010000000001	1.0
23851	1604	0.08686682279267027	0.6733162984943969	0.222001	0.8836908972131741
23853	4062	0.013492320200331559	0.07230839281076043	0.833001	1.0
23868	3141	0.0	-0.0	1.0	1.0
23880	3891	0.05260313848090263	0.3463181120504746	0.47000099999999995	1.0
23881	1110	0.027202886956558682	0.1570715551301203	0.7870010000000001	1.0
23884	1565	0.0521084763212282	0.34221502494698897	0.437001	0.9869480092821781
23890	0	0.0232777452563297	0.13160429134708085	0.708001	1.0
23914	0	0.10823276299737176	0.921982658519577	0.100001	0.8158799918032787
23920	3510	0.18771308684751206	2.178776066469653	0.004001	0.4294798921568628
23932	349	0.12100291909101546	1.087879325641439	0.084001	0.794923897147796
23936	1397	0.060226229561570574	0.4117192822516284	0.391001	0.9629838341934036
23941	0	0.10288416917062719	0.856381623659284	0.135001	0.8255721652406417
23950	1547	0.15324873448443246	1.5668767190406367	0.033001	0.6962002870905588
23955	1525	0.01187955027157655	0.06309839088632786	0.843001	1.0
23966	1890	0.0	-0.0	1.0	1.0
23968	0	0.09660268342818645	0.7822165930453744	0.166001	0.8310208384376389
23972	1801	0.0	-0.0	1.0	1.0
23982	0	0.1133949955460253	0.9874605221473602	0.109001	0.820033522468544
23983	0	0.030907483969400133	0.18201172758900763	0.648001	1.0
23997	0	0.0	-0.0	1.0	1.0
24000	3654	0.00131262538364545	0.006569417365316563	0.984001	1.0
24005	0	0.04023235691540747	0.2487551821317445	0.5570010000000001	1.0
24012	0	0.07481912218465503	0.5485271872999703	0.29500099999999996	0.9178647198067631
24028	1068	0.09796210654334223	0.7980055020611301	0.159001	0.8310208384376389
24044	0	0.10591762368191997	0.8933087711942109	0.141001	0.8255721652406417
24048	4248	0.0332677695676155	0.19836514448369813	0.651001	1.0
24054	0	0.11395199084799702	0.9946533831780131	0.118001	0.820033522468544
24062	1151	0.10343222757410403	0.8629994694252242	0.133001	0.8241244759479344
24091	0	0.009015030230411683	0.04712470916036727	0.9060010000000001	1.0
24104	4556	0.13134024632880467	1.2319226294758607	0.066001	0.7875692535087719
24109	1874	0.0	-0.0	1.0	1.0
24122	0	0.0	-0.0	1.0	1.0
24126	0	0.02950398285689266	0.17245896525651488	0.6790010000000001	1.0
24128	0	0.1261088263376593	1.1579234350538414	0.062001	0.7875692535087719
24133	0	0.029220439199108692	0.17054451339163482	0.698001	1.0
24146	0	0.020327100712737987	0.11309984524401527	0.779001	1.0
24151	0	0.10244491470874229	0.8510946914661022	0.119001	0.820033522468544
24166	0	0.10012977539329045	0.8234801531828091	0.165001	0.8310208384376389
24169	2584	0.15655066106224866	1.6209327024169076	0.025001000000000002	0.6307279930875577
24183	0	0.002072778344566102	0.01041883977733218	0.971001	1.0
24193	1397	0.02249914403036543	0.12666840620856265	0.723001	1.0
24204	0	0.005069213254746789	0.025917092819809244	0.953001	1.0
24221	0	0.0	-0.0	1.0	1.0
24226	0	0.11865088991690485	1.056332129157837	0.016001	0.5816998406250001
24234	0	0.041093722849269494	0.25521156840401393	0.6590010000000001	1.0
24248	2061	0.0	-0.0	1.0	1.0
24255	0	0.04955228018454333	0.3212826639212595	0.47400099999999995	1.0
24258	1658	0.025223665839457794	0.14410761512365972	0.710001	1.0
24270	0	0.02907371377352141	0.169555876396588	0.6810010000000001	1.0
24284	2052	0.046339411169012926	0.29561195381612954	0.527001	1.0
24289	0	0.12750568050759936	1.1774600268899515	0.071001	0.7875692535087719
24294	0	0.0	-0.0	1.0	1.0
24299	2806	0.04638706920633042	0.2959875693023483	0.517001	1.0
24302	0	0.04708487178534794	0.3015050654091499	0.520001	1.0
24309	0	0.07419797989671945	0.5423871784988095	0.28200099999999995	0.9113426649940967
24310	2161	0.0	-0.0	1.0	1.0
24312	0	0.0212111778239589	0.11858699196815388	0.769001	1.0
24329	4614	0.11538169976776143	1.0132307985301863	0.095001	0.8119952763466043
24337	0	0.046892830986748735	0.29998328417014913	0.5330010000000001	1.0
24352	2224	0.07637760381334124	0.5640585411194159	0.264001	0.898348226095003
24365	0	0.001224822553759601	0.00612691432819288	0.985001	1.0
24371	0	0.036996174061881014	0.224941290020981	0.609001	1.0
24381	0	0.05498455874198031	0.3663102667604302	0.5450010000000001	1.0
24396	3158	0.08220784817707624	0.6237657880620302	0.214001	0.8739638004475941
24424	3883	0.11598870237314174	1.0211680646404475	0.097001	0.8157173187403994
24426	0	0.0970235575612719	0.7870894168511486	0.175001	0.8342142636363636
24427	1987	0.010544538809372686	0.05559287266490782	0.884001	1.0
24446	4025	0.0898473195721956	0.7058808686282078	0.186001	0.8471401618136438
24453	3708	0.08461550528022388	0.6491672084628307	0.227001	0.8860727090909091
24474	1875	0.0	-0.0	1.0	1.0
24476	4096	0.0	-0.0	1.0	1.0
24478	0	0.025212593407716477	0.1440357918552224	0.711001	1.0
24494	0	0.02700783361509454	0.15578285019161636	0.708001	1.0
24495	0	0.0014657134386125842	0.007341995318034732	0.982001	1.0
24499	3491	0.017234409350925052	0.0942864795826232	0.821001	1.0
24507	1203	0.010194551703753836	0.05364286408586187	0.885001	1.0
24510	0	0.04802424882516417	0.3089853532925633	0.48500099999999996	1.0
24514	2007	0.024708492582886488	0.14077409279845632	0.713001	1.0
24522	1343	0.011465651053751733	0.06075999742777579	0.864001	1.0
24531	297	0.011076751174338893	0.058572206300457216	0.887001	1.0
24534	1202	0.11108160746155704	0.9578533213373235	0.112001	0.820033522468544
24536	0	0.0	-0.0	1.0	1.0
24538	0	0.09011531179727919	0.7088422134904842	0.208001	0.8659326802281369
24555	2052	0.01864040946314137	0.10276604523039334	0.8040010000000001	1.0
24556	4440	0.1062066752112355	0.8968655096734315	0.122001	0.820033522468544
24557	3339	0.07267937476161869	0.5274956169867504	0.29300099999999996	0.9173771658564482
24558	0	0.05417831081171173	0.35949737886685	0.41300099999999995	0.9745577476293102
24560	0	0.025079611464050848	0.14317378923461924	0.717001	1.0
24570	0	0.0	-0.0	1.0	1.0
24573	0	0.09745183295941487	0.7920620901705508	0.176001	0.8342142636363636
24580	0	0.0204719652141093	0.11399562744566445	0.757001	1.0
24594	2629	0.0	-0.0	1.0	1.0
24602	1780	0.04728615733816519	0.30310281535832023	0.47600099999999995	1.0
24610	735	0.0515118497688026	0.33728880609465056	0.574001	1.0
24616	3635	0.0	-0.0	1.0	1.0
24630	0	0.0020965243197436185	0.010539623290239003	0.981001	1.0
24632	0	0.0649792320028504	0.4545847859882608	0.34500099999999995	0.9398895120676785
24652	1729	0.05619425934583636	0.3766179186246707	0.446001	0.9921302212515237
24659	182	0.04466410304181112	0.282506496803127	0.522001	1.0
24665	0	0.11286304162827533	0.9806143712942121	0.072001	0.7875692535087719
24677	2313	0.05328543319538721	0.3520055259485037	0.464001	1.0
24678	0	0.05781185094636067	0.3905621234745853	0.41000099999999995	0.9727195989165763
24680	0	0.11420177838942139	0.9978871852957297	0.096001	0.8148177899224807
24692	0	0.0011176186601170586	0.005587232587377427	0.985001	1.0
24699	2931	0.06613309595362941	0.4652359832991179	0.377001	0.9581348300623412
24708	3658	0.11054790231282355	0.951083851926846	0.082001	0.7875692535087719
24713	0	0.021448421906087853	0.12006778673149422	0.758001	1.0
24733	0	0.0	-0.0	1.0	1.0
24734	4616	0.04707950086010092	0.3014624704783927	0.522001	1.0
24738	0	0.0	-0.0	1.0	1.0
24752	0	0.003219450009599098	0.016288396487769786	0.966001	1.0
24756	1864	0.09752595650151052	0.792924183827894	0.168001	0.8310208384376389
24766	0	0.06497144974980718	0.45451327509721984	0.35800099999999996	0.9474113012943431
24771	3387	0.11865088991690485	1.056332129157837	0.016001	0.5816998406250001
24776	2579	0.10268948184842826	0.8540364618085071	0.129001	0.8235754804664723
24777	985	0.0047592223194179925	0.024289623223384436	0.945001	1.0
24783	0	0.02315571072776964	0.13082814081943206	0.749001	1.0
24798	2161	0.03335680337968669	0.19898913469340254	0.655001	1.0
24810	1343	0.11286304162827533	0.9806143712942121	0.072001	0.7875692535087719
24811	0	0.09836860393477527	0.8027547178354556	0.141001	0.8255721652406417
24820	4377	0.006137971804583795	0.031571100303208324	0.9320010000000001	1.0
24825	0	0.039909640792175904	0.2463490634677659	0.589001	1.0
24837	1040	0.05751775684059619	0.38801319536531975	0.41600099999999995	0.977047710036379
24839	0	0.03480610454066316	0.2092195636779628	0.600001	1.0
24848	0	0.05037450830188777	0.32796642662240744	0.448001	0.9947602816872845
24856	2008	0.06362801234148477	0.44223383793917215	0.37300099999999997	0.9576559749766136
24860	1729	0.028089329437919676	0.16295891640596077	0.6810010000000001	1.0
24866	830	0.008327865879353306	0.043365448125173366	0.903001	1.0
24867	3522	0.07049694073486673	0.5063914402572627	0.31000099999999997	0.9281849214362851
24878	0	0.07383749099069149	0.5388368046994183	0.30600099999999997	0.927731210178817
24885	3249	0.07929352155422423	0.5936025860636691	0.338001	0.9371417951380095
24894	4242	0.0	-0.0	1.0	1.0
24897	1096	0.0065114572764802744	0.03356268415547463	0.904001	1.0
24901	0	0.09406275604644616	0.7531017222555517	0.183001	0.8425895496215307
24909	0	0.1004592790353809	0.8273847184164893	0.14000100000000001	0.8255721652406417
24911	0	0.05481571734993347	0.36487976755970675	0.453001	0.9983645207873068
24912	4599	0.01675713639194857	0.09143572603494032	0.8110010000000001	1.0
24918	3649	0.0586204413435535	0.3976017496899673	0.391001	0.9629838341934036
24923	913	0.028319885308258998	0.16449842559373629	0.709001	1.0
24931	0	0.0788793034553804	0.589367092905974	0.251001	0.896185036881268
24937	0	0.11054790231282355	0.951083851926846	0.082001	0.7875692535087719
24941	0	0.10186123882298026	0.844092994704692	0.151001	0.8310208384376389
24942	2552	0.022629925375920817	0.1274948204013646	0.729001	1.0
24953	2648	0.010058404534044683	0.05288627304762375	0.869001	1.0
24960	1930	0.012159364760603274	0.06468508152254897	0.841001	1.0
24980	0	0.01946833921282646	0.10781643260441347	0.7920010000000001	1.0
24984	0	0.05492895904623848	0.3658389807455641	0.440001	0.9884380653019446
24987	4268	0.0	-0.0	1.0	1.0
24996	985	0.09894749362280307	0.8095403136753062	0.159001	0.8310208384376389
25000	348	0.011401005285238248	0.060395698586649664	0.873001	1.0
25003	0	0.13041894802405105	1.2187257651078731	0.050001000000000004	0.7603624291666667
25005	4004	0.0	-0.0	1.0	1.0
25016	1482	0.011939461554837154	0.06343772230015968	0.858001	1.0
25021	0	0.0	-0.0	1.0	1.0
25022	3682	0.09792610135859561	0.7975854657447006	0.154001	0.8310208384376389
25027	0	0.026761518844714963	0.15415893903856578	0.701001	1.0
25032	2722	0.05823975967751954	0.3942817521062352	0.40800099999999995	0.971610316554567
25042	3897	0.0	-0.0	1.0	1.0
25052	0	0.0	-0.0	1.0	1.0
25059	0	0.061929976688335726	0.42689872982825594	0.49300099999999997	1.0
25062	1666	0.08891897211167682	0.6956650605536576	0.214001	0.8739638004475941
25063	1214	0.1104125760552518	0.9493710125298663	0.124001	0.820033522468544
25079	2481	0.08855407881603145	0.6916677204232395	0.277001	0.9099650071748879
25085	650	0.012087506189705704	0.06427715749403907	0.860001	1.0
25090	0	0.10956236041587737	0.9386432727235451	0.129001	0.8235754804664723
25101	1483	0.008138716084144945	0.0423355740006184	0.895001	1.0
25114	94	0.14146292838686625	1.3816111680953314	0.049001	0.757785238700565
25118	2234	0.04341211467451068	0.27283714156894684	0.5350010000000001	1.0
25123	0	0.0	-0.0	1.0	1.0
25130	0	0.07048805795379684	0.5063062569454254	0.335001	0.935934153865782
25131	0	0.036463444218365886	0.22108785141199291	0.708001	1.0
25147	0	0.0	-0.0	1.0	1.0
25155	3309	0.08919782676429874	0.6987267269562266	0.241001	0.8917607127407907
25163	0	0.04931806190487005	0.3193872825833413	0.47600099999999995	1.0
25165	2627	0.0563814754271093	0.37822234789100156	0.43100099999999997	0.981495413685524
25170	0	0.0	-0.0	1.0	1.0
25172	0	0.07539963543352296	0.5542913733844281	0.266001	0.898348226095003
25176	0	0.09789870829677402	0.797265966159352	0.145001	0.8295614680851063
25181	2409	0.030475671563088044	0.1790590717278498	0.649001	1.0
25194	2352	0.0	-0.0	1.0	1.0
25200	0	0.06121876771996502	0.420537064533978	0.36000099999999996	0.9474113012943431
25206	0	0.032990735245188176	0.19642687552215704	0.756001	1.0
25233	0	0.05238490932163638	0.3445058619392608	0.460001	1.0
25237	1621	0.04154980372833805	0.25865030627420516	0.5550010000000001	1.0
25238	0	0.0	-0.0	1.0	1.0
25242	3682	0.15885790119488324	1.6592694435997348	0.028001	0.6564945374732334
25245	0	0.09796660828495102	0.7980580264712908	0.151001	0.8310208384376389
25254	918	0.054849031571102796	0.36516186216106356	0.442001	0.9888575702901512
25257	0	0.01827979520722456	0.10057955540141597	0.8000010000000001	1.0
25258	988	0.09065663382943985	0.7148406857530916	0.196001	0.8563507378292099
25259	3107	0.0	-0.0	1.0	1.0
25263	0	0.008511259692225548	0.04436600264674326	0.9120010000000001	1.0
25271	3326	0.09948245811733483	0.8158343241455049	0.14000100000000001	0.8255721652406417
25277	1797	0.0	-0.0	1.0	1.0
25299	0	0.02082496726521106	0.11618392387592509	0.773001	1.0
25305	913	0.07101424972338069	0.5113622458870355	0.314001	0.9281849214362851
25307	4136	0.058728871610953456	0.39854926932004964	0.42100099999999996	0.9795027515937101
25313	1684	0.0049727160711142485	0.025409877664220412	0.941001	1.0
25335	0	0.05150208296661388	0.3372083693502754	0.47400099999999995	1.0
25338	1068	0.03239274337723426	0.19226011859823017	0.630001	1.0
25341	3738	0.1794931264766555	2.02312663690207	0.011000999999999999	0.5816998406250001
25348	0	0.08982292576976342	0.7056115876752338	0.209001	0.8684447624288425
25351	0	0.002718503685552428	0.013714851848807802	0.964001	1.0
25391	1062	0.019019600942953643	0.10507384933935437	0.7840010000000001	1.0
25392	0	0.0857046952321716	0.6608025147337879	0.206001	0.8659326802281369
25398	0	0.0412798660743117	0.25661335362531384	0.5520010000000001	1.0
25399	3145	0.058912483397609273	0.40015566442299566	0.378001	0.9581348300623412
25403	2048	0.003209960053075833	0.016239508595852787	0.957001	1.0
25404	1075	0.004283957184947316	0.021805304839917283	0.939001	1.0
25408	0	0.02726979375648316	0.15751416462677093	0.730001	1.0
25411	1756	0.032062548846866	0.1899693462851242	0.6660010000000001	1.0
25420	0	0.11476900260647468	1.0052492906552652	0.096001	0.8148177899224807
25428	2656	0.06511786696531528	0.4558594304577942	0.336001	0.9371417951380095
25431	0	0.05488842103830078	0.36549550045585666	0.442001	0.9888575702901512
25433	0	0.10928430004767971	0.9351473435597554	0.125001	0.820033522468544
25441	2625	0.06024617431402419	0.4118957818832023	0.399001	0.9669459825143869
25445	0	0.039681121469340164	0.24464947595108547	0.564001	1.0
25482	2634	0.004051493802040654	0.02059494137704484	0.972001	1.0
25483	0	0.009289464494394935	0.048633876309405404	0.901001	1.0
25490	0	0.049249758631909654	0.3188352596462762	0.47200099999999995	1.0
25504	0	0.0	-0.0	1.0	1.0
25505	529	0.20526718166302965	2.532161468686881	0.005001	0.45252850413223145
25510	0	0.07595520060025618	0.5598312128958743	0.281001	0.9113388474526066
25512	0	0.06656025531923934	0.4692034551893807	0.43500099999999997	0.9852763651220521
25520	742	0.02960004963081318	0.17310877257360793	0.6870010000000001	1.0
25523	4259	0.01230008687877919	0.06548482762123516	0.872001	1.0
25525	0	0.015055345933276496	0.08138452176697145	0.819001	1.0
25529	2180	0.03963642716078259	0.2443174752539185	0.589001	1.0
25531	4057	0.07119053395014292	0.5130606326217617	0.399001	0.9669459825143869
25533	0	0.0	-0.0	1.0	1.0
25535	0	0.07012073965253543	0.5027888333471491	0.278001	0.9099650071748879
25541	0	0.004025847547736973	0.020461601332710914	0.942001	1.0
25547	1484	0.00012268433321067918	0.0006098523529118047	0.999001	1.0
25548	940	0.08456419065556922	0.6486212560817359	0.224001	0.8848907862787356
25555	4557	0.051346060499378565	0.3359243080435487	0.47800099999999995	1.0
25558	4085	0.05947783617937784	0.4051168805768947	0.388001	0.9613539146865807
25562	1979	0.0	-0.0	1.0	1.0
25568	3282	0.0	-0.0	1.0	1.0
25574	2126	0.004422795881585274	0.022529689580686022	0.955001	1.0
25578	0	0.0	-0.0	1.0	1.0
25582	899	0.10312207398582762	0.85925143146443	0.129001	0.8235754804664723
25584	428	0.02062004698518491	0.1149126555932244	0.771001	1.0
25588	0	0.0	-0.0	1.0	1.0
25602	2275	0.11608238659891748	1.0223957519488	0.107001	0.820033522468544
25604	0	0.07768721577406484	0.577249148783236	0.268001	0.9009342797052502
25607	0	0.008895325462298523	0.04646782933862312	0.902001	1.0
25613	526	0.0	-0.0	1.0	1.0
25614	0	0.01805494662569412	0.09922031106249289	0.8020010000000001	1.0
25619	0	0.04627069568966165	0.2950706478567793	0.505001	1.0
25634	0	0.061397191676670786	0.42212964670329667	0.36900099999999997	0.955353972333885
25652	3337	0.011939461554837154	0.06343772230015968	0.858001	1.0
25654	0	0.03316412002132489	0.19763937358391082	0.621001	1.0
25663	0	0.017350623347510877	0.09498274594150118	0.8050010000000001	1.0
25666	1842	0.1300787313373126	1.2138703067523369	0.066001	0.7875692535087719
25668	1567	0.01663205255796607	0.09069091291034447	0.813001	1.0
25683	0	0.053826989084254415	0.356542902220855	0.527001	1.0
25685	4136	0.0	-0.0	1.0	1.0
25697	0	0.059314221331741586	0.4036787563846894	0.389001	0.9614383632054175
25699	0	0.04575961783149958	0.2910547493856248	0.507001	1.0
25714	0	0.12171015607095734	1.097453698351117	0.08500100000000001	0.7979872449152542
25722	2645	0.06859214025290306	0.48825683706520906	0.321001	0.9341783118706941
25735	0	0.010149743864520663	0.05339373791774732	0.9060010000000001	1.0
25738	2409	0.015017518419055628	0.08116311245955082	0.837001	1.0
25741	0	0.09108601659953108	0.7196147416952089	0.199001	0.8576617104442713
25744	1829	0.004051493802040654	0.02059494137704484	0.972001	1.0
25750	3135	0.0273867833446497	0.15828877589468177	0.696001	1.0
25754	2709	0.10265997298264502	0.8536812650526332	0.14000100000000001	0.8255721652406417
25762	3147	0.10823276299737176	0.921982658519577	0.100001	0.8158799918032787
25766	2146	0.051310708632767155	0.3356335977116536	0.454001	0.9983645207873068
25771	0	0.004051493802040654	0.02059494137704484	0.972001	1.0
25775	3249	0.1455510152609523	1.4445231305672133	0.039001	0.7375163195164075
25793	0	0.0	-0.0	1.0	1.0
25802	1109	0.028360456614284577	0.16476968888118307	0.780001	1.0
25811	1646	0.0	-0.0	1.0	1.0
25813	0	0.004914562629788639	0.025104469345316273	0.948001	1.0
25817	2946	0.023640081648505267	0.1339143149154572	0.730001	1.0
25818	0	0.0	-0.0	1.0	1.0
25820	0	0.0	-0.0	1.0	1.0
25831	3919	0.10282696142456653	0.8556922013878085	0.132001	0.8241244759479344
25840	2831	0.10427818531588173	0.8732610244975596	0.149001	0.8310208384376389
25881	2007	0.0	-0.0	1.0	1.0
25883	4338	0.07257447212677878	0.5264732055420842	0.333001	0.935934153865782
25884	0	0.010057448272551226	0.05288096286184782	0.862001	1.0
25885	0	0.02258159905934299	0.12718931866316216	0.741001	1.0
25893	1789	0.15161426796469962	1.54046940661764	0.025001000000000002	0.6307279930875577
25896	3792	0.07769797221701955	0.577358017677285	0.259001	0.898348226095003
25902	0	0.02604531729883278	0.14945914578553177	0.7850010000000001	1.0
25905	0	0.11674455285747051	1.0310934025099092	0.094001	0.8119952763466043
25920	297	0.036062526337125915	0.21820024013076506	0.617001	1.0
25921	499	0.041665668721204537	0.2595261283628574	0.569001	1.0
25923	1283	0.10869788378889766	0.9277948399454664	0.141001	0.8255721652406417
25926	1162	0.0	-0.0	1.0	1.0
25935	0	0.0	-0.0	1.0	1.0
25942	297	0.12329197220582691	1.1190162159722212	0.071001	0.7875692535087719
25945	2266	0.10931976917436105	0.9355929372912161	0.099001	0.8158799918032787
25946	0	0.014713123804613409	0.07938462352517238	0.827001	1.0
25947	0	0.0781327662593454	0.581765904406478	0.264001	0.898348226095003
25972	0	0.025908092331477464	0.14856239292587906	0.6770010000000001	1.0
25974	0	0.08578462097996076	0.6616598683233427	0.225001	0.8848907862787356
25975	0	0.09124964243655925	0.7214377295882393	0.197001	0.8576617104442713
25984	0	0.1079640838613451	0.9186330855977416	0.128001	0.823432990011751
25990	1034	0.0	-0.0	1.0	1.0
25995	0	0.0	-0.0	1.0	1.0
25998	2371	0.03849891917726159	0.23591267534268692	0.588001	1.0
26002	20	0.0906337481376529	0.7145866306042066	0.177001	0.8353379090517241
26008	4628	0.035829297772322896	0.21652529673768897	0.602001	1.0
26024	1987	0.0	-0.0	1.0	1.0
26034	0	0.021948204340125226	0.12319878086545298	0.767001	1.0
26042	1930	0.08283401622412351	0.6303299275478591	0.235001	0.8917607127407907
26055	3040	0.09903276329372993	0.8105420360266701	0.157001	0.8310208384376389
26056	2818	0.06656025531923931	0.46920345518938045	0.459001	1.0
26059	1603	0.032799686132478904	0.19509312364377115	0.6610010000000001	1.0
26075	1621	0.049196710453350806	0.3184067493646186	0.593001	1.0
26083	0	0.04660713257996837	0.2977240058877912	0.47700099999999995	1.0
26084	916	0.00513903272971894	0.026284420928473995	0.943001	1.0
26087	887	0.028360456614284574	0.16476968888118299	0.8080010000000001	1.0
26088	899	0.10689926885572393	0.9054147732135711	0.126001	0.8221602794994041
26093	0	0.06583348002112303	0.46246101552480406	0.34900099999999995	0.941649075653031
26100	0	0.07900214697640026	0.5906218639298184	0.266001	0.898348226095003
26101	0	0.1040277965371516	0.870217891214029	0.136001	0.8255721652406417
26105	3478	0.007000069767829048	0.03618052805250075	0.9180010000000001	1.0
26110	0	0.008681772432944254	0.04529806691590193	0.9300010000000001	1.0
26126	0	0.13176684313140186	1.2380572619630614	0.067001	0.7875692535087719
26131	1274	0.11865088991690485	1.056332129157837	0.016001	0.5816998406250001
26133	0	0.06094503480083939	0.4180981873176588	0.405001	0.9701669465298997
26139	0	0.01770118043748859	0.09708805413226708	0.7940010000000001	1.0
26140	0	0.23172969473738964	3.120615113301813	0.001001	0.2149009607843137
26141	0	0.04439186666219232	0.2803949123332024	0.520001	1.0
26143	3320	0.017597360038720006	0.09646376092378059	0.8050010000000001	1.0
26144	0	0.0024996944105910857	0.012595285407357977	0.975001	1.0
26159	2709	0.007072549814674381	0.03657004953476106	0.9280010000000001	1.0
26161	0	0.004051493802040654	0.02059494137704484	0.972001	1.0
26167	4630	0.015030554024356574	0.08123940168953034	0.827001	1.0
26170	0	0.129252828005228	1.2021233499794721	0.057001	0.7811063191489362
26177	0	0.04975056710478323	0.32289023409880546	0.506001	1.0
26179	0	0.1157092353671823	1.0175100040025795	0.102001	0.8168629476327116
26182	0	0.1357303928172101	1.2957825631128292	0.058001000000000004	0.7869305439900868
26184	0	0.030219945958160032	0.17731615978753423	0.701001	1.0
26186	1768	0.016642634201010822	0.09075388425784132	0.831001	1.0
26187	94	0.08269857526150434	0.628907591044878	0.235001	0.8917607127407907
26202	0	0.05903894735702199	0.40126347118937833	0.389001	0.9614383632054175
26209	0	0.0	-0.0	1.0	1.0
26223	0	0.014135750789955548	0.07602668300016685	0.836001	1.0
26235	1180	0.02405090879983772	0.136543507487964	0.745001	1.0
26240	1797	0.10244491470874229	0.8510946914661022	0.119001	0.820033522468544
26248	4631	0.08343734831149023	0.6366826464743948	0.247001	0.8949779001318391
26249	0	0.05169093394327354	0.3387648689490639	0.468001	1.0
26256	2002	0.014469620721573768	0.07796596501534311	0.853001	1.0
26268	4074	0.0	-0.0	1.0	1.0
26271	1185	0.043964054995664185	0.2770867841543042	0.513001	1.0
26291	1397	0.03450115990265674	0.20705554782252725	0.628001	1.0
26300	0	0.12366403452821575	1.1241178152291862	0.058001000000000004	0.7869305439900868
26305	0	0.05997573149470585	0.40950492841283165	0.37100099999999997	0.9573627030403016
26325	0	0.017331220133195935	0.09486643878428186	0.7890010000000001	1.0
26327	735	0.0	-0.0	1.0	1.0
26340	0	0.0526694194265285	0.34686918836404634	0.572001	1.0
26341	0	0.09739615575439967	0.7914148182148456	0.159001	0.8310208384376389
26356	0	0.021703306215446628	0.12166260953052255	0.739001	1.0
26368	2623	0.05881910412275501	0.3993384028690714	0.42100099999999996	0.9795027515937101
26370	0	0.061929976688335726	0.42689872982825594	0.49300099999999997	1.0
26371	0	0.14978265374008856	1.5111516306911974	0.027001	0.646901420131291
26381	0	0.06872117431187003	0.48947694729289926	0.30300099999999996	0.927677522017837
26384	0	0.0	-0.0	1.0	1.0
26395	0	0.053826989084254415	0.356542902220855	0.527001	1.0
26397	0	0.10021382413713388	0.8244753084996003	0.148001	0.8310208384376389
26403	0	0.0	-0.0	1.0	1.0
26416	0	0.0	-0.0	1.0	1.0
26420	0	0.0	-0.0	1.0	1.0
26426	937	0.03229918155613601	0.19161029847901848	0.6620010000000001	1.0
26459	0	0.002508541799693231	0.012640500786039434	0.976001	1.0
26470	1392	0.017660588075976005	0.0968438849394286	0.819001	1.0
26471	3086	0.08004544696221287	0.601324022127503	0.249001	0.8956346744415243
26483	1007	0.00931225498841756	0.04875940676201816	0.9070010000000001	1.0
26485	0	0.0	-0.0	1.0	1.0
26489	0	0.09115179252479023	0.7203473169552133	0.183001	0.8425895496215307
26495	4633	0.08153726340905579	0.6167687653940637	0.228001	0.8871296904761905
26507	0	0.0005427119419498631	0.0027042533886938894	0.995001	1.0
26512	0	0.050936761142887206	0.3325638083015645	0.461001	1.0
26542	4634	0.05586428900511386	0.3737960988604796	0.442001	0.9888575702901512
26543	0	0.09732848977283548	0.7906284966631502	0.151001	0.8310208384376389
26550	3120	0.13566086849839712	1.2947586528404702	0.042001000000000004	0.7473300777777777
26552	0	0.09924095736452718	0.8129902263191632	0.151001	0.8310208384376389
26558	0	0.0744696593300471	0.5450692290068715	0.267001	0.8995058304615384
26575	1223	0.11054790231282355	0.951083851926846	0.082001	0.7875692535087719
26579	0	0.13033320089005543	1.2175011026150826	0.057001	0.7811063191489362
26581	0	0.0	-0.0	1.0	1.0
26591	2831	0.0	-0.0	1.0	1.0
26598	3058	0.026050877761871066	0.14949550819426297	0.715001	1.0
26607	0	0.045197449086836844	0.28665796600507865	0.514001	1.0
26616	0	0.07850981454058323	0.5855997841752141	0.264001	0.898348226095003
26630	2455	0.009952254258677039	0.052297146029299746	0.899001	1.0
26634	3573	0.10627161209227887	0.8976654612211865	0.127001	0.8228011532544378
26638	0	0.10851988647452693	0.9255685349875205	0.120001	0.820033522468544
26639	0	0.032628698532588714	0.19390144639334297	0.614001	1.0
26640	0	0.04219815311347423	0.26356279511501024	0.5580010000000001	1.0
26647	1442	0.054125127351671964	0.35904957257870945	0.42600099999999996	0.9806120979123172
26658	1482	0.1243733035874266	1.1338746140346847	0.067001	0.7875692535087719
26662	19	0.11032392341961969	0.9482497213785976	0.121001	0.820033522468544
26664	2928	0.11127614459137528	0.9603264920119446	0.103001	0.8168629476327116
26670	0	0.09549949676238689	0.7695094131948709	0.193001	0.854495733522038
26673	373	0.0	-0.0	1.0	1.0
26686	2815	0.06028017828831941	0.4121967628654722	0.378001	0.9581348300623412
26695	0	0.14802920736955416	1.4833562629457393	0.030001	0.6731166987704919
26699	0	0.12196809463086197	1.100955787731616	0.089001	0.8053487181818181
26700	0	0.009326496072542444	0.048837862575279244	0.880001	1.0
26701	2390	0.10422850847328025	0.8726568762585971	0.14000100000000001	0.8255721652406417
26703	3390	0.07080363491033073	0.5093360903412779	0.324001	0.9352299346354166
26713	0	0.00938881408444453	0.049181321595182764	0.889001	1.0
26714	0	0.0	-0.0	1.0	1.0
26721	3441	0.0	-0.0	1.0	1.0
26738	0	0.04183447074387142	0.26080371804148783	0.5580010000000001	1.0
26740	2806	0.0969474327481443	0.7862070326794706	0.166001	0.8310208384376389
26753	3249	0.053897572715050406	0.35713578987046957	0.42800099999999996	0.9806120979123172
26757	4638	0.039869472463938904	0.246050062844797	0.5620010000000001	1.0
26758	529	0.010388399345237654	0.054722013526061236	0.886001	1.0
26762	2823	0.004051493802040654	0.02059494137704484	0.972001	1.0
26764	0	0.11197079046049302	0.9691823793362665	0.105001	0.8188432685185185
26772	0	0.055732554180529775	0.3726716757082723	0.456001	0.9999509210895252
26786	2045	0.0	-0.0	1.0	1.0
26797	0	0.021993933688806398	0.12348604359417151	0.747001	1.0
26818	3530	0.019330016456565662	0.10696970491185319	0.7870010000000001	1.0
26820	0	0.007461608380877168	0.03866620554747746	0.9220010000000001	1.0
26822	0	0.007823742422871018	0.040625310247190655	0.9160010000000001	1.0
26831	1930	0.02161242716281232	0.12109350863791707	0.766001	1.0
26840	4640	0.043295747480574916	0.2719438102769735	0.525001	1.0
26844	0	0.0	-0.0	1.0	1.0
26859	1075	0.018467819332893452	0.10171858741766986	0.8010010000000001	1.0
26866	0	0.0	-0.0	1.0	1.0
26871	2634	0.0	-0.0	1.0	1.0
26878	0	0.053826989084254415	0.356542902220855	0.527001	1.0
26880	592	0.0037219221004852407	0.018884332953680503	0.946001	1.0
26893	2634	0.1762786896701872	1.9639358594095664	0.007001	0.5214554353741497
26896	0	0.0	-0.0	1.0	1.0
26904	3328	0.016035047638039073	0.08714925303734009	0.8020010000000001	1.0
26929	4550	0.09793143546003959	0.7976476869650485	0.167001	0.8310208384376389
26942	651	0.10244491470874229	0.8510946914661022	0.131001	0.8241244759479344
26970	735	0.13614228326406927	1.3018569650577165	0.062001	0.7875692535087719
26972	0	0.045943826747135735	0.2925001538469849	0.517001	1.0
26979	0	0.09431249505563559	0.7559422801939548	0.161001	0.8310208384376389
26981	181	0.047429496514164754	0.3042422951100941	0.48200099999999996	1.0
26999	0	0.16395548606988405	1.7456279979725928	0.022001	0.6067731712846347
27001	0	0.14278054071863328	1.4017323951285792	0.033001	0.6962002870905588
27012	1068	0.058809936596508045	0.39925820140567025	0.42400099999999996	0.9800267994511292
27021	3531	0.02558152067687165	0.1464330964798453	0.722001	1.0
27022	0	0.11543811033880519	1.0139671758591091	0.092001	0.8090915253012048
27038	0	0.12923888867772387	1.201925575229771	0.068001	0.7875692535087719
27041	4061	0.0526694194265285	0.34686918836404634	0.567001	1.0
27045	4298	0.09384075273730334	0.7505806842639363	0.224001	0.8848907862787356
27046	1179	0.0	-0.0	1.0	1.0
27061	1612	0.04568006940937892	0.2904312842347774	0.501001	1.0
27089	0	0.0	-0.0	1.0	1.0
27092	0	0.03872480010588089	0.23757479269362736	0.573001	1.0
27095	2584	0.06380652147242538	0.4438579865803289	0.35300099999999995	0.944989718581907
27111	147	0.028718570558209776	0.16716865858162727	0.699001	1.0
27122	0	0.07627172448580931	0.5629976780297126	0.273001	0.905784226969697
27126	0	0.05788528962584391	0.39119957404518524	0.41800099999999996	0.9779258438034187
27130	0	0.011463683996554595	0.0607489087563395	0.881001	1.0
27132	0	0.03140452225120417	0.1854253589925266	0.634001	1.0
27135	1835	0.005187317137379487	0.026538616752282477	0.945001	1.0
27147	0	0.0	-0.0	1.0	1.0
27160	0	0.02331714206301623	0.1318550589346425	0.748001	1.0
27164	0	0.007639560889588219	0.03962794260686199	0.9140010000000001	1.0
27170	0	0.015073347183942886	0.0814899160198109	0.8100010000000001	1.0
27179	3682	0.002118947039740876	0.010653705805318285	0.981001	1.0
27196	182	0.06476925656992505	0.45265685840913683	0.35000099999999995	0.942257425374969
27205	2401	0.10093382793221573	0.8330230132539989	0.149001	0.8310208384376389
27206	3776	0.14156620638047163	1.3831829898254742	0.045001	0.7522380900763358
27222	3595	0.0959741574307976	0.7749652557016196	0.170001	0.8310208384376389
27225	0	0.024887747641106867	0.1419320856833656	0.8120010000000001	1.0
27243	1631	0.05367306225429793	0.35525115677571834	0.443001	0.9888721608562691
27258	1644	0.008216835005750678	0.04276065595466876	0.9180010000000001	1.0
27260	918	0.158646845145701	1.6557431991159306	0.021001000000000002	0.6067731712846347
27261	182	0.03536039797962029	0.21316872912277227	0.613001	1.0
27275	2692	0.16191974536371112	1.710865730062442	0.025001000000000002	0.6307279930875577
27278	3131	0.0012995740129769992	0.006503614015970239	0.984001	1.0
27279	4652	0.0028951915544014675	0.014620910579898979	0.967001	1.0
27285	2491	0.08117862698482683	0.6130405560356839	0.257001	0.898348226095003
27289	1337	0.05999714448048418	0.40969404050818997	0.405001	0.9701669465298997
27293	0	0.07561539272085058	0.5564400885401963	0.265001	0.898348226095003
27298	0	0.07249519108937638	0.5257010465944123	0.29200099999999996	0.9168680668196155
27300	1970	0.041296928081281374	0.2567419586648098	0.5310010000000001	1.0
27321	3763	0.0	-0.0	1.0	1.0
27334	4377	0.0	-0.0	1.0	1.0
27346	0	0.08554291074004877	0.6590685568449737	0.219001	0.8786522348845732
27349	0	0.11575781242677129	1.018145395502065	0.108001	0.820033522468544
27370	1470	0.0	-0.0	1.0	1.0
27376	1065	0.0	-0.0	1.0	1.0
27401	4067	0.0	-0.0	1.0	1.0
27413	1604	0.03295475646985234	0.19617551829331578	0.636001	1.0
27438	0	0.16292174264012538	1.727930067291379	0.026001	0.6426296817155757
27441	0	0.12379581343638474	1.1259274538218467	0.089001	0.8053487181818181
27443	0	0.09894972804722099	0.8095665557649626	0.147001	0.8310208384376389
27461	1442	0.12344310914104967	1.1210871853471527	0.078001	0.7875692535087719
27464	0	0.0	-0.0	1.0	1.0
27466	1695	0.14629884087767298	1.4561860075938267	0.030001	0.6731166987704919
27475	0	0.10153195393469994	0.8401547656915079	0.132001	0.8241244759479344
27478	1035	0.1326628180567185	1.2509912132502787	0.064001	0.7875692535087719
27479	1269	0.09351880004053917	0.7469314056983922	0.170001	0.8310208384376389
27483	0	0.0	-0.0	1.0	1.0
27490	3883	0.0	-0.0	1.0	1.0
27491	0	0.02653607733254193	0.15267603812152164	0.703001	1.0
27506	4470	0.0	-0.0	1.0	1.0
27507	0	0.04955362588552461	0.32129356476792825	0.47700099999999995	1.0
27512	3339	0.04951777427394446	0.3210031915785334	0.508001	1.0
27515	0	0.13119640054366227	1.2298574923224241	0.062001	0.7875692535087719
27516	0	0.09971968183458133	0.8186324971251504	0.138001	0.8255721652406417
27538	349	0.025101886632712095	0.14331810090412156	0.718001	1.0
27547	0	0.0	-0.0	1.0	1.0
27551	3172	0.02448877182702842	0.1393574677645108	0.746001	1.0
27567	2737	0.07022795903141182	0.5038145417682357	0.312001	0.9281849214362851
27571	0	0.004227275394323455	0.021509891698094013	0.947001	1.0
27576	2180	0.0	-0.0	1.0	1.0
27584	1606	0.07334148422922684	0.5339674166244909	0.317001	0.931520115136876
27589	0	0.013337920660575122	0.07141987105212089	0.840001	1.0
27597	0	0.12581678428360352	1.1538592767156919	0.071001	0.7875692535087719
27609	0	0.06333737011283115	0.4395943546386343	0.35800099999999996	0.9474113012943431
27628	0	0.0	-0.0	1.0	1.0
27630	425	0.10972836607604777	0.9407333342177823	0.103001	0.8168629476327116
27636	0	0.007715248157804146	0.04003755713924882	0.899001	1.0
27642	4345	0.0	-0.0	1.0	1.0
27648	4551	0.08958618293367933	0.7030005737005566	0.217001	0.8757626056026538
27650	3041	0.02821819740110243	0.16381899602389752	0.712001	1.0
27655	3196	0.061929976688335726	0.42689872982825594	0.49300099999999997	1.0
27665	4061	0.028360456614284577	0.16476968888118307	0.780001	1.0
27676	1173	0.09957213115207522	0.8168915446810379	0.172001	0.8318787654808959
27678	0	0.0	-0.0	1.0	1.0
27682	874	0.0	-0.0	1.0	1.0
27688	0	0.029987635517177556	0.17573650273287772	0.688001	1.0
27689	0	0.10427498011597813	0.8732220383559766	0.137001	0.8255721652406417
27695	1052	0.08579575238626877	0.6617793120194725	0.209001	0.8684447624288425
27696	0	0.10734479098323496	0.9109343794489929	0.114001	0.820033522468544
27701	0	0.0	-0.0	1.0	1.0
27723	1068	0.1346724970556276	1.280246476831752	0.059001	0.7875692535087719
27728	0	0.06669904711902507	0.4704954017879801	0.34400099999999995	0.9398895120676785
27729	1182	0.07673218063175873	0.5676173032594642	0.258001	0.898348226095003
27739	2931	0.0	-0.0	1.0	1.0
27741	0	0.0	-0.0	1.0	1.0
27742	1681	0.048154815947569554	0.3100298565772522	0.48500099999999996	1.0
27747	0	0.0	-0.0	1.0	1.0
27751	2635	0.009714496720697283	0.05098004275636602	0.891001	1.0
27755	1970	0.0	-0.0	1.0	1.0
27762	0	0.0	-0.0	1.0	1.0
27782	0	0.031260709947660226	0.18443601503740076	0.6660010000000001	1.0
27783	1459	0.04737885379306154	0.30383954816363945	0.526001	1.0
27786	2261	0.0	-0.0	1.0	1.0
27800	2897	0.10283945270964158	0.8558427144058489	0.137001	0.8255721652406417
27807	0	0.10122919823215265	0.8365413465112227	0.162001	0.8310208384376389
27820	0	0.09777704397030632	0.7958476389121538	0.138001	0.8255721652406417
27821	2399	0.027879571760909203	0.16156124891994475	0.6790010000000001	1.0
27824	0	0.12165886145576409	1.096757909478872	0.081001	0.7875692535087719
27826	0	0.0	-0.0	1.0	1.0
27828	4654	0.06522085881650394	0.456807260797439	0.320001	0.9341783118706941
27833	4655	0.02604531729883278	0.14945914578553177	0.7850010000000001	1.0
27841	0	0.06442268844817678	0.449481729648477	0.35800099999999996	0.9474113012943431
27842	0	0.0012506519161057071	0.006257041719362172	0.982001	1.0
27845	742	0.06656025531923934	0.4692034551893807	0.43500099999999997	0.9852763651220521
27849	754	0.017908302174954104	0.098335503697675	0.7840010000000001	1.0
27850	0	0.0	-0.0	1.0	1.0
27889	0	0.09972102649448188	0.8186483706243249	0.160001	0.8310208384376389
27890	3107	0.16243535760981412	1.7196357066486117	0.020001	0.6067731712846347
27894	0	0.01563683819625333	0.08479905087190939	0.816001	1.0
27900	1628	0.12219359587780641	1.1040219343354998	0.081001	0.7875692535087719
27905	1641	0.0	-0.0	1.0	1.0
27911	0	0.07935142660543117	0.5941957028793026	0.255001	0.8971741481362466
27916	0	0.0948125717153361	0.7616447200194593	0.167001	0.8310208384376389
27922	0	0.02951802627201048	0.1725539194524477	0.770001	1.0
27926	0	0.10630589242222463	0.8980878925254738	0.115001	0.820033522468544
27931	0	0.010815523438684072	0.057107732132814705	0.865001	1.0
27944	1733	0.03825127096827591	0.23409429121025083	0.576001	1.0
27963	0	0.0	-0.0	1.0	1.0
27966	1767	0.0403701821645955	0.24978491028758917	0.567001	1.0
27976	4506	0.0	-0.0	1.0	1.0
27984	0	0.0	-0.0	1.0	1.0
28002	0	0.03779481533323522	0.23075340697738742	0.563001	1.0
28005	0	0.09972398128352042	0.8186832519428487	0.151001	0.8310208384376389
28018	0	0.09638927012644932	0.7797509887966156	0.170001	0.8310208384376389
28019	3807	0.017942329694751468	0.09854069706513127	0.855001	1.0
28026	1567	0.05175512857919015	0.33929452169443614	0.454001	0.9983645207873068
28029	0	0.03867597832370186	0.23721525554684694	0.595001	1.0
28032	526	0.0	-0.0	1.0	1.0
28038	1176	0.013639297392157822	0.07315554166125048	0.831001	1.0
28041	0	0.13122575275704584	1.230278750331255	0.055001	0.7780438617571059
28061	0	0.0	-0.0	1.0	1.0
28065	2424	0.0	-0.0	1.0	1.0
28070	0	0.11402061128600129	0.9955412563989577	0.061001	0.7875692535087719
28077	2410	0.03669405096659308	0.22275361202724667	0.586001	1.0
28079	918	0.07327164724987965	0.5332832708832277	0.31000099999999997	0.9281849214362851
28083	4237	0.04169869924829683	0.25977597121584756	0.5600010000000001	1.0
28108	1617	0.0026570923196750605	0.01340035431547467	0.976001	1.0
28126	917	0.03993615319154359	0.24654647272618427	0.6750010000000001	1.0
28133	0	0.01963561941508537	0.10884200662338113	0.7850010000000001	1.0
28139	3578	0.07474020844399684	0.5477455412911776	0.28500099999999995	0.9150861919929864
28143	0	0.013445575207279823	0.0720392375457055	0.856001	1.0
28156	0	0.10135592858704989	0.8380530091808487	0.139001	0.8255721652406417
28157	0	0.11389106698031183	0.9938654134000038	0.108001	0.820033522468544
28203	521	0.0	-0.0	1.0	1.0
28214	0	0.025163916538237113	0.14372013313952284	0.715001	1.0
28217	0	0.0819520216165964	0.6210924478766876	0.240001	0.8917607127407907
28221	0	0.034546305742768374	0.20737553634411748	0.636001	1.0
28238	3992	0.08971164847375734	0.704383786241201	0.253001	0.896185036881268
28256	0	0.03239274337723426	0.19226011859823017	0.630001	1.0
28262	0	0.07602596010167696	0.5605384369164534	0.264001	0.898348226095003
28264	0	0.06092610669269709	0.4179297412096578	0.389001	0.9614383632054175
28303	0	0.02980562534338277	0.17450131324643925	0.6840010000000001	1.0
28313	1202	0.0	-0.0	1.0	1.0
28316	4008	0.07246182251113865	0.5253761909948709	0.325001	0.9352299346354166
28317	1862	0.0	-0.0	1.0	1.0
28328	986	0.11140593893407005	0.9619782693078942	0.10100100000000001	0.8161328036900369
28330	3843	0.011656061650100372	0.06183447674213222	0.886001	1.0
28332	1223	0.0	-0.0	1.0	1.0
28335	2093	0.06308754634606162	0.43733041321768135	0.48200099999999996	1.0
28354	0	0.05061504050293425	0.32993051136023777	0.47600099999999995	1.0
28384	0	0.0	-0.0	1.0	1.0
28400	0	0.029422245127234258	0.17190655022840612	0.6750010000000001	1.0
28402	0	0.0	-0.0	1.0	1.0
28403	0	0.04806884630840749	0.3093419899640985	0.499001	1.0
28409	1944	0.0	-0.0	1.0	1.0
28416	0	0.027166713701351562	0.15683237696306163	0.688001	1.0
28420	0	0.11322163724909717	0.985226929298019	0.105001	0.8188432685185185
28428	0	0.1638370420093368	1.7435954141661214	0.017001000000000002	0.5816998406250001
28435	0	0.0021760943991238624	0.01094459120841823	0.972001	1.0
28437	913	0.17613095763451941	1.961238015709986	0.015000999999999999	0.5816998406250001
28453	4656	0.13548507686390432	1.2921715175868254	0.046001	0.7528624050822122
28460	529	0.2079009206024089	2.5876898869491853	1e-06	0.00043795999999999993
28461	3944	0.19164226315256067	2.2553739839661078	0.003001	0.4159234050632912
28474	4513	0.06934883258927516	0.49542921085818836	0.315001	0.928883907621869
28489	917	0.01628523496664511	0.08863080158038988	0.819001	1.0
28490	0	0.0	-0.0	1.0	1.0
28493	19	0.02585098774976477	0.14818957287094514	0.6760010000000001	1.0
28498	0	0.0674764732475053	0.4777579038575462	0.35700099999999996	0.9474113012943431
28500	3194	0.042487906099430546	0.26576738908852277	0.5440010000000001	1.0
28506	3483	0.0	-0.0	1.0	1.0
28510	0	0.09537373381766975	0.7680668001804225	0.176001	0.8342142636363636
28511	0	0.056142128399706205	0.3761715990007881	0.522001	1.0
28513	0	0.15016991469362367	1.517326168906112	0.041001	0.7444775273631842
28522	4658	0.10386695684178518	0.8682657184761107	0.131001	0.8241244759479344
28552	0	0.06767382651756565	0.4796085025931058	0.317001	0.931520115136876
28564	0	0.14016146628960635	1.361881421831481	0.045001	0.7522380900763358
28567	0	0.08045109121195013	0.6055071198619092	0.35400099999999995	0.9451248351621554
28606	0	0.0669927005575027	0.47323348156210066	0.338001	0.9371417951380095
28614	0	0.0	-0.0	1.0	1.0
28635	3524	0.02425152455492353	0.13783127454948388	0.739001	1.0
28642	0	0.0	-0.0	1.0	1.0
28651	4136	0.07480082349985598	0.5483458965575961	0.29000099999999995	0.9168680668196155
28672	0	0.00913766638899138	0.04779855658780311	0.905001	1.0
28679	0	0.0856989570943735	0.6607409811009033	0.227001	0.8860727090909091
28691	0	0.0	-0.0	1.0	1.0
28692	0	0.0	-0.0	1.0	1.0
28702	3281	0.04902071912277069	0.31698652324943477	0.48500099999999996	1.0
28707	0	0.1027898693168417	0.855245334671396	0.133001	0.8241244759479344
28715	3682	0.13125827827817216	1.2307456350340422	0.062001	0.7875692535087719
28727	2904	0.002072778344566102	0.01041883977733218	0.971001	1.0
28730	994	0.04425116949175171	0.27930557630697267	0.519001	1.0
28735	4660	0.0	-0.0	1.0	1.0
28749	3107	0.053826989084254415	0.356542902220855	0.527001	1.0
28760	0	0.01875316064202531	0.10345133249075189	0.813001	1.0
28766	3172	0.0	-0.0	1.0	1.0
28770	0	0.0	-0.0	1.0	1.0
28771	1604	0.11065015194398595	0.9523790096857171	0.116001	0.820033522468544
28785	3883	0.011144887894034162	0.05895486069813048	0.882001	1.0
28792	0	0.10974380310764753	0.9409278030967436	0.106001	0.820033522468544
28796	0	0.07607748611069648	0.5610536605639325	0.28600099999999995	0.9150861919929864
28805	1668	0.08508136984285374	0.6541328132031535	0.275001	0.9085654643934822
28810	1621	0.17833267328972427	2.001649888657444	0.009000999999999999	0.5663905114942528
28813	2455	0.03414830490291409	0.20455916342944816	0.715001	1.0
28817	499	0.017942329694751468	0.09854069706513127	0.855001	1.0
28829	297	0.11667611186281912	1.030192773098699	0.083001	0.7909294595300261
28832	0	0.053826989084254415	0.356542902220855	0.527001	1.0
28840	0	0.05282894070079426	0.3481967425873613	0.403001	0.968919180720246
28841	3682	0.06686040745372704	0.4719991823489055	0.337001	0.9371417951380095
28853	2044	0.007383056421739899	0.03824226822197735	0.9160010000000001	1.0
28880	3177	0.023428707067150972	0.13256572056533725	0.698001	1.0
28885	0	0.20219996486830893	2.4683256934083806	0.004001	0.4294798921568628
28893	4661	0.04572400148017309	0.29077555091777896	0.630001	1.0
28899	2146	0.10712627673688747	0.9082252176424918	0.11700100000000001	0.820033522468544
28907	3763	0.009916447918787319	0.05209857464546608	0.885001	1.0
28915	0	0.1585158624320545	1.6535567533982096	0.016001	0.5816998406250001
28929	0	0.0	-0.0	1.0	1.0
28936	349	0.0032720290289095337	0.016559353623918097	0.962001	1.0
28942	4057	0.09809288388056446	0.7995320008171884	0.177001	0.8353379090517241
28958	0	0.035806311917072585	0.21636041697998612	0.607001	1.0
28967	1734	0.0	-0.0	1.0	1.0
28977	1278	0.022065273700007666	0.12393444927295375	0.776001	1.0
28978	0	0.0	-0.0	1.0	1.0
28989	2350	0.059614837372883894	0.406322541596131	0.503001	1.0
29007	4603	0.029485914309924366	0.1723368139527651	0.697001	1.0
29017	0	0.0	-0.0	1.0	1.0
29030	0	0.09092909378950569	0.7178683664960768	0.185001	0.8464588169661512
29034	2574	0.12074755097932932	1.0844322792009544	0.075001	0.7875692535087719
29042	0	0.009320891591785087	0.0488069853914844	0.889001	1.0
29062	0	0.16898065853840377	1.8330104993829701	0.011000999999999999	0.5816998406250001
29063	2015	0.0	-0.0	1.0	1.0
29071	441	0.0	-0.0	1.0	1.0
29077	0	0.044911800632624406	0.28443212380909916	0.49300099999999997	1.0
29078	2709	0.0	-0.0	1.0	1.0
29083	3972	0.13751046519720844	1.3221369317253344	0.053001	0.7655777691292875
29088	965	0.0830199548735018	0.6322848199844204	0.225001	0.8848907862787356
29101	1328	0.14179184234385586	1.3866201723038691	0.040001	0.7385682107925801
29113	0	0.08634824503678495	0.6677195700078626	0.216001	0.8749518864224936
29122	0	0.049313517303223024	0.3193505433974059	0.47500099999999995	1.0
29124	0	0.10636777798699229	0.8988507352441156	0.136001	0.8255721652406417
29134	0	0.0	-0.0	1.0	1.0
29162	0	0.0	-0.0	1.0	1.0
29170	1089	0.0	-0.0	1.0	1.0
29175	0	0.02951326583055283	0.1725217304222319	0.635001	1.0
29185	913	0.2481941377041696	3.5218042752159935	0.001001	0.2149009607843137
29191	2636	0.03780340209167389	0.23081612723886408	0.602001	1.0
29195	1913	0.0017209437597895455	0.0086330298196961	0.984001	1.0
29204	1328	0.03575919787000135	0.21602257234842645	0.623001	1.0
29222	1657	0.011081097998568459	0.058596609671713824	0.872001	1.0
29224	2636	0.0761329407637965	0.561608387953928	0.321001	0.9341783118706941
29241	1402	0.12095611959725944	1.0872472109699733	0.081001	0.7875692535087719
29261	1604	0.11104082608568405	0.9573352482839251	0.108001	0.820033522468544
29265	0	0.040273365421050374	0.24906143429395494	0.573001	1.0
29269	0	0.0	-0.0	1.0	1.0
29279	0	0.07929352155422423	0.5936025860636691	0.343001	0.9398895120676785
29283	1674	0.015367652394855557	0.0832158243609138	0.836001	1.0
29288	184	0.0	-0.0	1.0	1.0
29307	4494	0.0	-0.0	1.0	1.0
29308	0	0.0	-0.0	1.0	1.0
29316	0	0.0	-0.0	1.0	1.0
29318	0	0.07578232601815516	0.5581049353060712	0.263001	0.898348226095003
29319	4562	0.18165149114805867	2.0633978738076424	0.008001	0.5374414049079754
29322	0	0.03822384951783835	0.23389319724115434	0.595001	1.0
29346	0	0.12492508295588964	1.141493598449153	0.072001	0.7875692535087719
29351	4652	0.06108789779252956	0.4193703862207233	0.378001	0.9581348300623412
29356	1059	0.06842170924007604	0.486647146454285	0.315001	0.928883907621869
29360	0	0.0	-0.0	1.0	1.0
29372	1275	0.03638014794309867	0.2204870354652749	0.589001	1.0
29378	3682	0.019854581481035798	0.11018706213941858	0.7830010000000001	1.0
29391	0	0.04552038695099194	0.28918106631450574	0.525001	1.0
29396	2991	0.03717039332222471	0.22620556351750615	0.589001	1.0
29420	2158	0.06199152165069308	0.42745094054482635	0.36200099999999996	0.9484443524766689
29424	3682	0.06836726937654351	0.4861334170758654	0.312001	0.9281849214362851
29433	0	0.11054790231282355	0.951083851926846	0.082001	0.7875692535087719
29436	1856	0.07462900162575423	0.5466448118473741	0.28200099999999995	0.9113426649940967
29444	0	0.0	-0.0	1.0	1.0
29448	1202	0.02881383951583267	0.167808244903476	0.691001	1.0
29454	0	0.09318435744693504	0.7431490377099768	0.226001	0.8850089231044349
29475	1744	0.07989495419022966	0.5997752412588631	0.273001	0.905784226969697
29488	3175	0.02325086351462137	0.13143324048353244	0.744001	1.0
29494	3442	0.062452993231025294	0.43160011833434647	0.35600099999999996	0.9472308503037665
29520	2987	0.02161119748297246	0.12108581170848143	0.734001	1.0
29524	916	0.138171712740553	1.3319949053683884	0.037001	0.7273320448833034
29525	0	0.14088971877197393	1.3729037760800555	0.034001	0.7037371436672969
29531	529	0.0	-0.0	1.0	1.0
29532	4259	0.058715671642641465	0.39843387663983043	0.41400099999999995	0.975655821997417
29550	0	0.0	-0.0	1.0	1.0
29559	3346	0.027085414203008588	0.1562951287610245	0.712001	1.0
29560	0	0.18988231949218737	2.220887735335541	0.004001	0.4294798921568628
29572	572	0.02792749775658472	0.16188034292464587	0.6690010000000001	1.0
29584	935	0.08204302781801467	0.6220428812780205	0.239001	0.8917607127407907
29585	0	0.0	-0.0	1.0	1.0
29586	1040	0.0052090634597665554	0.026653145794154915	0.959001	1.0
29588	0	0.0	-0.0	1.0	1.0
29599	0	0.025814446963191563	0.14795111706008984	0.725001	1.0
29606	0	0.02185819099264416	0.12263371776594438	0.758001	1.0
29610	0	0.028640685804795736	0.1666462146276494	0.6730010000000001	1.0
29634	0	0.02868946461623808	0.16697337286186212	0.6580010000000001	1.0
29637	0	0.04432162710087258	0.2798509204452391	0.520001	1.0
29639	3215	0.11079906943904222	0.9542667901466543	0.135001	0.8255721652406417
29650	0	0.14370199863999578	1.4158918238323817	0.034001	0.7037371436672969
29652	0	0.004051493802040654	0.02059494137704484	0.972001	1.0
29654	3682	0.07334265913319257	0.533978929439366	0.29200099999999996	0.9168680668196155
29665	0	0.0	-0.0	1.0	1.0
29670	918	0.04157179745269963	0.2588164871081827	0.521001	1.0
29674	2806	0.27635295346191785	4.27309861952115	0.001001	0.2149009607843137
29676	0	0.06750007923135704	0.47797911032903134	0.312001	0.9281849214362851
29697	2008	0.017495469144977936	0.09585171566939822	0.814001	1.0
29708	0	0.09202678778920916	0.7301241777736998	0.236001	0.8917607127407907
29715	0	0.013496369278878213	0.07233171342010603	0.849001	1.0
29718	0	0.0	-0.0	1.0	1.0
29719	0	0.04217940716796554	0.2634203610632845	0.570001	1.0
29720	0	0.05469697144248911	0.36387489641773785	0.42400099999999996	0.9800267994511292
29731	1802	0.005004371392644029	0.02557620678738607	0.953001	1.0
29748	0	0.028895015082632567	0.16835367643155513	0.697001	1.0
29751	0	0.0	-0.0	1.0	1.0
29758	2949	0.09417756156886592	0.754406933042434	0.187001	0.8502798791528239
29759	0	0.0	-0.0	1.0	1.0
29767	1342	0.13316320848852942	1.258243863519677	0.054001	0.7718759125326371
29769	4666	0.007533046404093056	0.03905206522821861	0.9360010000000001	1.0
29776	0	0.0	-0.0	1.0	1.0
29787	0	0.015813813600755136	0.08584234964036282	0.844001	1.0
29789	0	0.0028222139065761515	0.014246461791239921	0.974001	1.0
29792	0	0.05463426059992649	0.3633446131012271	0.47200099999999995	1.0
29794	0	0.15145758079130156	1.5379500436850666	0.015000999999999999	0.5816998406250001
29797	0	0.08954621652508335	0.7025602116220031	0.200001	0.8576617104442713
29800	4279	0.11158406810580726	0.9642473616774301	0.112001	0.820033522468544
29820	4412	0.1345738347600448	1.278802329771755	0.051001	0.7632157493297588
29821	2569	0.06297173459644853	0.43628242844923304	0.339001	0.9392008980263158
29824	0	0.11914913851936795	1.0629773526623227	0.082001	0.7875692535087719
29829	0	0.1289247635422966	1.1974729673371844	0.062001	0.7875692535087719
29833	0	0.017942329694751475	0.09854069706513127	0.833001	1.0
29855	0	0.0	-0.0	1.0	1.0
29862	0	0.0	-0.0	1.0	1.0
29871	0	0.0022531844725266906	0.011337284084607468	0.970001	1.0
29873	988	0.08227375062347511	0.6244552545888074	0.257001	0.898348226095003
29874	0	0.0	-0.0	1.0	1.0
29876	0	0.005292185734646714	0.0270911710900906	0.9370010000000001	1.0
29877	4514	0.07929352155422423	0.5936025860636691	0.343001	0.9398895120676785
29883	3094	0.08782834468401768	0.6837476678037054	0.229001	0.8888096238922368
29896	0	0.018525014730030008	0.10206550499726208	0.7910010000000001	1.0
29898	147	0.0	-0.0	1.0	1.0
29903	0	0.0	-0.0	1.0	1.0
29906	0	0.0	-0.0	1.0	1.0
29907	3918	0.0045980603664787095	0.023445722656590527	0.9370010000000001	1.0
29910	1682	0.0	-0.0	1.0	1.0
29926	2621	0.057782140741351844	0.3903043460839303	0.42900099999999997	0.9806120979123172
29962	3788	0.03379426475424198	0.20206260472291912	0.6570010000000001	1.0
29965	0	0.0	-0.0	1.0	1.0
29966	3990	0.0	-0.0	1.0	1.0
29977	0	0.09889934989848037	0.8089749868459838	0.160001	0.8310208384376389
29980	0	0.0	-0.0	1.0	1.0
29982	0	0.1442048612072196	1.4236495306965857	0.042001000000000004	0.7473300777777777
29983	1068	0.018984099325093658	0.10485740456878857	0.7990010000000001	1.0
29986	3228	0.055722694605101444	0.3725875683231708	0.405001	0.9701669465298997
30002	2746	0.11054790231282355	0.951083851926846	0.082001	0.7875692535087719
30004	638	0.10707519333964587	0.907592428289571	0.112001	0.820033522468544
30018	0	0.0781327662593454	0.581765904406478	0.264001	0.898348226095003
30020	0	0.020719618151892442	0.11553004017186606	0.7820010000000001	1.0
30036	2579	0.1230761956506248	1.116062767066126	0.084001	0.794923897147796
30041	3190	0.05866414722860767	0.3979835740268728	0.42500099999999996	0.980475336915297
30047	0	0.0	-0.0	1.0	1.0
30050	4081	0.0638846101383256	0.44456918910087745	0.406001	0.9701669465298997
30062	0	0.07929352155422423	0.5936025860636691	0.343001	0.9398895120676785
30063	0	0.0	-0.0	1.0	1.0
30064	1484	0.07122996236420154	0.5134408120217504	0.30600099999999997	0.927731210178817
30068	0	0.04722469264433704	0.3026146309749497	0.500001	1.0
30070	1192	0.0	-0.0	1.0	1.0
30072	0	0.0240619920392253	0.13661458519771125	0.727001	1.0
30073	4667	0.0515118497688026	0.33728880609465056	0.585001	1.0
30080	0	0.09781463607783868	0.7962857534828948	0.183001	0.8425895496215307
30086	0	0.07708990766973975	0.5712171509515738	0.29100099999999995	0.9168680668196155
30121	38	0.02039373932384475	0.113511748493829	0.759001	1.0
30136	0	0.08625559816322861	0.6667218360079933	0.219001	0.8786522348845732
30141	0	0.10787540313086907	0.9175287821046735	0.136001	0.8255721652406417
30142	3654	0.04688157113789898	0.29989413654793073	0.633001	1.0
30144	3919	0.05062486673332793	0.3300108333534154	0.48100099999999996	1.0
30150	0	0.1215209390917431	1.09488812173009	0.081001	0.7875692535087719
30160	226	0.05942196932626158	0.40462561437601907	0.37100099999999997	0.9573627030403016
30161	1361	0.06890601961265082	0.491226905825789	0.327001	0.9352299346354166
30168	1990	0.05498455874198031	0.3663102667604302	0.5610010000000001	1.0
30170	0	0.09119298194816738	0.7208062309109337	0.181001	0.8415201481953289
30171	1040	0.0	-0.0	1.0	1.0
30193	2061	0.11865088991690485	1.056332129157837	0.016001	0.5816998406250001
30200	4668	0.0	-0.0	1.0	1.0
30211	0	0.0	-0.0	1.0	1.0
30226	0	0.017916881707210574	0.09838723341640383	0.8030010000000001	1.0
30247	0	0.02234119895446133	0.12567177541566388	0.770001	1.0
30252	2903	0.053826989084254415	0.356542902220855	0.527001	1.0
30258	0	0.02420081825116149	0.13750554677115998	0.732001	1.0
30267	0	0.0010434803929939389	0.005214392658402947	0.984001	1.0
30272	1890	0.026922659104295924	0.15522087068450602	0.707001	1.0
30275	0	0.11428193829291333	0.9989260192465103	0.099001	0.8158799918032787
30278	0	0.10704341425165226	0.9071988734328162	0.121001	0.820033522468544
30288	0	0.00177419771978303	0.00890287550913641	0.979001	1.0
30315	0	0.0	-0.0	1.0	1.0
30335	0	0.0	-0.0	1.0	1.0
30346	0	0.14401484436227074	1.4207155856634817	0.036001	0.719297352189781
30355	0	0.07499834473311145	0.5503041099657295	0.28600099999999995	0.9150861919929864
30356	3337	0.11980845957463075	1.071801923702911	0.008001	0.5374414049079754
30363	3068	0.0025377005900762625	0.012789551288638144	0.981001	1.0
30376	3870	0.04524428562026558	0.28702345758271025	0.514001	1.0
30384	0	0.09950899596208523	0.8161471324898082	0.157001	0.8310208384376389
30405	0	0.15966832557221577	1.6728460191321657	0.017001000000000002	0.5816998406250001
30410	1342	0.10723248464228421	0.9095415195440488	0.130001	0.8241244759479344
30412	2637	0.0	-0.0	1.0	1.0
30432	884	0.07466324292332063	0.5469836361258966	0.374001	0.9576559749766136
30434	0	0.0	-0.0	1.0	1.0
30444	0	0.0036312573518286484	0.018414849667257743	0.970001	1.0
30452	0	0.00247727910879089	0.012480750145123112	0.965001	1.0
30454	2932	0.07450388541129138	0.5454074995837419	0.277001	0.9099650071748879
30457	0	0.052334908368198756	0.3440911035616	0.464001	1.0
30462	0	0.06885105434370666	0.4907062812646087	0.314001	0.9281849214362851
30465	4057	0.07334609074770203	0.5340125562106041	0.30800099999999997	0.927731210178817
30474	0	0.0	-0.0	1.0	1.0
30477	4551	0.07949464608678197	0.5956637658002315	0.265001	0.898348226095003
30483	0	0.05312997581865779	0.35070682252063323	0.43100099999999997	0.981495413685524
30508	0	0.032997741651636006	0.19647583396809284	0.624001	1.0
30511	0	0.03356698521588844	0.20046424410961317	0.634001	1.0
30514	0	0.07102978750849583	0.5115118510943931	0.327001	0.9352299346354166
30518	172	0.0	-0.0	1.0	1.0
30550	0	0.1275795302386361	1.178497392349931	0.07000100000000001	0.7875692535087719
30570	349	0.0	-0.0	1.0	1.0
30573	4670	0.0	-0.0	1.0	1.0
30582	0	0.013004543655801705	0.06950630543187356	0.868001	1.0
30583	0	0.07822329022822729	0.5826853973972054	0.237001	0.8917607127407907
30600	914	0.03618786492663704	0.2191018499738658	0.584001	1.0
30606	4364	0.005462836384744303	0.02799170301881998	0.941001	1.0
30610	0	0.08444227796445504	0.6473249882205313	0.248001	0.8949779001318391
30611	0	0.039761231628379676	0.24524488888307194	0.585001	1.0
30613	1981	0.06157240430938042	0.42369577748544374	0.388001	0.9613539146865807
30614	1329	0.0	-0.0	1.0	1.0
30615	0	0.0	-0.0	1.0	1.0
30639	0	0.1721572703805929	1.889410283693895	0.011000999999999999	0.5816998406250001
30640	754	0.03739866617067495	0.2278651389221415	0.620001	1.0
30648	3431	0.01111996108764787	0.05881484001873569	0.881001	1.0
30652	0	0.030735297452165904	0.1808328984001139	0.650001	1.0
30653	0	0.0010841951307701617	0.005419107427671731	0.988001	1.0
30656	3491	0.030743334855261387	0.18088788157559066	0.6670010000000001	1.0
30659	1780	0.0	-0.0	1.0	1.0
30660	0	0.0	-0.0	1.0	1.0
30661	0	0.0	-0.0	1.0	1.0
30678	0	0.004051493802040655	0.02059494137704484	0.966001	1.0
30680	0	0.0	-0.0	1.0	1.0
30681	0	0.10012977539329045	0.8234801531828091	0.165001	0.8310208384376389
30686	735	0.09601051446437331	0.775383872007601	0.156001	0.8310208384376389
30689	0	0.01785592839494262	0.09801981790332227	0.7900010000000001	1.0
30692	0	0.002718503685552428	0.013714851848807802	0.964001	1.0
30693	0	0.0	-0.0	1.0	1.0
30695	0	0.017314402765168373	0.09476565049849478	0.8000010000000001	1.0
30702	0	0.29425719922234794	4.7953161969355165	1e-06	0.00043795999999999993
30710	0	0.07003296429241702	0.5019497605778103	0.40900099999999995	0.971610316554567
30716	0	0.12609394989520356	1.157716239100505	0.071001	0.7875692535087719
30720	2491	0.038431106747988164	0.23541434917525364	0.576001	1.0
30723	0	0.11865088991690485	1.056332129157837	0.016001	0.5816998406250001
30737	0	0.08581604059663193	0.6619970354744278	0.238001	0.8917607127407907
30742	0	0.004051493802040654	0.02059494137704484	0.972001	1.0
30743	0	0.0	-0.0	1.0	1.0
30744	0	0.0	-0.0	1.0	1.0
30756	0	0.08802655921366176	0.6859068233329852	0.200001	0.8576617104442713
30760	2495	0.021846552058791407	0.12256069087540129	0.736001	1.0
30782	0	0.0	-0.0	1.0	1.0
30802	0	0.10311884911427247	0.8592125005087021	0.142001	0.8265650978203083
30808	1313	0.0	-0.0	1.0	1.0
30841	4432	0.09643788705573603	0.780312357824374	0.154001	0.8310208384376389
30850	0	0.19650127332976108	2.352083498309823	1e-06	0.00043795999999999993
30863	3094	0.0	-0.0	1.0	1.0
30883	0	0.1319752108168002	1.2410591939958833	0.055001	0.7780438617571059
30890	0	0.030576227596559716	0.17974557666918792	0.6800010000000001	1.0
30898	4325	0.0	-0.0	1.0	1.0
30901	0	0.0	-0.0	1.0	1.0
30904	4230	0.056898343195039267	0.38266468587514285	0.43000099999999997	0.981495413685524
30914	0	0.021912283187580973	0.12297322321772108	0.758001	1.0
30920	0	0.0050150876142200035	0.02563252711865486	0.945001	1.0
30921	0	0.0557742823554051	0.37302771472185003	0.48200099999999996	1.0
30923	1276	0.21287549356897278	2.6943832403174626	0.004001	0.4294798921568628
30940	1052	0.0	-0.0	1.0	1.0
30947	0	0.02585854569313182	0.14823890467930234	0.704001	1.0
30951	1797	0.10946376278184061	0.9374029415121435	0.108001	0.820033522468544
30966	100	0.0836821826707878	0.6392684418725616	0.208001	0.8659326802281369
30972	0	0.004051493802040654	0.02059494137704484	0.972001	1.0
30983	0	0.002072778344566102	0.01041883977733218	0.971001	1.0
30989	0	0.0	-0.0	1.0	1.0
30990	4672	0.13786373817377842	1.327398983375412	0.038001	0.7338147248677249
30991	4136	0.07322521109706462	0.5328285661470812	0.28500099999999995	0.9150861919929864
31003	4673	0.04492299301563716	0.284519233081313	0.49500099999999997	1.0
31022	0	0.0	-0.0	1.0	1.0
31025	1040	0.0	-0.0	1.0	1.0
31033	0	0.11069673060689214	0.9529692818363753	0.11700100000000001	0.820033522468544
31041	0	0.08045109121195013	0.6055071198619092	0.35400099999999995	0.9451248351621554
31047	1442	0.1327144782043324	1.2517390050249837	0.065001	0.7875692535087719
31055	874	0.04336128193241946	0.27244679446785314	0.516001	1.0
31061	742	0.002519032766097582	0.01269412165029952	0.975001	1.0
31067	0	0.07141698186218443	0.5152456567081505	0.30600099999999997	0.927731210178817
31076	0	0.0028457431203426434	0.01436715681697675	0.956001	1.0
31081	3856	0.00098795977170909	0.004935386098277047	0.990001	1.0
31083	0	0.02734425659113721	0.15800709648084613	0.6850010000000001	1.0
31096	0	0.057911366242235196	0.39142601182831005	0.403001	0.968919180720246
31101	4674	0.05905783766195668	0.40142904503222515	0.399001	0.9669459825143869
31138	3682	0.04149261747060783	0.2582183689733073	0.521001	1.0
31147	2535	0.15591474008751585	1.6104481513165536	0.004001	0.4294798921568628
31159	918	0.09085666816913798	0.717062988537806	0.196001	0.8563507378292099
31184	1860	0.10085506433739885	0.8320859698131614	0.143001	0.8279841084082495
31195	0	0.0890139763087662	0.696707484809045	0.201001	0.8576617104442713
31204	0	0.04119462696354023	0.2559711560853808	0.594001	1.0
31211	94	0.0	-0.0	1.0	1.0
31218	0	0.09657398515847522	0.7818848303490422	0.177001	0.8353379090517241
31229	0	0.04616019267509723	0.29420083707987393	0.500001	1.0
31230	2221	0.0	-0.0	1.0	1.0
31238	370	0.02951802627201048	0.1725539194524477	0.770001	1.0
31268	2277	0.14018613958671983	1.362254124475677	0.043001	0.7473300777777777
31272	0	0.08833570262301926	0.6892803158758795	0.189001	0.8533492573195877
31278	0	0.056132724709087485	0.37609110956662994	0.41000099999999995	0.9727195989165763
31296	0	0.04386637773265776	0.2763332185997331	0.528001	1.0
31315	0	0.05713324121373342	0.38468979486994315	0.403001	0.968919180720246
31318	1109	0.013276113010678863	0.07106459124845974	0.850001	1.0
31344	1905	0.004051493802040654	0.02059494137704484	0.972001	1.0
31354	0	0.029210544221345093	0.17047779733110036	0.6810010000000001	1.0
31364	2160	0.04176431116110217	0.2602724774571262	0.5460010000000001	1.0
31365	4640	0.0697352129557777	0.499107653473364	0.28600099999999995	0.9150861919929864
31378	0	0.15944010666636094	1.6690169675007906	0.024001	0.6286769114832536
31385	3721	0.02439311651701698	0.13874169602018932	0.722001	1.0
31396	3556	0.016784760037025566	0.09160034077299917	0.856001	1.0
31426	0	0.09849151611165338	0.8041932732963766	0.154001	0.8310208384376389
31429	3660	0.11276105602621043	0.9793044372257121	0.111001	0.820033522468544
31434	1671	0.07121795617246848	0.5133250330182242	0.30700099999999997	0.927731210178817
31435	0	0.059699147530611084	0.4070651649700984	0.41200099999999995	0.9736669434491689
31452	2709	0.04222829950034941	0.26379190084363796	0.5580010000000001	1.0
31457	0	0.0626182484323424	0.4330896666520131	0.388001	0.9613539146865807
31461	1871	0.0358732105339878	0.21684038415848433	0.636001	1.0
31470	4630	0.03741242665844946	0.22796529005524557	0.615001	1.0
31486	0	0.0	-0.0	1.0	1.0
31487	1153	0.10932613715152821	0.9356729479506354	0.132001	0.8241244759479344
31509	2856	0.1176099599714494	1.0425142640287604	0.099001	0.8158799918032787
31518	1873	0.004051493802040654	0.02059494137704484	0.972001	1.0
31536	135	0.1033950161531	0.8625493888207978	0.137001	0.8255721652406417
31538	0	0.03843086737823581	0.2354125906859555	0.567001	1.0
31561	3426	0.0	-0.0	1.0	1.0
31566	2942	0.10170515559732755	0.8422251849017428	0.152001	0.8310208384376389
31580	0	0.056784051928005085	0.3816807622479138	0.42000099999999996	0.9795027515937101
31588	2459	0.0	-0.0	1.0	1.0
31594	0	0.07234414297017723	0.5242311900449208	0.29100099999999995	0.9168680668196155
31605	1397	0.012772885561238642	0.06818055394542233	0.854001	1.0
31615	4589	0.0	-0.0	1.0	1.0
31622	1442	0.12911360506094194	1.2001487436799778	0.057001	0.7811063191489362
31624	1060	0.021151967974808512	0.1182179734446018	0.765001	1.0
31631	3145	0.0018190431597775378	0.009130240071840977	0.975001	1.0
31632	0	0.029242877641046994	0.170695826093928	0.6590010000000001	1.0
31641	1930	0.15926524561353916	1.666086246595428	0.018001	0.5900986497005988
31654	0	0.0	-0.0	1.0	1.0
31660	0	0.2605766495359962	3.841862702338623	1e-06	0.00043795999999999993
31683	3673	0.046487904234314995	0.296782809355954	0.508001	1.0
31687	0	0.049313354981003144	0.3193492311885546	0.48300099999999996	1.0
31688	2222	0.028086312655206752	0.16293879482212456	0.699001	1.0
31690	0	0.0	-0.0	1.0	1.0
31691	182	0.05538938325708263	0.3697482644970721	0.42300099999999996	0.9799911022005923
31700	2912	0.05114158632902719	0.3342440472213213	0.451001	0.9969735410862104
31703	0	0.051675113856367874	0.3386343856079143	0.452001	0.9971708541204917
31705	0	0.12128805853183683	1.0917345376815975	0.097001	0.8157173187403994
31716	0	0.10102745010441738	0.8341374614916759	0.147001	0.8310208384376389
31726	0	0.0	-0.0	1.0	1.0
31751	4288	0.1025395303981257	0.8522322152315152	0.14000100000000001	0.8255721652406417
31759	3966	0.0364634442183659	0.22108785141199305	0.694001	1.0
31770	0	0.08270124231222631	0.6289355857923534	0.248001	0.8949779001318391
31782	3135	0.02761997727672786	0.15983541348861055	0.697001	1.0
31783	0	0.08919782676429874	0.6987267269562266	0.241001	0.8917607127407907
31794	0	0.015216976385381751	0.08233154793743044	0.826001	1.0
31795	0	0.027421387337308086	0.15851806369116062	0.708001	1.0
31798	0	0.0	-0.0	1.0	1.0
31803	0	0.0	-0.0	1.0	1.0
31804	0	0.0	-0.0	1.0	1.0
31807	0	0.004051493802040654	0.02059494137704484	0.972001	1.0
31811	0	0.0491394650115158	0.31794455221039186	0.47700099999999995	1.0
31812	0	0.05278494122014028	0.3478303968294541	0.464001	1.0
31815	0	0.003143491912995306	0.015897241017110507	0.967001	1.0
31819	4081	0.0	-0.0	1.0	1.0
31826	1223	0.0	-0.0	1.0	1.0
31827	2882	0.029970195834318702	0.17561805774847483	0.6590010000000001	1.0
31834	754	0.0	-0.0	1.0	1.0
31845	0	0.01612376176442855	0.08767415807838465	0.818001	1.0
31847	1120	0.06964419983877751	0.4982402036707806	0.328001	0.9352299346354166
31863	0	0.0	-0.0	1.0	1.0
31900	0	0.006137971804583795	0.031571100303208324	0.9320010000000001	1.0
31921	0	0.0012447718996830143	0.00622741505664759	0.988001	1.0
31950	0	0.0	-0.0	1.0	1.0
31954	1397	0.06761881602258997	0.4790923801311475	0.315001	0.928883907621869
31957	0	0.006912749880960962	0.035711664543087725	0.9260010000000001	1.0
31972	4681	0.0	-0.0	1.0	1.0
31981	0	0.11350650494565223	0.9888985173815625	0.110001	0.820033522468544
31982	0	0.11865088991690485	1.056332129157837	0.016001	0.5816998406250001
32002	0	0.0	-0.0	1.0	1.0
32005	0	0.097898394190961	0.7972623029186978	0.167001	0.8310208384376389
32014	1110	0.028397981376091765	0.16502067685615646	0.697001	1.0
32042	0	0.0005863312232422015	0.0029223297524324037	0.994001	1.0
32056	0	0.20445048027799317	2.5150767890671246	0.002001	0.34776109523809523
32057	0	0.010228134346166942	0.05382965802583546	0.886001	1.0
32063	735	0.09061438180431317	0.7143716754319476	0.190001	0.8536401103816167
32098	0	0.15885354157665366	1.6591965652429068	0.019001	0.5978216925287356
32102	1987	0.06829816246928919	0.48548159068404606	0.327001	0.9352299346354166
32106	349	0.025863935455149832	0.14827408666988642	0.703001	1.0
32107	0	0.06070642483915752	0.41597660466249	0.392001	0.9629838341934036
32114	0	0.08594070197567362	0.6633355284344953	0.207001	0.8659326802281369
32126	0	0.023492322606156846	0.13297129862816565	0.728001	1.0
32132	1604	0.04405053991012272	0.2777545424067725	0.521001	1.0
32141	0	0.018325647641876316	0.10085712365045058	0.7870010000000001	1.0
32143	0	0.026263957103454007	0.15089041550425633	0.693001	1.0
32169	1680	0.054873118380938515	0.36536587033448886	0.43300099999999997	0.9833909871395975
32176	5	0.10800155439492365	0.9190998785609388	0.125001	0.820033522468544
32177	0	0.019254386848377117	0.10650724839627491	0.7880010000000001	1.0
32184	1708	0.03415241328476678	0.20458818245337113	0.624001	1.0
32194	2212	0.01615832679905907	0.08787880338060101	0.8050010000000001	1.0
32199	1311	0.05324153324130601	0.3516386113678483	0.43300099999999997	0.9833909871395975
32202	171	0.05533247461625769	0.3692642695319035	0.47800099999999995	1.0
32213	0	0.0	-0.0	1.0	1.0
32217	0	0.0	-0.0	1.0	1.0
32221	1202	0.023910928716360615	0.13564647208304934	0.740001	1.0
32227	370	0.003826370597973185	0.019425781411086303	0.955001	1.0
32234	0	0.03580594673946018	0.21635779780711273	0.610001	1.0
32249	4235	0.0	-0.0	1.0	1.0
32251	1682	0.12579748239728716	1.153590913041476	0.078001	0.7875692535087719
32256	0	0.0	-0.0	1.0	1.0
32260	0	0.004051493802040654	0.02059494137704484	0.972001	1.0
32261	3682	0.1028964152201564	0.8565292368405539	0.144001	0.8280813807773109
32264	4079	0.0439590377112673	0.2770480607908915	0.503001	1.0
32266	0	0.037643285489200054	0.22964739342477605	0.600001	1.0
32271	0	0.04529008498669826	0.2873810000018148	0.527001	1.0
32282	3145	0.061929976688335726	0.42689872982825594	0.49300099999999997	1.0
32283	1225	0.01787140867868712	0.09811310854395926	0.777001	1.0
32300	0	0.03368592267086697	0.20130025874750618	0.630001	1.0
32319	1179	0.018217952772218847	0.10020539716640307	0.7900010000000001	1.0
32321	1068	0.06566154281094687	0.4608715063163287	0.35000099999999995	0.942257425374969
32328	2246	0.002522540273533491	0.012712050446404118	0.975001	1.0
32331	1554	0.07975016985774631	0.5982868089625424	0.281001	0.9113388474526066
32336	0	0.11290708019429752	0.9811802747656067	0.114001	0.820033522468544
32337	0	0.11889172563358717	1.0595416701894762	0.084001	0.794923897147796
32339	0	0.0403667109311808	0.24975896017729135	0.5470010000000001	1.0
32347	4683	0.08203028513902319	0.621909764160389	0.279001	0.910244919249106
32359	3831	0.05666429725125749	0.3806507924686557	0.41900099999999996	0.9788013545978237
32388	0	0.03486203733719711	0.20961714993616512	0.612001	1.0
32397	0	0.04583514754781272	0.29164711710362146	0.514001	1.0
32409	0	0.01697924776451243	0.0927606574589422	0.8060010000000001	1.0
32417	0	0.018327796051820326	0.1008701322602096	0.8090010000000001	1.0
32418	0	0.06851262407890249	0.48750555785591193	0.331001	0.9356702571428571
32422	0	0.011120143005862282	0.05881586176821946	0.879001	1.0
32423	94	0.0017343741382439496	0.008701068206222498	0.973001	1.0
32426	3282	0.12011281762263229	1.0758875148027196	0.091001	0.8087418417207791
32437	3346	0.07665692413872735	0.5668611996693493	0.252001	0.896185036881268
32444	1902	0.0	-0.0	1.0	1.0
32450	0	0.0	-0.0	1.0	1.0
32452	297	0.1640695210022734	1.7475860910383525	0.018001	0.5900986497005988
32459	3416	0.009311341361028774	0.04875437389218321	0.886001	1.0
32461	0	0.06412523403370082	0.44676345930575656	0.338001	0.9371417951380095
32496	0	0.0	-0.0	1.0	1.0
32500	1611	0.1282441024070612	1.187852950786791	0.067001	0.7875692535087719
32506	1442	0.005902746281549638	0.030320969505172837	0.9260010000000001	1.0
32509	0	0.0635504846031162	0.44152917220198956	0.34400099999999995	0.9398895120676785
32511	964	0.028360456614284577	0.16476968888118307	0.780001	1.0
32514	988	0.0	-0.0	1.0	1.0
32521	0	0.08649912254031246	0.6693457989693427	0.208001	0.8659326802281369
32523	1186	0.013342870765752971	0.0714483350045675	0.840001	1.0
32534	182	0.05890289729032689	0.40007173770178733	0.387001	0.9613539146865807
32540	0	0.0	-0.0	1.0	1.0
32549	0	0.021415038667929175	0.11985920739993954	0.817001	1.0
32552	4548	0.060057657831134065	0.41022864985765417	0.36900099999999997	0.955353972333885
32568	0	0.029772287209358154	0.1742753000556308	0.690001	1.0
32571	1034	0.1451398993274648	1.438131885440732	0.034001	0.7037371436672969
32583	3145	0.02733229767835843	0.15792790650318378	0.6800010000000001	1.0
32584	0	0.0659100000368683	0.46316910765367514	0.36000099999999996	0.9474113012943431
32593	0	0.03428155835296404	0.20550094659711005	0.643001	1.0
32596	0	0.0	-0.0	1.0	1.0
32612	2055	0.0954491893173335	0.7689321947035288	0.176001	0.8342142636363636
32638	3135	0.11999861313362459	1.074353589330088	0.091001	0.8087418417207791
32641	3520	0.003111666726195608	0.015733452324657397	0.972001	1.0
32642	0	0.0668630334186648	0.4720236703526459	0.333001	0.935934153865782
32645	297	0.0	-0.0	1.0	1.0
32658	4083	0.05894493015380008	0.40043978532616165	0.376001	0.9581348300623412
32664	0	0.04119462696354023	0.2559711560853808	0.594001	1.0
32670	0	0.1413457928655777	1.3798295412335333	0.051001	0.7632157493297588
32690	0	0.15113376326190975	1.5327501348727988	0.026001	0.6426296817155757
32697	1657	0.0013188178165451855	0.006600642231230234	0.982001	1.0
32711	4074	0.0908309375143616	0.7167769588648186	0.220001	0.8810500910753475
32715	1905	0.0845512761487495	0.6484838859988817	0.241001	0.8917607127407907
32729	0	0.0	-0.0	1.0	1.0
32735	2918	0.059614837372883894	0.406322541596131	0.503001	1.0
32741	0	0.012869336269824967	0.06873213619886982	0.850001	1.0
32743	3340	0.0658278288402125	0.4624087380578622	0.35200099999999995	0.9446222914215685
32746	425	0.06562623095635622	0.46054532292223427	0.34600099999999995	0.9406570807130477
32747	0	0.09681842234519586	0.7847126668497335	0.149001	0.8310208384376389
32749	0	0.013278763072560582	0.07107981946851065	0.850001	1.0
32754	0	0.08991181962845658	0.7065930985688893	0.226001	0.8850089231044349
32756	2639	0.03231486662651309	0.19171919705440865	0.626001	1.0
32772	4685	0.08803798055123652	0.6860313275914053	0.222001	0.8836908972131741
32776	0	0.11865088991690485	1.056332129157837	0.016001	0.5816998406250001
32777	0	0.0018717813215041353	0.009397767949309781	0.978001	1.0
32779	0	0.09980103801614101	0.8195931490020232	0.147001	0.8310208384376389
32782	3682	0.10328287273367365	0.861193649604953	0.137001	0.8255721652406417
32787	0	0.10707519333964587	0.907592428289571	0.112001	0.820033522468544
32803	0	0.0020965243197436185	0.010539623290239003	0.981001	1.0
32821	0	0.058728871610953456	0.39854926932004964	0.42100099999999996	0.9795027515937101
32822	0	0.16244378561956277	1.719779252325717	0.013000999999999999	0.5816998406250001
32832	171	0.041379835146872296	0.25736715006590355	0.5480010000000001	1.0
32842	917	0.0	-0.0	1.0	1.0
32848	0	0.0	-0.0	1.0	1.0
32852	0	0.07007144697885112	0.5023175595847981	0.321001	0.9341783118706941
32854	0	0.002300331247699669	0.011577615604013339	0.980001	1.0
32869	0	0.09585618297623023	0.7736076004158314	0.165001	0.8310208384376389
32885	0	0.11286304162827533	0.9806143712942121	0.072001	0.7875692535087719
32886	2946	0.004883553402361677	0.024941696576132724	0.953001	1.0
32890	0	0.056142128399706205	0.3761715990007881	0.522001	1.0
32891	3274	0.11138285430825855	0.9616843929637265	0.111001	0.820033522468544
32892	746	0.07083893082420406	0.5096754173293477	0.30100099999999996	0.9247081787317619
32893	0	0.14457499004081079	1.4293733408695015	0.038001	0.7338147248677249
32896	0	0.007267764119111229	0.03762070476472775	0.9220010000000001	1.0
32897	0	0.021244814726761468	0.1187967276650732	0.753001	1.0
32905	0	0.05438574374665605	0.3612458616242562	0.47400099999999995	1.0
32915	0	0.02951802627201048	0.1725539194524477	0.770001	1.0
32941	0	0.14514223276363875	1.438168120430823	0.050001000000000004	0.7603624291666667
32947	392	0.09063711551529487	0.7146240094998364	0.188001	0.8519962537251655
32948	0	0.028819068371536777	0.1678433656347763	0.710001	1.0
32962	0	0.10391160236269055	0.868807393239341	0.142001	0.8265650978203083
32997	0	0.19353778591717988	2.2928388306282486	0.003001	0.4159234050632912
33004	2738	0.08519093416118588	0.6553030376273757	0.207001	0.8659326802281369
33005	0	0.03970818782613462	0.24485059667353362	0.563001	1.0
33014	0	0.013439633636386254	0.07200503575778157	0.853001	1.0
33023	734	0.11463650765710266	1.0035272894019225	0.099001	0.8158799918032787
33027	0	0.0544077673183637	0.36143167840457485	0.43600099999999997	0.9855026732039636
33070	0	0.11865088991690485	1.056332129157837	0.016001	0.5816998406250001
33072	3387	0.10772179375142538	0.9156174321294231	0.112001	0.820033522468544
33080	0	0.0	-0.0	1.0	1.0
33097	0	0.0	-0.0	1.0	1.0
33098	1618	0.02443354585963497	0.13900188530673593	0.744001	1.0
33102	0	0.002118947039740876	0.010653705805318285	0.981001	1.0
33109	2709	0.13438104830524455	1.2759828189568487	0.052001	0.7632157493297588
33114	887	0.07480416815772167	0.5483790312702076	0.28400099999999995	0.9150861919929864
33115	0	0.10955282946617524	0.9385233420609639	0.130001	0.8241244759479344
33120	0	0.05792415037179214	0.3915370411114498	0.441001	0.9884380653019446
33130	370	0.05935566921045688	0.40404289070449434	0.400001	0.9670836892070485
33151	1343	0.059614837372883894	0.406322541596131	0.503001	1.0
33159	988	0.0	-0.0	1.0	1.0
33165	0	0.0	-0.0	1.0	1.0
33166	0	0.020244836357408758	0.11259173837252365	0.779001	1.0
33170	0	0.042019071762484976	0.2622030802515049	0.5430010000000001	1.0
33171	0	0.0	-0.0	1.0	1.0
33173	0	0.09820807402382997	0.8008776636316431	0.172001	0.8318787654808959
33186	0	0.016956747454300883	0.09262630144964604	0.815001	1.0
33189	0	0.07576527674525117	0.5579348060491743	0.29400099999999996	0.9178647198067631
33196	0	0.11056238672164181	0.9512672695883483	0.122001	0.820033522468544
33202	0	0.14028418670313075	1.3637356859498102	0.050001000000000004	0.7603624291666667
33220	0	0.06914989380884651	0.49353950891981013	0.30800099999999997	0.927731210178817
33224	0	0.0	-0.0	1.0	1.0
33225	0	0.10264120689633924	0.8534554142984091	0.121001	0.820033522468544
33228	0	0.00466333818736564	0.023787358304624702	0.950001	1.0
33245	742	0.033269700642583395	0.19837867285030814	0.6570010000000001	1.0
33248	0	0.0633473869085602	0.4396852217895789	0.35900099999999996	0.9474113012943431
33249	0	0.0	-0.0	1.0	1.0
33274	1877	0.07914616259783422	0.5920943308796627	0.266001	0.898348226095003
33285	3323	0.0	-0.0	1.0	1.0
33290	0	0.032895346067338745	0.19576064665602083	0.624001	1.0
33292	425	0.16160627847680673	1.7055454748808385	0.011000999999999999	0.5816998406250001
33296	0	0.0734239063758515	0.5347753131448526	0.271001	0.9054592459566676
33306	3125	0.0	-0.0	1.0	1.0
33322	4666	0.06987182597832592	0.5004108531928761	0.330001	0.9356702571428571
33338	0	0.15086572466435166	1.5284527931899474	0.032001	0.6951963273809524
33357	0	0.10179355947255819	0.8432828571417702	0.163001	0.8310208384376389
33362	0	0.018229705504301245	0.10027648520490826	0.776001	1.0
33377	1956	0.16712325349031126	1.8004505638730572	0.018001	0.5900986497005988
33401	3043	0.0457240014801731	0.29077555091777896	0.611001	1.0
33406	0	0.0	-0.0	1.0	1.0
33415	2789	0.19221816804978317	2.266721339586406	0.005001	0.45252850413223145
33418	0	0.04706874192828531	0.30137715109284335	0.516001	1.0
33446	0	0.06818395382487692	0.4844051196157648	0.342001	0.9398895120676785
33456	985	0.033461487169911396	0.1997234706403809	0.648001	1.0
33470	0	0.044434518056275955	0.28072540264225765	0.5380010000000001	1.0
33480	4317	0.08416559110417147	0.6443872181015294	0.216001	0.8749518864224936
33487	742	0.07736763560623527	0.5740185214834144	0.31000099999999997	0.9281849214362851
33492	0	0.06616819488673036	0.4655614856085364	0.319001	0.9331397138658829
33506	2816	0.027202886956558675	0.1570715551301203	0.756001	1.0
33507	0	0.0	-0.0	1.0	1.0
33511	0	0.028360456614284577	0.16476968888118307	0.780001	1.0
33514	0	0.0	-0.0	1.0	1.0
33519	0	0.10939033265509766	0.9364797154539399	0.08500100000000001	0.7979872449152542
33527	3572	0.07122577007128979	0.5134003833895732	0.29000099999999995	0.9168680668196155
33531	0	0.0	-0.0	1.0	1.0
33547	0	0.0	-0.0	1.0	1.0
33548	3309	0.0	-0.0	1.0	1.0
33549	0	0.0	-0.0	1.0	1.0
33553	0	0.07907652491032971	0.5913821368337047	0.251001	0.896185036881268
33555	572	0.0877244273991519	0.6826168920923964	0.200001	0.8576617104442713
33581	297	0.0	-0.0	1.0	1.0
33583	0	0.05882557856385427	0.3993950476551712	0.40900099999999995	0.971610316554567
33592	3349	0.0	-0.0	1.0	1.0
33596	0	0.0806574857296426	0.6076402434955467	0.254001	0.8968258461786519
33603	4688	0.10010760756893697	0.8232177736326758	0.157001	0.8310208384376389
33615	0	0.037751438613052496	0.23043664527085722	0.5620010000000001	1.0
33622	1343	0.10384265045933895	0.8679708804313135	0.120001	0.820033522468544
33627	0	0.05978396215187391	0.40781274153485586	0.394001	0.965298041843813
33675	429	0.03244971915957004	0.19265611528918578	0.6570010000000001	1.0
33677	1530	0.0	-0.0	1.0	1.0
33684	0	0.0999095891099729	0.8208757251641716	0.164001	0.8310208384376389
33725	0	0.06237741335430185	0.43091952156793656	0.380001	0.9585431868106616
33734	4141	0.0	-0.0	1.0	1.0
33740	3135	0.06794445066756283	0.482150767872825	0.323001	0.9348501054718477
33759	0	0.14793256813956912	1.4818320491289156	0.030001	0.6731166987704919
33771	0	0.09607650168290902	0.7761439137771422	0.152001	0.8310208384376389
33772	994	0.058824470723784245	0.39938535496858746	0.37100099999999997	0.9573627030403016
33776	1120	0.08896803748109594	0.6962033393159034	0.207001	0.8659326802281369
33777	0	0.0	-0.0	1.0	1.0
33783	742	0.10464440212723966	0.8777208178449281	0.128001	0.823432990011751
33819	1223	0.12261032774648346	1.1096992191376664	0.089001	0.8053487181818181
33828	0	0.21657382812101245	2.7752501128190445	0.001001	0.2149009607843137
33835	0	0.0	-0.0	1.0	1.0
33844	0	0.11054790231282355	0.951083851926846	0.082001	0.7875692535087719
33858	0	0.03440717761293977	0.20638984163232593	0.633001	1.0
33861	4614	0.044095389358175044	0.2781010290163898	0.5450010000000001	1.0
33902	0	0.04576393859513973	0.29108862596488533	0.49300099999999997	1.0
33916	0	0.049394449313959574	0.32000502208258846	0.48600099999999996	1.0
33927	0	0.003410649148782792	0.017274474444518975	0.957001	1.0
33929	0	0.11589597703779672	1.0199536429846223	0.090001	0.8087418417207791
33931	1475	0.0858083564033221	0.6619145686776177	0.207001	0.8659326802281369
33940	3634	0.15675496373428724	1.6243085740020995	0.004001	0.4294798921568628
33949	0	0.036463444218365886	0.22108785141199291	0.708001	1.0
33955	0	0.03530587456063998	0.2127793699009075	0.699001	1.0
33957	4691	0.052823240826447126	0.34814927703979603	0.445001	0.991113903376729
33959	4692	0.09899682379751816	0.810119760358333	0.155001	0.8310208384376389
33960	4693	0.03067559592973638	0.1804246165334729	0.758001	1.0
33966	0	0.0	-0.0	1.0	1.0
33972	0	0.037914793063534485	0.23163020439744983	0.577001	1.0
33995	0	0.022976994076440382	0.1296931795475894	0.732001	1.0
34004	3370	0.04565942727479291	0.29026957087281113	0.523001	1.0
34008	1758	0.004051493802040654	0.02059494137704484	0.972001	1.0
34010	0	0.028360456614284577	0.16476968888118307	0.780001	1.0
34015	0	0.0	-0.0	1.0	1.0
34037	0	0.08982360126524891	0.7056190437941603	0.206001	0.8659326802281369
34045	52	0.04983424148825595	0.3235694212391312	0.467001	1.0
34065	913	0.12528363065816686	1.1464578806462473	0.060001	0.7875692535087719
34070	0	0.07073828436466915	0.508708065652101	0.31000099999999997	0.9281849214362851
34099	370	0.020177948949878538	0.11217891799541682	0.779001	1.0
34116	1802	0.04587803474673704	0.29198364788534026	0.512001	1.0
34125	994	0.035612459632972465	0.21497128256233977	0.607001	1.0
34130	0	0.0	-0.0	1.0	1.0
34151	4079	0.12522737876798035	1.1456783426439308	0.068001	0.7875692535087719
34189	887	0.11406823612086456	0.9961576928133175	0.124001	0.820033522468544
34209	1729	0.1363080178583109	1.3043051829669565	0.046001	0.7528624050822122
34214	0	0.060772407030609814	0.416562874355539	0.48900099999999996	1.0
34233	0	0.0	-0.0	1.0	1.0
34277	1450	0.0	-0.0	1.0	1.0
34278	38	0.0933734457761918	0.7452864647090043	0.179001	0.8404296522298456
34292	0	0.06887539463469111	0.49093680248396454	0.47400099999999995	1.0
34311	0	0.010996911748396062	0.05812418347423776	0.9160010000000001	1.0
34313	2052	0.030342124401607926	0.17814834564991605	0.6770010000000001	1.0
34326	0	0.04824668728766997	0.31076550561298477	0.466001	1.0
34340	2806	0.0503542801110767	0.32780143420907387	0.587001	1.0
34355	3531	0.03198064989380316	0.18940225982107683	0.6670010000000001	1.0
34363	4599	0.001475322271795859	0.007390532220208666	0.980001	1.0
34382	0	0.11054790231282355	0.951083851926846	0.082001	0.7875692535087719
34403	918	0.0	-0.0	1.0	1.0
34404	0	0.0	-0.0	1.0	1.0
34416	2339	0.07534018231958738	0.5536998890823646	0.259001	0.898348226095003
34457	887	0.07198769956207027	0.5207692690575094	0.29600099999999996	0.9186266862244896
34470	0	0.09646322403759477	0.7806049912579053	0.158001	0.8310208384376389
34471	0	0.008377540697132816	0.04363626603039792	0.9160010000000001	1.0
34472	0	0.030019162934124335	0.17595067718922217	0.647001	1.0
34473	1357	0.09751537554741221	0.7928010958668528	0.165001	0.8310208384376389
34480	0	0.005990207268956826	0.03078541206977406	0.9330010000000001	1.0
34481	0	0.031155121312270575	0.18371048251699165	0.6600010000000001	1.0
34482	0	0.0619299766883357	0.4268987298282557	0.48400099999999996	1.0
34488	0	0.0496165869910379	0.3218037207100761	0.509001	1.0
34500	3682	0.0	-0.0	1.0	1.0
34524	2709	0.07530121328236067	0.553312337809875	0.28900099999999995	0.9168680668196155
34529	0	0.04071624003390038	0.2523760109350326	0.5470010000000001	1.0
34535	0	0.01037680622965026	0.05465741162630384	0.887001	1.0
34541	0	0.07974363853538441	0.5982197017379624	0.249001	0.8956346744415243
34546	977	0.026622167298823482	0.15324193461438834	0.688001	1.0
34549	0	0.0	-0.0	1.0	1.0
34570	4136	0.07575430843945873	0.5578253682150426	0.29100099999999995	0.9168680668196155
34585	0	0.06137670218705818	0.42194664545087057	0.375001	0.9581348300623412
34587	0	0.06826608304907437	0.48517913099811555	0.341001	0.9398895120676785
34593	3657	0.006228157583331069	0.03205126094430156	0.9340010000000001	1.0
34598	367	0.040855381735266316	0.253420095744671	0.597001	1.0
34601	0	0.0	-0.0	1.0	1.0
34603	0	0.014316906718249173	0.07707808627222605	0.828001	1.0
34604	4138	0.061112207000885044	0.4195870053557219	0.379001	0.9581348300623412
34608	1397	0.04788091373010165	0.30784005769710293	0.524001	1.0
34609	0	0.053826989084254415	0.356542902220855	0.527001	1.0
34612	0	0.0	-0.0	1.0	1.0
34619	1756	0.0	-0.0	1.0	1.0
34631	0	0.044869824377480556	0.2841055024294165	0.512001	1.0
34643	0	0.07958887968859749	0.5966305388158925	0.253001	0.896185036881268
34661	1093	0.06254107134191217	0.43239377787453837	0.338001	0.9371417951380095
34665	1525	0.003314243975086166	0.01677701678845884	0.955001	1.0
34698	0	0.13801574546014778	1.3296663956498025	0.042001000000000004	0.7473300777777777
34701	4268	0.03221646255015158	0.19103626081934627	0.6670010000000001	1.0
34703	1283	0.0	-0.0	1.0	1.0
34709	932	0.14283833206253227	1.402618308713967	0.038001	0.7338147248677249
34710	935	0.13967684850875206	1.3545714851985575	0.043001	0.7473300777777777
34712	612	0.03732327576715931	0.2273166579210006	0.602001	1.0
34728	0	0.02888606903646753	0.1682935457281976	0.697001	1.0
34736	3708	0.10713443549458292	0.9083263024809295	0.128001	0.823432990011751
34741	3030	0.15247819688109016	1.5543986456100656	0.033001	0.6962002870905588
34747	0	0.029605596539234974	0.17314631072440817	0.647001	1.0
34754	1096	0.026658118020541546	0.15347839007114725	0.691001	1.0
34767	3162	0.08109666221502393	0.6121898469303195	0.236001	0.8917607127407907
34771	2350	0.07943546518547953	0.5950569494182878	0.272001	0.905784226969697
34782	1674	0.12193210379438171	1.1004668049371031	0.083001	0.7909294595300261
34784	0	0.123956516405029	1.1281362210765449	0.067001	0.7875692535087719
34788	0	0.036492530311185566	0.221297757465039	0.607001	1.0
34795	0	0.012876590218815945	0.06877364277768565	0.859001	1.0
34825	0	0.09462361468848106	0.7594877415943846	0.201001	0.8576617104442713
34826	4569	0.02104574423695747	0.11755649532787468	0.750001	1.0
34845	0	0.0	-0.0	1.0	1.0
34857	0	0.08469752977762132	0.6500403069344961	0.216001	0.8749518864224936
34868	3883	0.10742533836959693	0.9119339724965172	0.109001	0.820033522468544
34875	1442	0.06593447664856984	0.46339569585616425	0.334001	0.935934153865782
34915	0	0.06325844254906039	0.43887861688446106	0.36700099999999997	0.9537844645145975
34916	0	0.0503542801110767	0.32780143420907387	0.587001	1.0
34917	4480	0.13070440562649885	1.22280715563754	0.073001	0.7875692535087719
34926	0	0.00832339964531373	0.04334110619531893	0.9170010000000001	1.0
34928	0	0.037271141823744094	0.22693759306985592	0.619001	1.0
34936	0	0.004051493802040655	0.02059494137704484	0.966001	1.0
34944	4237	0.003773297931185818	0.019150580168906296	0.958001	1.0
34974	0	0.13451493246202384	1.2779405501090004	0.065001	0.7875692535087719
34998	0	0.028360456614284577	0.16476968888118307	0.780001	1.0
35001	499	0.2023424706491068	2.4712718006356518	0.003001	0.4159234050632912
35006	0	0.0	-0.0	1.0	1.0
35007	0	0.0671269996212788	0.4744877942319946	0.317001	0.931520115136876
35009	0	0.0	-0.0	1.0	1.0
35013	0	0.0	-0.0	1.0	1.0
35021	0	0.026222645229043422	0.15061974442990048	0.708001	1.0
35023	1036	0.07586864506269941	0.5589666163021831	0.30700099999999997	0.927731210178817
35025	297	0.10012977539329045	0.8234801531828091	0.165001	0.8310208384376389
35030	182	0.02750160295354282	0.15904987127562298	0.6690010000000001	1.0
35047	1253	0.0	-0.0	1.0	1.0
35066	0	0.0971588157457523	0.7886583457811536	0.153001	0.8310208384376389
35077	611	0.02635648506907935	0.15149704379647175	0.734001	1.0
35107	0	0.06552420998852554	0.4596034387209298	0.36700099999999997	0.9537844645145975
35119	0	0.05497324948125864	0.3662143872276205	0.42100099999999996	0.9795027515937101
35125	0	0.03809378395210727	0.2329400487057847	0.565001	1.0
35147	1180	0.07435295466906766	0.5439164391587338	0.29500099999999996	0.9178647198067631
35151	0	0.05962449791247493	0.4064076082394851	0.391001	0.9629838341934036
35171	4432	0.01569870683808019	0.08516355899632816	0.830001	1.0
35189	0	0.017395840686171594	0.09525387855822016	0.8040010000000001	1.0
35192	0	0.0	-0.0	1.0	1.0
35195	0	0.0	-0.0	1.0	1.0
35244	0	0.004051493802040654	0.02059494137704484	0.972001	1.0
35247	0	0.025877903551645178	0.14836527285199458	0.740001	1.0
35251	0	0.06747117692110227	0.47770827870603916	0.324001	0.9352299346354166
35252	0	0.18623014484798092	2.1502374386456315	0.007001	0.5214554353741497
35255	1158	0.08190246062099607	0.6205751142435197	0.239001	0.8917607127407907
35263	1222	0.01949750030339477	0.10799509058491077	0.776001	1.0
35264	0	0.10711409109578451	0.9080742506490301	0.121001	0.820033522468544
35271	1008	0.0	-0.0	1.0	1.0
35276	3850	0.06850556418097695	0.4874388772622503	0.34600099999999995	0.9406570807130477
35297	2645	0.08188459643254256	0.6203886874090362	0.254001	0.8968258461786519
35298	0	0.0	-0.0	1.0	1.0
35317	915	0.0674183894944648	0.4772137860140695	0.328001	0.9352299346354166
35327	0	0.022996084989759764	0.1298143227237413	0.744001	1.0
35328	0	0.07677372208264654	0.5680348513795554	0.279001	0.910244919249106
35337	946	0.0	-0.0	1.0	1.0
35340	0	0.17337794051146116	1.911323600168815	0.014001	0.5816998406250001
35358	0	0.11054790231282355	0.951083851926846	0.082001	0.7875692535087719
35360	1040	0.042406182568886217	0.2651450198005146	0.5360010000000001	1.0
35364	0	0.10250728490611476	0.8518444623213902	0.150001	0.8310208384376389
35370	3318	0.08326982899791949	0.6349160152335687	0.244001	0.8943980411784399
35371	0	0.04893775064563129	0.31631771906851536	0.463001	1.0
35379	0	0.0677347834922036	0.4801806731368292	0.325001	0.9352299346354166
35382	0	0.03217863252071671	0.1907738837551171	0.643001	1.0
35414	0	0.0052090634597665554	0.026653145794154915	0.959001	1.0
35417	0	0.022404678497798244	0.12607214196971372	0.750001	1.0
35420	0	0.08187100189943912	0.620246833870327	0.252001	0.896185036881268
35430	0	0.04327156443861253	0.27175827615262926	0.508001	1.0
35431	3418	0.14517428170845464	1.4386658427230876	0.047001	0.7545659076246335
35433	0	0.030256635723997543	0.1775659608563717	0.6600010000000001	1.0
35445	0	0.04380495419623233	0.2758596763968881	0.5410010000000001	1.0
35455	0	0.0	-0.0	1.0	1.0
35457	0	0.037257365060568697	0.22683745261714708	0.591001	1.0
35461	3228	0.0	-0.0	1.0	1.0
35467	2585	0.013323251881604284	0.07133553176382719	0.841001	1.0
35469	0	0.020718983533628818	0.11552610330430721	0.755001	1.0
35482	1900	0.1745327341978474	1.9321777170587011	0.014001	0.5816998406250001
35486	20	0.05522903554792173	0.3683851260621827	0.41100099999999995	0.9736669434491689
35491	4703	0.017770927364813626	0.09750782954438715	0.8100010000000001	1.0
35493	4599	0.05108956344912122	0.33381701331636493	0.467001	1.0
35506	3556	0.07447347376849381	0.5451069244000182	0.29600099999999996	0.9186266862244896
35513	0	0.11484471468887553	1.006233936937389	0.099001	0.8158799918032787
35535	0	0.11550047023252047	1.014781514541778	0.08500100000000001	0.7979872449152542
35540	3708	0.04500212679693688	0.28513536701962	0.529001	1.0
35560	0	0.10056661091215516	0.8286584225381143	0.149001	0.8310208384376389
35569	2616	0.07987294016840879	0.5995488284270514	0.256001	0.8980951454661967
35574	2163	0.16361255257576843	1.7397464222163483	0.017001000000000002	0.5816998406250001
35575	0	0.12364023668339001	1.1237911662615725	0.082001	0.7875692535087719
35578	2361	0.009730734559109847	0.05106988828107116	0.891001	1.0
35589	0	0.045479562585738084	0.2888617149494466	0.522001	1.0
35614	0	0.09672326148298695	0.7836112204812287	0.164001	0.8310208384376389
35615	0	0.04438354031676509	0.280330408889209	0.517001	1.0
35620	0	0.06346273036124342	0.44073207657372004	0.377001	0.9581348300623412
35631	0	0.09201995701025743	0.730047625063931	0.192001	0.854495733522038
35637	0	0.007641695357739384	0.039639489580234076	0.9060010000000001	1.0
35641	2001	0.013934514174599205	0.07486106933796174	0.846001	1.0
35644	4072	0.0	-0.0	1.0	1.0
35647	4498	0.06775219307995096	0.4803441371812735	0.29900099999999996	0.9221864645070421
35658	0	0.08276623052740195	0.6296179015417595	0.322001	0.9341783118706941
35688	1120	0.11054790231282355	0.951083851926846	0.082001	0.7875692535087719
35694	2246	0.07813595189649836	0.5817982519930022	0.334001	0.935934153865782
35700	0	0.12320724070493297	1.1178559947363818	0.071001	0.7875692535087719
35709	1730	0.07437514608166215	0.5441355648758992	0.30500099999999997	0.927731210178817
35715	0	0.09722973025677666	0.7894814888594898	0.162001	0.8310208384376389
35717	0	0.06448508621038639	0.4500527562531016	0.36500099999999996	0.9517494520123838
35748	0	0.11902134304364383	1.0612709953812927	0.072001	0.7875692535087719
35750	0	0.061929976688335726	0.42689872982825594	0.49300099999999997	1.0
35760	0	0.060250009334677536	0.4119297228644241	0.36100099999999996	0.9474113012943431
35771	3966	0.09678808506826994	0.784361449293618	0.150001	0.8310208384376389
35776	3387	0.07104255351416869	0.5116347815222136	0.30400099999999997	0.927677522017837
35777	1205	0.0037803442419633744	0.019187108487166708	0.964001	1.0
35783	0	0.03753787897970401	0.22887893257567407	0.603001	1.0
35793	3730	0.08824322674884429	0.6882704183974108	0.229001	0.8888096238922368
35797	1890	0.05533247461625769	0.3692642695319035	0.47800099999999995	1.0
35801	0	0.1387927126810188	1.3412864946861356	0.048001	0.7562056820143885
35813	0	0.0061313608768538835	0.031535921610264014	0.9350010000000001	1.0
35825	0	0.11203346615245927	0.969983323609209	0.100001	0.8158799918032787
35828	0	0.041249852930933674	0.25638717675939987	0.568001	1.0
35830	0	0.07227895718212658	0.5235973820656983	0.315001	0.928883907621869
35841	0	0.02027491958842073	0.11277749896903184	0.766001	1.0
35847	0	0.06177261431492231	0.42548803132345375	0.35400099999999995	0.9451248351621554
35854	0	0.09008538695455026	0.7085112674401332	0.215001	0.8747848193979934
35857	4433	0.0	-0.0	1.0	1.0
35870	349	0.0931523873886084	0.7427879256917661	0.180001	0.8415201481953289
35893	0	0.004051493802040654	0.02059494137704484	0.972001	1.0
35897	612	0.06478434046582811	0.45279524798795157	0.332001	0.9356702571428571
35901	0	0.09086921813148323	0.7172025161333734	0.262001	0.898348226095003
35903	1619	0.03596596768489309	0.21750636334893603	0.572001	1.0
35905	3055	0.004038144788406573	0.020525532407912658	0.959001	1.0
35910	0	0.11473934632676203	1.0048637327850545	0.105001	0.8188432685185185
35921	1370	0.0	-0.0	1.0	1.0
35924	0	0.016037082920849814	0.08716129003069883	0.7980010000000001	1.0
35926	4596	0.10591762368191997	0.8933087711942109	0.141001	0.8255721652406417
35931	0	0.0034365349541751198	0.01740813851827239	0.965001	1.0
35932	0	0.05160957626989259	0.33809401977679815	0.460001	1.0
35941	0	0.02454487824435836	0.13971891690861932	0.722001	1.0
35976	0	0.03414830490291409	0.20455916342944816	0.726001	1.0
35980	0	0.057175665242059755	0.3850559570316907	0.41200099999999995	0.9736669434491689
35987	0	0.03272202087802397	0.19455160853774267	0.631001	1.0
35994	2234	0.061191988467522995	0.4202982335776624	0.385001	0.9600036322022317
35995	3740	0.053826989084254415	0.356542902220855	0.527001	1.0
35996	0	0.001901683244571953	0.009549523993837121	0.978001	1.0
36002	0	0.057504020664048174	0.38789429263210295	0.41600099999999995	0.977047710036379
36010	0	0.09353540759424507	0.7471194534992951	0.174001	0.8323009825251201
36011	3556	0.02129694524048141	0.11912191606015962	0.765001	1.0
36020	1689	0.0216760409051763	0.12149181497523533	0.741001	1.0
36029	392	0.08425424249189575	0.6453278587048525	0.229001	0.8888096238922368
36036	2584	0.046625855667095234	0.29787189548722326	0.522001	1.0
36038	171	0.0	-0.0	1.0	1.0
36043	0	0.008582567847201688	0.04475558099237124	0.897001	1.0
36045	3196	0.0	-0.0	1.0	1.0
36062	1727	0.0	-0.0	1.0	1.0
36084	985	0.0034121758425224866	0.017282356613424803	0.967001	1.0
36092	3485	0.14264472906526654	1.399651587603947	0.022001	0.6067731712846347
36099	0	0.15939343715560003	1.6682345106791505	0.022001	0.6067731712846347
36114	4705	0.1193726521489102	1.0659649621045104	0.093001	0.8119952763466043
36120	0	0.0	-0.0	1.0	1.0
36137	350	0.06077240703060981	0.416562874355539	0.47100099999999995	1.0
36154	2459	0.06941026848562089	0.4960133683634262	0.332001	0.9356702571428571
36174	0	0.16127789068292503	1.6999812649638202	0.017001000000000002	0.5816998406250001
36178	3128	0.0	-0.0	1.0	1.0
36182	4706	0.0	-0.0	1.0	1.0
36187	0	0.11054790231282355	0.951083851926846	0.082001	0.7875692535087719
36195	1065	0.08381789950863769	0.6407037537965692	0.236001	0.8917607127407907
36197	0	0.0414433011687016	0.25784605141507383	0.5520010000000001	1.0
36211	4707	0.023406074294331024	0.13242148786639998	0.732001	1.0
36232	0	0.0	-0.0	1.0	1.0
36253	0	0.0828580587993373	0.6305825557918052	0.252001	0.896185036881268
36256	529	0.04166984002443689	0.25955767604231805	0.586001	1.0
36269	2634	0.11363818839855526	0.990597962047347	0.096001	0.8148177899224807
36289	0	0.019590148112535448	0.10856305579952326	0.7870010000000001	1.0
36293	2647	0.041588539914914145	0.25894301211879295	0.581001	1.0
36295	0	0.0004227275394323299	0.002104945614362266	0.995001	1.0
36298	920	0.03474492396692326	0.20878491032407862	0.634001	1.0
36314	0	0.053826989084254415	0.356542902220855	0.527001	1.0
36333	1671	0.002444503365647027	0.012313328255402557	0.972001	1.0
36353	1644	0.17145881430307464	1.8769318807790938	0.010001	0.5816998406250001
36359	4631	0.01595915097558817	0.08670056877020416	0.833001	1.0
36361	0	0.07649697398869597	0.5652555746276997	0.279001	0.910244919249106
36368	0	0.0059952765448787505	0.030812345076258588	0.9280010000000001	1.0
36374	0	0.09318435744693504	0.7431490377099768	0.226001	0.8850089231044349
36375	0	0.0	-0.0	1.0	1.0
36382	0	0.18011428598629947	2.034672874071551	0.004001	0.4294798921568628
36388	887	0.012818115030940103	0.06843914230826033	0.865001	1.0
36390	0	0.0	-0.0	1.0	1.0
36408	0	0.0630942506761634	0.43739111040752454	0.36500099999999996	0.9517494520123838
36409	874	0.015579752908953519	0.08446293197043202	0.827001	1.0
36414	0	0.0	-0.0	1.0	1.0
36422	0	0.05642268295572509	0.37857582498130776	0.396001	0.9659475442222223
36444	0	0.08175872711408574	0.6190758228037796	0.23400100000000001	0.8917607127407907
36452	1604	0.0467501103046342	0.29885396338680403	0.49000099999999996	1.0
36453	1147	0.005404655852223571	0.027684490612075008	0.9330010000000001	1.0
36456	0	0.06532579187201129	0.45777374312119623	0.36900099999999997	0.955353972333885
36463	0	0.14424380842374918	1.4242512739482336	0.039001	0.7375163195164075
36475	0	0.09556950028494988	0.7703129477211141	0.17100100000000001	0.8310208384376389
36476	1835	0.031799245758055844	0.188147732227661	0.643001	1.0
36480	1758	0.01810266274164955	0.09950850147356052	0.7940010000000001	1.0
36492	0	0.015368263115474526	0.08321941133173148	0.833001	1.0
36495	1444	0.05747360953310609	0.3876310960100803	0.397001	0.9659475442222223
36496	1299	0.028223151454148016	0.1638520812281874	0.692001	1.0
36503	0	0.09592249940351873	0.774370639765096	0.185001	0.8464588169661512
36505	0	0.007535614729310408	0.039065943175996244	0.9220010000000001	1.0
36508	0	0.01580850731035017	0.0858110403615973	0.817001	1.0
36521	1328	0.0	-0.0	1.0	1.0
36538	2709	0.12518619697386787	1.1451078112598436	0.053001	0.7655777691292875
36540	0	0.10596116262404201	0.8938440875957723	0.125001	0.820033522468544
36547	0	0.03167910092001548	0.18731803128128982	0.653001	1.0
36557	0	0.0	-0.0	1.0	1.0
36566	0	0.10553087734696735	0.8885602799652557	0.115001	0.820033522468544
36568	0	0.034116216243787065	0.20433254743914742	0.612001	1.0
36571	0	0.06813247774346173	0.4839202430755998	0.325001	0.9352299346354166
36591	1202	0.1276952112299065	1.180123268480345	0.062001	0.7875692535087719
36613	0	0.030851592213142612	0.18162886882091833	0.6710010000000001	1.0
36618	2763	0.0	-0.0	1.0	1.0
36621	988	0.0	-0.0	1.0	1.0
36624	0	0.10591762368191997	0.8933087711942109	0.137001	0.8255721652406417
36628	0	0.0	-0.0	1.0	1.0
36633	1059	0.036540354784381925	0.22164301473390688	0.585001	1.0
36639	0	0.07159580037841552	0.5169737558596693	0.30800099999999997	0.927731210178817
36640	0	0.01881372703620956	0.10381977207361348	0.779001	1.0
36658	913	0.0	-0.0	1.0	1.0
36660	0	0.05594356426147734	0.37447334114973196	0.43600099999999997	0.9855026732039636
36666	3026	0.019493816239388374	0.1079725169305933	0.7870010000000001	1.0
36670	0	0.20624123779648185	2.552620883037714	0.004001	0.4294798921568628
36679	0	0.004208609815166235	0.021412651563181923	0.944001	1.0
36682	522	0.008938222593610011	0.046703129605622326	0.879001	1.0
36687	4278	0.0	-0.0	1.0	1.0
36694	0	0.06351714646909157	0.4412262877212021	0.36100099999999996	0.9474113012943431
36695	0	0.016699053881210194	0.0910897536709111	0.8120010000000001	1.0
36699	0	0.0	-0.0	1.0	1.0
36705	0	0.19131904891697604	2.2490190269192953	0.007001	0.5214554353741497
36719	0	0.10965457470742375	0.9398040065292881	0.132001	0.8241244759479344
36725	0	0.10751450713798238	0.9130411591406233	0.144001	0.8280813807773109
36747	4714	0.10823276299737179	0.9219826585195773	0.10100100000000001	0.8161328036900369
36752	4501	0.06073511312993723	0.4162314697868173	0.398001	0.9669459825143869
36753	4101	0.12989346750162106	1.2112303342953936	0.075001	0.7875692535087719
36760	2946	0.005843674806084474	0.030007536368808815	0.9350010000000001	1.0
36775	0	0.0	-0.0	1.0	1.0
36779	0	0.11054790231282355	0.951083851926846	0.082001	0.7875692535087719
36789	0	0.19234103044171694	2.269146152849566	0.004001	0.4294798921568628
36791	3037	0.04742284469725394	0.3041893851002204	0.49600099999999997	1.0
36798	135	0.11551121958895284	1.0149219188706171	0.108001	0.820033522468544
36826	532	0.006664925616069978	0.03438341329941572	0.9180010000000001	1.0
36831	0	0.02045361198679277	0.11388206634192723	0.743001	1.0
36857	0	0.08262758888735432	0.6281626783162634	0.246001	0.8949779001318391
36881	4417	0.10467853502729324	0.8781370293380603	0.111001	0.820033522468544
36899	2014	0.07116641254841999	0.5128281037358501	0.315001	0.928883907621869
36904	0	0.06835972636985649	0.48606225344840287	0.322001	0.9341783118706941
36916	0	0.0	-0.0	1.0	1.0
36921	349	0.061550539502816526	0.42350022007427285	0.397001	0.9659475442222223
36926	322	0.019420722716864694	0.10752481941057707	0.8010010000000001	1.0
36938	2709	0.1284558126952752	1.190841005974236	0.088001	0.8036054620517097
36945	1829	0.0	-0.0	1.0	1.0
36947	4053	0.07544107870158381	0.5547038370489097	0.281001	0.9113388474526066
36953	581	0.0653345148053881	0.4578541211759365	0.384001	0.9600036322022317
36962	1222	0.024967048956566203	0.14244502450901	0.723001	1.0
36969	0	0.17788399049550346	1.9933788019051326	0.011000999999999999	0.5816998406250001
36973	0	0.05110528872675699	0.33394607570947143	0.47400099999999995	1.0
37002	964	0.0	-0.0	1.0	1.0
37018	1930	0.10744992513674105	0.9122391971359184	0.128001	0.823432990011751
37021	4025	0.02604531729883278	0.14945914578553177	0.7850010000000001	1.0
37026	0	0.0	-0.0	1.0	1.0
37038	0	0.02293878677636885	0.1294508004472106	0.780001	1.0
37070	0	0.041249852930933674	0.25638717675939987	0.568001	1.0
37080	0	0.09816475758173648	0.8003715151020838	0.173001	0.8318787654808959
37091	878	0.019011498130868082	0.1050244415790816	0.7940010000000001	1.0
37092	672	0.004051493802040654	0.02059494137704484	0.972001	1.0
37097	2106	0.044890464226848635	0.2842660881570717	0.524001	1.0
37108	4053	0.07455415492283715	0.5459044910050322	0.30800099999999997	0.927731210178817
37109	3708	0.0	-0.0	1.0	1.0
37116	1254	0.06388600282206139	0.44458187712520675	0.36100099999999996	0.9474113012943431
37127	4020	0.14506741844098053	1.4370065909355283	0.039001	0.7375163195164075
37128	4717	0.017942329694751475	0.09854069706513127	0.833001	1.0
37158	0	0.0	-0.0	1.0	1.0
37160	68	0.020257469010203276	0.11266973673170437	0.814001	1.0
37171	0	0.018840750406987107	0.10398423482948221	0.8070010000000001	1.0
37174	1035	0.0	-0.0	1.0	1.0
37199	1324	0.0	-0.0	1.0	1.0
37202	3047	0.018774887999629647	0.10358347899007399	0.7940010000000001	1.0
37215	1757	0.09208674064755491	0.7307962251360278	0.172001	0.8318787654808959
37223	3690	0.0666016128327892	0.46958828661545526	0.334001	0.935934153865782
37228	0	0.0	-0.0	1.0	1.0
37231	0	0.0	-0.0	1.0	1.0
37240	0	0.11553322284116613	1.015209346796133	0.086001	0.7979872449152542
37250	0	0.04002440188012128	0.24720390448982063	0.5400010000000001	1.0
37266	0	0.010292028478741388	0.054185236826029375	0.873001	1.0
37293	2745	0.08879278616120721	0.694281564850398	0.195001	0.8563507378292099
37295	0	0.033074051965319616	0.19700927289698872	0.6690010000000001	1.0
37311	3736	0.0	-0.0	1.0	1.0
37321	2061	0.05196348274151479	0.3410155686478639	0.462001	1.0
37331	0	0.032699331018198	0.19439347953816855	0.622001	1.0
37334	0	0.028984168436455515	0.16895320080620926	0.698001	1.0
37348	3018	0.004051493802040654	0.02059494137704484	0.972001	1.0
37349	0	0.020588096358156983	0.11471467882325137	0.776001	1.0
37352	4526	0.02557404477237741	0.14638443187968161	0.728001	1.0
37358	0	0.08586255016061034	0.6624962720271508	0.212001	0.872959364046634
37359	3765	0.04851701161168582	0.31293346128682564	0.512001	1.0
37360	0	0.0	-0.0	1.0	1.0
37363	0	0.1073957832669636	0.9115671337082439	0.128001	0.823432990011751
37365	0	0.06613309595362941	0.4652359832991179	0.377001	0.9581348300623412
37380	4693	0.15221421809755603	1.5501356199851883	0.027001	0.646901420131291
37383	52	0.0515118497688026	0.33728880609465056	0.574001	1.0
37399	0	0.0	-0.0	1.0	1.0
37409	0	0.021068386757874886	0.11769743607276077	0.757001	1.0
37413	0	0.019596478887173988	0.10860188523375876	0.780001	1.0
37420	0	0.03742498321295659	0.22805668972454146	0.572001	1.0
37423	1871	0.03526306087126324	0.212473768737987	0.635001	1.0
37429	0	0.0	-0.0	1.0	1.0
37432	0	0.04499798017451566	0.28510307092918	0.516001	1.0
37433	0	0.04178700583887009	0.26044428277493636	0.5430010000000001	1.0
37440	4633	0.04158295079054244	0.2589007722663113	0.5590010000000001	1.0
37469	3795	0.09549949676238689	0.7695094131948709	0.193001	0.854495733522038
37479	0	0.05889200474564396	0.3999763809826559	0.41400099999999995	0.975655821997417
37482	0	0.20896727914905655	2.6103609098296015	1e-06	0.00043795999999999993
37483	0	0.04845995813482989	0.3124754836437257	0.452001	0.9971708541204917
37498	0	0.04489476677889994	0.28429956726629024	0.5520010000000001	1.0
37501	887	0.0	-0.0	1.0	1.0
37502	0	0.10289359917124417	0.8564952913009959	0.137001	0.8255721652406417
37504	0	0.030120979217961953	0.1766427822285903	0.6710010000000001	1.0
37531	1767	0.0	-0.0	1.0	1.0
37551	0	0.049389440797459896	0.31996450624140027	0.47800099999999995	1.0
37552	0	0.07466324292332063	0.5469836361258966	0.374001	0.9576559749766136
37561	2647	0.13198217264637838	1.2411595549516299	0.054001	0.7718759125326371
37575	0	0.023647456569416157	0.13396141865672678	0.733001	1.0
37576	0	0.017956632851661294	0.09862696953877416	0.7920010000000001	1.0
37580	0	0.0	-0.0	1.0	1.0
37583	0	0.013890161225502337	0.07460449610531793	0.827001	1.0
37594	0	0.0	-0.0	1.0	1.0
37601	0	0.02680431774559567	0.15444082661451258	0.700001	1.0
37632	0	0.07217474514915705	0.5225847666493529	0.29200099999999996	0.9168680668196155
37641	0	0.06469012822956643	0.4519311516002408	0.37200099999999997	0.9576559749766136
37652	0	0.0	-0.0	1.0	1.0
37659	0	0.05509892357349191	0.36728035197055864	0.400001	0.9670836892070485
37662	0	0.0	-0.0	1.0	1.0
37690	0	0.15452834585115338	1.5877126451085983	0.022001	0.6067731712846347
37695	0	0.0025786127996846623	0.012998764023661864	0.978001	1.0
37722	2015	0.03162455393576672	0.18694164847108988	0.642001	1.0
37729	0	0.0	-0.0	1.0	1.0
37735	994	0.0010202460387584017	0.005097612148242993	0.982001	1.0
37739	1425	0.0	-0.0	1.0	1.0
37754	1343	0.24070220632078146	3.335840763426124	0.001001	0.2149009607843137
37757	4640	0.07689161643934563	0.5692205486528583	0.29100099999999995	0.9168680668196155
37773	0	0.08674816063920456	0.6720338369202974	0.233001	0.8917607127407907
37776	1540	0.0	-0.0	1.0	1.0
37779	1366	0.028360456614284577	0.16476968888118307	0.780001	1.0
37800	0	0.21482249183393556	2.736790800810019	0.001001	0.2149009607843137
37808	0	0.1085841874748994	0.9263724893917469	0.141001	0.8255721652406417
37812	1565	0.1390024342976223	1.3444317784675912	0.061001	0.7875692535087719
37839	0	0.00575667791403146	0.02954630245156413	0.9340010000000001	1.0
37840	0	0.0	-0.0	1.0	1.0
37851	0	0.005349319698826042	0.027392480696862852	0.9330010000000001	1.0
37872	1990	0.15086205077490478	1.5283939345380924	0.036001	0.719297352189781
37874	4548	0.050961530357901616	0.33276684262295575	0.468001	1.0
37880	735	0.032627238623215885	0.1938912799493599	0.638001	1.0
37892	1975	0.03131706822403007	0.18482356671186811	0.648001	1.0
37899	4233	0.0661269307871606	0.4651788176587035	0.323001	0.9348501054718477
37908	0	0.0	-0.0	1.0	1.0
37915	0	0.0	-0.0	1.0	1.0
37919	0	0.0	-0.0	1.0	1.0
37922	0	0.021759493352497508	0.12201472217488309	0.756001	1.0
37924	3141	0.0	-0.0	1.0	1.0
37926	2861	0.024612137613142994	0.14015247841350378	0.737001	1.0
37927	3249	0.0	-0.0	1.0	1.0
37948	0	0.06443038841221395	0.4495521799019275	0.36100099999999996	0.9474113012943431
37951	0	0.0	-0.0	1.0	1.0
37971	0	0.15720504472107888	1.6317585235776602	0.019001	0.5978216925287356
37973	0	0.002628102137814346	0.013251966351794696	0.970001	1.0
37977	0	0.007171546126603014	0.037102573529366	0.9290010000000001	1.0
37983	0	0.03269953126754753	0.19439487495860377	0.6600010000000001	1.0
38015	2045	0.05362748956891429	0.35486903092245187	0.465001	1.0
38026	1453	0.11122792290287527	0.9597131617458331	0.118001	0.820033522468544
38029	0	0.0794542462129337	0.5952494938929855	0.258001	0.898348226095003
38037	3870	0.15303656605511085	1.5634357270630381	0.015000999999999999	0.5816998406250001
38045	0	0.0010188137154463137	0.005090414013750439	0.994001	1.0
38048	4010	0.09997172926234717	0.8216103523220052	0.159001	0.8310208384376389
38052	381	0.05916689666086198	0.40238544404882437	0.41200099999999995	0.9736669434491689
38055	0	0.05227857167360686	0.3436239985766348	0.459001	1.0
38065	1110	0.0	-0.0	1.0	1.0
38074	0	0.00858763792967799	0.04478329187294004	0.894001	1.0
38092	1481	0.0636552813121146	0.44248179393787446	0.36300099999999996	0.949473948638318
38110	3249	0.17129929329545152	1.8740880657211538	0.013000999999999999	0.5816998406250001
38133	0	0.023696474862649558	0.1342745865328453	0.738001	1.0
38140	4661	0.1401985365989427	1.36244140710472	0.044001	0.7480853245341614
38168	0	0.1204031353963306	1.0797916814386703	0.082001	0.7875692535087719
38172	0	0.013538661362849355	0.07257535337823791	0.851001	1.0
38174	0	0.00072428834994364	0.003612765832217208	0.990001	1.0
38176	0	0.08039105687016897	0.6048872541496451	0.255001	0.8971741481362466
38178	0	0.06613309595362941	0.4652359832991179	0.377001	0.9581348300623412
38186	0	0.12390990581170004	1.127495367377641	0.077001	0.7875692535087719
38200	2180	0.0	-0.0	1.0	1.0
38201	1910	0.04585351773436521	0.2917912504245295	0.509001	1.0
38205	0	0.06752496891438381	0.47821238987349307	0.333001	0.935934153865782
38222	0	0.022572608325655077	0.12713249864480944	0.8090010000000001	1.0
38225	0	0.05826319214733467	0.3944858147669844	0.41800099999999996	0.9779258438034187
38226	2195	0.1314680691161144	1.2337591789737912	0.066001	0.7875692535087719
38228	3145	0.11134362258143608	0.9611850557662387	0.11700100000000001	0.820033522468544
38235	0	0.056142128399706205	0.3761715990007881	0.522001	1.0
38249	0	0.01589242304424949	0.0863063790753627	0.821001	1.0
38252	0	0.015131607653906972	0.0818311565145329	0.839001	1.0
38263	3682	0.0	-0.0	1.0	1.0
38270	1902	0.15101046847603217	1.530772633686115	0.039001	0.7375163195164075
38288	0	0.03353149520197577	0.20021496327591362	0.611001	1.0
38308	0	0.08971164847375734	0.704383786241201	0.241001	0.8917607127407907
38331	0	0.0	-0.0	1.0	1.0
38338	0	0.17191863212744968	1.885141922280946	0.017001000000000002	0.5816998406250001
38344	0	0.015883849787434234	0.08625575301473522	0.815001	1.0
38364	506	0.0	-0.0	1.0	1.0
38376	1238	0.0332677695676155	0.19836514448369813	0.651001	1.0
38385	0	0.05786835775988829	0.39105257097050994	0.43400099999999997	0.9844369067743939
38400	4104	0.004051493802040654	0.02059494137704484	0.972001	1.0
38404	4071	0.0793833366028304	0.5945226616038215	0.251001	0.896185036881268
38425	1530	0.0	-0.0	1.0	1.0
38435	0	0.0	-0.0	1.0	1.0
38441	0	0.026376356330903773	0.15162739420933258	0.716001	1.0
38444	0	0.026932589893047913	0.15528636992572875	0.6820010000000001	1.0
38466	0	0.08129909099358147	0.6142917631197142	0.250001	0.896185036881268
38478	3657	0.06684514223966882	0.471856839004303	0.36100099999999996	0.9474113012943431
38503	0	0.1107937370590933	0.9541991625587327	0.115001	0.820033522468544
38510	0	0.12459372715152911	1.1369152210642244	0.082001	0.7875692535087719
38514	0	0.17538984737479899	1.9477338230911108	0.009000999999999999	0.5663905114942528
38516	0	0.0020965243197436185	0.010539623290239003	0.981001	1.0
38528	0	0.030675595929736378	0.1804246165334729	0.734001	1.0
38533	0	0.05462601708019042	0.36327492633088476	0.42500099999999996	0.980475336915297
38535	0	0.02058299139476767	0.11468305266012041	0.761001	1.0
38560	0	0.004051493802040654	0.02059494137704484	0.972001	1.0
38564	3162	0.1562360396378996	1.615741066766669	0.029001000000000002	0.6656854276729561
38580	0	0.1013484177923803	0.8379633838761602	0.155001	0.8310208384376389
38588	0	0.035897001027224845	0.21701114134159918	0.636001	1.0
38604	1358	0.10622705760193162	0.897116562444676	0.138001	0.8255721652406417
38611	0	0.03992842139015004	0.24648889747713304	0.5440010000000001	1.0
38641	0	0.05845726771515801	0.3961774244547842	0.49400099999999997	1.0
38644	2806	0.0	-0.0	1.0	1.0
38670	0	0.04033286759506767	0.24950599781205823	0.592001	1.0
38675	0	0.0052626615290385596	0.026935542733839326	0.9370010000000001	1.0
38680	0	0.08387718909726784	0.6413312245938771	0.225001	0.8848907862787356
38706	0	0.025574044772377416	0.14638443187968173	0.715001	1.0
38707	1554	0.04661672761718577	0.29779979200863943	0.47400099999999995	1.0
38712	1066	0.0	-0.0	1.0	1.0
38721	926	0.11865088991690485	1.056332129157837	0.016001	0.5816998406250001
38725	0	0.0166584970656135	0.09084829701597678	0.8110010000000001	1.0
38741	4480	0.12981623658903185	1.210130652523051	0.075001	0.7875692535087719
38742	0	0.002072778344566102	0.01041883977733218	0.971001	1.0
38751	4506	0.040725431931778	0.2524449445766577	0.571001	1.0
38773	0	0.03887093074736098	0.23865188880390412	0.5310010000000001	1.0
38774	0	0.05191372082015641	0.3406042510522319	0.464001	1.0
38789	0	0.04547218447680516	0.28880401130874844	0.511001	1.0
38803	2739	0.023614354741595015	0.133750023607954	0.752001	1.0
38809	0	0.01914021712647245	0.10580980035860052	0.765001	1.0
38819	0	0.11315578482526856	0.9843791040929577	0.118001	0.820033522468544
38821	4474	0.11984659124247228	1.072313375041576	0.080001	0.7875692535087719
38833	0	0.028572573829971033	0.16618964540487066	0.6570010000000001	1.0
38841	1968	0.1343566806953535	1.2756266634996896	0.049001	0.757785238700565
38844	0	0.09338046874672845	0.7453659045351817	0.178001	0.8382507307526881
38868	349	0.17788932842580646	1.9934770947808194	0.013000999999999999	0.5816998406250001
38887	0	0.1235620910144048	1.1227188670284418	0.091001	0.8087418417207791
38897	0	0.004051493802040654	0.02059494137704484	0.972001	1.0
38905	349	0.06529496063201508	0.4574896906003497	0.35600099999999996	0.9472308503037665
38920	19	0.07361460050247237	0.5366464040882427	0.28500099999999995	0.9150861919929864
38922	0	0.11318555919578094	0.9847623946707771	0.112001	0.820033522468544
38933	0	0.020695713858602083	0.1153817667414601	0.770001	1.0
38948	0	0.07778823752520711	0.5782719571361117	0.30100099999999996	0.9247081787317619
38977	0	0.11059859286403913	0.9517258254581753	0.115001	0.820033522468544
38980	1380	0.0	-0.0	1.0	1.0
38984	0	0.11899980263824661	1.060983513512158	0.091001	0.8087418417207791
38998	0	0.1039736388706641	0.8695603306774502	0.126001	0.8221602794994041
39010	0	0.11013362846985295	0.9458449686157513	0.122001	0.820033522468544
39011	0	0.16235190385159312	1.7182146624227537	0.022001	0.6067731712846347
39017	0	0.05224789217989334	0.3433697182582211	0.456001	0.9999509210895252
39048	0	0.0	-0.0	1.0	1.0
39049	0	0.014838768335865764	0.08011804422304018	0.845001	1.0
39075	3328	0.0	-0.0	1.0	1.0
39076	913	0.05498455874198031	0.3663102667604302	0.5610010000000001	1.0
39077	0	0.03439778891434151	0.20632337039119614	0.633001	1.0
39087	0	0.05144812375662962	0.33676409520607675	0.460001	1.0
39098	1975	0.15949810249942445	1.6699895868688903	0.018001	0.5900986497005988
39136	1109	0.10955460706660257	0.9385457095640307	0.118001	0.820033522468544
39140	0	0.0	-0.0	1.0	1.0
39141	4126	0.0	-0.0	1.0	1.0
39186	19	0.04409793496365186	0.27812069930840255	0.5510010000000001	1.0
39201	0	0.09565926494932983	0.7713438668560758	0.186001	0.8471401618136438
39209	0	0.06181431701412769	0.4258617089730864	0.35300099999999995	0.944989718581907
39236	0	0.10942424722211959	0.9369060647079956	0.122001	0.820033522468544
39237	20	0.08442154078967615	0.6471046068768659	0.213001	0.8734636513108613
39241	0	0.07408794292309473	0.5413024320115225	0.30600099999999997	0.927731210178817
39244	3575	0.19702091836612112	2.3625566850705315	0.001001	0.2149009607843137
39252	0	0.015627190379299674	0.08474223042590708	0.858001	1.0
39254	3682	0.01848918323339774	0.10184814608414132	0.815001	1.0
39257	2709	0.0	-0.0	1.0	1.0
39271	0	0.06771782497696521	0.48002146552029834	0.441001	0.9884380653019446
39280	0	0.15456525195060217	1.5883157000695602	0.040001	0.7385682107925801
39285	0	0.049998103462635134	0.3249008938935427	0.43100099999999997	0.981495413685524
39291	0	0.0	-0.0	1.0	1.0
39312	0	0.054995919412395414	0.36640659117334395	0.42700099999999996	0.9806120979123172
39318	0	0.025137086580611975	0.14354621111042054	0.754001	1.0
39342	0	0.0	-0.0	1.0	1.0
39344	0	0.15502335685587848	1.5958111196412703	0.031001	0.682957643863179
39362	4666	0.045137848229430254	0.2861930832192803	0.520001	1.0
39382	0	0.18439247543770343	2.115152959676979	0.005001	0.45252850413223145
39385	0	0.05769328864170897	0.38953380275517946	0.40800099999999995	0.971610316554567
39390	0	0.01690044302837342	0.09229022732734708	0.8090010000000001	1.0
39399	2722	0.0	-0.0	1.0	1.0
39400	0	0.008918636878909335	0.046595684084678346	0.901001	1.0
39409	900	0.06447995177972296	0.4500057584612678	0.34400099999999995	0.9398895120676785
39412	0	0.0	-0.0	1.0	1.0
39417	0	0.05999938657756927	0.4097138438216671	0.382001	0.9599561507918292
39436	962	0.03509107453982865	0.2112473586652703	0.641001	1.0
39453	0	0.02008795427754343	0.11162392196871018	0.770001	1.0
39484	0	0.0	-0.0	1.0	1.0
39495	0	0.004051493802040654	0.02059494137704484	0.972001	1.0
39524	1567	0.17755090066302878	1.9872503822973968	0.011000999999999999	0.5816998406250001
39544	0	0.09183494807806095	0.7279755918742796	0.189001	0.8533492573195877
39559	0	0.046886565139543826	0.29993367449565245	0.48000099999999996	1.0
39576	2627	0.20904641603739585	2.6120477174514716	0.001001	0.2149009607843137
39577	1727	0.027360522131486646	0.1581148189396028	0.721001	1.0
39582	521	0.08014720979019882	0.6023722652773323	0.266001	0.898348226095003
39584	0	0.0770690965006222	0.5710074651243147	0.266001	0.898348226095003
39594	3744	0.0	-0.0	1.0	1.0
39608	2373	0.07769794914579667	0.5773577841579203	0.275001	0.9085654643934822
39609	0	0.07873882106985966	0.5879335334404361	0.255001	0.8971741481362466
39610	0	0.030355515614240505	0.17823961506482405	0.6670010000000001	1.0
39611	0	0.05222625688271338	0.34319043816676564	0.451001	0.9969735410862104
39629	20	0.05226886004918044	0.34354349880425117	0.463001	1.0
39646	0	0.13806005798271737	1.3303277494278098	0.039001	0.7375163195164075
39650	781	0.0526694194265285	0.34686918836404634	0.567001	1.0
39651	4288	0.11865088991690485	1.056332129157837	0.016001	0.5816998406250001
39655	1879	0.04218763863554303	0.2634829018715824	0.5360010000000001	1.0
39660	1684	0.032534753830567406	0.1932475224430907	0.641001	1.0
39661	0	0.06360027260515701	0.44198165609743	0.34700099999999995	0.9406570807130477
39663	0	0.004051493802040654	0.02059494137704484	0.972001	1.0
39673	0	0.009451176478844215	0.04952525626373348	0.885001	1.0
39682	1065	0.06160944202081961	0.42402711830711903	0.380001	0.9585431868106616
39700	0	0.01740946859572196	0.09533561902629811	0.8000010000000001	1.0
39710	0	0.04504509118183834	0.28547006524913837	0.522001	1.0
39737	0	0.04901240745747907	0.31691950201539937	0.48600099999999996	1.0
39738	921	0.09495900743040332	0.7633182128942128	0.166001	0.8310208384376389
39751	3573	0.0005787848288629505	0.002884593492540114	0.999001	1.0
39781	0	0.04572400148017309	0.29077555091777896	0.630001	1.0
39793	1077	0.053826989084254415	0.356542902220855	0.527001	1.0
39824	0	0.28388822424605276	4.488563496388517	1e-06	0.00043795999999999993
39834	0	0.08137765655004833	0.6151083767077907	0.23400100000000001	0.8917607127407907
39845	2026	0.1663322750922535	1.786678140266154	0.010001	0.5816998406250001
39855	2284	0.05099293017769011	0.3330242894078129	0.467001	1.0
39861	529	0.16905947201948124	1.8343988889596776	0.016001	0.5816998406250001
39868	0	0.04823894640828279	0.3107034990475844	0.467001	1.0
39869	2373	0.005811528068876942	0.029837051559744487	0.9350010000000001	1.0
39872	0	0.018860294142752008	0.10410320510552792	0.7890010000000001	1.0
39873	4009	0.11054790231282355	0.951083851926846	0.082001	0.7875692535087719
39877	0	0.23201371932741527	3.127304222772163	1e-06	0.00043795999999999993
39881	0	0.08727623708771179	0.6777493444298687	0.208001	0.8659326802281369
39900	0	0.04801897864858522	0.30894321782689693	0.522001	1.0
39909	0	0.015548547092906664	0.08427927585634677	0.839001	1.0
39924	2	0.10166299768488714	0.8417210201465855	0.156001	0.8310208384376389
39928	0	0.028862272811582046	0.16813362487042216	0.6730010000000001	1.0
39932	0	0.06746940310189065	0.47769165895307475	0.30300099999999996	0.927677522017837
39934	0	0.0	-0.0	1.0	1.0
39935	1227	0.12463627418898604	1.1375025918134396	0.068001	0.7875692535087719
39947	0	0.1109097845678113	0.9556714429779432	0.115001	0.820033522468544
39950	0	0.09514036687949728	0.7653931244572189	0.169001	0.8310208384376389
39955	0	0.09628623795513336	0.7785619063451433	0.182001	0.8422353968723585
39958	3198	0.0	-0.0	1.0	1.0
39960	4726	0.20318593269713697	2.488748581097663	0.005001	0.45252850413223145
39962	4408	0.09434192710466092	0.7562773613912244	0.239001	0.8917607127407907
39972	0	0.10812440293431999	0.9206310614186166	0.11700100000000001	0.820033522468544
39976	3483	0.04360091205251446	0.2742884572365127	0.5400010000000001	1.0
39979	0	0.005907753698074166	0.030347548228626335	0.9310010000000001	1.0
39985	0	0.16448759918319739	1.7547747558441	0.014001	0.5816998406250001
39990	0	0.031064976431634958	0.18309164157253205	0.640001	1.0
40012	0	0.004051493802040654	0.02059494137704484	0.972001	1.0
40023	1979	0.0	-0.0	1.0	1.0
40037	1442	0.0	-0.0	1.0	1.0
40039	349	0.04553813129806046	0.28931990808237595	0.500001	1.0
40045	0	0.005209063459766555	0.026653145794154915	0.958001	1.0
40049	0	0.014469620721573768	0.07796596501534311	0.853001	1.0
40051	0	0.0742828708561167	0.5432246461140475	0.29500099999999996	0.9178647198067631
40057	0	0.06656025531923931	0.46920345518938045	0.459001	1.0
40061	1147	0.10770115043118943	0.9153607120972502	0.120001	0.820033522468544
40069	0	0.08227787465115556	0.6244984107359844	0.256001	0.8980951454661967
40083	0	0.14939450220724104	1.5049758777373357	0.033001	0.6962002870905588
40090	0	0.004051493802040654	0.02059494137704484	0.972001	1.0
40097	1796	0.027202886956558682	0.1570715551301203	0.7870010000000001	1.0
40118	0	0.1264653080321719	1.1628939046322322	0.065001	0.7875692535087719
40124	0	0.06656025531923931	0.46920345518938045	0.459001	1.0
40146	2107	0.057782140741351844	0.3903043460839303	0.42900099999999997	0.9806120979123172
40148	1040	0.0005929522429512172	0.0029554412858062806	0.986001	1.0
40165	4727	0.002012957203489825	0.010114704007217357	0.976001	1.0
40168	2763	0.08199088350411997	0.6214982300709434	0.228001	0.8871296904761905
40176	0	0.16114193429436038	1.697680397388796	0.020001	0.6067731712846347
40177	3556	0.08002580724795658	0.601121805783012	0.247001	0.8949779001318391
40209	2014	0.061929976688335726	0.42689872982825594	0.49300099999999997	1.0
40212	4285	0.17256977008030996	1.8968004464126524	0.012001	0.5816998406250001
40219	0	0.020020686117551673	0.1112094091833026	0.7830010000000001	1.0
40225	0	0.033912688691521156	0.20289677128600428	0.6570010000000001	1.0
40232	0	0.08555108530953795	0.6591561217866486	0.226001	0.8850089231044349
40250	0	0.025712045651628206	0.14728332502351105	0.717001	1.0
40253	2621	0.04203405011519451	0.26231672388270516	0.5430010000000001	1.0
40257	0	0.09202678778920916	0.7301241777736998	0.236001	0.8917607127407907
40265	0	0.0	-0.0	1.0	1.0
40269	4565	0.039041500570216596	0.2399109218510533	0.5580010000000001	1.0
40287	4729	0.14041201758823874	1.3656685256750227	0.042001000000000004	0.7473300777777777
40292	0	0.00030131919088262696	0.0014993597383114994	0.996001	1.0
40307	1488	0.009054090721618335	0.04733923751095965	0.891001	1.0
40311	735	0.0	-0.0	1.0	1.0
40320	0	0.13453440128234612	1.2782253596450026	0.039001	0.7375163195164075
40325	0	0.058173431283057755	0.3937043391650198	0.441001	0.9884380653019446
40327	918	0.06971883912224554	0.4989515491717438	0.332001	0.9356702571428571
40329	4548	0.038427393466939484	0.23538707061512784	0.590001	1.0
40346	1537	0.004870047691778262	0.024870820271856792	0.941001	1.0
40348	0	0.1267616687110751	1.1670340937042916	0.054001	0.7718759125326371
40350	0	0.01689727642235784	0.0922713320322484	0.7890010000000001	1.0
40361	0	0.058993167312050586	0.4008623133352258	0.41100099999999995	0.9736669434491689
40364	0	0.004051493802040654	0.02059494137704484	0.972001	1.0
40372	1185	0.020110141555120968	0.11176070382227125	0.778001	1.0
40388	0	0.0038725716535744185	0.019665483607791114	0.957001	1.0
40402	2224	0.050238148115164936	0.32685474447611507	0.466001	1.0
40410	0	0.054164839877082364	0.35938393449101746	0.460001	1.0
40425	4567	0.07185360623121304	0.5194693167325901	0.337001	0.9371417951380095
40426	0	0.11598415743690757	1.021108523485703	0.086001	0.7979872449152542
40428	0	0.007498413104820424	0.038864962120040675	0.9120010000000001	1.0
40433	0	0.0015109972979080307	0.0075707829842807895	0.981001	1.0
40458	0	0.005008974824616361	0.02560039983268648	0.9300010000000001	1.0
40461	0	0.06971937292303428	0.49895663799500967	0.30100099999999996	0.9247081787317619
40471	3708	0.05691221555418863	0.3827841744937943	0.377001	0.9581348300623412
40504	0	0.06161420577896551	0.42406974218866245	0.381001	0.9585431868106616
40506	4728	0.011580906863232791	0.06141012139544351	0.887001	1.0
40525	19	0.09724149433781887	0.7896180787924241	0.156001	0.8310208384376389
40539	0	0.021460048029919864	0.1201404434211132	0.768001	1.0
40544	0	0.011661407871303993	0.06186467665991685	0.881001	1.0
40567	2222	0.0	-0.0	1.0	1.0
40585	0	0.0296419162867919	0.17339215008060802	0.6830010000000001	1.0
40588	0	0.10591762368191997	0.8933087711942109	0.141001	0.8255721652406417
40603	0	0.04119462696354023	0.2559711560853808	0.594001	1.0
40606	135	0.021249784801100565	0.11882772349535109	0.762001	1.0
40607	4292	0.0876094677830874	0.6813669188475624	0.199001	0.8576617104442713
40610	0	0.052286087373832446	0.34368630081063567	0.42600099999999996	0.9806120979123172
40613	0	0.053543268380989884	0.35416322008139833	0.451001	0.9969735410862104
40620	0	0.022394129778034913	0.126005593484813	0.764001	1.0
40632	0	0.0	-0.0	1.0	1.0
40645	1598	0.0020965243197436185	0.010539623290239003	0.981001	1.0
40656	4731	0.0	-0.0	1.0	1.0
40668	0	0.01322308355719297	0.07075995396890414	0.864001	1.0
40683	0	0.18806804382389603	2.1856371497511744	0.003001	0.4159234050632912
40707	2038	0.21147873490966157	2.664185792170156	0.001001	0.2149009607843137
40708	0	0.0	-0.0	1.0	1.0
40719	0	0.015284318821146335	0.08272659119366915	0.839001	1.0
40725	0	0.0033056686196922536	0.016732793336691507	0.953001	1.0
40740	20	0.11337400937774339	0.9871900021736055	0.086001	0.7979872449152542
40752	0	0.0	-0.0	1.0	1.0
40755	0	0.08887016025980239	0.6951297457358137	0.201001	0.8576617104442713
40757	0	0.06310313975228313	0.43747159201683705	0.386001	0.9611837500568569
40770	0	0.014417283217592725	0.07766151532744577	0.849001	1.0
40779	0	0.10360248436646811	0.8650601583026041	0.153001	0.8310208384376389
40785	0	0.05128738538349524	0.3354418502276087	0.47300099999999995	1.0
40802	3329	0.0	-0.0	1.0	1.0
40808	0	0.007281798817916109	0.037696326757468646	0.9260010000000001	1.0
40809	0	0.07964746923556995	0.5972319629412883	0.251001	0.896185036881268
40826	557	0.061929976688335726	0.42689872982825594	0.49300099999999997	1.0
40842	3972	0.0	-0.0	1.0	1.0
40873	0	0.0	-0.0	1.0	1.0
40874	52	0.0012544184022221072	0.006276020326405234	0.981001	1.0
40879	2277	0.053826989084254415	0.356542902220855	0.527001	1.0
40884	4732	0.006409195936141178	0.033016570399238304	0.9200010000000001	1.0
40891	0	0.016183806621364535	0.08802970571962143	0.823001	1.0
40902	0	0.02546948126412415	0.14570414531200143	0.688001	1.0
40913	192	0.002544978719688771	0.012826762411471558	0.972001	1.0
40923	655	0.0	-0.0	1.0	1.0
40925	0	0.0	-0.0	1.0	1.0
40955	0	0.06942068161887754	0.49611240796244405	0.324001	0.9352299346354166
40957	0	0.11980845957463075	1.071801923702911	0.008001	0.5374414049079754
40988	0	0.05348951923916831	0.3537130374151911	0.465001	1.0
40991	4136	0.04280619148160467	0.2681956032309493	0.5430010000000001	1.0
41011	0	0.04954650541388073	0.3212358868278962	0.518001	1.0
41022	0	0.07867143358175051	0.5872463975448957	0.247001	0.8949779001318391
41056	1647	0.06181742535397014	0.4258895662768126	0.36900099999999997	0.955353972333885
41057	2639	0.0	-0.0	1.0	1.0
41065	0	0.013729333251209976	0.07367513751565984	0.832001	1.0
41084	0	0.039612770724208886	0.24414180327636423	0.579001	1.0
41087	129	0.1280856396982415	1.185618858106337	0.064001	0.7875692535087719
41093	0	0.05590593605815652	0.3741518312692748	0.387001	0.9613539146865807
41123	4522	0.008560779500864285	0.044636512628229354	0.884001	1.0
41149	0	0.09940605644047976	0.8149340659025294	0.146001	0.8295614680851063
41157	0	0.02912929125349044	0.16993019464711034	0.6560010000000001	1.0
41161	0	0.0	-0.0	1.0	1.0
41163	0	0.017040955185636718	0.09312929033695964	0.816001	1.0
41170	0	0.010205831847811434	0.05370559919019179	0.877001	1.0
41179	0	0.0	-0.0	1.0	1.0
41183	3047	0.02951802627201048	0.1725539194524477	0.770001	1.0
41185	0	0.08776442501899251	0.6830520285960473	0.191001	0.854495733522038
41186	0	0.07281851182394541	0.5288529360897204	0.29700099999999996	0.9201652374080361
41193	0	0.07785521115040567	0.5789504597711763	0.259001	0.898348226095003
41201	913	0.028360456614284577	0.16476968888118307	0.780001	1.0
41204	0	0.021415038667929175	0.11985920739993954	0.817001	1.0
41209	0	0.02843465440243048	0.16526605534689554	0.6870010000000001	1.0
41234	0	0.0693498475990759	0.49543885974761925	0.328001	0.9352299346354166
41235	1274	0.031837770202310926	0.18841397469519855	0.653001	1.0
41240	0	0.07780097635613417	0.5784009871308965	0.266001	0.898348226095003
41241	0	0.16000428224300164	1.678491016051488	0.009000999999999999	0.5663905114942528
41242	1607	0.017613648076683495	0.09656166030306033	0.7920010000000001	1.0
41244	0	0.04933885835585635	0.31955542212853116	0.47200099999999995	1.0
41246	3831	0.0	-0.0	1.0	1.0
41258	0	0.12537726769149393	1.1477560801621527	0.066001	0.7875692535087719
41273	0	0.0	-0.0	1.0	1.0
41292	2709	0.11967735555011626	1.0700443604774368	0.090001	0.8087418417207791
41296	0	0.0	-0.0	1.0	1.0
41297	1729	0.013246342750509218	0.07089354967699997	0.858001	1.0
41301	492	0.0	-0.0	1.0	1.0
41307	21	0.1302000821451622	1.215601079398392	0.066001	0.7875692535087719
41309	831	0.01985074766971537	0.11016348590794288	0.7930010000000001	1.0
41314	0	0.04919671045335081	0.3184067493646187	0.587001	1.0
41317	2173	0.022405625038793748	0.1260781137344964	0.725001	1.0
41318	0	0.0	-0.0	1.0	1.0
41330	0	0.028166539373823556	0.16347409636392152	0.704001	1.0
41340	0	0.12295272697755301	1.1143745051092604	0.093001	0.8119952763466043
41343	0	0.0040519646227765715	0.020597389625283968	0.942001	1.0
41347	0	0.003532677026683584	0.017904917242010803	0.960001	1.0
41348	0	0.10552375987246944	0.8884730024040309	0.129001	0.8235754804664723
41358	1716	0.0	-0.0	1.0	1.0
41360	0	0.1560504712678626	1.6126830146014932	0.014001	0.5816998406250001
41371	4599	0.0	-0.0	1.0	1.0
41386	0	0.010957774158124454	0.05790470035864395	0.9070010000000001	1.0
41389	4058	0.0	-0.0	1.0	1.0
41392	1197	0.1675737974814179	1.8083202672529852	0.022001	0.6067731712846347
41398	1007	0.026164739646252516	0.1502405362081099	0.696001	1.0
41400	1110	0.1334066620645388	1.261780052447682	0.057001	0.7811063191489362
41407	0	0.021745020780819593	0.12192400678932185	0.746001	1.0
41409	0	0.08088675415481894	0.6100135198482416	0.240001	0.8917607127407907
41412	0	0.019878207395349238	0.11033237115073694	0.770001	1.0
41436	4146	0.11738640973790415	1.0395582258202656	0.096001	0.8148177899224807
41437	0	0.12031154553257226	1.0785592462085922	0.088001	0.8036054620517097
41442	2001	0.061929976688335726	0.42689872982825594	0.49300099999999997	1.0
41458	0	0.0	-0.0	1.0	1.0
41465	0	0.019757311748007447	0.1095891790611731	0.766001	1.0
41474	2733	0.010106516454504253	0.053153512213914754	0.884001	1.0
41484	0	0.060579410294889245	0.41484891947690816	0.37100099999999997	0.9573627030403016
41488	0	0.003926092926626842	0.019943319404205757	0.957001	1.0
41500	0	0.033203447963173385	0.19791467148431457	0.615001	1.0
41517	0	0.061217223396352285	0.4205232900819378	0.36700099999999997	0.9537844645145975
41534	0	0.007524202775218356	0.03900428164449383	0.939001	1.0
41570	0	0.009964101497282246	0.05236286413276976	0.882001	1.0
41574	0	0.04106443706524849	0.2549912384688006	0.579001	1.0
41575	1343	0.0047411210706696585	0.024194763446590592	0.963001	1.0
41580	3601	0.005898347851476329	0.030297624413167214	0.9270010000000001	1.0
41584	1202	0.05808055720241718	0.39289635950184565	0.374001	0.9576559749766136
41601	0	0.011055250725985625	0.05845151793795625	0.861001	1.0
41610	0	0.006390487329537044	0.0329167257898062	0.9140010000000001	1.0
41629	0	0.08058652255509345	0.6069064661778373	0.246001	0.8949779001318391
41641	0	0.10012977539329045	0.8234801531828091	0.165001	0.8310208384376389
41646	0	0.05578792265833758	0.3731441249779309	0.42700099999999996	0.9806120979123172
41664	0	0.12800342904378972	1.1844606281370913	0.059001	0.7875692535087719
41690	0	0.018230965573576743	0.10028410741584196	0.768001	1.0
41692	0	0.06424511600378749	0.4478582278661891	0.510001	1.0
41693	0	0.11054790231282355	0.951083851926846	0.082001	0.7875692535087719
41699	2016	0.054005352705254694	0.3580417910648946	0.445001	0.991113903376729
41712	600	0.0	-0.0	1.0	1.0
41740	4006	0.09673613556139223	0.7837601912243064	0.155001	0.8310208384376389
41748	2582	0.0642372422342912	0.4477862924511701	0.376001	0.9581348300623412
41755	0	0.023924678017224112	0.13573452699710145	0.766001	1.0
41756	0	0.1773387899247102	1.983353061897036	0.009000999999999999	0.5663905114942528
41760	182	0.031261887324499145	0.18444410924282806	0.6760010000000001	1.0
41770	0	0.09355342043391603	0.7473234374873579	0.164001	0.8310208384376389
41772	0	0.0	-0.0	1.0	1.0
41773	0	0.0	-0.0	1.0	1.0
41778	0	0.05421317987175887	0.35979108477280286	0.42800099999999996	0.9806120979123172
41779	0	0.00476246524421838	0.024306619816333853	0.939001	1.0
41780	0	0.09932784706903602	0.8140129803775268	0.147001	0.8310208384376389
41790	0	0.022622028221891972	0.127444887376456	0.734001	1.0
41800	3441	0.02271018219597763	0.12800249974010047	0.747001	1.0
41806	2710	0.0	-0.0	1.0	1.0
41807	0	0.08601383401061934	0.6641212986446677	0.223001	0.8836908972131741
41809	3248	0.0	-0.0	1.0	1.0
41819	0	0.09086921813148323	0.7172025161333734	0.262001	0.898348226095003
41834	3518	0.1196252260325487	1.069345908636564	0.084001	0.794923897147796
41838	0	0.0	-0.0	1.0	1.0
41845	0	0.17201433274984596	1.8868530407916055	0.009000999999999999	0.5663905114942528
41855	0	0.030407881467764672	0.17859663226376504	0.635001	1.0
41856	0	0.002923121699476873	0.014764301554636344	0.972001	1.0
41858	1971	0.005004371392644029	0.02557620678738607	0.944001	1.0
41885	0	0.023423994020734806	0.13253568289951187	0.716001	1.0
41897	0	0.0	-0.0	1.0	1.0
41901	0	0.1396866215399912	1.3547187042165365	0.043001	0.7473300777777777
41914	0	0.0	-0.0	1.0	1.0
41919	0	0.1680048192178222	1.8158658935126235	0.013000999999999999	0.5816998406250001
41922	2582	0.03993615319154359	0.24654647272618427	0.6750010000000001	1.0
41929	0	0.004051493802040654	0.02059494137704484	0.972001	1.0
41935	0	0.11054790231282355	0.951083851926846	0.082001	0.7875692535087719
41937	0	0.10799086297495804	0.9189666777081015	0.133001	0.8241244759479344
41944	0	0.0	-0.0	1.0	1.0
41946	742	0.144571484960501	1.429319082095098	0.043001	0.7473300777777777
41948	4693	0.0770564294591755	0.5708798523575881	0.275001	0.9085654643934822
41949	0	0.04202380519139008	0.26223899204943035	0.573001	1.0
41958	0	0.15074518677939053	1.5265222885804497	0.026001	0.6426296817155757
41961	913	0.0	-0.0	1.0	1.0
41979	0	0.06920839042738801	0.4940948636029252	0.326001	0.9352299346354166
41994	0	0.057154931540240796	0.3848769884012814	0.449001	0.9953658532091517
41997	0	0.094018302004997	0.7525966032389934	0.193001	0.854495733522038
42000	0	0.14794830767881598	1.4820802416256889	0.035001000000000004	0.7096776833333334
42006	0	0.04602132685138502	0.2931089542159716	0.49400099999999997	1.0
42026	0	0.053826989084254415	0.356542902220855	0.527001	1.0
42037	0	0.033412811444848076	0.19938193091478404	0.649001	1.0
42038	0	0.0	-0.0	1.0	1.0
42040	0	0.023049395944463924	0.13015273386192566	0.755001	1.0
42049	0	0.07784317917946551	0.5788285405316408	0.252001	0.896185036881268
42052	0	0.0	-0.0	1.0	1.0
42081	0	0.036289486044906755	0.21983361271563528	0.608001	1.0
42085	2648	0.02248185543388663	0.12655923908412298	0.725001	1.0
42090	3218	0.18313612674334734	2.091345313338433	0.006001	0.49033544029850745
42098	0	0.010112058839845861	0.053184306430957236	0.886001	1.0
42116	0	0.12226975417520276	1.1050584022483345	0.071001	0.7875692535087719
42118	0	0.05250432750493878	0.3454971409361879	0.448001	0.9947602816872845
42128	147	0.11053555867610068	0.9509275563606188	0.134001	0.8242567129213484
42161	4291	0.10561287600202826	0.8895660727438581	0.128001	0.823432990011751
42173	0	0.030446314760056416	0.1788587737291533	0.638001	1.0
42203	0	0.0	-0.0	1.0	1.0
42218	0	0.0	-0.0	1.0	1.0
42240	3107	0.10835693673222282	0.9235326537671895	0.118001	0.820033522468544
42242	0	0.06887487393302856	0.49093187058816734	0.30700099999999997	0.927731210178817
42246	0	0.16561609533525334	1.7742560650728068	0.026001	0.6426296817155757
42261	0	0.03393573363585504	0.20305920445924275	0.624001	1.0
42265	0	0.05233932503698671	0.3441277328656251	0.441001	0.9884380653019446
42267	3244	0.0	-0.0	1.0	1.0
42268	0	0.07972374366819086	0.5980153080911073	0.260001	0.898348226095003
42276	0	0.015396250721478839	0.08338381652057959	0.826001	1.0
42277	0	0.09447227067364367	0.7577621171809814	0.170001	0.8310208384376389
42299	0	0.0	-0.0	1.0	1.0
42340	1829	0.07306754453526704	0.5312858738474573	0.30500099999999997	0.927731210178817
42344	0	0.07288947649053643	0.5295457639099727	0.313001	0.9281849214362851
42351	1068	0.08778064041221936	0.6832284715949977	0.213001	0.8734636513108613
42364	0	0.0	-0.0	1.0	1.0
42365	0	0.03482199151383851	0.20933247188944978	0.634001	1.0
42366	4634	0.11838592413095414	1.0528064691620296	0.093001	0.8119952763466043
42368	0	0.07102045381706326	0.5114219797395935	0.30000099999999996	0.9231902611017424
42371	0	0.02088813253673491	0.11657631189537421	0.767001	1.0
42373	0	0.09627050179039291	0.7783803697274435	0.158001	0.8310208384376389
42392	988	0.07631356461397729	0.5634167977787816	0.259001	0.898348226095003
42405	0	0.04972789584151262	0.3227062941052293	0.48500099999999996	1.0
42422	4736	0.01927862986246037	0.10665544985444828	0.769001	1.0
42423	3249	0.03274438703993241	0.19470751453190335	0.653001	1.0
42431	0	0.061929976688335726	0.42689872982825594	0.49300099999999997	1.0
42452	4006	0.0	-0.0	1.0	1.0
42473	0	0.06300863864823977	0.4366162701291343	0.387001	0.9613539146865807
42489	4136	0.06010775995302571	0.41067147763856987	0.379001	0.9581348300623412
42492	0	0.0	-0.0	1.0	1.0
42501	1402	0.10674470457079153	0.9035035528524815	0.132001	0.8241244759479344
42520	0	0.1610498846907124	1.696123513453109	0.014001	0.5816998406250001
42545	0	0.1090436383323608	0.9321265980250829	0.109001	0.820033522468544
42546	0	0.06410111752700609	0.44654335100827486	0.36000099999999996	0.9474113012943431
42566	0	0.04989814421932119	0.3240884470065244	0.47700099999999995	1.0
42587	499	0.11865088991690485	1.056332129157837	0.016001	0.5816998406250001
42615	891	0.08121509183006821	0.6134191854128221	0.250001	0.896185036881268
42628	0	0.09634047368175853	0.7791877317523788	0.169001	0.8310208384376389
42630	0	0.0417997645201873	0.260540884935528	0.5460010000000001	1.0
42655	4737	0.10247556669439589	0.8514631298877409	0.164001	0.8310208384376389
42657	0	0.1019109863269028	0.8446887136883477	0.151001	0.8310208384376389
42663	0	0.0	-0.0	1.0	1.0
42699	0	0.002718503685552442	0.013714851848807854	0.982001	1.0
42705	0	0.08972363882699087	0.7045160387138767	0.197001	0.8576617104442713
42706	0	0.0	-0.0	1.0	1.0
42713	0	0.08434642704071929	0.6463066187804227	0.23400100000000001	0.8917607127407907
42720	0	0.14232620677635066	1.3947775827143347	0.034001	0.7037371436672969
42738	0	0.10688872530977793	0.9052843396612021	0.097001	0.8157173187403994
42770	0	0.17607521409666838	1.9602205546193598	0.008001	0.5374414049079754
42777	0	0.010370348976240389	0.05462143247099164	0.896001	1.0
42795	0	0.04560463000740106	0.2898404223455702	0.528001	1.0
42808	0	0.11287029094533271	0.9807075155869244	0.10100100000000001	0.8161328036900369
42811	0	0.09549949676238689	0.7695094131948709	0.193001	0.854495733522038
42817	147	0.13313551704889967	1.257841956681253	0.065001	0.7875692535087719
42828	2131	0.039128252906173555	0.24055201460991968	0.604001	1.0
42845	600	0.02141503866792917	0.11985920739993954	0.835001	1.0
42853	0	0.041465318160923526	0.2580122503306213	0.5390010000000001	1.0
42879	0	0.1404396350814861	1.3660862921835506	0.035001000000000004	0.7096776833333334
42897	0	0.0	-0.0	1.0	1.0
42898	0	0.08573096104155441	0.6610842113102477	0.225001	0.8848907862787356
42904	0	0.021099821542750485	0.11789315828149426	0.754001	1.0
42906	0	0.10432186197274254	0.8737923622842831	0.136001	0.8255721652406417
42907	0	0.075555881597986	0.5558470760174494	0.28200099999999995	0.9113426649940967
42918	0	0.05803777333574049	0.39252435663580776	0.41500099999999995	0.9765411452826133
42926	4738	0.004051493802040654	0.02059494137704484	0.972001	1.0
42932	2100	0.0	-0.0	1.0	1.0
42933	0	0.061929976688335726	0.42689872982825594	0.49300099999999997	1.0
42938	0	0.0	-0.0	1.0	1.0
42946	940	0.13186961084696358	1.239537372938424	0.058001000000000004	0.7869305439900868
42962	735	0.0	-0.0	1.0	1.0
42968	0	0.0	-0.0	1.0	1.0
42971	1397	0.061929976688335726	0.42689872982825594	0.49300099999999997	1.0
42972	2018	0.11215319057070057	0.9715141813849679	0.121001	0.820033522468544
42979	0	0.12357646167714817	1.1229160207242554	0.07000100000000001	0.7875692535087719
42992	2764	0.08623893950057959	0.6665425045179563	0.28200099999999995	0.9113426649940967
42993	0	0.09500834786875981	0.7638824583861671	0.176001	0.8342142636363636
42994	0	0.02491703658726329	0.14212148675405414	0.720001	1.0
43011	1311	0.015175467632208249	0.082088187621638	0.830001	1.0
43020	913	0.11639350455176359	1.0264779059524374	0.095001	0.8119952763466043
43044	0	0.03468038010933403	0.2083266295126719	0.621001	1.0
43060	0	0.0561421283997062	0.3761715990007881	0.508001	1.0
43065	0	0.033064149308722146	0.19694002796568272	0.631001	1.0
43073	0	0.018794348168963363	0.1037018611784881	0.772001	1.0
43083	821	0.13139321165717874	1.2326834664989101	0.060001	0.7875692535087719
43087	0	0.019575261502101357	0.10847175945564774	0.775001	1.0
43090	0	0.06380785499778632	0.44387012815427673	0.34700099999999995	0.9406570807130477
43095	1567	0.05100412099180345	0.33311605928818566	0.48100099999999996	1.0
43101	0	0.07339558382449465	0.5344976408769048	0.31100099999999997	0.9281849214362851
43104	0	0.003478010615523063	0.017622383181531275	0.962001	1.0
43108	3582	0.0888151897045014	0.6945271071503418	0.245001	0.8947684953302201
43111	0	0.05297407099572804	0.3494060739547758	0.468001	1.0
43120	0	0.033212826710106905	0.19798033819884536	0.630001	1.0
43129	0	0.061929976688335726	0.42689872982825594	0.49300099999999997	1.0
43132	0	0.02788913162253393	0.1616248872593743	0.6870010000000001	1.0
43135	4020	0.07786320875098729	0.5790315049463693	0.255001	0.8971741481362466
43150	0	0.0983887254117666	0.8029901374184287	0.144001	0.8280813807773109
43156	0	0.07236441780430632	0.5244283879764722	0.254001	0.8968258461786519
43169	0	0.0	-0.0	1.0	1.0
43173	0	0.077913346310472	0.5795396918505114	0.276001	0.9099650071748879
43194	0	0.0015747917053394005	0.007893290689871256	0.988001	1.0
43204	1254	0.08158908216116455	0.6173082471925161	0.23400100000000001	0.8917607127407907
43207	1408	0.027075206915928768	0.15622770622372353	0.714001	1.0
43236	831	0.019010864303977637	0.10502057692358788	0.776001	1.0
43248	0	0.1773108660980515	1.9828402934916551	0.012001	0.5816998406250001
43252	4673	0.025618040155815727	0.146670872084799	0.710001	1.0
43265	0	0.03387324157195442	0.20261880755538478	0.642001	1.0
43266	994	0.09758090871033877	0.7935635817899244	0.176001	0.8342142636363636
43275	0	0.09180999573109395	0.7276963362856431	0.185001	0.8464588169661512
43280	147	0.054824219006926946	0.36495174958888965	0.43300099999999997	0.9833909871395975
43293	0	0.0	-0.0	1.0	1.0
43295	878	0.091785914433655	0.7274268745444228	0.187001	0.8502798791528239
43297	0	0.0954983644683215	0.7694964192977893	0.172001	0.8318787654808959
43305	4745	0.1249486592736021	1.14181969956051	0.071001	0.7875692535087719
43307	0	0.07811704156169369	0.5816062438188206	0.253001	0.896185036881268
43309	4071	0.10978647591919902	0.9414654754071167	0.108001	0.820033522468544
43318	887	0.08232385463506747	0.6249796579258623	0.238001	0.8917607127407907
43324	0	0.10941891506795305	0.9368390266566882	0.100001	0.8158799918032787
43333	0	0.07119053395014292	0.5130606326217617	0.399001	0.9669459825143869
43348	0	0.04119462696354023	0.2559711560853808	0.594001	1.0
43358	0	0.045000599013337035	0.28512346769610664	0.5340010000000001	1.0
43369	2737	0.006253878113359198	0.03218828763112567	0.9250010000000001	1.0
43372	0	0.15597291109422878	1.611405761292378	0.022001	0.6067731712846347
43380	3196	0.0	-0.0	1.0	1.0
43389	0	0.09272959968066538	0.7380198236347952	0.198001	0.8576617104442713
43398	0	0.08194900302457467	0.6210609335548946	0.249001	0.8956346744415243
43415	0	0.0026570923196750605	0.01340035431547467	0.976001	1.0
43447	2001	0.18320683692920836	2.092681422411217	0.006001	0.49033544029850745
43455	0	0.18267061843681212	2.0825606910615364	0.013000999999999999	0.5816998406250001
43472	887	0.0	-0.0	1.0	1.0
43481	0	0.01649497599940001	0.0898757911075732	0.832001	1.0
43492	0	0.02861317114764851	0.16646174204132677	0.6730010000000001	1.0
43532	0	0.009981096648946062	0.05245715295260182	0.884001	1.0
43555	1482	0.00954004043248894	0.05001574905448675	0.870001	1.0
43564	0	0.03606170352315797	0.2181943247346086	0.575001	1.0
43584	4025	0.065473428173657	0.45913488794010415	0.34800099999999995	0.941649075653031
43592	2364	0.054071087129187685	0.3585947549886897	0.464001	1.0
43600	0	0.05515994303179664	0.3677983171530557	0.388001	0.9613539146865807
43603	0	0.0	-0.0	1.0	1.0
43620	0	0.014763604522534312	0.07967917750646297	0.848001	1.0
43625	0	0.013947224650399508	0.07493461897185166	0.853001	1.0
43627	4746	0.017770927364813626	0.09750782954438715	0.8100010000000001	1.0
43644	0	0.030973878283799484	0.18246679222056808	0.6630010000000001	1.0
43653	0	0.021878315021817595	0.12276000324862191	0.746001	1.0
43677	0	0.0	-0.0	1.0	1.0
43680	0	0.10476005402419405	0.8791314329035671	0.120001	0.820033522468544
43704	0	0.07950200200794892	0.5957392086684166	0.266001	0.898348226095003
43705	4666	0.024195814497028678	0.13747341240932254	0.744001	1.0
43706	0	0.01606663607603037	0.08733610075495297	0.8050010000000001	1.0
43720	0	0.006691630261424237	0.03452636749941636	0.9170010000000001	1.0
43723	0	0.028322374307846676	0.16451506421699308	0.6870010000000001	1.0
43740	4412	0.0	-0.0	1.0	1.0
43742	1192	0.042997360327739945	0.2696573286433413	0.5500010000000001	1.0
43767	0	0.07080486256687629	0.5093478912243979	0.29900099999999996	0.9221864645070421
43780	0	0.03660127058296399	0.22208300080027618	0.595001	1.0
43781	0	0.08719635238933678	0.6768833683747291	0.207001	0.8659326802281369
43793	0	0.053826989084254415	0.356542902220855	0.527001	1.0
43796	0	0.004051493802040654	0.02059494137704484	0.972001	1.0
43799	3196	0.15553706400388323	1.6042380337472213	0.018001	0.5900986497005988
43804	887	0.08843773737131136	0.6903953604980294	0.205001	0.8652875670778719
43813	0	0.01117894310113992	0.05914621825725667	0.851001	1.0
43848	0	0.0	-0.0	1.0	1.0
43855	0	0.09538684475884422	0.7682171370536668	0.167001	0.8310208384376389
43863	1160	0.06735680212813393	0.476637114422385	0.324001	0.9352299346354166
43886	349	0.11043990334608184	0.9497167788885821	0.102001	0.8168629476327116
43927	884	0.006366633117492457	0.03278944972465698	0.951001	1.0
43945	425	0.0	-0.0	1.0	1.0
43960	4053	0.05303488764228232	0.34991327912277925	0.462001	1.0
43968	0	0.06760052880151189	0.4789208534380227	0.34500099999999995	0.9398895120676785
43976	0	0.010760309824536907	0.056798720632189416	0.868001	1.0
44000	0	0.0	-0.0	1.0	1.0
44036	4053	0.0	-0.0	1.0	1.0
44041	0	0.0493729889562012	0.319831433063153	0.512001	1.0
44048	3804	0.06945157235150677	0.496406257120357	0.341001	0.9398895120676785
44060	0	0.012993213766010772	0.06944139047816097	0.847001	1.0
44113	1740	0.0	-0.0	1.0	1.0
44121	0	0.06903120934099824	0.4924135098726461	0.314001	0.9281849214362851
44148	499	0.020992530835465432	0.1172253889925658	0.778001	1.0
44158	0	0.06203826684375882	0.42787054171678374	0.35000099999999995	0.942257425374969
44166	0	0.06460102797484002	0.45111452974563376	0.377001	0.9581348300623412
44169	1182	0.04143233808049092	0.257763306885486	0.578001	1.0
44177	0	0.01398351010069082	0.07514463996676961	0.859001	1.0
44179	297	0.011306476999171002	0.05986345367956141	0.872001	1.0
44184	4253	0.0	-0.0	1.0	1.0
44186	4070	0.03538109487766242	0.21331657980224922	0.639001	1.0
44193	0	0.05367900263030136	0.35530097737156713	0.42200099999999996	0.9795397390290438
44201	0	0.0	-0.0	1.0	1.0
44223	0	0.06716576142405334	0.47485006097649285	0.321001	0.9341783118706941
44232	0	0.010080748437410025	0.053010365795414266	0.885001	1.0
44235	0	0.028360456614284577	0.16476968888118307	0.780001	1.0
44255	352	0.0	-0.0	1.0	1.0
44256	1701	0.0	-0.0	1.0	1.0
44259	0	0.04112579554149097	0.2554529315886265	0.5420010000000001	1.0
44265	0	0.061929976688335726	0.42689872982825594	0.49300099999999997	1.0
44278	0	0.0311365260309798	0.18358278348712004	0.650001	1.0
44281	0	0.07372852303181146	0.5377654914634363	0.29800099999999996	0.9206582813205417
44295	2806	0.04877726777739129	0.3150254211187754	0.48500099999999996	1.0
44297	0	0.035694843051220754	0.2155613345347771	0.610001	1.0
44299	1756	0.03107092167529566	0.1831324391842282	0.643001	1.0
44306	1066	0.06528656418233439	0.4574123448221513	0.329001	0.9354017005972475
44322	4455	0.04477070464172566	0.28333471750703243	0.5320010000000001	1.0
44347	0	0.0	-0.0	1.0	1.0
44351	0	0.06003062655665569	0.4099898080148189	0.42900099999999997	0.9806120979123172
44355	0	0.10403783314530404	0.8703397771204333	0.159001	0.8310208384376389
44358	0	0.0	-0.0	1.0	1.0
44367	0	0.0659530410228734	0.4635675813762412	0.329001	0.9354017005972475
44388	0	0.11084640598252235	0.9548672329168977	0.134001	0.8242567129213484
44390	1148	0.011615593549111597	0.06160593479598992	0.865001	1.0
44393	929	0.03418308771493532	0.20480488232812294	0.621001	1.0
44401	0	0.03209888465461339	0.19022108334732718	0.634001	1.0
44404	0	0.10105453475755417	0.8344599968674	0.142001	0.8265650978203083
44440	746	0.061929976688335726	0.42689872982825594	0.49300099999999997	1.0
44442	1500	0.1163413897381684	1.0257935647895031	0.078001	0.7875692535087719
44446	370	0.053826989084254415	0.356542902220855	0.527001	1.0
44465	1085	0.10696324696668222	0.9062064319905412	0.129001	0.8235754804664723
44469	0	0.17964674621738236	2.025978883756588	0.008001	0.5374414049079754
44478	3463	0.1702575789990872	1.8555732639277793	0.010001	0.5816998406250001
44492	1979	0.014112299398274221	0.07589072009536531	0.843001	1.0
44493	0	0.014542784263925461	0.07839183977971487	0.828001	1.0
44505	0	0.05016095724105887	0.32622601258453127	0.502001	1.0
44520	0	0.0732308602520773	0.5328838744200826	0.29500099999999996	0.9178647198067631
44537	3055	0.0	-0.0	1.0	1.0
44538	0	0.0	-0.0	1.0	1.0
44541	2722	0.07125026003744538	0.5136365720883843	0.320001	0.9341783118706941
44551	1283	0.03872578896012993	0.23758207653205027	0.574001	1.0
44552	935	0.061929976688335726	0.42689872982825594	0.49300099999999997	1.0
44558	656	0.003990582607295486	0.020278314044972965	0.952001	1.0
44568	0	0.0538269890842544	0.3565429022208548	0.5510010000000001	1.0
44575	0	0.0	-0.0	1.0	1.0
44577	0	0.03535009858837688	0.21309516475069504	0.634001	1.0
44579	0	0.0	-0.0	1.0	1.0
44581	147	0.1007447916021249	0.8307748831915199	0.145001	0.8295614680851063
44586	0	0.07067041210777653	0.508056138050394	0.312001	0.9281849214362851
44598	0	0.0654574258693252	0.4589872773657899	0.323001	0.9348501054718477
44618	0	0.0	-0.0	1.0	1.0
44629	0	0.09048408370893471	0.7129261899522926	0.218001	0.8768894008082292
44630	0	0.07813595189649836	0.5817982519930022	0.334001	0.935934153865782
44632	2540	0.021301443721531983	0.11914998539740437	0.773001	1.0
44639	0	0.1483076886701999	1.4877530203519505	0.028001	0.6564945374732334
44644	0	0.2520599905705169	3.620015884632302	1e-06	0.00043795999999999993
44648	0	0.004051493802040654	0.02059494137704484	0.972001	1.0
44650	2610	0.0	-0.0	1.0	1.0
44657	0	0.0	-0.0	1.0	1.0
44662	0	0.0	-0.0	1.0	1.0
44671	0	0.04189620949224035	0.26127147119735505	0.5490010000000001	1.0
44676	19	0.0	-0.0	1.0	1.0
44680	0	0.012531371771991873	0.06680184677606928	0.841001	1.0
44717	1148	0.006119547881561618	0.031473067554443936	0.9300010000000001	1.0
44724	3682	0.08187263633865684	0.6202638878572163	0.249001	0.8956346744415243
44725	2650	0.0470343162653799	0.30110420546364447	0.518001	1.0
44745	0	0.1151781809437272	1.010576225510851	0.040001	0.7385682107925801
44749	0	0.006626242042676485	0.03417640821967188	0.9230010000000001	1.0
44751	0	0.0315025885286912	0.18610076778590423	0.654001	1.0
44759	0	0.0	-0.0	1.0	1.0
44784	0	0.011270219638621758	0.05965944744562319	0.877001	1.0
44789	0	0.026124934899587234	0.14997998946085914	0.6780010000000001	1.0
44790	0	0.04836861713256507	0.31174274046888867	0.510001	1.0
44800	2491	0.0	-0.0	1.0	1.0
44801	0	0.031840716564035684	0.1884343409791969	0.647001	1.0
44802	0	0.05479809300003673	0.36473056143696225	0.440001	0.9884380653019446
44824	0	0.0017175806649491008	0.008615993977202968	0.977001	1.0
44831	499	0.11304884330775249	0.9830030162097071	0.11700100000000001	0.820033522468544
44849	1068	0.2013891591825745	2.4515999901266294	0.004001	0.4294798921568628
44859	0	0.0	-0.0	1.0	1.0
44864	0	0.0	-0.0	1.0	1.0
44871	0	0.0	-0.0	1.0	1.0
44876	2258	0.15451561684461781	1.5875046774266155	0.019001	0.5978216925287356
44897	0	0.05868302482174902	0.39814853474327394	0.395001	0.9658030256811075
44903	3225	0.06324606028308244	0.43876637152773457	0.387001	0.9613539146865807
44906	0	0.0	-0.0	1.0	1.0
44907	0	0.0	-0.0	1.0	1.0
44922	1373	0.08064851596302863	0.6075474729642282	0.251001	0.896185036881268
44925	0	0.06508214469448365	0.455530858403873	0.342001	0.9398895120676785
44928	2823	0.11870027398548415	1.0569898700435356	0.103001	0.8168629476327116
44930	0	0.04687642541019351	0.2998533991571273	0.512001	1.0
44934	0	0.0	-0.0	1.0	1.0
44943	1804	0.12670277309576677	1.1662107378145337	0.078001	0.7875692535087719
44964	0	0.02604531729883278	0.14945914578553177	0.7850010000000001	1.0
44969	994	0.15330154093953002	1.5677337525518327	0.025001000000000002	0.6307279930875577
44983	0	0.034151042782949725	0.20457850196791968	0.608001	1.0
44984	4640	0.0813981658336521	0.6153216273846235	0.219001	0.8786522348845732
44987	0	0.0	-0.0	1.0	1.0
44992	532	0.0	-0.0	1.0	1.0
45013	0	0.1376253713215905	1.3238473190985962	0.051001	0.7632157493297588
45044	1185	0.0	-0.0	1.0	1.0
45045	0	0.08323846400714831	0.6345854806538637	0.227001	0.8860727090909091
45069	2243	0.0012128821571235193	0.006066771933691188	0.990001	1.0
45074	0	0.0	-0.0	1.0	1.0
45077	0	0.002679515039672318	0.013515159520868196	0.979001	1.0
45081	3321	0.1253245917689045	1.1470256833826853	0.081001	0.7875692535087719
45089	1537	0.009839342090670163	0.051671227800643135	0.9260010000000001	1.0
45091	0	0.08083754083886298	0.6095037547936388	0.253001	0.896185036881268
45096	812	0.0	-0.0	1.0	1.0
45109	0	0.053826989084254415	0.356542902220855	0.527001	1.0
45117	0	0.1634672344600096	1.7372572415333332	0.015000999999999999	0.5816998406250001
45118	160	0.11865088991690485	1.056332129157837	0.016001	0.5816998406250001
45130	297	0.01444982734050403	0.077850806426253	0.827001	1.0
45154	0	0.12561675547945572	1.151079669037237	0.061001	0.7875692535087719
45165	2744	0.016463975068897227	0.08969160470747822	0.831001	1.0
45172	0	0.016685589027088256	0.09100957892263599	0.822001	1.0
45178	2052	0.11980845957463075	1.071801923702911	0.008001	0.5374414049079754
45184	4085	0.036051365744148814	0.2181200079079443	0.589001	1.0
45186	0	0.004505982194769402	0.022964246657869572	0.953001	1.0
45199	0	0.10707519333964582	0.90759242828957	0.098001	0.8158799918032787
45209	988	0.03635080706879658	0.2202755090416757	0.588001	1.0
45216	0	0.0929721853826061	0.7407539623095736	0.188001	0.8519962537251655
45228	1483	0.10012977539329045	0.8234801531828091	0.165001	0.8310208384376389
45233	529	0.0	-0.0	1.0	1.0
45234	0	0.031006590747028183	0.18269110761436094	0.651001	1.0
45237	0	0.1300095714988126	1.212884458911603	0.052001	0.7632157493297588
45247	0	0.061103891339262896	0.4195128998256698	0.384001	0.9600036322022317
45257	935	0.03733835384786242	0.227426323954556	0.635001	1.0
45288	0	0.06219256644123647	0.4292566984504243	0.35900099999999996	0.9474113012943431
45298	0	0.13752498203366986	1.3223529545774697	0.049001	0.757785238700565
45299	0	0.015411393464676675	0.08347278816174135	0.838001	1.0
45300	3633	0.13614515014335082	1.3018992947143844	0.045001	0.7522380900763358
45305	4754	0.0	-0.0	1.0	1.0
45311	0	0.04594406518997766	0.29250202630090205	0.503001	1.0
45316	1728	0.1873307818826033	2.1713993681457584	0.005001	0.45252850413223145
45329	0	0.022016634697714213	0.12362869554254054	0.763001	1.0
45342	3809	0.0386399522352747	0.2369500512938449	0.593001	1.0
45343	1299	0.04176165016715172	0.2602523352296445	0.5470010000000001	1.0
45347	3107	0.013364684109209428	0.07157378312022879	0.854001	1.0
45353	0	0.0	-0.0	1.0	1.0
45360	1065	0.0	-0.0	1.0	1.0
45361	297	0.09202678778920916	0.7301241777736998	0.236001	0.8917607127407907
45368	0	0.0763920732837405	0.5642035833269636	0.265001	0.898348226095003
45375	1448	0.02951802627201048	0.1725539194524477	0.770001	1.0
45378	0	0.03392869487935688	0.20300958782114997	0.6600010000000001	1.0
45379	0	0.08305895283911971	0.6326951615072524	0.236001	0.8917607127407907
45387	0	0.0	-0.0	1.0	1.0
45388	0	0.030525868947989608	0.1794016918557862	0.6840010000000001	1.0
45398	0	0.0	-0.0	1.0	1.0
45412	0	0.048331503917060384	0.31144517985169756	0.47700099999999995	1.0
45421	0	0.07265967829700831	0.5273035878154396	0.30400099999999997	0.927677522017837
45422	0	0.06200845226957916	0.42760289763672377	0.385001	0.9600036322022317
45431	0	0.002658768230652738	0.013408934044462457	0.972001	1.0
45438	0	0.057048686108172174	0.38396037779793923	0.41500099999999995	0.9765411452826133
45445	0	0.12638955772192545	1.1618368299464858	0.069001	0.7875692535087719
45447	735	0.0	-0.0	1.0	1.0
45453	0	0.05643119792264834	0.3786488810489838	0.42500099999999996	0.980475336915297
45456	0	0.0029429819996400998	0.014866289992886774	0.974001	1.0
45474	2776	0.08971164847375734	0.704383786241201	0.253001	0.896185036881268
45515	2648	0.0	-0.0	1.0	1.0
45518	2937	0.09847864905687279	0.8040426228972908	0.181001	0.8415201481953289
45529	0	0.0	-0.0	1.0	1.0
45532	0	0.11038791975253756	0.9490590929309676	0.111001	0.820033522468544
45546	0	0.19380539139962438	2.298154985548978	0.004001	0.4294798921568628
45561	0	0.04567365478726105	0.2903810280791406	0.509001	1.0
45568	2550	0.07870317466595633	0.58757001239145	0.262001	0.898348226095003
45583	0	0.002620361393849524	0.013212353078769001	0.977001	1.0
45592	0	0.004051493802040654	0.02059494137704484	0.972001	1.0
45603	913	0.1259834749537267	1.1561781392011794	0.078001	0.7875692535087719
45604	0	0.10448705888857232	0.8758033898224395	0.136001	0.8255721652406417
45638	0	0.03747081887644056	0.22839041818601521	0.577001	1.0
45658	913	0.14672357977222647	1.462831462498344	0.037001	0.7273320448833034
45659	2161	0.10813620457831169	0.9207782203059649	0.137001	0.8255721652406417
45677	988	0.07395865004560656	0.5400290027081128	0.275001	0.9085654643934822
45689	2399	0.010121055238762295	0.05323429549795983	0.876001	1.0
45716	0	0.109505248096154	0.9379247207035191	0.092001	0.8090915253012048
45723	0	0.0333114635174132	0.19867130712962802	0.607001	1.0
45725	0	0.08188570013854829	0.6204002047519453	0.237001	0.8917607127407907
45730	0	0.025778692636860626	0.14771787573652626	0.722001	1.0
45738	0	0.061929976688335726	0.42689872982825594	0.49300099999999997	1.0
45776	4136	0.11865088991690485	1.056332129157837	0.016001	0.5816998406250001
45778	1769	0.16921962981955999	1.8372219606006908	0.013000999999999999	0.5816998406250001
45781	0	0.004051493802040654	0.02059494137704484	0.972001	1.0
45783	0	0.0	-0.0	1.0	1.0
45785	0	0.1843325527492897	2.1140141466027558	0.005001	0.45252850413223145
45788	0	0.06117618781964799	0.42015733939428257	0.36000099999999996	0.9474113012943431
45790	0	0.005806169421730033	0.029808638750686085	0.9350010000000001	1.0
45792	0	0.025838804298271713	0.14811005734470553	0.718001	1.0
45812	0	0.010584177437866663	0.05581418666082191	0.874001	1.0
45817	0	0.0	-0.0	1.0	1.0
45839	0	0.053826989084254415	0.356542902220855	0.527001	1.0
45842	4432	0.0	-0.0	1.0	1.0
45853	916	0.017066489029847337	0.09328189495424831	0.820001	1.0
45855	0	0.0688753946346911	0.49093680248396454	0.440001	0.9884380653019446
45862	0	0.10323321894427055	0.8605936853668421	0.156001	0.8310208384376389
45875	2418	0.0	-0.0	1.0	1.0
45881	0	0.008539214629490442	0.04451869317927523	0.901001	1.0
45897	3214	0.016549940489479546	0.09020249748432585	0.813001	1.0
45910	0	0.0	-0.0	1.0	1.0
45917	0	0.08763006890342519	0.6815908438159042	0.190001	0.8536401103816167
45925	0	0.028360456614284577	0.16476968888118307	0.780001	1.0
45944	3068	0.0	-0.0	1.0	1.0
45950	0	0.09350659036983285	0.746793168845092	0.166001	0.8310208384376389
45958	0	0.0	-0.0	1.0	1.0
45963	0	0.10281884604525264	0.8555944221853109	0.154001	0.8310208384376389
45980	0	0.05477688067587001	0.36455100872466883	0.452001	0.9971708541204917
45997	0	0.010217017018642697	0.053767813590207755	0.878001	1.0
46004	0	0.0	-0.0	1.0	1.0
46019	0	0.059517555568245	0.405466288590953	0.400001	0.9670836892070485
46020	529	0.07003296429241702	0.5019497605778103	0.40900099999999995	0.971610316554567
46054	0	0.09318435744693504	0.7431490377099768	0.226001	0.8850089231044349
46063	4551	0.06854720413072818	0.4878322181517111	0.31000099999999997	0.9281849214362851
46070	0	0.0892928581715767	0.6997714774367608	0.198001	0.8576617104442713
46087	0	0.028360456614284577	0.16476968888118307	0.780001	1.0
46094	370	0.17636045046399973	1.965429802010988	0.015000999999999999	0.5816998406250001
46097	0	0.17499053196993702	1.94047823336249	0.010001	0.5816998406250001
46103	3518	0.024906697700166364	0.142054622680812	0.701001	1.0
46111	0	0.0	-0.0	1.0	1.0
46135	0	0.011711019720173035	0.062145007628138606	0.855001	1.0
46138	0	0.11439670140913752	1.0004141969499931	0.113001	0.820033522468544
46143	0	0.0	-0.0	1.0	1.0
46147	0	0.1659825681564812	1.7806068131692496	0.015000999999999999	0.5816998406250001
46150	0	0.027458663881637414	0.15876514572963976	0.693001	1.0
46162	0	0.0329007377062297	0.19579828775539615	0.654001	1.0
46179	0	0.0	-0.0	1.0	1.0
46198	4321	0.04462590858243086	0.2822099402095859	0.523001	1.0
46202	0	0.0321941839244268	0.19088173206228756	0.637001	1.0
46229	0	0.009088896627116663	0.04753047506913326	0.896001	1.0
46238	809	0.0	-0.0	1.0	1.0
46239	3966	0.09450938838671465	0.7581851691607561	0.179001	0.8404296522298456
46244	3172	0.13598766589550482	1.2995750542335913	0.043001	0.7473300777777777
46248	0	0.11242171420674127	0.9749518515775245	0.102001	0.8168629476327116
46249	0	0.004778021368410393	0.0243881600019208	0.939001	1.0
46251	0	0.052247524661209896	0.3433666725563518	0.43300099999999997	0.9833909871395975
46265	0	0.01957542562781415	0.10847276592792733	0.7920010000000001	1.0
46277	0	0.06742039767740185	0.4772325942133393	0.329001	0.9354017005972475
46314	0	0.04968306013905668	0.32234263064159857	0.48000099999999996	1.0
46315	3527	0.11793069520611707	1.0467624854030368	0.082001	0.7875692535087719
46319	0	0.025878193631967	0.14836716667881347	0.694001	1.0
46328	0	0.01660829902808575	0.09054958069044362	0.8050010000000001	1.0
46347	0	0.06688010107629941	0.4721828441639434	0.322001	0.9341783118706941
46351	0	0.01216170541403484	0.0646983740802559	0.855001	1.0
46366	0	0.0020965243197436185	0.010539623290239003	0.981001	1.0
46373	1780	0.058090782777454136	0.39298528936962335	0.41700099999999996	0.977047710036379
46377	0	0.14686114800531275	1.464987170188882	0.035001000000000004	0.7096776833333334
46384	760	0.16587988670368536	1.7788262044206642	0.022001	0.6067731712846347
46385	0	0.06391543587625009	0.44485005914155185	0.380001	0.9585431868106616
46389	0	0.056142128399706205	0.3761715990007881	0.522001	1.0
46408	0	0.061705186680746205	0.42488410801462234	0.385001	0.9600036322022317
46412	0	0.01717816571792197	0.09394980854265211	0.7910010000000001	1.0
46436	0	0.11629221043637644	1.025147972885956	0.107001	0.820033522468544
46445	4317	0.10724400838657444	0.909684394578795	0.124001	0.820033522468544
46451	0	0.09539157836237551	0.7682714182915796	0.162001	0.8310208384376389
46465	0	0.10940470175435903	0.9366603420901726	0.123001	0.820033522468544
46480	557	0.09786629901967472	0.7968880354352715	0.158001	0.8310208384376389
46485	0	0.0	-0.0	1.0	1.0
46506	0	0.06894986399156812	0.49164235244557863	0.343001	0.9398895120676785
46511	0	0.0675377349070499	0.4783320570966088	0.335001	0.935934153865782
46521	0	0.057997684999973376	0.392175908744184	0.398001	0.9669459825143869
46523	0	0.10160159576472434	0.8409869671166355	0.134001	0.8242567129213484
46536	1007	0.0016710671807750044	0.008380445208053025	0.984001	1.0
46562	3107	0.14387138414598372	1.4185025383363117	0.039001	0.7375163195164075
46576	1470	0.0004973771883577316	0.0024777153272563784	0.997001	1.0
46583	0	0.06553799319029682	0.45973064491931626	0.36000099999999996	0.9474113012943431
46592	4685	0.16263408597504708	1.7230221128439829	0.014001	0.5816998406250001
46616	2423	0.027499273075649748	0.1590344190122409	0.6870010000000001	1.0
46618	0	0.0	-0.0	1.0	1.0
46642	4756	0.0005471950370386329	0.0027266618058790293	0.995001	1.0
46645	0	0.0	-0.0	1.0	1.0
46658	0	0.02803586439334923	0.16260239744180513	0.6580010000000001	1.0
46667	3107	0.0	-0.0	1.0	1.0
46679	0	0.0	-0.0	1.0	1.0
46685	0	0.09665185480783883	0.7827851814621862	0.157001	0.8310208384376389
46691	0	0.13506211561131473	1.2859574155045839	0.049001	0.757785238700565
46695	0	0.0014648623178900831	0.007337696324143793	0.984001	1.0
46710	0	0.0	-0.0	1.0	1.0
46717	1007	0.14702629778246146	1.4675772288910165	0.024001	0.6286769114832536
46729	0	0.1434502032652743	1.4120154627464487	0.038001	0.7338147248677249
46737	0	0.09549949676238689	0.7695094131948709	0.193001	0.854495733522038
46761	0	0.035192031083754766	0.21196702932018946	0.635001	1.0
46767	0	0.032742776875995895	0.19469628960156266	0.627001	1.0
46769	0	0.04225129250699541	0.2639666836929415	0.632001	1.0
46792	1343	0.04251216075706916	0.2659521882756616	0.567001	1.0
46797	0	0.03983499663184323	0.24579352149713848	0.5620010000000001	1.0
46810	1872	0.15375193406153423	1.575053344781214	0.023001	0.6202905147783251
46811	0	0.0285159136175892	0.165810067114668	0.6760010000000001	1.0
46820	0	0.03297584925162435	0.1963228677806881	0.622001	1.0
46821	0	0.0026570923196750605	0.01340035431547467	0.976001	1.0
46826	1689	0.004051493802040654	0.02059494137704484	0.972001	1.0
46831	0	0.01509411663078331	0.0816115421235123	0.820001	1.0
46843	0	0.021297320718154277	0.11912425889357242	0.763001	1.0
46868	0	0.13582462366377862	1.2971709843728316	0.046001	0.7528624050822122
46869	0	0.10379094589620912	0.8673438558640243	0.139001	0.8255721652406417
46879	3556	0.047019981321939484	0.30099057406148955	0.511001	1.0
46913	1109	0.0	-0.0	1.0	1.0
46927	1110	0.06595571747607464	0.46359236441996665	0.35700099999999996	0.9474113012943431
46943	2549	0.004299556559474196	0.02188663809295733	0.958001	1.0
46968	0	0.06921249268714126	0.49413381896244285	0.30600099999999997	0.927731210178817
46970	0	0.11362721513665278	0.9904562929181117	0.113001	0.820033522468544
46972	0	0.13732234294320683	1.3193391208965968	0.049001	0.757785238700565
46991	0	0.10244491470874229	0.8510946914661022	0.131001	0.8241244759479344
46993	0	0.014469620721573758	0.07796596501534306	0.895001	1.0
46994	0	0.004051493802040654	0.02059494137704484	0.972001	1.0
46995	4672	0.07180093826368936	0.5189590942814879	0.29500099999999996	0.9178647198067631
47017	0	0.0953710667669478	0.7680362200216078	0.145001	0.8295614680851063
47025	529	0.04430542072222485	0.27972545271752736	0.526001	1.0
47040	0	0.0	-0.0	1.0	1.0
47043	1186	0.0	-0.0	1.0	1.0
47053	0	0.015622020326954447	0.08471178394159529	0.8010010000000001	1.0
47059	0	0.0	-0.0	1.0	1.0
47062	3016	0.18276147081115351	2.084273612110262	0.005001	0.45252850413223145
47064	0	0.03206635322293117	0.18999569924287601	0.640001	1.0
47085	0	0.007870758127036293	0.04088022718937754	0.9210010000000001	1.0
47087	1179	0.14530230253319776	1.440654891622634	0.038001	0.7338147248677249
47096	3518	0.0	-0.0	1.0	1.0
47102	2857	0.04940673786390719	0.3201044362805354	0.48000099999999996	1.0
47104	0	0.03653260620616444	0.22158706546744217	0.590001	1.0
47108	3020	0.004216897081683891	0.021455822382792977	0.955001	1.0
47124	3396	0.020866821060910493	0.11644389536539972	0.752001	1.0
47126	3572	0.0	-0.0	1.0	1.0
47127	606	0.08160866086967607	0.6175121324579874	0.320001	0.9341783118706941
47130	4759	0.002228123891492087	0.011209589318434021	0.972001	1.0
47141	0	0.0	-0.0	1.0	1.0
47151	0	0.0	-0.0	1.0	1.0
47215	0	0.0	-0.0	1.0	1.0
47221	0	0.11054790231282355	0.951083851926846	0.082001	0.7875692535087719
47227	0	0.014362477616476244	0.07734288701015832	0.838001	1.0
47239	0	0.0	-0.0	1.0	1.0
47244	0	0.0	-0.0	1.0	1.0
47246	0	0.0	-0.0	1.0	1.0
47248	0	0.020826915048233342	0.11619601994816597	0.769001	1.0
47249	0	0.023105993929792595	0.1305122064800049	0.738001	1.0
47251	8	0.023190961593282888	0.13105224311515956	0.761001	1.0
47256	0	0.06297197337621292	0.43628458818637533	0.36300099999999996	0.949473948638318
47261	1530	0.1269262773839433	1.169336830713225	0.071001	0.7875692535087719
47292	0	0.12182772956705765	1.0990493440458904	0.08500100000000001	0.7979872449152542
47303	0	0.06655387914757356	0.4691441359686752	0.35400099999999995	0.9451248351621554
47304	0	0.026078882010658735	0.14967867071075586	0.728001	1.0
47311	0	0.024802310347284754	0.14137990422402283	0.736001	1.0
47313	0	0.13636065161935396	1.3050831683590587	0.050001000000000004	0.7603624291666667
47324	0	0.0	-0.0	1.0	1.0
47342	0	0.10519781515204858	0.8844804291302122	0.14000100000000001	0.8255721652406417
47351	0	0.0	-0.0	1.0	1.0
47358	0	0.05559247984046704	0.37147740845979293	0.437001	0.9869480092821781
47361	0	0.0	-0.0	1.0	1.0
47366	0	0.03666428486120353	0.22253840227331992	0.632001	1.0
47368	0	0.0	-0.0	1.0	1.0
47378	0	0.09430121962474497	0.7558139282050043	0.189001	0.8533492573195877
47391	0	0.03556639652583317	0.21464156143274993	0.593001	1.0
47397	0	0.018993383638249376	0.10491400123966368	0.779001	1.0
47398	0	0.12469816990118071	1.1383573412591443	0.075001	0.7875692535087719
47405	0	0.0855083131971004	0.6586980085452887	0.219001	0.8786522348845732
47414	0	0.002544978719688777	0.012826762411471609	0.977001	1.0
47424	0	0.041355570580841605	0.257184126292486	0.5310010000000001	1.0
47430	1491	0.05460787191728212	0.3631215525799578	0.42500099999999996	0.980475336915297
47441	0	0.0028791328445814564	0.014538486896368183	0.959001	1.0
47451	2739	0.06947349342041931	0.4966148242769062	0.336001	0.9371417951380095
47456	0	0.016310805607940963	0.08878244058167674	0.835001	1.0
47460	2709	0.12845567469967945	1.190839057109085	0.065001	0.7875692535087719
47473	3416	0.047845411322491586	0.307556599485034	0.520001	1.0
47486	0	0.011016267059061759	0.05823276169829525	0.883001	1.0
47503	917	0.030633548423976722	0.1801372041313857	0.634001	1.0
47515	0	0.07918499903879879	0.592491673862742	0.238001	0.8917607127407907
47518	0	0.061929976688335726	0.42689872982825594	0.49300099999999997	1.0
47582	4436	0.03443833632595952	0.2066104843346237	0.633001	1.0
47597	0	0.0012480877779759009	0.00624412197914092	0.982001	1.0
47607	2832	0.07563174277185686	0.55660305841134	0.30300099999999996	0.927677522017837
47610	0	0.08276623052740195	0.6296179015417595	0.322001	0.9341783118706941
47621	0	0.15000837464024208	1.5147489799516494	0.033001	0.6962002870905588
47627	1283	0.10820491484107048	0.9216352134373041	0.119001	0.820033522468544
47628	4024	0.0	-0.0	1.0	1.0
47629	0	0.05531596549903186	0.369123905812152	0.40900099999999995	0.971610316554567
47645	0	0.1441912403875467	1.4234391165508231	0.038001	0.7338147248677249
47650	0	0.17433061630925759	1.9285190496701357	0.021001000000000002	0.6067731712846347
47668	0	0.10782597782186573	0.9169135816133415	0.120001	0.820033522468544
47680	0	0.004051493802040654	0.02059494137704484	0.972001	1.0
47682	0	0.022572608325655077	0.12713249864480944	0.8090010000000001	1.0
47698	0	0.10028641207450767	0.8253352110864927	0.160001	0.8310208384376389
47708	0	0.06540268566151342	0.45848247528589847	0.467001	1.0
47709	3360	0.04697006130334538	0.30059497377872124	0.515001	1.0
47734	0	0.07360623161903128	0.5365642323469509	0.29100099999999995	0.9168680668196155
47740	0	0.11156852316305979	0.964049241534993	0.114001	0.820033522468544
47751	2745	0.0	-0.0	1.0	1.0
47768	2235	0.0	-0.0	1.0	1.0
47769	4762	0.0450281750064611	0.28533827101983744	0.48600099999999996	1.0
47787	2036	0.0	-0.0	1.0	1.0
47789	0	0.004051493802040654	0.02059494137704484	0.972001	1.0
47793	0	0.044136674259152096	0.27842009815978586	0.5460010000000001	1.0
47796	0	0.06656025531923931	0.46920345518938045	0.459001	1.0
47797	0	0.07084469219133577	0.5097308144790126	0.28700099999999995	0.9164111837270339
47801	3107	0.0	-0.0	1.0	1.0
47824	1644	0.05514795968885146	0.36769657563686536	0.43200099999999997	0.9831592078569943
47827	0	0.0	-0.0	1.0	1.0
47845	529	0.07444834015145262	0.5448585664647416	0.29800099999999996	0.9206582813205417
47874	3986	0.021241336804050263	0.11877503854525881	0.749001	1.0
47913	1259	0.20246977029753752	2.473905168312685	0.004001	0.4294798921568628
47914	0	0.0	-0.0	1.0	1.0
47937	1431	0.14908499146538573	1.5000606626139097	0.036001	0.719297352189781
47946	3540	0.04681743884979574	0.29938654730520153	0.48700099999999996	1.0
47951	0	0.0	-0.0	1.0	1.0
47975	1727	0.05189738543365346	0.3404692650092085	0.454001	0.9983645207873068
47989	0	0.002072778344566102	0.01041883977733218	0.971001	1.0
48004	3577	0.0001777907580153837	0.000884059709527844	0.999001	1.0
48006	4703	0.01999844642618822	0.11107242801104303	0.7920010000000001	1.0
48020	4032	0.03762101387609178	0.22948496187923498	0.692001	1.0
48051	2549	0.08018945106551087	0.602807614010429	0.254001	0.8968258461786519
48070	0	0.0	-0.0	1.0	1.0
48081	0	0.11751314077217713	1.041233510972542	0.100001	0.8158799918032787
48101	0	0.0	-0.0	1.0	1.0
48128	4763	0.028302141695430626	0.16437982349000885	0.697001	1.0
48129	0	0.004051493802040654	0.02059494137704484	0.972001	1.0
48145	0	0.0	-0.0	1.0	1.0
48147	4764	0.0	-0.0	1.0	1.0
48153	0	0.05318097823501039	0.351132714983465	0.48300099999999996	1.0
48157	0	0.09849553751833925	0.8042403594914789	0.145001	0.8295614680851063
48169	2445	0.1918389367838313	2.2592456810546504	0.005001	0.45252850413223145
48170	0	0.0	-0.0	1.0	1.0
48182	0	0.0	-0.0	1.0	1.0
48197	0	0.07360817827200777	0.5365833455307273	0.29600099999999996	0.9186266862244896
48219	0	0.051087964550877094	0.33380389160621604	0.48200099999999996	1.0
48232	0	0.05345363121294135	0.3534125650644873	0.458001	1.0
48238	2790	0.0	-0.0	1.0	1.0
48253	0	0.0	-0.0	1.0	1.0
48255	1110	0.09687801638000745	0.7854028012553197	0.156001	0.8310208384376389
48256	0	0.03544243704426771	0.213754950464731	0.597001	1.0
48258	0	0.0	-0.0	1.0	1.0
48270	0	0.0	-0.0	1.0	1.0
48278	0	0.06656025531923931	0.46920345518938045	0.459001	1.0
48285	1397	0.04984540609771213	0.32366008122388207	0.47200099999999995	1.0
48288	0	0.004051493802040654	0.02059494137704484	0.972001	1.0
48304	1343	0.06308754634606162	0.43733041321768135	0.48200099999999996	1.0
48313	0	0.019537996219590868	0.10824327991770391	0.7900010000000001	1.0
48314	2634	0.04835229606396662	0.31161187225632925	0.463001	1.0
48319	4766	0.062230548087467946	0.4295981694237522	0.383001	0.9600036322022317
48343	0	0.05004261588235867	0.3252629032748129	0.513001	1.0
48391	1273	0.0	-0.0	1.0	1.0
48395	1604	0.10213737444858731	0.8474021375661627	0.159001	0.8310208384376389
48398	0	0.06595923371193385	0.4636249243517908	0.34700099999999995	0.9406570807130477
48405	0	0.01881678336256782	0.1038383704414326	0.8020010000000001	1.0
48408	0	0.09070217843040605	0.7153463981759323	0.198001	0.8576617104442713
48414	0	0.10066115698543887	0.8297811466763241	0.147001	0.8310208384376389
48422	0	0.0	-0.0	1.0	1.0
48429	4136	0.09407202515590915	0.7532070638524768	0.182001	0.8422353968723585
48442	0	0.08297339213306373	0.6317950312274334	0.237001	0.8917607127407907
48447	1200	0.00789376161111461	0.04100499852765647	0.9120010000000001	1.0
48489	0	0.0	-0.0	1.0	1.0
48493	0	0.11054790231282355	0.951083851926846	0.082001	0.7875692535087719
48496	4764	0.002102112570413716	0.01056805254119676	0.971001	1.0
48510	0	0.043408862164721285	0.2728121601506072	0.633001	1.0
48514	4061	0.004051493802040654	0.02059494137704484	0.972001	1.0
48525	0	0.17416650841403147	1.925551134318251	0.015000999999999999	0.5816998406250001
48531	2858	0.0	-0.0	1.0	1.0
48551	1689	0.10807038647982359	0.9199576527601956	0.106001	0.820033522468544
48556	0	0.11364485294614793	0.9906840087165025	0.111001	0.820033522468544
48560	4768	0.01773542495720357	0.09729411904758156	0.7920010000000001	1.0
48562	2407	0.09856417001805753	0.8050441644121967	0.182001	0.8422353968723585
48563	0	0.0	-0.0	1.0	1.0
48583	0	0.004416488962726034	0.022496759249093702	0.959001	1.0
48601	0	0.09106875672410567	0.719422565985586	0.201001	0.8576617104442713
48605	916	0.0	-0.0	1.0	1.0
48607	0	0.00723324412082469	0.037434752867105646	0.9170010000000001	1.0
48618	0	0.09163479636504229	0.7257369322967168	0.193001	0.854495733522038
48634	1227	0.048042326588616215	0.30912990089137493	0.505001	1.0
48642	1604	0.001255596272477213	0.006281955557041508	0.982001	1.0
48650	4292	0.07806413164582626	0.5810691588109538	0.236001	0.8917607127407907
48669	0	0.07929352155422423	0.5936025860636691	0.338001	0.9371417951380095
48670	0	0.02392501737192143	0.13573670048399122	0.735001	1.0
48691	0	0.05052781545302949	0.3292178056085412	0.48100099999999996	1.0
48692	0	0.08618365538948863	0.6659475189450674	0.244001	0.8943980411784399
48698	0	0.0	-0.0	1.0	1.0
48702	3795	0.0510996155029233	0.33389951176658494	0.463001	1.0
48722	3345	0.05827813905252269	0.3946160008309566	0.401001	0.9670836892070485
48724	940	0.04384451210038708	0.2761646171015618	0.518001	1.0
48727	0	0.09408863843491377	0.7533958871178446	0.181001	0.8415201481953289
48736	0	0.14289256070686396	1.403449866617228	0.038001	0.7338147248677249
48744	2941	0.0	-0.0	1.0	1.0
48751	3257	0.028360456614284577	0.16476968888118307	0.780001	1.0
48766	0	0.017570990046052917	0.0963052985165228	0.823001	1.0
48775	0	0.035231233305005154	0.21224666400607572	0.640001	1.0
48794	0	0.23446047424819794	3.1852622011977285	1e-06	0.00043795999999999993
48798	0	0.0717927177301852	0.5188794759977977	0.30000099999999996	0.9231902611017424
48810	0	0.060130999970216564	0.4108769452526627	0.400001	0.9670836892070485
48822	0	0.03132827620030837	0.18490066374643138	0.6660010000000001	1.0
48828	0	0.09942124772680852	0.8151130318757055	0.144001	0.8280813807773109
48831	2635	0.07435331798643732	0.5439200263877102	0.281001	0.9113388474526066
48835	0	0.02951802627201048	0.1725539194524477	0.770001	1.0
48839	0	0.0	-0.0	1.0	1.0
48846	0	0.01215448140612196	0.06465735004116241	0.9060010000000001	1.0
48848	0	0.09349540432123818	0.7466665314651143	0.170001	0.8310208384376389
48861	1854	0.04020918781570172	0.24858220473814766	0.563001	1.0
48869	3454	0.04564031733871115	0.290119886862883	0.525001	1.0
48891	0	0.0	-0.0	1.0	1.0
48896	0	0.05579584681156548	0.37321175797910666	0.438001	0.9879837142562835
48904	0	0.02375284596779704	0.134634917523534	0.739001	1.0
48934	2722	0.07985020148706681	0.5993150006182695	0.267001	0.8995058304615384
48946	4486	0.05361652491510477	0.3547771142192122	0.47700099999999995	1.0
48950	0	0.018589041278636077	0.10245409672172369	0.8110010000000001	1.0
48951	0	0.11451938922392489	1.002006313104016	0.110001	0.820033522468544
48966	2946	0.003603147402703677	0.018269386347363886	0.967001	1.0
48971	0	0.053826989084254415	0.356542902220855	0.527001	1.0
48977	0	0.0	-0.0	1.0	1.0
48990	0	0.021796734175389697	0.12224821133391141	0.738001	1.0
48994	0	0.0	-0.0	1.0	1.0
49005	1756	0.11794911286557601	1.0470066859111362	0.086001	0.7979872449152542
49033	0	0.0	-0.0	1.0	1.0
49037	2316	0.009090598954256408	0.047539830179027937	0.9200010000000001	1.0
49038	4233	0.04909054043393503	0.31754971633269785	0.505001	1.0
49061	0	0.0	-0.0	1.0	1.0
49064	0	0.007155330870767066	0.03701530845410785	0.898001	1.0
49072	0	0.0	-0.0	1.0	1.0
49081	0	0.10050069207111173	0.827876058574103	0.163001	0.8310208384376389
49091	4731	0.024655550399257462	0.14043247431728295	0.694001	1.0
49113	0	0.09549949676238689	0.7695094131948709	0.193001	0.854495733522038
49130	3682	0.0020965243197436185	0.010539623290239003	0.981001	1.0
49162	932	0.12709430157942742	1.1716896595255126	0.064001	0.7875692535087719
49170	0	0.039436085504780415	0.24283092720764513	0.586001	1.0
49172	4550	0.07835795021149716	0.5840543307557083	0.259001	0.898348226095003
49174	0	0.07127581356793555	0.5138830649937596	0.31100099999999997	0.9281849214362851
49177	0	0.005677790007567584	0.029128442538811535	0.940001	1.0
49178	0	0.09955038764501845	0.8166351368683415	0.154001	0.8310208384376389
49183	3107	0.07088127068006896	0.5100825835401586	0.313001	0.9281849214362851
49219	917	0.05845726771515801	0.3961774244547842	0.49400099999999997	1.0
49253	0	0.013256764504173013	0.07095342055616548	0.844001	1.0
49277	0	0.0	-0.0	1.0	1.0
49286	2021	0.035234237217651426	0.21226809549153838	0.597001	1.0
49290	0	0.0	-0.0	1.0	1.0
49307	3765	0.11054790231282355	0.951083851926846	0.082001	0.7875692535087719
49319	0	0.01968061526341776	0.10911816710640243	0.7880010000000001	1.0
49325	0	0.016654475277963314	0.09082435863882951	0.823001	1.0
49329	1500	0.05845726771515801	0.3961774244547842	0.49400099999999997	1.0
49331	0	0.196463618468556	2.3513255668584168	0.005001	0.45252850413223145
49347	135	0.0006319089776559705	0.003150313414686154	0.994001	1.0
49363	0	0.138785747538191	1.3411820993231893	0.051001	0.7632157493297588
49377	425	0.049854115073903346	0.3237308067051744	0.48200099999999996	1.0
49382	735	0.10582162140102658	0.8921289433274872	0.134001	0.8242567129213484
49392	2765	0.1158265147420933	1.019044352911318	0.095001	0.8119952763466043
49420	4653	0.0	-0.0	1.0	1.0
49434	3416	0.014719181656286773	0.07941996278156735	0.829001	1.0
49440	0	0.06278988634356167	0.43463881786263103	0.35900099999999996	0.9474113012943431
49445	4736	0.03811349975281811	0.23308445798366212	0.5560010000000001	1.0
49472	4268	0.04876753314017207	0.31494708940985094	0.49100099999999997	1.0
49478	0	0.05710422300811317	0.3844394116248902	0.41900099999999996	0.9788013545978237
49479	1630	0.0710008705081644	0.5112334385913717	0.34600099999999995	0.9406570807130477
49489	4363	0.0	-0.0	1.0	1.0
49491	2280	0.12515520292963472	1.1446785128798496	0.061001	0.7875692535087719
49510	0	0.07742491291259387	0.574596976946909	0.278001	0.9099650071748879
49552	0	0.06992936413283539	0.5009601378562412	0.336001	0.9371417951380095
49578	0	0.06335355952882292	0.43974122017107964	0.35900099999999996	0.9474113012943431
49596	0	0.09616451435673407	0.7771581716841502	0.173001	0.8318787654808959
49598	0	0.0	-0.0	1.0	1.0
49612	0	0.09488307386643852	0.7624502234343427	0.170001	0.8310208384376389
49620	2709	0.061929976688335726	0.42689872982825594	0.49300099999999997	1.0
49621	0	0.0057486032117403975	0.029503515003746216	0.938001	1.0
49624	0	0.04808122050344862	0.30944096800484444	0.500001	1.0
49626	0	0.1056664947990023	0.8902240474204068	0.119001	0.820033522468544
49629	932	0.0	-0.0	1.0	1.0
49639	0	0.0017770005597826889	0.008917082416652924	0.985001	1.0
49649	1491	0.028827876551340566	0.16790253164335242	0.6680010000000001	1.0
49653	0	0.0	-0.0	1.0	1.0
49657	0	0.06625568140422093	0.4663732105321968	0.36100099999999996	0.9474113012943431
49663	735	0.013341628098597107	0.07144118931629806	0.853001	1.0
49667	0	0.013826600004774463	0.07423701465450408	0.878001	1.0
49675	1040	0.08361497440431928	0.6385581770765499	0.243001	0.8940248484543011
49679	0	0.005358805005480879	0.027442522153214022	0.9360010000000001	1.0
49682	4769	0.021963546806942756	0.12329514459519633	0.746001	1.0
49689	1548	0.1891595484477251	2.20680812761507	0.004001	0.4294798921568628
49691	2709	0.11845073621672592	1.0536683371100408	0.095001	0.8119952763466043
49692	4770	0.0020965243197436185	0.010539623290239003	0.981001	1.0
49708	1343	0.0020965243197436185	0.010539623290239003	0.981001	1.0
49710	3135	0.05836823526357257	0.3954010649170778	0.41200099999999995	0.9736669434491689
49712	0	0.0	-0.0	1.0	1.0
49734	4736	0.0029444239970555404	0.014873695955959401	0.976001	1.0
49744	0	0.0	-0.0	1.0	1.0
49753	3903	0.1511642306615191	1.5332389981829542	0.035001000000000004	0.7096776833333334
49785	0	0.012792825979935142	0.06829454316881703	0.851001	1.0
49799	0	0.0591975379551297	0.4026543064841579	0.387001	0.9613539146865807
49804	2584	0.0	-0.0	1.0	1.0
49843	0	0.07538980524852823	0.554193557244586	0.272001	0.905784226969697
49852	0	0.09536352096710445	0.7679497035626331	0.163001	0.8310208384376389
49854	0	0.0	-0.0	1.0	1.0
49862	742	0.09775157074484359	0.795550825646035	0.164001	0.8310208384376389
49866	0	0.004051493802040654	0.02059494137704484	0.972001	1.0
49881	0	0.04456674626641544	0.2817507767411022	0.511001	1.0
49883	942	0.045566283870960844	0.28954023370181753	0.515001	1.0
49886	1715	0.032558879031929944	0.19341539656681678	0.636001	1.0
49889	3424	0.02488774764110688	0.14193208568336568	0.7840010000000001	1.0
49891	0	0.05729980278629089	0.3861281189032484	0.42100099999999996	0.9795027515937101
49907	0	0.02762937066346099	0.15989778725829484	0.690001	1.0
49910	0	0.0	-0.0	1.0	1.0
49919	0	0.0	-0.0	1.0	1.0
49932	3866	0.03801404009656212	0.23235622495717925	0.598001	1.0
49944	0	0.03001925799028451	0.17595132302914726	0.705001	1.0
49945	0	0.0010776837372883218	0.005386361609638331	0.996001	1.0
49963	0	0.061805964958610335	0.4257868603002355	0.36900099999999997	0.955353972333885
49972	988	0.12226329978329897	1.1049705434764312	0.082001	0.7875692535087719
49977	0	0.05886180943389181	0.3997120858351794	0.389001	0.9614383632054175
49997	0	0.0	-0.0	1.0	1.0
49999	0	0.13029850761133754	1.2170057782750823	0.061001	0.7875692535087719
50005	0	0.0050305648134032765	0.025713881117195612	0.951001	1.0
50006	3310	0.034416528472296364	0.2064560507285354	0.641001	1.0
50007	0	0.07003296429241705	0.5019497605778107	0.403001	0.968919180720246
50017	2163	0.058485755282093974	0.39642595349150744	0.388001	0.9613539146865807
50020	0	0.006931182646618447	0.0358106018378695	0.9270010000000001	1.0
50045	0	0.03283513358915466	0.19534040925742785	0.649001	1.0
50050	1688	0.0071582088217999815	0.03703079549360322	0.9270010000000001	1.0
50062	4774	0.0	-0.0	1.0	1.0
50065	0	0.1582041108355422	1.6483588477425946	0.021001000000000002	0.6067731712846347
50069	1459	0.046353720470064114	0.2957247158690668	0.519001	1.0
50072	0	0.00580981889349981	0.029827988927112078	0.9370010000000001	1.0
50073	0	0.013242870072656242	0.07087360129960688	0.853001	1.0
50103	0	0.0364634442183659	0.22108785141199305	0.694001	1.0
50119	0	0.04410642716235476	0.27818632303660945	0.521001	1.0
50125	0	0.06562817282317523	0.4605632580341672	0.389001	0.9614383632054175
50126	0	0.0020965243197436185	0.010539623290239003	0.981001	1.0
50146	0	0.0	-0.0	1.0	1.0
50157	970	0.09781463607783866	0.7962857534828944	0.201001	0.8576617104442713
50184	0	0.18979318550893232	2.219148787549046	0.007001	0.5214554353741497
50188	0	0.13558473693244166	1.2936379014137946	0.045001	0.7522380900763358
50192	0	0.07529064433865101	0.5532072479120907	0.279001	0.910244919249106
50202	0	0.05845726771515801	0.3961774244547842	0.49400099999999997	1.0
50210	3682	0.07665637185087985	0.56685565237706	0.272001	0.905784226969697
50211	1109	0.022161856130067686	0.1245420240786119	0.754001	1.0
50221	764	0.03371215394538414	0.2014847638047608	0.639001	1.0
50226	0	0.041093722849269494	0.25521156840401393	0.6590010000000001	1.0
50234	0	0.004051493802040654	0.02059494137704484	0.972001	1.0
50258	0	0.08965466502165398	0.7037554146649566	0.204001	0.8630629632921175
50270	0	0.029181099666038712	0.17027930720782677	0.6600010000000001	1.0
50274	349	0.0	-0.0	1.0	1.0
50280	0	0.0	-0.0	1.0	1.0
50284	0	0.05604312446502236	0.37532450219818986	0.451001	0.9969735410862104
50289	0	0.06349180948723283	0.44099614890571603	0.338001	0.9371417951380095
50298	20	0.07624354315775525	0.5627154540659228	0.255001	0.8971741481362466
50306	0	0.10779145066174872	0.9164839349371077	0.125001	0.820033522468544
50310	0	0.0535145614393488	0.35392275639922754	0.450001	0.9961708348160129
50312	0	0.021461134867461654	0.12014723597245668	0.759001	1.0
50324	0	0.11054790231282355	0.951083851926846	0.082001	0.7875692535087719
50327	0	0.0	-0.0	1.0	1.0
50344	0	0.022012327410775266	0.12360162629365459	0.747001	1.0
50350	3117	0.021418166146008666	0.11987874500378219	0.764001	1.0
50363	2832	0.059684393267366076	0.40693516953925646	0.41800099999999996	0.9779258438034187
50370	2406	0.2060694114857476	2.549005217091134	0.003001	0.4159234050632912
50376	349	0.060772407030609814	0.416562874355539	0.48900099999999996	1.0
50401	0	0.04516203034858363	0.2863816730147698	0.5430010000000001	1.0
50407	0	0.016267011782521736	0.08852275890618769	0.834001	1.0
50422	0	0.03923435798971401	0.2413368055185872	0.570001	1.0
50464	0	0.11198215536105065	0.9693275900815641	0.087001	0.8025054330244313
50470	0	0.14187551023371525	1.3878958114568039	0.030001	0.6731166987704919
50472	0	0.08080274814232954	0.6091434721660335	0.255001	0.8971741481362466
50474	0	0.05816304214473553	0.3936139261195889	0.379001	0.9581348300623412
50479	0	0.05552026035274974	0.37086220706504697	0.42300099999999996	0.9799911022005923
50480	0	0.0	-0.0	1.0	1.0
50481	0	0.02831530568317212	0.1644678124635774	0.6840010000000001	1.0
50500	0	0.0	-0.0	1.0	1.0
50508	0	0.006794029612713404	0.03507491547764443	0.9200010000000001	1.0
50523	1068	0.008310772241697593	0.04327229052994136	0.9080010000000001	1.0
50524	0	0.023456623597417015	0.13274366974899615	0.704001	1.0
50543	0	0.04396262408062067	0.27707574018872044	0.5330010000000001	1.0
50560	349	0.08239793047459919	0.6257553039064592	0.237001	0.8917607127407907
50568	2653	0.0	-0.0	1.0	1.0
50582	0	0.04233636043224425	0.2646136430825567	0.5380010000000001	1.0
50585	3434	0.016070663700129696	0.08735992880903647	0.8110010000000001	1.0
50589	0	0.0	-0.0	1.0	1.0
50594	0	0.09539679163009646	0.7683312019524404	0.165001	0.8310208384376389
50601	0	0.02716015091730911	0.15678899269604296	0.691001	1.0
50606	1890	0.06375559332184783	0.4433943880874863	0.35500099999999996	0.9468711203410474
50611	1911	0.03019411694452062	0.17714035602988296	0.700001	1.0
50618	1930	0.0	-0.0	1.0	1.0
50634	0	0.02861317114764851	0.16646174204132677	0.6730010000000001	1.0
50635	0	0.0	-0.0	1.0	1.0
50652	2491	0.003491098491753929	0.01769000991773776	0.957001	1.0
50655	0	0.0	-0.0	1.0	1.0
50657	4652	0.006513738057972093	0.03357487137103716	0.9280010000000001	1.0
50675	4072	0.05006308568666978	0.3254294254959482	0.47900099999999995	1.0
50680	0	0.02951802627201048	0.1725539194524477	0.770001	1.0
50699	132	0.06416491551596878	0.4471257182280629	0.35800099999999996	0.9474113012943431
50707	0	0.06943416792267484	0.4962406883291801	0.34900099999999995	0.941649075653031
50709	0	0.0	-0.0	1.0	1.0
50711	0	0.06554721623198428	0.45981577272143853	0.36100099999999996	0.9474113012943431
50721	0	0.06533113461108635	0.45782297349706313	0.34400099999999995	0.9398895120676785
50733	0	0.02655185618036862	0.15277972206025375	0.717001	1.0
50736	1684	0.0	-0.0	1.0	1.0
50743	0	0.034524971595909795	0.20722430567757907	0.588001	1.0
50752	0	0.011691888921267764	0.0620368918442883	0.877001	1.0
50753	0	0.08779348740526362	0.6833682765853712	0.211001	0.8717924335849057
50754	0	0.049578791680930046	0.32149744323587526	0.49000099999999996	1.0
50755	0	0.07937852039078497	0.5944733084734807	0.260001	0.898348226095003
50769	0	0.15413819590020966	1.5813447447677789	0.033001	0.6962002870905588
50771	1007	0.0	-0.0	1.0	1.0
50774	0	0.03183316558746229	0.18838214711624013	0.735001	1.0
50787	1797	0.12751525671462177	1.1775945181629477	0.068001	0.7875692535087719
50797	425	0.0619299766883357	0.4268987298282557	0.48400099999999996	1.0
50807	0	0.055091616288777484	0.3672183414166785	0.42300099999999996	0.9799911022005923
50811	0	0.08877011623007047	0.6940331420087835	0.198001	0.8576617104442713
50814	4083	0.08764898412496255	0.6817964723169168	0.214001	0.8739638004475941
50821	0	0.0	-0.0	1.0	1.0
50841	0	0.041862417675838606	0.2610154214294746	0.5350010000000001	1.0
50850	0	0.11865088991690483	1.0563321291578367	0.013000999999999999	0.5816998406250001
50854	1567	0.23507106759650032	3.1998192728852044	0.001001	0.2149009607843137
50859	0	0.026697676159974114	0.1537386676234273	0.695001	1.0
50861	0	0.020932508515461176	0.11685212817954722	0.778001	1.0
50863	0	0.0	-0.0	1.0	1.0
50875	0	0.05647995274372274	0.3790672822837398	0.41400099999999995	0.975655821997417
50876	0	0.12311106132616431	1.1165397331890388	0.079001	0.7875692535087719
50883	1191	0.12339056321314103	1.1203669565700907	0.07000100000000001	0.7875692535087719
50894	0	0.10517369966272981	0.8841853673274482	0.132001	0.8241244759479344
50916	0	0.0394787344880617	0.24314716069022368	0.570001	1.0
50930	0	0.0757376738753372	0.5576594115007054	0.29400099999999996	0.9178647198067631
50944	0	0.08402823862255057	0.6429310058530576	0.239001	0.8917607127407907
50957	0	0.0	-0.0	1.0	1.0
50982	742	0.005597546266519551	0.02870377388701961	0.9270010000000001	1.0
50991	0	0.057790402132461456	0.39037601888974455	0.391001	0.9629838341934036
51003	0	0.034359306665044526	0.2060509796056365	0.637001	1.0
51004	0	0.0005787848288629505	0.002884593492540114	0.999001	1.0
51012	0	0.06262776672288081	0.43317552053606373	0.386001	0.9611837500568569
51015	0	0.03299734599592606	0.19647306917167598	0.620001	1.0
51017	0	0.041987514066831606	0.2619636954480678	0.583001	1.0
51029	0	0.082766230527402	0.62961790154176	0.30400099999999997	0.927677522017837
51040	913	0.0876584092657525	0.6818989437690933	0.211001	0.8717924335849057
51050	0	0.027222654302022975	0.15720229251923812	0.696001	1.0
51066	0	0.12273533429887303	1.111405004537254	0.079001	0.7875692535087719
51074	0	0.016839128936094017	0.09192447255842225	0.8120010000000001	1.0
51075	0	0.0	-0.0	1.0	1.0
51091	0	0.0017363544865888515	0.008711101538610409	0.991001	1.0
51094	1438	0.0	-0.0	1.0	1.0
51126	3336	0.026004570214527047	0.1491927420718158	0.718001	1.0
51130	0	0.04644947848783862	0.2964796810033306	0.509001	1.0
51152	0	0.07403466365509798	0.5407775252358791	0.28900099999999995	0.9168680668196155
51167	366	0.008707399574792288	0.04543829997476335	0.9120010000000001	1.0
51174	0	0.0	-0.0	1.0	1.0
51183	0	0.0	-0.0	1.0	1.0
51185	0	0.06613309595362941	0.4652359832991179	0.377001	0.9581348300623412
51205	887	0.06504819232746245	0.45521865117055227	0.36200099999999996	0.9484443524766689
51210	0	0.009448930573964343	0.04951286586731251	0.897001	1.0
51229	0	0.1146586511605681	1.0038149838837196	0.109001	0.820033522468544
51250	1930	0.07015157461252691	0.5030837282501504	0.314001	0.9281849214362851
51259	0	0.12365636528726828	1.1240125422248919	0.091001	0.8087418417207791
51260	0	0.018785162667649513	0.10364598003153973	0.778001	1.0
51263	1299	0.013677685900670852	0.07337702123283256	0.855001	1.0
51268	1182	0.0	-0.0	1.0	1.0
51279	0	0.039564363935073364	0.24378245253255082	0.584001	1.0
51287	0	0.007024828431408975	0.036313551064774095	0.9230010000000001	1.0
51294	0	0.009856077752487764	0.051763952469689185	0.896001	1.0
51298	0	0.11402061128600129	0.9955412563989577	0.061001	0.7875692535087719
51303	3214	0.026196081955909545	0.15044576210704375	0.692001	1.0
51338	2796	0.021749798637670556	0.12195395337660578	0.769001	1.0
51346	297	0.07831021738058222	0.5835689311337862	0.277001	0.9099650071748879
51349	0	0.0	-0.0	1.0	1.0
51358	0	0.0	-0.0	1.0	1.0
51366	0	0.0502150347683394	0.3266664393971291	0.47000099999999995	1.0
51392	3520	0.0	-0.0	1.0	1.0
51395	0	0.08392380018512784	0.6418247034515974	0.28800099999999995	0.9168680668196155
51408	3087	0.023025986309670995	0.13000411045380333	0.726001	1.0
51412	658	0.003428745189842739	0.01736791117936048	0.961001	1.0
51423	0	0.11734384460103721	1.0389958405939583	0.089001	0.8053487181818181
51459	0	0.10200630648761727	0.8458307025053811	0.168001	0.8310208384376389
51466	0	0.15319103909118348	1.5659406162431861	0.028001	0.6564945374732334
51488	0	0.0	-0.0	1.0	1.0
51501	0	0.005227296599360762	0.026749193573361172	0.945001	1.0
51503	0	0.024466533169971882	0.1392142568957678	0.729001	1.0
51510	1448	0.0	-0.0	1.0	1.0
51525	887	0.06100449551188675	0.4186275097182622	0.391001	0.9629838341934036
51526	0	0.03785887674202829	0.23122144881307008	0.602001	1.0
51532	0	0.0	-0.0	1.0	1.0
51539	2931	0.07481081242872518	0.5484448569025957	0.273001	0.905784226969697
51568	1756	0.04225129250699539	0.26396668369294163	0.631001	1.0
51575	0	0.10012977539329045	0.8234801531828091	0.142001	0.8265650978203083
51578	0	0.10631930998063721	0.8982532604716316	0.119001	0.820033522468544
51583	0	0.052846781256911134	0.3483453239631233	0.457001	1.0
51627	4363	0.061929976688335726	0.42689872982825594	0.49300099999999997	1.0
51628	0	0.11865088991690485	1.056332129157837	0.016001	0.5816998406250001
51632	0	0.00603130087869409	0.03100378526498974	0.9320010000000001	1.0
51671	4780	0.058728871610953456	0.39854926932004964	0.42100099999999996	0.9795027515937101
51680	0	0.17386256972159006	1.9200607667805254	0.017001000000000002	0.5816998406250001
51689	0	0.03239274337723426	0.19226011859823017	0.630001	1.0
51698	1540	0.06613309595362941	0.4652359832991179	0.377001	0.9581348300623412
51712	0	0.08159242211183246	0.6173430261364921	0.278001	0.9099650071748879
51715	0	0.0261407206070796	0.15008330462431477	0.693001	1.0
51718	0	0.022938929387840208	0.1294517049736576	0.730001	1.0
51726	0	0.1028783773681751	0.8563118137219865	0.151001	0.8310208384376389
51746	0	0.0471970227542283	0.30239494688731156	0.49800099999999997	1.0
51764	297	0.05467440407303085	0.36368403485023865	0.440001	0.9884380653019446
51782	0	0.0	-0.0	1.0	1.0
51792	0	0.023422447809546	0.13252582873453378	0.748001	1.0
51808	0	0.026633368556431933	0.15331559879231918	0.711001	1.0
51826	1222	0.0174604132202702	0.09564128710762179	0.813001	1.0
51828	0	0.10476005402419405	0.8791314329035671	0.120001	0.820033522468544
51845	4781	0.06567793891323893	0.4610229913541749	0.342001	0.9398895120676785
51850	0	0.13605902033098533	1.3006278842650243	0.045001	0.7522380900763358
51856	0	0.0	-0.0	1.0	1.0
51867	4574	0.053826989084254415	0.356542902220855	0.527001	1.0
51882	0	0.28917669367973853	4.643518142626215	1e-06	0.00043795999999999993
51891	0	0.0720975004321196	0.5218347042339229	0.332001	0.9356702571428571
51892	1068	0.0698123095079283	0.4998429370796988	0.331001	0.9356702571428571
51897	0	0.02585774823338223	0.14823369937061343	0.704001	1.0
51902	1397	0.008768887080870369	0.04577492149801528	0.9120010000000001	1.0
51904	2091	0.019991800196420804	0.11103149778658224	0.8060010000000001	1.0
51906	917	0.0	-0.0	1.0	1.0
51915	0	0.1168481491891136	1.0324573710873284	0.092001	0.8090915253012048
51920	0	0.0020965243197436185	0.010539623290239003	0.981001	1.0
51930	0	0.05190540696327499	0.3405355479030193	0.461001	1.0
51938	0	0.029518026272010476	0.1725539194524477	0.757001	1.0
51949	1604	0.0	-0.0	1.0	1.0
51951	1214	0.0015315857774646589	0.007674840988766197	0.980001	1.0
51959	0	0.12132906954978845	1.0922895720235912	0.089001	0.8053487181818181
51960	0	0.0	-0.0	1.0	1.0
51962	0	0.06202665080673246	0.4277662575183524	0.378001	0.9581348300623412
51977	0	0.0	-0.0	1.0	1.0
51978	0	0.040693610988958226	0.2522063310229332	0.594001	1.0
51984	1007	0.0	-0.0	1.0	1.0
52025	0	0.17143590404748785	1.8765233144474698	0.017001000000000002	0.5816998406250001
52030	0	0.0	-0.0	1.0	1.0
52032	1151	0.16533618068372027	1.769413346402186	0.020001	0.6067731712846347
52040	10	0.0	-0.0	1.0	1.0
52044	3190	0.01075842453635302	0.05678817254510263	0.857001	1.0
52046	0	0.05894403600024917	0.4004319546458037	0.391001	0.9629838341934036
52063	2946	0.0	-0.0	1.0	1.0
52076	0	0.0894028010128956	0.7009810228213407	0.193001	0.854495733522038
52082	3214	0.0017519590764459927	0.008790169248917212	0.985001	1.0
52094	4501	0.0	-0.0	1.0	1.0
52098	0	0.0	-0.0	1.0	1.0
52100	0	0.04986184677260192	0.32379360011844804	0.48100099999999996	1.0
52129	0	0.027196827781875144	0.1570314859296509	0.696001	1.0
52137	0	0.004595328393955388	0.02343143010322559	0.952001	1.0
52139	0	0.08296593831214844	0.6317166404260817	0.236001	0.8917607127407907
52166	0	0.01704812978772352	0.09317216574819319	0.820001	1.0
52183	0	0.04518557432608057	0.28656532435942184	0.527001	1.0
52187	0	0.13627562368981133	1.3038264771544692	0.059001	0.7875692535087719
52199	0	0.05845726771515801	0.3961774244547842	0.49400099999999997	1.0
52204	887	0.0006390433369810814	0.003186010781384591	0.992001	1.0
52211	4587	0.0	-0.0	1.0	1.0
52225	0	0.004051493802040654	0.02059494137704484	0.972001	1.0
52229	994	0.0	-0.0	1.0	1.0
52231	0	0.04553077769656558	0.28926236675800754	0.521001	1.0
52244	0	0.0	-0.0	1.0	1.0
52255	0	0.09554309153851487	0.7700097705897009	0.175001	0.8342142636363636
52269	1228	0.0	-0.0	1.0	1.0
52270	4303	0.04472544304653737	0.28298297185749915	0.522001	1.0
52278	0	0.16726056519209603	1.802847088632132	0.014001	0.5816998406250001
52280	4255	0.004051493802040654	0.02059494137704484	0.972001	1.0
52310	0	0.0007819660034384321	0.0039017477193875097	0.991001	1.0
52316	0	0.0005787848288629505	0.002884593492540114	0.999001	1.0
52322	0	0.053255847323866505	0.35175823329253614	0.466001	1.0
52336	887	0.024461158843331717	0.13917965239992774	0.755001	1.0
52342	0	0.0	-0.0	1.0	1.0
52363	297	0.026248561233009754	0.15078953065674777	0.718001	1.0
52372	0	0.045348522223015206	0.28783741001916135	0.49300099999999997	1.0
52408	4666	0.14718017697101318	1.4699926373352703	0.041001	0.7444775273631842
52420	0	0.027676099088020524	0.16020815638895952	0.704001	1.0
52421	0	0.181579543810011	2.0620486215059244	0.015000999999999999	0.5816998406250001
52422	0	0.08350935868098341	0.637442707283206	0.228001	0.8871296904761905
52423	0	0.0	-0.0	1.0	1.0
52427	1482	0.016460101634004215	0.08966859553755227	0.814001	1.0
52430	0	0.0	-0.0	1.0	1.0
52434	0	0.16183686188186175	1.7094581640565085	0.024001	0.6286769114832536
52451	2823	0.07188736786133557	0.5197964906043233	0.314001	0.9281849214362851
52456	0	0.015792225057857184	0.0857149791706849	0.833001	1.0
52464	0	0.0	-0.0	1.0	1.0
52467	3656	0.0010729610785817564	0.005362612859705736	0.989001	1.0
52468	0	0.04565036456694284	0.2901985815320268	0.49800099999999997	1.0
52471	0	0.10658103627326979	0.9014818292626472	0.120001	0.820033522468544
52483	0	0.06847335731107933	0.487134730047079	0.330001	0.9356702571428571
52488	0	0.0015724649435591743	0.007881523830540874	0.973001	1.0
52496	0	0.045635417875872	0.2900815144362893	0.49800099999999997	1.0
52501	0	0.11550734899563395	1.0148713614593459	0.104001	0.8168629476327116
52506	0	0.16528374567478882	1.76850695725149	0.018001	0.5900986497005988
52507	0	0.004051493802040654	0.02059494137704484	0.972001	1.0
52516	0	0.042843516561429706	0.26848080623223386	0.5550010000000001	1.0
52517	0	0.10120726907655206	0.8362798996407406	0.141001	0.8255721652406417
52530	0	0.05411020561664921	0.3589239666789782	0.440001	0.9884380653019446
52531	0	0.07595855701872298	0.5598647510922657	0.280001	0.9107935083184789
52536	4745	0.01683151426641174	0.09187906515375543	0.823001	1.0
52538	0	0.09924895282990256	0.8130843139958671	0.161001	0.8310208384376389
52546	0	0.02506674419475691	0.1430904418294392	0.720001	1.0
52547	0	0.05015122177593576	0.32614674493323315	0.449001	0.9953658532091517
52554	0	0.03847877306937513	0.23576459775284903	0.602001	1.0
52555	1111	0.010885032376311464	0.05749700888497528	0.859001	1.0
52559	3257	0.0	-0.0	1.0	1.0
52572	4268	0.058691971297539364	0.3982267218068395	0.391001	0.9629838341934036
52591	0	0.02095683301318252	0.11700336782866948	0.779001	1.0
52593	3388	0.14264283531383198	1.3996225840264582	0.042001000000000004	0.7473300777777777
52597	0	0.0	-0.0	1.0	1.0
52607	0	0.14846081538690062	1.4901734804827211	0.029001000000000002	0.6656854276729561
52613	0	0.008481130706847806	0.04420148920382617	0.891001	1.0
52621	0	0.04553077769656558	0.28926236675800754	0.521001	1.0
52622	0	0.031679270720706275	0.18731920323500195	0.643001	1.0
52625	1228	0.08960133936730746	0.7031676039042986	0.205001	0.8652875670778719
52636	1681	0.053231619725760584	0.3515557730950679	0.460001	1.0
52643	0	0.0053490294132491146	0.027390949325384096	0.941001	1.0
52650	3869	0.09549949676238689	0.7695094131948709	0.193001	0.854495733522038
52654	203	0.11739596274235507	1.0396844636144866	0.096001	0.8148177899224807
52655	0	0.04587985573661714	0.291997939754725	0.518001	1.0
52657	425	0.1736267489376131	1.9158066169233514	0.016001	0.5816998406250001
52661	0	0.0	-0.0	1.0	1.0
52662	0	0.0	-0.0	1.0	1.0
52665	0	0.0	-0.0	1.0	1.0
52668	2558	0.02376621337834585	0.13472039307091105	0.752001	1.0
52669	0	0.06489805721431798	0.45383908805911227	0.35300099999999995	0.944989718581907
52670	0	0.007686554644322732	0.039882229971393054	0.9200010000000001	1.0
52676	0	0.0	-0.0	1.0	1.0
52689	0	0.03053639724120272	0.17947357297907046	0.6750010000000001	1.0
52696	349	0.12434162313557594	1.1334379304998805	0.07000100000000001	0.7875692535087719
52710	0	0.08904637992275585	0.6970631881910979	0.177001	0.8353379090517241
52714	2880	0.04015452237458471	0.24817422238036252	0.589001	1.0
52725	0	0.0005095227659044944	0.0025383953767618645	0.995001	1.0
52733	0	0.10672336816501579	0.9032398728041783	0.127001	0.8228011532544378
52737	0	0.0986947622714159	0.8065746412223254	0.170001	0.8310208384376389
52738	0	0.0029021050750777898	0.01465639981578487	0.970001	1.0
52739	0	0.0	-0.0	1.0	1.0
52740	3055	0.0	-0.0	1.0	1.0
52752	0	0.0	-0.0	1.0	1.0
52756	0	0.0	-0.0	1.0	1.0
52762	0	0.021569339246224173	0.12082386508953605	0.768001	1.0
52765	3135	0.03746092175577635	0.22831834566436915	0.594001	1.0
52772	0	0.0	-0.0	1.0	1.0
52774	0	0.0	-0.0	1.0	1.0
52776	0	0.055852316957361356	0.3736938610008386	0.405001	0.9701669465298997
52778	0	0.1151781809437272	1.010576225510851	0.040001	0.7385682107925801
52784	0	0.07153319967895427	0.5163685169242227	0.30100099999999996	0.9247081787317619
52788	114	0.05201678119462312	0.3414563090864336	0.456001	0.9999509210895252
52799	0	0.2223203927233198	2.903541634223125	0.001001	0.2149009607843137
52809	0	0.06350986250244163	0.4411601218647222	0.40800099999999995	0.971610316554567
52810	0	0.07761548171213856	0.5765233291429682	0.270001	0.9048793844505663
52813	0	0.07234810360786884	0.5242697097885127	0.401001	0.9670836892070485
52815	0	0.00042272753943235937	0.0021049456143623626	0.999001	1.0
52818	0	0.10476005402419405	0.8791314329035671	0.120001	0.820033522468544
52820	1241	0.011894846887420818	0.06318500885384787	0.878001	1.0
52823	2724	0.11394887342171525	0.9946130561190386	0.102001	0.8168629476327116
52825	0	0.18078318445235056	2.047145777081326	0.011000999999999999	0.5816998406250001
52836	5	0.027544353124389194	0.15933346154336497	0.690001	1.0
52837	0	0.011790944726410374	0.0625969334878216	0.868001	1.0
52840	0	0.05942014543847483	0.4046095797218043	0.406001	0.9701669465298997
52864	0	0.07234810360786881	0.5242697097885126	0.401001	0.9670836892070485
52867	1891	0.062167993044157654	0.42903582828247677	0.384001	0.9600036322022317
52868	0	0.10244491470874229	0.8510946914661022	0.119001	0.820033522468544
52870	1714	0.07698093179543486	0.5701195066516698	0.277001	0.9099650071748879
52877	0	0.06613309595362941	0.4652359832991179	0.377001	0.9581348300623412
52879	0	0.0	-0.0	1.0	1.0
52886	1902	0.010569734572897387	0.055733537072869294	0.879001	1.0
52889	1900	0.06161908980681022	0.4241134438707035	0.36400099999999996	0.9502734737720553
52898	4786	0.0414442665103216	0.25785333777289293	0.525001	1.0
52901	0	0.13937225543458043	1.3499872101156765	0.045001	0.7522380900763358
52902	3831	0.05358874604845517	0.35454428153980644	0.451001	0.9969735410862104
52913	0	0.09364415142447183	0.7483512896696386	0.17100100000000001	0.8310208384376389
52915	874	0.17652419298929176	1.9684235423088214	0.013000999999999999	0.5816998406250001
52916	0	0.0	-0.0	1.0	1.0
52917	0	0.01544060182128166	0.08364444226241087	0.823001	1.0
52930	0	0.1678921764734122	1.8138923301680085	0.017001000000000002	0.5816998406250001
52936	2585	0.004051493802040654	0.02059494137704484	0.972001	1.0
52947	0	0.0018009023725641254	0.009038253129787108	0.979001	1.0
52963	0	0.06328671249942938	0.4391349254923149	0.34700099999999995	0.9406570807130477
53003	0	0.026045317298832773	0.14945914578553166	0.8000010000000001	1.0
53011	4464	0.016645615052859705	0.0907716245442631	0.8040010000000001	1.0
53017	0	0.10696174108549329	0.9061877946265086	0.127001	0.8228011532544378
53031	0	0.12948131197559112	1.2053674403404713	0.066001	0.7875692535087719
