ComponentIndex	n_members	max_rho_abs	es	p_maxrho_perm	p_es_perm	p_fdr_max	p_es_fdr	p_maxrho_fdr
1	11	0.16227136707685913	0.4317094089905016	0.087001	0.263001	1.0	0.6708852942477875	0.31845127936507933
5	14	0.1877476489582116	0.495940634012896	0.036001	0.270001	0.998001	0.6752953427331887	0.2562293395061728
7	2	0.15170360373544683	1.2112833724626466	0.033001	0.029001000000000002	1.0	0.4674480135135135	0.25541868987341776
8	27	0.17529789446948646	0.38360998266791957	0.093001	0.49300099999999997	1.0	0.7712756485753053	0.31913736011904764
10	9	0.15524422367478347	0.592591527328578	0.086001	0.091001	1.0	0.6088941179775281	0.3157934808917197
17	3	0.09086921813148323	0.4702201201475882	0.210001	0.150001	1.0	0.6256061608832807	0.3707980903522205
19	23	0.1565745467347298	0.5193838847648767	0.137001	0.159001	1.0	0.6256061608832807	0.34071767237687367
20	43	0.16250927514364233	0.42484143115993994	0.20200100000000001	0.30700099999999997	1.0	0.6873245689320389	0.36925141758241753
21	4	0.1302000821451622	0.5924624034440892	0.082001	0.226001	1.0	0.6417931397590362	0.30999066557377053
25	5	0.07498345810226806	0.3012383672312769	0.391001	0.725001	1.0	0.8888994199363732	0.4551632960725075
28	2	0.06106860050298974	0.3690882708435531	0.30200099999999996	0.499001	1.0	0.7748422396251674	0.408047908032596
36	4	0.11327097768745363	0.6432258672590181	0.179001	0.157001	1.0	0.6256061608832807	0.36474719332161687
38	28	0.10437593313869918	0.22557016924385279	0.42700099999999996	0.848001	1.0	0.9457953169082126	0.47023128271251186
44	2	0.11419788118201142	0.8596515594182419	0.083001	0.092001	1.0	0.6088941179775281	0.3107147824675325
47	2	0.05868063912623615	0.3748380244133749	0.29500099999999996	0.445001	1.0	0.7565023784172662	0.40614084278959806
48	2	0.0710555549166375	0.37905417406751585	0.241001	0.462001	1.0	0.7582956718749999	0.387551119944212
52	13	0.22720205042859504	0.5018009669599289	0.002001	0.29300099999999996	0.6840010000000001	0.6839461983967936	0.09228612
54	2	0.08627677778333642	0.49132710299244875	0.209001	0.380001	1.0	0.7376113686868687	0.3707980903522205
56	6	0.11122801683442415	0.3203720056932083	0.229001	0.6680010000000001	1.0	0.8529403687707642	0.3821102069464544
58	2	0.12000997185787468	0.5439532297337162	0.082001	0.30100099999999996	1.0	0.6868479550781249	0.30999066557377053
66	3	0.19289977756796978	1.021352431439643	0.005001	0.029001000000000002	0.995001	0.4674480135135135	0.12813673333333334
68	2	0.07949383535088224	0.3541625939063141	0.249001	0.597001	1.0	0.8194549440476191	0.39221059153005466
71	4	0.13792023483490856	0.4513463775670332	0.07000100000000001	0.378001	1.0	0.7376113686868687	0.3080578358778626
77	2	0.08517911633101816	0.3275883855244529	0.112001	0.212001	1.0	0.641212125	0.32616166997518614
84	2	0.05571886497453771	0.34301404255020673	0.317001	0.511001	1.0	0.7762637061923584	0.41440153401360547
86	2	0.08126735663765555	0.4166427291251928	0.200001	0.41700099999999996	1.0	0.7524290344287949	0.3689618448
89	2	0.10376122678933278	0.5077831986397167	0.136001	0.315001	1.0	0.6926789980988592	0.3401500065075922
94	19	0.19062100668301513	0.602086803981091	0.039001	0.018001	0.997001	0.4674480135135135	0.2599315202312139
100	4	0.08683758886938064	0.5819987212823565	0.267001	0.225001	1.0	0.6417931397590362	0.3995705281329923
101	2	0.1056832868093212	0.6555504917526817	0.133001	0.199001	1.0	0.641212125	0.3370333032967033
103	2	0.002543169611928721	0.0114085645248479	0.49300099999999997	0.999001	1.0	1.0	0.5021467782685511
106	2	0.0728763133661669	0.3344728889245341	0.243001	0.5500010000000001	1.0	0.7945782184769039	0.3896803240611961
108	2	0.08528231443555624	0.5629683076988538	0.178001	0.247001	1.0	0.6623073325581394	0.3638921152482269
114	2	0.08265334561963689	0.4849446140049608	0.183001	0.321001	1.0	0.6996486824196597	0.3650521678200692
129	2	0.1280856396982415	0.7109451895213609	0.059001	0.162001	1.0	0.6256061608832807	0.2906771134453781
132	2	0.1575789068229687	1.0425430239194429	0.023001	0.051001	1.0	0.5113404608695652	0.2525728857142857
135	6	0.11551121958895284	0.40064007210045177	0.201001	0.529001	1.0	0.7864751003861005	0.36903527547770704
138	2	0.09401816540567734	0.3833482226274385	0.157001	0.451001	1.0	0.7565023784172662	0.35323343545279384
147	10	0.181987624860369	0.7878100574633271	0.033001	0.032001	1.0	0.4791838051948052	0.25541868987341776
160	2	0.11865088991690485	0.6234463942886915	0.050001000000000004	0.20200100000000001	1.0	0.641212125	0.27193940094339625
169	2	0.09275068943261167	0.4770496307583094	0.155001	0.37100099999999997	1.0	0.7376113686868687	0.35323343545279384
171	7	0.05740439519142515	0.1733764223643514	0.43500099999999997	0.866001	1.0	0.951858105815062	0.4738069302544769
172	2	0.05802512678341651	0.19620721025184668	0.217001	0.43000099999999997	1.0	0.7529456863636363	0.3728795126676602
182	12	0.06476925656992505	0.22978203943954	0.502001	0.9280010000000001	1.0	0.9794198476277374	0.5068363861646236
184	2	0.01844106266648872	0.05077818239879049	0.396001	0.7890010000000001	1.0	0.9156869006024096	0.4570461991991992
203	2	0.11739596274235507	0.6074330254357819	0.081001	0.233001	1.0	0.6427037153110048	0.30999066557377053
277	6	0.16790040152517094	0.5716678960444944	0.037001	0.112001	1.0	0.610112793721973	0.25855850303030303
278	2	0.0781685896102372	0.30709017984185816	0.254001	0.593001	1.0	0.8168819032258064	0.3962965534506089
282	3	0.12247541683079546	0.5858679438909071	0.07000100000000001	0.232001	1.0	0.6427037153110048	0.3080578358778626
292	4	0.2165031764574099	1.0868391267130055	0.003001	0.026001	0.853001	0.4674480135135135	0.10812978125
297	32	0.22523014121713614	0.6377105923107064	0.008001	0.011000999999999999	0.718001	0.4674480135135135	0.1618447894736842
300	3	0.11286304162827533	0.533370120867077	0.110001	0.28800099999999995	1.0	0.6828240840163934	0.32616166997518614
322	2	0.019420722716864694	0.05376240970528853	0.392001	0.8010010000000001	1.0	0.9244786316316318	0.4551632960725075
348	7	0.19141698259580478	0.7236120123143551	0.013000999999999999	0.055001	0.996001	0.5343264471544715	0.21724859420289852
349	73	0.20419311940948676	0.5258166088915376	0.047001	0.079001	0.966001	0.5838047658227848	0.26564780882352945
350	13	0.11384137761588925	0.4412814290771754	0.314001	0.42400099999999996	1.0	0.7529456863636363	0.4118807201365187
351	3	0.12963601856512752	0.7654281688552019	0.090001	0.115001	1.0	0.610112793721973	0.31913736011904764
352	3	0.07041686339364767	0.19856697093102058	0.233001	0.5610010000000001	1.0	0.798997722564735	0.384334982832618
353	2	0.10229714289446606	0.431359929719886	0.119001	0.40900099999999995	1.0	0.7524290344287949	0.3298272908653846
354	4	0.1209227462087874	0.4075934715353572	0.111001	0.274001	1.0	0.6775131474358974	0.32616166997518614
355	2	0.06965669723106795	0.3897667176864785	0.28700099999999995	0.48400099999999996	1.0	0.7697197715458276	0.4030598696711327
356	2	0.11170547197054943	0.6198651299595902	0.081001	0.197001	1.0	0.641212125	0.30999066557377053
357	3	0.1579056514067449	0.6306222683505538	0.021001000000000002	0.073001	1.0	0.5804838137931034	0.23508886407766993
363	2	0.057064245759438276	0.3514436677549279	0.339001	0.522001	1.0	0.7847029374185138	0.4257823017429194
365	2	0.11523674774077414	0.5056698955843126	0.043001	0.088001	1.0	0.6075757664670659	0.26286607772020726
366	2	0.06963802787601414	0.2718098501532776	0.252001	0.643001	1.0	0.8367721817155758	0.3953158544217687
367	2	0.040855381735266316	0.1267100478723355	0.30500099999999997	0.597001	1.0	0.8194549440476191	0.4084392020905923
368	2	0.05498455874198031	0.26126898649207686	0.386001	0.743001	1.0	0.8922605321576763	0.453007261928934
370	31	0.17636045046399973	0.4176941176568099	0.082001	0.337001	1.0	0.7116522948717949	0.30999066557377053
373	2	0.11392532191021745	0.4971542094238235	0.047001	0.10100100000000001	1.0	0.610112793721973	0.26564780882352945
381	2	0.06559645519031586	0.43132789582217856	0.278001	0.400001	1.0	0.7524290344287949	0.4024098428217821
390	2	0.061929976688335726	0.3243600892825715	0.321001	0.640001	1.0	0.8364148621468926	0.41820808248587565
392	2	0.09063711551529487	0.6799759341023445	0.193001	0.195001	1.0	0.641212125	0.36567824110032365
425	24	0.1736267489376131	0.5218693529606255	0.071001	0.120001	1.0	0.6122174911504424	0.3089213320754717
426	2	0.06411589935617398	0.28261530165761956	0.266001	0.630001	1.0	0.8339737692307693	0.3995705281329923
427	4	0.1338739445146768	0.7647472062347335	0.094001	0.105001	1.0	0.610112793721973	0.31971431563421826
428	2	0.03223933149239812	0.153053786678459	0.43000099999999997	0.843001	1.0	0.9457953169082126	0.47257794402277037
429	4	0.1396344375669924	0.43374274281707864	0.044001	0.231001	1.0	0.6417931397590362	0.26286607772020726
436	3	0.08661913982280116	0.45751206416918455	0.258001	0.379001	1.0	0.7376113686868687	0.39658453253652054
441	2	0.004208606039269626	0.010706315947164455	0.48800099999999996	0.959001	1.0	0.9925746436265709	0.499259230700976
444	8	0.1265776343035537	0.5082152018602948	0.187001	0.277001	1.0	0.6780937430997878	0.36567824110032365
464	3	0.07454332965216083	0.31745092873529546	0.334001	0.641001	1.0	0.8364148621468926	0.423190278021978
499	51	0.2023424706491068	0.625256503771484	0.049001	0.063001	0.977001	0.5587704076923077	0.27032609090909093
503	17	0.2006190019132768	0.7236209826570219	0.024001	0.043001	0.983001	0.5023084455445544	0.2528609912280702
504	2	0.0816135342905479	0.4308543909784277	0.196001	0.389001	1.0	0.7438111990049752	0.36567824110032365
506	4	0.10099278830582742	0.5360671073963352	0.104001	0.173001	1.0	0.6263245462962963	0.32585095923913043
512	2	0.07977936587886053	0.33348997044028006	0.217001	0.5340010000000001	1.0	0.7893630166666668	0.3728795126676602
513	3	0.10410409520134262	0.36875534059998927	0.118001	0.266001	1.0	0.6752953427331887	0.32863563526570044
515	2	0.09145214158676467	0.5927520165429113	0.152001	0.241001	1.0	0.6492386752336449	0.35121673947895793
516	2	0.15452563653354826	0.8044060927457923	0.024001	0.102001	1.0	0.610112793721973	0.2528609912280702
518	3	0.1274903586116401	0.4427015912859509	0.077001	0.387001	1.0	0.7436869216666666	0.30999066557377053
521	5	0.1564181608954387	0.6176647823427038	0.039001	0.086001	1.0	0.6075757664670659	0.2599315202312139
522	5	0.0953697332415868	0.5081805705474091	0.30500099999999997	0.29500099999999996	1.0	0.6839461983967936	0.4084392020905923
526	17	0.13194651168058508	0.3066261703920416	0.212001	0.47500099999999995	1.0	0.7681337315716272	0.3720504611872146
529	32	0.2079009206024089	0.5957135158740385	0.025001000000000002	0.024001	0.946001	0.4674480135135135	0.2528609912280702
532	27	0.10771425232473866	0.3055516107617563	0.465001	0.634001	1.0	0.8364148621468926	0.488738516864175
557	2	0.09786629901967472	0.6118933826317637	0.151001	0.215001	1.0	0.641212125	0.3503101670020121
566	2	0.12212737885984493	0.5847652357934373	0.065001	0.248001	1.0	0.6634458306264501	0.3071743359073359
572	29	0.17656081694458883	0.5519078047736976	0.089001	0.167001	1.0	0.6256061608832807	0.31913736011904764
573	2	0.05729225008401208	0.29605166745316464	0.34800099999999995	0.623001	1.0	0.8304279225433526	0.4295986648822269
574	6	0.09813489221941793	0.4180926460405136	0.316001	0.463001	1.0	0.7582956718749999	0.4140331284090909
576	3	0.0980301163367525	0.4249318359990823	0.196001	0.41400099999999995	1.0	0.7524290344287949	0.36567824110032365
578	3	0.09086921813148327	0.40011854547557185	0.249001	0.512001	1.0	0.7767594118421053	0.39221059153005466
579	3	0.10625130018722698	0.5395336397015232	0.147001	0.281001	1.0	0.6806599852941176	0.3461362129817444
580	2	0.134213257431302	0.6430060787262415	0.047001	0.223001	1.0	0.6417931397590362	0.26564780882352945
581	8	0.1061859574445387	0.32137116913211394	0.268001	0.43400099999999997	1.0	0.754755886877828	0.3995705281329923
583	2	0.16166218540838906	1.4284994802857351	0.016001	0.007001	1.0	0.44845294444444445	0.23061153
584	4	0.09348246013082624	0.36657963488986867	0.261001	0.5540010000000001	1.0	0.7954709252801994	0.39753520871862613
585	3	0.20028084231802723	1.1110134804918974	0.004001	0.014001	0.984001	0.4674480135135135	0.11532882500000001
586	3	1.3335253609844666e-05	2.2082288208860945e-05	0.49500099999999997	1.0	1.0	1.0	0.5024085853873239
588	4	0.04305184291431964	0.08954089778516741	0.40800099999999995	0.7910010000000001	1.0	0.9156869006024096	0.4625616057030481
589	3	0.09721015898499112	0.35235760028124224	0.147001	0.30500099999999997	1.0	0.6868479550781249	0.3461362129817444
590	2	0.09187989737188819	0.3916508038276177	0.160001	0.457001	1.0	0.757072058908046	0.35376354734848486
592	9	0.11865088991690485	0.26759462564839864	0.213001	0.771001	1.0	0.9043378972533063	0.3726709453717754
594	2	0.08675024456207875	0.5137380508348126	0.188001	0.31000099999999997	1.0	0.6886920096339113	0.36567824110032365
595	2	0.07514121799778643	0.2862212374662985	0.222001	0.600001	1.0	0.8196696125592416	0.37586953450807636
597	7	0.15759973405177702	0.7398941417853069	0.053001	0.063001	1.0	0.5587704076923077	0.27777342272727273
598	5	0.10244491470874229	0.2934368095003081	0.28300099999999995	0.757001	1.0	0.8979651779835391	0.4026363284493284
600	5	0.04236003142116661	0.12172121746134776	0.47700099999999995	0.951001	1.0	0.9878415792792793	0.4947316262265833
602	2	0.06760989768533915	0.3047448437691014	0.28600099999999995	0.588001	1.0	0.8168819032258064	0.4026363284493284
604	2	0.12480984109946526	0.9886164640487425	0.074001	0.075001	1.0	0.5838047658227848	0.3099503691756272
606	3	0.08160866086967607	0.41988816180750693	0.28200099999999995	0.437001	1.0	0.7565023784172662	0.4024098428217821
608	3	0.09798882049467492	0.49490489300936197	0.210001	0.34400099999999995	1.0	0.7185383206521737	0.3707980903522205
610	3	0.1712559717391342	0.7126662237408784	0.020001	0.133001	1.0	0.6256061608832807	0.23061153
611	2	0.02635648506907935	0.11431015441989377	0.47800099999999995	0.903001	1.0	0.9658257448979592	0.4947316262265833
612	3	0.06478434046582811	0.23601485583393708	0.34500099999999995	0.760001	1.0	0.8983508721881391	0.4286488717672413
614	2	0.09394383098055076	0.48641722297801016	0.169001	0.333001	1.0	0.7083951162361624	0.35819513419117655
616	2	0.05063326831461818	0.23619069973400905	0.339001	0.6850010000000001	1.0	0.8641205175054706	0.4257823017429194
624	3	0.043294195725600615	0.1315129961769278	0.444001	0.945001	1.0	0.9842693342366756	0.4779954743230625
637	2	0.10486250219030444	0.7252078343703192	0.127001	0.158001	1.0	0.6256061608832807	0.3354208022727273
638	4	0.10707519333964587	0.27629819133734945	0.190001	0.7910010000000001	1.0	0.9156869006024096	0.36567824110032365
641	2	0.1460863641950531	0.7524196937512064	0.031001	0.133001	1.0	0.6256061608832807	0.25541868987341776
655	4	0.15263445107362827	0.584613427085762	0.035001000000000004	0.11700100000000001	1.0	0.610112793721973	0.25541868987341776
661	2	0.08035690472761411	0.5413750999778998	0.230001	0.29400099999999996	1.0	0.6839461983967936	0.38267121645021646
675	2	0.10211156322890999	0.7471776161811323	0.132001	0.154001	1.0	0.6256061608832807	0.3370333032967033
718	2	0.07339928875649213	0.26726698020209616	0.136001	0.281001	1.0	0.6806599852941176	0.3401500065075922
728	3	0.09932326514075406	0.4562780819110383	0.191001	0.383001	1.0	0.7396987487437185	0.36567824110032365
730	2	0.043069880243787904	0.23517196396056056	0.379001	0.715001	1.0	0.8817071155080214	0.4495762890946502
732	2	0.13859968523686308	1.1595870855729855	0.047001	0.038001	1.0	0.49415552747252744	0.26564780882352945
735	30	0.13614228326406927	0.46948991716515676	0.28900099999999995	0.137001	1.0	0.6256061608832807	0.4043909623786407
742	54	0.1678353850758179	0.44463254479772657	0.157001	0.218001	1.0	0.641212125	0.35323343545279384
746	4	0.08741299797288876	0.48274770354055596	0.30000099999999996	0.339001	1.0	0.7119638488160291	0.4074218527679623
749	2	0.05938721842612003	0.38660997247282536	0.208001	0.41100099999999995	1.0	0.7524290344287949	0.3707980903522205
752	3	0.12386050257903808	0.399306146199144	0.058001000000000004	0.236001	1.0	0.6463400308788598	0.2906771134453781
754	13	0.1667394443954154	0.4130842429996998	0.07000100000000001	0.31000099999999997	1.0	0.6886920096339113	0.3080578358778626
760	3	0.16587988670368536	0.6827445884013058	0.020001	0.154001	1.0	0.6256061608832807	0.23061153
762	2	0.08511497227472956	0.3272458070916737	0.110001	0.231001	1.0	0.6417931397590362	0.32616166997518614
767	2	0.11287758770596303	0.7365480878734225	0.108001	0.153001	1.0	0.6256061608832807	0.32616166997518614
777	9	0.2525287008380797	0.9346796000557656	0.002001	0.025001000000000002	0.280001	0.4674480135135135	0.09228612
778	2	0.017340953761536233	0.06385711556717878	0.49500099999999997	0.978001	1.0	1.0	0.5024085853873239
779	2	0.10421100638491948	0.4838819678203643	0.112001	0.326001	1.0	0.7012670764925373	0.32616166997518614
781	6	0.11993194966722034	0.46201106532552266	0.159001	0.399001	1.0	0.7524290344287949	0.35323343545279384
783	2	0.0	0.0	1.0	1.0	1.0	1.0	1.0
785	2	0.1272495847304256	1.0916770694252969	0.066001	0.050001000000000004	1.0	0.5113404608695652	0.3071743359073359
787	2	0.05857225604561197	0.2990621866300544	0.28600099999999995	0.5440010000000001	1.0	0.793416859848485	0.4026363284493284
788	2	0.09941199029391307	0.7459819348760066	0.126001	0.176001	1.0	0.6263245462962963	0.3354208022727273
814	2	0.06990253198303908	0.2740832330765502	0.258001	0.639001	1.0	0.8364148621468926	0.39658453253652054
816	4	0.04756352327502196	0.11699706500018589	0.439001	0.873001	1.0	0.9568157347908746	0.47572194830827064
818	2	0.0948823197962052	0.3893336853521535	0.164001	0.47900099999999995	1.0	0.7681337315716272	0.35610763276836155
821	7	0.18845598887369536	0.8276646527841857	0.015000999999999999	0.048001	0.998001	0.5113404608695652	0.23061153
830	2	0.008327865879353306	0.021682724062586683	0.442001	0.903001	1.0	0.9658257448979592	0.47717898220973776
831	2	0.01985074766971537	0.10759203141576537	0.463001	0.901001	1.0	0.9654778373605949	0.4875252538812785
849	4	0.18125191707172067	0.887855419528756	0.020001	0.043001	1.0	0.5023084455445544	0.23061153
850	4	0.17158175198929848	1.0300986306402737	0.035001000000000004	0.026001	1.0	0.4674480135135135	0.25541868987341776
851	3	0.0951030281693897	0.3398223469198549	0.148001	0.314001	1.0	0.6926789980988592	0.3461362129817444
858	5	0.08521673140573903	0.24103381581216152	0.29800099999999996	0.6660010000000001	1.0	0.8522743096559379	0.40614084278959806
866	2	0.2045166347468431	1.3214439401453977	1e-06	0.014001	0.963001	0.4674480135135135	0.00016471428571428572
874	24	0.17652419298929176	0.5698539965569839	0.067001	0.11700100000000001	1.0	0.610112793721973	0.3071743359073359
878	5	0.091785914433655	0.255064013417747	0.271001	0.7890010000000001	1.0	0.9156869006024096	0.3995705281329923
879	5	0.14111628827414885	0.5480743701404747	0.072001	0.14000100000000001	1.0	0.6256061608832807	0.3099503691756272
881	5	0.10585791020573632	0.33205234486262614	0.215001	0.49200099999999997	1.0	0.7712756485753053	0.3728795126676602
882	2	0.10630880540034882	0.5899932326601418	0.114001	0.268001	1.0	0.6752953427331887	0.32616166997518614
884	2	0.07466324292332063	0.2898865429252768	0.327001	0.738001	1.0	0.8919446048218029	0.4197393485016648
887	46	0.16270130465979055	0.44833765166863954	0.180001	0.179001	1.0	0.6311564311926605	0.36474719332161687
888	3	0.1771221467491204	1.0451235027458756	0.011000999999999999	0.019001	1.0	0.4674480135135135	0.19218413636363632
890	2	0.2214683688979318	1.9313012308378634	1e-06	0.002001	0.7930010000000001	0.288394125	0.00016471428571428572
891	3	0.15252013885954124	0.7228319044415521	0.029001000000000002	0.037001	1.0	0.49415552747252744	0.25541868987341776
893	2	0.07787585196581923	0.4646783807147873	0.209001	0.35300099999999995	1.0	0.7268038446428571	0.3707980903522205
899	18	0.19690712575935532	0.5422705161549192	0.028001	0.118001	0.989001	0.610112793721973	0.25541868987341776
900	2	0.06447995177972296	0.23477171358403165	0.267001	0.6650010000000001	1.0	0.8522743096559379	0.3995705281329923
913	44	0.2481941377041696	0.6028002232845033	0.004001	0.046001	0.326001	0.5113404608695652	0.11532882500000001
914	9	0.1624047196129576	0.4303498150779531	0.073001	0.448001	1.0	0.7565023784172662	0.3099503691756272
915	3	0.11493605986594449	0.5800814675227829	0.123001	0.238001	1.0	0.6487355862884161	0.3354208022727273
916	26	0.14221710891883368	0.5030366686108745	0.206001	0.141001	1.0	0.6256061608832807	0.3707980903522205
917	47	0.22148914347854648	0.5331861324713639	0.018001	0.050001000000000004	0.7930010000000001	0.5113404608695652	0.23061153
918	47	0.22801150032271322	0.5641028760467507	0.015000999999999999	0.061001	0.6740010000000001	0.5494855703125	0.23061153
919	9	0.15636041235540002	0.8592355038138604	0.093001	0.027001	1.0	0.4674480135135135	0.31913736011904764
920	2	0.06421204841798551	0.3281705299720645	0.30900099999999997	0.5580010000000001	1.0	0.7982321997518612	0.40951511839080457
921	5	0.09495900743040332	0.18766259038973346	0.261001	0.8000010000000001	1.0	0.9242496523046094	0.39753520871862613
923	2	0.11054790231282355	0.5030220768813206	0.094001	0.35900099999999996	1.0	0.7287467482394364	0.31971431563421826
924	5	0.13540358897651988	0.6382768486017845	0.10100100000000001	0.151001	1.0	0.6256061608832807	0.3244812923497268
926	4	0.11865088991690485	0.5461846169781674	0.138001	0.271001	1.0	0.6763293354978355	0.34071767237687367
929	5	0.13752647047841557	0.5849211344602567	0.096001	0.197001	1.0	0.641212125	0.3208381246376812
930	2	0.17015034448568517	1.4750226316933739	0.009000999999999999	0.014001	1.0	0.4674480135135135	0.16738956451612902
932	6	0.14283833206253227	0.7876809538494168	0.091001	0.014001	1.0	0.4674480135135135	0.31913736011904764
934	2	0.08364004416635998	0.3580278925242789	0.20300100000000001	0.525001	1.0	0.7860700556274257	0.36925141758241753
935	9	0.13967684850875206	0.35255236427512027	0.096001	0.43100099999999997	1.0	0.7529456863636363	0.3208381246376812
937	2	0.05141189824199646	0.26403812180594904	0.342001	0.653001	1.0	0.8431244714445689	0.42676098809523805
940	4	0.13186961084696358	0.6554720723204672	0.096001	0.142001	1.0	0.6256061608832807	0.3208381246376812
946	7	0.12471554092968637	0.36937170525222024	0.138001	0.30000099999999996	1.0	0.6868479550781249	0.34071767237687367
949	2	0.024432530948085632	0.06949767621023623	0.375001	0.739001	1.0	0.8922179612565446	0.4475943612836438
963	6	0.1736118561205972	0.7446210003033725	0.019001	0.028001	1.0	0.4674480135135135	0.23061153
964	3	0.13680862988603093	0.49216130543475006	0.029001000000000002	0.14000100000000001	1.0	0.6256061608832807	0.25541868987341776
965	2	0.0830199548735018	0.32587926005030277	0.200001	0.5480010000000001	1.0	0.7937753178391961	0.3689618448
972	2	0.10505452808526237	0.557018248444254	0.128001	0.272001	1.0	0.6773588617710583	0.3354208022727273
976	2	0.124371124195499	0.7776434047673177	0.078001	0.135001	1.0	0.6256061608832807	0.30999066557377053
977	2	0.026622167298823482	0.07662096730719417	0.338001	0.688001	1.0	0.8650655976008724	0.4257823017429194
985	39	0.1289149058565693	0.35676887886703207	0.37100099999999997	0.43000099999999997	1.0	0.7529456863636363	0.44512398855359003
986	5	0.11140593893407005	0.39353457361038063	0.204001	0.576001	1.0	0.8109025067155068	0.36925141758241753
987	3	0.036315018273135234	0.11294947411588867	0.43600099999999997	0.8100010000000001	1.0	0.9274390794438928	0.4738069302544769
988	17	0.12226329978329897	0.32281641777128156	0.29100099999999995	0.622001	1.0	0.8300545752314815	0.4046600396634615
994	24	0.19981010598859572	0.5278596802236695	0.037001	0.126001	0.986001	0.6256061608832807	0.25855850303030303
1007	15	0.14702629778246146	0.2988736243633616	0.148001	0.725001	1.0	0.8888994199363732	0.3461362129817444
1008	3	0.0900599138034954	0.24242515543355678	0.177001	0.506001	1.0	0.7752946326259947	0.3631355035587188
1015	2	0.09514676035165942	0.7536175626983778	0.157001	0.143001	1.0	0.6256061608832807	0.35323343545279384
1020	4	0.08306646122677117	0.32146838809551	0.28200099999999995	0.588001	1.0	0.8168819032258064	0.4024098428217821
1023	2	0.057782140741351844	0.268715475250943	0.34600099999999995	0.6790010000000001	1.0	0.861263094609461	0.4289668311827956
1025	2	0.07487196298596652	0.28059583045682374	0.216001	0.613001	1.0	0.8258711081395348	0.3728795126676602
1033	2	0.10119990611981461	0.5702861633931259	0.137001	0.262001	1.0	0.6708852942477875	0.34071767237687367
1034	24	0.16076377106276918	0.45870227609641945	0.168001	0.28300099999999995	1.0	0.6826363033472802	0.35819513419117655
1035	13	0.15541873208285287	0.4862940788562703	0.108001	0.174001	1.0	0.6263245462962963	0.32616166997518614
1036	6	0.08623241746811541	0.31352834951405134	0.334001	0.528001	1.0	0.7864751003861005	0.423190278021978
1037	2	0.03409553397532896	0.1946765020627209	0.42500099999999996	0.754001	1.0	0.8979651779835391	0.4689245483253588
1038	4	0.10223865832618405	0.5799525284827427	0.199001	0.227001	1.0	0.6417931397590362	0.36888770578778135
1040	26	0.15520328128341193	0.4563677882127471	0.159001	0.172001	1.0	0.6256061608832807	0.35323343545279384
1052	5	0.08579575238626877	0.36575639120023384	0.29000099999999995	0.374001	1.0	0.7376113686868687	0.4046600396634615
1053	2	0.0798261616339419	0.4092187534439239	0.213001	0.447001	1.0	0.7565023784172662	0.3726709453717754
1059	4	0.06842170924007604	0.18310596320358297	0.322001	0.838001	1.0	0.9417301686159844	0.41844961011235954
1060	8	0.06529759756311226	0.15838456427730296	0.461001	0.9090010000000001	1.0	0.969545007400555	0.4867528873626374
1062	2	0.13706483450367096	0.7102940331909571	0.045001	0.155001	1.0	0.6256061608832807	0.26564780882352945
1065	22	0.135668735471277	0.4284727043346199	0.253001	0.181001	1.0	0.6343287325227963	0.3958075345997286
1066	20	0.23489171696234712	0.571526083322877	0.005001	0.109001	0.5550010000000001	0.610112793721973	0.12813673333333334
1068	28	0.2013891591825745	0.45573184304857156	0.043001	0.275001	0.980001	0.6775131474358974	0.26286607772020726
1069	3	0.15176518088879862	0.9808577238160255	0.041001	0.044001	1.0	0.5023084455445544	0.26286607772020726
1075	8	0.06350099617310927	0.1658874170730057	0.48000099999999996	0.982001	1.0	1.0	0.4947316262265833
1077	6	0.1523099326302988	0.4542111241921943	0.047001	0.231001	1.0	0.6417931397590362	0.26564780882352945
1085	2	0.10696324696668222	0.8816636709590628	0.111001	0.094001	1.0	0.6088941179775281	0.32616166997518614
1089	3	0.08493489729187673	0.27944976420235873	0.209001	0.43400099999999997	1.0	0.754755886877828	0.3707980903522205
1093	8	0.11054790231282355	0.38812906072666153	0.241001	0.29800099999999996	1.0	0.6858186686626746	0.387551119944212
1096	7	0.11054790231282355	0.37328693535617347	0.235001	0.569001	1.0	0.8039928345588235	0.38542838264580365
1109	30	0.26026440019449393	0.45782479230636425	1e-06	0.269001	0.189001	0.6752953427331887	0.00016471428571428572
1110	27	0.1334066620645388	0.3490404036085477	0.324001	0.648001	1.0	0.8404332429696288	0.41927402132435465
1111	13	0.12013885762391277	0.3567307899295998	0.29100099999999995	0.462001	1.0	0.7582956718749999	0.4046600396634615
1112	2	0.0830292794721128	0.5310529166764199	0.132001	0.268001	1.0	0.6752953427331887	0.3370333032967033
1113	2	0.19041214948691984	1.587622177392734	0.002001	0.003001	0.997001	0.3460153	0.09228612
1120	8	0.11054790231282355	0.5163838730093074	0.264001	0.073001	1.0	0.5804838137931034	0.3995705281329923
1125	2	0.028360456614284577	0.08238484444059153	0.37100099999999997	0.780001	1.0	0.91118657852077	0.44512398855359003
1147	28	0.25467018489517834	0.44935510944341894	0.001001	0.256001	0.254001	0.6708852942477875	0.0824395
1148	3	0.14568842032606158	0.5132471568767986	0.052001	0.326001	1.0	0.7012670764925373	0.27777342272727273
1149	2	0.03314577924127367	0.109052981501912	0.445001	0.940001	1.0	0.9817220588768115	0.47862514272388057
1151	13	0.16533618068372027	0.531782370482557	0.077001	0.147001	1.0	0.6256061608832807	0.30999066557377053
1162	10	0.14930409640544276	0.41543992515295347	0.093001	0.263001	1.0	0.6708852942477875	0.31913736011904764
1163	10	0.11991950938533506	0.3815420058719749	0.225001	0.47800099999999995	1.0	0.7681337315716272	0.37817223469387756
1167	4	0.05055394643495329	0.13691885604853277	0.323001	0.621001	1.0	0.8296803626882967	0.41844961011235954
1173	3	0.09957213115207522	0.43987732719712747	0.189001	0.41400099999999995	1.0	0.7524290344287949	0.36567824110032365
1176	2	0.04867011871935481	0.1936595628213707	0.36400099999999996	0.742001	1.0	0.8922605321576763	0.4413177213459516
1179	7	0.14530230253319776	0.2620835551791602	0.083001	0.5590010000000001	1.0	0.7986718128872368	0.3107147824675325
1180	4	0.07435295466906766	0.23837885926820962	0.396001	0.835001	1.0	0.9392742956097562	0.4570461991991992
1182	6	0.07928082090522191	0.2978575296707418	0.34800099999999995	0.40800099999999995	1.0	0.7524290344287949	0.4295986648822269
1185	81	0.1373408141696679	0.4310432826829034	0.41100099999999995	0.30400099999999997	1.0	0.6868479550781249	0.46299044907856446
1186	4	0.10669846786694004	0.41175578227402837	0.154001	0.265001	1.0	0.6744948189845474	0.35323343545279384
1188	3	0.1152053079838044	0.4270035907900525	0.093001	0.206001	1.0	0.641212125	0.31913736011904764
1189	3	0.0007024182681059817	0.0011677466470882537	0.49000099999999996	0.993001	1.0	1.0	0.5004173188662533
1190	2	0.05749862670919751	0.19392380263260706	0.214001	0.42400099999999996	1.0	0.7529456863636363	0.3728795126676602
1191	3	0.12339056321314103	0.6918496134748198	0.103001	0.130001	1.0	0.6256061608832807	0.3244812923497268
1192	3	0.042997360327739945	0.15850450643818184	0.402001	0.708001	1.0	0.8768261578947368	0.46028515690168814
1197	9	0.1675737974814179	0.6060147110600834	0.057001	0.082001	1.0	0.5946361823899371	0.2895249030837005
1198	2	0.07525750374720626	0.5120269174572638	0.232001	0.30200099999999996	1.0	0.6868479550781249	0.384334982832618
1199	2	0.16627383990033032	0.905758230882345	0.016001	0.087001	1.0	0.6075757664670659	0.23061153
1200	5	0.12221893285966516	0.4626814967185132	0.175001	0.374001	1.0	0.7376113686868687	0.36225521184919207
1201	3	0.17496123701547428	1.0574958709326945	0.013000999999999999	0.038001	1.0	0.49415552747252744	0.21724859420289852
1202	28	0.17421998663821295	0.5371859941698051	0.096001	0.103001	1.0	0.610112793721973	0.3208381246376812
1203	6	0.08885525180260945	0.28583486229101746	0.29800099999999996	0.594001	1.0	0.8172829988066826	0.40614084278959806
1204	2	0.0980448831821452	0.6538724122377894	0.120001	0.216001	1.0	0.641212125	0.33180132613908875
1205	5	0.06306670283228759	0.2091180998101906	0.40800099999999995	0.768001	1.0	0.9035766867346939	0.4625616057030481
1207	7	0.155102208372851	0.4672008076093069	0.045001	0.227001	1.0	0.6417931397590362	0.26564780882352945
1214	6	0.1104125760552518	0.2286237873589281	0.180001	0.642001	1.0	0.8364148621468926	0.36474719332161687
1217	2	0.002559035167730834	0.006449318942313439	0.461001	0.964001	1.0	0.9950699668755596	0.4867528873626374
1218	2	0.06584053599641788	0.31364799023309986	0.327001	0.6680010000000001	1.0	0.8529403687707642	0.4197393485016648
1222	5	0.10632796270046033	0.30804951700837546	0.237001	0.714001	1.0	0.8814166520342612	0.3859634929378531
1223	8	0.12261032774648346	0.3345368204185165	0.148001	0.40700099999999995	1.0	0.7524290344287949	0.3461362129817444
1227	2	0.12463627418898604	0.7233162463524072	0.067001	0.154001	1.0	0.6256061608832807	0.3071743359073359
1228	2	0.08960133936730746	0.3515838019521493	0.092001	0.205001	1.0	0.641212125	0.31913736011904764
1241	8	0.07362473396358185	0.1778406460808253	0.383001	0.829001	1.0	0.9361784064642508	0.45107267926455563
1247	2	0.06747506084641816	0.32658966524687594	0.264001	0.5380010000000001	1.0	0.7912183073979593	0.3995705281329923
1248	2	0.03844681557534359	0.11776487987648139	0.28600099999999995	0.579001	1.0	0.814131893902439	0.4026363284493284
1253	2	0.0	0.0	1.0	1.0	1.0	1.0	1.0
1254	12	0.18127010289481688	0.4676701132946311	0.038001	0.382001	1.0	0.7390052902684563	0.2599315202312139
1255	2	0.1617646274396847	0.9177664253387718	0.015000999999999999	0.079001	1.0	0.5838047658227848	0.23061153
1257	2	0.025557013543283616	0.07834620984230242	0.43600099999999997	0.945001	1.0	0.9842693342366756	0.4738069302544769
1258	2	0.04446430378864569	0.2139034909268262	0.36600099999999997	0.733001	1.0	0.8901850346638654	0.4428112833158447
1259	4	0.20246977029753752	0.83530870224952	0.005001	0.056001	0.976001	0.5343264471544715	0.12813673333333334
1260	2	0.0726304587860652	0.3425428677008673	0.257001	0.5470010000000001	1.0	0.7937753178391961	0.39658453253652054
1266	5	0.0946149564121699	0.34550059563345153	0.279001	0.593001	1.0	0.8168819032258064	0.4024098428217821
1269	2	0.09351880004053917	0.3734657028491961	0.083001	0.170001	1.0	0.6256061608832807	0.3107147824675325
1273	2	0.05427611974319506	0.18016072478383638	0.204001	0.42900099999999997	1.0	0.7529456863636363	0.36925141758241753
1274	2	0.11865088991690485	0.6223730519265177	0.043001	0.231001	1.0	0.6417931397590362	0.26286607772020726
1275	2	0.09279909533567823	0.4796448338800375	0.166001	0.35600099999999996	1.0	0.7277821861702126	0.3577554261682243
1277	3	0.15464893611346703	0.7320440539945537	0.034001	0.11700100000000001	1.0	0.610112793721973	0.25541868987341776
1278	4	0.11677079557285547	0.4068273099662587	0.119001	0.263001	1.0	0.6708852942477875	0.3298272908653846
1283	15	0.13430378538784482	0.4708755391691741	0.192001	0.158001	1.0	0.6256061608832807	0.36567824110032365
1297	2	0.02009490520029692	0.05591786223444201	0.48000099999999996	0.970001	1.0	0.9960535169039145	0.4947316262265833
1298	5	0.12135304105396481	0.4688915991485091	0.156001	0.34800099999999995	1.0	0.7203683177737881	0.35323343545279384
1299	20	0.14883500820375917	0.43695382099199015	0.186001	0.30500099999999997	1.0	0.6868479550781249	0.36567824110032365
1306	22	0.13219636961055725	0.3452128780513623	0.280001	0.694001	1.0	0.8678776062906725	0.4024098428217821
1308	2	0.07533871854576657	0.3798977781368705	0.247001	0.48100099999999996	1.0	0.7686682614107884	0.39221059153005466
1311	2	0.05324153324130601	0.21686339949474315	0.329001	0.708001	1.0	0.8768261578947368	0.4200865481727574
1316	2	0.03293170668564657	0.1616765680391588	0.43400099999999997	0.825001	1.0	0.9334898459273798	0.4738069302544769
1323	3	0.019155521261606006	0.05619837463409272	0.49700099999999997	0.997001	1.0	1.0	0.5035519797891037
1324	6	0.09036914221861796	0.34993130599774647	0.266001	0.278001	1.0	0.6790999004237288	0.3995705281329923
1328	5	0.14179184234385586	0.5855035467104839	0.060001	0.029001000000000002	1.0	0.4674480135135135	0.2906771134453781
1337	4	0.08148180860786482	0.4203794866505092	0.327001	0.440001	1.0	0.7565023784172662	0.4197393485016648
1342	3	0.13316320848852942	0.7225951276879087	0.050001000000000004	0.041001	1.0	0.5023084455445544	0.27193940094339625
1343	41	0.24070220632078146	0.45855610903325544	0.009000999999999999	0.204001	0.449001	0.641212125	0.16738956451612902
1344	2	0.12782564465066498	0.5909789085193828	0.026001	0.057001	1.0	0.5343264471544715	0.25406061864406776
1357	15	0.1376272004470868	0.5368145923417396	0.198001	0.153001	1.0	0.6256061608832807	0.36762504508856686
1358	5	0.13819608838678182	0.6901730271664347	0.114001	0.11700100000000001	1.0	0.610112793721973	0.32616166997518614
1359	2	0.06331053446439847	0.3822851309568486	0.322001	0.47900099999999995	1.0	0.7681337315716272	0.41844961011235954
1361	6	0.091629194604023	0.37804777623301034	0.328001	0.5370010000000001	1.0	0.7912183073979593	0.4197393485016648
1362	2	0.15474983233300257	1.0502044782637192	0.035001000000000004	0.046001	1.0	0.5113404608695652	0.25541868987341776
1363	8	0.09958634043302236	0.2047755764767235	0.274001	0.633001	1.0	0.8364148621468926	0.40142713214739517
1366	4	0.1146352242351764	0.4791375088435323	0.170001	0.389001	1.0	0.7438111990049752	0.35833848811700186
1367	3	0.03770838689297336	0.09901610316968305	0.400001	0.834001	1.0	0.9390655791015625	0.4593636982071713
1369	4	0.12335428661690266	0.5983046106549621	0.132001	0.211001	1.0	0.641212125	0.3370333032967033
1370	2	0.1266225953435018	0.5825451601755939	0.028001	0.069001	1.0	0.5723608129496404	0.25541868987341776
1373	2	0.14238855141426204	1.0016391844303378	0.033001	0.059001	1.0	0.544225224	0.25541868987341776
1380	7	0.1782096621913556	0.5803539686903357	0.020001	0.017001000000000002	1.0	0.4674480135135135	0.23061153
1385	2	0.09811083871887244	0.49461796993223917	0.134001	0.316001	1.0	0.6926789980988592	0.3380812975929978
1392	3	0.10761089874407306	0.47273895264497795	0.156001	0.36800099999999997	1.0	0.7376113686868687	0.35323343545279384
1397	43	0.2019167650568375	0.4625679016473421	0.057001	0.213001	0.978001	0.641212125	0.2895249030837005
1402	7	0.12095611959725944	0.4845526910233437	0.17100100000000001	0.30500099999999997	1.0	0.6868479550781249	0.35848027818181816
1408	12	0.1108302147642801	0.3019524891405227	0.31100099999999997	0.758001	1.0	0.8982272898252828	0.4102793512585812
1423	2	0.14585383439902475	0.8720125335580419	0.034001	0.080001	1.0	0.5838047658227848	0.25541868987341776
1425	2	0.0002833907467989713	0.0007050017967612966	0.48100099999999996	0.997001	1.0	1.0	0.4947316262265833
1441	3	0.04617466454325165	0.18545858205528565	0.42100099999999996	0.845001	1.0	0.9457953169082126	0.46719360250240616
1442	33	0.15125911464584235	0.4697192189770649	0.225001	0.223001	1.0	0.6417931397590362	0.37817223469387756
1443	2	0.09318435744693504	0.6771318315323493	0.204001	0.165001	1.0	0.6256061608832807	0.36925141758241753
1444	2	0.05747360953310609	0.3720869991154676	0.34400099999999995	0.530001	1.0	0.7864751003861005	0.4278674789644012
1445	14	0.17675845120840988	0.4668727148318381	0.026001	0.075001	1.0	0.5838047658227848	0.25406061864406776
1446	5	0.15467982794563218	0.6333923779457404	0.060001	0.166001	1.0	0.6256061608832807	0.2906771134453781
1448	9	0.15314022186831702	0.39313852050535636	0.073001	0.453001	1.0	0.7565023784172662	0.3099503691756272
1450	3	0.11865088991690485	0.5890663513118443	0.049001	0.061001	1.0	0.5494855703125	0.27032609090909093
1453	3	0.11122792290287527	0.4684723366448524	0.126001	0.41000099999999995	1.0	0.7524290344287949	0.3354208022727273
1455	8	0.10476005402419405	0.5252269218221385	0.28600099999999995	0.261001	1.0	0.6708852942477875	0.4026363284493284
1456	2	0.23632811740344886	1.6149531763535498	1e-06	1e-06	0.521001	0.0003843333333333333	0.00016471428571428572
1457	3	0.07804323822630459	0.29358375504744516	0.276001	0.464001	1.0	0.7583396789250354	0.40180448611111114
1458	5	0.03859649524569049	0.11603069181613904	0.460001	0.940001	1.0	0.9817220588768115	0.4867528873626374
1459	6	0.10906370517354504	0.5112971538615058	0.233001	0.193001	1.0	0.641212125	0.384334982832618
1463	2	0.09964927441259105	0.7730580443493359	0.141001	0.126001	1.0	0.6256061608832807	0.3461362129817444
1465	2	0.15427709576779441	1.3296267793177778	0.028001	0.024001	1.0	0.4674480135135135	0.25541868987341776
1467	2	0.19711672193067045	1.1822451613152165	0.005001	0.009000999999999999	0.988001	0.4674480135135135	0.12813673333333334
1470	7	0.12176953481301304	0.33999093555419646	0.173001	0.48700099999999996	1.0	0.7697197715458276	0.35940568108108106
1471	2	0.1926632902613526	1.51646332158359	0.002001	0.006001	0.995001	0.44845294444444445	0.09228612
1473	2	0.051986152672651526	0.1706015043906701	0.221001	0.458001	1.0	0.7576401047345768	0.37527857584683355
1475	2	0.0858083564033221	0.616699538690465	0.133001	0.220001	1.0	0.6417931397590362	0.3370333032967033
1481	3	0.0636552813121146	0.20781404973840648	0.442001	0.871001	1.0	0.9564420504761905	0.47717898220973776
1482	4	0.1243733035874266	0.33424917023172085	0.121001	0.584001	1.0	0.8161856399999999	0.33296933890214797
1483	2	0.10012977539329045	0.43290786359171374	0.138001	0.442001	1.0	0.7565023784172662	0.34071767237687367
1484	2	0.07122996236420154	0.2570253321873311	0.241001	0.6640010000000001	1.0	0.8522743096559379	0.387551119944212
1488	2	0.10592191942306359	0.4703504093292112	0.116001	0.35800099999999996	1.0	0.7279985061728393	0.32701504400978
1491	3	0.061929976688335726	0.3193076046838554	0.387001	0.644001	1.0	0.8371286956031568	0.453007261928934
1500	4	0.1163413897381684	0.4164292872446171	0.138001	0.47700099999999995	1.0	0.7681337315716272	0.34071767237687367
1506	2	0.11928384668580594	0.8132497386236425	0.076001	0.105001	1.0	0.610112793721973	0.30999066557377053
1525	5	0.06800648226894458	0.11465267219501388	0.36800099999999997	0.943001	1.0	0.9839639393665158	0.44383384205020915
1530	7	0.1269262773839433	0.2746919556884185	0.090001	0.36400099999999996	1.0	0.7363037771929823	0.31913736011904764
1537	13	0.13433433416148113	0.2528541405645831	0.169001	0.702001	1.0	0.8731468748651563	0.35819513419117655
1540	2	0.06613309595362941	0.23261799164955896	0.183001	0.377001	1.0	0.7376113686868687	0.3650521678200692
1543	5	0.08154372050493267	0.22491089792549368	0.325001	0.565001	1.0	0.8003023992628993	0.4196261511758118
1544	2	0.10258143839379541	0.4263681412147737	0.069001	0.132001	1.0	0.6256061608832807	0.3071743359073359
1545	4	0.028018022545396683	0.09957793554268403	0.47800099999999995	0.9330010000000001	1.0	0.9797360227686704	0.4947316262265833
1546	6	0.2117309453690489	0.7392420949333768	0.004001	0.092001	0.9160010000000001	0.6088941179775281	0.11532882500000001
1547	10	0.15486363369658568	0.7013411825886766	0.088001	0.049001	1.0	0.5113404608695652	0.31913736011904764
1548	6	0.1891595484477251	0.8445653033707535	0.016001	0.031001	0.998001	0.47031780263157896	0.23061153
1551	3	0.1382452406479867	1.0509319630561025	0.060001	0.029001000000000002	1.0	0.4674480135135135	0.2906771134453781
1554	5	0.1694345215371399	0.7024514553718084	0.029001000000000002	0.104001	1.0	0.610112793721973	0.25541868987341776
1561	5	0.1477343120116014	0.8549869667839058	0.059001	0.007001	1.0	0.44845294444444445	0.2906771134453781
1562	2	0.0637776540390671	0.4130874106552952	0.280001	0.453001	1.0	0.7565023784172662	0.4024098428217821
1564	3	0.25380138185701673	1.2215870522086938	1e-06	1e-06	0.266001	0.0003843333333333333	0.00016471428571428572
1565	4	0.1390024342976223	0.5728213733554809	0.067001	0.096001	1.0	0.610112793721973	0.3071743359073359
1566	3	0.1667674036619644	0.7266832811071152	0.018001	0.097001	1.0	0.610112793721973	0.23061153
1567	13	0.23507106759650032	0.6992406208610801	0.002001	0.021001000000000002	0.5490010000000001	0.4674480135135135	0.09228612
1600	2	0.11860907970747792	0.7079626836680499	0.080001	0.17100100000000001	1.0	0.6256061608832807	0.30999066557377053
1601	2	0.08929134381200877	0.5878831068300362	0.166001	0.240001	1.0	0.6492386752336449	0.3577554261682243
1603	4	0.10494601907792851	0.4743933671524827	0.207001	0.374001	1.0	0.7376113686868687	0.3707980903522205
1604	55	0.1920433536691619	0.5947740964226061	0.080001	0.029001000000000002	0.995001	0.4674480135135135	0.30999066557377053
1605	3	0.08450219640634846	0.28024600586390674	0.190001	0.43400099999999997	1.0	0.754755886877828	0.36567824110032365
1606	7	0.07334148422922684	0.1371005733846351	0.381001	0.817001	1.0	0.9308321669960474	0.45009646823770494
1607	4	0.17422242136200944	0.6788600280812748	0.016001	0.134001	1.0	0.6256061608832807	0.23061153
1608	3	0.05498455874198031	0.18577662845472678	0.43200099999999997	0.904001	1.0	0.9659992150139018	0.47257794402277037
1609	2	0.13910158408924522	1.1501810207952585	0.039001	0.030001	1.0	0.4674480135135135	0.2599315202312139
1610	2	0.06337179220474415	0.43340268695144035	0.30000099999999996	0.455001	1.0	0.7565023784172662	0.4074218527679623
1611	12	0.14498102178133093	0.4603906855566951	0.172001	0.379001	1.0	0.7376113686868687	0.35927020471014487
1612	7	0.10593533448763338	0.2704501385658173	0.255001	0.703001	1.0	0.8734484407327586	0.39658453253652054
1617	4	0.09906718181412208	0.24765040944087366	0.193001	0.612001	1.0	0.8258711081395348	0.36567824110032365
1618	2	0.02703228946674592	0.14747309017504429	0.448001	0.849001	1.0	0.9457953169082126	0.48006055111524165
1619	5	0.11054790231282355	0.28603553387913366	0.162001	0.612001	1.0	0.8258711081395348	0.35376354734848486
1621	9	0.17833267328972427	0.4147650537045593	0.024001	0.513001	1.0	0.7772538147174771	0.2528609912280702
1628	9	0.12219359587780641	0.5017939731561092	0.23400100000000001	0.269001	1.0	0.6752953427331887	0.38542838264580365
1630	6	0.16512373468043812	0.7493214081454521	0.041001	0.068001	1.0	0.572300386861314	0.26286607772020726
1631	3	0.10545118497063577	0.4684560336453028	0.162001	0.382001	1.0	0.7390052902684563	0.35376354734848486
1633	9	0.10188000405391712	0.28370434050271515	0.334001	0.734001	1.0	0.8901850346638654	0.423190278021978
1634	2	0.025071623044935737	0.13637832444799708	0.46900099999999995	0.873001	1.0	0.9568157347908746	0.49159832090909084
1641	2	0.11170187943372392	0.4828747482393281	0.055001	0.109001	1.0	0.610112793721973	0.2856583468468468
1642	3	0.1577173779690942	1.1730464038580524	0.028001	0.011000999999999999	1.0	0.4674480135135135	0.25541868987341776
1643	2	0.1500032037487874	0.7573332607161852	0.018001	0.039001	1.0	0.49415552747252744	0.23061153
1644	12	0.17145881430307464	0.5204231099742285	0.040001	0.110001	1.0	0.610112793721973	0.2620520056818182
1645	2	0.04153596591267726	0.17879361373000596	0.390001	0.771001	1.0	0.9043378972533063	0.4546725510616784
1646	3	0.1739909992603717	0.6407932369371466	0.002001	0.006001	1.0	0.44845294444444445	0.09228612
1647	15	0.1118174350439797	0.32724529545456604	0.390001	0.639001	1.0	0.8364148621468926	0.4546725510616784
1648	4	0.12107191186713091	0.40829746467098743	0.133001	0.47500099999999995	1.0	0.7681337315716272	0.3370333032967033
1657	13	0.12463773360671764	0.2773179450493478	0.220001	0.732001	1.0	0.8901850346638654	0.37527857584683355
1658	4	0.1250583085894799	0.5320292298834298	0.124001	0.28800099999999995	1.0	0.6828240840163934	0.3354208022727273
1661	3	0.06222538058438177	0.21615070442938386	0.280001	0.5420010000000001	1.0	0.793416859848485	0.4024098428217821
1666	2	0.08891897211167682	0.3478325302768288	0.113001	0.214001	1.0	0.641212125	0.32616166997518614
1668	2	0.08508136984285374	0.39936633579019426	0.201001	0.502001	1.0	0.7748422396251674	0.36903527547770704
1669	2	0.11116903415932519	0.4867042358803738	0.099001	0.332001	1.0	0.7075732957486137	0.32245240960451976
1671	3	0.07121795617246848	0.3090312475713253	0.314001	0.648001	1.0	0.8404332429696288	0.4118807201365187
1672	2	0.05871143432132825	0.3538612415773355	0.31100099999999997	0.525001	1.0	0.7860700556274257	0.4102793512585812
1674	4	0.12193210379438171	0.6135672664902455	0.128001	0.195001	1.0	0.641212125	0.3354208022727273
1675	2	0.11054790231282355	0.6893993814747117	0.097001	0.167001	1.0	0.6256061608832807	0.32138549712643677
1676	3	0.1689097598369349	0.9749140113360871	0.019001	0.035001000000000004	1.0	0.4862187108433736	0.23061153
1680	2	0.054873118380938515	0.21219290431313773	0.329001	0.757001	1.0	0.8979651779835391	0.4200865481727574
1681	3	0.053231619725760584	0.25186674701399564	0.403001	0.730001	1.0	0.8897369482029598	0.4605155133795838
1682	2	0.12579748239728716	0.576795456520738	0.036001	0.078001	1.0	0.5838047658227848	0.2562293395061728
1684	5	0.09536317674118784	0.30644764612066827	0.253001	0.522001	1.0	0.7847029374185138	0.3958075345997286
1688	2	0.053826989084254415	0.1967868488572291	0.35000099999999995	0.8100010000000001	1.0	0.9274390794438928	0.43022510980810225
1689	22	0.11341017102754758	0.33720733267104214	0.41300099999999995	0.6840010000000001	1.0	0.8638041106243155	0.46299044907856446
1696	4	0.12128378134176211	0.6137344098750914	0.128001	0.177001	1.0	0.6279450861538461	0.3354208022727273
1708	2	0.03415241328476678	0.13611261038290173	0.41400099999999995	0.849001	1.0	0.9457953169082126	0.46299044907856446
1709	2	0.11970632887456283	0.9789479180834847	0.078001	0.064001	1.0	0.5590390378787878	0.30999066557377053
1710	2	0.10838466735040958	0.6949459486804532	0.111001	0.165001	1.0	0.6256061608832807	0.32616166997518614
1711	6	0.14514061589451777	0.760683174213931	0.078001	0.074001	1.0	0.5838047658227848	0.30999066557377053
1714	3	0.1516055682736657	0.921063153835154	0.035001000000000004	0.092001	1.0	0.6088941179775281	0.25541868987341776
1715	3	0.07979380281383855	0.2640502006563876	0.201001	0.43000099999999997	1.0	0.7529456863636363	0.36903527547770704
1716	2	0.05601019321223169	0.18752144442700905	0.191001	0.401001	1.0	0.7524290344287949	0.36567824110032365
1718	2	0.14342744509872196	0.9357220609652042	0.044001	0.087001	1.0	0.6075757664670659	0.26286607772020726
1727	17	0.16018615087600308	0.3935540785279913	0.114001	0.324001	1.0	0.7008877166979361	0.32616166997518614
1728	5	0.1873307818826033	0.6705566061544362	0.008001	0.049001	0.998001	0.5113404608695652	0.1618447894736842
1729	9	0.1363080178583109	0.3661970285036555	0.159001	0.48800099999999996	1.0	0.7697197715458276	0.35323343545279384
1730	2	0.07437514608166215	0.4503392335483771	0.279001	0.43000099999999997	1.0	0.7529456863636363	0.4024098428217821
1733	2	0.03825127096827591	0.14248759238024217	0.398001	0.852001	1.0	0.9467914932692308	0.45843671628371624
1739	3	0.07469422896624955	0.2687215296352486	0.337001	0.720001	1.0	0.885033212153518	0.4257823017429194
1740	4	0.050975308601175745	0.09372379703146069	0.331001	0.772001	1.0	0.9045906026422764	0.42124078697571743
1742	2	0.16873878940449266	1.1479450329575203	0.011000999999999999	0.042001000000000004	1.0	0.5023084455445544	0.19218413636363632
1756	18	0.11794911286557601	0.3759298090774591	0.37000099999999997	0.5480010000000001	1.0	0.7937753178391961	0.44512398855359003
1757	9	0.14904156236218552	0.42976677001836033	0.089001	0.217001	1.0	0.641212125	0.31913736011904764
1758	3	0.09068372512308444	0.27841497410535665	0.248001	0.760001	1.0	0.8983508721881391	0.39221059153005466
1766	6	0.14116111684602167	0.5019949696317928	0.059001	0.030001	1.0	0.4674480135135135	0.2906771134453781
1767	3	0.04571461811246484	0.18016230629497107	0.404001	0.6780010000000001	1.0	0.8609417984581499	0.46074495845697333
1768	13	0.15349685924790338	0.45832605830928413	0.126001	0.29500099999999996	1.0	0.6839461983967936	0.3354208022727273
1769	11	0.17952327221050715	0.7983485642694685	0.033001	0.019001	1.0	0.4674480135135135	0.25541868987341776
1772	2	0.19121286798632336	1.5265903213325123	0.004001	0.002001	0.997001	0.288394125	0.11532882500000001
1780	10	0.11053991774815569	0.347019783580044	0.30400099999999997	0.437001	1.0	0.7565023784172662	0.408047908032596
1781	3	0.11839263995563852	0.38548872506191545	0.127001	0.502001	1.0	0.7748422396251674	0.3354208022727273
1783	3	0.08241083419895835	0.3366749656099291	0.28700099999999995	0.615001	1.0	0.8258711081395348	0.4030598696711327
1789	6	0.15161426796469962	0.34510356518113533	0.043001	0.504001	1.0	0.7752946326259947	0.26286607772020726
1790	2	0.04412768772036506	0.14438473794527448	0.377001	0.854001	1.0	0.9467914932692308	0.4488518568486096
1791	2	0.06952549870082406	0.36095855637376234	0.224001	0.461001	1.0	0.7582956718749999	0.3781451727672035
1796	2	0.05553647237602173	0.264035916177937	0.36600099999999997	0.707001	1.0	0.8768261578947368	0.4428112833158447
1797	21	0.14226056479343283	0.49500681420603715	0.222001	0.188001	1.0	0.6394252300884956	0.37586953450807636
1802	2	0.04587803474673701	0.1587799273363631	0.383001	0.828001	1.0	0.9359658362745098	0.45107267926455563
1829	13	0.14872879744372797	0.5440202602220094	0.146001	0.095001	1.0	0.610112793721973	0.3461362129817444
1833	3	0.09417018831046507	0.3033282551455611	0.230001	0.6820010000000001	1.0	0.8622227554824562	0.38267121645021646
1835	13	0.21104778160323562	0.46746693785158805	0.011000999999999999	0.169001	0.9200010000000001	0.6256061608832807	0.19218413636363632
1837	5	0.10317846001921545	0.29794560920380503	0.211001	0.5540010000000001	1.0	0.7954709252801994	0.3714261877862595
1841	2	0.008815936161473952	0.034754851849562805	0.48200099999999996	0.984001	1.0	1.0	0.4953183181818181
1847	5	0.06629222121881236	0.30991091991098924	0.392001	0.502001	1.0	0.7748422396251674	0.4551632960725075
1853	3	0.06780718797804641	0.4162106546706979	0.376001	0.461001	1.0	0.7582956718749999	0.44832383971044465
1854	3	0.07101041574826622	0.2941710344172778	0.331001	0.6700010000000001	1.0	0.8545477356194692	0.42124078697571743
1855	2	0.10210014169945072	0.6383108992953367	0.146001	0.208001	1.0	0.641212125	0.3461362129817444
1856	3	0.12233618041804313	0.5508692076390184	0.071001	0.11700100000000001	1.0	0.610112793721973	0.3089213320754717
1857	8	0.20617194033632077	0.7736243064501578	0.006001	0.022001	0.954001	0.4674480135135135	0.13838306
1860	2	0.1029315420697933	0.8445193446477566	0.103001	0.118001	1.0	0.610112793721973	0.3244812923497268
1862	5	0.07915014316831168	0.20769992549771676	0.277001	0.563001	1.0	0.7994336859605912	0.4024098428217821
1863	4	0.11483734186803916	0.5627352868132371	0.110001	0.135001	1.0	0.6256061608832807	0.32616166997518614
1864	6	0.11822502440351412	0.46535346273635786	0.193001	0.217001	1.0	0.641212125	0.36567824110032365
1868	2	0.0	0.0	1.0	1.0	1.0	1.0	1.0
1871	3	0.06430534571030042	0.29257426399713626	0.35300099999999995	0.692001	1.0	0.8678776062906725	0.43298952446808503
1872	2	0.15375193406153423	0.787526672390607	0.008001	0.023001	1.0	0.4674480135135135	0.1618447894736842
1873	3	0.19731774708891414	0.8023113442683073	0.002001	0.068001	0.988001	0.572300386861314	0.09228612
1874	4	0.19812291796802878	0.9584688152441292	0.006001	0.006001	0.988001	0.44845294444444445	0.13838306
1879	3	0.13137777869423523	0.5187858439477395	0.074001	0.30200099999999996	1.0	0.6868479550781249	0.3099503691756272
1890	4	0.06375559332184783	0.24196988207597395	0.36900099999999997	0.641001	1.0	0.8364148621468926	0.44457487251828626
1898	3	0.11274953974599472	0.5462969193036828	0.136001	0.263001	1.0	0.6708852942477875	0.3401500065075922
1900	8	0.1745327341978474	0.6135166187131136	0.034001	0.072001	1.0	0.5804838137931034	0.25541868987341776
1901	2	0.09491285673033183	0.7529698265024184	0.173001	0.116001	1.0	0.610112793721973	0.35940568108108106
1902	3	0.15101046847603217	0.5288353902529948	0.029001000000000002	0.134001	1.0	0.6256061608832807	0.25541868987341776
1905	4	0.0845512761487495	0.34008699786858504	0.331001	0.642001	1.0	0.8364148621468926	0.42124078697571743
1906	2	0.14518757367727622	0.8235401187577971	0.032001	0.125001	1.0	0.6256061608832807	0.25541868987341776
1910	5	0.12164549508128437	0.5786830943784103	0.161001	0.219001	1.0	0.6417931397590362	0.35376354734848486
1911	2	0.07772429073321001	0.3773823934663242	0.246001	0.505001	1.0	0.7752946326259947	0.3917667859116022
1913	3	0.06335186177746216	0.29175252581469185	0.398001	0.727001	1.0	0.8888994199363732	0.45843671628371624
1919	4	0.12517669211033056	0.39410275332995315	0.075001	0.127001	1.0	0.6256061608832807	0.3099503691756272
1920	2	0.0520313926802627	0.2239415171698066	0.35400099999999995	0.726001	1.0	0.8888994199363732	0.4337546790648246
1921	2	0.04520911197489871	0.1639100163774056	0.380001	0.823001	1.0	0.9330581642084562	0.4498369127310062
1922	2	0.09689859679453741	0.3928205994633861	0.081001	0.170001	1.0	0.6256061608832807	0.30999066557377053
1923	4	0.10448876392482326	0.5958494092885009	0.233001	0.215001	1.0	0.641212125	0.384334982832618
1925	3	0.07389201601145526	0.4437182519257572	0.323001	0.41700099999999996	1.0	0.7524290344287949	0.41844961011235954
1927	4	0.1703199308107884	1.2574946282473718	0.022001	0.015000999999999999	1.0	0.4674480135135135	0.24391493269230768
1928	6	0.08075219846506104	0.23343961820693337	0.327001	0.438001	1.0	0.7565023784172662	0.4197393485016648
1929	4	0.2202743861782764	1.0946956004729453	0.002001	0.020001	0.8080010000000001	0.4674480135135135	0.09228612
1930	21	0.15926524561353916	0.3405589586029959	0.129001	0.6640010000000001	1.0	0.8522743096559379	0.33575203837471784
1932	3	0.09798882049467492	0.7058164283628857	0.190001	0.142001	1.0	0.6256061608832807	0.36567824110032365
1933	2	0.04057530718634252	0.12565990501206836	0.28200099999999995	0.583001	1.0	0.8161856399999999	0.4024098428217821
1936	2	0.002718503685552428	0.006857425924403901	0.47100099999999995	0.964001	1.0	0.9950699668755596	0.49279868693284934
1944	3	0.11486732176451486	0.40992559400665723	0.073001	0.229001	1.0	0.6417931397590362	0.3099503691756272
1945	2	0.07377523373697276	0.4688749943110766	0.217001	0.35200099999999995	1.0	0.7260414186046511	0.3728795126676602
1946	2	0.01390066836291092	0.06852531937596563	0.518001	0.965001	1.0	0.9952112280858677	0.5220761826923077
1947	3	0.09452198010476995	0.3732719374990287	0.144001	0.261001	1.0	0.6708852942477875	0.3461362129817444
1948	2	0.061151515892820585	0.21523849952325055	0.30400099999999997	0.746001	1.0	0.8922605321576763	0.408047908032596
1950	2	0.0	0.0	1.0	1.0	1.0	1.0	1.0
1952	3	0.12693230938588843	0.5359845485441177	0.082001	0.133001	1.0	0.6256061608832807	0.30999066557377053
1954	2	0.171352013304426	1.6051448213837456	0.016001	0.007001	1.0	0.44845294444444445	0.23061153
1957	3	0.08133511538003224	0.35718083963152175	0.28800099999999995	0.5560010000000001	1.0	0.7973496927860697	0.4034813523693802
1966	2	0.03510910252293117	0.10568791113614821	0.29000099999999995	0.602001	1.0	0.8204576276595745	0.4046600396634615
1968	2	0.1343566806953535	0.8758241495941362	0.050001000000000004	0.089001	1.0	0.6088941179775281	0.27193940094339625
1970	3	0.041296928081281374	0.14459814299994997	0.41700099999999996	0.735001	1.0	0.8901850346638654	0.4640947422779922
1975	8	0.15949810249942445	0.5589673590013511	0.043001	0.200001	1.0	0.641212125	0.26286607772020726
1978	3	0.13187745208851942	0.5897109970215751	0.08500100000000001	0.235001	1.0	0.6451336976190476	0.31513232475884245
1979	5	0.07141832068006274	0.20650643440758693	0.343001	0.576001	1.0	0.8109025067155068	0.42754611135135134
1980	3	0.13753985158525317	1.044383525641392	0.039001	0.015000999999999999	1.0	0.4674480135135135	0.2599315202312139
1981	2	0.1053171283293009	0.6548183623863846	0.123001	0.201001	1.0	0.641212125	0.3354208022727273
1984	6	0.2148909327434177	0.9175596285462899	0.001001	0.003001	0.877001	0.3460153	0.0824395
1985	4	0.14417459120660067	0.5803153535381336	0.036001	0.079001	1.0	0.5838047658227848	0.2562293395061728
1987	5	0.11054790231282355	0.34108751764622447	0.200001	0.501001	1.0	0.7748422396251674	0.3689618448
1988	2	0.010364822914088013	0.027295321897267206	0.442001	0.878001	1.0	0.959559386729858	0.47717898220973776
1990	4	0.15086205077490478	0.4964744333047365	0.025001000000000002	0.150001	1.0	0.6256061608832807	0.2528609912280702
1993	3	0.0638846101383256	0.3898219064035246	0.35500099999999996	0.517001	1.0	0.7792185006535948	0.43405742629904553
1999	3	0.07838216962572442	0.4042988416032487	0.257001	0.42000099999999996	1.0	0.7529456863636363	0.39658453253652054
2001	6	0.18320683692920836	0.5053616487158183	0.009000999999999999	0.164001	1.0	0.6256061608832807	0.16738956451612902
2002	3	0.1578668447713999	0.6966919942498718	0.006001	0.132001	1.0	0.6256061608832807	0.13838306
2007	6	0.11310672593369617	0.4217879001062214	0.183001	0.312001	1.0	0.6904743819577734	0.3650521678200692
2008	2	0.06362801234148477	0.2690427768042852	0.30900099999999997	0.652001	1.0	0.8427770773542602	0.40951511839080457
2014	2	0.07116641254841999	0.469863416782053	0.276001	0.42600099999999996	1.0	0.7529456863636363	0.40180448611111114
2015	2	0.03162455393576672	0.09347082423554494	0.31000099999999997	0.642001	1.0	0.8364148621468926	0.4102793512585812
2016	2	0.054005352705254694	0.32706570928659595	0.341001	0.5330010000000001	1.0	0.7893630166666668	0.42643617462039046
2026	4	0.1663322750922535	0.6505870174072865	0.021001000000000002	0.152001	1.0	0.6256061608832807	0.23508886407766993
2038	4	0.21147873490966157	0.9830829267231795	1e-06	0.009000999999999999	0.9170010000000001	0.4674480135135135	0.00016471428571428572
2039	2	0.06609652498754995	0.23771827382733832	0.30900099999999997	0.743001	1.0	0.8922605321576763	0.40951511839080457
2040	2	0.04502817500646109	0.17894800316602572	0.37200099999999997	0.820001	1.0	0.9314888206896551	0.44539683592938734
2043	4	0.1110799955193548	0.4555282013280076	0.123001	0.201001	1.0	0.641212125	0.3354208022727273
2044	8	0.1374472266772201	0.4012759888823385	0.144001	0.5450010000000001	1.0	0.793416859848485	0.3461362129817444
2045	3	0.0642170206348071	0.2674901991987741	0.320001	0.49800099999999997	1.0	0.7748422396251674	0.41737686990950223
2048	2	0.003209960053075833	0.008119754297926393	0.48100099999999996	0.957001	1.0	0.9922861088129498	0.4947316262265833
2051	2	0.1449988090144459	0.9017813024609778	0.033001	0.094001	1.0	0.6088941179775281	0.25541868987341776
2052	17	0.14900412326041623	0.42737342636145775	0.148001	0.237001	1.0	0.6475406469194313	0.3461362129817444
2054	2	0.07554263076263726	0.2778575353436919	0.128001	0.275001	1.0	0.6775131474358974	0.3354208022727273
2055	2	0.0954491893173335	0.41679477237234563	0.190001	0.49400099999999997	1.0	0.7717928902439024	0.36567824110032365
2061	5	0.11865088991690485	0.3171459689843882	0.060001	0.329001	1.0	0.7059205064935065	0.2906771134453781
2079	2	0.013332039614060001	0.035693027976928755	0.43200099999999997	0.845001	1.0	0.9457953169082126	0.47257794402277037
2088	3	0.022492976246808336	0.062120642281762284	0.47800099999999995	0.985001	1.0	1.0	0.4947316262265833
2091	3	0.12031567066624081	0.4371185021213269	0.113001	0.43100099999999997	1.0	0.7529456863636363	0.32616166997518614
2093	3	0.09058235883862432	0.45779392277814024	0.248001	0.41600099999999995	1.0	0.7524290344287949	0.39221059153005466
2094	2	0.053034325743364814	0.3047042397103302	0.35600099999999996	0.589001	1.0	0.8168819032258064	0.43435889206349204
2100	2	0.1388096785288752	0.6707704001863927	0.018001	0.041001	1.0	0.5023084455445544	0.23061153
2106	2	0.044890464226848635	0.14734246396720194	0.37200099999999997	0.862001	1.0	0.9510881846889951	0.44539683592938734
2126	3	0.03406623887173092	0.13551894621403854	0.47000099999999995	0.9270010000000001	1.0	0.9794198476277374	0.4921990490463215
2131	3	0.0430301963482742	0.17015355478299635	0.41100099999999995	0.6820010000000001	1.0	0.8622227554824562	0.46299044907856446
2133	5	0.11912186906226985	0.40713525127425954	0.146001	0.30300099999999996	1.0	0.6868479550781249	0.3461362129817444
2136	2	0.053826989084254415	0.2106001261310087	0.387001	0.846001	1.0	0.9457953169082126	0.453007261928934
2144	8	0.16124321902353944	0.677332240756162	0.064001	0.099001	1.0	0.610112793721973	0.3049303842975207
2146	2	0.10712627673688747	0.6219294076770727	0.105001	0.198001	1.0	0.641212125	0.32616166997518614
2150	2	0.08399266308110348	0.4591620529710819	0.17100100000000001	0.35800099999999996	1.0	0.7279985061728393	0.35848027818181816
2158	2	0.06199152165069308	0.2190523231750723	0.30200099999999996	0.738001	1.0	0.8919446048218029	0.408047908032596
2159	2	0.01312788741919093	0.035106754511251205	0.41400099999999995	0.852001	1.0	0.9467914932692308	0.46299044907856446
2160	2	0.11054790231282355	0.6056781646919861	0.102001	0.259001	1.0	0.6708852942477875	0.3244812923497268
2161	13	0.1355593078231577	0.45273174172751557	0.162001	0.159001	1.0	0.6256061608832807	0.35376354734848486
2163	2	0.16361255257576843	1.0680861878539278	0.019001	0.039001	1.0	0.49415552747252744	0.23061153
2170	7	0.12584212126546224	0.4822653816150221	0.086001	0.098001	1.0	0.610112793721973	0.3157934808917197
2180	10	0.12014717306947789	0.3523804870698533	0.195001	0.315001	1.0	0.6926789980988592	0.36567824110032365
2185	2	0.062026197985794854	0.289033142332743	0.30300099999999996	0.611001	1.0	0.8258711081395348	0.408047908032596
2195	5	0.1314680691161144	0.5863399903967845	0.112001	0.205001	1.0	0.641212125	0.32616166997518614
2196	2	0.08347931309504011	0.34347703081550873	0.193001	0.5340010000000001	1.0	0.7893630166666668	0.36567824110032365
2205	3	0.03907559176969784	0.13123849481996439	0.47300099999999995	0.9290010000000001	1.0	0.9794198476277374	0.49354764977375565
2207	3	0.004176615411440716	0.015412918336317	0.49700099999999997	0.999001	1.0	1.0	0.5035519797891037
2209	2	0.058431936302529644	0.2941082984873722	0.313001	0.600001	1.0	0.8196696125592416	0.41150530558722914
2212	3	0.01615832679905907	0.02929293446020034	0.399001	0.8050010000000001	1.0	0.9265395343968096	0.45867213659022926
2213	2	0.12334075233879428	0.8509387187695392	0.074001	0.093001	1.0	0.6088941179775281	0.3099503691756272
2222	4	0.028086312655206752	0.08545604376938776	0.49300099999999997	0.957001	1.0	0.9922861088129498	0.5021467782685511
2224	2	0.07637760381334124	0.4454566427977655	0.249001	0.400001	1.0	0.7524290344287949	0.39221059153005466
2234	6	0.1922146018556406	0.7805897639224849	0.013000999999999999	0.044001	0.995001	0.5023084455445544	0.21724859420289852
2235	3	0.12477749974620107	0.4336062107666147	0.066001	0.196001	1.0	0.641212125	0.3071743359073359
2239	4	0.08392380018512786	0.2014993978751325	0.240001	0.5360010000000001	1.0	0.7912183073979593	0.387551119944212
2246	2	0.07813595189649836	0.29725515121970314	0.281001	0.700001	1.0	0.8715995172786177	0.4024098428217821
2249	6	0.15823745285987856	0.8412713247292493	0.034001	0.020001	1.0	0.4674480135135135	0.25541868987341776
2250	3	0.10367759624052528	0.3260830634001248	0.187001	0.615001	1.0	0.8258711081395348	0.36567824110032365
2251	2	0.02823924638358508	0.12454199608611302	0.47900099999999995	0.884001	1.0	0.9639134335532518	0.4947316262265833
2253	2	0.1545022483237586	0.8646091810820509	0.014001	0.067001	1.0	0.5722381703703704	0.22421045833333333
2254	2	0.1271241747630811	0.6094655524149716	0.053001	0.212001	1.0	0.641212125	0.27777342272727273
2258	4	0.15451561684461781	0.7695339036295241	0.044001	0.079001	1.0	0.5838047658227848	0.26286607772020726
2260	5	0.13080095243016893	0.4139766814188852	0.097001	0.49800099999999997	1.0	0.7748422396251674	0.32138549712643677
2261	2	0.12738040299358128	0.5878506446898262	0.026001	0.056001	1.0	0.5343264471544715	0.25406061864406776
2262	5	0.11281639598298314	0.34738662580285923	0.206001	0.641001	1.0	0.8364148621468926	0.3707980903522205
2263	2	0.10823276299737176	0.6744406941739165	0.080001	0.169001	1.0	0.6256061608832807	0.30999066557377053
2266	2	0.10931976917436105	0.46840475806500564	0.108001	0.339001	1.0	0.7119638488160291	0.32616166997518614
2267	2	0.001982376796828015	0.004979654974825188	0.48000099999999996	0.977001	1.0	1.0	0.4947316262265833
2271	2	0.10419767113130957	0.48438630064770166	0.130001	0.34500099999999995	1.0	0.7193239656419529	0.33607881838565024
2277	2	0.14018613958671983	0.859398513348266	0.021001000000000002	0.069001	1.0	0.5723608129496404	0.23508886407766993
2284	2	0.05099293017769011	0.16860614749150585	0.35900099999999996	0.818001	1.0	0.9310514837117473	0.4370941425554382
2290	2	0.10176173434630353	0.4915243703895805	0.152001	0.35500099999999996	1.0	0.7277821861702126	0.35121673947895793
2313	11	0.1284074153622276	0.599148728977499	0.240001	0.083001	1.0	0.59812595625	0.387551119944212
2314	5	0.10939033265509765	0.31805830421361453	0.182001	0.5380010000000001	1.0	0.7912183073979593	0.3650521678200692
2315	2	0.07289699051726103	0.4890661538732776	0.260001	0.341001	1.0	0.7148620963636363	0.39706112980132446
2316	3	0.13816295939582607	0.771846022333428	0.067001	0.111001	1.0	0.610112793721973	0.3071743359073359
2319	5	0.08373993434964958	0.3003256710274716	0.328001	0.6820010000000001	1.0	0.8622227554824562	0.4197393485016648
2320	2	0.07007098661496201	0.28824933128252805	0.232001	0.564001	1.0	0.7998685768757687	0.384334982832618
2326	2	0.04421032662705954	0.2695567407191306	0.378001	0.630001	1.0	0.8339737692307693	0.4488518568486096
2327	2	0.14002027409677867	0.7871683521329668	0.046001	0.124001	1.0	0.6256061608832807	0.26564780882352945
2328	2	0.06846891267218527	0.24354638140070348	0.159001	0.325001	1.0	0.7012670764925373	0.35323343545279384
2329	6	0.07601478714091028	0.19453872537013503	0.35600099999999996	0.720001	1.0	0.885033212153518	0.43435889206349204
2333	4	0.12446192251684243	0.5444631759058995	0.107001	0.250001	1.0	0.665707050808314	0.32616166997518614
2335	5	0.07901499825592362	0.2830595640917827	0.385001	0.743001	1.0	0.8922605321576763	0.45250372375127423
2336	2	0.09167090771661883	0.5185042769810405	0.168001	0.30600099999999997	1.0	0.6873245689320389	0.35819513419117655
2339	3	0.07534018231958738	0.40216996701448887	0.29700099999999996	0.465001	1.0	0.7583396789250354	0.40614084278959806
2343	4	0.11151246861324979	0.6284256390648426	0.177001	0.183001	1.0	0.6348397410714286	0.3631355035587188
2344	10	0.1568305623798991	0.4659896151653105	0.078001	0.375001	1.0	0.7376113686868687	0.30999066557377053
2345	6	0.11054790231282355	0.2853988120237992	0.221001	0.717001	1.0	0.883228795940171	0.37527857584683355
2350	2	0.07943546518547953	0.5006897455072095	0.266001	0.387001	1.0	0.7436869216666666	0.3995705281329923
2361	5	0.0970324753515725	0.36560940639401307	0.28500099999999995	0.5600010000000001	1.0	0.798997722564735	0.4026363284493284
2362	2	0.10295969307486572	0.42864608644737845	0.069001	0.150001	1.0	0.6256061608832807	0.3071743359073359
2364	2	0.054071087129187685	0.23221287060843293	0.36200099999999996	0.747001	1.0	0.8925307284974093	0.43935489789473675
2370	2	0.0197874679094137	0.0997124319860122	0.447001	0.9250010000000001	1.0	0.9794198476277374	0.47988096182495343
2371	3	0.03849891917726159	0.11154195104714004	0.464001	0.824001	1.0	0.9332742170923379	0.4881324388686132
2373	18	0.15268822091067555	0.340398901870527	0.107001	0.166001	1.0	0.6256061608832807	0.32616166997518614
2374	2	0.09774345512706192	0.40442831382695665	0.148001	0.440001	1.0	0.7565023784172662	0.3461362129817444
2389	3	0.053826989084254415	0.2544677078372814	0.41300099999999995	0.764001	1.0	0.8997887160367722	0.46299044907856446
2390	2	0.10422850847328025	0.5311364340117923	0.118001	0.28700099999999995	1.0	0.6828240840163934	0.32863563526570044
2391	2	0.07922404208561229	0.29644562216316195	0.129001	0.258001	1.0	0.6708852942477875	0.33575203837471784
2392	3	0.076008278525441	0.38623113363460576	0.268001	0.450001	1.0	0.7565023784172662	0.3995705281329923
2396	2	0.10316591027856051	0.44038146315616455	0.106001	0.37000099999999997	1.0	0.7376113686868687	0.32616166997518614
2397	3	0.07718007710051354	0.4037991734680109	0.29500099999999996	0.47700099999999995	1.0	0.7681337315716272	0.40614084278959806
2399	2	0.027879571760909203	0.10739777220895229	0.466001	0.9110010000000001	1.0	0.9698837977839336	0.4893434908925319
2403	2	0.06160207663221032	0.22567608438453288	0.30800099999999997	0.730001	1.0	0.8897369482029598	0.40951511839080457
2406	4	0.2060694114857476	1.0421021913156927	0.004001	0.028001	0.955001	0.4674480135135135	0.11532882500000001
2407	5	0.09856417001805753	0.5125837177125055	0.278001	0.29600099999999996	1.0	0.6839461983967936	0.4024098428217821
2408	2	0.07356573858216311	0.44184296094256503	0.238001	0.384001	1.0	0.7403898879598662	0.38650021549295777
2409	5	0.1637799113343895	0.6326993340861473	0.019001	0.143001	1.0	0.6256061608832807	0.23061153
2418	2	0.1247530240965454	0.5695575572735261	0.030001	0.064001	1.0	0.5590390378787878	0.25541868987341776
2419	4	0.09666516649828154	0.2898727812683506	0.209001	0.517001	1.0	0.7792185006535948	0.3707980903522205
2421	2	0.10460706341713208	0.5024509022664433	0.108001	0.321001	1.0	0.6996486824196597	0.32616166997518614
2423	3	0.04132562657307763	0.21116115268990301	0.43300099999999997	0.8120010000000001	1.0	0.9278861774033699	0.47322289383886257
2424	7	0.10885834226795328	0.2962942997110854	0.212001	0.48200099999999996	1.0	0.7686682614107884	0.3720504611872146
2445	5	0.1918389367838313	0.7073379639980338	0.007001	0.094001	0.996001	0.6088941179775281	0.15523371153846155
2446	2	0.08566884042363462	0.5949306649124366	0.217001	0.245001	1.0	0.6584758811188811	0.3728795126676602
2448	14	0.07357728632166315	0.21495867889645362	0.49500099999999997	0.9310010000000001	1.0	0.9794198476277374	0.5024085853873239
2449	3	0.08285536184184224	0.40965126102522165	0.30100099999999996	0.465001	1.0	0.7583396789250354	0.408047908032596
2450	3	0.013162423223079388	0.04375659997121232	0.47600099999999995	0.993001	1.0	1.0	0.4947316262265833
2452	2	0.12481334805991029	0.6114298870715937	0.056001	0.224001	1.0	0.6417931397590362	0.2882551473214286
2453	3	0.06685087442055451	0.39584191180991457	0.35000099999999995	0.48600099999999996	1.0	0.7697197715458276	0.43022510980810225
2454	2	0.07797489583902409	0.2946433507270859	0.235001	0.610001	1.0	0.8258711081395348	0.38542838264580365
2455	5	0.03414830490291409	0.06747989358276063	0.48500099999999996	0.994001	1.0	1.0	0.4975143709964412
2456	4	0.12234917901350248	0.4195599076025192	0.071001	0.261001	1.0	0.6708852942477875	0.3089213320754717
2457	2	0.10162761413977663	0.8187918655707545	0.134001	0.078001	1.0	0.5838047658227848	0.3380812975929978
2459	4	0.10255161593830872	0.36992173216320445	0.181001	0.330001	1.0	0.7059205064935065	0.36484991783216786
2461	2	0.032895346067338745	0.17594183989343726	0.42300099999999996	0.8080010000000001	1.0	0.9274390794438928	0.46851119404418823
2463	2	0.053826989084254415	0.1782714511104275	0.258001	0.527001	1.0	0.7860700556274257	0.39658453253652054
2464	3	0.11054790231282355	0.36234420793702876	0.141001	0.602001	1.0	0.8204576276595745	0.3461362129817444
2472	2	0.12139127186621085	0.8255480404715105	0.080001	0.112001	1.0	0.610112793721973	0.30999066557377053
2476	2	0.11871913527802573	0.6413676769590003	0.103001	0.217001	1.0	0.641212125	0.3244812923497268
2480	2	0.06179599711204403	0.352569711252481	0.30600099999999997	0.506001	1.0	0.7752946326259947	0.4093029617169373
2491	12	0.11841879455273685	0.29111561573168115	0.257001	0.639001	1.0	0.8364148621468926	0.39658453253652054
2502	2	0.05459689383906298	0.26993254646900566	0.396001	0.688001	1.0	0.8650655976008724	0.4570461991991992
2518	2	0.125763352264244	0.8360381053181134	0.069001	0.11700100000000001	1.0	0.610112793721973	0.3071743359073359
2524	2	0.03500669307252826	0.11182256127553517	0.43200099999999997	0.9060010000000001	1.0	0.9672399564814816	0.47257794402277037
2531	2	0.02310333458129249	0.08919573246592767	0.461001	0.948001	1.0	0.9865028456678699	0.4867528873626374
2532	2	0.011481119595629353	0.030423602298696045	0.448001	0.887001	1.0	0.9639134335532518	0.48006055111524165
2533	2	0.07232301069140473	0.2620128422794975	0.136001	0.29200099999999996	1.0	0.6839461983967936	0.3401500065075922
2534	3	0.09390552239522494	0.3560096524089875	0.210001	0.527001	1.0	0.7860700556274257	0.3707980903522205
2542	2	0.06656702893870246	0.281063885486101	0.276001	0.615001	1.0	0.8258711081395348	0.40180448611111114
2543	2	0.05460386295626568	0.18154383477929578	0.237001	0.438001	1.0	0.7565023784172662	0.3859634929378531
2544	2	0.12017597200663563	0.5895333664316562	0.075001	0.259001	1.0	0.6708852942477875	0.3099503691756272
2547	2	0.10180942068330438	0.6295935599252546	0.121001	0.201001	1.0	0.641212125	0.33296933890214797
2548	2	0.10808108248366108	0.4668030690144441	0.111001	0.377001	1.0	0.7376113686868687	0.32616166997518614
2549	2	0.08018945106551087	0.3123471260516932	0.196001	0.584001	1.0	0.8161856399999999	0.36567824110032365
2550	3	0.07870317466595633	0.31517033227533614	0.30400099999999997	0.636001	1.0	0.8364148621468926	0.408047908032596
2552	2	0.13949010711697937	0.7396274121155707	0.034001	0.154001	1.0	0.6256061608832807	0.25541868987341776
2554	4	0.08118541253257797	0.30576533509715065	0.271001	0.454001	1.0	0.7565023784172662	0.3995705281329923
2556	2	0.11425463711308814	0.49928607540300396	0.049001	0.103001	1.0	0.610112793721973	0.27032609090909093
2558	2	0.08186831403901892	0.37746959091734134	0.186001	0.449001	1.0	0.7565023784172662	0.36567824110032365
2563	2	0.04998844963198691	0.17270867046446234	0.402001	0.862001	1.0	0.9510881846889951	0.46028515690168814
2568	2	0.20617929805816773	1.2756585939011962	1e-06	1e-06	0.954001	0.0003843333333333333	0.00016471428571428572
2569	4	0.20041419574327965	0.9631078017162669	0.008001	0.034001	0.983001	0.4862187108433736	0.1618447894736842
2572	4	0.07713095288883484	0.2870139989740071	0.267001	0.49300099999999997	1.0	0.7712756485753053	0.3995705281329923
2574	2	0.12074755097932932	0.611210052548495	0.058001000000000004	0.208001	1.0	0.641212125	0.2906771134453781
2579	9	0.1718998613902586	0.6937336969711951	0.034001	0.050001000000000004	1.0	0.5113404608695652	0.25541868987341776
2580	3	0.08573173487990786	0.5599922871272978	0.251001	0.241001	1.0	0.6492386752336449	0.39428358719346046
2582	3	0.0642372422342912	0.258120243670647	0.401001	0.7830010000000001	1.0	0.9137653370445346	0.46005388358208954
2584	16	0.15655066106224866	0.4389505554808767	0.099001	0.211001	1.0	0.641212125	0.32245240960451976
2585	2	0.013323251881604284	0.04596523657043601	0.500001	0.989001	1.0	1.0	0.5057027657894737
2594	2	0.20515412331781546	1.4127142107581585	0.004001	0.019001	0.960001	0.4674480135135135	0.11532882500000001
2598	2	0.11216499908995967	0.7868624469286228	0.102001	0.125001	1.0	0.6256061608832807	0.3244812923497268
2599	2	0.026903874157878767	0.0919239246778074	0.458001	0.9290010000000001	1.0	0.9794198476277374	0.486257046961326
2600	4	0.10187200290175118	0.37528121596627395	0.228001	0.5450010000000001	1.0	0.793416859848485	0.3815459404934688
2605	2	0.0895533842042902	0.6450187349031082	0.195001	0.201001	1.0	0.641212125	0.36567824110032365
2610	2	0.11865088991690485	0.5281660645789185	0.009000999999999999	0.018001	1.0	0.4674480135135135	0.16738956451612902
2614	5	0.14000230837436173	0.5750532254152347	0.058001000000000004	0.107001	1.0	0.610112793721973	0.2906771134453781
2616	2	0.07987294016840879	0.4247002045696795	0.248001	0.41000099999999995	1.0	0.7524290344287949	0.39221059153005466
2620	2	0.09014387584377248	0.6612010350683486	0.187001	0.185001	1.0	0.6348397410714286	0.36567824110032365
2621	3	0.057782140741351844	0.2450993344403313	0.393001	0.761001	1.0	0.8983508721881391	0.4558653450704226
2623	2	0.07967280621742867	0.49841526527464886	0.215001	0.336001	1.0	0.7108424825688073	0.3728795126676602
2625	2	0.06024617431402419	0.20594789094160115	0.183001	0.399001	1.0	0.7524290344287949	0.3650521678200692
2626	2	0.058553213397172864	0.19850734780912382	0.192001	0.41200099999999995	1.0	0.7524290344287949	0.36567824110032365
2627	4	0.20904641603739585	0.8521297075195882	0.004001	0.051001	0.9360010000000001	0.5113404608695652	0.11532882500000001
2629	3	0.004811557228877265	0.008187997349057102	0.47800099999999995	0.938001	1.0	0.9817220588768115	0.4947316262265833
2634	13	0.1762786896701872	0.5980005539054578	0.042001000000000004	0.086001	1.0	0.6075757664670659	0.26286607772020726
2635	2	0.07435331798643732	0.2974500345720381	0.243001	0.610001	1.0	0.8258711081395348	0.3896803240611961
2636	2	0.0761329407637965	0.396212257596396	0.244001	0.48800099999999996	1.0	0.7697197715458276	0.390198547850208
2639	2	0.03231486662651309	0.09585959852720433	0.29900099999999996	0.626001	1.0	0.8325019065743946	0.4070226127508854
2645	2	0.08188459643254256	0.5543227622371226	0.20300100000000001	0.29300099999999996	1.0	0.6839461983967936	0.36925141758241753
2647	2	0.13198217264637838	0.7500512835352114	0.046001	0.138001	1.0	0.6256061608832807	0.26564780882352945
2648	5	0.040497187249288615	0.1001864147286939	0.49100099999999997	0.968001	1.0	0.9960535169039145	0.5009948256637168
2656	3	0.07960399367014888	0.4182372839498845	0.28500099999999995	0.442001	1.0	0.7565023784172662	0.4026363284493284
2685	2	0.05325281425802132	0.17586644247526476	0.221001	0.456001	1.0	0.7565023784172662	0.37527857584683355
2709	29	0.178795832563439	0.8183055631233555	0.094001	0.002001	1.0	0.288394125	0.31971431563421826
2710	7	0.10244491470874229	0.21758413854665343	0.221001	0.691001	1.0	0.8678776062906725	0.37527857584683355
2712	2	0.132761585976221	0.6314199672490844	0.044001	0.212001	1.0	0.641212125	0.26286607772020726
2716	3	0.1287556826895637	0.4532831298829312	0.019001	0.167001	1.0	0.6256061608832807	0.23061153
2717	2	0.05862176961696578	0.20407648753893975	0.338001	0.7860010000000001	1.0	0.915413285858586	0.4257823017429194
2722	9	0.13465013508792922	0.4748128764300166	0.164001	0.233001	1.0	0.6427037153110048	0.35610763276836155
2733	7	0.11237041803785008	0.2956323076603226	0.185001	0.49300099999999997	1.0	0.7712756485753053	0.36567824110032365
2736	2	0.013861717815750291	0.03722000962422578	0.42600099999999996	0.864001	1.0	0.9514738806112703	0.46957854015296363
2737	2	0.07022795903141182	0.2680014146996807	0.254001	0.6660010000000001	1.0	0.8522743096559379	0.3962965534506089
2739	2	0.06947349342041931	0.31518242394243007	0.270001	0.591001	1.0	0.8168819032258064	0.3995705281329923
2743	4	0.06254598639319614	0.1628389280834939	0.394001	0.8060010000000001	1.0	0.9265395343968096	0.45656598291457284
2744	11	0.15830264245545062	0.5492603737722762	0.068001	0.118001	1.0	0.610112793721973	0.3071743359073359
2745	7	0.11054790231282355	0.5916303401086888	0.221001	0.084001	1.0	0.6015723788819877	0.37527857584683355
2746	3	0.11054790231282355	0.5417502512226314	0.143001	0.274001	1.0	0.6775131474358974	0.3461362129817444
2758	2	0.0835083888050697	0.4020525060151671	0.188001	0.42300099999999996	1.0	0.7529456863636363	0.36567824110032365
2763	2	0.08199088350411997	0.3107491150354717	0.105001	0.228001	1.0	0.6417931397590362	0.32616166997518614
2776	3	0.08971164847375734	0.28706334054674393	0.270001	0.755001	1.0	0.8979651779835391	0.3995705281329923
2781	2	0.04618113577881023	0.23638021705328144	0.374001	0.694001	1.0	0.8678776062906725	0.4468633709844559
2783	2	0.12325206853542958	0.7150873602641425	0.075001	0.17100100000000001	1.0	0.6256061608832807	0.3099503691756272
2789	2	0.19221816804978317	1.384767777512832	0.003001	0.031001	0.995001	0.47031780263157896	0.10812978125
2790	2	0.10465804875515305	0.43894360586422276	0.081001	0.151001	1.0	0.6256061608832807	0.30999066557377053
2792	2	0.02973517753321639	0.1399635234324434	0.41800099999999996	0.859001	1.0	0.9495955445829339	0.46475906750241075
2796	2	0.07140003988100438	0.3185180023416901	0.264001	0.584001	1.0	0.8161856399999999	0.3995705281329923
2805	2	0.07531778158673305	0.5280597267551668	0.251001	0.316001	1.0	0.6926789980988592	0.39428358719346046
2806	17	0.27635295346191785	0.7415123906592267	0.001001	0.015000999999999999	0.08500100000000001	0.4674480135135135	0.0824395
2807	2	0.06046745412457384	0.3386153994390604	0.28500099999999995	0.48300099999999996	1.0	0.7691991063535911	0.4026363284493284
2808	2	0.1255882846256734	0.8047026739009082	0.069001	0.118001	1.0	0.610112793721973	0.3071743359073359
2813	2	0.09645059304310648	0.6195834642289202	0.17100100000000001	0.231001	1.0	0.6417931397590362	0.35848027818181816
2814	2	0.07059715153003503	0.49795180513324755	0.271001	0.34800099999999995	1.0	0.7203683177737881	0.3995705281329923
2818	9	0.11062391990903597	0.48821977131051814	0.29800099999999996	0.332001	1.0	0.7075732957486137	0.40614084278959806
2819	2	0.11054790231282355	0.7014652367830825	0.093001	0.127001	1.0	0.6256061608832807	0.31913736011904764
2823	14	0.2539062552147623	0.6664187922569763	0.001001	0.030001	0.264001	0.4674480135135135	0.0824395
2829	2	0.057193196269171485	0.36717320534291786	0.338001	0.500001	1.0	0.7748422396251674	0.4257823017429194
2831	6	0.14016114251449185	0.622193850705432	0.099001	0.072001	1.0	0.5804838137931034	0.32245240960451976
2832	3	0.07563174277185686	0.43314116192548857	0.320001	0.445001	1.0	0.7565023784172662	0.41737686990950223
2842	4	0.09062264666164363	0.33063711027436277	0.270001	0.43100099999999997	1.0	0.7529456863636363	0.3995705281329923
2844	2	0.04088966542292567	0.2501120121475131	0.43100099999999997	0.757001	1.0	0.8979651779835391	0.47257794402277037
2850	2	0.0940895488950409	0.5381845220845947	0.162001	0.29700099999999996	1.0	0.6848843059999999	0.35376354734848486
2856	2	0.1176099599714494	0.5542471473568075	0.100001	0.279001	1.0	0.6801018033826638	0.323879643258427
2857	4	0.04940673786390719	0.1581413327732846	0.41400099999999995	0.8060010000000001	1.0	0.9265395343968096	0.46299044907856446
2861	2	0.13101086556464137	0.683674433085195	0.053001	0.189001	1.0	0.6409357441176471	0.27777342272727273
2864	6	0.10446079850066539	0.2483487883954869	0.274001	0.863001	1.0	0.9512812170172085	0.40142713214739517
2879	2	0.05867165287818005	0.19902457933566553	0.215001	0.402001	1.0	0.7524290344287949	0.3728795126676602
2880	2	0.050612088884472904	0.2890403039000249	0.35500099999999996	0.612001	1.0	0.8258711081395348	0.43405742629904553
2881	2	0.039917748155734435	0.12990488979365764	0.41600099999999995	0.893001	1.0	0.9654778373605949	0.46342913333333335
2882	5	0.04654603513057664	0.18081427465984615	0.47900099999999995	0.9310010000000001	1.0	0.9794198476277374	0.4947316262265833
2886	2	0.07118475208025721	0.39165794024728817	0.245001	0.453001	1.0	0.7565023784172662	0.3912550595567867
2888	2	0.08023186473488544	0.43381772075427555	0.210001	0.41000099999999995	1.0	0.7524290344287949	0.3707980903522205
2892	2	0.14522994080400375	0.8166292546853381	0.044001	0.110001	1.0	0.610112793721973	0.26286607772020726
2897	5	0.10283945270964158	0.4313106210090928	0.267001	0.47200099999999995	1.0	0.7665030323943661	0.3995705281329923
2900	2	0.09755456389495576	0.4170384342028948	0.145001	0.42700099999999996	1.0	0.7529456863636363	0.3461362129817444
2902	4	0.11500722770745654	0.6254743921592558	0.144001	0.172001	1.0	0.6256061608832807	0.3461362129817444
2903	2	0.053826989084254415	0.23219337689132524	0.378001	0.762001	1.0	0.8983508721881391	0.4488518568486096
2904	4	0.11145392894106868	0.49705915759119335	0.168001	0.323001	1.0	0.7008877166979361	0.35819513419117655
2912	9	0.092683874740762	0.24350288999998573	0.31100099999999997	0.641001	1.0	0.8364148621468926	0.4102793512585812
2917	3	0.10441418253083146	0.46963692374876165	0.170001	0.35100099999999995	1.0	0.7252762598566307	0.35833848811700186
2921	3	0.15058877499622436	0.868427025025864	0.039001	0.057001	1.0	0.5343264471544715	0.2599315202312139
2923	2	0.10985735774272237	0.7213614862097648	0.102001	0.167001	1.0	0.6256061608832807	0.3244812923497268
2924	2	0.07098372772936631	0.36349381083378074	0.265001	0.516001	1.0	0.7792185006535948	0.3995705281329923
2928	3	0.11127614459137528	0.6128127087266607	0.145001	0.199001	1.0	0.641212125	0.3461362129817444
2929	2	0.07561376692870708	0.3754270688583602	0.248001	0.48800099999999996	1.0	0.7697197715458276	0.39221059153005466
2931	7	0.16518378646525103	0.4727052610774895	0.039001	0.215001	1.0	0.641212125	0.2599315202312139
2932	3	0.09849917887956891	0.6036438847124767	0.186001	0.211001	1.0	0.641212125	0.36567824110032365
2934	2	0.012903483762414888	0.05850393079979517	0.501001	0.970001	1.0	0.9960535169039145	0.5062700727432078
2935	2	0.07271513064847013	0.2639221445985432	0.160001	0.30800099999999997	1.0	0.6882270406976744	0.35376354734848486
2941	2	0.031238955632902105	0.09214323756577436	0.313001	0.650001	1.0	0.8411348518518519	0.41150530558722914
2942	3	0.10170515559732755	0.34403267310604474	0.128001	0.30900099999999997	1.0	0.6886920096339113	0.3354208022727273
2946	14	0.09720607332332393	0.1990229263361815	0.42500099999999996	0.940001	1.0	0.9817220588768115	0.4689245483253588
2949	4	0.12270806579407768	0.7383807010764509	0.124001	0.112001	1.0	0.610112793721973	0.3354208022727273
2990	7	0.13457901354398738	0.3685454510720847	0.125001	0.43000099999999997	1.0	0.7529456863636363	0.3354208022727273
2991	2	0.03717039332222471	0.11310278175875307	0.28400099999999995	0.589001	1.0	0.8168819032258064	0.4026363284493284
2995	4	0.05026969009875618	0.15104867049785725	0.43100099999999997	0.9330010000000001	1.0	0.9797360227686704	0.47257794402277037
3015	6	0.06810401420417819	0.2520825024836086	0.42400099999999996	0.697001	1.0	0.8706848894907909	0.4689245483253588
3016	2	0.18276147081115351	1.103629940078364	0.007001	0.035001000000000004	1.0	0.4862187108433736	0.15523371153846155
3017	2	0.026825202868628224	0.12400188158491768	0.47200099999999995	0.888001	1.0	0.9640914811676082	0.4933972375339981
3018	2	0.08301823135321398	0.326430814455384	0.228001	0.613001	1.0	0.8258711081395348	0.3815459404934688
3025	2	0.14326062953065244	0.9287968248417222	0.040001	0.093001	1.0	0.6088941179775281	0.2620520056818182
3026	2	0.12775233120671017	0.6444495027552627	0.075001	0.239001	1.0	0.6492386752336449	0.3099503691756272
3030	2	0.15247819688109016	0.78420834359809	0.033001	0.150001	1.0	0.6256061608832807	0.25541868987341776
3033	3	0.11447648461378443	0.4831405933709931	0.131001	0.37100099999999997	1.0	0.7376113686868687	0.3370333032967033
3037	4	0.09139067257688792	0.4209857095983152	0.225001	0.263001	1.0	0.6708852942477875	0.37817223469387756
3039	2	0.028360456614284577	0.08238484444059153	0.37100099999999997	0.780001	1.0	0.91118657852077	0.44512398855359003
3040	4	0.16042189078419689	0.6514807748042788	0.026001	0.060001	1.0	0.5490567698412698	0.25406061864406776
3041	2	0.04364517092764284	0.21922401378881273	0.380001	0.769001	1.0	0.9038309408766566	0.4498369127310062
3043	4	0.06323613629460259	0.312317446690224	0.392001	0.6580010000000001	1.0	0.8486299250559285	0.4551632960725075
3047	2	0.02951802627201048	0.13806869922126083	0.463001	0.901001	1.0	0.9654778373605949	0.4875252538812785
3055	3	0.004038144788406573	0.006841844135970886	0.48300099999999996	0.959001	1.0	0.9925746436265709	0.4959039652715939
3068	2	0.0025377005900762625	0.006394775644319072	0.49400099999999997	0.981001	1.0	1.0	0.5024085853873239
3079	3	0.07967760446226449	0.4550003631230634	0.29800099999999996	0.399001	1.0	0.7524290344287949	0.40614084278959806
3081	2	0.0962320959203936	0.38896869506522364	0.069001	0.146001	1.0	0.6256061608832807	0.3071743359073359
3082	2	0.0649536270785841	0.2271747597779464	0.191001	0.376001	1.0	0.7376113686868687	0.36567824110032365
3086	2	0.08004544696221287	0.324546511630645	0.233001	0.580001	1.0	0.8145446443361755	0.384334982832618
3087	3	0.0390309914970491	0.15188106004862056	0.462001	0.901001	1.0	0.9654778373605949	0.4873624455626715
3094	2	0.08782834468401768	0.3418738339018527	0.113001	0.229001	1.0	0.6417931397590362	0.32616166997518614
3107	21	0.17430103905972916	0.5960858428882589	0.063001	0.014001	1.0	0.4674480135135135	0.30141142323651454
3120	2	0.18112395847813334	1.6741372491207342	0.006001	0.002001	1.0	0.288394125	0.13838306
3124	4	0.09926398470386276	0.34743653120564766	0.133001	0.165001	1.0	0.6256061608832807	0.3370333032967033
3125	2	0.0	0.0	1.0	1.0	1.0	1.0	1.0
3126	2	0.17710550319245977	1.0388060291041834	0.003001	0.026001	1.0	0.4674480135135135	0.10812978125
3131	18	0.18807757967327593	0.5585589924636849	0.033001	0.133001	0.998001	0.6256061608832807	0.25541868987341776
3132	3	0.06826686036274968	0.2548196175282675	0.325001	0.742001	1.0	0.8922605321576763	0.4196261511758118
3133	2	0.08188779184202527	0.5441736728617901	0.192001	0.261001	1.0	0.6708852942477875	0.36567824110032365
3135	35	0.17091357790993061	0.42666451363301316	0.128001	0.28900099999999995	1.0	0.6828240840163934	0.3354208022727273
3141	3	0.07652026245743028	0.1884964108955367	0.148001	0.29200099999999996	1.0	0.6839461983967936	0.3461362129817444
3145	27	0.19531937644967162	0.3051584273302339	0.041001	0.7910010000000001	0.993001	0.9156869006024096	0.26286607772020726
3146	2	0.12576124511794504	1.0447834433651506	0.035001000000000004	0.021001000000000002	1.0	0.4674480135135135	0.25541868987341776
3147	4	0.11580096420010408	0.6119403456814745	0.147001	0.186001	1.0	0.6363773086053413	0.3461362129817444
3161	3	0.18026465457795543	0.7719815367819729	0.006001	0.106001	1.0	0.610112793721973	0.13838306
3162	4	0.1562360396378996	0.9986717584619776	0.034001	0.026001	1.0	0.4674480135135135	0.25541868987341776
3164	2	0.05040180395351361	0.1640945550288672	0.229001	0.467001	1.0	0.7605256398305085	0.3821102069464544
3167	2	0.08938620494684571	0.51597311282639	0.158001	0.28300099999999995	1.0	0.6826363033472802	0.35323343545279384
3170	7	0.1271049697823154	0.3767472220549989	0.146001	0.42600099999999996	1.0	0.7529456863636363	0.3461362129817444
3171	3	0.10012977539329045	0.46808034300539775	0.180001	0.378001	1.0	0.7376113686868687	0.36474719332161687
3172	3	0.13598766589550482	0.4796441739993674	0.033001	0.152001	1.0	0.6256061608832807	0.25541868987341776
3175	2	0.02325086351462137	0.09242038245956333	0.461001	0.9290010000000001	1.0	0.9794198476277374	0.4867528873626374
3182	2	0.09399715787109891	0.3761782009615214	0.080001	0.164001	1.0	0.6256061608832807	0.30999066557377053
3190	7	0.1038169227056534	0.23555396610071208	0.279001	0.885001	1.0	0.9639134335532518	0.4024098428217821
3192	6	0.05804440210644447	0.08240119115464786	0.404001	0.898001	1.0	0.9654778373605949	0.46074495845697333
3193	2	0.10134491454917355	0.46589917680112697	0.112001	0.334001	1.0	0.7092139097605893	0.32616166997518614
3194	2	0.042487906099430546	0.22901375384337647	0.41200099999999995	0.728001	1.0	0.8891791874999999	0.46299044907856446
3195	2	0.18727496759533374	1.0903711903823952	0.002001	0.027001	0.998001	0.4674480135135135	0.09228612
3196	8	0.15553706400388323	0.48745072706224435	0.043001	0.052001	1.0	0.5168720086206897	0.26286607772020726
3197	3	0.10241212457581685	0.3693275748710096	0.197001	0.511001	1.0	0.7762637061923584	0.3663583112903226
3198	2	0.053826989084254415	0.1782714511104275	0.258001	0.527001	1.0	0.7860700556274257	0.39658453253652054
3206	3	0.03338309384746613	0.07691486331946092	0.399001	0.892001	1.0	0.9654778373605949	0.45867213659022926
3207	3	0.12585171360216382	0.5502517217375987	0.106001	0.277001	1.0	0.6780937430997878	0.32616166997518614
3208	4	0.0647932553441608	0.2475325590244279	0.30300099999999996	0.5450010000000001	1.0	0.793416859848485	0.408047908032596
3211	3	0.1086785517702713	0.5250036179605168	0.181001	0.324001	1.0	0.7008877166979361	0.36484991783216786
3214	10	0.13888708334347316	0.3234499112743533	0.144001	0.616001	1.0	0.8258711081395348	0.3461362129817444
3215	2	0.11079906943904222	0.7589886550097595	0.116001	0.149001	1.0	0.6256061608832807	0.32701504400978
3225	3	0.14083533387185299	0.6748102829045575	0.057001	0.162001	1.0	0.6256061608832807	0.2895249030837005
3228	2	0.055722694605101444	0.1862937841615854	0.196001	0.405001	1.0	0.7524290344287949	0.36567824110032365
3240	5	0.10526927888605465	0.3903319815406817	0.194001	0.338001	1.0	0.7119638488160291	0.36567824110032365
3241	2	0.0918335973234796	0.36925004844594445	0.158001	0.507001	1.0	0.7752946326259947	0.35323343545279384
3242	2	0.16303283848923178	0.9928993401329068	0.011000999999999999	0.048001	1.0	0.5113404608695652	0.19218413636363632
3243	2	0.0922532074462824	0.4087669740621628	0.166001	0.41400099999999995	1.0	0.7524290344287949	0.3577554261682243
3244	3	0.09660041209308241	0.42701088930740655	0.151001	0.207001	1.0	0.641212125	0.3503101670020121
3247	2	0.13063572836043974	1.1171831189605637	0.053001	0.044001	1.0	0.5023084455445544	0.27777342272727273
3249	22	0.172344709801035	0.6562987461596417	0.090001	0.007001	1.0	0.44845294444444445	0.31913736011904764
3257	7	0.05457739816405769	0.14489596779828068	0.457001	0.832001	1.0	0.9386469207436399	0.4856425373271889
3261	3	0.14595616618772467	0.8147963481762761	0.052001	0.105001	1.0	0.610112793721973	0.27777342272727273
3270	6	0.16620323259527175	0.4933768249760837	0.032001	0.29900099999999996	1.0	0.6867493087649402	0.25541868987341776
3274	2	0.11138285430825855	0.5634253412386389	0.11700100000000001	0.28400099999999995	1.0	0.6828240840163934	0.3274324101941748
3276	2	0.028101904581375334	0.12313251308891715	0.453001	0.898001	1.0	0.9654778373605949	0.4840687238183503
3279	3	0.11633575060145306	0.7144675709103625	0.092001	0.143001	1.0	0.6256061608832807	0.31913736011904764
3280	2	0.11054790231282355	0.4806122068574815	0.098001	0.41400099999999995	1.0	0.7524290344287949	0.32245240960451976
3281	3	0.1075328479389167	0.5930295322912843	0.162001	0.218001	1.0	0.641212125	0.35376354734848486
3282	13	0.17714916756218818	0.4243733123883355	0.042001000000000004	0.28900099999999995	1.0	0.6828240840163934	0.26286607772020726
3309	2	0.08919782676429874	0.3493633634781133	0.115001	0.241001	1.0	0.6492386752336449	0.32701504400978
3310	2	0.034416528472296364	0.17795759825703353	0.456001	0.859001	1.0	0.9495955445829339	0.4856425373271889
3318	2	0.10174030762689744	0.7387808443451114	0.129001	0.146001	1.0	0.6256061608832807	0.33575203837471784
3321	2	0.1253245917689045	0.5971505734592538	0.077001	0.255001	1.0	0.6708852942477875	0.30999066557377053
3323	6	0.1146925001402789	0.39004310128916564	0.196001	0.36000099999999996	1.0	0.729492360281195	0.36567824110032365
3324	2	0.0687200142516543	0.412869822722415	0.260001	0.42700099999999996	1.0	0.7529456863636363	0.39706112980132446
3325	3	0.07963739624705614	0.3721203308150818	0.28200099999999995	0.530001	1.0	0.7864751003861005	0.4024098428217821
3326	2	0.09948245811733483	0.43655681553213477	0.159001	0.41300099999999995	1.0	0.7524290344287949	0.35323343545279384
3328	2	0.016035047638039073	0.04357462651867004	0.387001	0.8020010000000001	1.0	0.9247071530000001	0.453007261928934
3335	12	0.13912176622298678	0.46892300669012127	0.163001	0.193001	1.0	0.641212125	0.35527439130434785
3336	2	0.1319653311375042	0.695054759332281	0.061001	0.185001	1.0	0.6348397410714286	0.2942851589958159
3337	2	0.11980845957463075	0.5676198230015354	0.052001	0.28800099999999995	1.0	0.6828240840163934	0.27777342272727273
3339	6	0.22218391997866654	0.853900072757995	0.002001	0.028001	0.7840010000000001	0.4674480135135135	0.09228612
3340	4	0.0658278288402125	0.12805929851060452	0.340001	0.887001	1.0	0.9639134335532518	0.42643617462039046
3341	2	0.20973576758415988	1.3703204502136703	0.003001	0.013000999999999999	0.9300010000000001	0.4674480135135135	0.10812978125
3342	3	0.08447995126411736	0.4794948864223881	0.281001	0.37200099999999997	1.0	0.7376113686868687	0.4024098428217821
3345	3	0.13105353837619282	0.6629114839743196	0.043001	0.168001	1.0	0.6256061608832807	0.26286607772020726
3346	7	0.09218201889785921	0.3948058464540177	0.35000099999999995	0.504001	1.0	0.7752946326259947	0.43022510980810225
3349	2	0.12811781638433248	0.5930361669613051	0.019001	0.048001	1.0	0.5113404608695652	0.23061153
3351	2	0.002919241912185941	0.0073721901846626825	0.456001	0.973001	1.0	0.9972179137777778	0.4856425373271889
3353	2	0.029082854597728712	0.08704746774540972	0.43600099999999997	0.9360010000000001	1.0	0.98109923	0.4738069302544769
3371	2	0.045586063992477076	0.14484753388015048	0.270001	0.509001	1.0	0.7762637061923584	0.3995705281329923
3373	2	0.10422245492397958	0.7186651346406217	0.116001	0.167001	1.0	0.6256061608832807	0.32701504400978
3374	3	0.09434192710466094	0.2971569740951404	0.175001	0.42900099999999997	1.0	0.7529456863636363	0.36225521184919207
3376	2	0.11054790231282355	0.4917994783548718	0.103001	0.41500099999999995	1.0	0.7524290344287949	0.3244812923497268
3381	3	0.033287141327845084	0.06997126687876944	0.41000099999999995	0.9280010000000001	1.0	0.9794198476277374	0.46299044907856446
3386	2	0.03701737669910021	0.1529974864252286	0.41600099999999995	0.849001	1.0	0.9457953169082126	0.46342913333333335
3387	5	0.11865088991690485	0.5869016373248814	0.114001	0.080001	1.0	0.5838047658227848	0.32616166997518614
3388	2	0.14264283531383198	0.6998112920132291	0.019001	0.042001000000000004	1.0	0.5023084455445544	0.23061153
3390	3	0.11310672593369617	0.6145661657122781	0.149001	0.210001	1.0	0.641212125	0.3470669757575758
3416	9	0.15420988426112853	0.5676337634991975	0.093001	0.179001	1.0	0.6311564311926605	0.31913736011904764
3422	2	0.11566914062896119	0.5375910604036722	0.091001	0.29400099999999996	1.0	0.6839461983967936	0.31913736011904764
3424	2	0.02488774764110688	0.07096604284168284	0.41500099999999995	0.7840010000000001	1.0	0.9140072325581395	0.463210215876089
3426	3	0.06122657197583259	0.225664617745865	0.29700099999999996	0.5520010000000001	1.0	0.7945782184769039	0.40614084278959806
3431	4	0.09152172811852115	0.5092750426384705	0.30200099999999996	0.320001	1.0	0.6996486824196597	0.408047908032596
3432	5	0.10942661514342139	0.6703794344321914	0.211001	0.151001	1.0	0.6256061608832807	0.3714261877862595
3433	2	0.0053490294132491146	0.020040736428164826	0.47600099999999995	0.996001	1.0	1.0	0.4947316262265833
3441	4	0.16074848111461384	0.5213666729721063	0.019001	0.14000100000000001	1.0	0.6256061608832807	0.23061153
3442	2	0.062452993231025294	0.21580005916717324	0.170001	0.35600099999999996	1.0	0.7277821861702126	0.35833848811700186
3453	2	0.1497868848481908	1.1735674003136993	0.029001000000000002	0.035001000000000004	1.0	0.4862187108433736	0.25541868987341776
3454	5	0.1308763203991603	0.5980528514557293	0.126001	0.181001	1.0	0.6343287325227963	0.3354208022727273
3455	3	0.1082822593120076	0.4151229379299828	0.11700100000000001	0.221001	1.0	0.6417931397590362	0.3274324101941748
3477	2	0.03414532407760546	0.10226905472430645	0.29800099999999996	0.621001	1.0	0.8296803626882967	0.40614084278959806
3478	9	0.054119793250228025	0.09125638268217905	0.457001	0.949001	1.0	0.9866529783588818	0.4856425373271889
3480	2	0.03067559592973638	0.1575338515835405	0.456001	0.875001	1.0	0.9580970113960113	0.4856425373271889
3483	4	0.0949960244999164	0.37521668112343126	0.20300100000000001	0.31100099999999997	1.0	0.6895849096153845	0.36925141758241753
3484	4	0.07124562989165878	0.22743577964398531	0.35200099999999995	0.650001	1.0	0.8411348518518519	0.43222274014909473
3491	2	0.030743334855261387	0.13758718057910693	0.450001	0.886001	1.0	0.9639134335532518	0.48175594521819864
3509	3	0.09396451077177585	0.45963567164670255	0.20200100000000001	0.35800099999999996	1.0	0.7279985061728393	0.36925141758241753
3510	2	0.18771308684751206	1.2295106320890894	0.001001	0.019001	0.998001	0.4674480135135135	0.0824395
3518	11	0.1196252260325487	0.30734866561007607	0.227001	0.592001	1.0	0.8168819032258064	0.3809783886462882
3520	5	0.11519489675716378	0.29860584765457204	0.158001	0.5620010000000001	1.0	0.798997722564735	0.35323343545279384
3521	2	0.08428908675955324	0.34195383600634466	0.207001	0.5500010000000001	1.0	0.7945782184769039	0.3707980903522205
3522	4	0.09514303393021928	0.3213038628657665	0.215001	0.41300099999999995	1.0	0.7524290344287949	0.3728795126676602
3524	3	0.04774287497399627	0.22751358069331581	0.41500099999999995	0.8100010000000001	1.0	0.9274390794438928	0.463210215876089
3527	4	0.11793069520611707	0.49053251591833447	0.157001	0.34700099999999995	1.0	0.7203683177737881	0.35323343545279384
3530	3	0.019330016456565662	0.035656568303951065	0.403001	0.7870010000000001	1.0	0.9156530302724522	0.4605155133795838
3531	2	0.03198064989380316	0.16791767815046105	0.443001	0.822001	1.0	0.932841686023622	0.47736462897196263
3540	6	0.20002714855665843	0.6676646071853615	0.009000999999999999	0.105001	0.986001	0.610112793721973	0.16738956451612902
3556	16	0.16257655622887118	0.38640235646859333	0.095001	0.34700099999999995	1.0	0.7203683177737881	0.3208381246376812
3566	2	0.09153214136352411	0.40127795815447237	0.193001	0.49500099999999997	1.0	0.7723087320703653	0.36567824110032365
3572	8	0.1262537957542474	0.4477614057034481	0.181001	0.17100100000000001	1.0	0.6256061608832807	0.36484991783216786
3573	11	0.15424218221788633	0.47665407718536296	0.078001	0.158001	1.0	0.6256061608832807	0.30999066557377053
3575	2	0.19702091836612112	1.2186677774809402	0.003001	0.030001	0.989001	0.4674480135135135	0.10812978125
3577	2	0.03432876653956233	0.10335946742935467	0.41400099999999995	0.9250010000000001	1.0	0.9794198476277374	0.46299044907856446
3578	2	0.07707938897908842	0.5594283528434183	0.220001	0.274001	1.0	0.6775131474358974	0.37527857584683355
3579	2	0.04306342299037804	0.17547269028375856	0.383001	0.7960010000000001	1.0	0.9205508054162488	0.45107267926455563
3582	2	0.0888151897045014	0.4251217883108475	0.192001	0.456001	1.0	0.7565023784172662	0.36567824110032365
3584	2	0.1851426605431183	1.0750164172858672	0.001001	0.030001	1.0	0.4674480135135135	0.0824395
3592	3	0.14710785019709507	0.5825342297327839	0.035001000000000004	0.088001	1.0	0.6075757664670659	0.25541868987341776
3595	5	0.0959741574307976	0.24270419063566395	0.259001	0.6730010000000001	1.0	0.856479197571744	0.39658453253652054
3601	2	0.03347256377311706	0.11504941858934202	0.438001	0.900001	1.0	0.9654778373605949	0.475084809971778
3602	2	0.06604019331026731	0.38625103336423716	0.258001	0.455001	1.0	0.7565023784172662	0.39658453253652054
3617	3	0.016201248805346895	0.029377676221772998	0.41400099999999995	0.820001	1.0	0.9314888206896551	0.46299044907856446
3620	2	0.07956748950378675	0.3920452699104697	0.188001	0.43000099999999997	1.0	0.7529456863636363	0.36567824110032365
3632	3	0.060512951701183655	0.2604472858283427	0.389001	0.748001	1.0	0.8928003654244306	0.4544256869300911
3634	5	0.15675496373428724	0.6821725376567084	0.049001	0.120001	1.0	0.6122174911504424	0.27032609090909093
3635	3	0.08326896220745142	0.2116356265710021	0.130001	0.259001	1.0	0.6708852942477875	0.33607881838565024
3636	4	0.13856530521377833	0.6178425805244877	0.040001	0.037001	1.0	0.49415552747252744	0.2620520056818182
3639	2	0.06231572321849651	0.22045196419111787	0.30800099999999997	0.746001	1.0	0.8922605321576763	0.40951511839080457
3649	3	0.07771801651565699	0.358758037599721	0.29500099999999996	0.5430010000000001	1.0	0.793416859848485	0.40614084278959806
3654	10	0.11419085850054073	0.30961990801386113	0.258001	0.463001	1.0	0.7582956718749999	0.39658453253652054
3657	5	0.08318558449216065	0.23376150430981416	0.30900099999999997	0.713001	1.0	0.8811255659163987	0.40951511839080457
3658	2	0.11054790231282355	0.6065327346116421	0.086001	0.218001	1.0	0.641212125	0.3157934808917197
3660	2	0.11276105602621043	0.5254501463514814	0.093001	0.28700099999999995	1.0	0.6828240840163934	0.31913736011904764
3663	2	0.0808946560916789	0.48977804038733486	0.219001	0.335001	1.0	0.7100296930147059	0.37527857584683355
3673	2	0.11054790231282355	0.6239333306414	0.099001	0.210001	1.0	0.641212125	0.32245240960451976
3674	3	0.08592973585854702	0.3110849893737601	0.176001	0.35500099999999996	1.0	0.7277821861702126	0.36302174060822895
3675	2	0.03548652455341353	0.10703508351231353	0.29600099999999996	0.616001	1.0	0.8258711081395348	0.40614084278959806
3677	2	0.11088570817322149	0.6689046528630518	0.100001	0.176001	1.0	0.6263245462962963	0.323879643258427
3682	33	0.15885790119488324	0.47505254628774085	0.169001	0.184001	1.0	0.6348397410714286	0.35819513419117655
3690	4	0.0666016128327892	0.30744672873815765	0.34600099999999995	0.617001	1.0	0.8262510487804879	0.4289668311827956
3693	2	0.04745356249625952	0.2868697002683047	0.37300099999999997	0.629001	1.0	0.8339737692307693	0.4461308641078838
3694	5	0.1279704005864415	0.7589405213414312	0.11700100000000001	0.058001000000000004	1.0	0.5393157500000001	0.3274324101941748
3708	23	0.13439093330703905	0.4795776044773825	0.272001	0.175001	1.0	0.6263245462962963	0.4000218788265306
3714	2	0.01745823133350971	0.04781409624927055	0.41300099999999995	0.8110010000000001	1.0	0.9276628501984128	0.46299044907856446
3721	2	0.08054893237959598	0.3726298116224085	0.217001	0.48200099999999996	1.0	0.7686682614107884	0.3728795126676602
3727	2	0.05575425031402485	0.29609406736150323	0.327001	0.599001	1.0	0.8196696125592416	0.4197393485016648
3730	2	0.14797312509602872	1.0853710211893934	0.036001	0.056001	1.0	0.5343264471544715	0.2562293395061728
3736	12	0.10284212587254903	0.39457803582677015	0.378001	0.451001	1.0	0.7565023784172662	0.4488518568486096
3737	2	0.12081198050254187	0.8860924798565126	0.084001	0.096001	1.0	0.610112793721973	0.3134406245954693
3738	2	0.1794931264766555	1.1898347695614626	0.005001	0.020001	1.0	0.4674480135135135	0.12813673333333334
3739	2	0.07877786902125024	0.5624821783262692	0.224001	0.267001	1.0	0.6752953427331887	0.3781451727672035
3740	2	0.09608858738190842	0.5664130279591417	0.161001	0.258001	1.0	0.6708852942477875	0.35376354734848486
3744	4	0.021929492483673627	0.0792252300721314	0.500001	0.961001	1.0	0.9937526035874439	0.5057027657894737
3752	2	0.0713810735093352	0.45734969817323257	0.269001	0.37300099999999997	1.0	0.7376113686868687	0.3995705281329923
3755	4	0.15606119618330544	0.7324504491715111	0.035001000000000004	0.039001	1.0	0.49415552747252744	0.25541868987341776
3762	3	0.03958649979878874	0.09046841162144142	0.40700099999999995	0.866001	1.0	0.951858105815062	0.4625616057030481
3763	4	0.1091249787160109	0.30251862765300946	0.147001	0.48800099999999996	1.0	0.7697197715458276	0.3461362129817444
3764	2	0.09439001544129001	0.37841249350642386	0.090001	0.176001	1.0	0.6263245462962963	0.31913736011904764
3765	3	0.11054790231282355	0.5279553757596892	0.148001	0.30400099999999997	1.0	0.6868479550781249	0.3461362129817444
3769	2	0.03179771818981258	0.09406858859638233	0.341001	0.6620010000000001	1.0	0.8518829832589286	0.42643617462039046
3773	2	0.09375350050407263	0.43901396256836506	0.157001	0.397001	1.0	0.7524290344287949	0.35323343545279384
3776	4	0.14156620638047163	0.4151510899123181	0.079001	0.455001	1.0	0.7565023784172662	0.30999066557377053
3778	2	0.041877232434878855	0.14728257639329154	0.381001	0.854001	1.0	0.9467914932692308	0.45009646823770494
3786	2	0.13587922306839906	0.6489879038118105	0.020001	0.040001	1.0	0.5013168804347826	0.23061153
3787	3	0.08696546998130582	0.24117165973378948	0.192001	0.507001	1.0	0.7752946326259947	0.36567824110032365
3788	3	0.04169000336048393	0.1930740894784859	0.459001	0.854001	1.0	0.9467914932692308	0.4867528873626374
3792	3	0.07769797221701955	0.4161429998953674	0.275001	0.450001	1.0	0.7565023784172662	0.40180448611111114
3795	2	0.09549949676238689	0.5517044624807279	0.149001	0.276001	1.0	0.6780937430997878	0.3470669757575758
3804	2	0.06945157235150677	0.41102775742115394	0.259001	0.42800099999999996	1.0	0.7529456863636363	0.39658453253652054
3807	2	0.017942329694751468	0.049270348532565636	0.41900099999999996	0.856001	1.0	0.9480971690682037	0.465422112716763
3809	5	0.10411656407220028	0.39669850371814935	0.238001	0.508001	1.0	0.7757949046357616	0.38650021549295777
3810	2	0.10012977539329045	0.41174007659140455	0.082001	0.165001	1.0	0.6256061608832807	0.30999066557377053
3831	13	0.21215817093405517	0.6682028104345187	0.008001	0.028001	0.9120010000000001	0.4674480135135135	0.1618447894736842
3836	2	0.115774109025842	0.9417093786500716	0.069001	0.047001	1.0	0.5113404608695652	0.3071743359073359
3843	4	0.05594994166377975	0.10909057968597213	0.312001	0.745001	1.0	0.8922605321576763	0.4111281748571428
3844	9	0.07400658133044273	0.2506149250331376	0.48100099999999996	0.9110010000000001	1.0	0.9698837977839336	0.4947316262265833
3848	2	0.08101661088720952	0.5678145970865627	0.235001	0.281001	1.0	0.6806599852941176	0.38542838264580365
3856	2	0.00098795977170909	0.0037032891492131542	0.507001	1.0	1.0	1.0	0.5114367042869642
3866	2	0.08726990029254493	0.4550184293583907	0.167001	0.380001	1.0	0.7376113686868687	0.35819513419117655
3869	6	0.09549949676238689	0.2968544480638382	0.28800099999999995	0.699001	1.0	0.8712953005405405	0.4034813523693802
3870	6	0.15303656605511085	0.5839910811625056	0.047001	0.097001	1.0	0.610112793721973	0.26564780882352945
3882	2	0.09158731490822884	0.4057222990776408	0.153001	0.440001	1.0	0.7565023784172662	0.35282030600000003
3883	13	0.11598870237314174	0.2873643508898706	0.259001	0.598001	1.0	0.8196696125592416	0.39658453253652054
3891	2	0.05260313848090263	0.1731590560252373	0.237001	0.47000099999999995	1.0	0.7643316685472495	0.3859634929378531
3894	2	0.04907736350234224	0.19294633207534478	0.36800099999999997	0.762001	1.0	0.8983508721881391	0.44383384205020915
3896	2	0.03990542512142338	0.21803984467738408	0.41300099999999995	0.735001	1.0	0.8901850346638654	0.46299044907856446
3897	2	0.008067786171243811	0.02097496159529719	0.453001	0.9140010000000001	1.0	0.9721800304428044	0.4840687238183503
3899	3	0.10363853408893343	0.3449421470107649	0.168001	0.5620010000000001	1.0	0.798997722564735	0.35819513419117655
3903	2	0.1511642306615191	1.2077685273143683	0.025001000000000002	0.023001	1.0	0.4674480135135135	0.2528609912280702
3915	3	0.14003829490287473	0.7972763444593283	0.054001	0.10100100000000001	1.0	0.610112793721973	0.28173372398190044
3918	2	0.10179332490545306	0.4333628863010811	0.126001	0.404001	1.0	0.7524290344287949	0.3354208022727273
3919	4	0.10282696142456653	0.5704802358495469	0.236001	0.23400100000000001	1.0	0.6439216062052506	0.3859634929378531
3923	3	0.14835069583353339	0.5831014869607712	0.025001000000000002	0.214001	1.0	0.641212125	0.2528609912280702
3925	2	0.08030800284414066	0.5953151748793009	0.204001	0.231001	1.0	0.6417931397590362	0.36925141758241753
3926	2	0.03737367205552762	0.14265519517508365	0.42200099999999996	0.878001	1.0	0.959559386729858	0.4678530317307692
3933	5	0.09279440789154599	0.3141907294881197	0.29100099999999995	0.5520010000000001	1.0	0.7945782184769039	0.4046600396634615
3950	2	0.05502915781688923	0.3268436456178163	0.341001	0.5520010000000001	1.0	0.7945782184769039	0.42643617462039046
3951	4	0.10884558771917872	0.6240176123926169	0.176001	0.17100100000000001	1.0	0.6256061608832807	0.36302174060822895
3952	3	0.08890065464803948	0.4487920979583719	0.246001	0.395001	1.0	0.7524290344287949	0.3917667859116022
3960	2	0.09552640918807256	0.3849091410604402	0.088001	0.185001	1.0	0.6348397410714286	0.31913736011904764
3966	8	0.09678808506826994	0.4574372723196155	0.35800099999999996	0.389001	1.0	0.7438111990049752	0.4363373710359407
3969	2	0.09302177836404979	0.37065673736092164	0.073001	0.164001	1.0	0.6256061608832807	0.3099503691756272
3972	7	0.13751046519720844	0.5707961198769207	0.113001	0.111001	1.0	0.610112793721973	0.32616166997518614
3986	2	0.10231599678968831	0.48416047012583774	0.147001	0.37200099999999997	1.0	0.7376113686868687	0.3461362129817444
3994	2	0.11914607993936319	0.5314682490958652	0.048001	0.094001	1.0	0.6088941179775281	0.269976356097561
3995	2	0.1261482491893255	0.7575077494172953	0.025001000000000002	0.129001	1.0	0.6256061608832807	0.2528609912280702
3999	2	0.0503542801110767	0.16390071710453694	0.28400099999999995	0.587001	1.0	0.8168819032258064	0.4026363284493284
4004	2	0.1040519475697835	0.4352555990210957	0.067001	0.138001	1.0	0.6256061608832807	0.3071743359073359
4006	3	0.09673613556139223	0.5186567679402448	0.133001	0.110001	1.0	0.610112793721973	0.3370333032967033
4007	2	0.06155549046023103	0.31354299091974236	0.28500099999999995	0.5430010000000001	1.0	0.793416859848485	0.4026363284493284
4008	4	0.10505401428564011	0.5145869057952162	0.194001	0.30700099999999997	1.0	0.6873245689320389	0.36567824110032365
4009	2	0.11054790231282355	0.48883281171122844	0.107001	0.41200099999999995	1.0	0.7524290344287949	0.32616166997518614
4010	7	0.12971604013262306	0.5530649108071894	0.113001	0.128001	1.0	0.6256061608832807	0.32616166997518614
4012	3	0.10900039741697322	0.37743982097137296	0.158001	0.5480010000000001	1.0	0.7937753178391961	0.35323343545279384
4020	4	0.14506741844098053	1.0351942266931773	0.056001	0.012001	1.0	0.4674480135135135	0.2882551473214286
4021	2	0.06197250156264317	0.3542034609778443	0.29200099999999996	0.510001	1.0	0.7762637061923584	0.4046600396634615
4022	2	0.0771288584383337	0.3130020745319408	0.240001	0.592001	1.0	0.8168819032258064	0.387551119944212
4024	2	0.0	0.0	1.0	1.0	1.0	1.0	1.0
4025	8	0.0898473195721956	0.2644719350879866	0.41200099999999995	0.900001	1.0	0.9654778373605949	0.46299044907856446
4027	3	0.07920391166249852	0.3286481651864964	0.29200099999999996	0.593001	1.0	0.8168819032258064	0.4046600396634615
4028	2	0.07892384026021723	0.44215429168542086	0.273001	0.462001	1.0	0.7582956718749999	0.4009810866242038
4032	2	0.04119462696354023	0.24272805898230787	0.441001	0.774001	1.0	0.9060133532994924	0.47717898220973776
4035	2	0.16669715475294972	0.9306481879546998	0.014001	0.072001	1.0	0.5804838137931034	0.22421045833333333
4041	3	0.08130500617498393	0.3919457209564017	0.263001	0.443001	1.0	0.7565023784172662	0.3995705281329923
4053	7	0.07544107870158381	0.2810434283007763	0.42500099999999996	0.516001	1.0	0.7792185006535948	0.4689245483253588
4057	4	0.09809288388056446	0.543601655964657	0.268001	0.270001	1.0	0.6752953427331887	0.3995705281329923
4058	3	0.051351623722019846	0.14096618829741234	0.36000099999999996	0.746001	1.0	0.8922605321576763	0.43784931751054845
4061	6	0.20891090487557173	0.6410950174387187	0.003001	0.112001	0.9370010000000001	0.610112793721973	0.10812978125
4062	2	0.1386068508562173	0.7054052741269772	0.047001	0.148001	1.0	0.6256061608832807	0.26564780882352945
4065	2	0.1492692362546038	0.751492792488498	0.018001	0.033001	1.0	0.48164750632911396	0.23061153
4067	3	0.002072778344566102	0.00347294659244406	0.47600099999999995	0.971001	1.0	0.9960535169039145	0.4947316262265833
4070	2	0.04968651718839465	0.26784362285839614	0.36800099999999997	0.6750010000000001	1.0	0.8580773461962514	0.44383384205020915
4071	2	0.10978647591919902	0.7679940685054691	0.096001	0.119001	1.0	0.6122174911504424	0.3208381246376812
4072	2	0.05006308568666978	0.1627147127479741	0.239001	0.47900099999999995	1.0	0.7681337315716272	0.387551119944212
4074	4	0.0908309375143616	0.17919423971620466	0.102001	0.220001	1.0	0.6417931397590362	0.3244812923497268
4078	4	0.09145408004389327	0.1976777932073098	0.172001	0.448001	1.0	0.7565023784172662	0.35927020471014487
4079	5	0.12522737876798035	0.43206975743571363	0.108001	0.442001	1.0	0.7565023784172662	0.32616166997518614
4081	2	0.0638846101383256	0.22228459455043872	0.182001	0.406001	1.0	0.7524290344287949	0.3650521678200692
4083	3	0.08764898412496255	0.3607454192143595	0.180001	0.29100099999999995	1.0	0.6839461983967936	0.36474719332161687
4085	2	0.05947783617937784	0.3116184442424195	0.29800099999999996	0.5430010000000001	1.0	0.793416859848485	0.40614084278959806
4088	2	0.06271826168788767	0.2741860657341061	0.30300099999999996	0.626001	1.0	0.8325019065743946	0.408047908032596
4096	2	0.09008833608317968	0.35427193975719323	0.104001	0.226001	1.0	0.6417931397590362	0.32585095923913043
4101	3	0.12989346750162106	0.4072566525285442	0.063001	0.263001	1.0	0.6708852942477875	0.30141142323651454
4122	2	0.08839120219595512	0.38091492007485117	0.177001	0.456001	1.0	0.7565023784172662	0.3631355035587188
4126	3	0.21599248679874405	1.0179893922857406	0.003001	0.009000999999999999	0.859001	0.4674480135135135	0.10812978125
4133	2	0.04328356616686134	0.1462226453746439	0.405001	0.901001	1.0	0.9654778373605949	0.4609734975320829
4136	11	0.1321478505485587	0.5398810357163288	0.186001	0.110001	1.0	0.610112793721973	0.36567824110032365
4138	2	0.061112207000885044	0.21346235083993284	0.29800099999999996	0.732001	1.0	0.8901850346638654	0.40614084278959806
4230	2	0.056898343195039267	0.2471651744624677	0.339001	0.698001	1.0	0.8709904253246752	0.4257823017429194
4232	2	0.20163437908405205	1.3198460099398082	0.002001	0.025001000000000002	0.979001	0.4674480135135135	0.09228612
4233	2	0.0661269307871606	0.3913642669957007	0.29300099999999996	0.47600099999999995	1.0	0.7681337315716272	0.405558406962785
4235	2	0.0	0.0	1.0	1.0	1.0	1.0	1.0
4237	6	0.06694375424896798	0.17051933138190614	0.443001	0.9300010000000001	1.0	0.9794198476277374	0.47736462897196263
4242	3	0.09331751526195631	0.29374401619666257	0.166001	0.404001	1.0	0.7524290344287949	0.3577554261682243
4243	2	0.03608420422958668	0.12059744304260885	0.40800099999999995	0.894001	1.0	0.9654778373605949	0.4625616057030481
4244	2	0.11264022019170764	0.7686938896547904	0.093001	0.139001	1.0	0.6256061608832807	0.31913736011904764
4248	2	0.09568190577039036	0.4849845664408818	0.169001	0.375001	1.0	0.7376113686868687	0.35819513419117655
4255	2	0.02293495623419584	0.07501072336757206	0.49000099999999996	0.967001	1.0	0.9960535169039145	0.5004173188662533
4259	3	0.058715671642641465	0.15590477244993453	0.396001	0.901001	1.0	0.9654778373605949	0.4570461991991992
4268	7	0.058691971297539364	0.13498226084280576	0.457001	0.833001	1.0	0.9388564545454546	0.4856425373271889
4270	3	0.11078222496395143	0.8753446940328241	0.124001	0.033001	1.0	0.48164750632911396	0.3354208022727273
4279	2	0.11158406810580726	0.4867668634700347	0.105001	0.342001	1.0	0.7156572649727768	0.32616166997518614
4280	4	0.09272517029737704	0.5891807401981388	0.28200099999999995	0.195001	1.0	0.641212125	0.4024098428217821
4281	2	0.04911501325184943	0.25066838221846566	0.35000099999999995	0.6710010000000001	1.0	0.8548775171270718	0.43022510980810225
4282	2	0.022731305212506984	0.1158855758129617	0.437001	0.883001	1.0	0.9639134335532518	0.47444647175141236
4288	4	0.11865088991690485	0.6946593536736958	0.130001	0.098001	1.0	0.610112793721973	0.33607881838565024
4291	2	0.10561287600202826	0.6434883127773664	0.125001	0.200001	1.0	0.641212125	0.3354208022727273
4292	2	0.0876094677830874	0.6312180388292581	0.178001	0.195001	1.0	0.641212125	0.3638921152482269
4298	5	0.09384075273730334	0.44969325827617046	0.317001	0.42200099999999996	1.0	0.7529456863636363	0.41440153401360547
4303	3	0.154106191291546	0.7060606464826745	0.032001	0.137001	1.0	0.6256061608832807	0.25541868987341776
4317	5	0.15665288545696815	0.6992193339468313	0.069001	0.11700100000000001	1.0	0.610112793721973	0.3071743359073359
4321	2	0.08276623052740195	0.4559139208756727	0.244001	0.443001	1.0	0.7565023784172662	0.390198547850208
4325	2	0.08013674784592367	0.3011322313120803	0.115001	0.250001	1.0	0.665707050808314	0.32701504400978
4338	2	0.07257447212677878	0.4848166371149036	0.272001	0.37000099999999997	1.0	0.7376113686868687	0.4000218788265306
4345	3	0.0	0.0	1.0	1.0	1.0	1.0	1.0
4351	3	0.006521825943961897	0.02765847831832634	0.48700099999999996	0.999001	1.0	1.0	0.49867864387211364
4355	3	0.06761804825482766	0.2862496714022118	0.388001	0.752001	1.0	0.896646487073423	0.45371719371196756
4363	6	0.10532282004041682	0.3147216548121858	0.209001	0.399001	1.0	0.7524290344287949	0.3707980903522205
4364	2	0.03319560192849281	0.11292572186202252	0.43500099999999997	0.894001	1.0	0.9654778373605949	0.4738069302544769
4377	5	0.14201516983919915	0.3990093255508199	0.072001	0.323001	1.0	0.7008877166979361	0.3099503691756272
4389	2	0.09861315133244417	0.5292969899764162	0.145001	0.28500099999999995	1.0	0.6828240840163934	0.3461362129817444
4412	2	0.1345738347600448	0.6394011648858775	0.024001	0.051001	1.0	0.5113404608695652	0.2528609912280702
4426	2	0.19860951861060733	1.1973656477081678	0.001001	0.004001	0.986001	0.4193775454545455	0.0824395
4429	2	0.07113448048051943	0.4370047341392164	0.216001	0.375001	1.0	0.7376113686868687	0.3728795126676602
4432	6	0.09643788705573603	0.22771899620086097	0.237001	0.607001	1.0	0.8258711081395348	0.3859634929378531
4433	2	0.09131847772228618	0.3611026261135376	0.102001	0.192001	1.0	0.641212125	0.3244812923497268
4435	2	0.08911549929856563	0.42442407969407153	0.173001	0.391001	1.0	0.7463976043046358	0.35940568108108106
4436	2	0.16342226168980595	0.9715488786936469	0.014001	0.057001	1.0	0.5343264471544715	0.22421045833333333
4440	2	0.1062066752112355	0.6634323389813158	0.112001	0.185001	1.0	0.6348397410714286	0.32616166997518614
4441	2	0.05718419399890774	0.1925647920701583	0.209001	0.406001	1.0	0.7524290344287949	0.3707980903522205
4452	2	0.12955040688876146	0.7652718727152834	0.053001	0.138001	1.0	0.6256061608832807	0.27777342272727273
4455	3	0.05541191084393955	0.21775821226408412	0.34400099999999995	0.5570010000000001	1.0	0.797791494409938	0.4278674789644012
4456	2	0.05032058133326134	0.16376331551052234	0.257001	0.49200099999999997	1.0	0.7712756485753053	0.39658453253652054
4465	2	0.006955798144376864	0.027458177493277256	0.48600099999999996	0.984001	1.0	1.0	0.4980970248888889
4470	2	0.12640752585399406	0.5810437636877546	0.039001	0.072001	1.0	0.5804838137931034	0.2599315202312139
4474	2	0.11984659124247228	0.6182654394298895	0.075001	0.229001	1.0	0.6417931397590362	0.3099503691756272
4480	3	0.13070440562649885	0.8109792693868636	0.067001	0.037001	1.0	0.49415552747252744	0.3071743359073359
4486	2	0.05361652491510477	0.3262985110630061	0.332001	0.587001	1.0	0.8168819032258064	0.42204757772877616
4491	2	0.0925013201901074	0.3677255366501586	0.090001	0.187001	1.0	0.637905778106509	0.31913736011904764
4494	2	0.08570607634326229	0.3304086628116114	0.111001	0.228001	1.0	0.6417931397590362	0.32616166997518614
4498	3	0.06775219307995096	0.2814412623361621	0.342001	0.6860010000000001	1.0	0.8644362327868854	0.42676098809523805
4501	3	0.06073511312993723	0.14560880372128737	0.34800099999999995	0.813001	1.0	0.9281090623762375	0.4295986648822269
4506	2	0.040725431931778	0.12622247228832886	0.30900099999999997	0.571001	1.0	0.805831276621787	0.40951511839080457
4513	2	0.06934883258927516	0.38081780161815476	0.268001	0.48200099999999996	1.0	0.7686682614107884	0.3995705281329923
4514	3	0.08160866086967607	0.5964391118744136	0.34700099999999995	0.218001	1.0	0.641212125	0.4295986648822269
4522	2	0.061550081785083754	0.23406631963488847	0.30800099999999997	0.712001	1.0	0.8808338551502145	0.40951511839080457
4526	3	0.1304951889391568	0.6051619693271487	0.08500100000000001	0.207001	1.0	0.641212125	0.31513232475884245
4539	2	0.12050430611357232	0.5405769166656894	0.037001	0.066001	1.0	0.5679041268656717	0.25855850303030303
4548	4	0.060057657831134065	0.25125892722247317	0.405001	0.815001	1.0	0.9294719614243323	0.4609734975320829
4550	3	0.09793143546003959	0.6715363900169319	0.194001	0.182001	1.0	0.6348397410714286	0.36567824110032365
4551	4	0.08958618293367933	0.5361931810227428	0.328001	0.28800099999999995	1.0	0.6828240840163934	0.4197393485016648
4556	2	0.152848492560996	1.3961557039350634	0.032001	0.014001	1.0	0.4674480135135135	0.25541868987341776
4562	2	0.18165149114805867	1.9171833143285275	0.004001	0.001001	1.0	0.288394125	0.11532882500000001
4567	2	0.07185360623121304	0.29160977803912796	0.269001	0.627001	1.0	0.8328711440092166	0.3995705281329923
4569	2	0.05838220358432897	0.2565396631679276	0.323001	0.6590010000000001	1.0	0.8489700033519554	0.41844961011235954
4573	2	0.08521637324996538	0.48282044283711817	0.185001	0.330001	1.0	0.7059205064935065	0.36567824110032365
4574	2	0.09235152835547217	0.5451553014486507	0.159001	0.263001	1.0	0.6708852942477875	0.35323343545279384
4587	2	0.041249852930933674	0.12819358837969994	0.276001	0.568001	1.0	0.8035646049079754	0.40180448611111114
4589	2	0.0	0.0	1.0	1.0	1.0	1.0	1.0
4596	2	0.10591762368191997	0.44665438559710546	0.079001	0.141001	1.0	0.6256061608832807	0.30999066557377053
4599	5	0.12618665962456863	0.31833021004263073	0.116001	0.527001	1.0	0.7860700556274257	0.32701504400978
4603	2	0.14264472906526654	0.785994200778356	0.033001	0.130001	1.0	0.6256061608832807	0.25541868987341776
4614	2	0.11538169976776143	0.6456659137732881	0.098001	0.197001	1.0	0.641212125	0.32245240960451976
4630	2	0.03741242665844946	0.15460234587238797	0.43200099999999997	0.849001	1.0	0.9457953169082126	0.47257794402277037
4631	2	0.08343734831149023	0.36169160762229946	0.197001	0.48900099999999996	1.0	0.7702433784153006	0.3663583112903226
4633	2	0.08153726340905579	0.43783476883018746	0.208001	0.41700099999999996	1.0	0.7524290344287949	0.3707980903522205
4634	2	0.11838592413095414	0.7133012840112546	0.097001	0.174001	1.0	0.6263245462962963	0.32138549712643677
4640	4	0.0813981658336521	0.4888984099469549	0.29200099999999996	0.29600099999999996	1.0	0.6839461983967936	0.4046600396634615
4652	3	0.06108789779252956	0.15585538939055316	0.36200099999999996	0.895001	1.0	0.9654778373605949	0.43935489789473675
4661	2	0.1401985365989427	0.8266084790112495	0.019001	0.080001	1.0	0.5838047658227848	0.23061153
4666	5	0.14718017697101318	0.48662441027699355	0.081001	0.37200099999999997	1.0	0.7376113686868687	0.30999066557377053
4672	2	0.13786373817377842	0.92317903882845	0.034001	0.065001	1.0	0.5635049097744361	0.25541868987341776
4673	2	0.04492299301563716	0.215595052583056	0.384001	0.727001	1.0	0.8888994199363732	0.45178893163265305
4685	2	0.16263408597504708	1.2045267202176941	0.019001	0.029001000000000002	1.0	0.4674480135135135	0.23061153
4693	3	0.15221421809755603	0.7671466962920831	0.028001	0.080001	1.0	0.5838047658227848	0.25541868987341776
4703	2	0.01999844642618822	0.1042901287777151	0.468001	0.9190010000000001	1.0	0.9765973760368664	0.490996499545041
4731	2	0.024655550399257462	0.07021623715864148	0.339001	0.694001	1.0	0.8678776062906725	0.4257823017429194
4736	3	0.03811349975281811	0.11820453459802326	0.446001	0.9360010000000001	1.0	0.98109923	0.4792536374650512
4745	2	0.1249486592736021	0.6168493823571328	0.059001	0.217001	1.0	0.641212125	0.2906771134453781
4764	2	0.002102112570413716	0.00528402627059838	0.47300099999999995	0.971001	1.0	0.9960535169039145	0.49354764977375565
