row ID,dedup_group_id,group_size,is_group_representative,is_isf_member,isf_root_row_id
1,asid_6547,5,True,True,6547
2,asid_8477,2,False,True,8477
3,asid_7520,6,True,True,587
4,asid_10685,3,False,True,10685
5,asid_1109,4,True,True,1109
6,asid_15256,4,False,True,15256
7,asid_17367,3,False,True,17367
8,asid_11223,5,False,True,11223
9,asid_2,12,False,False,9
10,asid_1408,7,True,True,1408
11,asid_3,13,False,False,11
12,asid_1087,3,False,True,1087
13,asid_5,12,False,False,13
14,asid_22945,4,False,True,22945
15,asid_11187,5,False,True,11187
16,asid_2,12,False,False,16
17,asid_1,1,True,False,17
18,asid_2809,5,False,False,18
19,asid_19,8,False,False,19
20,asid_2,12,True,False,20
21,asid_3,13,False,False,21
22,asid_3,13,True,False,22
23,asid_658,9,False,False,23
24,asid_2299,4,True,True,11449
25,asid_3434,13,False,True,3434
26,asid_6120,9,True,False,26
27,asid_15212,9,False,True,15212
28,asid_6687,4,False,True,6687
29,asid_3296,2,False,True,3296
30,asid_5,12,False,False,30
31,asid_31,10,False,False,31
32,asid_28817,2,False,True,28817
33,asid_2378,8,False,True,2378
34,asid_348,10,False,True,348
35,asid_35,8,False,False,35
36,asid_402,8,False,True,402
37,asid_37,1,True,False,37
38,asid_5,12,False,False,38
39,asid_5360,5,False,True,5360
40,asid_8023,4,True,False,40
41,asid_11943,3,False,True,11943
42,asid_42,4,True,False,42
43,asid_5543,3,False,True,5543
44,asid_74,32,False,False,44
45,asid_62,13,False,False,45
46,asid_46,3,False,False,46
47,asid_3559,12,False,False,47
48,asid_48,3,True,False,48
49,asid_5445,3,False,True,5445
50,asid_74,32,False,False,50
51,asid_51,3,True,False,51
52,asid_29,8,False,True,529
53,asid_28,11,False,False,53
54,asid_168,4,False,False,54
55,asid_55,3,True,False,55
56,asid_86,7,False,False,56
57,asid_841,6,True,False,57
58,asid_10,14,False,False,58
59,asid_553,19,False,False,59
60,asid_11312,3,True,True,11312
61,asid_10,14,False,False,61
62,asid_62,13,False,False,62
63,asid_1347,10,False,True,1347
64,asid_64,14,False,False,64
66,asid_6120,9,False,False,66
67,asid_3559,12,False,False,67
68,asid_4429,2,False,True,4429
69,asid_3055,5,False,True,3055
70,asid_28,11,False,False,70
71,asid_13848,19,True,True,13848
72,asid_72,9,True,False,72
73,asid_13848,19,False,True,13848
74,asid_17473,4,False,True,17473
75,asid_235,20,False,True,235
76,asid_2088,4,False,True,2088
77,asid_658,9,False,False,77
78,asid_35,8,False,True,35
79,asid_223,9,True,False,79
80,asid_15167,3,False,True,15167
81,asid_35860,3,False,True,35860
82,asid_20581,2,False,True,20581
83,asid_341,3,False,True,341
84,asid_787,7,False,True,787
85,asid_62,13,False,True,45
86,asid_86,7,True,False,86
87,asid_87,2,True,False,87
88,asid_43,7,False,True,540
89,asid_21573,3,False,True,21573
90,asid_4825,4,False,True,4825
91,asid_31,10,False,False,91
92,asid_733,3,True,False,92
93,asid_6097,7,False,True,6097
94,asid_3643,6,False,True,3643
95,asid_5902,9,False,False,95
96,asid_170,10,False,False,96
97,asid_43,7,False,False,97
98,asid_3175,4,True,True,3175
99,asid_1689,7,True,False,99
100,asid_100,2,True,False,100
101,asid_9516,2,False,True,9516
102,asid_2,12,False,False,102
103,asid_46,3,False,False,103
105,asid_12031,3,False,True,12031
106,asid_2837,4,True,True,2837
107,asid_107,2,False,False,107
108,asid_5691,2,True,True,5691
109,asid_2809,5,False,False,109
110,asid_4,7,False,False,110
111,asid_111,11,False,False,111
112,asid_24145,4,False,True,24145
113,asid_74,32,False,False,113
114,asid_114,2,True,False,114
115,asid_19,8,False,False,115
116,asid_5738,10,False,False,116
117,asid_8269,2,False,True,8269
118,asid_2904,13,False,True,123
119,asid_5902,9,False,False,119
120,asid_4080,5,False,False,120
121,asid_121,6,False,False,121
122,asid_122,2,True,False,122
123,asid_2904,13,False,False,123
124,asid_2687,4,True,True,958
125,asid_3,13,False,False,125
126,asid_6570,2,False,True,6570
127,asid_9150,2,False,True,9150
128,asid_841,6,False,False,128
129,asid_5769,5,True,True,5769
130,asid_74,32,False,False,130
131,asid_10262,8,False,True,10262
132,asid_553,19,False,False,132
133,asid_158,5,False,True,1007
134,asid_134,6,False,False,134
135,asid_5097,3,False,True,5097
136,asid_136,2,True,False,136
137,asid_189,5,False,True,189
138,asid_138,4,True,False,138
139,asid_139,4,True,False,139
140,asid_214,10,False,True,234
142,asid_10,14,False,False,142
143,asid_2904,13,False,False,143
144,asid_15212,9,False,True,15212
145,asid_145,7,False,False,145
146,asid_5467,6,False,True,5467
147,asid_68,12,False,False,147
148,asid_32,17,False,False,148
149,asid_17881,2,False,True,17881
150,asid_7024,6,False,True,7024
151,asid_606,8,False,True,606
152,asid_152,1,True,False,152
153,asid_10674,2,False,True,10674
154,asid_154,1,True,False,154
155,asid_6120,9,False,False,155
156,asid_10098,2,True,False,156
157,asid_157,2,True,False,157
158,asid_158,5,False,False,158
159,asid_74,32,False,False,159
161,asid_8539,7,False,False,161
162,asid_32,17,False,False,162
163,asid_163,6,False,False,163
164,asid_164,3,False,False,164
165,asid_19723,2,False,True,19723
166,asid_11110,2,False,True,11110
167,asid_86,7,False,False,167
168,asid_168,4,False,False,168
169,asid_2354,3,False,False,169
170,asid_29877,3,False,True,29877
171,asid_19,8,False,True,115
173,asid_6757,5,False,True,6757
174,asid_64,14,False,False,174
176,asid_35,8,False,False,176
177,asid_29,8,False,False,177
178,asid_64,14,True,False,178
179,asid_179,7,False,False,179
180,asid_5843,3,False,True,5843
181,asid_181,1,True,False,181
182,asid_182,5,False,False,182
184,asid_4030,2,True,True,4030
185,asid_185,2,True,False,185
186,asid_32407,2,True,True,36290
187,asid_168,4,False,False,187
189,asid_189,5,False,False,189
190,asid_203,10,False,False,190
191,asid_191,1,True,False,191
192,asid_192,1,True,False,192
193,asid_193,11,False,False,193
194,asid_40450,7,False,False,194
195,asid_223,9,False,False,195
196,asid_14821,3,False,True,14821
197,asid_5,12,False,False,197
198,asid_3559,12,False,True,47
199,asid_4080,5,False,False,199
200,asid_32,17,False,False,200
202,asid_202,4,True,False,202
203,asid_203,10,False,False,203
204,asid_6120,9,False,False,204
205,asid_326,7,True,False,205
206,asid_651,15,False,False,206
207,asid_62,13,False,False,207
208,asid_8539,7,False,False,208
209,asid_209,2,True,False,209
210,asid_5467,6,False,True,5467
212,asid_212,2,False,False,212
213,asid_213,2,True,False,213
214,asid_214,10,False,False,214
215,asid_74,32,False,False,215
216,asid_3559,12,False,False,216
218,asid_7587,4,False,True,7587
219,asid_41,4,False,False,219
221,asid_17515,2,False,True,17515
222,asid_222,10,False,False,222
223,asid_223,9,False,False,223
224,asid_62,13,False,False,224
225,asid_225,3,True,False,225
226,asid_226,5,False,False,226
227,asid_954,5,True,True,954
228,asid_6695,8,True,True,6695
229,asid_34,5,True,False,229
230,asid_230,3,True,False,230
231,asid_231,8,False,False,231
232,asid_26938,5,False,True,26938
233,asid_233,6,True,False,233
234,asid_214,10,False,False,234
235,asid_235,20,False,False,235
236,asid_28,11,False,False,236
238,asid_64,14,False,False,238
239,asid_42,4,False,False,239
240,asid_240,15,False,False,240
241,asid_13848,19,False,True,13848
242,asid_86,7,False,False,242
243,asid_68,12,False,True,147
244,asid_49,12,False,False,244
245,asid_49,12,False,True,349
246,asid_2,12,False,False,246
247,asid_247,2,False,False,247
249,asid_221,3,True,False,249
250,asid_250,1,True,False,250
251,asid_561,4,False,False,251
252,asid_252,1,True,False,252
253,asid_253,3,True,False,253
254,asid_10098,2,False,False,254
255,asid_51,3,False,False,255
256,asid_256,3,True,False,256
257,asid_114,2,False,False,257
258,asid_117,8,False,False,258
259,asid_259,1,True,False,259
261,asid_2103,3,True,True,2103
262,asid_3559,12,False,False,262
263,asid_263,1,True,False,263
264,asid_39,7,False,False,264
265,asid_30686,2,False,True,30686
266,asid_68,12,False,False,266
267,asid_28,11,False,False,267
268,asid_3,13,False,False,268
269,asid_22945,4,False,True,22945
271,asid_2904,13,False,False,271
272,asid_272,2,True,False,272
273,asid_273,6,False,False,273
274,asid_274,10,False,False,274
275,asid_658,9,False,False,275
276,asid_276,4,True,False,276
277,asid_277,2,False,False,277
278,asid_202,4,False,False,278
280,asid_1689,7,False,False,280
281,asid_1320,5,False,False,281
282,asid_136,2,False,False,282
283,asid_134,6,False,False,283
284,asid_52,3,True,False,284
285,asid_348,10,True,True,348
286,asid_286,3,True,False,286
287,asid_2492,7,True,True,2492
288,asid_19726,3,False,True,19726
289,asid_74,32,False,False,289
290,asid_290,3,True,False,290
291,asid_291,1,True,False,291
292,asid_292,7,False,False,292
293,asid_138,4,False,False,293
294,asid_294,6,False,False,294
295,asid_8726,3,True,True,8726
296,asid_20964,2,True,False,296
297,asid_409,6,False,False,297
298,asid_30151,4,False,False,298
299,asid_299,2,True,False,299
300,asid_300,1,True,False,300
301,asid_4080,5,True,True,120
302,asid_1429,3,False,True,1429
303,asid_8653,2,True,True,8653
304,asid_72,9,False,False,304
305,asid_305,5,False,False,305
306,asid_170,10,False,True,96
307,asid_170,10,False,False,307
308,asid_308,2,True,False,308
309,asid_35715,2,False,True,35715
310,asid_388,6,False,False,310
311,asid_311,3,True,False,311
312,asid_312,2,True,False,312
313,asid_313,1,True,False,313
315,asid_68,12,False,False,315
316,asid_316,4,True,False,316
317,asid_26904,7,False,True,26904
318,asid_318,2,True,False,318
319,asid_274,10,False,True,274
320,asid_49,12,False,False,320
321,asid_16376,3,False,True,16376
322,asid_5902,9,False,False,322
323,asid_651,15,False,False,323
324,asid_9484,5,True,False,324
325,asid_145,7,False,False,325
326,asid_326,7,False,False,326
327,asid_857,3,False,False,327
328,asid_4071,3,False,True,4071
329,asid_329,3,True,False,329
330,asid_330,3,True,False,330
331,asid_331,8,False,False,331
332,asid_332,3,True,False,332
333,asid_20137,3,False,True,20137
334,asid_28976,3,True,False,334
335,asid_4926,2,True,False,335
336,asid_11030,2,True,True,11030
337,asid_337,3,True,False,337
339,asid_3434,13,False,True,3434
340,asid_22689,3,True,False,340
341,asid_341,3,True,False,341
342,asid_964,3,False,False,342
343,asid_5738,10,False,False,343
345,asid_345,3,True,False,345
346,asid_5466,8,True,True,1231
347,asid_5738,10,True,True,116
348,asid_348,10,False,False,348
349,asid_49,12,False,False,349
351,asid_351,3,True,False,351
354,asid_117,8,False,False,354
355,asid_355,3,True,False,355
356,asid_6732,2,False,True,6732
357,asid_357,2,True,False,357
358,asid_358,3,True,False,358
359,asid_8023,4,False,True,8023
360,asid_11745,4,True,True,11745
361,asid_9169,3,False,True,9169
362,asid_5738,10,False,False,362
363,asid_179,7,False,False,363
364,asid_364,3,True,False,364
366,asid_5,12,False,False,366
367,asid_69,6,True,True,573
368,asid_368,2,True,False,368
370,asid_12683,4,True,True,12683
371,asid_14882,6,True,False,371
372,asid_372,2,True,False,372
373,asid_76,15,False,False,373
374,asid_374,2,True,False,374
375,asid_64,14,False,False,375
376,asid_43,7,False,False,376
377,asid_14176,2,False,True,14176
378,asid_3036,3,False,True,3036
379,asid_379,1,True,False,379
380,asid_7731,3,True,True,7731
381,asid_9253,4,True,False,381
382,asid_212,2,True,False,382
383,asid_235,20,False,True,235
384,asid_15212,9,False,True,15212
385,asid_385,5,True,False,385
386,asid_7484,2,False,False,386
387,asid_387,1,True,False,387
388,asid_388,6,False,False,388
389,asid_596,8,False,False,389
391,asid_8188,2,False,False,391
392,asid_19,8,False,False,392
393,asid_393,2,True,False,393
394,asid_817,6,True,False,394
395,asid_2372,5,False,True,2372
396,asid_69,6,False,False,396
399,asid_2361,7,True,False,399
400,asid_89,5,False,False,400
401,asid_401,3,True,False,401
402,asid_402,8,True,False,402
403,asid_1242,18,False,False,403
404,asid_18909,4,True,False,404
405,asid_17222,2,False,True,17222
406,asid_7824,10,False,False,406
407,asid_407,6,False,False,407
408,asid_408,3,True,False,408
409,asid_409,6,True,False,409
410,asid_410,2,True,False,410
411,asid_411,9,True,False,411
412,asid_40450,7,False,False,412
413,asid_2126,7,False,True,10621
414,asid_186,2,True,False,414
416,asid_2420,3,True,True,2420
417,asid_417,2,True,False,417
418,asid_418,4,True,False,418
419,asid_311,3,False,True,311
420,asid_8300,2,True,True,8300
421,asid_31,10,False,False,421
422,asid_6130,2,True,True,6130
424,asid_37681,4,False,False,424
425,asid_425,2,True,False,425
427,asid_427,6,False,False,427
428,asid_428,4,True,False,428
429,asid_133,11,True,False,429
430,asid_330,3,False,False,430
431,asid_11360,2,True,True,11360
432,asid_432,3,True,False,432
433,asid_10230,4,False,False,433
435,asid_435,3,True,False,435
436,asid_436,2,True,False,436
437,asid_437,4,False,False,437
438,asid_222,10,False,False,438
439,asid_2904,13,False,False,439
440,asid_440,1,True,False,440
441,asid_441,2,True,False,441
443,asid_443,1,True,False,443
444,asid_444,2,True,False,444
445,asid_31,10,False,False,445
447,asid_21913,3,False,True,21913
448,asid_448,2,True,False,448
450,asid_450,7,False,False,450
451,asid_4080,5,False,False,451
454,asid_1353,5,False,False,454
455,asid_39,7,False,False,455
456,asid_4258,2,True,True,4258
458,asid_458,1,True,False,458
459,asid_5097,3,True,True,5097
461,asid_7040,1,True,False,461
462,asid_462,10,False,False,462
463,asid_84,2,True,False,463
464,asid_1242,18,False,False,464
465,asid_231,8,False,False,465
466,asid_326,7,False,False,466
467,asid_17408,5,False,False,467
469,asid_469,4,False,False,469
471,asid_3624,2,True,True,3624
473,asid_473,3,True,False,473
474,asid_474,2,True,False,474
475,asid_93,6,True,True,1077
477,asid_121,6,False,False,477
478,asid_4053,7,False,False,478
479,asid_231,8,False,False,479
480,asid_480,1,True,False,480
481,asid_4935,2,True,False,481
482,asid_10,14,False,False,482
483,asid_483,3,True,False,483
484,asid_45737,3,False,False,484
485,asid_485,4,True,False,485
486,asid_486,4,True,False,486
487,asid_640,6,True,False,487
489,asid_489,2,True,False,489
490,asid_490,1,True,False,490
491,asid_83,2,True,False,491
492,asid_2331,4,False,False,492
493,asid_64,14,False,False,493
495,asid_495,1,True,False,495
496,asid_150,4,True,False,496
498,asid_256,3,False,True,256
499,asid_499,2,True,False,499
500,asid_500,1,True,False,500
501,asid_501,6,False,False,501
502,asid_4731,3,False,True,4731
503,asid_14618,11,False,False,503
504,asid_504,4,True,False,504
505,asid_505,5,True,False,505
508,asid_561,4,False,False,508
509,asid_509,4,True,False,509
510,asid_163,6,False,True,2205
511,asid_511,4,True,False,511
512,asid_6648,4,True,True,6648
513,asid_223,9,False,False,513
514,asid_9325,2,False,True,9325
515,asid_515,5,True,False,515
516,asid_516,4,True,False,516
517,asid_1168,5,True,False,517
518,asid_17473,4,False,True,17473
520,asid_1320,5,False,False,520
521,asid_10935,5,False,True,10935
522,asid_522,8,True,False,522
523,asid_164,3,True,False,523
524,asid_524,5,True,False,524
526,asid_1365,2,True,False,526
527,asid_223,9,False,False,527
528,asid_553,19,False,False,528
529,asid_29,8,False,False,529
531,asid_9253,4,False,False,531
532,asid_532,2,False,False,532
533,asid_450,7,False,False,533
534,asid_2,12,False,False,534
536,asid_4125,6,True,True,4125
537,asid_537,2,True,False,537
538,asid_74,32,False,False,538
539,asid_140,1,True,False,539
540,asid_43,7,False,False,540
541,asid_10,14,False,False,541
542,asid_542,3,True,False,542
543,asid_14207,3,True,True,14207
544,asid_544,4,True,False,544
545,asid_545,6,True,False,545
546,asid_6097,7,True,True,6097
547,asid_547,3,True,False,547
548,asid_548,3,True,False,548
549,asid_549,8,True,False,549
550,asid_3175,4,False,True,3175
552,asid_2016,3,False,False,552
553,asid_3434,13,False,True,3434
554,asid_554,2,True,False,554
555,asid_5377,3,False,False,555
556,asid_4022,3,True,False,556
557,asid_557,3,False,False,557
558,asid_28632,4,False,True,28632
559,asid_559,2,False,False,559
561,asid_561,4,True,False,561
562,asid_562,9,False,False,562
563,asid_5902,9,False,True,119
564,asid_407,6,True,False,564
566,asid_788,5,True,False,566
568,asid_40450,7,False,False,568
570,asid_570,2,True,False,570
572,asid_572,1,True,False,572
573,asid_69,6,False,False,573
575,asid_74,32,False,False,575
576,asid_9379,2,False,True,9379
577,asid_29,8,False,False,577
578,asid_578,2,True,False,578
579,asid_579,3,False,False,579
580,asid_580,2,False,False,580
581,asid_121,6,True,True,121
582,asid_274,10,True,True,790
583,asid_5471,3,False,False,583
584,asid_584,2,True,False,584
586,asid_586,3,False,False,586
587,asid_7520,6,False,False,587
589,asid_1381,2,True,False,589
590,asid_2808,3,False,False,590
591,asid_591,5,False,False,591
592,asid_592,1,True,False,592
593,asid_89,5,False,False,593
594,asid_276,4,False,False,594
595,asid_19609,3,True,False,595
596,asid_596,8,True,False,596
597,asid_5549,3,True,True,5549
598,asid_3434,13,False,True,3434
599,asid_599,5,True,False,599
600,asid_2361,7,False,False,600
601,asid_601,3,True,False,601
602,asid_55,3,False,False,602
603,asid_603,2,True,False,603
604,asid_604,2,True,False,604
605,asid_189,5,False,True,189
606,asid_606,8,False,False,606
607,asid_145,7,False,False,607
608,asid_608,4,True,False,608
610,asid_163,6,False,False,610
612,asid_612,2,False,False,612
614,asid_614,4,True,False,614
616,asid_616,12,False,False,616
617,asid_617,2,True,False,617
618,asid_7189,2,True,True,7189
619,asid_619,2,True,False,619
620,asid_620,3,True,False,620
621,asid_621,7,False,False,621
622,asid_881,6,True,False,622
623,asid_231,8,False,False,623
624,asid_624,4,False,False,624
625,asid_625,2,False,False,625
626,asid_245,1,True,False,626
627,asid_292,7,True,False,627
629,asid_32,17,False,False,629
630,asid_630,1,True,False,630
631,asid_5880,2,True,True,5880
632,asid_632,2,True,False,632
633,asid_5596,3,True,True,7859
634,asid_3,13,False,False,634
635,asid_635,2,True,False,635
636,asid_636,1,True,False,636
637,asid_288,2,False,False,637
638,asid_638,2,True,False,638
640,asid_640,6,False,False,640
641,asid_18157,2,False,True,18157
642,asid_1064,6,True,False,642
643,asid_1846,4,True,False,643
645,asid_182,5,True,False,645
646,asid_409,6,False,False,646
647,asid_62,13,False,False,647
648,asid_648,2,True,False,648
650,asid_650,2,True,False,650
651,asid_651,15,False,False,651
652,asid_7824,10,True,False,652
653,asid_20057,6,False,False,653
655,asid_655,1,True,False,655
657,asid_163,6,False,False,657
658,asid_658,9,False,False,658
659,asid_221,3,False,False,659
660,asid_660,7,False,False,660
662,asid_13687,4,False,True,13687
663,asid_15779,3,True,False,663
664,asid_32,17,False,False,664
666,asid_666,2,False,False,666
667,asid_667,2,False,False,667
669,asid_669,2,True,False,669
670,asid_670,2,True,False,670
671,asid_133,11,False,True,682
672,asid_2682,6,True,False,672
674,asid_545,6,False,False,674
676,asid_676,3,True,False,676
677,asid_12288,6,False,True,3345
678,asid_2381,5,False,False,678
679,asid_679,2,True,False,679
680,asid_680,5,False,False,680
681,asid_764,2,False,False,681
682,asid_133,11,False,False,682
683,asid_10929,5,True,True,33818
684,asid_3476,5,False,True,3476
685,asid_685,4,False,False,685
686,asid_151,2,True,False,686
687,asid_48,3,False,False,687
688,asid_688,2,True,False,688
689,asid_76,15,False,False,689
690,asid_690,7,True,False,690
694,asid_5716,4,True,True,5716
697,asid_170,10,False,False,697
698,asid_698,2,True,False,698
699,asid_964,3,False,False,699
700,asid_4721,6,False,True,4721
701,asid_701,4,False,False,701
702,asid_505,5,False,False,702
704,asid_3131,6,True,True,3131
705,asid_74,32,False,False,705
706,asid_2904,13,False,False,706
707,asid_707,3,True,False,707
708,asid_591,5,False,False,708
709,asid_709,6,False,False,709
711,asid_711,2,True,False,711
712,asid_7794,4,True,False,712
713,asid_713,5,False,False,713
714,asid_126,8,False,False,714
715,asid_348,10,False,False,715
716,asid_1284,3,True,True,3268
717,asid_717,3,True,False,717
718,asid_718,2,True,False,718
719,asid_505,5,False,False,719
720,asid_326,7,False,False,720
721,asid_721,1,True,False,721
722,asid_64,14,False,False,722
724,asid_724,1,True,False,724
725,asid_247,2,True,False,725
726,asid_32,17,False,False,726
727,asid_13733,1,True,False,727
728,asid_728,4,False,False,728
729,asid_729,2,True,False,729
730,asid_730,4,False,False,730
731,asid_473,3,False,False,731
732,asid_732,1,True,False,732
733,asid_733,3,False,False,733
734,asid_734,3,True,False,734
735,asid_735,2,True,False,735
736,asid_93,6,False,False,736
737,asid_737,1,True,False,737
738,asid_18098,2,True,False,738
739,asid_2289,6,False,False,739
740,asid_740,1,True,False,740
741,asid_9512,1,True,False,741
742,asid_10388,2,False,True,10388
743,asid_13779,2,True,True,13779
744,asid_744,1,True,False,744
745,asid_745,1,True,False,745
746,asid_746,1,True,False,746
747,asid_13848,19,False,True,13848
748,asid_748,1,True,False,748
749,asid_749,4,True,False,749
750,asid_750,1,True,False,750
751,asid_651,15,False,True,323
752,asid_7500,3,False,True,7500
754,asid_754,4,False,False,754
755,asid_1224,12,False,False,755
756,asid_756,1,True,False,756
757,asid_9197,3,True,True,1682
758,asid_758,2,True,False,758
760,asid_44822,3,False,True,44822
761,asid_60,1,True,False,761
762,asid_357,2,False,False,762
763,asid_763,2,True,False,763
764,asid_764,2,True,False,764
765,asid_765,3,True,False,765
766,asid_253,3,False,False,766
767,asid_5383,10,True,False,767
770,asid_222,10,False,False,770
771,asid_14882,6,False,False,771
772,asid_364,3,False,False,772
773,asid_773,1,True,False,773
775,asid_2397,3,True,True,2397
776,asid_209,2,False,False,776
777,asid_214,10,False,False,777
779,asid_7129,4,False,True,7129
780,asid_402,8,False,False,780
781,asid_133,11,False,False,781
782,asid_3878,3,True,True,3878
783,asid_13710,5,False,False,783
784,asid_214,10,False,False,784
785,asid_32,17,True,True,4383
786,asid_3962,4,True,True,3962
787,asid_787,7,False,False,787
788,asid_788,5,False,False,788
789,asid_789,4,True,False,789
790,asid_274,10,False,False,790
792,asid_792,6,False,False,792
793,asid_793,2,True,False,793
794,asid_7939,4,False,True,7939
795,asid_795,3,True,False,795
796,asid_225,3,False,False,796
797,asid_411,9,False,False,797
799,asid_203,10,False,False,799
800,asid_800,1,True,False,800
801,asid_31,10,False,False,801
802,asid_3532,8,True,False,802
805,asid_805,1,True,False,805
806,asid_14006,6,False,True,14006
807,asid_807,3,False,False,807
809,asid_514,3,False,True,4391
810,asid_3476,5,True,True,3476
811,asid_811,5,True,False,811
812,asid_18672,4,False,False,812
813,asid_4125,6,False,False,813
814,asid_485,4,False,False,814
816,asid_816,5,False,False,816
817,asid_1980,4,False,True,1980
818,asid_553,19,False,False,818
820,asid_5466,8,False,True,10682
821,asid_821,3,True,False,821
822,asid_15555,1,True,False,822
823,asid_286,3,False,False,823
824,asid_13848,19,False,True,13848
825,asid_825,2,True,False,825
826,asid_826,5,False,False,826
827,asid_312,2,False,False,827
828,asid_828,1,True,False,828
829,asid_5560,5,False,True,7492
832,asid_14075,4,False,True,14075
833,asid_26878,2,False,True,26878
835,asid_2715,6,False,False,835
836,asid_836,3,True,False,836
837,asid_46,3,True,True,46
838,asid_838,1,True,False,838
840,asid_840,2,True,False,840
841,asid_841,6,False,False,841
842,asid_842,2,True,False,842
843,asid_7582,3,True,False,843
844,asid_411,9,False,False,844
845,asid_845,1,True,False,845
846,asid_31011,6,True,True,31011
847,asid_847,1,True,False,847
848,asid_345,3,False,False,848
849,asid_22189,5,True,False,849
850,asid_1831,10,False,False,850
851,asid_4,7,False,False,851
852,asid_4230,4,True,True,4230
853,asid_853,8,False,False,853
854,asid_690,7,False,False,854
855,asid_316,4,False,False,855
857,asid_857,3,False,False,857
858,asid_413,2,True,False,858
860,asid_860,2,True,False,860
861,asid_861,4,True,False,861
862,asid_2904,13,False,False,862
863,asid_274,10,False,False,863
864,asid_11147,3,False,True,11147
865,asid_596,8,False,False,865
866,asid_1431,3,False,True,1431
867,asid_867,2,True,False,867
868,asid_4333,4,False,False,868
869,asid_869,3,False,False,869
872,asid_872,6,False,False,872
873,asid_873,1,True,False,873
874,asid_580,2,True,False,874
875,asid_447,4,True,False,875
876,asid_1123,3,False,False,876
877,asid_877,2,True,False,877
879,asid_879,2,True,False,879
880,asid_1787,4,False,False,880
881,asid_3060,4,False,True,3060
883,asid_409,6,False,False,883
885,asid_885,1,True,False,885
886,asid_319,1,True,False,886
887,asid_887,3,True,False,887
890,asid_890,6,False,False,890
891,asid_544,4,False,False,891
892,asid_892,2,True,False,892
893,asid_12903,4,True,True,12903
894,asid_894,2,False,False,894
895,asid_895,4,False,False,895
896,asid_333,1,True,False,896
898,asid_8614,4,True,True,8614
899,asid_899,6,False,False,899
900,asid_7209,2,False,True,7209
901,asid_901,2,True,False,901
902,asid_233,6,False,False,902
903,asid_1828,12,False,False,903
904,asid_13036,2,False,True,13036
905,asid_905,2,False,False,905
906,asid_906,2,True,False,906
908,asid_26904,7,False,True,26904
909,asid_909,2,True,False,909
910,asid_910,4,True,False,910
911,asid_3235,4,True,False,911
913,asid_553,19,False,False,913
914,asid_117,8,False,False,914
915,asid_915,5,False,False,915
916,asid_916,2,True,False,916
917,asid_273,6,True,False,917
918,asid_918,7,True,False,918
919,asid_698,2,False,False,919
920,asid_10230,4,True,False,920
924,asid_924,1,True,False,924
925,asid_68,12,False,False,925
926,asid_308,2,False,False,926
928,asid_321,2,True,False,928
929,asid_407,6,False,False,929
930,asid_358,3,False,False,930
932,asid_6120,9,False,False,932
933,asid_230,3,False,False,933
934,asid_934,1,True,False,934
935,asid_935,1,True,False,935
936,asid_30276,4,True,False,936
937,asid_937,2,True,False,937
938,asid_14670,2,False,True,14670
939,asid_816,5,True,True,816
940,asid_940,1,True,False,940
941,asid_941,1,True,False,941
942,asid_942,2,False,False,942
943,asid_13848,19,False,True,13848
944,asid_74,32,False,False,944
945,asid_15752,2,True,False,945
946,asid_983,5,False,False,946
947,asid_890,6,False,False,947
948,asid_13785,2,True,True,13785
949,asid_240,15,False,False,949
950,asid_950,1,True,False,950
953,asid_953,5,False,False,953
954,asid_954,5,False,False,954
955,asid_955,5,True,False,955
956,asid_4470,3,False,False,956
958,asid_2687,4,False,False,958
961,asid_961,3,True,False,961
963,asid_5,12,False,False,963
965,asid_2765,2,False,True,2765
966,asid_17130,2,True,False,966
967,asid_967,1,True,False,967
968,asid_74,32,False,False,968
969,asid_1100,5,True,False,969
970,asid_970,3,True,False,970
971,asid_1069,7,True,True,1458
973,asid_3559,12,False,False,973
974,asid_974,2,True,False,974
975,asid_231,8,False,False,975
976,asid_976,3,False,False,976
977,asid_977,9,False,False,977
979,asid_4605,3,False,True,4605
980,asid_980,1,True,False,980
981,asid_46427,8,True,True,46427
982,asid_7067,2,True,True,7067
983,asid_16688,2,False,True,16688
986,asid_986,2,True,False,986
987,asid_987,1,True,False,987
988,asid_232,10,False,False,988
989,asid_504,4,False,False,989
990,asid_1689,7,False,False,990
991,asid_8539,7,False,True,8539
992,asid_992,3,True,False,992
993,asid_13789,2,True,False,993
994,asid_28976,3,False,False,994
995,asid_4053,7,True,True,4053
996,asid_294,6,False,True,294
997,asid_13848,19,False,True,13848
998,asid_998,2,True,False,998
999,asid_11757,3,True,False,999
1000,asid_1000,2,True,False,1000
1001,asid_4731,3,False,True,4731
1002,asid_1002,7,True,False,1002
1003,asid_138,4,False,False,1003
1006,asid_1006,2,True,False,1006
1007,asid_158,5,False,False,1007
1008,asid_579,3,True,False,1008
1009,asid_6685,3,False,True,6685
1010,asid_1010,2,True,False,1010
1011,asid_1101,3,True,True,1101
1012,asid_10688,3,True,False,1012
1013,asid_3219,3,True,False,1013
1014,asid_1014,2,True,False,1014
1015,asid_6927,2,True,True,6927
1016,asid_86,7,False,False,1016
1017,asid_7129,4,False,True,7129
1018,asid_2327,2,True,False,1018
1019,asid_1019,6,False,False,1019
1020,asid_4721,6,True,True,4721
1021,asid_1021,2,True,False,1021
1022,asid_1022,4,True,False,1022
1023,asid_1023,3,True,False,1023
1025,asid_1025,1,True,False,1025
1027,asid_18909,4,False,False,1027
1028,asid_3802,4,False,False,1028
1030,asid_1030,5,False,False,1030
1031,asid_347,1,True,False,1031
1032,asid_3559,12,True,True,47
1033,asid_509,4,False,False,1033
1034,asid_1034,2,True,False,1034
1035,asid_1035,2,True,False,1035
1036,asid_4053,7,False,True,4053
1037,asid_1037,3,True,False,1037
1038,asid_374,2,False,True,374
1039,asid_1039,5,False,False,1039
1040,asid_5562,3,False,True,5562
1041,asid_29,8,False,True,177
1042,asid_3722,2,True,False,1042
1043,asid_1043,6,False,False,1043
1044,asid_11185,3,False,True,11185
1045,asid_1045,2,True,False,1045
1046,asid_504,4,False,False,1046
1047,asid_8774,6,False,False,1047
1048,asid_126,8,False,False,1048
1049,asid_1547,6,False,False,1049
1051,asid_6319,4,True,False,1051
1052,asid_3492,3,True,False,1052
1053,asid_1053,2,True,False,1053
1054,asid_1054,2,True,False,1054
1055,asid_606,8,False,False,1055
1056,asid_1056,2,True,False,1056
1057,asid_616,12,False,True,616
1058,asid_2350,3,True,True,2350
1059,asid_1059,2,True,False,1059
1060,asid_1060,2,True,False,1060
1062,asid_1062,1,True,False,1062
1063,asid_1236,3,True,False,1063
1064,asid_1064,6,False,False,1064
1065,asid_329,3,False,False,1065
1066,asid_1066,2,True,False,1066
1067,asid_2814,5,True,False,1067
1068,asid_202,4,False,True,202
1069,asid_1069,7,False,False,1069
1070,asid_355,3,False,False,1070
1071,asid_1071,1,True,False,1071
1072,asid_1072,3,True,False,1072
1073,asid_1073,3,True,False,1073
1074,asid_16487,5,True,True,16487
1076,asid_38488,2,True,False,1076
1077,asid_93,6,False,False,1077
1078,asid_1078,1,True,False,1078
1079,asid_1079,3,True,False,1079
1080,asid_1376,3,True,False,1080
1081,asid_3404,12,False,True,9964
1082,asid_9219,2,False,False,1082
1083,asid_9913,2,False,True,9913
1084,asid_1084,7,True,False,1084
1085,asid_1085,4,True,False,1085
1086,asid_1086,1,True,False,1086
1087,asid_1087,3,False,False,1087
1088,asid_49,12,False,False,1088
1089,asid_1059,2,False,False,1089
1090,asid_1090,4,True,False,1090
1092,asid_62,13,False,False,1092
1093,asid_1093,2,True,False,1093
1095,asid_68,12,False,True,147
1096,asid_24145,4,False,True,24145
1097,asid_1097,2,True,False,1097
1098,asid_1098,3,True,False,1098
1099,asid_28725,7,False,False,1099
1100,asid_20458,2,False,True,20458
1101,asid_1101,3,False,False,1101
1102,asid_223,9,False,False,1102
1103,asid_1103,1,True,False,1103
1104,asid_274,10,False,False,1104
1105,asid_1105,2,True,False,1105
1106,asid_1106,3,True,False,1106
1107,asid_39294,4,False,True,39294
1109,asid_1109,4,False,False,1109
1110,asid_144,3,False,False,1110
1111,asid_1111,1,True,False,1111
1112,asid_1112,2,True,False,1112
1113,asid_557,3,True,False,1113
1114,asid_41,4,True,False,1114
1115,asid_735,2,False,False,1115
1117,asid_1117,1,True,False,1117
1118,asid_4022,3,False,False,1118
1120,asid_32,17,False,False,1120
1121,asid_6339,2,True,True,6339
1122,asid_1122,3,True,False,1122
1123,asid_1123,3,True,False,1123
1124,asid_6342,3,True,True,3552
1125,asid_4854,4,False,False,1125
1126,asid_1126,1,True,False,1126
1127,asid_428,4,False,False,1127
1128,asid_1674,2,False,True,1674
1130,asid_86,7,False,False,1130
1131,asid_1131,1,True,False,1131
1132,asid_1132,3,True,False,1132
1133,asid_1133,1,True,False,1133
1134,asid_17054,2,False,True,17054
1136,asid_1136,1,True,False,1136
1137,asid_1137,2,True,False,1137
1138,asid_1138,1,True,False,1138
1140,asid_1140,2,True,False,1140
1141,asid_1141,6,False,False,1141
1142,asid_1831,10,False,False,1142
1143,asid_49,12,False,False,1143
1144,asid_1168,5,False,False,1144
1145,asid_1145,5,True,False,1145
1146,asid_52,3,False,False,1146
1148,asid_955,5,False,True,955
1149,asid_1149,2,True,False,1149
1150,asid_19,8,False,False,1150
1151,asid_1151,1,True,False,1151
1152,asid_49,12,False,True,320
1153,asid_305,5,True,False,1153
1156,asid_1156,2,True,False,1156
1157,asid_1157,1,True,False,1157
1158,asid_1123,3,False,False,1158
1159,asid_1159,3,True,False,1159
1160,asid_1160,1,True,False,1160
1163,asid_1163,1,True,False,1163
1164,asid_635,2,False,False,1164
1165,asid_501,6,False,False,1165
1167,asid_787,7,False,True,787
1168,asid_1168,5,False,False,1168
1169,asid_10929,5,False,True,10929
1170,asid_1170,4,True,False,1170
1171,asid_22689,3,False,False,1171
1172,asid_1172,1,True,False,1172
1173,asid_1258,6,False,False,1173
1174,asid_1174,6,True,False,1174
1175,asid_1175,1,True,False,1175
1178,asid_7341,5,True,False,1178
1179,asid_599,5,False,False,1179
1180,asid_518,3,True,False,1180
1181,asid_1181,3,False,False,1181
1182,asid_1182,1,True,False,1182
1183,asid_13687,4,False,True,13687
1184,asid_666,2,True,False,1184
1185,asid_1185,1,True,False,1185
1188,asid_4086,5,True,False,1188
1189,asid_235,20,False,False,1189
1191,asid_145,7,False,False,1191
1192,asid_3512,7,True,False,1192
1193,asid_418,4,False,False,1193
1194,asid_8906,4,True,False,1194
1195,asid_20964,2,False,False,1195
1196,asid_4080,5,False,True,120
1197,asid_549,8,False,True,549
1198,asid_13848,19,False,True,13848
1200,asid_49,12,False,False,1200
1202,asid_385,5,False,False,1202
1203,asid_72,9,False,False,1203
1206,asid_660,7,False,False,1206
1208,asid_1208,2,True,False,1208
1209,asid_1209,2,True,False,1209
1210,asid_1210,2,True,False,1210
1211,asid_1594,4,True,True,1594
1212,asid_599,5,False,False,1212
1214,asid_1214,2,True,False,1214
1216,asid_1216,4,True,False,1216
1218,asid_111,11,False,False,1218
1219,asid_49,12,False,False,1219
1221,asid_1221,5,True,False,1221
1224,asid_1224,12,True,False,1224
1225,asid_1225,1,True,False,1225
1228,asid_10262,8,False,True,10262
1229,asid_1229,3,True,False,1229
1230,asid_15256,4,True,True,15256
1231,asid_5466,8,False,False,1231
1232,asid_1232,1,True,False,1232
1233,asid_133,11,False,False,1233
1234,asid_1234,2,True,False,1234
1235,asid_591,5,False,False,1235
1236,asid_1236,3,False,False,1236
1237,asid_2904,13,True,True,123
1239,asid_1239,1,True,False,1239
1240,asid_596,8,False,False,1240
1241,asid_2120,2,False,True,2120
1242,asid_1242,18,False,False,1242
1243,asid_1243,2,True,False,1243
1244,asid_1244,2,True,False,1244
1246,asid_2602,2,True,True,2602
1247,asid_1247,2,False,False,1247
1248,asid_1248,4,False,False,1248
1251,asid_1856,3,True,False,1251
1252,asid_294,6,False,False,1252
1253,asid_2013,3,True,False,1253
1254,asid_68,12,False,False,1254
1255,asid_1255,2,True,False,1255
1257,asid_1257,1,True,False,1257
1258,asid_1258,6,False,False,1258
1259,asid_1353,5,False,False,1259
1260,asid_1260,1,True,False,1260
1262,asid_1262,1,True,False,1262
1263,asid_2393,2,True,False,1263
1264,asid_2381,5,False,False,1264
1266,asid_1266,1,True,False,1266
1268,asid_233,6,False,False,1268
1269,asid_7227,4,True,False,1269
1270,asid_7582,3,False,False,1270
1271,asid_226,5,False,False,1271
1274,asid_6800,17,False,False,1274
1275,asid_9151,5,False,True,9151
1276,asid_19272,2,False,True,19272
1277,asid_616,12,False,False,1277
1278,asid_1278,1,True,False,1278
1279,asid_20271,2,True,True,3459
1280,asid_640,6,False,False,1280
1282,asid_285,1,True,False,1282
1283,asid_231,8,False,False,1283
1284,asid_1284,3,False,False,1284
1285,asid_348,10,False,True,348
1286,asid_1286,2,True,False,1286
1287,asid_3878,3,False,True,3878
1291,asid_1744,3,False,True,1744
1292,asid_1595,4,True,True,13454
1293,asid_1293,1,True,False,1293
1294,asid_1294,5,False,False,1294
1295,asid_2715,6,False,False,1295
1297,asid_9121,2,False,False,1297
1298,asid_72,9,False,False,1298
1299,asid_8916,2,True,False,1299
1300,asid_658,9,False,False,1300
1301,asid_1301,2,True,False,1301
1302,asid_11563,11,True,False,1302
1303,asid_2908,5,True,False,1303
1305,asid_584,2,False,True,584
1306,asid_1306,2,False,False,1306
1307,asid_1307,5,False,False,1307
1308,asid_718,2,False,False,1308
1309,asid_1309,1,True,False,1309
1310,asid_1039,5,True,True,1039
1311,asid_1311,1,True,False,1311
1312,asid_4982,5,False,False,1312
1313,asid_1313,2,False,False,1313
1314,asid_6123,6,False,False,1314
1316,asid_7520,6,False,False,1316
1317,asid_1317,2,True,False,1317
1318,asid_11884,3,True,True,11884
1320,asid_1320,5,False,False,1320
1321,asid_826,5,True,False,1321
1322,asid_1322,5,False,False,1322
1323,asid_1758,1,True,False,1323
1324,asid_441,2,False,True,441
1325,asid_483,3,False,False,1325
1326,asid_346,1,True,False,1326
1327,asid_1327,3,True,False,1327
1328,asid_1328,1,True,False,1328
1329,asid_1329,1,True,False,1329
1330,asid_1330,2,False,False,1330
1331,asid_16589,2,False,True,16589
1332,asid_1332,4,True,False,1332
1333,asid_11245,2,False,True,11245
1334,asid_179,7,False,False,1334
1335,asid_2660,2,True,False,1335
1336,asid_1336,2,True,False,1336
1337,asid_3131,6,False,True,3131
1339,asid_19,8,True,True,115
1340,asid_3483,2,True,False,1340
1341,asid_553,19,False,False,1341
1342,asid_3321,3,False,False,1342
1343,asid_46105,3,True,True,27803
1344,asid_3076,3,True,True,2820
1346,asid_1247,2,True,False,1346
1347,asid_1347,10,False,False,1347
1350,asid_2909,2,True,False,1350
1351,asid_4526,3,False,True,3793
1352,asid_1534,1,True,False,1352
1353,asid_1353,5,True,False,1353
1355,asid_3977,4,False,True,3977
1356,asid_1356,7,True,False,1356
1357,asid_1090,4,False,False,1357
1358,asid_1358,2,True,False,1358
1359,asid_1359,2,True,False,1359
1360,asid_1360,2,True,False,1360
1361,asid_2289,6,False,False,1361
1362,asid_18046,5,False,True,18046
1363,asid_4764,3,False,True,4764
1365,asid_1365,2,False,False,1365
1366,asid_1366,2,True,False,1366
1367,asid_432,3,False,False,1367
1368,asid_1368,1,True,False,1368
1371,asid_214,10,False,True,234
1372,asid_651,15,False,False,1372
1373,asid_1373,1,True,False,1373
1374,asid_469,4,False,False,1374
1375,asid_516,4,False,False,1375
1376,asid_1376,3,False,False,1376
1377,asid_1377,1,True,False,1377
1378,asid_1378,2,True,False,1378
1379,asid_2361,7,False,False,1379
1381,asid_1381,2,False,False,1381
1382,asid_395,1,True,False,1382
1383,asid_1383,1,True,False,1383
1384,asid_1384,1,True,False,1384
1385,asid_5902,9,True,True,5902
1386,asid_20211,2,True,True,20211
1387,asid_6800,17,False,False,1387
1388,asid_1388,2,True,False,1388
1389,asid_730,4,False,False,1389
1390,asid_1390,1,True,False,1390
1391,asid_331,8,False,True,2703
1392,asid_5,12,False,False,1392
1393,asid_46427,8,False,True,46427
1394,asid_1394,3,False,False,1394
1396,asid_14618,11,False,False,1396
1397,asid_1508,3,True,True,1508
1399,asid_638,2,False,False,1399
1400,asid_1400,2,True,False,1400
1401,asid_401,3,False,False,1401
1402,asid_729,2,False,False,1402
1403,asid_232,10,False,False,1403
1404,asid_1404,1,True,False,1404
1405,asid_1405,1,True,False,1405
1406,asid_1980,4,False,True,1980
1407,asid_1407,1,True,False,1407
1408,asid_1408,7,False,False,1408
1409,asid_2714,4,True,False,1409
1410,asid_7184,2,True,True,7184
1411,asid_4939,2,True,True,4939
1412,asid_1412,1,True,False,1412
1413,asid_1413,4,False,False,1413
1414,asid_1414,1,True,False,1414
1415,asid_6187,3,False,True,6187
1416,asid_505,5,False,False,1416
1417,asid_9479,5,False,True,9479
1418,asid_1418,4,True,False,1418
1419,asid_1419,1,True,False,1419
1421,asid_1421,2,False,False,1421
1422,asid_1422,2,True,False,1422
1424,asid_5738,10,False,False,1424
1425,asid_1425,1,True,False,1425
1426,asid_6959,2,True,True,6959
1427,asid_1427,1,True,False,1427
1428,asid_9381,4,True,False,1428
1429,asid_1429,3,True,False,1429
1430,asid_7472,2,True,False,1430
1431,asid_1431,3,True,False,1431
1432,asid_299,2,False,False,1432
1433,asid_1433,1,True,False,1433
1435,asid_1435,2,True,False,1435
1436,asid_3055,5,False,True,3055
1437,asid_816,5,False,True,816
1438,asid_235,20,False,False,1438
1440,asid_1440,1,True,False,1440
1441,asid_1441,2,False,False,1441
1442,asid_2054,4,False,True,2054
1443,asid_100,2,False,False,1443
1444,asid_1444,1,True,False,1444
1446,asid_15382,2,True,False,1446
1447,asid_222,10,True,True,222
1448,asid_11529,1,True,False,1448
1449,asid_1449,2,True,False,1449
1450,asid_76,15,False,False,1450
1451,asid_409,6,False,False,1451
1452,asid_317,13,False,False,1452
1453,asid_1688,3,False,False,1453
1454,asid_1454,1,True,False,1454
1455,asid_547,3,False,False,1455
1456,asid_15990,3,True,False,1456
1457,asid_1457,1,True,False,1457
1458,asid_1069,7,False,False,1458
1459,asid_1459,1,True,False,1459
1460,asid_2092,2,True,False,1460
1461,asid_1461,1,True,False,1461
1462,asid_1462,2,True,False,1462
1463,asid_1463,1,True,False,1463
1464,asid_1464,1,True,False,1464
1465,asid_1465,1,True,False,1465
1466,asid_650,2,False,False,1466
1467,asid_7339,4,False,True,7339
1468,asid_1468,3,False,False,1468
1469,asid_6326,2,False,True,6326
1470,asid_27788,3,True,False,1470
1471,asid_3785,2,True,True,3785
1472,asid_111,11,False,True,111
1474,asid_1474,3,True,False,1474
1476,asid_13438,3,True,False,1476
1477,asid_1477,6,False,False,1477
1481,asid_1481,2,True,False,1481
1482,asid_144,3,True,False,1482
1483,asid_107,2,True,False,1483
1485,asid_1485,1,True,False,1485
1486,asid_17408,5,False,False,1486
1487,asid_1487,1,True,False,1487
1489,asid_1489,2,False,False,1489
1490,asid_14671,2,True,True,14671
1491,asid_39279,2,True,True,5816
1493,asid_10291,2,False,True,10291
1494,asid_1494,2,True,False,1494
1495,asid_4987,4,True,False,1495
1496,asid_145,7,False,False,1496
1497,asid_9202,3,False,False,1497
1499,asid_1499,1,True,False,1499
1500,asid_1801,2,True,False,1500
1501,asid_42,4,False,False,1501
1502,asid_2103,3,False,True,2103
1503,asid_1503,1,True,False,1503
1504,asid_1504,2,True,False,1504
1505,asid_869,3,False,False,1505
1506,asid_1019,6,False,False,1506
1507,asid_1507,3,True,False,1507
1508,asid_1508,3,False,False,1508
1509,asid_6685,3,True,True,6685
1511,asid_2381,5,False,False,1511
1513,asid_1513,3,True,False,1513
1514,asid_6772,3,True,False,1514
1515,asid_1515,1,True,False,1515
1517,asid_25194,2,False,True,25194
1519,asid_1519,3,False,False,1519
1520,asid_713,5,False,False,1520
1521,asid_1521,2,True,False,1521
1522,asid_356,1,True,False,1522
1523,asid_33245,3,False,True,33245
1524,asid_1524,1,True,False,1524
1526,asid_1526,2,True,False,1526
1527,asid_411,9,False,False,1527
1528,asid_6936,2,True,False,1528
1529,asid_18672,4,False,False,1529
1530,asid_1530,2,True,False,1530
1531,asid_1531,5,False,False,1531
1532,asid_11284,3,True,True,11284
1533,asid_1533,2,False,False,1533
1534,asid_6187,3,True,True,6187
1535,asid_1535,2,True,False,1535
1536,asid_1536,1,True,False,1536
1538,asid_1064,6,False,False,1538
1539,asid_1539,2,True,False,1539
1540,asid_1540,1,True,False,1540
1542,asid_1542,2,True,False,1542
1543,asid_515,5,False,False,1543
1544,asid_1544,1,True,False,1544
1546,asid_964,3,True,False,1546
1547,asid_1547,6,False,False,1547
1548,asid_27188,5,True,True,15953
1551,asid_765,3,False,False,1551
1552,asid_1084,7,False,False,1552
1553,asid_1553,6,True,False,1553
1555,asid_37367,2,True,True,37367
1556,asid_380,1,True,False,1556
1557,asid_11211,2,True,True,11211
1558,asid_407,6,False,False,1558
1560,asid_413,2,False,False,1560
1561,asid_861,4,False,False,1561
1564,asid_11783,4,False,True,11783
1565,asid_620,3,False,False,1565
1566,asid_427,6,False,False,1566
1567,asid_1567,1,True,False,1567
1568,asid_5662,2,True,True,5662
1569,asid_1569,2,True,False,1569
1570,asid_32,17,False,False,1570
1571,asid_450,7,False,True,533
1572,asid_1572,2,True,False,1572
1574,asid_40450,7,True,True,194
1575,asid_1575,3,True,False,1575
1576,asid_1576,1,True,False,1576
1579,asid_6334,6,False,False,1579
1580,asid_4744,2,True,False,1580
1581,asid_1581,2,True,False,1581
1582,asid_1582,1,True,False,1582
1583,asid_2058,3,False,True,3126
1584,asid_6307,3,False,True,6307
1585,asid_2967,4,False,False,1585
1586,asid_393,2,False,False,1586
1587,asid_1587,3,True,False,1587
1588,asid_1588,1,True,False,1588
1589,asid_1589,1,True,False,1589
1590,asid_1019,6,True,False,1590
1591,asid_1591,3,True,False,1591
1594,asid_1594,4,False,False,1594
1595,asid_1595,4,False,False,1595
1596,asid_193,11,False,True,3829
1597,asid_8245,4,True,False,1597
1598,asid_4046,2,False,True,4046
1599,asid_841,6,False,False,1599
1600,asid_1600,1,True,False,1600
1601,asid_1601,2,True,False,1601
1603,asid_34,5,False,False,1603
1604,asid_1604,1,True,False,1604
1605,asid_4976,2,True,False,1605
1606,asid_1606,1,True,False,1606
1607,asid_6687,4,False,True,6687
1609,asid_1609,4,False,False,1609
1610,asid_4438,4,True,False,1610
1611,asid_18672,4,True,True,11060
1613,asid_1613,3,True,False,1613
1614,asid_501,6,False,False,1614
1617,asid_1617,3,True,False,1617
1619,asid_5769,5,False,True,5769
1621,asid_1621,2,True,False,1621
1622,asid_1170,4,False,False,1622
1624,asid_1624,3,True,False,1624
1625,asid_1039,5,False,False,1625
1627,asid_6390,2,True,False,1627
1629,asid_3287,10,False,False,1629
1630,asid_44822,3,True,True,44822
1631,asid_1631,3,True,False,1631
1632,asid_899,6,True,True,1939
1633,asid_39,7,False,False,1633
1634,asid_170,10,False,False,1634
1636,asid_2856,2,False,True,2856
1637,asid_4747,2,True,True,4747
1638,asid_5146,3,False,True,5146
1639,asid_450,7,False,False,1639
1640,asid_1640,1,True,False,1640
1641,asid_52,3,False,False,1641
1644,asid_1258,6,True,True,1258
1645,asid_1645,3,False,False,1645
1646,asid_1646,2,False,False,1646
1647,asid_1647,1,True,False,1647
1648,asid_1648,2,True,False,1648
1649,asid_1649,2,True,False,1649
1651,asid_14533,2,False,True,14533
1652,asid_2492,7,False,True,2529
1653,asid_402,8,False,True,402
1654,asid_1654,1,True,False,1654
1655,asid_6578,4,False,False,1655
1656,asid_427,6,False,True,427
1657,asid_1657,1,True,False,1657
1658,asid_6499,2,True,True,6499
1659,asid_1659,2,True,False,1659
1660,asid_7919,2,False,True,7919
1661,asid_1661,2,True,False,1661
1662,asid_23503,5,True,True,43394
1663,asid_43,7,False,False,1663
1664,asid_1884,5,False,True,1884
1665,asid_1665,1,True,False,1665
1667,asid_10513,4,True,True,2484
1668,asid_5310,9,False,False,1668
1669,asid_1669,4,False,False,1669
1670,asid_1670,1,True,False,1670
1671,asid_1671,2,True,False,1671
1672,asid_1672,3,False,False,1672
1674,asid_1674,2,True,False,1674
1675,asid_431,1,True,False,1675
1677,asid_326,7,False,False,1677
1678,asid_1145,5,False,False,1678
1680,asid_1680,1,True,False,1680
1681,asid_514,3,True,False,1681
1682,asid_9197,3,False,False,1682
1683,asid_5360,5,False,True,5360
1684,asid_26522,2,True,False,1684
1685,asid_1320,5,False,False,1685
1686,asid_4333,4,True,False,1686
1687,asid_1009,3,True,False,1687
1688,asid_1688,3,False,False,1688
1689,asid_1689,7,False,False,1689
1690,asid_1745,2,True,False,1690
1691,asid_9686,2,False,True,9686
1692,asid_1692,1,True,False,1692
1693,asid_1719,5,False,False,1693
1694,asid_64,14,False,False,1694
1695,asid_1695,1,True,False,1695
1697,asid_1697,1,True,False,1697
1698,asid_1698,1,True,False,1698
1699,asid_604,2,False,False,1699
1701,asid_1701,3,True,False,1701
1703,asid_1703,4,True,False,1703
1706,asid_13624,5,True,True,6026
1707,asid_2774,4,False,True,29137
1708,asid_1708,1,True,False,1708
1709,asid_25415,2,True,False,1709
1710,asid_1710,2,True,False,1710
1711,asid_1711,2,True,False,1711
1712,asid_1712,1,True,False,1712
1713,asid_1713,1,True,False,1713
1714,asid_1727,8,False,False,1714
1715,asid_1224,12,False,False,1715
1716,asid_1716,2,True,False,1716
1717,asid_1717,1,True,False,1717
1718,asid_8125,3,False,False,1718
1720,asid_1720,1,True,False,1720
1721,asid_1721,2,True,False,1721
1722,asid_532,2,True,False,1722
1723,asid_1723,2,True,False,1723
1724,asid_305,5,False,False,1724
1726,asid_680,5,False,False,1726
1727,asid_1727,8,False,False,1727
1728,asid_915,5,False,False,1728
1729,asid_621,7,False,False,1729
1730,asid_277,2,True,False,1730
1731,asid_6334,6,False,False,1731
1732,asid_1732,2,True,False,1732
1733,asid_1733,1,True,False,1733
1734,asid_10427,2,True,True,10427
1735,asid_462,10,True,False,1735
1736,asid_7525,2,True,True,7525
1737,asid_121,6,False,False,1737
1738,asid_1738,1,True,False,1738
1739,asid_1739,3,False,False,1739
1740,asid_912,2,False,False,1740
1741,asid_2124,3,True,True,2124
1742,asid_240,15,False,True,3931
1743,asid_1743,1,True,False,1743
1744,asid_1744,3,True,False,1744
1745,asid_1745,2,False,False,1745
1746,asid_1746,2,True,False,1746
1747,asid_1747,2,True,False,1747
1748,asid_1884,5,False,True,1884
1750,asid_1750,2,True,False,1750
1752,asid_26663,6,True,False,1752
1753,asid_709,6,False,False,1753
1754,asid_1754,1,True,False,1754
1755,asid_3219,3,False,False,1755
1756,asid_1756,6,False,False,1756
1757,asid_1757,3,True,False,1757
1758,asid_214,10,False,True,234
1759,asid_2081,3,False,False,1759
1760,asid_4240,3,False,True,4240
1761,asid_1100,5,False,False,1761
1762,asid_1762,2,True,False,1762
1763,asid_7794,4,False,False,1763
1764,asid_685,4,True,False,1764
1766,asid_1766,3,True,False,1766
1768,asid_367,1,True,False,1768
1769,asid_953,5,False,False,1769
1770,asid_1770,2,True,False,1770
1771,asid_910,4,False,False,1771
1772,asid_1772,1,True,False,1772
1773,asid_942,2,True,False,1773
1774,asid_1774,1,True,False,1774
1775,asid_1775,1,True,False,1775
1777,asid_1053,2,False,True,1053
1778,asid_1778,2,True,False,1778
1779,asid_1779,2,True,False,1779
1780,asid_1780,1,True,False,1780
1782,asid_3526,2,False,True,3526
1783,asid_701,4,True,False,1783
1784,asid_158,5,True,True,1007
1785,asid_111,11,False,False,1785
1786,asid_1786,2,False,False,1786
1787,asid_1787,4,True,False,1787
1788,asid_890,6,True,True,890
1789,asid_1322,5,True,True,1322
1790,asid_1790,2,True,False,1790
1791,asid_133,11,False,False,1791
1792,asid_1792,1,True,False,1792
1793,asid_1793,1,True,False,1793
1794,asid_1794,1,True,False,1794
1795,asid_1795,1,True,False,1795
1796,asid_1719,5,False,False,1796
1798,asid_40450,7,False,False,1798
1799,asid_1799,3,True,False,1799
1800,asid_1800,1,True,False,1800
1801,asid_1801,2,False,False,1801
1802,asid_1802,3,True,False,1802
1803,asid_170,10,False,False,1803
1804,asid_1804,1,True,False,1804
1806,asid_1806,3,True,False,1806
1808,asid_18447,2,False,False,1808
1809,asid_14377,2,True,True,14377
1810,asid_311,3,False,False,1810
1811,asid_9702,2,True,True,9702
1812,asid_631,1,True,False,1812
1813,asid_1813,3,True,False,1813
1814,asid_1814,1,True,False,1814
1815,asid_1815,2,True,False,1815
1816,asid_1816,1,True,False,1816
1817,asid_1817,3,False,False,1817
1820,asid_2054,4,True,True,2054
1821,asid_76,15,False,False,1821
1822,asid_1854,3,True,False,1822
1823,asid_1823,1,True,False,1823
1824,asid_28,11,False,False,1824
1825,asid_2837,4,False,False,1825
1827,asid_1827,1,True,False,1827
1828,asid_1828,12,False,False,1828
1829,asid_11187,5,True,True,11187
1830,asid_11971,2,False,True,11971
1831,asid_1831,10,False,False,1831
1832,asid_596,8,False,False,1832
1834,asid_1834,2,True,False,1834
1835,asid_576,1,True,False,1835
1836,asid_348,10,False,True,348
1838,asid_1838,1,True,False,1838
1839,asid_1839,5,False,False,1839
1840,asid_1840,1,True,False,1840
1842,asid_1842,1,True,False,1842
1843,asid_72,9,False,False,1843
1844,asid_879,2,False,False,1844
1845,asid_331,8,False,True,331
1846,asid_1846,4,False,False,1846
1850,asid_448,2,False,False,1850
1851,asid_667,2,True,False,1851
1852,asid_1852,1,True,False,1852
1853,asid_4873,2,True,False,1853
1854,asid_4780,2,False,True,4780
1855,asid_292,7,False,False,1855
1856,asid_2591,2,False,True,2591
1858,asid_15167,3,False,True,15167
1859,asid_2,12,False,False,1859
1860,asid_1860,1,True,False,1860
1861,asid_12215,3,True,False,1861
1862,asid_1862,2,True,False,1862
1863,asid_606,8,False,True,7548
1864,asid_1864,2,False,False,1864
1865,asid_1865,3,True,False,1865
1867,asid_13110,4,True,True,8981
1868,asid_1868,1,True,False,1868
1869,asid_5560,5,False,True,7492
1870,asid_1870,3,True,False,1870
1871,asid_992,3,False,False,1871
1872,asid_6695,8,False,True,8498
1873,asid_954,5,False,False,1873
1876,asid_1864,2,True,False,1876
1877,asid_14,9,False,False,1877
1878,asid_1878,3,True,False,1878
1879,asid_1879,1,True,False,1879
1880,asid_1880,7,True,False,1880
1881,asid_1881,1,True,False,1881
1882,asid_899,6,False,False,1882
1883,asid_1883,3,True,False,1883
1884,asid_1884,5,False,False,1884
1885,asid_1885,1,True,False,1885
1886,asid_341,3,False,False,1886
1887,asid_1887,3,False,False,1887
1890,asid_1890,4,False,False,1890
1891,asid_1891,2,True,False,1891
1893,asid_14545,3,False,False,1893
1894,asid_1894,1,True,False,1894
1895,asid_4086,5,False,True,4086
1896,asid_408,3,False,False,1896
1897,asid_553,19,False,False,1897
1899,asid_1899,3,True,False,1899
1900,asid_2780,4,False,True,14568
1901,asid_1901,1,True,False,1901
1902,asid_1902,1,True,False,1902
1904,asid_10669,2,True,True,10669
1906,asid_436,2,False,False,1906
1907,asid_1907,1,True,False,1907
1908,asid_1908,2,True,False,1908
1909,asid_3,13,False,False,1909
1911,asid_40646,2,True,False,1911
1913,asid_1913,1,True,False,1913
1914,asid_1914,2,True,False,1914
1916,asid_1916,2,False,False,1916
1917,asid_3457,3,True,False,1917
1918,asid_1918,1,True,False,1918
1919,asid_601,3,False,False,1919
1920,asid_6578,4,False,False,1920
1921,asid_10,14,False,False,1921
1922,asid_4661,4,False,True,4661
1923,asid_7484,2,True,False,1923
1924,asid_126,8,False,True,714
1925,asid_1925,2,True,False,1925
1927,asid_1927,2,False,False,1927
1929,asid_1828,12,False,False,1929
1930,asid_1930,1,True,False,1930
1931,asid_31759,2,False,True,31759
1932,asid_30398,4,False,False,1932
1933,asid_10100,2,True,True,10100
1934,asid_1934,3,True,False,1934
1936,asid_2616,5,False,False,1936
1938,asid_1938,2,True,False,1938
1939,asid_899,6,False,False,1939
1940,asid_3643,6,False,True,3643
1941,asid_317,13,False,False,1941
1942,asid_1942,2,True,False,1942
1943,asid_1943,1,True,False,1943
1944,asid_1944,1,True,False,1944
1945,asid_1945,1,True,False,1945
1946,asid_26992,3,False,False,1946
1947,asid_235,20,False,True,1438
1948,asid_1948,4,False,False,1948
1950,asid_1141,6,False,True,1141
1951,asid_1073,3,False,False,1951
1952,asid_542,3,False,False,1952
1953,asid_1327,3,False,False,1953
1955,asid_1955,6,False,False,1955
1956,asid_501,6,True,True,1165
1957,asid_1957,3,True,False,1957
1959,asid_1959,2,True,False,1959
1960,asid_1960,2,True,False,1960
1961,asid_2832,4,False,False,1961
1962,asid_2,12,False,False,1962
1963,asid_754,4,True,False,1963
1965,asid_1022,4,False,False,1965
1967,asid_1967,1,True,False,1967
1968,asid_1968,1,True,False,1968
1969,asid_1969,1,True,False,1969
1970,asid_1970,1,True,False,1970
1972,asid_20654,2,False,True,20654
1974,asid_2224,3,False,False,1974
1975,asid_1975,1,True,False,1975
1977,asid_1977,1,True,False,1977
1978,asid_7850,3,False,False,1978
1979,asid_1979,1,True,False,1979
1980,asid_1980,4,True,False,1980
1981,asid_89,5,True,False,1981
1982,asid_4470,3,False,False,1982
1983,asid_1983,1,True,False,1983
1984,asid_410,2,False,False,1984
1985,asid_1985,1,True,False,1985
1986,asid_1986,2,True,False,1986
1988,asid_1846,4,False,False,1988
1989,asid_1989,1,True,False,1989
1990,asid_7227,4,False,True,1269
1991,asid_1991,2,True,False,1991
1995,asid_1995,2,True,False,1995
1996,asid_1996,1,True,False,1996
1997,asid_22652,1,True,False,1997
1998,asid_1998,1,True,False,1998
1999,asid_1999,1,True,False,1999
2000,asid_2000,3,False,False,2000
2001,asid_2001,1,True,False,2001
2002,asid_704,2,True,False,2002
2004,asid_1756,6,False,False,2004
2005,asid_2005,2,True,False,2005
2006,asid_1725,1,True,False,2006
2007,asid_511,4,False,True,511
2008,asid_2008,2,True,False,2008
2009,asid_1376,3,False,False,2009
2010,asid_38899,6,True,True,51320
2011,asid_2011,2,True,False,2011
2012,asid_2012,1,True,False,2012
2013,asid_2013,3,False,False,2013
2014,asid_2014,2,True,False,2014
2016,asid_2016,3,False,False,2016
2018,asid_2018,2,True,False,2018
2019,asid_2019,3,True,False,2019
2020,asid_1035,2,False,False,2020
2021,asid_2021,4,True,False,2021
2023,asid_2023,1,True,False,2023
2025,asid_2025,2,True,False,2025
2026,asid_1090,4,False,False,2026
2027,asid_2027,3,True,False,2027
2028,asid_10935,5,False,True,10935
2029,asid_2029,1,True,False,2029
2030,asid_709,6,False,False,2030
2032,asid_2032,1,True,False,2032
2033,asid_2033,2,True,False,2033
2034,asid_2034,1,True,False,2034
2035,asid_5738,10,False,True,116
2036,asid_2036,4,False,False,2036
2037,asid_3,13,False,False,2037
2038,asid_2038,1,True,False,2038
2039,asid_2039,1,True,False,2039
2041,asid_2041,1,True,False,2041
2042,asid_2042,2,False,False,2042
2043,asid_2043,2,True,False,2043
2044,asid_4661,4,True,True,4661
2045,asid_76,15,False,False,2045
2046,asid_13848,19,False,True,13848
2047,asid_2047,1,True,False,2047
2048,asid_499,2,False,False,2048
2049,asid_2049,1,True,False,2049
2051,asid_2051,2,False,False,2051
2052,asid_292,7,False,False,2052
2053,asid_2053,1,True,False,2053
2054,asid_2054,4,False,False,2054
2055,asid_1413,4,True,False,2055
2056,asid_2056,2,True,False,2056
2057,asid_26046,6,True,True,26046
2058,asid_2058,3,False,False,2058
2059,asid_2059,1,True,False,2059
2060,asid_3977,4,True,True,3977
2062,asid_26663,6,False,True,26663
2063,asid_2063,1,True,False,2063
2065,asid_2065,1,True,False,2065
2066,asid_3254,4,True,True,3254
2067,asid_9484,5,False,False,2067
2068,asid_388,6,False,True,388
2069,asid_1927,2,True,False,2069
2071,asid_2071,3,True,False,2071
2072,asid_5620,2,False,True,5620
2073,asid_411,9,False,False,2073
2074,asid_2074,1,True,False,2074
2075,asid_2075,2,True,False,2075
2076,asid_2076,1,True,False,2076
2078,asid_2078,1,True,False,2078
2080,asid_1045,2,False,False,2080
2081,asid_2081,3,True,False,2081
2082,asid_2082,2,True,False,2082
2084,asid_4823,2,True,False,2084
2085,asid_2378,8,False,True,2378
2088,asid_2088,4,True,False,2088
2089,asid_2089,3,False,False,2089
2090,asid_1006,2,False,False,2090
2091,asid_2091,3,True,False,2091
2092,asid_2092,2,False,False,2092
2093,asid_4568,3,False,False,2093
2094,asid_2094,1,True,False,2094
2096,asid_2096,1,True,False,2096
2097,asid_24950,5,False,True,24950
2098,asid_2098,2,True,False,2098
2099,asid_489,2,False,False,2099
2100,asid_3435,3,False,True,3435
2101,asid_63,6,False,False,2101
2102,asid_4849,3,True,False,2102
2103,asid_2103,3,False,False,2103
2104,asid_29783,2,True,True,4412
2105,asid_11563,11,False,False,2105
2106,asid_2106,1,True,False,2106
2107,asid_74,32,False,False,2107
2108,asid_2108,1,True,False,2108
2109,asid_2109,1,True,False,2109
2110,asid_2110,1,True,False,2110
2111,asid_7024,6,False,True,7024
2112,asid_2112,2,True,False,2112
2113,asid_2113,2,True,False,2113
2115,asid_2115,1,True,False,2115
2116,asid_1043,6,False,False,2116
2117,asid_2117,4,False,False,2117
2119,asid_25748,5,True,False,2119
2120,asid_2120,2,True,False,2120
2121,asid_2121,2,True,False,2121
2122,asid_669,2,False,False,2122
2123,asid_45737,3,False,False,2123
2124,asid_2124,3,False,False,2124
2125,asid_2125,1,True,False,2125
2126,asid_2126,7,False,False,2126
2127,asid_31,10,False,False,2127
2128,asid_168,4,True,True,168
2129,asid_2129,1,True,False,2129
2130,asid_2130,1,True,False,2130
2131,asid_8189,2,True,True,8189
2132,asid_10262,8,False,True,10262
2133,asid_21907,4,True,True,4693
2135,asid_2135,1,True,False,2135
2136,asid_2136,3,True,False,2136
2137,asid_23225,6,True,False,2137
2138,asid_2138,1,True,False,2138
2139,asid_2139,4,False,False,2139
2140,asid_179,7,False,False,2140
2141,asid_2141,4,False,False,2141
2142,asid_4527,4,False,True,4527
2143,asid_2143,3,True,False,2143
2144,asid_2144,3,True,False,2144
2145,asid_2145,1,True,False,2145
2146,asid_2146,1,True,False,2146
2147,asid_2147,1,True,False,2147
2148,asid_7737,4,False,True,7737
2149,asid_13453,2,False,True,13453
2150,asid_133,11,False,False,2150
2153,asid_2051,2,True,False,2153
2154,asid_2154,1,True,False,2154
2155,asid_2155,1,True,False,2155
2156,asid_2156,1,True,False,2156
2159,asid_3055,5,False,True,3055
2160,asid_2160,1,True,False,2160
2161,asid_3275,2,True,False,2161
2162,asid_1990,1,True,False,2162
2163,asid_1756,6,False,False,2163
2165,asid_701,4,False,False,2165
2167,asid_2167,1,True,False,2167
2168,asid_2168,1,True,False,2168
2169,asid_388,6,True,True,310
2170,asid_2170,2,True,False,2170
2171,asid_2171,2,True,False,2171
2173,asid_970,3,False,False,2173
2175,asid_2175,1,True,False,2175
2176,asid_2176,2,True,False,2176
2177,asid_1100,5,False,False,2177
2178,asid_4906,4,True,False,2178
2179,asid_2179,2,True,False,2179
2181,asid_4410,6,True,True,4410
2184,asid_658,9,False,False,2184
2185,asid_2185,1,True,False,2185
2186,asid_111,11,False,False,2186
2187,asid_733,3,False,False,2187
2188,asid_6723,3,True,False,2188
2189,asid_2189,1,True,False,2189
2190,asid_12288,6,True,False,2190
2191,asid_2191,2,True,False,2191
2192,asid_6772,3,False,False,2192
2193,asid_20591,3,True,False,2193
2194,asid_2194,1,True,False,2194
2197,asid_2197,1,True,False,2197
2198,asid_276,4,False,False,2198
2199,asid_2199,1,True,False,2199
2200,asid_1168,5,False,False,2200
2201,asid_21321,4,True,True,21321
2202,asid_2202,2,True,False,2202
2203,asid_15752,2,False,False,2203
2205,asid_163,6,False,False,2205
2206,asid_4173,7,True,False,2206
2209,asid_7824,10,False,False,2209
2210,asid_2210,2,False,False,2210
2212,asid_11579,2,False,True,11579
2214,asid_522,8,False,False,2214
2215,asid_2215,1,True,False,2215
2216,asid_133,11,False,True,682
2217,asid_1831,10,False,False,2217
2218,asid_521,4,False,False,2218
2219,asid_2219,2,True,False,2219
2220,asid_2220,1,True,False,2220
2221,asid_2221,1,True,False,2221
2222,asid_2222,2,True,False,2222
2223,asid_906,2,False,False,2223
2224,asid_2224,3,True,False,2224
2227,asid_2227,3,True,False,2227
2228,asid_9219,2,True,False,2228
2229,asid_4776,6,True,True,2296
2231,asid_10724,2,False,True,10724
2232,asid_679,2,False,False,2232
2233,asid_2233,2,True,False,2233
2234,asid_6045,3,True,False,2234
2235,asid_274,10,False,False,2235
2236,asid_910,4,False,False,2236
2237,asid_2237,1,True,False,2237
2238,asid_6400,2,True,True,6400
2240,asid_5,12,False,False,2240
2241,asid_549,8,False,False,2241
2243,asid_2243,2,True,False,2243
2244,asid_1216,4,False,True,1216
2245,asid_2245,1,True,False,2245
2246,asid_63,6,True,False,2246
2248,asid_2248,2,False,False,2248
2249,asid_3712,2,True,True,3712
2250,asid_43,7,True,True,540
2252,asid_2252,2,False,False,2252
2253,asid_8539,7,True,True,8539
2256,asid_2831,3,False,False,2256
2257,asid_2257,1,True,False,2257
2258,asid_2258,1,True,False,2258
2259,asid_402,8,False,True,402
2261,asid_2261,1,True,False,2261
2262,asid_2262,2,True,False,2262
2264,asid_15212,9,False,True,15212
2265,asid_2265,2,True,False,2265
2266,asid_2000,3,True,False,2266
2268,asid_2268,1,True,False,2268
2269,asid_2269,2,False,False,2269
2270,asid_2270,2,True,False,2270
2271,asid_2271,2,True,False,2271
2272,asid_2272,1,True,False,2272
2273,asid_6547,5,False,True,6547
2275,asid_2275,1,True,False,2275
2277,asid_121,6,False,False,2277
2278,asid_2278,2,True,False,2278
2280,asid_13181,2,True,True,13181
2281,asid_2281,1,True,False,2281
2282,asid_2282,1,True,False,2282
2283,asid_2283,1,True,False,2283
2284,asid_2284,3,True,False,2284
2285,asid_348,10,False,False,2285
2286,asid_2286,1,True,False,2286
2287,asid_5471,3,False,False,2287
2288,asid_2288,2,True,False,2288
2289,asid_2289,6,False,False,2289
2291,asid_2291,6,False,False,2291
2292,asid_6677,2,False,True,6677
2293,asid_2293,1,True,False,2293
2294,asid_2294,2,True,False,2294
2296,asid_4776,6,False,False,2296
2299,asid_2299,4,False,False,2299
2300,asid_1101,3,False,False,2300
2303,asid_2303,1,True,False,2303
2305,asid_158,5,False,False,2305
2307,asid_2307,2,True,False,2307
2308,asid_5317,3,False,True,5317
2309,asid_305,5,False,False,2309
2310,asid_7582,3,False,False,2310
2311,asid_223,9,False,False,2311
2312,asid_981,1,True,False,2312
2313,asid_2313,1,True,False,2313
2314,asid_792,6,False,False,2314
2315,asid_811,5,False,False,2315
2316,asid_2316,1,True,False,2316
2317,asid_94,1,True,False,2317
2318,asid_545,6,False,False,2318
2319,asid_2319,2,False,False,2319
2320,asid_2320,2,True,False,2320
2321,asid_2321,1,True,False,2321
2322,asid_2322,2,False,False,2322
2323,asid_603,2,False,False,2323
2324,asid_763,2,False,False,2324
2325,asid_1174,6,False,False,2325
2327,asid_2327,2,False,False,2327
2328,asid_2328,2,True,False,2328
2329,asid_2329,3,False,False,2329
2330,asid_2330,2,True,False,2330
2331,asid_2331,4,False,False,2331
2332,asid_2332,1,True,False,2332
2333,asid_543,1,True,False,2333
2334,asid_3512,7,False,False,2334
2335,asid_2335,2,True,False,2335
2336,asid_150,4,False,False,2336
2337,asid_2337,1,True,False,2337
2339,asid_485,4,False,False,2339
2340,asid_416,1,True,False,2340
2341,asid_2341,2,True,False,2341
2342,asid_126,8,False,False,2342
2343,asid_2343,1,True,False,2343
2344,asid_2782,5,True,True,2782
2345,asid_2345,1,True,False,2345
2346,asid_1011,2,True,False,2346
2347,asid_26139,2,False,True,26139
2348,asid_4496,2,False,False,2348
2349,asid_2349,2,False,False,2349
2350,asid_2350,3,False,False,2350
2352,asid_599,5,False,False,2352
2353,asid_2353,2,True,False,2353
2354,asid_2354,3,True,False,2354
2355,asid_2355,1,True,False,2355
2356,asid_2356,1,True,False,2356
2357,asid_2357,1,True,False,2357
2358,asid_2358,1,True,False,2358
2359,asid_2359,3,True,False,2359
2361,asid_2361,7,False,False,2361
2362,asid_3990,2,False,True,3990
2363,asid_2363,2,False,False,2363
2364,asid_2364,1,True,False,2364
2365,asid_8319,7,False,False,2365
2366,asid_1081,4,False,False,2366
2367,asid_570,2,False,False,2367
2368,asid_425,2,False,False,2368
2369,asid_2369,5,False,False,2369
2370,asid_881,6,False,False,2370
2371,asid_2371,2,True,False,2371
2372,asid_2372,5,False,False,2372
2373,asid_2373,1,True,False,2373
2374,asid_2374,2,True,False,2374
2375,asid_2375,1,True,False,2375
2376,asid_35809,6,False,False,2376
2377,asid_2377,1,True,False,2377
2378,asid_2378,8,False,False,2378
2379,asid_2379,2,False,False,2379
2380,asid_2380,2,False,False,2380
2381,asid_2381,5,True,False,2381
2382,asid_787,7,False,True,787
2383,asid_2383,2,False,False,2383
2384,asid_26323,2,True,True,26323
2386,asid_2386,1,True,False,2386
2387,asid_9484,5,False,False,2387
2388,asid_1030,5,False,False,2388
2389,asid_2389,4,False,False,2389
2391,asid_2391,1,True,False,2391
2392,asid_2392,1,True,False,2392
2393,asid_2393,2,False,False,2393
2394,asid_2394,1,True,False,2394
2395,asid_16579,3,False,True,16579
2396,asid_544,4,False,False,2396
2397,asid_2397,3,False,False,2397
2399,asid_2399,1,True,False,2399
2400,asid_44794,2,True,False,2400
2401,asid_43952,2,True,True,43952
2402,asid_2402,1,True,False,2402
2403,asid_2403,2,True,False,2403
2404,asid_553,19,False,False,2404
2405,asid_2405,1,True,False,2405
2406,asid_2406,1,True,False,2406
2407,asid_2407,1,True,False,2407
2409,asid_1100,5,False,False,2409
2410,asid_1221,5,False,False,2410
2411,asid_2411,2,True,False,2411
2415,asid_2415,3,True,False,2415
2416,asid_4982,5,False,False,2416
2417,asid_2417,3,True,False,2417
2418,asid_2418,1,True,False,2418
2419,asid_2419,2,True,False,2419
2420,asid_2420,3,False,False,2420
2422,asid_2422,1,True,False,2422
2423,asid_2423,3,True,False,2423
2424,asid_2424,2,True,False,2424
2425,asid_2425,2,True,False,2425
2426,asid_2426,2,False,False,2426
2427,asid_2427,2,True,False,2427
2429,asid_2349,2,True,False,2429
2430,asid_2430,1,True,False,2430
2432,asid_548,3,False,False,2432
2437,asid_9616,3,False,True,9616
2438,asid_15434,7,True,False,2438
2439,asid_2439,1,True,False,2439
2440,asid_2440,1,True,False,2440
2441,asid_326,7,False,False,2441
2442,asid_8222,2,True,True,8222
2445,asid_5201,4,True,True,5201
2446,asid_2446,1,True,False,2446
2447,asid_4605,3,False,True,4605
2448,asid_2448,1,True,False,2448
2449,asid_111,11,False,True,111
2450,asid_2450,2,True,False,2450
2451,asid_2451,2,True,False,2451
2452,asid_2452,2,True,False,2452
2453,asid_437,4,False,False,2453
2454,asid_2454,1,True,False,2454
2455,asid_39,7,True,True,455
2456,asid_31211,2,False,True,31211
2457,asid_10571,3,True,False,2457
2459,asid_2459,2,True,False,2459
2461,asid_2461,4,False,False,2461
2462,asid_4908,1,True,False,2462
2463,asid_11884,3,False,True,11884
2466,asid_2466,3,True,False,2466
2467,asid_2467,2,True,False,2467
2469,asid_2469,3,True,False,2469
2470,asid_2470,1,True,False,2470
2472,asid_826,5,False,False,2472
2473,asid_5383,10,False,False,2473
2474,asid_624,4,False,False,2474
2476,asid_2476,2,True,False,2476
2477,asid_2477,2,True,False,2477
2479,asid_2479,1,True,False,2479
2480,asid_49,12,True,True,320
2481,asid_648,2,False,False,2481
2482,asid_2482,2,True,False,2482
2483,asid_3970,3,True,True,3970
2484,asid_10513,4,False,False,2484
2486,asid_1645,3,False,False,2486
2487,asid_2487,3,False,False,2487
2488,asid_2488,1,True,False,2488
2489,asid_47665,1,True,False,2489
2490,asid_743,1,True,False,2490
2491,asid_13848,19,False,True,13848
2492,asid_2492,7,False,False,2492
2495,asid_133,11,False,False,2495
2497,asid_2497,1,True,False,2497
2498,asid_3559,12,False,False,2498
2499,asid_961,3,False,False,2499
2500,asid_2500,1,True,False,2500
2501,asid_4173,7,False,False,2501
2502,asid_2502,2,True,False,2502
2503,asid_2503,1,True,False,2503
2504,asid_2504,2,True,False,2504
2506,asid_846,1,True,False,2506
2507,asid_4776,6,False,False,2507
2508,asid_2,12,False,False,2508
2509,asid_6991,6,True,False,2509
2510,asid_117,8,True,True,354
2512,asid_2021,4,False,False,2512
2513,asid_2513,1,True,False,2513
2514,asid_24954,4,True,False,2514
2515,asid_864,5,True,False,2515
2516,asid_2516,1,True,False,2516
2517,asid_8348,2,True,True,8348
2518,asid_2518,1,True,False,2518
2519,asid_6120,9,False,False,2519
2520,asid_2520,1,True,False,2520
2521,asid_2521,2,True,False,2521
2522,asid_4230,4,False,False,2522
2523,asid_2523,1,True,False,2523
2525,asid_2525,3,False,False,2525
2526,asid_39,7,False,False,2526
2527,asid_11563,11,False,False,2527
2528,asid_23503,5,False,True,23503
2529,asid_2492,7,False,False,2529
2530,asid_3253,4,True,False,2530
2531,asid_4041,2,True,False,2531
2532,asid_4490,4,True,False,2532
2533,asid_402,8,False,False,2533
2534,asid_2534,1,True,False,2534
2536,asid_2291,6,False,False,2536
2537,asid_365,1,True,False,2537
2538,asid_5736,3,False,False,2538
2539,asid_2539,1,True,False,2539
2541,asid_6800,17,False,False,2541
2543,asid_2543,2,True,False,2543
2545,asid_26654,4,False,False,2545
2546,asid_2814,5,False,False,2546
2549,asid_2372,5,True,True,2372
2550,asid_2550,1,True,False,2550
2554,asid_2554,7,False,False,2554
2555,asid_1307,5,False,False,2555
2556,asid_2556,2,True,False,2556
2559,asid_2559,3,False,False,2559
2560,asid_2560,1,True,False,2560
2561,asid_2561,2,False,False,2561
2562,asid_2562,1,True,False,2562
2564,asid_11757,3,False,False,2564
2565,asid_10903,3,True,True,10903
2566,asid_8570,3,False,False,2566
2569,asid_3985,4,False,False,2569
2570,asid_2570,1,True,False,2570
2571,asid_6610,2,True,False,2571
2572,asid_4,7,False,False,2572
2574,asid_2574,1,True,False,2574
2575,asid_8715,5,True,True,8715
2576,asid_8224,2,True,True,8224
2577,asid_13494,4,True,True,13494
2578,asid_2578,2,True,False,2578
2579,asid_2579,3,False,False,2579
2580,asid_2580,1,True,False,2580
2581,asid_11051,2,True,False,2581
2583,asid_15098,2,False,True,15098
2584,asid_2584,2,True,False,2584
2585,asid_2585,1,True,False,2585
2586,asid_6175,2,False,False,2586
2587,asid_2587,2,True,False,2587
2590,asid_5088,2,False,True,5088
2591,asid_2591,2,True,False,2591
2592,asid_2592,1,True,False,2592
2593,asid_6612,2,False,True,6612
2594,asid_4513,3,True,False,2594
2596,asid_1112,2,False,False,2596
2597,asid_2597,1,True,False,2597
2598,asid_10459,4,True,True,15580
2600,asid_2600,2,True,False,2600
2602,asid_2602,2,False,False,2602
2603,asid_4174,6,False,False,2603
2604,asid_2033,2,False,True,2033
2605,asid_3733,4,False,True,3733
2606,asid_40384,2,True,False,2606
2607,asid_6617,5,True,False,2607
2608,asid_2608,3,True,False,2608
2610,asid_2610,1,True,False,2610
2611,asid_126,8,True,True,714
2612,asid_1327,3,False,False,2612
2614,asid_3131,6,False,True,3131
2615,asid_2615,1,True,False,2615
2616,asid_2616,5,False,False,2616
2617,asid_704,2,False,False,2617
2618,asid_5716,4,False,True,5716
2619,asid_2619,1,True,False,2619
2621,asid_606,8,False,True,7548
2622,asid_2,12,False,False,2622
2623,asid_10946,3,True,False,2623
2624,asid_2624,1,True,False,2624
2625,asid_2625,2,False,False,2625
2626,asid_4771,4,True,True,4771
2627,asid_625,2,True,False,2627
2629,asid_2629,3,True,False,2629
2630,asid_2630,2,True,False,2630
2631,asid_7082,2,True,True,7082
2632,asid_6123,6,False,False,2632
2633,asid_2633,1,True,False,2633
2634,asid_235,20,False,False,2634
2635,asid_2635,1,True,False,2635
2636,asid_2636,1,True,False,2636
2638,asid_25713,2,True,True,25713
2639,asid_2639,2,True,False,2639
2640,asid_2640,1,True,False,2640
2641,asid_794,1,True,False,2641
2643,asid_2643,1,True,False,2643
2644,asid_41511,1,True,False,2644
2645,asid_417,2,False,False,2645
2646,asid_2646,4,True,False,2646
2647,asid_76,15,False,False,2647
2648,asid_51183,2,False,True,51183
2651,asid_2651,2,True,False,2651
2652,asid_11273,2,True,False,2652
2653,asid_2714,4,False,False,2653
2654,asid_3577,4,False,True,3577
2655,asid_13710,5,False,False,2655
2656,asid_2656,2,False,False,2656
2658,asid_12571,4,False,False,2658
2659,asid_890,6,False,False,2659
2660,asid_5458,3,False,True,5458
2661,asid_38488,2,False,False,2661
2663,asid_15779,3,False,False,2663
2664,asid_47607,2,False,True,47607
2666,asid_1408,7,False,False,2666
2667,asid_2667,2,True,False,2667
2668,asid_2668,1,True,False,2668
2669,asid_2669,2,False,False,2669
2670,asid_1831,10,False,False,2670
2673,asid_2673,2,False,False,2673
2675,asid_1831,10,False,False,2675
2676,asid_2676,1,True,False,2676
2678,asid_4854,4,True,True,4854
2679,asid_3023,3,True,True,3023
2680,asid_586,3,False,False,2680
2681,asid_28,11,False,False,2681
2682,asid_2682,6,False,False,2682
2684,asid_2684,1,True,False,2684
2685,asid_2759,1,True,False,2685
2686,asid_5383,10,False,True,6000
2687,asid_2687,4,False,False,2687
2688,asid_2688,1,True,False,2688
2690,asid_2690,2,False,False,2690
2691,asid_2691,1,True,False,2691
2692,asid_2692,2,False,False,2692
2693,asid_2693,1,True,False,2693
2694,asid_986,2,False,False,2694
2695,asid_2695,1,True,False,2695
2696,asid_1908,2,False,True,1908
2697,asid_2697,3,False,False,2697
2698,asid_1258,6,False,True,1258
2699,asid_2699,2,True,False,2699
2700,asid_2700,2,True,False,2700
2701,asid_2701,1,True,False,2701
2702,asid_2702,3,True,False,2702
2703,asid_331,8,False,False,2703
2704,asid_411,9,False,False,2704
2705,asid_2705,2,True,False,2705
2706,asid_3434,13,False,True,3434
2707,asid_807,3,False,False,2707
2708,asid_3600,3,False,False,2708
2709,asid_13848,19,False,True,13848
2710,asid_2710,1,True,False,2710
2711,asid_866,3,True,False,2711
2712,asid_2252,2,True,False,2712
2713,asid_612,2,True,False,2713
2714,asid_2714,4,False,False,2714
2715,asid_2715,6,False,False,2715
2716,asid_2716,7,False,False,2716
2717,asid_6362,4,True,False,2717
2718,asid_2718,6,False,False,2718
2719,asid_2719,1,True,False,2719
2720,asid_18217,1,True,False,2720
2721,asid_2721,2,False,False,2721
2722,asid_2722,1,True,False,2722
2723,asid_2723,1,True,False,2723
2724,asid_12541,3,False,True,12541
2725,asid_2725,1,True,False,2725
2726,asid_869,3,True,True,869
2727,asid_117,8,False,False,2727
2728,asid_2728,1,True,False,2728
2729,asid_1356,7,False,False,2729
2730,asid_680,5,False,False,2730
2731,asid_2731,2,True,False,2731
2732,asid_2732,2,False,False,2732
2734,asid_2734,4,False,False,2734
2735,asid_486,4,False,False,2735
2736,asid_2736,1,True,False,2736
2738,asid_5467,6,False,True,5467
2739,asid_2739,3,True,False,2739
2740,asid_910,4,False,False,2740
2741,asid_26382,3,True,False,2741
2742,asid_6442,2,True,True,6442
2743,asid_1090,4,False,False,2743
2745,asid_2745,1,True,False,2745
2746,asid_43,7,False,False,2746
2748,asid_1870,3,False,True,1870
2749,asid_7716,3,True,False,2749
2750,asid_694,1,True,False,2750
2751,asid_690,7,False,True,690
2753,asid_16550,2,True,True,16550
2754,asid_203,10,False,True,190
2755,asid_2755,1,True,False,2755
2756,asid_1756,6,True,False,2756
2758,asid_2758,4,True,False,2758
2760,asid_2760,1,True,False,2760
2763,asid_2763,1,True,False,2763
2764,asid_2764,1,True,False,2764
2765,asid_2765,2,True,False,2765
2766,asid_331,8,False,False,2766
2767,asid_2767,2,True,False,2767
2768,asid_2768,1,True,False,2768
2769,asid_2769,2,True,False,2769
2770,asid_23021,2,False,False,2770
2773,asid_2773,1,True,False,2773
2775,asid_13934,2,False,False,2775
2776,asid_2776,1,True,False,2776
2777,asid_2777,3,False,False,2777
2778,asid_2778,2,True,False,2778
2779,asid_2779,2,False,False,2779
2780,asid_2780,4,True,False,2780
2781,asid_2781,2,True,False,2781
2782,asid_2782,5,False,False,2782
2783,asid_2783,1,True,False,2783
2784,asid_3,13,False,False,2784
2786,asid_2786,2,True,False,2786
2787,asid_2787,3,True,False,2787
2788,asid_2788,1,True,False,2788
2789,asid_2789,3,True,False,2789
2790,asid_4338,2,True,False,2790
2792,asid_2792,1,True,False,2792
2793,asid_2793,2,True,False,2793
2794,asid_1066,2,False,False,2794
2795,asid_2795,1,True,False,2795
2796,asid_795,3,False,False,2796
2797,asid_2797,5,True,False,2797
2798,asid_2798,1,True,False,2798
2799,asid_411,9,False,False,2799
2800,asid_2800,1,True,False,2800
2801,asid_2801,1,True,False,2801
2802,asid_2802,1,True,False,2802
2803,asid_1141,6,True,True,1141
2804,asid_7024,6,False,True,7024
2806,asid_2806,1,True,False,2806
2807,asid_2807,1,True,False,2807
2809,asid_2809,5,False,False,2809
2810,asid_2810,7,False,False,2810
2811,asid_2811,2,True,False,2811
2812,asid_2812,2,False,False,2812
2813,asid_2289,6,False,False,2813
2814,asid_2814,5,False,False,2814
2815,asid_2815,1,True,False,2815
2817,asid_2690,2,True,False,2817
2818,asid_2809,5,False,False,2818
2819,asid_38899,6,False,False,2819
2820,asid_3076,3,False,False,2820
2822,asid_4143,2,True,True,4143
2823,asid_1727,8,False,False,2823
2824,asid_14882,6,False,False,2824
2825,asid_2825,1,True,False,2825
2826,asid_2826,1,True,False,2826
2828,asid_2828,1,True,False,2828
2829,asid_2829,4,True,False,2829
2830,asid_2830,1,True,False,2830
2831,asid_2831,3,True,False,2831
2832,asid_2832,4,False,False,2832
2834,asid_3970,3,False,False,2834
2835,asid_2835,1,True,False,2835
2836,asid_2782,5,False,True,2782
2837,asid_2837,4,False,False,2837
2838,asid_2838,1,True,False,2838
2839,asid_83,2,False,False,2839
2840,asid_2840,1,True,False,2840
2841,asid_2841,1,True,False,2841
2842,asid_5383,10,False,False,2842
2843,asid_676,3,False,False,2843
2844,asid_3141,2,True,False,2844
2845,asid_1224,12,False,False,2845
2846,asid_2846,1,True,False,2846
2847,asid_5310,9,False,True,1668
2848,asid_3240,2,False,False,2848
2849,asid_2849,2,True,False,2849
2850,asid_74,32,False,False,2850
2852,asid_2852,1,True,False,2852
2853,asid_6078,3,True,False,2853
2854,asid_2854,1,True,False,2854
2855,asid_5032,3,False,True,5032
2856,asid_2856,2,True,False,2856
2857,asid_3910,2,True,False,2857
2859,asid_294,6,False,True,294
2860,asid_2860,1,True,False,2860
2861,asid_983,5,False,False,2861
2863,asid_3961,2,True,True,3961
2864,asid_4151,4,True,True,2969
2865,asid_2865,2,True,False,2865
2866,asid_2866,3,True,False,2866
2867,asid_2867,1,True,False,2867
2868,asid_2868,2,True,False,2868
2869,asid_2869,1,True,False,2869
2871,asid_2329,3,False,True,2329
2872,asid_4287,4,True,False,2872
2873,asid_2873,2,True,False,2873
2874,asid_21203,2,False,True,21203
2875,asid_4402,2,True,True,4402
2877,asid_2877,1,True,False,2877
2878,asid_2878,1,True,False,2878
2879,asid_2879,2,True,False,2879
2880,asid_758,2,False,False,2880
2882,asid_2882,1,True,False,2882
2884,asid_2884,3,True,False,2884
2885,asid_10002,2,False,True,10002
2886,asid_1760,2,True,False,2886
2888,asid_2888,1,True,False,2888
2890,asid_506,3,True,False,2890
2891,asid_8486,6,False,False,2891
2892,asid_2682,6,False,False,2892
2893,asid_5310,9,True,True,1668
2894,asid_29209,3,True,True,29209
2895,asid_5466,8,False,True,1231
2896,asid_6800,17,False,False,2896
2898,asid_3456,3,True,False,2898
2900,asid_2900,1,True,False,2900
2901,asid_2901,1,True,False,2901
2902,asid_35927,2,False,True,30288
2903,asid_435,3,False,False,2903
2904,asid_2904,13,False,False,2904
2905,asid_2905,2,True,False,2905
2908,asid_2908,5,False,False,2908
2909,asid_5310,9,False,True,1668
2910,asid_76,15,False,False,2910
2911,asid_872,6,True,True,7905
2913,asid_7202,2,True,True,7202
2916,asid_2374,2,False,False,2916
2917,asid_948,1,True,False,2917
2919,asid_7520,6,False,False,2919
2921,asid_4500,2,False,True,4500
2922,asid_2922,1,True,False,2922
2923,asid_2923,2,True,False,2923
2924,asid_2924,1,True,False,2924
2925,asid_23799,3,False,False,2925
2926,asid_6821,3,True,True,7974
2927,asid_2927,1,True,False,2927
2928,asid_3618,2,True,True,3618
2929,asid_5678,3,True,True,5678
2930,asid_2930,1,True,False,2930
2931,asid_892,2,False,False,2931
2932,asid_30151,4,False,False,2932
2934,asid_1890,4,True,True,1890
2935,asid_632,2,False,True,632
2936,asid_2936,1,True,False,2936
2937,asid_2937,6,False,False,2937
2939,asid_2939,1,True,False,2939
2942,asid_2942,1,True,False,2942
2943,asid_2943,1,True,False,2943
2944,asid_23249,3,True,False,2944
2946,asid_2946,2,True,False,2946
2947,asid_2947,1,True,False,2947
2948,asid_9622,1,True,False,2948
2951,asid_14095,2,False,False,2951
2952,asid_1831,10,False,False,2952
2953,asid_2953,1,True,False,2953
2955,asid_887,3,False,False,2955
2956,asid_2956,1,True,False,2956
2958,asid_2782,5,False,True,2782
2959,asid_2959,1,True,False,2959
2963,asid_1723,2,False,False,2963
2964,asid_2964,1,True,False,2964
2967,asid_2967,4,False,False,2967
2968,asid_19234,2,False,False,2968
2969,asid_4151,4,False,False,2969
2971,asid_2971,1,True,False,2971
2972,asid_5964,5,False,False,2972
2973,asid_3850,3,True,False,2973
2974,asid_2974,1,True,False,2974
2975,asid_2975,2,True,False,2975
2976,asid_226,5,False,False,2976
2978,asid_2978,1,True,False,2978
2979,asid_717,3,False,False,2979
2980,asid_62,13,False,False,2980
2981,asid_2981,2,False,False,2981
2982,asid_977,9,False,False,2982
2983,asid_2983,1,True,False,2983
2984,asid_2984,3,True,False,2984
2985,asid_2985,1,True,False,2985
2986,asid_2986,1,True,False,2986
2987,asid_17367,3,True,True,17367
2988,asid_2988,1,True,False,2988
2990,asid_28635,4,False,False,2990
2991,asid_345,3,False,False,2991
2992,asid_1587,3,False,False,2992
2993,asid_2993,1,True,False,2993
2994,asid_2994,1,True,False,2994
2995,asid_8534,4,False,False,2995
2996,asid_953,5,False,False,2996
2997,asid_1084,7,False,False,2997
2998,asid_7168,2,True,True,7168
2999,asid_841,6,False,False,2999
3001,asid_364,3,False,False,3001
3002,asid_3002,3,True,False,3002
3003,asid_3003,5,False,False,3003
3004,asid_3004,2,False,False,3004
3005,asid_3005,3,True,False,3005
3006,asid_18098,2,False,False,3006
3007,asid_3007,1,True,False,3007
3008,asid_3008,1,True,False,3008
3011,asid_10635,3,False,False,3011
3012,asid_3012,1,True,False,3012
3013,asid_3792,3,False,True,3792
3014,asid_3014,2,True,False,3014
3015,asid_31,10,False,False,3015
3017,asid_1039,5,False,True,1625
3018,asid_3512,7,False,True,1192
3019,asid_3019,4,False,False,3019
3020,asid_3020,1,True,False,3020
3022,asid_680,5,False,True,680
3023,asid_3023,3,False,False,3023
3024,asid_409,6,False,False,3024
3026,asid_3026,2,True,False,3026
3027,asid_2007,1,True,False,3027
3028,asid_3017,1,True,False,3028
3029,asid_3029,1,True,False,3029
3030,asid_3030,7,True,False,3030
3031,asid_775,1,True,False,3031
3033,asid_14781,3,False,True,14781
3034,asid_5310,9,False,True,8577
3036,asid_3036,3,True,False,3036
3038,asid_134,6,False,False,3038
3039,asid_3039,5,True,False,3039
3042,asid_182,5,False,False,3042
3043,asid_3043,1,True,False,3043
3044,asid_3044,2,True,False,3044
3047,asid_5964,5,False,True,2972
3048,asid_1531,5,False,False,3048
3050,asid_3050,2,True,False,3050
3051,asid_955,5,False,True,955
3054,asid_3054,2,False,False,3054
3055,asid_3055,5,True,False,3055
3057,asid_1009,3,False,False,3057
3058,asid_2381,5,False,False,3058
3059,asid_3213,2,True,True,3213
3060,asid_3060,4,True,False,3060
3061,asid_3061,1,True,False,3061
3062,asid_3062,1,True,False,3062
3063,asid_10089,4,False,True,10089
3064,asid_3064,1,True,False,3064
3066,asid_3066,2,True,False,3066
3067,asid_3067,1,True,False,3067
3069,asid_33638,7,False,True,33638
3070,asid_11223,5,True,True,11223
3071,asid_442,2,True,False,3071
3072,asid_3072,2,True,False,3072
3073,asid_3005,3,False,True,3005
3074,asid_7821,2,True,True,7821
3075,asid_894,2,True,True,894
3076,asid_3076,3,False,False,3076
3077,asid_16639,2,False,False,3077
3079,asid_918,7,False,False,3079
3080,asid_3080,2,True,False,3080
3082,asid_10935,5,True,True,10935
3083,asid_3083,1,True,False,3083
3084,asid_3084,4,True,False,3084
3085,asid_3379,2,True,False,3085
3087,asid_3087,2,False,False,3087
3090,asid_1688,3,True,False,3090
3091,asid_6319,4,False,False,3091
3093,asid_3093,1,True,False,3093
3095,asid_3095,1,True,False,3095
3098,asid_3098,5,False,False,3098
3099,asid_3099,1,True,False,3099
3100,asid_1085,4,False,False,3100
3101,asid_332,3,False,False,3101
3102,asid_579,3,False,False,3102
3103,asid_3103,1,True,False,3103
3104,asid_3104,1,True,False,3104
3106,asid_3106,1,True,False,3106
3107,asid_3107,1,True,False,3107
3108,asid_1828,12,False,False,3108
3109,asid_1828,12,False,False,3109
3110,asid_955,5,False,True,955
3111,asid_3111,1,True,False,3111
3113,asid_25735,2,False,True,25735
3114,asid_420,1,True,False,3114
3115,asid_711,2,False,False,3115
3119,asid_3119,2,True,False,3119
3120,asid_7836,3,False,False,3120
3121,asid_3121,1,True,False,3121
3122,asid_3122,3,True,False,3122
3123,asid_3123,1,True,False,3123
3124,asid_3124,1,True,False,3124
3125,asid_26628,1,True,False,3125
3126,asid_2058,3,True,False,3126
3127,asid_7025,2,False,True,7025
3128,asid_890,6,False,False,3128
3129,asid_3129,3,False,False,3129
3130,asid_3130,2,True,False,3130
3131,asid_3131,6,False,False,3131
3132,asid_1669,4,True,True,1669
3133,asid_23225,6,False,False,3133
3134,asid_3134,1,True,False,3134
3135,asid_19283,4,False,True,19283
3138,asid_3138,2,False,False,3138
3139,asid_3139,1,True,False,3139
3140,asid_4125,6,False,False,3140
3141,asid_3141,2,False,False,3141
3142,asid_3142,2,True,False,3142
3143,asid_5682,3,False,True,5682
3144,asid_787,7,True,True,787
3145,asid_3145,1,True,False,3145
3146,asid_512,1,True,False,3146
3147,asid_3147,1,True,False,3147
3148,asid_3148,1,True,False,3148
3149,asid_3149,5,True,False,3149
3151,asid_4326,1,True,False,3151
3152,asid_3152,1,True,False,3152
3153,asid_3153,1,True,False,3153
3154,asid_8906,4,False,False,3154
3155,asid_3155,1,True,False,3155
3156,asid_853,8,False,False,3156
3157,asid_3157,2,False,False,3157
3158,asid_3158,2,False,False,3158
3159,asid_3159,3,False,False,3159
3162,asid_372,2,False,False,3162
3163,asid_3163,1,True,False,3163
3164,asid_3164,2,True,False,3164
3165,asid_37563,2,False,False,3165
3166,asid_3166,1,True,False,3166
3167,asid_3167,1,True,False,3167
3168,asid_13710,5,False,False,3168
3169,asid_522,8,False,False,3169
3171,asid_1023,3,False,False,3171
3172,asid_3172,2,True,False,3172
3173,asid_3173,1,True,False,3173
3174,asid_1955,6,False,False,3174
3175,asid_3175,4,False,False,3175
3176,asid_3176,2,True,False,3176
3177,asid_3177,1,True,False,3177
3179,asid_3179,1,True,False,3179
3180,asid_4929,1,True,False,3180
3181,asid_1242,18,False,True,3718
3182,asid_2669,2,True,True,2669
3183,asid_5738,10,False,False,3183
3184,asid_3184,1,True,False,3184
3185,asid_7469,2,False,True,7469
3186,asid_1030,5,True,False,3186
3187,asid_3187,2,True,False,3187
3188,asid_12039,2,True,False,3188
3189,asid_877,2,False,False,3189
3190,asid_3190,2,True,False,3190
3191,asid_3191,1,True,False,3191
3192,asid_3192,3,True,False,3192
3193,asid_3193,2,True,False,3193
3194,asid_3194,1,True,False,3194
3195,asid_3195,2,True,False,3195
3198,asid_5540,2,False,True,5540
3199,asid_511,4,False,False,3199
3201,asid_3201,1,True,False,3201
3202,asid_3202,2,True,False,3202
3203,asid_549,8,False,False,3203
3204,asid_3204,2,True,False,3204
3205,asid_3205,1,True,False,3205
3206,asid_3206,2,True,False,3206
3207,asid_10,14,False,False,3207
3210,asid_3210,1,True,False,3210
3211,asid_3659,8,False,False,3211
3212,asid_3212,1,True,False,3212
3213,asid_3213,2,False,False,3213
3214,asid_3214,3,True,False,3214
3216,asid_825,2,False,False,3216
3218,asid_3218,1,True,False,3218
3219,asid_3219,3,False,False,3219
3221,asid_3221,1,True,False,3221
3222,asid_6264,4,False,True,6264
3223,asid_23881,2,False,True,23881
3224,asid_3872,2,False,True,3872
3227,asid_1778,2,False,True,1778
3229,asid_3229,2,False,False,3229
3230,asid_11187,5,False,True,11187
3231,asid_1044,2,True,False,3231
3233,asid_3233,1,True,False,3233
3234,asid_3234,2,True,False,3234
3235,asid_16976,2,False,True,16976
3236,asid_3236,2,True,False,3236
3237,asid_3237,1,True,False,3237
3238,asid_64,14,False,False,3238
3239,asid_3239,2,True,False,3239
3240,asid_3240,2,True,False,3240
3241,asid_853,8,False,True,3156
3243,asid_1019,6,False,False,3243
3244,asid_3244,2,True,False,3244
3245,asid_3245,1,True,False,3245
3246,asid_3246,1,True,False,3246
3247,asid_37227,2,True,False,3247
3248,asid_3659,8,False,False,3248
3249,asid_3249,3,True,False,3249
3250,asid_3250,2,False,False,3250
3251,asid_4056,2,False,True,4056
3253,asid_3253,4,False,False,3253
3254,asid_3254,4,False,False,3254
3256,asid_3256,2,False,False,3256
3257,asid_6791,3,True,True,6791
3258,asid_3258,1,True,False,3258
3259,asid_709,6,True,True,1753
3260,asid_3260,2,True,False,3260
3261,asid_8988,3,True,False,3261
3262,asid_18046,5,True,True,18046
3263,asid_3263,1,True,False,3263
3264,asid_872,6,False,False,3264
3266,asid_3266,1,True,False,3266
3267,asid_9523,1,True,False,3267
3268,asid_1284,3,False,False,3268
3269,asid_5,12,False,False,3269
3270,asid_3270,1,True,False,3270
3271,asid_3271,1,True,False,3271
3272,asid_3272,1,True,False,3272
3274,asid_3274,3,True,False,3274
3275,asid_3275,2,False,False,3275
3276,asid_3276,2,True,False,3276
3277,asid_3277,2,True,False,3277
3278,asid_10064,2,True,True,10064
3279,asid_4653,4,True,True,4653
3280,asid_10186,2,True,True,10186
3283,asid_3283,1,True,False,3283
3284,asid_15382,2,False,False,3284
3285,asid_546,1,True,False,3285
3286,asid_3286,1,True,False,3286
3287,asid_3287,10,False,False,3287
3288,asid_3288,2,True,False,3288
3289,asid_3289,1,True,False,3289
3290,asid_992,3,False,False,3290
3291,asid_3291,1,True,False,3291
3292,asid_3292,1,True,False,3292
3293,asid_14821,3,True,True,14821
3294,asid_1802,3,False,True,1802
3295,asid_3295,1,True,False,3295
3296,asid_3296,2,True,False,3296
3297,asid_1021,2,False,False,3297
3298,asid_8117,3,False,True,8117
3299,asid_3299,1,True,False,3299
3300,asid_3300,1,True,False,3300
3301,asid_881,6,False,False,3301
3302,asid_3302,1,True,False,3302
3303,asid_456,1,True,False,3303
3304,asid_317,13,False,False,3304
3305,asid_11921,4,True,False,3305
3308,asid_3308,1,True,False,3308
3310,asid_22305,2,True,False,3310
3311,asid_1469,1,True,False,3311
3312,asid_3312,6,True,False,3312
3313,asid_3313,1,True,False,3313
3314,asid_2329,3,True,False,3314
3315,asid_8570,3,True,True,8570
3316,asid_3316,1,True,False,3316
3317,asid_900,1,True,False,3317
3318,asid_3318,3,True,False,3318
3319,asid_3319,1,True,False,3319
3321,asid_3321,3,False,True,1342
3325,asid_1547,6,False,False,3325
3326,asid_3326,2,True,False,3326
3328,asid_3328,1,True,False,3328
3330,asid_3330,2,True,False,3330
3331,asid_1044,2,False,False,3331
3333,asid_3333,1,True,False,3333
3334,asid_1916,2,True,False,3334
3335,asid_3335,2,True,False,3335
3336,asid_3336,1,True,False,3336
3337,asid_3881,2,False,False,3337
3338,asid_3338,3,False,False,3338
3341,asid_3341,1,True,False,3341
3343,asid_3343,1,True,False,3343
3345,asid_12288,6,False,False,3345
3346,asid_3985,4,True,True,3985
3347,asid_2420,3,False,False,3347
3348,asid_11263,2,False,False,3348
3349,asid_3349,1,True,False,3349
3350,asid_3350,1,True,False,3350
3351,asid_15839,4,False,False,3351
3352,asid_15784,4,False,True,15784
3353,asid_3353,1,True,False,3353
3354,asid_4976,2,False,False,3354
3355,asid_3355,1,True,False,3355
3357,asid_28055,2,True,False,3357
3358,asid_3358,1,True,False,3358
3359,asid_5988,2,True,True,5988
3360,asid_3360,2,False,False,3360
3361,asid_3361,3,False,False,3361
3362,asid_1611,1,True,False,3362
3363,asid_5310,9,False,True,1668
3364,asid_3364,1,True,False,3364
3365,asid_3365,4,False,False,3365
3366,asid_8774,6,True,True,5862
3368,asid_3368,2,False,False,3368
3369,asid_3369,1,True,False,3369
3370,asid_821,3,False,False,3370
3371,asid_3371,1,True,False,3371
3372,asid_2849,2,False,True,2849
3373,asid_3373,1,True,False,3373
3375,asid_3375,1,True,False,3375
3376,asid_469,4,True,True,469
3378,asid_3378,2,True,False,3378
3379,asid_3379,2,False,False,3379
3380,asid_3380,1,True,False,3380
3381,asid_14117,2,True,False,3381
3382,asid_3382,1,True,False,3382
3386,asid_3386,5,False,False,3386
3387,asid_4086,5,False,False,3387
3389,asid_3389,2,False,False,3389
3391,asid_3391,1,True,False,3391
3392,asid_3392,3,True,False,3392
3394,asid_3394,1,True,False,3394
3395,asid_2525,3,True,False,3395
3396,asid_3396,1,True,False,3396
3398,asid_3398,3,True,False,3398
3399,asid_3399,1,True,False,3399
3400,asid_6334,6,False,False,3400
3402,asid_3402,1,True,False,3402
3403,asid_11053,6,False,True,11053
3404,asid_3404,12,False,False,3404
3405,asid_3405,1,True,False,3405
3406,asid_182,5,False,True,182
3407,asid_3407,4,False,False,3407
3408,asid_3408,4,True,False,3408
3410,asid_3431,7,False,True,3431
3411,asid_3626,3,True,False,3411
3412,asid_8612,3,True,True,8612
3413,asid_4337,4,True,False,3413
3414,asid_3414,1,True,False,3414
3415,asid_316,4,False,False,3415
3416,asid_74,32,False,False,3416
3417,asid_37681,4,False,False,3417
3418,asid_1234,2,False,False,3418
3419,asid_11836,1,True,False,3419
3420,asid_617,2,False,False,3420
3422,asid_38899,6,False,True,38899
3423,asid_286,3,False,False,3423
3424,asid_68,12,False,False,3424
3425,asid_3425,1,True,False,3425
3426,asid_3492,3,False,False,3426
3427,asid_1040,2,True,False,3427
3428,asid_660,7,False,False,3428
3429,asid_2,12,False,False,3429
3430,asid_3430,1,True,False,3430
3431,asid_3431,7,False,False,3431
3432,asid_3432,1,True,False,3432
3434,asid_3434,13,False,False,3434
3435,asid_3435,3,True,False,3435
3436,asid_40257,2,False,True,40257
3438,asid_1037,3,False,False,3438
3439,asid_2449,3,True,False,3439
3440,asid_3386,5,True,True,10164
3442,asid_1330,2,True,False,3442
3443,asid_3443,1,True,False,3443
3445,asid_126,8,False,False,3445
3446,asid_3446,3,False,False,3446
3447,asid_3447,2,True,False,3447
3449,asid_3449,2,True,False,3449
3450,asid_3450,1,True,False,3450
3451,asid_3451,2,False,False,3451
3452,asid_3452,1,True,False,3452
3453,asid_3453,1,True,False,3453
3454,asid_754,4,False,False,3454
3456,asid_3456,3,False,False,3456
3457,asid_3457,3,False,False,3457
3458,asid_1719,5,False,False,3458
3459,asid_20271,2,False,False,3459
3461,asid_3461,1,True,False,3461
3462,asid_545,6,False,False,3462
3463,asid_1056,2,False,False,3463
3465,asid_2781,2,False,False,3465
3467,asid_1890,4,False,False,3467
3468,asid_3468,2,True,False,3468
3469,asid_509,4,False,False,3469
3471,asid_1378,2,False,False,3471
3473,asid_4451,2,True,False,3473
3474,asid_2415,3,False,False,3474
3475,asid_3475,1,True,False,3475
3476,asid_3476,5,False,False,3476
3477,asid_1806,3,False,False,3477
3479,asid_24543,2,True,False,3479
3481,asid_20379,2,False,True,20379
3482,asid_7734,1,True,False,3482
3483,asid_3483,2,False,False,3483
3484,asid_12594,2,False,False,3484
3485,asid_1069,7,False,True,1458
3486,asid_19609,3,False,False,3486
3487,asid_3487,1,True,False,3487
3489,asid_3489,1,True,False,3489
3490,asid_2811,2,False,False,3490
3491,asid_10,14,False,False,3491
3492,asid_3492,3,False,False,3492
3493,asid_1132,3,False,False,3493
3494,asid_3494,1,True,False,3494
3495,asid_292,7,False,False,3495
3496,asid_1242,18,False,False,3496
3497,asid_7721,2,True,False,3497
3498,asid_8245,4,False,False,3498
3499,asid_504,4,False,False,3499
3500,asid_3500,1,True,False,3500
3501,asid_1839,5,False,False,3501
3504,asid_3431,7,True,False,3504
3506,asid_7415,2,True,True,7415
3508,asid_608,4,False,False,3508
3509,asid_3509,1,True,False,3509
3510,asid_3510,1,True,False,3510
3511,asid_29,8,False,False,3511
3512,asid_3512,7,False,False,3512
3513,asid_6334,6,False,False,3513
3514,asid_3514,3,False,False,3514
3515,asid_36108,1,True,False,3515
3516,asid_3516,4,True,False,3516
3517,asid_3517,2,False,False,3517
3518,asid_8557,2,True,False,3518
3519,asid_10976,1,True,False,3519
3520,asid_3520,1,True,False,3520
3521,asid_3521,1,True,False,3521
3522,asid_3522,1,True,False,3522
3523,asid_3523,2,True,False,3523
3524,asid_3524,1,True,False,3524
3525,asid_3525,1,True,False,3525
3526,asid_3526,2,True,False,3526
3528,asid_3528,5,False,False,3528
3529,asid_10,14,False,False,3529
3530,asid_9253,4,False,False,3530
3532,asid_3532,8,False,False,3532
3533,asid_3533,1,True,False,3533
3534,asid_1689,7,False,False,3534
3535,asid_3940,3,False,False,3535
3536,asid_1333,1,True,False,3536
3537,asid_3087,2,True,True,3087
3538,asid_74,32,False,False,3538
3539,asid_35552,2,True,True,35552
3540,asid_2082,2,False,False,3540
3541,asid_3558,4,False,False,3541
3542,asid_3542,1,True,False,3542
3543,asid_9128,2,True,True,9128
3544,asid_2705,2,False,False,3544
3545,asid_1337,1,True,False,3545
3546,asid_9080,2,True,False,3546
3547,asid_1429,3,False,False,3547
3548,asid_7163,4,False,False,3548
3549,asid_2625,2,True,False,3549
3550,asid_3550,1,True,False,3550
3551,asid_12571,4,False,False,3551
3552,asid_6342,3,False,False,3552
3555,asid_895,4,False,False,3555
3556,asid_537,2,False,False,3556
3557,asid_10135,2,False,True,10135
3558,asid_3558,4,True,False,3558
3559,asid_3559,12,False,False,3559
3560,asid_3560,1,True,False,3560
3561,asid_3561,2,True,False,3561
3562,asid_3562,1,True,False,3562
3564,asid_3564,1,True,False,3564
3566,asid_2176,2,False,False,3566
3567,asid_3567,1,True,False,3567
3568,asid_816,5,False,False,3568
3569,asid_2715,6,False,False,3569
3571,asid_3571,1,True,False,3571
3572,asid_3572,2,True,False,3572
3573,asid_3573,1,True,False,3573
3574,asid_3574,1,True,False,3574
3575,asid_3575,1,True,False,3575
3576,asid_133,11,False,False,3576
3577,asid_3577,4,False,False,3577
3578,asid_240,15,False,False,3578
3579,asid_3579,1,True,False,3579
3580,asid_3431,7,False,False,3580
3581,asid_3581,1,True,False,3581
3583,asid_2504,2,False,True,2504
3584,asid_7403,2,True,False,3584
3585,asid_3609,3,False,True,3609
3586,asid_3586,2,True,False,3586
3587,asid_3587,2,True,False,3587
3589,asid_7130,2,True,False,3589
3590,asid_1467,1,True,False,3590
3591,asid_3591,1,True,False,3591
3593,asid_3593,1,True,False,3593
3595,asid_3595,1,True,False,3595
3597,asid_3597,1,True,False,3597
3598,asid_4493,2,True,False,3598
3599,asid_3599,2,True,False,3599
3600,asid_3600,3,True,False,3600
3601,asid_3601,3,False,False,3601
3602,asid_685,4,False,False,3602
3603,asid_401,3,False,True,401
3604,asid_3799,5,True,True,3799
3605,asid_48412,3,True,False,3605
3606,asid_33642,1,True,False,3606
3607,asid_3607,1,True,False,3607
3608,asid_3608,2,True,False,3608
3609,asid_3609,3,True,False,3609
3610,asid_3119,2,False,True,3119
3611,asid_32,17,False,False,3611
3613,asid_3613,1,True,False,3613
3616,asid_3616,1,True,False,3616
3617,asid_12671,5,False,True,12671
3618,asid_3618,2,False,False,3618
3619,asid_3619,1,True,False,3619
3620,asid_3620,1,True,False,3620
3621,asid_3621,1,True,False,3621
3622,asid_3622,1,True,False,3622
3623,asid_1960,2,False,False,3623
3624,asid_3624,2,False,False,3624
3625,asid_1073,3,False,False,3625
3626,asid_3626,3,False,False,3626
3628,asid_608,4,False,False,3628
3629,asid_3629,2,True,False,3629
3632,asid_1880,7,False,False,3632
3633,asid_2308,1,True,False,3633
3634,asid_3634,1,True,False,3634
3635,asid_3635,1,True,False,3635
3636,asid_3636,2,True,False,3636
3637,asid_3637,1,True,False,3637
3639,asid_3639,1,True,False,3639
3640,asid_1531,5,False,False,3640
3641,asid_3641,3,False,False,3641
3642,asid_3642,1,True,False,3642
3643,asid_3643,6,True,False,3643
3644,asid_3644,1,True,False,3644
3645,asid_30418,1,True,False,3645
3647,asid_3647,1,True,False,3647
3649,asid_3098,5,False,False,3649
3650,asid_2361,7,False,False,3650
3651,asid_1904,1,True,False,3651
3652,asid_3652,2,True,False,3652
3653,asid_3653,1,True,False,3653
3654,asid_1174,6,False,False,3654
3655,asid_3655,2,True,False,3655
3656,asid_9302,3,False,False,3656
3657,asid_5922,2,True,False,3657
3658,asid_901,2,False,False,3658
3659,asid_3659,8,True,False,3659
3661,asid_1320,5,True,True,1320
3662,asid_87,2,False,False,3662
3663,asid_3663,1,True,False,3663
3664,asid_46105,3,False,True,27803
3665,asid_3665,1,True,False,3665
3666,asid_3666,1,True,False,3666
3667,asid_4378,2,False,True,4378
3669,asid_3669,1,True,False,3669
3671,asid_3671,1,True,False,3671
3672,asid_29,8,True,True,529
3673,asid_937,2,False,False,3673
3675,asid_836,3,False,False,3675
3676,asid_3676,1,True,False,3676
3677,asid_4755,2,True,False,3677
3678,asid_68,12,False,False,3678
3679,asid_3679,1,True,False,3679
3680,asid_2777,3,True,False,3680
3681,asid_536,1,True,False,3681
3684,asid_3684,1,True,False,3684
3685,asid_1757,3,False,False,3685
3686,asid_11053,6,False,True,11053
3687,asid_3687,1,True,False,3687
3688,asid_4771,4,False,False,3688
3689,asid_501,6,False,False,3689
3690,asid_3690,1,True,False,3690
3692,asid_7711,2,True,True,7711
3693,asid_214,10,False,False,3693
3695,asid_2088,4,False,True,2088
3696,asid_3696,1,True,False,3696
3697,asid_3697,3,True,False,3697
3698,asid_545,6,False,True,545
3699,asid_3699,1,True,False,3699
3700,asid_4330,2,False,True,4330
3701,asid_49,12,False,False,3701
3702,asid_6334,6,True,False,3702
3703,asid_1535,2,False,False,3703
3704,asid_557,3,False,False,3704
3706,asid_355,3,False,False,3706
3707,asid_34,5,False,False,3707
3708,asid_3820,3,False,False,3708
3709,asid_3709,4,True,False,3709
3711,asid_3711,1,True,False,3711
3712,asid_3712,2,False,False,3712
3714,asid_3714,1,True,False,3714
3716,asid_10119,2,True,False,3716
3717,asid_11053,6,False,True,11053
3718,asid_1242,18,False,False,3718
3719,asid_32520,4,True,True,3905
3720,asid_3720,1,True,False,3720
3721,asid_521,4,True,True,9816
3722,asid_3722,2,False,False,3722
3723,asid_1413,4,False,False,3723
3724,asid_3724,1,True,False,3724
3725,asid_3725,2,True,False,3725
3726,asid_3726,1,True,False,3726
3727,asid_432,3,False,False,3727
3728,asid_4707,6,False,False,3728
3729,asid_3729,1,True,False,3729
3730,asid_3730,3,True,False,3730
3731,asid_3731,1,True,False,3731
3732,asid_3732,1,True,False,3732
3733,asid_3733,4,True,False,3733
3734,asid_3734,2,True,False,3734
3735,asid_3735,1,True,False,3735
3736,asid_3736,2,True,False,3736
3738,asid_3738,2,False,False,3738
3739,asid_616,12,False,False,3739
3740,asid_4982,5,False,True,1312
3741,asid_3741,1,True,False,3741
3743,asid_3743,1,True,False,3743
3744,asid_3744,1,True,False,3744
3746,asid_3746,2,True,False,3746
3747,asid_3747,3,False,False,3747
3748,asid_3748,4,True,False,3748
3749,asid_3749,2,True,False,3749
3750,asid_3750,1,True,False,3750
3751,asid_867,2,False,False,3751
3752,asid_3030,7,False,False,3752
3753,asid_3753,1,True,False,3753
3754,asid_12676,3,True,True,12676
3756,asid_8534,4,True,True,8534
3758,asid_3758,1,True,False,3758
3759,asid_3759,1,True,False,3759
3760,asid_3760,2,True,False,3760
3761,asid_3761,1,True,False,3761
3762,asid_3762,1,True,False,3762
3764,asid_3764,3,False,False,3764
3765,asid_840,2,False,False,3765
3766,asid_3766,1,True,False,3766
3767,asid_3767,1,True,False,3767
3768,asid_899,6,False,False,3768
3769,asid_3769,3,False,False,3769
3770,asid_3770,1,True,False,3770
3775,asid_3775,2,True,False,3775
3777,asid_3777,1,True,False,3777
3778,asid_4044,3,True,True,4044
3779,asid_1159,3,False,False,3779
3780,asid_3780,1,True,False,3780
3781,asid_1521,2,False,False,3781
3782,asid_3782,3,True,False,3782
3783,asid_7552,2,True,True,7552
3785,asid_3785,2,False,False,3785
3786,asid_3786,1,True,False,3786
3787,asid_4198,3,False,False,3787
3789,asid_1064,6,False,False,3789
3791,asid_7824,10,False,False,3791
3792,asid_3792,3,True,False,3792
3793,asid_4526,3,False,False,3793
3795,asid_3795,1,True,False,3795
3796,asid_3796,2,True,False,3796
3797,asid_3797,1,True,False,3797
3798,asid_3798,1,True,False,3798
3799,asid_3799,5,False,False,3799
3801,asid_3801,1,True,False,3801
3802,asid_3802,4,False,False,3802
3803,asid_3803,1,True,False,3803
3804,asid_3583,1,True,False,3804
3805,asid_15112,3,False,False,3805
3807,asid_3807,1,True,False,3807
3808,asid_3808,3,True,False,3808
3809,asid_3809,1,True,False,3809
3810,asid_1105,2,False,False,3810
3811,asid_3811,1,True,False,3811
3813,asid_749,4,False,False,3813
3814,asid_3814,1,True,False,3814
3815,asid_3815,1,True,False,3815
3816,asid_134,6,False,False,3816
3817,asid_4438,4,False,False,3817
3818,asid_558,7,False,False,3818
3819,asid_1955,6,False,False,3819
3820,asid_3820,3,True,False,3820
3821,asid_5255,2,False,True,5255
3822,asid_30276,4,False,False,3822
3823,asid_1181,3,True,False,3823
3824,asid_3824,2,False,False,3824
3825,asid_3825,1,True,False,3825
3826,asid_3826,1,True,False,3826
3827,asid_13126,4,True,True,17938
3828,asid_9411,2,True,True,9411
3829,asid_193,11,False,False,3829
3830,asid_3830,2,True,False,3830
3833,asid_3833,3,True,False,3833
3834,asid_5621,2,True,True,5621
3836,asid_1121,1,True,False,3836
3837,asid_3604,1,True,False,3837
3839,asid_3287,10,False,False,3839
3840,asid_3840,1,True,False,3840
3843,asid_3843,4,False,False,3843
3844,asid_1242,18,False,False,3844
3845,asid_3845,4,False,False,3845
3846,asid_11383,1,True,False,3846
3847,asid_29586,2,False,True,29586
3848,asid_3848,2,True,False,3848
3849,asid_6495,2,True,False,3849
3850,asid_3850,3,False,False,3850
3852,asid_3852,1,True,False,3852
3853,asid_3192,3,False,False,3853
3855,asid_3030,7,False,False,3855
3856,asid_3856,1,True,False,3856
3857,asid_3857,2,True,False,3857
3858,asid_6307,3,True,True,6307
3859,asid_474,2,False,False,3859
3860,asid_8316,2,True,False,3860
3861,asid_3861,1,True,False,3861
3862,asid_3862,1,True,False,3862
3863,asid_3863,1,True,False,3863
3864,asid_3864,1,True,False,3864
3866,asid_826,5,False,False,3866
3867,asid_3867,1,True,False,3867
3868,asid_3868,1,True,False,3868
3869,asid_3869,1,True,False,3869
3870,asid_3870,1,True,False,3870
3871,asid_1477,6,False,False,3871
3872,asid_3872,2,True,False,3872
3874,asid_3874,1,True,False,3874
3877,asid_5448,3,False,True,5448
3878,asid_3878,3,False,False,3878
3879,asid_3879,3,True,False,3879
3881,asid_3881,2,True,False,3881
3882,asid_1011,2,False,False,3882
3883,asid_606,8,True,True,606
3884,asid_3884,6,False,False,3884
3885,asid_3885,1,True,False,3885
3886,asid_640,6,False,False,3886
3887,asid_3887,1,True,False,3887
3888,asid_3888,1,True,False,3888
3889,asid_9370,2,False,True,9370
3890,asid_30216,3,False,True,30216
3892,asid_3892,2,True,False,3892
3893,asid_11599,1,True,False,3893
3894,asid_6112,2,False,True,6112
3895,asid_3895,1,True,False,3895
3896,asid_3896,2,True,False,3896
3898,asid_3898,2,True,False,3898
3899,asid_1594,4,False,False,3899
3900,asid_1353,5,False,False,3900
3901,asid_3901,1,True,False,3901
3902,asid_2027,3,False,False,3902
3903,asid_13625,2,True,True,13625
3904,asid_3904,1,True,False,3904
3905,asid_32520,4,False,False,3905
3906,asid_18711,3,False,True,18711
3907,asid_9446,1,True,False,3907
3908,asid_3908,1,True,False,3908
3909,asid_222,10,False,False,3909
3910,asid_3910,2,False,False,3910
3911,asid_3911,2,False,False,3911
3912,asid_13892,3,True,True,24282
3913,asid_515,5,False,False,3913
3915,asid_2224,3,False,False,3915
3916,asid_3916,1,True,False,3916
3917,asid_3917,1,True,False,3917
3918,asid_3918,1,True,False,3918
3919,asid_515,5,False,False,3919
3920,asid_3920,1,True,False,3920
3921,asid_3921,1,True,False,3921
3922,asid_3922,1,True,False,3922
3924,asid_3924,2,True,False,3924
3925,asid_1244,2,False,False,3925
3926,asid_3926,1,True,False,3926
3927,asid_64,14,False,True,238
3928,asid_3928,2,True,False,3928
3929,asid_3929,1,True,False,3929
3931,asid_240,15,False,False,3931
3932,asid_3932,1,True,False,3932
3933,asid_5467,6,True,True,5467
3934,asid_3934,1,True,False,3934
3935,asid_3935,1,True,False,3935
3937,asid_7160,2,True,True,7160
3938,asid_3938,1,True,False,3938
3939,asid_3939,1,True,False,3939
3940,asid_3940,3,True,False,3940
3941,asid_1079,3,False,False,3941
3942,asid_6264,4,False,True,6264
3943,asid_23871,2,True,False,3943
3944,asid_2667,2,False,False,3944
3945,asid_3945,2,True,False,3945
3946,asid_3946,1,True,False,3946
3947,asid_3947,1,True,False,3947
3948,asid_3948,1,True,False,3948
3949,asid_3949,3,True,False,3949
3950,asid_3950,5,True,False,3950
3951,asid_11053,6,False,True,11053
3953,asid_6123,6,False,False,3953
3954,asid_1883,3,False,False,3954
3955,asid_3955,1,True,False,3955
3956,asid_273,6,False,False,3956
3957,asid_1208,2,False,False,3957
3958,asid_3958,1,True,False,3958
3960,asid_6535,2,True,True,6535
3961,asid_3961,2,False,False,3961
3962,asid_3962,4,False,False,3962
3964,asid_14618,11,False,False,3964
3965,asid_2487,3,False,False,3965
3967,asid_3967,1,True,False,3967
3968,asid_5157,2,True,False,3968
3970,asid_3970,3,False,False,3970
3971,asid_3971,1,True,False,3971
3972,asid_18909,4,False,False,3972
3973,asid_179,7,False,False,3973
3974,asid_1181,3,False,False,3974
3975,asid_5243,2,True,True,5243
3976,asid_23180,2,False,False,3976
3977,asid_3977,4,False,False,3977
3980,asid_3980,1,True,False,3980
3981,asid_5938,3,True,False,3981
3982,asid_2904,13,False,False,3982
3983,asid_3983,2,True,False,3983
3984,asid_3984,1,True,False,3984
3985,asid_3985,4,False,False,3985
3986,asid_3986,1,True,False,3986
3987,asid_3987,3,True,False,3987
3988,asid_3988,1,True,False,3988
3989,asid_3764,3,False,False,3989
3990,asid_3990,2,True,False,3990
3991,asid_881,6,False,False,3991
3992,asid_4527,4,False,False,3992
3993,asid_5902,9,False,False,3993
3994,asid_3994,4,False,False,3994
3995,asid_2043,2,False,True,2043
3996,asid_3996,1,True,False,3996
3997,asid_3997,1,True,False,3997
3998,asid_1817,3,False,False,3998
3999,asid_1492,1,True,False,3999
4001,asid_4001,1,True,False,4001
4003,asid_4003,3,False,False,4003
4004,asid_1431,3,False,False,4004
4005,asid_4005,1,True,False,4005
4007,asid_4007,2,False,False,4007
4010,asid_13049,2,True,True,13049
4011,asid_4011,1,True,False,4011
4012,asid_16489,2,True,True,16489
4013,asid_4013,1,True,False,4013
4014,asid_4014,4,False,False,4014
4015,asid_4015,1,True,False,4015
4018,asid_4018,2,True,False,4018
4019,asid_4019,2,True,False,4019
4020,asid_4020,2,True,False,4020
4021,asid_4021,1,True,False,4021
4022,asid_4022,3,False,False,4022
4023,asid_10398,5,False,True,10398
4024,asid_2403,2,False,False,4024
4029,asid_4029,1,True,False,4029
4030,asid_4030,2,False,False,4030
4032,asid_4032,1,True,False,4032
4033,asid_4033,1,True,False,4033
4034,asid_829,1,True,False,4034
4036,asid_4036,1,True,False,4036
4037,asid_690,7,False,False,4037
4038,asid_4086,5,False,False,4038
4040,asid_235,20,True,True,2634
4041,asid_4041,2,False,False,4041
4042,asid_4042,3,False,False,4042
4043,asid_4043,4,False,False,4043
4044,asid_4044,3,False,False,4044
4045,asid_4045,2,True,False,4045
4046,asid_4046,2,True,False,4046
4048,asid_4048,1,True,False,4048
4049,asid_3749,2,False,False,4049
4050,asid_4050,1,True,False,4050
4051,asid_4051,1,True,False,4051
4052,asid_4052,1,True,False,4052
4053,asid_4053,7,False,False,4053
4054,asid_4054,1,True,False,4054
4055,asid_558,7,False,True,7411
4056,asid_4056,2,True,False,4056
4057,asid_4057,1,True,False,4057
4058,asid_4058,2,True,False,4058
4059,asid_4059,1,True,False,4059
4063,asid_1122,3,False,False,4063
4064,asid_4064,1,True,False,4064
4065,asid_4789,2,False,False,4065
4066,asid_4066,1,True,False,4066
4067,asid_9381,4,False,False,4067
4068,asid_4068,1,True,False,4068
4069,asid_1594,4,False,True,1594
4070,asid_4070,1,True,False,4070
4071,asid_4071,3,False,False,4071
4072,asid_4072,1,True,False,4072
4073,asid_12288,6,False,True,3345
4074,asid_4074,1,True,False,4074
4075,asid_4289,2,True,False,4075
4076,asid_4076,2,True,False,4076
4077,asid_4077,1,True,False,4077
4078,asid_4042,3,True,True,4042
4079,asid_4079,1,True,False,4079
4081,asid_4081,1,True,False,4081
4083,asid_2089,3,True,False,4083
4084,asid_9842,3,True,False,4084
4086,asid_4086,5,False,False,4086
4088,asid_4088,1,True,False,4088
4089,asid_4089,3,False,False,4089
4091,asid_4091,1,True,False,4091
4092,asid_4092,2,True,False,4092
4094,asid_2383,2,True,False,4094
4095,asid_4771,4,False,False,4095
4096,asid_4096,1,True,False,4096
4097,asid_4097,2,False,False,4097
4098,asid_4098,1,True,False,4098
4099,asid_1276,2,True,False,4099
4101,asid_10709,5,False,False,4101
4102,asid_3659,8,False,False,4102
4104,asid_4104,1,True,False,4104
4105,asid_4105,2,True,False,4105
4106,asid_3338,3,False,False,4106
4108,asid_3130,2,False,False,4108
4109,asid_24998,3,True,False,4109
4110,asid_1106,3,False,True,1106
4111,asid_4111,1,True,False,4111
4114,asid_4114,1,True,False,4114
4115,asid_3516,4,False,False,4115
4116,asid_895,4,False,True,895
4117,asid_4117,1,True,False,4117
4118,asid_4118,1,True,False,4118
4120,asid_4120,1,True,False,4120
4121,asid_4121,1,True,False,4121
4122,asid_11053,6,True,True,11053
4123,asid_4123,1,True,False,4123
4125,asid_4125,6,False,False,4125
4126,asid_4126,1,True,False,4126
4127,asid_10929,5,False,True,10929
4129,asid_1802,3,False,True,1802
4130,asid_4773,2,True,False,4130
4133,asid_4133,1,True,False,4133
4135,asid_4135,1,True,False,4135
4136,asid_4136,1,True,False,4136
4137,asid_4137,1,True,False,4137
4138,asid_4138,1,True,False,4138
4139,asid_4139,3,True,False,4139
4140,asid_9295,5,True,True,9295
4141,asid_2380,2,True,False,4141
4142,asid_20416,3,True,False,4142
4143,asid_4143,2,False,False,4143
4144,asid_4144,1,True,False,4144
4145,asid_4145,1,True,False,4145
4146,asid_4146,1,True,False,4146
4147,asid_4147,2,True,False,4147
4150,asid_2639,2,False,False,4150
4151,asid_4151,4,False,False,4151
4152,asid_9381,4,False,False,4152
4155,asid_10513,4,False,False,4155
4156,asid_1106,3,False,False,4156
4157,asid_4157,1,True,False,4157
4158,asid_12715,2,True,False,4158
4159,asid_4159,1,True,False,4159
4161,asid_4161,1,True,False,4161
4162,asid_8486,6,False,False,4162
4163,asid_4163,1,True,False,4163
4164,asid_1883,3,False,False,4164
4165,asid_3802,4,False,False,4165
4166,asid_6014,2,True,True,6014
4167,asid_4167,1,True,False,4167
4168,asid_4168,1,True,False,4168
4169,asid_1533,2,True,False,4169
4170,asid_11223,5,False,True,11223
4171,asid_15112,3,False,False,4171
4173,asid_4173,7,False,False,4173
4174,asid_4174,6,False,False,4174
4175,asid_7627,3,True,False,4175
4176,asid_34976,3,True,True,34976
4177,asid_4177,2,True,False,4177
4180,asid_4180,1,True,False,4180
4181,asid_4181,1,True,False,4181
4182,asid_4182,1,True,False,4182
4184,asid_4184,1,True,False,4184
4186,asid_2731,2,False,False,4186
4187,asid_1572,2,False,False,4187
4188,asid_4188,1,True,False,4188
4191,asid_4191,1,True,False,4191
4194,asid_4194,1,True,False,4194
4196,asid_4014,4,True,False,4196
4197,asid_1248,4,False,False,4197
4198,asid_4198,3,False,False,4198
4199,asid_4199,1,True,False,4199
4200,asid_2716,7,False,False,4200
4201,asid_3157,2,True,False,4201
4202,asid_4071,3,True,True,4071
4203,asid_4203,1,True,False,4203
4204,asid_4204,1,True,False,4204
4205,asid_4205,2,True,False,4205
4206,asid_4206,1,True,False,4206
4207,asid_1307,5,False,False,4207
4208,asid_46427,8,False,True,46427
4209,asid_3,13,False,False,4209
4210,asid_619,2,False,False,4210
4211,asid_3431,7,False,False,4211
4212,asid_4212,2,True,False,4212
4213,asid_15499,2,False,True,15499
4214,asid_4214,2,True,False,4214
4215,asid_3368,2,True,True,3368
4216,asid_7299,4,False,False,4216
4217,asid_4217,2,True,False,4217
4219,asid_4219,3,False,False,4219
4222,asid_4222,1,True,False,4222
4223,asid_8353,1,True,False,4223
4224,asid_1474,3,False,False,4224
4225,asid_193,11,False,True,193
4226,asid_25415,2,False,False,4226
4228,asid_4228,1,True,False,4228
4229,asid_4229,1,True,False,4229
4230,asid_4230,4,False,False,4230
4231,asid_4231,1,True,False,4231
4233,asid_1216,4,False,False,4233
4234,asid_690,7,False,False,4234
4235,asid_13619,2,True,False,4235
4238,asid_4238,2,True,False,4238
4239,asid_4239,1,True,False,4239
4240,asid_4240,3,True,False,4240
4242,asid_9295,5,False,True,9295
4243,asid_4243,1,True,False,4243
4244,asid_4244,2,True,False,4244
4245,asid_15089,3,False,True,15089
4246,asid_4246,1,True,False,4246
4248,asid_4248,1,True,False,4248
4249,asid_4249,1,True,False,4249
4250,asid_4250,2,True,False,4250
4251,asid_10801,1,True,False,4251
4253,asid_4253,1,True,False,4253
4254,asid_14017,1,True,False,4254
4255,asid_4255,1,True,False,4255
4256,asid_12436,1,True,False,4256
4257,asid_16806,5,False,True,16806
4258,asid_4258,2,False,False,4258
4259,asid_2687,4,False,False,4259
4261,asid_1294,5,True,True,1294
4263,asid_4263,2,True,False,4263
4268,asid_4268,1,True,False,4268
4269,asid_4269,2,True,False,4269
4270,asid_4270,1,True,False,4270
4271,asid_13237,1,True,False,4271
4273,asid_4273,2,True,False,4273
4274,asid_4274,1,True,False,4274
4276,asid_4276,1,True,False,4276
4277,asid_4277,1,True,False,4277
4278,asid_4278,1,True,False,4278
4279,asid_1895,2,False,False,4279
4281,asid_1072,3,False,True,1072
4282,asid_27984,3,False,True,27984
4283,asid_1933,1,True,False,4283
4284,asid_1360,2,False,False,4284
4287,asid_4287,4,False,False,4287
4288,asid_4288,1,True,False,4288
4289,asid_4289,2,False,False,4289
4290,asid_4290,1,True,False,4290
4291,asid_977,9,True,False,4291
4292,asid_5256,5,True,True,5256
4293,asid_35756,4,True,False,4293
4294,asid_9457,3,True,False,4294
4295,asid_4295,2,True,False,4295
4296,asid_23225,6,False,False,4296
4297,asid_4297,1,True,False,4297
4298,asid_4298,2,True,False,4298
4299,asid_4299,1,True,False,4299
4300,asid_3235,4,False,False,4300
4301,asid_7181,2,True,False,4301
4302,asid_4302,1,True,False,4302
4303,asid_4303,1,True,False,4303
4305,asid_4305,2,False,False,4305
4306,asid_5636,6,False,False,4306
4307,asid_3321,3,True,True,1342
4308,asid_2808,3,False,False,4308
4309,asid_4309,1,True,False,4309
4310,asid_3080,2,False,False,4310
4311,asid_428,4,False,False,4311
4312,asid_4312,1,True,False,4312
4313,asid_3002,3,False,False,4313
4314,asid_14006,6,True,True,14006
4316,asid_21688,2,True,False,4316
4317,asid_4317,1,True,False,4317
4318,asid_23021,2,True,True,2770
4319,asid_4319,1,True,False,4319
4320,asid_32,17,False,True,148
4321,asid_4321,1,True,False,4321
4323,asid_6321,2,True,False,4323
4325,asid_5549,3,False,True,5549
4327,asid_976,3,True,True,976
4330,asid_4330,2,True,False,4330
4331,asid_4331,1,True,False,4331
4333,asid_4333,4,False,False,4333
4334,asid_6227,3,True,True,6227
4335,asid_4335,1,True,False,4335
4336,asid_4336,1,True,False,4336
4337,asid_4337,4,False,False,4337
4338,asid_4338,2,False,False,4338
4340,asid_4340,1,True,False,4340
4341,asid_4341,1,True,False,4341
4342,asid_2191,2,False,False,4342
4344,asid_4344,1,True,False,4344
4345,asid_4345,1,True,False,4345
4346,asid_4346,2,True,False,4346
4347,asid_4347,1,True,False,4347
4349,asid_4349,2,True,False,4349
4350,asid_1507,3,False,False,4350
4351,asid_4351,1,True,False,4351
4352,asid_4352,1,True,False,4352
4353,asid_4353,1,True,False,4353
4354,asid_558,7,True,False,4354
4357,asid_3,13,False,False,4357
4358,asid_4358,2,True,False,4358
4359,asid_11563,11,False,False,4359
4360,asid_4360,1,True,False,4360
4361,asid_4361,1,True,False,4361
4364,asid_4364,1,True,False,4364
4365,asid_4365,2,True,False,4365
4367,asid_10314,3,True,True,10314
4368,asid_4368,2,True,False,4368
4369,asid_4369,1,True,False,4369
4370,asid_3408,4,False,False,4370
4371,asid_11388,2,True,True,11388
4372,asid_14463,1,True,False,4372
4373,asid_4373,1,True,False,4373
4374,asid_4374,1,True,False,4374
4375,asid_4375,2,True,False,4375
4376,asid_4376,1,True,False,4376
4378,asid_4378,2,True,False,4378
4379,asid_4379,1,True,False,4379
4380,asid_4380,2,True,False,4380
4381,asid_8927,5,False,False,4381
4382,asid_10132,2,False,False,4382
4383,asid_32,17,False,False,4383
4384,asid_4384,2,False,False,4384
4385,asid_4385,1,True,False,4385
4386,asid_7506,2,True,False,4386
4387,asid_4387,3,False,False,4387
4388,asid_4388,1,True,False,4388
4389,asid_4389,1,True,False,4389
4390,asid_4390,1,True,False,4390
4391,asid_514,3,False,False,4391
4392,asid_2117,4,False,False,4392
4393,asid_4393,1,True,False,4393
4394,asid_670,2,False,False,4394
4395,asid_16908,2,True,False,4395
4396,asid_1087,3,True,True,1087
4397,asid_4397,2,True,False,4397
4399,asid_1258,6,False,True,1258
4402,asid_4402,2,False,False,4402
4403,asid_4403,2,True,False,4403
4404,asid_1229,3,False,False,4404
4405,asid_4405,2,True,False,4405
4406,asid_4406,1,True,False,4406
4408,asid_4408,1,True,False,4408
4410,asid_4410,6,False,False,4410
4412,asid_29783,2,False,False,4412
4413,asid_3098,5,False,True,3098
4414,asid_42707,4,True,True,42707
4415,asid_5222,3,False,False,4415
4416,asid_1170,4,False,True,1622
4419,asid_1242,18,False,False,4419
4424,asid_2492,7,False,True,2492
4425,asid_4425,1,True,False,4425
4427,asid_42566,2,False,True,42566
4428,asid_621,7,True,True,5175
4429,asid_4429,2,True,False,4429
4430,asid_1756,6,False,False,4430
4431,asid_4431,1,True,False,4431
4433,asid_4433,2,True,False,4433
4434,asid_7077,2,True,True,7077
4435,asid_2369,5,True,True,2369
4437,asid_388,6,False,True,388
4438,asid_4438,4,False,False,4438
4439,asid_2937,6,False,True,2937
4440,asid_4440,2,True,False,4440
4442,asid_2477,2,False,False,4442
4443,asid_2363,2,True,False,4443
4444,asid_4444,1,True,False,4444
4445,asid_13848,19,False,True,13848
4446,asid_4446,3,True,False,4446
4448,asid_203,10,False,False,4448
4449,asid_5755,2,True,True,5755
4451,asid_4451,2,False,False,4451
4452,asid_3845,4,True,False,4452
4453,asid_4453,1,True,False,4453
4454,asid_4454,2,False,False,4454
4455,asid_4455,1,True,False,4455
4456,asid_1547,6,False,False,4456
4458,asid_31,10,False,False,4458
4459,asid_3659,8,False,False,4459
4460,asid_4460,1,True,False,4460
4461,asid_2361,7,False,False,4461
4462,asid_788,5,False,True,566
4463,asid_4463,1,True,False,4463
4464,asid_4464,3,False,False,4464
4465,asid_240,15,False,False,4465
4466,asid_5387,2,True,True,5387
4467,asid_1100,5,False,False,4467
4468,asid_4468,1,True,False,4468
4469,asid_4469,1,True,False,4469
4470,asid_4470,3,True,False,4470
4471,asid_4471,1,True,False,4471
4472,asid_4472,2,False,False,4472
4473,asid_16790,3,True,False,4473
4474,asid_4474,1,True,False,4474
4475,asid_4475,1,True,False,4475
4476,asid_4476,2,True,False,4476
4477,asid_13129,2,False,False,4477
4479,asid_1069,7,False,True,1458
4481,asid_4481,1,True,False,4481
4482,asid_6264,4,True,True,6264
4483,asid_4483,4,True,False,4483
4485,asid_4485,2,True,False,4485
4486,asid_4486,1,True,False,4486
4487,asid_24950,5,True,False,4487
4490,asid_4490,4,False,False,4490
4491,asid_4491,1,True,False,4491
4492,asid_4492,2,True,False,4492
4493,asid_10395,2,False,True,10395
4494,asid_1716,2,False,False,4494
4495,asid_1214,2,False,False,4495
4496,asid_4496,2,True,False,4496
4497,asid_4497,1,True,False,4497
4498,asid_4498,2,True,False,4498
4499,asid_3408,4,False,False,4499
4500,asid_4500,2,True,False,4500
4502,asid_4502,1,True,False,4502
4503,asid_4503,1,True,False,4503
4505,asid_4553,3,False,True,4553
4506,asid_1711,2,False,False,4506
4507,asid_4507,1,True,False,4507
4509,asid_4472,2,True,False,4509
4510,asid_13848,19,False,True,13848
4511,asid_4511,1,True,False,4511
4512,asid_1294,5,False,False,4512
4513,asid_4513,3,False,False,4513
4514,asid_10262,8,False,True,10262
4515,asid_4515,2,False,False,4515
4516,asid_4516,2,True,False,4516
4517,asid_16081,2,True,True,16081
4518,asid_4518,2,True,False,4518
4519,asid_3512,7,False,True,1192
4520,asid_4520,1,True,False,4520
4521,asid_11288,1,True,False,4521
4522,asid_2716,7,False,True,2716
4523,asid_4523,2,True,False,4523
4524,asid_6715,4,True,False,4524
4525,asid_4525,1,True,False,4525
4526,asid_4526,3,True,False,4526
4527,asid_4527,4,True,False,4527
4528,asid_4528,1,True,False,4528
4530,asid_4530,2,True,False,4530
4531,asid_4531,1,True,False,4531
4534,asid_4534,1,True,False,4534
4535,asid_32581,5,False,False,4535
4536,asid_4536,1,True,False,4536
4537,asid_4537,1,True,False,4537
4539,asid_4539,1,True,False,4539
4540,asid_4540,3,True,False,4540
4541,asid_3949,3,False,True,3949
4544,asid_4544,1,True,False,4544
4545,asid_2219,2,False,False,4545
4547,asid_4547,1,True,False,4547
4548,asid_193,11,False,True,3829
4551,asid_4551,1,True,False,4551
4552,asid_330,3,False,True,330
4553,asid_4553,3,True,False,4553
4554,asid_578,2,False,False,4554
4555,asid_4555,1,True,False,4555
4556,asid_4530,2,False,False,4556
4557,asid_4557,3,True,False,4557
4558,asid_4558,1,True,False,4558
4559,asid_2126,7,False,False,4559
4560,asid_4560,2,True,False,4560
4562,asid_4562,1,True,False,4562
4563,asid_4563,1,True,False,4563
4565,asid_1201,1,True,False,4565
4568,asid_4568,3,True,False,4568
4569,asid_4569,1,True,False,4569
4572,asid_9892,2,True,False,4572
4573,asid_4573,2,True,False,4573
4574,asid_4574,1,True,False,4574
4575,asid_4575,1,True,False,4575
4576,asid_23894,2,True,False,4576
4577,asid_4577,1,True,False,4577
4578,asid_4578,1,True,False,4578
4579,asid_3950,5,False,False,4579
4580,asid_1069,7,False,True,1458
4582,asid_4582,1,True,False,4582
4583,asid_4583,5,False,False,4583
4584,asid_4584,1,True,False,4584
4586,asid_2071,3,False,False,4586
4588,asid_240,15,False,False,4588
4590,asid_10688,3,False,False,4590
4591,asid_4591,2,True,False,4591
4592,asid_3782,3,False,False,4592
4595,asid_4595,2,True,False,4595
4596,asid_4596,1,True,False,4596
4598,asid_4598,3,False,False,4598
4599,asid_9389,1,True,False,4599
4600,asid_4600,1,True,False,4600
4602,asid_4602,2,True,False,4602
4603,asid_37563,2,True,False,4603
4604,asid_225,3,False,False,4604
4605,asid_4605,3,True,False,4605
4606,asid_4606,1,True,False,4606
4607,asid_4607,3,True,False,4607
4609,asid_4490,4,False,False,4609
4610,asid_4610,1,True,False,4610
4611,asid_8612,3,False,False,4611
4612,asid_4612,1,True,False,4612
4613,asid_4613,4,False,False,4613
4614,asid_4614,1,True,False,4614
4616,asid_3570,1,True,False,4616
4617,asid_10249,2,False,True,10249
4618,asid_4618,1,True,False,4618
4619,asid_4619,1,True,False,4619
4620,asid_13110,4,False,True,8981
4621,asid_4621,2,True,False,4621
4622,asid_4622,2,True,False,4622
4623,asid_4623,2,True,False,4623
4624,asid_4624,1,True,False,4624
4625,asid_1828,12,False,True,903
4626,asid_4626,1,True,False,4626
4627,asid_2212,1,True,False,4627
4628,asid_899,6,False,True,1939
4629,asid_4629,1,True,False,4629
4630,asid_4630,2,False,False,4630
4631,asid_4631,1,True,False,4631
4632,asid_4632,2,False,False,4632
4633,asid_4633,1,True,False,4633
4634,asid_4634,1,True,False,4634
4636,asid_4636,1,True,False,4636
4637,asid_4637,2,True,False,4637
4638,asid_12903,4,False,True,12903
4640,asid_4640,1,True,False,4640
4642,asid_1828,12,False,False,4642
4644,asid_4644,1,True,False,4644
4646,asid_6377,2,False,False,4646
4647,asid_4647,1,True,False,4647
4648,asid_4648,1,True,False,4648
4650,asid_4650,2,True,False,4650
4651,asid_4651,1,True,False,4651
4652,asid_4652,2,True,False,4652
4653,asid_4653,4,False,False,4653
4654,asid_1010,2,False,False,4654
4655,asid_4753,2,False,False,4655
4656,asid_3404,12,False,False,4656
4659,asid_9006,2,True,False,4659
4660,asid_4660,2,True,False,4660
4661,asid_4661,4,False,False,4661
4662,asid_4662,1,True,False,4662
4663,asid_4663,2,True,False,4663
4664,asid_20591,3,False,False,4664
4666,asid_734,3,False,False,4666
4667,asid_4667,2,True,False,4667
4668,asid_1878,3,False,False,4668
4670,asid_7824,10,False,False,4670
4671,asid_3055,5,False,False,4671
4673,asid_1371,1,True,False,4673
4674,asid_3030,7,False,False,4674
4675,asid_4675,1,True,False,4675
4676,asid_4676,1,True,False,4676
4677,asid_4677,1,True,False,4677
4678,asid_4678,1,True,False,4678
4680,asid_728,4,False,False,4680
4681,asid_4681,1,True,False,4681
4682,asid_2369,5,False,True,5013
4683,asid_145,7,False,False,4683
4684,asid_4684,1,True,False,4684
4685,asid_4685,5,True,False,4685
4686,asid_4686,1,True,False,4686
4687,asid_4687,1,True,False,4687
4688,asid_16097,1,True,False,4688
4689,asid_4689,1,True,False,4689
4691,asid_4446,3,False,False,4691
4692,asid_294,6,True,True,1252
4693,asid_21907,4,False,False,4693
4694,asid_4694,2,True,False,4694
4695,asid_4695,2,True,False,4695
4696,asid_4696,1,True,False,4696
4697,asid_3159,3,True,True,3159
4698,asid_4698,2,True,False,4698
4699,asid_24733,2,False,True,24733
4700,asid_5031,1,True,False,4700
4701,asid_5729,2,False,True,5729
4702,asid_1353,5,False,False,4702
4704,asid_4704,1,True,False,4704
4705,asid_4705,1,True,False,4705
4706,asid_4706,1,True,False,4706
4707,asid_4707,6,False,False,4707
4708,asid_4708,3,True,False,4708
4710,asid_37234,1,True,False,4710
4711,asid_4711,2,True,False,4711
4712,asid_14222,4,True,True,14222
4713,asid_4713,2,True,False,4713
4714,asid_4714,1,True,False,4714
4715,asid_1422,2,False,False,4715
4717,asid_4717,1,True,False,4717
4718,asid_3532,8,False,False,4718
4719,asid_4719,1,True,False,4719
4720,asid_4720,1,True,False,4720
4721,asid_4721,6,False,False,4721
4722,asid_3760,2,False,True,3760
4723,asid_4723,1,True,False,4723
4724,asid_21907,4,False,False,4724
4725,asid_213,2,False,True,213
4726,asid_4726,1,True,False,4726
4727,asid_4727,1,True,False,4727
4728,asid_909,2,False,False,4728
4729,asid_4729,1,True,False,4729
4730,asid_4730,2,True,False,4730
4731,asid_4731,3,True,False,4731
4732,asid_4073,1,True,False,4732
4733,asid_4733,1,True,False,4733
4734,asid_1995,2,False,False,4734
4737,asid_4737,2,True,False,4737
4738,asid_4738,1,True,False,4738
4739,asid_49407,2,True,True,49407
4740,asid_4740,2,True,False,4740
4743,asid_4987,4,False,False,4743
4744,asid_4744,2,False,False,4744
4745,asid_4745,1,True,False,4745
4747,asid_4747,2,False,False,4747
4749,asid_2777,3,False,True,3680
4752,asid_4752,1,True,False,4752
4753,asid_4753,2,True,False,4753
4754,asid_4754,1,True,False,4754
4755,asid_4755,2,False,False,4755
4756,asid_4756,2,False,False,4756
4757,asid_4757,1,True,False,4757
4758,asid_4758,1,True,False,4758
4759,asid_8332,2,True,True,8332
4760,asid_1246,1,True,False,4760
4761,asid_4761,1,True,False,4761
4763,asid_4763,1,True,False,4763
4764,asid_4764,3,True,False,4764
4765,asid_861,4,False,False,4765
4766,asid_4766,2,True,False,4766
4768,asid_4768,4,False,False,4768
4769,asid_2227,3,False,False,4769
4770,asid_8863,2,False,False,4770
4771,asid_4771,4,False,False,4771
4772,asid_4772,1,True,False,4772
4773,asid_4773,2,False,False,4773
4774,asid_4774,1,True,False,4774
4775,asid_4775,1,True,False,4775
4776,asid_4776,6,False,False,4776
4777,asid_4777,1,True,False,4777
4778,asid_2718,6,True,False,4778
4779,asid_4779,1,True,False,4779
4780,asid_4780,2,True,False,4780
4781,asid_1002,7,False,False,4781
4782,asid_21710,3,False,True,21710
4784,asid_4784,1,True,False,4784
4785,asid_690,7,False,True,690
4786,asid_7227,4,False,False,4786
4787,asid_4787,3,True,False,4787
4788,asid_4230,4,False,True,2522
4789,asid_4789,2,True,False,4789
4790,asid_4790,1,True,False,4790
4791,asid_4791,1,True,False,4791
4793,asid_11570,1,True,False,4793
4796,asid_4796,1,True,False,4796
4798,asid_4798,1,True,False,4798
4799,asid_4799,1,True,False,4799
4800,asid_35809,6,False,False,4800
4801,asid_2780,4,False,False,4801
4802,asid_2451,2,False,False,4802
4804,asid_189,5,False,False,4804
4805,asid_4805,1,True,False,4805
4806,asid_4806,1,True,False,4806
4807,asid_1301,2,False,False,4807
4808,asid_9176,1,True,False,4808
4809,asid_235,20,False,False,4809
4810,asid_4810,1,True,False,4810
4811,asid_41,4,False,False,4811
4812,asid_4812,1,True,False,4812
4814,asid_2937,6,False,True,2937
4815,asid_3172,2,False,False,4815
4816,asid_1145,5,False,False,4816
4817,asid_72,9,False,False,4817
4818,asid_4818,1,True,False,4818
4819,asid_4333,4,False,False,4819
4820,asid_62,13,False,False,4820
4821,asid_1408,7,False,False,4821
4822,asid_4822,1,True,False,4822
4823,asid_4823,2,False,False,4823
4824,asid_6991,6,False,False,4824
4825,asid_4825,4,True,False,4825
4827,asid_4827,2,True,False,4827
4828,asid_4828,1,True,False,4828
4829,asid_10125,2,True,True,10125
4830,asid_6527,2,True,False,4830
4831,asid_2767,2,False,False,4831
4832,asid_12671,5,True,True,12671
4833,asid_4833,1,True,False,4833
4835,asid_4835,2,False,False,4835
4836,asid_4836,3,True,False,4836
4837,asid_864,5,False,False,4837
4838,asid_4838,2,False,False,4838
4839,asid_4839,1,True,False,4839
4840,asid_4650,2,False,False,4840
4841,asid_1097,2,False,False,4841
4842,asid_4842,2,True,False,4842
4843,asid_4843,1,True,False,4843
4844,asid_1948,4,False,False,4844
4845,asid_10211,3,False,True,10211
4849,asid_4849,3,False,False,4849
4852,asid_4852,1,True,False,4852
4853,asid_4853,2,True,False,4853
4854,asid_4854,4,False,False,4854
4855,asid_506,3,False,False,4855
4856,asid_12288,6,False,False,4856
4859,asid_2466,3,False,False,4859
4861,asid_11373,4,False,False,4861
4863,asid_4863,1,True,False,4863
4864,asid_4864,1,True,False,4864
4865,asid_23503,5,False,False,4865
4866,asid_4866,1,True,False,4866
4868,asid_7374,2,True,False,4868
4869,asid_3528,5,True,True,3528
4871,asid_25009,2,True,False,4871
4872,asid_4872,1,True,False,4872
4873,asid_26664,2,False,True,26664
4874,asid_46056,4,True,False,4874
4876,asid_1787,4,False,False,4876
4878,asid_7163,4,False,False,4878
4879,asid_4982,5,True,True,1312
4881,asid_4881,2,False,False,4881
4882,asid_1286,2,False,False,4882
4883,asid_788,5,False,True,566
4884,asid_7339,4,True,True,7339
4885,asid_1472,1,True,False,4885
4886,asid_10709,5,True,True,4101
4887,asid_4887,1,True,False,4887
4888,asid_2143,3,False,False,4888
4889,asid_2909,2,False,False,4889
4890,asid_4890,1,True,False,4890
4892,asid_1661,2,False,False,4892
4893,asid_4893,1,True,False,4893
4894,asid_4894,1,True,False,4894
4895,asid_4895,1,True,False,4895
4896,asid_8190,3,False,True,8190
4897,asid_1884,5,True,False,4897
4898,asid_4898,1,True,False,4898
4899,asid_4899,1,True,False,4899
4900,asid_4900,1,True,False,4900
4901,asid_12215,3,False,False,4901
4902,asid_4902,1,True,False,4902
4903,asid_17333,2,False,True,17333
4904,asid_4904,2,True,False,4904
4905,asid_4905,1,True,False,4905
4906,asid_707,3,False,True,9914
4907,asid_4907,1,True,False,4907
4908,asid_6695,8,False,True,6695
4909,asid_4909,1,True,False,4909
4910,asid_4910,5,False,False,4910
4911,asid_1766,3,False,False,4911
4913,asid_74,32,False,False,4913
4915,asid_2715,6,True,True,835
4916,asid_1034,2,False,False,4916
4917,asid_4917,1,True,False,4917
4918,asid_4918,1,True,False,4918
4919,asid_26663,6,False,False,4919
4921,asid_4921,1,True,False,4921
4922,asid_4922,1,True,False,4922
4923,asid_4923,1,True,False,4923
4924,asid_4924,1,True,False,4924
4925,asid_4925,1,True,False,4925
4927,asid_4927,1,True,False,4927
4928,asid_4928,1,True,False,4928
4929,asid_15839,4,False,True,3351
4930,asid_4930,1,True,False,4930
4932,asid_4932,1,True,False,4932
4933,asid_4933,1,True,False,4933
4934,asid_4173,7,False,False,4934
4935,asid_4935,2,False,False,4935
4936,asid_4936,1,True,False,4936
4937,asid_5698,2,True,True,5698
4939,asid_4939,2,False,False,4939
4940,asid_4940,1,True,False,4940
4942,asid_2075,2,False,False,4942
4943,asid_4943,1,True,False,4943
4944,asid_841,6,False,True,128
4946,asid_795,3,False,False,4946
4947,asid_4947,1,True,False,4947
4948,asid_2716,7,True,True,2716
4951,asid_4951,1,True,False,4951
4954,asid_27867,1,True,False,4954
4956,asid_4956,1,True,False,4956
4957,asid_3532,8,False,False,4957
4958,asid_4958,1,True,False,4958
4959,asid_939,1,True,False,4959
4960,asid_4960,2,True,False,4960
4961,asid_4961,2,False,False,4961
4962,asid_4962,1,True,False,4962
4963,asid_1388,2,False,False,4963
4964,asid_21710,3,True,True,21710
4965,asid_4965,1,True,False,4965
4966,asid_4966,2,True,False,4966
4967,asid_4967,1,True,False,4967
4969,asid_4969,1,True,False,4969
4970,asid_4970,4,False,False,4970
4971,asid_2170,2,False,False,4971
4972,asid_11929,3,False,False,4972
4973,asid_4973,2,False,False,4973
4974,asid_13438,3,False,False,4974
4975,asid_3532,8,False,True,3532
4976,asid_10181,4,True,True,10181
4977,asid_2716,7,False,False,4977
4979,asid_4979,2,False,False,4979
4981,asid_4981,1,True,False,4981
4982,asid_4982,5,False,False,4982
4983,asid_4983,1,True,False,4983
4984,asid_5864,2,False,False,4984
4985,asid_4985,1,True,False,4985
4986,asid_6120,9,False,False,4986
4987,asid_4987,4,False,False,4987
4988,asid_2660,2,False,False,4988
4989,asid_4989,1,True,False,4989
4990,asid_4990,1,True,False,4990
4992,asid_4992,1,True,False,4992
4993,asid_4993,1,True,False,4993
4994,asid_4994,1,True,False,4994
4995,asid_4995,2,True,False,4995
4996,asid_10230,4,False,False,4996
4997,asid_7024,6,True,True,7024
4998,asid_4998,4,True,False,4998
4999,asid_4999,1,True,False,4999
5001,asid_5001,2,True,False,5001
5002,asid_5002,1,True,False,5002
5003,asid_5003,2,True,False,5003
5005,asid_10935,5,False,True,10935
5006,asid_5006,2,True,False,5006
5007,asid_5007,1,True,False,5007
5008,asid_5008,1,True,False,5008
5009,asid_5009,1,True,False,5009
5011,asid_11273,2,False,False,5011
5012,asid_9453,1,True,False,5012
5013,asid_2369,5,False,False,5013
5014,asid_5014,1,True,False,5014
5016,asid_38095,1,True,False,5016
5017,asid_779,1,True,False,5017
5018,asid_10126,2,True,True,10126
5019,asid_5019,1,True,False,5019
5020,asid_11542,2,False,True,11542
5021,asid_11373,4,True,True,4861
5022,asid_10351,2,False,True,10351
5023,asid_5023,1,True,False,5023
5025,asid_5025,2,True,False,5025
5026,asid_1000,2,False,False,5026
5027,asid_6094,2,False,False,5027
5028,asid_11187,5,False,True,11187
5030,asid_5030,1,True,False,5030
5032,asid_5032,3,False,False,5032
5035,asid_5035,2,False,False,5035
5036,asid_5036,1,True,False,5036
5037,asid_5037,1,True,False,5037
5038,asid_5038,2,True,False,5038
5039,asid_562,9,False,True,562
5040,asid_5040,1,True,False,5040
5041,asid_3004,2,True,False,5041
5042,asid_34559,3,True,False,5042
5043,asid_5043,2,True,False,5043
5044,asid_5044,1,True,False,5044
5045,asid_5045,1,True,False,5045
5046,asid_616,12,True,True,616
5048,asid_5048,1,True,False,5048
5050,asid_5050,3,True,False,5050
5051,asid_12616,2,True,False,5051
5052,asid_5052,1,True,False,5052
5053,asid_5053,1,True,False,5053
5054,asid_37604,1,True,False,5054
5055,asid_4527,4,False,True,4527
5056,asid_5056,1,True,False,5056
5058,asid_5058,5,False,False,5058
5059,asid_1513,3,False,False,5059
5060,asid_5060,1,True,False,5060
5061,asid_9410,2,False,True,9410
5062,asid_5062,1,True,False,5062
5063,asid_2865,2,False,False,5063
5064,asid_5064,1,True,False,5064
5066,asid_6881,2,True,False,5066
5068,asid_5181,2,False,False,5068
5069,asid_5069,1,True,False,5069
5071,asid_5071,1,True,False,5071
5072,asid_4305,2,True,False,5072
5073,asid_5073,1,True,False,5073
5074,asid_1659,2,False,False,5074
5077,asid_5077,1,True,False,5077
5078,asid_5078,1,True,False,5078
5081,asid_5081,2,False,False,5081
5082,asid_4973,2,True,True,4973
5084,asid_1513,3,False,False,5084
5085,asid_5085,1,True,False,5085
5087,asid_516,4,False,False,5087
5088,asid_5088,2,True,False,5088
5089,asid_5089,1,True,False,5089
5090,asid_5090,1,True,False,5090
5093,asid_1039,5,False,False,5093
5095,asid_5266,2,True,False,5095
5097,asid_5097,3,False,False,5097
5099,asid_5099,1,True,False,5099
5100,asid_52946,1,True,False,5100
5101,asid_5101,1,True,False,5101
5102,asid_5102,1,True,False,5102
5103,asid_3559,12,False,False,5103
5104,asid_5104,1,True,False,5104
5105,asid_5105,1,True,False,5105
5106,asid_5106,1,True,False,5106
5107,asid_437,4,True,True,437
5109,asid_2284,3,False,False,5109
5110,asid_2492,7,False,False,5110
5111,asid_1934,3,False,False,5111
5112,asid_5201,4,False,True,5201
5113,asid_28862,1,True,False,5113
5114,asid_170,10,False,False,5114
5116,asid_2121,2,False,False,5116
5117,asid_5117,1,True,False,5117
5118,asid_1413,4,False,False,5118
5119,asid_3098,5,False,True,3098
5120,asid_5120,4,True,False,5120
5121,asid_5121,1,True,False,5121
5123,asid_5123,1,True,False,5123
5124,asid_1224,12,False,True,1224
5125,asid_7221,2,True,False,5125
5126,asid_5126,1,True,False,5126
5127,asid_117,8,False,False,5127
5128,asid_74,32,False,False,5128
5130,asid_5130,1,True,False,5130
5134,asid_5134,1,True,False,5134
5135,asid_5135,2,False,False,5135
5136,asid_5136,3,True,False,5136
5138,asid_5138,1,True,False,5138
5139,asid_5139,1,True,False,5139
5140,asid_614,4,False,False,5140
5143,asid_2452,2,False,False,5143
5144,asid_20057,6,False,False,5144
5145,asid_5145,1,True,False,5145
5146,asid_5146,3,True,False,5146
5147,asid_1002,7,False,False,5147
5149,asid_5149,1,True,False,5149
5150,asid_5150,1,True,False,5150
5152,asid_9181,1,True,False,5152
5153,asid_5153,1,True,False,5153
5154,asid_2016,3,True,True,2016
5156,asid_5156,1,True,False,5156
5157,asid_5157,2,False,False,5157
5158,asid_5158,1,True,False,5158
5159,asid_5159,1,True,False,5159
5161,asid_5161,1,True,False,5161
5162,asid_5162,1,True,False,5162
5163,asid_5163,1,True,False,5163
5164,asid_5164,1,True,False,5164
5165,asid_3434,13,False,True,3434
5166,asid_214,10,True,True,234
5167,asid_16388,3,True,True,16388
5168,asid_5168,1,True,False,5168
5169,asid_5169,1,True,False,5169
5170,asid_5170,1,True,False,5170
5171,asid_5171,1,True,False,5171
5172,asid_717,3,False,False,5172
5175,asid_621,7,False,False,5175
5177,asid_28,11,False,False,5177
5178,asid_5178,5,False,False,5178
5179,asid_5179,1,True,False,5179
5180,asid_5180,4,True,False,5180
5181,asid_5181,2,True,False,5181
5183,asid_5183,1,True,False,5183
5184,asid_5184,1,True,False,5184
5185,asid_614,4,False,False,5185
5188,asid_5188,2,True,False,5188
5189,asid_5189,1,True,False,5189
5190,asid_5190,1,True,False,5190
5191,asid_5191,1,True,False,5191
5192,asid_6800,17,False,True,21250
5193,asid_596,8,False,False,5193
5194,asid_26654,4,False,False,5194
5195,asid_5195,1,True,False,5195
5196,asid_2271,2,False,False,5196
5197,asid_5197,1,True,False,5197
5198,asid_5198,1,True,False,5198
5199,asid_5199,3,True,False,5199
5200,asid_1081,4,False,False,5200
5201,asid_5201,4,False,False,5201
5202,asid_5202,1,True,False,5202
5203,asid_5203,1,True,False,5203
5204,asid_5204,1,True,False,5204
5205,asid_4515,2,True,True,4515
5207,asid_5207,1,True,False,5207
5208,asid_5208,1,True,False,5208
5209,asid_5209,1,True,False,5209
5210,asid_13789,2,False,False,5210
5211,asid_6166,3,False,True,6166
5212,asid_4995,2,False,False,5212
5214,asid_11819,2,True,True,11819
5215,asid_121,6,False,False,5215
5217,asid_5217,1,True,False,5217
5218,asid_5218,1,True,False,5218
5219,asid_5219,1,True,False,5219
5220,asid_5220,1,True,False,5220
5221,asid_5221,1,True,False,5221
5222,asid_5222,3,False,False,5222
5223,asid_5135,2,True,False,5223
5224,asid_1098,3,False,False,5224
5225,asid_5,12,False,False,5225
5226,asid_5226,1,True,False,5226
5227,asid_3389,2,True,True,3389
5228,asid_5228,1,True,False,5228
5229,asid_5229,1,True,False,5229
5230,asid_518,3,False,False,5230
5231,asid_185,2,False,False,5231
5232,asid_5232,1,True,False,5232
5234,asid_5234,1,True,False,5234
5235,asid_5235,2,True,False,5235
5238,asid_5238,2,True,False,5238
5239,asid_1539,2,False,False,5239
5240,asid_32581,5,False,False,5240
5242,asid_5242,1,True,False,5242
5243,asid_5243,2,False,False,5243
5245,asid_5245,1,True,False,5245
5246,asid_5246,2,True,False,5246
5247,asid_2379,2,True,True,2379
5248,asid_5248,1,True,False,5248
5250,asid_3019,4,False,False,5250
5251,asid_2739,3,False,False,5251
5252,asid_1009,3,False,False,5252
5253,asid_809,1,True,False,5253
5254,asid_89,5,False,False,5254
5255,asid_5255,2,True,False,5255
5256,asid_5256,5,False,False,5256
5257,asid_5257,1,True,False,5257
5259,asid_3468,2,False,True,3468
5260,asid_5260,1,True,False,5260
5263,asid_5263,2,False,False,5263
5264,asid_5264,1,True,False,5264
5265,asid_5265,1,True,False,5265
5266,asid_5266,2,False,False,5266
5267,asid_5267,1,True,False,5267
5269,asid_1236,3,False,False,5269
5270,asid_5270,1,True,False,5270
5271,asid_1547,6,True,True,3325
5272,asid_23468,3,True,False,5272
5273,asid_5273,3,True,False,5273
5274,asid_13038,1,True,False,5274
5275,asid_864,5,False,False,5275
5276,asid_5276,1,True,False,5276
5277,asid_9200,2,True,False,5277
5278,asid_4043,4,False,False,5278
5279,asid_5279,1,True,False,5279
5280,asid_10993,2,True,False,5280
5283,asid_2629,3,False,False,5283
5284,asid_5284,1,True,False,5284
5285,asid_5285,1,True,False,5285
5286,asid_5286,1,True,False,5286
5287,asid_5287,1,True,False,5287
5288,asid_5288,1,True,False,5288
5289,asid_5289,1,True,False,5289
5290,asid_522,8,False,False,5290
5291,asid_5291,1,True,False,5291
5293,asid_5293,1,True,False,5293
5294,asid_5294,2,False,False,5294
5295,asid_2013,3,False,False,5295
5296,asid_1609,4,False,False,5296
5297,asid_5297,1,True,False,5297
5298,asid_3214,3,False,True,3214
5299,asid_5299,1,True,False,5299
5300,asid_25674,3,False,True,25674
5301,asid_3378,2,False,False,5301
5302,asid_5302,1,True,False,5302
5303,asid_10176,2,True,True,10176
5304,asid_8109,3,False,False,5304
5306,asid_562,9,False,True,562
5307,asid_37010,2,True,True,37010
5309,asid_4906,4,False,False,5309
5311,asid_5311,1,True,False,5311
5312,asid_5312,1,True,False,5312
5313,asid_5313,1,True,False,5313
5315,asid_5315,3,False,False,5315
5316,asid_14545,3,False,False,5316
5317,asid_5317,3,True,False,5317
5318,asid_5318,1,True,False,5318
5319,asid_5319,1,True,False,5319
5321,asid_5321,1,True,False,5321
5324,asid_13848,19,False,True,13848
5325,asid_5325,1,True,False,5325
5326,asid_5326,2,True,False,5326
5327,asid_5327,1,True,False,5327
5329,asid_5329,1,True,False,5329
5330,asid_5330,1,True,False,5330
5332,asid_2243,2,False,False,5332
5333,asid_5333,1,True,False,5333
5334,asid_5188,2,False,True,5188
5335,asid_5335,1,True,False,5335
5336,asid_5336,1,True,False,5336
5337,asid_16980,3,True,False,5337
5341,asid_5341,1,True,False,5341
5342,asid_5342,2,True,False,5342
5344,asid_5344,1,True,False,5344
5348,asid_1672,3,False,False,5348
5349,asid_23225,6,False,False,5349
5351,asid_5351,1,True,False,5351
5352,asid_5352,1,True,False,5352
5353,asid_68,12,False,False,5353
5354,asid_5354,1,True,False,5354
5355,asid_27984,3,False,True,27984
5356,asid_5356,1,True,False,5356
5360,asid_5360,5,True,False,5360
5361,asid_41127,4,True,False,5361
5362,asid_230,3,False,False,5362
5363,asid_15057,7,True,False,5363
5364,asid_3318,3,False,False,5364
5366,asid_5366,1,True,False,5366
5367,asid_5367,1,True,False,5367
5368,asid_5368,1,True,False,5368
5369,asid_5369,1,True,False,5369
5371,asid_1637,1,True,False,5371
5372,asid_5372,2,True,False,5372
5373,asid_5373,1,True,False,5373
5375,asid_8534,4,False,False,5375
5376,asid_5376,1,True,False,5376
5377,asid_5377,3,True,False,5377
5378,asid_5378,2,False,False,5378
5379,asid_4667,2,False,False,5379
5380,asid_10903,3,False,True,10903
5381,asid_5381,1,True,False,5381
5382,asid_9114,2,False,False,5382
5383,asid_5383,10,False,False,5383
5384,asid_857,3,True,True,857
5385,asid_469,4,False,False,5385
5386,asid_5386,1,True,False,5386
5387,asid_5387,2,False,False,5387
5388,asid_5388,1,True,False,5388
5389,asid_8125,3,True,False,5389
5390,asid_26336,2,True,False,5390
5391,asid_5391,3,True,False,5391
5392,asid_35809,6,False,False,5392
5393,asid_5393,2,True,False,5393
5394,asid_5394,1,True,False,5394
5395,asid_5395,1,True,False,5395
5396,asid_5396,1,True,False,5396
5398,asid_788,5,False,False,5398
5399,asid_7824,10,False,False,5399
5400,asid_5400,1,True,False,5400
5401,asid_29269,2,False,True,29269
5402,asid_5402,1,True,False,5402
5403,asid_5403,1,True,False,5403
5404,asid_5404,1,True,False,5404
5405,asid_5405,1,True,False,5405
5406,asid_26846,2,True,False,5406
5407,asid_3288,2,False,False,5407
5408,asid_5408,1,True,False,5408
5409,asid_5409,3,True,False,5409
5410,asid_351,3,False,False,5410
5411,asid_5383,10,False,True,6000
5412,asid_5412,1,True,False,5412
5414,asid_21540,4,True,False,5414
5415,asid_3599,2,False,False,5415
5416,asid_1839,5,False,False,5416
5417,asid_6376,2,True,True,6376
5418,asid_5418,1,True,False,5418
5419,asid_3236,2,False,True,3236
5420,asid_658,9,False,False,5420
5421,asid_5421,1,True,False,5421
5422,asid_1489,2,True,False,5422
5424,asid_5424,1,True,False,5424
5425,asid_233,6,False,True,233
5426,asid_2692,2,True,False,5426
5427,asid_5427,2,True,False,5427
5428,asid_5428,1,True,False,5428
5429,asid_5429,1,True,False,5429
5430,asid_5430,1,True,False,5430
5431,asid_4835,2,True,False,5431
5434,asid_4173,7,False,False,5434
5435,asid_5256,5,False,False,5435
5436,asid_5436,2,True,False,5436
5437,asid_5437,1,True,False,5437
5439,asid_5439,1,True,False,5439
5440,asid_5440,1,True,False,5440
5442,asid_5442,2,True,False,5442
5444,asid_5444,2,True,False,5444
5445,asid_5445,3,False,False,5445
5446,asid_5446,1,True,False,5446
5447,asid_5447,1,True,False,5447
5448,asid_5448,3,True,False,5448
5450,asid_5282,1,True,False,5450
5451,asid_5451,1,True,False,5451
5452,asid_5902,9,False,False,5452
5453,asid_27788,3,False,False,5453
5455,asid_5455,4,True,False,5455
5457,asid_5457,1,True,False,5457
5458,asid_5458,3,False,False,5458
5459,asid_5459,1,True,False,5459
5460,asid_407,6,False,False,5460
5462,asid_5462,1,True,False,5462
5463,asid_5463,1,True,False,5463
5464,asid_13662,2,False,True,13662
5465,asid_5465,3,True,False,5465
5466,asid_5466,8,False,False,5466
5467,asid_5467,6,False,False,5467
5468,asid_9479,5,True,False,5468
5470,asid_5470,2,True,False,5470
5471,asid_5471,3,True,False,5471
5472,asid_5472,1,True,False,5472
5473,asid_5473,1,True,False,5473
5475,asid_5475,1,True,False,5475
5476,asid_5476,1,True,False,5476
5477,asid_5477,1,True,False,5477
5478,asid_5478,1,True,False,5478
5479,asid_2341,2,False,False,5479
5480,asid_5480,1,True,False,5480
5481,asid_5481,2,False,False,5481
5482,asid_28,11,False,False,5482
5484,asid_5484,1,True,False,5484
5485,asid_18186,3,True,True,45956
5487,asid_50759,2,True,True,50759
5488,asid_1672,3,True,False,5488
5489,asid_5489,1,True,False,5489
5490,asid_5490,1,True,False,5490
5492,asid_5492,1,True,False,5492
5493,asid_5493,2,True,False,5493
5497,asid_12414,8,False,True,12414
5498,asid_31667,1,True,False,5498
5501,asid_5501,1,True,False,5501
5502,asid_5502,1,True,False,5502
5503,asid_1532,1,True,False,5503
5504,asid_5504,1,True,False,5504
5505,asid_5505,2,True,False,5505
5508,asid_5508,1,True,False,5508
5509,asid_5509,1,True,False,5509
5510,asid_5510,4,True,False,5510
5511,asid_5511,1,True,False,5511
5512,asid_5512,1,True,False,5512
5513,asid_8319,7,False,False,5513
5514,asid_4014,4,False,True,4014
5515,asid_5515,3,True,False,5515
5516,asid_5516,1,True,False,5516
5517,asid_15391,1,True,False,5517
5518,asid_2231,2,False,False,5518
5519,asid_1830,1,True,False,5519
5520,asid_2521,2,False,False,5520
5521,asid_5521,2,True,False,5521
5522,asid_5522,1,True,False,5522
5523,asid_5523,2,True,False,5523
5524,asid_1072,3,False,False,5524
5525,asid_5525,1,True,False,5525
5526,asid_5526,1,True,False,5526
5527,asid_5527,1,True,False,5527
5528,asid_5528,1,True,False,5528
5529,asid_1747,2,False,False,5529
5530,asid_5530,2,True,False,5530
5531,asid_235,20,False,False,5531
5532,asid_2656,2,True,True,2656
5533,asid_16477,1,True,False,5533
5535,asid_182,5,False,False,5535
5537,asid_5537,1,True,False,5537
5538,asid_2808,3,True,True,590
5539,asid_5539,1,True,False,5539
5540,asid_5540,2,True,False,5540
5541,asid_28,11,False,False,5541
5542,asid_5542,1,True,False,5542
5543,asid_5543,3,False,False,5543
5544,asid_5544,2,True,False,5544
5545,asid_2269,2,True,False,5545
5547,asid_1140,2,False,False,5547
5548,asid_5548,1,True,False,5548
5549,asid_5549,3,False,False,5549
5550,asid_5550,1,True,False,5550
5552,asid_111,11,False,True,111
5554,asid_5554,1,True,False,5554
5555,asid_2554,7,False,False,5555
5557,asid_2354,3,False,False,5557
5558,asid_4759,2,False,False,5558
5559,asid_139,4,False,False,5559
5561,asid_36655,3,False,False,5561
5562,asid_5562,3,True,False,5562
5563,asid_5563,1,True,False,5563
5564,asid_14347,2,True,True,14347
5565,asid_5565,2,True,False,5565
5567,asid_5567,1,True,False,5567
5568,asid_5568,1,True,False,5568
5570,asid_11284,3,False,False,5570
5571,asid_5571,4,False,False,5571
5574,asid_2091,3,False,False,5574
5575,asid_5575,1,True,False,5575
5576,asid_5576,1,True,False,5576
5577,asid_3098,5,True,True,3098
5578,asid_5578,1,True,False,5578
5579,asid_5579,1,True,False,5579
5580,asid_5580,1,True,False,5580
5581,asid_6931,2,False,True,6931
5583,asid_5583,1,True,False,5583
5584,asid_5584,2,True,False,5584
5585,asid_5585,1,True,False,5585
5586,asid_2809,5,True,True,18
5587,asid_1209,2,False,False,5587
5589,asid_5589,1,True,False,5589
5595,asid_10,14,False,False,5595
5596,asid_5596,3,False,False,5596
5599,asid_5599,1,True,False,5599
5600,asid_3404,12,False,False,5600
5601,asid_20416,3,False,False,5601
5602,asid_4838,2,True,False,5602
5603,asid_42464,4,True,True,42464
5604,asid_5604,2,False,False,5604
5605,asid_5605,1,True,False,5605
5606,asid_2467,2,False,False,5606
5608,asid_4440,2,False,True,4440
5610,asid_337,3,False,True,337
5611,asid_5611,1,True,False,5611
5613,asid_5613,1,True,False,5613
5614,asid_5614,3,True,False,5614
5615,asid_1132,3,False,False,5615
5616,asid_5616,1,True,False,5616
5617,asid_8704,2,True,False,5617
5618,asid_6718,2,False,False,5618
5619,asid_5619,1,True,False,5619
5620,asid_5620,2,True,False,5620
5621,asid_5621,2,False,False,5621
5622,asid_5622,1,True,False,5622
5623,asid_26522,2,False,False,5623
5625,asid_5625,1,True,False,5625
5626,asid_5626,2,True,False,5626
5627,asid_5627,1,True,False,5627
5628,asid_4151,4,False,False,5628
5631,asid_3659,8,False,False,5631
5632,asid_1750,2,False,False,5632
5633,asid_2042,2,True,False,5633
5634,asid_388,6,False,True,388
5635,asid_7403,2,False,False,5635
5636,asid_5636,6,True,False,5636
5637,asid_5637,1,True,False,5637
5638,asid_5638,2,True,False,5638
5640,asid_5640,1,True,False,5640
5641,asid_3158,2,True,False,5641
5642,asid_5642,3,True,False,5642
5643,asid_51575,3,False,True,51575
5646,asid_5646,1,True,False,5646
5647,asid_18074,2,True,True,18074
5648,asid_13848,19,False,True,13848
5649,asid_5697,2,True,False,5649
5650,asid_5650,1,True,False,5650
5651,asid_5651,1,True,False,5651
5652,asid_1613,3,False,False,5652
5654,asid_2789,3,False,False,5654
5655,asid_5655,1,True,False,5655
5656,asid_111,11,False,True,111
5657,asid_5657,1,True,False,5657
5658,asid_5658,1,True,False,5658
5660,asid_2289,6,False,True,2289
5661,asid_26715,7,True,True,26715
5662,asid_5662,2,False,False,5662
5663,asid_7356,2,True,False,5663
5664,asid_8381,2,True,True,8381
5665,asid_5665,1,True,False,5665
5666,asid_5666,2,False,False,5666
5667,asid_23799,3,True,True,2925
5668,asid_1986,2,False,False,5668
5669,asid_5669,5,True,False,5669
5671,asid_5671,1,True,False,5671
5672,asid_5672,1,True,False,5672
5673,asid_5673,1,True,False,5673
5674,asid_5674,2,True,False,5674
5675,asid_44794,2,False,False,5675
5676,asid_5676,1,True,False,5676
5677,asid_3434,13,False,True,3434
5678,asid_5678,3,False,False,5678
5680,asid_5680,1,True,False,5680
5682,asid_5682,3,False,False,5682
5683,asid_5683,1,True,False,5683
5684,asid_5684,1,True,False,5684
5685,asid_5685,1,True,False,5685
5687,asid_4238,2,False,False,5687
5688,asid_1710,2,False,False,5688
5689,asid_9202,3,True,True,1497
5690,asid_12594,2,True,False,5690
5691,asid_5691,2,False,False,5691
5693,asid_76,15,False,False,5693
5694,asid_5636,6,False,False,5694
5695,asid_5695,1,True,False,5695
5696,asid_5696,1,True,False,5696
5697,asid_5697,2,False,False,5697
5698,asid_5698,2,False,False,5698
5699,asid_5699,1,True,False,5699
5700,asid_5700,1,True,False,5700
5701,asid_2291,6,False,False,5701
5703,asid_5703,1,True,False,5703
5704,asid_5704,2,True,False,5704
5705,asid_6617,5,False,False,5705
5707,asid_29209,3,False,True,29209
5708,asid_5708,2,False,False,5708
5709,asid_5709,1,True,False,5709
5711,asid_1410,1,True,False,5711
5712,asid_5712,1,True,False,5712
5713,asid_1770,2,False,False,5713
5714,asid_1418,4,False,True,1418
5716,asid_5716,4,False,False,5716
5717,asid_5717,1,True,False,5717
5718,asid_5718,2,True,False,5718
5719,asid_32,17,False,False,5719
5721,asid_6439,2,False,True,6439
5723,asid_786,1,True,False,5723
5724,asid_28,11,False,False,5724
5725,asid_4583,5,False,False,5725
5726,asid_701,4,False,False,5726
5727,asid_1569,2,False,False,5727
5728,asid_5728,1,True,False,5728
5729,asid_5729,2,True,False,5729
5730,asid_3782,3,False,False,5730
5731,asid_11263,2,True,False,5731
5732,asid_10534,2,True,True,10534
5733,asid_6078,3,False,False,5733
5735,asid_5735,1,True,False,5735
5736,asid_5736,3,True,False,5736
5737,asid_5737,1,True,False,5737
5738,asid_5738,10,False,False,5738
5739,asid_5739,1,True,False,5739
5740,asid_1862,2,False,False,5740
5744,asid_3202,2,False,False,5744
5745,asid_5745,1,True,False,5745
5747,asid_5,12,True,True,1392
5748,asid_836,3,False,True,836
5749,asid_5749,2,True,False,5749
5750,asid_5750,1,True,False,5750
5752,asid_18662,2,True,True,18662
5754,asid_5754,1,True,False,5754
5755,asid_5755,2,False,False,5755
5756,asid_2054,4,False,True,2054
5758,asid_28191,2,True,False,5758
5759,asid_3517,2,True,False,5759
5761,asid_5761,1,True,False,5761
5762,asid_5762,1,True,False,5762
5763,asid_48,3,False,False,5763
5764,asid_5764,1,True,False,5764
5765,asid_5765,1,True,False,5765
5766,asid_5766,1,True,False,5766
5767,asid_40646,2,False,False,5767
5768,asid_5768,2,True,False,5768
5769,asid_5769,5,False,False,5769
5770,asid_5770,2,True,False,5770
5772,asid_5772,2,False,False,5772
5773,asid_2714,4,False,False,5773
5775,asid_1891,2,False,False,5775
5776,asid_5776,1,True,False,5776
5778,asid_5778,1,True,False,5778
5779,asid_953,5,True,True,953
5780,asid_5780,1,True,False,5780
5782,asid_5782,1,True,False,5782
5784,asid_8715,5,False,True,8715
5785,asid_2426,2,True,False,5785
5787,asid_51575,3,False,True,51575
5789,asid_5789,1,True,False,5789
5790,asid_202,4,False,True,202
5791,asid_3614,2,True,False,5791
5792,asid_5792,1,True,False,5792
5793,asid_5793,1,True,False,5793
5794,asid_3326,2,False,False,5794
5795,asid_5795,1,True,False,5795
5796,asid_16806,5,True,True,16806
5797,asid_5797,1,True,False,5797
5798,asid_1449,2,False,True,1449
5801,asid_5801,2,True,False,5801
5803,asid_74,32,False,False,5803
5804,asid_5804,1,True,False,5804
5805,asid_3843,4,False,False,5805
5806,asid_5806,1,True,False,5806
5807,asid_953,5,False,False,5807
5808,asid_32,17,False,False,5808
5809,asid_5809,1,True,False,5809
5810,asid_5810,1,True,False,5810
5811,asid_5256,5,False,False,5811
5812,asid_5812,1,True,False,5812
5813,asid_5813,1,True,False,5813
5816,asid_39279,2,False,False,5816
5817,asid_918,7,False,False,5817
5818,asid_5818,1,True,False,5818
5819,asid_5819,1,True,False,5819
5820,asid_4410,6,False,False,5820
5821,asid_5821,1,True,False,5821
5822,asid_5822,1,True,False,5822
5823,asid_5669,5,False,True,5669
5825,asid_5825,1,True,False,5825
5826,asid_5826,1,True,False,5826
5827,asid_3129,3,True,True,3129
5828,asid_8023,4,False,False,5828
5831,asid_5831,2,True,False,5831
5832,asid_5832,1,True,False,5832
5834,asid_5834,1,True,False,5834
5838,asid_5838,4,False,False,5838
5839,asid_5839,3,True,False,5839
5842,asid_5842,1,True,False,5842
5843,asid_5843,3,True,False,5843
5844,asid_5844,1,True,False,5844
5845,asid_16703,1,True,False,5845
5847,asid_5847,2,True,False,5847
5848,asid_368,2,False,True,368
5849,asid_8140,1,True,False,5849
5851,asid_5851,1,True,False,5851
5853,asid_3843,4,True,False,5853
5854,asid_5909,3,True,True,5909
5855,asid_2398,1,True,False,5855
5856,asid_5856,2,True,False,5856
5857,asid_5857,1,True,False,5857
5858,asid_11223,5,False,True,11223
5860,asid_5860,1,True,False,5860
5861,asid_5861,1,True,False,5861
5862,asid_8774,6,False,False,5862
5863,asid_5863,1,True,False,5863
5864,asid_5864,2,True,False,5864
5866,asid_1036,1,True,False,5866
5868,asid_5868,1,True,False,5868
5870,asid_5870,1,True,False,5870
5871,asid_14723,1,True,False,5871
5872,asid_5872,1,True,False,5872
5874,asid_2088,4,False,False,5874
5875,asid_5875,1,True,False,5875
5877,asid_2270,2,False,False,5877
5878,asid_5878,1,True,False,5878
5879,asid_5879,1,True,False,5879
5880,asid_5880,2,False,False,5880
5881,asid_5881,1,True,False,5881
5882,asid_5882,1,True,False,5882
5883,asid_5883,1,True,False,5883
5884,asid_5310,9,False,False,5884
5885,asid_5885,3,False,False,5885
5887,asid_5887,2,True,False,5887
5888,asid_34018,1,True,False,5888
5889,asid_331,8,False,False,5889
5890,asid_621,7,False,False,5890
5891,asid_5891,1,True,False,5891
5892,asid_19248,3,False,False,5892
5893,asid_5893,2,True,False,5893
5895,asid_5895,1,True,False,5895
5897,asid_5897,1,True,False,5897
5899,asid_5899,2,True,False,5899
5900,asid_7816,3,False,True,7816
5901,asid_5901,3,True,False,5901
5902,asid_5902,9,False,False,5902
5903,asid_62,13,False,False,5903
5904,asid_5904,2,False,False,5904
5905,asid_1581,2,False,False,5905
5906,asid_2584,2,False,True,2584
5908,asid_14853,5,False,True,14853
5909,asid_5909,3,False,False,5909
5910,asid_5910,1,True,False,5910
5911,asid_5911,1,True,False,5911
5913,asid_1831,10,False,False,5913
5915,asid_5915,1,True,False,5915
5916,asid_5916,3,True,False,5916
5917,asid_5917,1,True,False,5917
5920,asid_5769,5,False,True,5769
5921,asid_5921,1,True,False,5921
5922,asid_5922,2,False,False,5922
5923,asid_5923,1,True,False,5923
5924,asid_26296,1,True,False,5924
5925,asid_15057,7,False,True,15057
5927,asid_48204,1,True,False,5927
5928,asid_1746,2,False,False,5928
5929,asid_547,3,False,False,5929
5930,asid_5930,4,False,False,5930
5931,asid_5931,1,True,False,5931
5932,asid_8909,2,False,True,8909
5933,asid_5933,1,True,False,5933
5935,asid_4410,6,False,False,5935
5937,asid_5937,1,True,False,5937
5938,asid_5938,3,False,False,5938
5939,asid_2786,2,False,False,5939
5941,asid_86,7,False,False,5941
5942,asid_5942,1,True,False,5942
5944,asid_4282,2,True,False,5944
5945,asid_5945,1,True,False,5945
5947,asid_11816,2,True,False,5947
5948,asid_2091,3,False,False,5948
5949,asid_2056,2,False,False,5949
5950,asid_5950,1,True,False,5950
5952,asid_3138,2,True,False,5952
5953,asid_5953,1,True,False,5953
5954,asid_5954,1,True,False,5954
5955,asid_5955,1,True,False,5955
5956,asid_5956,1,True,False,5956
5957,asid_5957,1,True,False,5957
5958,asid_26844,2,False,True,26844
5960,asid_4910,5,False,True,31328
5962,asid_5962,1,True,False,5962
5963,asid_5963,1,True,False,5963
5964,asid_5964,5,False,False,5964
5965,asid_22189,5,False,False,5965
5966,asid_6797,3,False,True,6797
5967,asid_5967,1,True,False,5967
5969,asid_5969,2,True,False,5969
5970,asid_5970,1,True,False,5970
5972,asid_2068,2,False,False,5972
5973,asid_1043,6,False,False,5973
5974,asid_5974,1,True,False,5974
5975,asid_5843,3,False,False,5975
5979,asid_5979,1,True,False,5979
5981,asid_1542,2,False,False,5981
5982,asid_5982,1,True,False,5982
5983,asid_2608,3,False,False,5983
5985,asid_5985,3,True,False,5985
5986,asid_5986,1,True,False,5986
5987,asid_5987,1,True,False,5987
5988,asid_5988,2,False,False,5988
5989,asid_5989,1,True,False,5989
5990,asid_6860,4,True,True,6860
5991,asid_5991,2,True,False,5991
5992,asid_29,8,False,False,5992
5993,asid_4380,2,False,False,5993
5994,asid_3149,5,False,False,5994
5996,asid_5996,2,True,False,5996
5998,asid_5998,2,False,False,5998
5999,asid_5999,2,True,False,5999
6000,asid_5383,10,False,False,6000
6001,asid_11593,5,False,False,6001
6003,asid_6003,1,True,False,6003
6004,asid_6004,2,True,False,6004
6005,asid_2202,2,False,False,6005
6006,asid_12916,3,True,True,12916
6007,asid_33638,7,False,True,38799
6008,asid_6008,2,False,False,6008
6009,asid_1934,3,False,False,6009
6010,asid_6010,1,True,False,6010
6011,asid_6011,1,True,False,6011
6012,asid_5326,2,False,False,6012
6013,asid_6013,1,True,False,6013
6014,asid_6014,2,False,False,6014
6015,asid_6015,1,True,False,6015
6017,asid_6017,1,True,False,6017
6018,asid_7850,3,True,False,6018
6019,asid_6019,1,True,False,6019
6021,asid_6021,1,True,False,6021
6022,asid_6022,1,True,False,6022
6023,asid_6023,1,True,False,6023
6024,asid_6024,1,True,False,6024
6026,asid_13624,5,False,False,6026
6027,asid_2779,2,True,False,6027
6028,asid_2331,4,True,True,2331
6029,asid_21790,2,True,False,6029
6031,asid_6031,1,True,False,6031
6033,asid_6033,1,True,False,6033
6036,asid_6036,1,True,False,6036
6037,asid_6037,1,True,False,6037
6038,asid_6038,2,True,False,6038
6040,asid_6040,1,True,False,6040
6041,asid_6041,3,True,False,6041
6042,asid_5458,3,True,True,5458
6044,asid_6044,1,True,False,6044
6045,asid_6045,3,False,False,6045
6047,asid_6047,1,True,False,6047
6048,asid_6048,1,True,False,6048
6049,asid_6049,1,True,False,6049
6050,asid_6050,2,True,False,6050
6051,asid_6051,1,True,False,6051
6052,asid_6052,1,True,False,6052
6053,asid_6053,1,True,False,6053
6054,asid_6054,2,True,False,6054
6055,asid_6055,1,True,False,6055
6056,asid_32250,1,True,False,6056
6057,asid_5991,2,False,True,5991
6058,asid_6058,1,True,False,6058
6062,asid_6062,1,True,False,6062
6063,asid_6063,1,True,False,6063
6064,asid_6064,2,True,False,6064
6065,asid_6065,1,True,False,6065
6066,asid_6066,1,True,False,6066
6067,asid_6067,2,True,False,6067
6070,asid_6070,1,True,False,6070
6071,asid_407,6,False,True,564
6072,asid_6374,2,False,True,6374
6073,asid_6795,3,True,False,6073
6076,asid_6076,2,False,False,6076
6078,asid_6078,3,False,False,6078
6079,asid_6079,1,True,False,6079
6081,asid_6081,1,True,False,6081
6082,asid_6082,1,True,False,6082
6083,asid_6083,1,True,False,6083
6084,asid_4287,4,False,False,6084
6085,asid_5666,2,True,False,6085
6086,asid_2578,2,False,False,6086
6087,asid_23225,6,False,False,6087
6088,asid_2005,2,False,False,6088
6089,asid_6089,1,True,False,6089
6090,asid_6090,1,True,False,6090
6091,asid_6091,1,True,False,6091
6092,asid_1689,7,False,False,6092
6093,asid_6093,1,True,False,6093
6094,asid_6094,2,True,False,6094
6095,asid_6095,3,True,False,6095
6097,asid_6097,7,False,False,6097
6098,asid_6098,1,True,False,6098
6099,asid_6099,1,True,False,6099
6100,asid_1491,2,False,False,6100
6101,asid_3193,2,False,False,6101
6102,asid_6102,1,True,False,6102
6103,asid_6103,2,True,False,6103
6105,asid_2879,2,False,False,6105
6106,asid_6362,4,False,False,6106
6108,asid_6108,1,True,False,6108
6109,asid_5455,4,False,False,6109
6111,asid_6111,1,True,False,6111
6112,asid_6112,2,True,False,6112
6114,asid_6114,1,True,False,6114
6116,asid_6116,1,True,False,6116
6117,asid_6117,1,True,False,6117
6119,asid_1322,5,False,False,6119
6120,asid_6120,9,False,False,6120
6122,asid_6122,1,True,False,6122
6123,asid_6123,6,False,False,6123
6124,asid_6124,1,True,False,6124
6125,asid_6125,1,True,False,6125
6126,asid_47251,2,False,True,47251
6128,asid_6128,1,True,False,6128
6130,asid_6130,2,False,False,6130
6131,asid_6131,1,True,False,6131
6132,asid_253,3,False,False,6132
6134,asid_5035,2,True,True,5035
6135,asid_6135,1,True,False,6135
6136,asid_1621,2,False,False,6136
6139,asid_6139,1,True,False,6139
6140,asid_6140,2,True,False,6140
6141,asid_2060,1,True,False,6141
6142,asid_19911,3,False,True,19911
6143,asid_2700,2,False,False,6143
6144,asid_232,10,False,False,6144
6145,asid_3977,4,False,False,6145
6146,asid_6146,1,True,False,6146
6147,asid_6147,1,True,False,6147
6148,asid_6148,1,True,False,6148
6149,asid_6149,2,True,False,6149
6150,asid_6150,1,True,False,6150
6151,asid_10537,2,True,False,6151
6152,asid_6152,1,True,False,6152
6153,asid_2371,2,False,False,6153
6154,asid_23948,3,False,False,6154
6155,asid_6155,1,True,False,6155
6156,asid_2814,5,False,False,6156
6157,asid_6157,1,True,False,6157
6158,asid_6158,1,True,False,6158
6159,asid_6159,1,True,False,6159
6160,asid_1732,2,False,False,6160
6161,asid_170,10,False,False,6161
6162,asid_6162,1,True,False,6162
6164,asid_6164,1,True,False,6164
6165,asid_6165,1,True,False,6165
6166,asid_6166,3,True,False,6166
6168,asid_1887,3,True,False,6168
6171,asid_3054,2,True,False,6171
6172,asid_12668,5,False,False,6172
6173,asid_7972,2,True,True,7972
6174,asid_6174,1,True,False,6174
6175,asid_6175,2,True,False,6175
6176,asid_6176,1,True,False,6176
6177,asid_6177,1,True,False,6177
6178,asid_6178,1,True,False,6178
6179,asid_18203,4,True,True,18203
6181,asid_6181,1,True,False,6181
6182,asid_6182,1,True,False,6182
6184,asid_6184,2,False,False,6184
6185,asid_6185,1,True,False,6185
6186,asid_6186,1,True,False,6186
6187,asid_6187,3,False,False,6187
6188,asid_6188,1,True,False,6188
6189,asid_6189,1,True,False,6189
6190,asid_5003,2,False,False,6190
6191,asid_6191,1,True,False,6191
6193,asid_6193,1,True,False,6193
6194,asid_6194,1,True,False,6194
6195,asid_3985,4,False,False,6195
6198,asid_6198,1,True,False,6198
6200,asid_6200,2,True,False,6200
6201,asid_6201,1,True,False,6201
6202,asid_6202,1,True,False,6202
6203,asid_6203,1,True,False,6203
6204,asid_6204,1,True,False,6204
6205,asid_2528,2,False,False,6205
6208,asid_6208,1,True,False,6208
6209,asid_954,5,False,False,6209
6211,asid_45737,3,True,True,484
6212,asid_4630,2,True,True,4630
6214,asid_6214,1,True,False,6214
6215,asid_2136,3,False,True,2136
6216,asid_6216,1,True,False,6216
6220,asid_6220,1,True,False,6220
6221,asid_4776,6,False,False,6221
6222,asid_6222,1,True,False,6222
6223,asid_240,15,True,True,3578
6224,asid_6224,1,True,False,6224
6226,asid_6226,1,True,False,6226
6227,asid_6227,3,False,False,6227
6229,asid_6229,1,True,False,6229
6232,asid_76,15,False,True,2910
6233,asid_6233,1,True,False,6233
6234,asid_40194,6,False,False,6234
6236,asid_6236,3,True,False,6236
6237,asid_6237,1,True,False,6237
6238,asid_6238,1,True,False,6238
6239,asid_6239,1,True,False,6239
6241,asid_43770,2,True,False,6241
6243,asid_6243,1,True,False,6243
6244,asid_11364,5,False,False,6244
6245,asid_6245,1,True,False,6245
6246,asid_6246,1,True,False,6246
6247,asid_10511,4,False,True,14584
6248,asid_553,19,False,True,59
6249,asid_8058,2,True,True,8058
6250,asid_6250,1,True,False,6250
6251,asid_562,9,False,False,6251
6252,asid_2097,2,False,False,6252
6253,asid_4513,3,False,False,6253
6254,asid_6254,2,True,False,6254
6256,asid_6256,1,True,False,6256
6257,asid_6969,3,False,False,6257
6258,asid_6258,1,True,False,6258
6259,asid_6259,1,True,False,6259
6260,asid_6260,1,True,False,6260
6261,asid_1925,2,False,False,6261
6262,asid_6723,3,False,False,6262
6263,asid_2543,2,False,False,6263
6264,asid_6264,4,False,False,6264
6265,asid_6265,1,True,False,6265
6267,asid_6267,2,False,False,6267
6268,asid_1243,2,False,False,6268
6269,asid_6269,1,True,False,6269
6270,asid_13848,19,False,True,13848
6271,asid_6271,1,True,False,6271
6272,asid_133,11,False,False,6272
6273,asid_6273,1,True,False,6273
6274,asid_6274,3,True,False,6274
6276,asid_2068,2,True,False,6276
6277,asid_6277,1,True,False,6277
6278,asid_860,2,False,False,6278
6279,asid_38899,6,False,False,6279
6280,asid_6280,1,True,False,6280
6281,asid_13991,2,True,True,13991
6282,asid_6282,1,True,False,6282
6283,asid_41,4,False,False,6283
6284,asid_14545,3,True,True,1893
6285,asid_6285,1,True,False,6285
6287,asid_6287,1,True,False,6287
6288,asid_6288,1,True,False,6288
6289,asid_6289,1,True,False,6289
6290,asid_3559,12,False,False,6290
6291,asid_36056,3,False,True,36056
6292,asid_13104,5,True,True,13104
6293,asid_2330,2,False,False,6293
6294,asid_4043,4,True,True,4043
6296,asid_6296,1,True,False,6296
6298,asid_5263,2,True,False,6298
6299,asid_6299,1,True,False,6299
6300,asid_4961,2,True,False,6300
6301,asid_2782,5,False,False,6301
6302,asid_6302,1,True,False,6302
6305,asid_31,10,False,False,6305
6306,asid_6306,2,True,False,6306
6307,asid_6307,3,False,False,6307
6308,asid_6308,1,True,False,6308
6310,asid_549,8,False,False,6310
6311,asid_9591,3,True,False,6311
6312,asid_6312,2,False,False,6312
6314,asid_6314,1,True,False,6314
6316,asid_3003,5,False,False,6316
6317,asid_63,6,False,False,6317
6319,asid_6319,4,False,False,6319
6320,asid_6320,1,True,False,6320
6321,asid_2071,3,False,True,2071
6323,asid_139,4,False,False,6323
6325,asid_1306,2,True,False,6325
6326,asid_6326,2,True,False,6326
6327,asid_3733,4,False,True,3733
6328,asid_1938,2,False,False,6328
6329,asid_25282,1,True,False,6329
6330,asid_6330,1,True,False,6330
6331,asid_6331,2,True,False,6331
6332,asid_1557,1,True,False,6332
6335,asid_709,6,False,False,6335
6336,asid_6336,1,True,False,6336
6337,asid_787,7,False,False,6337
6338,asid_6338,5,False,False,6338
6339,asid_6339,2,False,False,6339
6340,asid_6340,3,True,False,6340
6341,asid_11749,2,True,True,11749
6343,asid_6343,1,True,False,6343
6345,asid_553,19,True,True,59
6346,asid_6346,1,True,False,6346
6348,asid_1957,3,False,False,6348
6351,asid_6351,1,True,False,6351
6352,asid_4568,3,False,False,6352
6353,asid_6353,1,True,False,6353
6354,asid_6354,1,True,False,6354
6355,asid_6355,1,True,False,6355
6356,asid_6356,1,True,False,6356
6357,asid_6357,1,True,False,6357
6358,asid_1813,3,False,False,6358
6359,asid_6359,1,True,False,6359
6360,asid_19234,2,True,False,6360
6362,asid_6362,4,False,False,6362
6363,asid_6363,1,True,False,6363
6366,asid_1899,3,False,False,6366
6367,asid_5769,5,False,True,5769
6368,asid_6368,1,True,False,6368
6369,asid_6369,1,True,False,6369
6370,asid_9640,3,False,False,6370
6371,asid_6371,1,True,False,6371
6372,asid_6372,1,True,False,6372
6373,asid_6396,4,False,False,6373
6374,asid_6374,2,True,False,6374
6376,asid_6376,2,False,False,6376
6377,asid_6377,2,True,False,6377
6378,asid_6378,3,True,False,6378
6380,asid_6380,1,True,False,6380
6384,asid_6384,1,True,False,6384
6385,asid_6385,1,True,False,6385
6386,asid_2423,3,False,False,6386
6387,asid_6586,2,True,False,6387
6388,asid_6388,1,True,False,6388
6389,asid_6389,1,True,False,6389
6390,asid_6390,2,False,False,6390
6391,asid_6391,1,True,False,6391
6392,asid_10909,2,False,True,10909
6393,asid_6393,1,True,False,6393
6395,asid_12844,2,True,True,12844
6396,asid_6396,4,False,False,6396
6398,asid_462,10,False,False,6398
6400,asid_6400,2,False,False,6400
6402,asid_1834,2,False,False,6402
6404,asid_6404,1,True,False,6404
6405,asid_2019,3,False,False,6405
6406,asid_6406,1,True,False,6406
6411,asid_6411,2,True,False,6411
6413,asid_6413,1,True,False,6413
6414,asid_6414,1,True,False,6414
6415,asid_6415,1,True,False,6415
6416,asid_6416,1,True,False,6416
6418,asid_6418,1,True,False,6418
6421,asid_6421,1,True,False,6421
6423,asid_4557,3,False,False,6423
6424,asid_6424,1,True,False,6424
6425,asid_1959,2,False,False,6425
6426,asid_6426,1,True,False,6426
6427,asid_6427,1,True,False,6427
6428,asid_6428,1,True,False,6428
6429,asid_6429,1,True,False,6429
6430,asid_6430,1,True,False,6430
6431,asid_6431,1,True,False,6431
6432,asid_6432,1,True,False,6432
6433,asid_6433,1,True,False,6433
6434,asid_6434,1,True,False,6434
6435,asid_6435,1,True,False,6435
6436,asid_6436,1,True,False,6436
6437,asid_1366,2,False,False,6437
6438,asid_4044,3,False,True,4044
6439,asid_6439,2,True,False,6439
6441,asid_6441,1,True,False,6441
6442,asid_6442,2,False,False,6442
6443,asid_6443,1,True,False,6443
6444,asid_6444,1,True,False,6444
6446,asid_27647,3,True,False,6446
6447,asid_6447,1,True,False,6447
6448,asid_6448,1,True,False,6448
6450,asid_4508,2,False,False,6450
6451,asid_6451,2,True,False,6451
6452,asid_16639,2,True,False,6452
6454,asid_6454,2,True,False,6454
6455,asid_4998,4,False,False,6455
6457,asid_6457,1,True,False,6457
6458,asid_6458,1,True,False,6458
6459,asid_6459,1,True,False,6459
6460,asid_6460,2,True,False,6460
6461,asid_13111,1,True,False,6461
6463,asid_6463,3,False,False,6463
6467,asid_6467,1,True,False,6467
6468,asid_1145,5,False,False,6468
6469,asid_1255,2,False,True,1255
6470,asid_6470,2,True,False,6470
6471,asid_6471,1,True,False,6471
6472,asid_4538,1,True,False,6472
6477,asid_1651,2,True,False,6477
6479,asid_6479,1,True,False,6479
6480,asid_35170,2,True,False,6480
6481,asid_6481,1,True,False,6481
6482,asid_4093,1,True,False,6482
6483,asid_122,2,False,False,6483
6484,asid_1744,3,False,False,6484
6486,asid_10804,2,True,True,10804
6487,asid_6757,5,True,True,6757
6488,asid_1957,3,False,False,6488
6489,asid_2210,2,True,False,6489
6490,asid_6490,2,True,False,6490
6493,asid_6493,1,True,False,6493
6494,asid_6494,1,True,False,6494
6495,asid_6495,2,False,False,6495
6497,asid_3260,2,False,False,6497
6498,asid_3274,3,False,False,6498
6499,asid_6499,2,False,False,6499
6500,asid_6500,1,True,False,6500
6501,asid_6501,1,True,False,6501
6502,asid_6502,2,True,False,6502
6504,asid_6504,1,True,False,6504
6505,asid_6505,1,True,False,6505
6507,asid_6507,2,True,False,6507
6508,asid_561,4,False,True,251
6512,asid_1093,2,False,False,6512
6513,asid_10946,3,False,False,6513
6514,asid_6514,2,True,False,6514
6515,asid_4979,2,True,False,6515
6518,asid_6518,1,True,False,6518
6519,asid_6519,1,True,False,6519
6520,asid_6520,1,True,False,6520
6522,asid_9121,2,True,True,1297
6523,asid_1955,6,False,False,6523
6524,asid_6524,1,True,False,6524
6525,asid_32376,3,True,False,6525
6526,asid_6526,1,True,False,6526
6527,asid_6527,2,False,False,6527
6529,asid_6184,2,True,False,6529
6530,asid_12541,3,True,False,6530
6531,asid_817,6,False,False,6531
6534,asid_6534,1,True,False,6534
6535,asid_6535,2,False,False,6535
6536,asid_5246,2,False,False,6536
6539,asid_6539,1,True,False,6539
6540,asid_6540,1,True,False,6540
6541,asid_6541,2,True,False,6541
6542,asid_6200,2,False,True,6200
6544,asid_41224,3,False,True,31393
6545,asid_15705,3,False,True,15705
6546,asid_6546,1,True,False,6546
6547,asid_6547,5,False,False,6547
6550,asid_13110,4,False,True,8981
6551,asid_6551,1,True,False,6551
6552,asid_12410,2,False,False,6552
6553,asid_6943,2,True,False,6553
6554,asid_2487,3,True,True,2487
6556,asid_385,5,False,False,6556
6558,asid_6558,1,True,False,6558
6559,asid_6559,1,True,False,6559
6560,asid_40384,2,False,False,6560
6563,asid_6563,2,True,False,6563
6564,asid_6564,1,True,False,6564
6565,asid_6565,1,True,False,6565
6566,asid_6566,1,True,False,6566
6567,asid_6567,2,True,False,6567
6568,asid_3404,12,False,False,6568
6570,asid_6570,2,True,False,6570
6571,asid_6936,2,False,False,6571
6572,asid_6572,1,True,False,6572
6574,asid_3386,5,False,False,6574
6575,asid_4014,4,False,True,4014
6576,asid_6576,1,True,False,6576
6577,asid_6577,1,True,False,6577
6578,asid_15084,2,False,True,15084
6579,asid_1884,5,False,True,1884
6580,asid_1014,2,False,False,6580
6581,asid_3039,5,False,False,6581
6584,asid_6584,1,True,False,6584
6585,asid_6585,1,True,False,6585
6588,asid_502,1,True,False,6588
6589,asid_6589,1,True,False,6589
6590,asid_7716,3,False,False,6590
6592,asid_1356,7,False,False,6592
6593,asid_6593,2,False,False,6593
6594,asid_24494,2,False,True,24494
6595,asid_6595,1,True,False,6595
6597,asid_4483,4,False,True,4483
6602,asid_6602,1,True,False,6602
6603,asid_1508,3,False,False,6603
6605,asid_37681,4,True,True,424
6606,asid_6606,1,True,False,6606
6608,asid_6608,1,True,False,6608
6609,asid_6609,1,True,False,6609
6610,asid_6610,2,False,False,6610
6611,asid_6611,5,True,False,6611
6612,asid_6612,2,True,False,6612
6614,asid_6614,1,True,False,6614
6615,asid_1948,4,True,True,1948
6616,asid_6853,3,True,True,6853
6617,asid_6617,5,False,False,6617
6618,asid_6618,1,True,False,6618
6619,asid_3697,3,False,False,6619
6623,asid_6623,1,True,False,6623
6624,asid_3360,2,True,False,6624
6625,asid_6625,1,True,False,6625
6626,asid_9565,2,True,True,9565
6629,asid_3312,6,False,False,6629
6630,asid_6630,1,True,False,6630
6631,asid_6631,1,True,False,6631
6633,asid_6633,2,True,False,6633
6634,asid_6634,1,True,False,6634
6635,asid_7423,2,True,False,6635
6636,asid_6636,1,True,False,6636
6638,asid_6638,2,True,False,6638
6639,asid_6639,1,True,False,6639
6641,asid_6641,1,True,False,6641
6643,asid_1742,1,True,False,6643
6645,asid_6645,1,True,False,6645
6646,asid_6646,2,True,False,6646
6647,asid_26715,7,False,True,26715
6648,asid_6648,4,False,False,6648
6652,asid_3407,4,False,False,6652
6653,asid_2673,2,True,False,6653
6654,asid_6654,1,True,False,6654
6656,asid_6656,1,True,False,6656
6657,asid_6657,1,True,False,6657
6658,asid_6658,1,True,False,6658
6660,asid_6660,1,True,False,6660
6661,asid_2812,2,True,False,6661
6662,asid_6662,1,True,False,6662
6665,asid_5902,9,False,False,6665
6667,asid_6667,1,True,False,6667
6669,asid_6669,1,True,False,6669
6671,asid_6671,3,True,False,6671
6672,asid_6672,1,True,False,6672
6673,asid_6673,2,True,False,6673
6674,asid_4523,2,False,True,4523
6676,asid_6676,1,True,False,6676
6677,asid_6677,2,True,False,6677
6678,asid_4749,1,True,False,6678
6679,asid_1991,2,False,False,6679
6680,asid_1828,12,False,True,903
6681,asid_6773,2,False,True,6773
6682,asid_6682,1,True,False,6682
6683,asid_1022,4,False,False,6683
6684,asid_6684,1,True,False,6684
6685,asid_6685,3,False,False,6685
6687,asid_6687,4,True,False,6687
6688,asid_6688,1,True,False,6688
6689,asid_6689,1,True,False,6689
6690,asid_1174,6,False,False,6690
6691,asid_6691,1,True,False,6691
6692,asid_22305,2,False,False,6692
6693,asid_6715,4,False,False,6693
6694,asid_6694,1,True,False,6694
6695,asid_6695,8,False,False,6695
6696,asid_6696,1,True,False,6696
6698,asid_6698,2,True,False,6698
6700,asid_6700,1,True,False,6700
6701,asid_6701,2,True,False,6701
6702,asid_6702,1,True,False,6702
6704,asid_33227,1,True,False,6704
6705,asid_3434,13,False,True,3434
6708,asid_6708,1,True,False,6708
6709,asid_6709,1,True,False,6709
6714,asid_1064,6,False,False,6714
6715,asid_6715,4,False,False,6715
6716,asid_6716,1,True,False,6716
6717,asid_6717,1,True,False,6717
6718,asid_6718,2,True,False,6718
6719,asid_25714,2,False,True,25714
6720,asid_6720,1,True,False,6720
6721,asid_6721,2,False,False,6721
6723,asid_6723,3,False,False,6723
6724,asid_6724,1,True,False,6724
6725,asid_6725,1,True,False,6725
6726,asid_6726,1,True,False,6726
6727,asid_6727,1,True,False,6727
6728,asid_6728,2,True,False,6728
6729,asid_3643,6,False,True,3643
6732,asid_6732,2,True,False,6732
6733,asid_10440,2,False,False,6733
6734,asid_7376,2,True,False,6734
6736,asid_6736,3,False,False,6736
6737,asid_6737,1,True,False,6737
6738,asid_6738,1,True,False,6738
6741,asid_6741,2,True,False,6741
6742,asid_3734,2,False,False,6742
6743,asid_6743,2,True,False,6743
6744,asid_3733,4,False,True,3733
6745,asid_6745,1,True,False,6745
6746,asid_12903,4,False,True,12903
6747,asid_6747,2,True,False,6747
6748,asid_524,5,False,False,6748
6749,asid_6749,2,True,False,6749
6750,asid_6750,1,True,False,6750
6751,asid_842,2,False,True,842
6752,asid_6752,1,True,False,6752
6753,asid_4873,2,False,False,6753
6754,asid_6754,1,True,False,6754
6756,asid_1141,6,False,False,6756
6757,asid_6757,5,False,False,6757
6759,asid_4583,5,False,False,6759
6760,asid_6760,1,True,False,6760
6761,asid_6761,2,True,False,6761
6762,asid_35809,6,False,False,6762
6763,asid_6763,1,True,False,6763
6764,asid_6764,3,True,False,6764
6765,asid_8906,4,False,False,6765
6766,asid_6766,1,True,False,6766
6767,asid_10981,1,True,False,6767
6768,asid_6768,1,True,False,6768
6769,asid_6769,2,True,False,6769
6770,asid_2222,2,False,False,6770
6771,asid_6771,1,True,False,6771
6772,asid_6772,3,False,False,6772
6773,asid_6773,2,True,False,6773
6774,asid_6774,1,True,False,6774
6775,asid_6775,1,True,False,6775
6776,asid_6776,2,True,False,6776
6777,asid_918,7,False,False,6777
6778,asid_6778,1,True,False,6778
6779,asid_8932,3,True,False,6779
6782,asid_979,2,True,False,6782
6784,asid_6784,1,True,False,6784
6785,asid_6785,2,True,False,6785
6786,asid_6786,1,True,False,6786
6787,asid_22263,2,True,False,6787
6788,asid_6788,1,True,False,6788
6790,asid_6790,1,True,False,6790
6791,asid_6791,3,False,False,6791
6792,asid_6828,3,False,False,6792
6794,asid_63,6,False,False,6794
6795,asid_6795,3,False,False,6795
6796,asid_6796,1,True,False,6796
6797,asid_6797,3,True,False,6797
6798,asid_6798,1,True,False,6798
6799,asid_6799,1,True,False,6799
6800,asid_6800,17,False,False,6800
6801,asid_6254,2,False,True,6254
6802,asid_5178,5,True,False,6802
6804,asid_6804,1,True,False,6804
6805,asid_2646,4,False,False,6805
6807,asid_6041,3,False,False,6807
6808,asid_6808,1,True,False,6808
6809,asid_8916,2,False,False,6809
6813,asid_6813,1,True,False,6813
6814,asid_6814,1,True,False,6814
6815,asid_6267,2,True,True,6267
6816,asid_6816,1,True,False,6816
6817,asid_6817,1,True,False,6817
6818,asid_6818,1,True,False,6818
6820,asid_6820,1,True,False,6820
6821,asid_6821,3,False,False,6821
6822,asid_6822,2,True,False,6822
6823,asid_6823,1,True,False,6823
6825,asid_6825,3,True,False,6825
6827,asid_6827,1,True,False,6827
6828,asid_6828,3,False,False,6828
6829,asid_6829,1,True,False,6829
6830,asid_6830,1,True,False,6830
6831,asid_1617,3,False,False,6831
6835,asid_39155,5,False,False,6835
6836,asid_811,5,False,True,811
6838,asid_811,5,False,False,6838
6839,asid_7794,4,False,False,6839
6840,asid_6840,1,True,False,6840
6841,asid_6841,1,True,False,6841
6842,asid_2335,2,False,False,6842
6843,asid_49,12,False,False,6843
6844,asid_6844,2,True,False,6844
6845,asid_3792,3,False,True,3792
6847,asid_2679,1,True,False,6847
6848,asid_6848,1,True,False,6848
6851,asid_6719,1,True,False,6851
6852,asid_62,13,True,True,45
6853,asid_6853,3,False,False,6853
6855,asid_3039,5,False,False,6855
6856,asid_651,15,False,False,6856
6859,asid_21907,4,False,True,4693
6860,asid_6860,4,False,False,6860
6862,asid_6862,1,True,False,6862
6863,asid_6863,2,False,False,6863
6864,asid_6864,1,True,False,6864
6865,asid_6865,1,True,False,6865
6867,asid_4174,6,False,False,6867
6868,asid_1359,2,False,False,6868
6870,asid_6870,1,True,False,6870
6871,asid_7194,3,False,False,6871
6872,asid_6872,1,True,False,6872
6873,asid_2384,1,True,False,6873
6874,asid_6874,1,True,False,6874
6875,asid_6875,1,True,False,6875
6879,asid_4896,2,True,False,6879
6881,asid_6881,2,False,False,6881
6885,asid_6885,1,True,False,6885
6886,asid_6886,1,True,False,6886
6887,asid_6887,1,True,False,6887
6889,asid_6889,1,True,False,6889
6890,asid_2124,3,False,False,6890
6891,asid_6891,5,False,False,6891
6892,asid_17130,2,False,False,6892
6893,asid_6893,1,True,False,6893
6894,asid_6853,3,False,True,6853
6895,asid_6895,1,True,False,6895
6896,asid_6896,1,True,False,6896
6900,asid_6025,2,False,False,6900
6902,asid_6902,1,True,False,6902
6904,asid_6904,2,True,False,6904
6906,asid_4337,4,False,False,6906
6907,asid_7925,2,False,False,6907
6908,asid_6908,1,True,False,6908
6909,asid_970,3,False,False,6909
6910,asid_3250,2,True,False,6910
6911,asid_6911,2,True,False,6911
6912,asid_5315,3,False,False,6912
6913,asid_6422,1,True,False,6913
6915,asid_6915,1,True,False,6915
6916,asid_6695,8,False,True,6695
6917,asid_6917,1,True,False,6917
6918,asid_6918,1,True,False,6918
6919,asid_6919,1,True,False,6919
6920,asid_890,6,False,True,947
6921,asid_1895,2,True,False,6921
6923,asid_6923,1,True,False,6923
6924,asid_2424,2,False,False,6924
6925,asid_6925,1,True,False,6925
6926,asid_6926,1,True,False,6926
6927,asid_6927,2,False,False,6927
6929,asid_6929,1,True,False,6929
6931,asid_6931,2,True,False,6931
6933,asid_6933,1,True,False,6933
6937,asid_3559,12,False,False,6937
6942,asid_6942,1,True,False,6942
6943,asid_6943,2,False,False,6943
6945,asid_6945,1,True,False,6945
6946,asid_6946,1,True,False,6946
6947,asid_14867,3,True,False,6947
6948,asid_4,7,False,False,6948
6950,asid_6950,1,True,False,6950
6952,asid_6952,1,True,False,6952
6953,asid_6953,1,True,False,6953
6954,asid_41556,2,True,False,6954
6955,asid_1648,2,False,False,6955
6956,asid_2179,2,False,False,6956
6957,asid_25748,5,False,False,6957
6959,asid_6959,2,False,False,6959
6960,asid_139,4,False,False,6960
6962,asid_4768,4,False,False,6962
6963,asid_6963,1,True,False,6963
6964,asid_6964,1,True,False,6964
6965,asid_6965,1,True,False,6965
6966,asid_6966,1,True,False,6966
6967,asid_6967,1,True,False,6967
6968,asid_6968,1,True,False,6968
6969,asid_6969,3,True,False,6969
6971,asid_7774,2,True,False,6971
6972,asid_6972,1,True,False,6972
6973,asid_4092,2,False,False,6973
6974,asid_6974,1,True,False,6974
6975,asid_562,9,False,True,37615
6976,asid_6976,1,True,False,6976
6977,asid_6977,1,True,False,6977
6979,asid_6979,1,True,False,6979
6980,asid_8486,6,False,True,2891
6981,asid_6981,1,True,False,6981
6982,asid_43353,2,True,True,43353
6983,asid_6983,1,True,False,6983
6984,asid_2934,2,True,False,6984
6985,asid_6985,2,False,False,6985
6986,asid_6986,1,True,False,6986
6987,asid_6987,1,True,False,6987
6988,asid_6988,1,True,False,6988
6989,asid_20591,3,False,False,6989
6990,asid_5409,3,False,False,6990
6991,asid_6991,6,False,False,6991
6993,asid_6993,1,True,False,6993
6994,asid_6994,1,True,False,6994
6996,asid_6996,1,True,False,6996
6997,asid_6997,1,True,False,6997
6999,asid_6999,1,True,False,6999
7000,asid_7000,1,True,False,7000
7001,asid_7001,1,True,False,7001
7002,asid_7002,1,True,False,7002
7003,asid_4756,2,True,True,4756
7004,asid_7004,1,True,False,7004
7005,asid_27453,5,True,False,7005
7007,asid_7007,1,True,False,7007
7008,asid_7008,1,True,False,7008
7009,asid_2721,2,True,True,2721
7010,asid_7010,2,False,False,7010
7011,asid_7011,1,True,False,7011
7012,asid_9599,3,False,True,9599
7013,asid_8539,7,False,False,7013
7014,asid_7014,1,True,False,7014
7015,asid_562,9,True,True,562
7016,asid_7016,1,True,False,7016
7019,asid_1221,5,False,False,7019
7020,asid_2638,1,True,False,7020
7021,asid_7021,1,True,False,7021
7022,asid_7627,3,False,False,7022
7023,asid_7023,1,True,False,7023
7024,asid_7024,6,False,False,7024
7025,asid_7025,2,True,False,7025
7026,asid_2902,2,True,True,13474
7027,asid_15840,1,True,False,7027
7028,asid_7028,1,True,False,7028
7029,asid_7029,1,True,False,7029
7030,asid_8263,2,True,True,8263
7032,asid_7032,1,True,False,7032
7033,asid_1942,2,False,False,7033
7036,asid_7036,1,True,False,7036
7037,asid_10,14,True,True,3207
7038,asid_7038,1,True,False,7038
7040,asid_2299,4,False,True,11449
7041,asid_15880,1,True,False,7041
7043,asid_3398,3,False,False,7043
7044,asid_427,6,True,True,427
7048,asid_7048,1,True,False,7048
7052,asid_1317,2,False,False,7052
7054,asid_7054,1,True,False,7054
7055,asid_817,6,False,False,7055
7056,asid_7056,2,False,False,7056
7057,asid_19738,2,True,True,19738
7058,asid_7058,3,True,False,7058
7059,asid_7059,1,True,False,7059
7060,asid_6334,6,False,False,7060
7061,asid_2832,4,True,True,2832
7062,asid_7062,1,True,False,7062
7063,asid_24501,1,True,False,7063
7064,asid_9007,3,True,False,7064
7065,asid_32581,5,False,False,7065
7066,asid_7066,2,False,False,7066
7067,asid_7067,2,False,False,7067
7068,asid_7068,1,True,False,7068
7069,asid_7069,1,True,False,7069
7072,asid_2014,2,False,False,7072
7073,asid_7073,1,True,False,7073
7074,asid_7074,1,True,False,7074
7075,asid_7075,1,True,False,7075
7076,asid_7076,1,True,False,7076
7077,asid_7077,2,False,False,7077
7080,asid_7080,1,True,False,7080
7081,asid_3159,3,False,True,3159
7082,asid_7082,2,False,False,7082
7083,asid_3164,2,False,False,7083
7084,asid_3404,12,False,False,7084
7085,asid_7085,2,True,False,7085
7087,asid_7087,1,True,False,7087
7088,asid_7088,1,True,False,7088
7090,asid_7090,1,True,False,7090
7091,asid_7091,1,True,False,7091
7092,asid_7092,1,True,False,7092
7093,asid_35709,2,False,True,35709
7094,asid_7094,1,True,False,7094
7095,asid_7095,1,True,False,7095
7096,asid_7096,1,True,False,7096
7098,asid_7098,1,True,False,7098
7099,asid_10705,2,True,False,7099
7100,asid_7100,1,True,False,7100
7101,asid_7174,2,False,True,7174
7102,asid_3709,4,False,False,7102
7103,asid_7103,1,True,False,7103
7104,asid_7104,1,True,False,7104
7106,asid_35,8,False,True,176
7108,asid_7108,1,True,False,7108
7111,asid_15302,2,False,False,7111
7112,asid_32,17,False,True,1570
7116,asid_2734,4,False,False,7116
7118,asid_7118,1,True,False,7118
7119,asid_7119,1,True,False,7119
7121,asid_7357,2,True,False,7121
7122,asid_7122,1,True,False,7122
7124,asid_10571,3,False,False,7124
7125,asid_7125,2,True,False,7125
7128,asid_1332,4,False,True,1332
7129,asid_7129,4,True,False,7129
7130,asid_7130,2,False,False,7130
7131,asid_7131,1,True,False,7131
7132,asid_6747,2,False,True,6747
7134,asid_7134,1,True,False,7134
7135,asid_7135,1,True,False,7135
7136,asid_7336,2,True,False,7136
7137,asid_7137,2,False,False,7137
7138,asid_7138,1,True,False,7138
7142,asid_7142,1,True,False,7142
7143,asid_3044,2,False,False,7143
7145,asid_7145,3,False,False,7145
7146,asid_7146,1,True,False,7146
7147,asid_7147,1,True,False,7147
7148,asid_7148,1,True,False,7148
7149,asid_7149,1,True,False,7149
7152,asid_7152,1,True,False,7152
7154,asid_8486,6,False,True,2891
7155,asid_7155,1,True,False,7155
7156,asid_4854,4,False,True,4854
7157,asid_2449,3,False,False,7157
7158,asid_7158,1,True,False,7158
7159,asid_1624,3,False,False,7159
7160,asid_7160,2,False,False,7160
7161,asid_1531,5,False,False,7161
7163,asid_7163,4,True,False,7163
7165,asid_64,14,False,False,7165
7167,asid_7167,3,True,False,7167
7168,asid_7168,2,False,False,7168
7169,asid_3983,2,False,False,7169
7170,asid_7170,1,True,False,7170
7171,asid_7171,1,True,False,7171
7172,asid_7172,1,True,False,7172
7173,asid_7173,1,True,False,7173
7174,asid_7174,2,True,False,7174
7175,asid_7175,1,True,False,7175
7176,asid_7176,2,False,False,7176
7177,asid_7177,2,True,False,7177
7178,asid_7178,1,True,False,7178
7179,asid_21624,3,True,False,7179
7181,asid_7181,2,False,False,7181
7183,asid_7183,1,True,False,7183
7184,asid_7184,2,False,False,7184
7185,asid_2389,4,False,False,7185
7186,asid_1649,2,False,True,1649
7187,asid_7187,1,True,False,7187
7189,asid_7189,2,False,False,7189
7190,asid_2417,3,False,True,2417
7192,asid_22291,1,True,False,7192
7193,asid_23799,3,False,False,7193
7194,asid_7194,3,True,False,7194
7196,asid_713,5,False,False,7196
7198,asid_7198,1,True,False,7198
7199,asid_7199,1,True,False,7199
7200,asid_7200,1,True,False,7200
7201,asid_7201,1,True,False,7201
7202,asid_7202,2,False,False,7202
7203,asid_3005,3,False,False,7203
7204,asid_4825,4,False,True,4825
7205,asid_7205,1,True,False,7205
7206,asid_7206,1,True,False,7206
7207,asid_7207,1,True,False,7207
7208,asid_7208,1,True,False,7208
7209,asid_7209,2,True,False,7209
7210,asid_23420,2,True,True,23420
7211,asid_7211,1,True,False,7211
7213,asid_15705,3,True,True,15705
7215,asid_7215,3,False,False,7215
7216,asid_7216,1,True,False,7216
7217,asid_8279,2,False,True,8279
7220,asid_7220,1,True,False,7220
7221,asid_7221,2,False,False,7221
7222,asid_126,8,False,False,7222
7223,asid_2113,2,False,False,7223
7226,asid_553,19,False,False,7226
7227,asid_7227,4,False,False,7227
7228,asid_7228,1,True,False,7228
7229,asid_7229,1,True,False,7229
7230,asid_7230,1,True,False,7230
7231,asid_2797,5,False,False,7231
7234,asid_7234,1,True,False,7234
7235,asid_2525,3,False,False,7235
7237,asid_7237,1,True,False,7237
7239,asid_1493,1,True,False,7239
7240,asid_7240,1,True,False,7240
7241,asid_6149,2,False,False,7241
7242,asid_7242,1,True,False,7242
7247,asid_9010,2,True,False,7247
7248,asid_3748,4,False,False,7248
7249,asid_24507,2,False,False,7249
7250,asid_2502,2,False,False,7250
7255,asid_7255,1,True,False,7255
7257,asid_2294,2,False,False,7257
7258,asid_7258,1,True,False,7258
7259,asid_5466,8,False,True,1231
7260,asid_7260,1,True,False,7260
7261,asid_12671,5,False,True,12671
7262,asid_222,10,False,False,7262
7263,asid_1221,5,False,False,7263
7264,asid_7264,1,True,False,7264
7265,asid_553,19,False,True,8259
7266,asid_7266,1,True,False,7266
7268,asid_7268,1,True,False,7268
7269,asid_7269,1,True,False,7269
7270,asid_2873,2,False,False,7270
7271,asid_3195,2,False,False,7271
7272,asid_7272,1,True,False,7272
7273,asid_7273,1,True,False,7273
7274,asid_7274,1,True,False,7274
7275,asid_16622,2,True,False,7275
7276,asid_7276,1,True,False,7276
7277,asid_2616,5,False,False,7277
7278,asid_15434,7,False,True,15434
7280,asid_6795,3,False,False,7280
7281,asid_41291,3,True,False,7281
7282,asid_7282,1,True,False,7282
7283,asid_134,6,False,False,7283
7285,asid_3572,2,False,True,3572
7289,asid_765,3,False,False,7289
7290,asid_7290,1,True,False,7290
7292,asid_7292,2,True,False,7292
7293,asid_1547,6,False,False,7293
7294,asid_7294,1,True,False,7294
7295,asid_3206,2,False,False,7295
7298,asid_34976,3,False,True,34976
7299,asid_7299,4,False,False,7299
7301,asid_7301,1,True,False,7301
7303,asid_7303,1,True,False,7303
7304,asid_7304,1,True,False,7304
7305,asid_2089,3,False,False,7305
7307,asid_7129,4,False,False,7307
7308,asid_7308,1,True,False,7308
7311,asid_7311,1,True,False,7311
7312,asid_7312,1,True,False,7312
7313,asid_7313,1,True,False,7313
7314,asid_7314,1,True,False,7314
7315,asid_7315,1,True,False,7315
7316,asid_7316,1,True,False,7316
7318,asid_7318,1,True,False,7318
7319,asid_5738,10,False,False,7319
7320,asid_1530,2,False,False,7320
7322,asid_7612,2,False,False,7322
7323,asid_2331,4,False,True,492
7324,asid_7324,1,True,False,7324
7325,asid_18447,2,True,True,1808
7326,asid_7326,1,True,False,7326
7327,asid_7327,1,True,False,7327
7328,asid_2742,1,True,False,7328
7330,asid_7330,1,True,False,7330
7331,asid_7331,1,True,False,7331
7332,asid_35,8,False,False,7332
7333,asid_7333,1,True,False,7333
7334,asid_7334,1,True,False,7334
7336,asid_7336,2,False,False,7336
7337,asid_411,9,False,False,7337
7338,asid_3558,4,False,False,7338
7339,asid_7339,4,False,False,7339
7340,asid_961,3,False,False,7340
7341,asid_7341,5,False,False,7341
7343,asid_1509,1,True,False,7343
7344,asid_7344,1,True,False,7344
7345,asid_7345,1,True,False,7345
7347,asid_7347,1,True,False,7347
7348,asid_7348,2,True,False,7348
7349,asid_7349,1,True,False,7349
7351,asid_6785,2,False,True,6785
7352,asid_7352,1,True,False,7352
7353,asid_7353,2,True,False,7353
7354,asid_33606,3,True,True,33606
7356,asid_7356,2,False,False,7356
7357,asid_7357,2,False,False,7357
7359,asid_7359,1,True,False,7359
7361,asid_1400,2,False,False,7361
7362,asid_7362,1,True,False,7362
7364,asid_14566,2,True,False,7364
7365,asid_7365,1,True,False,7365
7366,asid_16908,2,False,False,7366
7367,asid_7367,1,True,False,7367
7368,asid_730,4,True,False,7368
7369,asid_7369,2,True,False,7369
7370,asid_7370,1,True,False,7370
7371,asid_7371,2,True,False,7371
7372,asid_7372,1,True,False,7372
7373,asid_411,9,False,False,7373
7374,asid_7374,2,False,False,7374
7375,asid_9334,3,True,False,7375
7376,asid_7376,2,False,False,7376
7377,asid_7377,1,True,False,7377
7378,asid_7378,2,True,False,7378
7379,asid_7379,1,True,False,7379
7380,asid_7380,2,True,False,7380
7383,asid_7383,1,True,False,7383
7384,asid_7384,1,True,False,7384
7385,asid_3072,2,False,False,7385
7386,asid_7386,1,True,False,7386
7387,asid_3659,8,False,False,7387
7388,asid_7388,1,True,False,7388
7390,asid_811,5,False,False,7390
7391,asid_7391,1,True,False,7391
7392,asid_7392,1,True,False,7392
7394,asid_7394,1,True,False,7394
7395,asid_7395,1,True,False,7395
7397,asid_7397,1,True,False,7397
7399,asid_11373,4,False,True,4861
7400,asid_7400,1,True,False,7400
7402,asid_7402,1,True,False,7402
7403,asid_9836,4,False,True,9836
7404,asid_7404,1,True,False,7404
7405,asid_5738,10,False,False,7405
7407,asid_1474,3,False,False,7407
7408,asid_7408,1,True,False,7408
7409,asid_2262,2,False,False,7409
7411,asid_558,7,False,False,7411
7412,asid_10685,3,False,True,10685
7414,asid_7414,1,True,False,7414
7415,asid_7415,2,False,False,7415
7417,asid_7417,1,True,False,7417
7418,asid_7418,1,True,False,7418
7419,asid_7419,1,True,False,7419
7422,asid_7422,1,True,False,7422
7423,asid_7423,2,False,False,7423
7424,asid_7424,1,True,False,7424
7425,asid_1914,2,False,True,1914
7426,asid_7426,1,True,False,7426
7427,asid_7427,1,True,False,7427
7428,asid_7428,2,True,False,7428
7429,asid_660,7,False,False,7429
7430,asid_2866,3,False,False,7430
7431,asid_7431,1,True,False,7431
7432,asid_7432,1,True,False,7432
7433,asid_7433,1,True,False,7433
7434,asid_7434,1,True,False,7434
7436,asid_7436,1,True,False,7436
7437,asid_7437,2,True,False,7437
7438,asid_26938,5,True,True,26938
7440,asid_7440,2,True,False,7440
7444,asid_7444,1,True,False,7444
7447,asid_7447,1,True,False,7447
7450,asid_4045,2,False,False,7450
7451,asid_2081,3,False,False,7451
7452,asid_3287,10,False,False,7452
7453,asid_7453,1,True,False,7453
7457,asid_7457,1,True,False,7457
7459,asid_7459,1,True,False,7459
7460,asid_7460,1,True,False,7460
7461,asid_7461,1,True,False,7461
7462,asid_7462,1,True,False,7462
7464,asid_7464,1,True,False,7464
7465,asid_7465,1,True,False,7465
7466,asid_7466,1,True,False,7466
7467,asid_7467,1,True,False,7467
7468,asid_7468,4,True,False,7468
7469,asid_7469,2,True,False,7469
7471,asid_7471,1,True,False,7471
7472,asid_7472,2,False,False,7472
7473,asid_7473,1,True,False,7473
7474,asid_1766,3,False,True,1766
7475,asid_17022,3,True,False,7475
7477,asid_12826,2,True,False,7477
7479,asid_7479,1,True,False,7479
7481,asid_7481,1,True,False,7481
7482,asid_20338,2,True,True,20338
7483,asid_11028,2,False,False,7483
7486,asid_586,3,True,True,586
7489,asid_7489,2,True,False,7489
7492,asid_5560,5,False,False,7492
7494,asid_7494,1,True,False,7494
7495,asid_730,4,False,True,730
7497,asid_7497,1,True,False,7497
7498,asid_6836,1,True,False,7498
7499,asid_4097,2,True,False,7499
7500,asid_7500,3,True,False,7500
7501,asid_7501,1,True,False,7501
7502,asid_5636,6,False,False,7502
7504,asid_7504,1,True,False,7504
7506,asid_7506,2,False,False,7506
7507,asid_7507,1,True,False,7507
7508,asid_10300,2,False,True,10300
7510,asid_8745,3,False,False,7510
7512,asid_1197,1,True,False,7512
7513,asid_7513,1,True,False,7513
7514,asid_7514,1,True,False,7514
7516,asid_3748,4,False,False,7516
7519,asid_7519,1,True,False,7519
7520,asid_7520,6,False,False,7520
7521,asid_7521,2,True,False,7521
7522,asid_7522,1,True,False,7522
7523,asid_7523,2,False,False,7523
7524,asid_7524,2,True,False,7524
7525,asid_7525,2,False,False,7525
7526,asid_7526,1,True,False,7526
7528,asid_7528,1,True,False,7528
7529,asid_7529,1,True,False,7529
7531,asid_437,4,False,True,437
7532,asid_7532,1,True,False,7532
7533,asid_1727,8,False,False,7533
7534,asid_7534,1,True,False,7534
7535,asid_1815,2,False,False,7535
7537,asid_18046,5,False,True,18046
7538,asid_5584,2,False,False,7538
7539,asid_1481,2,False,False,7539
7542,asid_305,5,False,False,7542
7544,asid_7544,1,True,False,7544
7545,asid_26046,6,False,True,26046
7546,asid_33240,1,True,False,7546
7547,asid_7836,3,False,False,7547
7548,asid_606,8,False,False,7548
7549,asid_7549,1,True,False,7549
7550,asid_7550,1,True,False,7550
7551,asid_7551,2,True,False,7551
7552,asid_7552,2,False,False,7552
7554,asid_7554,1,True,False,7554
7555,asid_7555,1,True,False,7555
7556,asid_3799,5,False,False,7556
7558,asid_7558,1,True,False,7558
7560,asid_7560,1,True,False,7560
7563,asid_1394,3,True,False,7563
7564,asid_7564,2,False,False,7564
7565,asid_7565,1,True,False,7565
7566,asid_7566,1,True,False,7566
7567,asid_14620,1,True,False,7567
7568,asid_7568,1,True,False,7568
7570,asid_7570,1,True,False,7570
7572,asid_4089,3,True,True,4089
7573,asid_7573,5,False,False,7573
7575,asid_427,6,False,False,7575
7578,asid_7578,1,True,False,7578
7579,asid_76,15,False,False,7579
7581,asid_7581,1,True,False,7581
7583,asid_7583,1,True,False,7583
7585,asid_1870,3,False,False,7585
7586,asid_7586,1,True,False,7586
7587,asid_7587,4,True,False,7587
7588,asid_9718,3,False,False,7588
7590,asid_7590,1,True,False,7590
7592,asid_14199,2,True,True,14199
7595,asid_3898,2,False,False,7595
7597,asid_5146,3,False,False,7597
7599,asid_14666,2,True,True,14666
7600,asid_2718,6,False,False,7600
7601,asid_7601,1,True,False,7601
7602,asid_8934,1,True,False,7602
7603,asid_7603,2,True,False,7603
7605,asid_7605,2,True,False,7605
7606,asid_2291,6,True,False,7606
7607,asid_4007,2,True,False,7607
7608,asid_760,2,False,False,7608
7610,asid_7610,1,True,False,7610
7612,asid_7612,2,True,False,7612
7613,asid_7613,1,True,False,7613
7614,asid_15319,3,True,False,7614
7616,asid_954,5,False,False,7616
7618,asid_4598,3,True,False,7618
7620,asid_7620,1,True,False,7620
7621,asid_7621,3,False,False,7621
7623,asid_7623,1,True,False,7623
7624,asid_5081,2,True,False,7624
7625,asid_7625,2,True,False,7625
7627,asid_7627,3,False,False,7627
7628,asid_2716,7,False,False,7628
7629,asid_7629,1,True,False,7629
7630,asid_3799,5,False,False,7630
7631,asid_7631,1,True,False,7631
7632,asid_163,6,True,True,163
7633,asid_7633,1,True,False,7633
7634,asid_4298,2,False,False,7634
7635,asid_2100,2,False,False,7635
7637,asid_4476,2,False,False,7637
7638,asid_7638,1,True,False,7638
7639,asid_7639,1,True,False,7639
7640,asid_866,3,False,False,7640
7641,asid_6776,2,False,True,6776
7642,asid_7642,1,True,False,7642
7643,asid_7643,1,True,False,7643
7646,asid_7646,1,True,False,7646
7647,asid_7647,1,True,False,7647
7648,asid_27188,5,False,True,15953
7649,asid_2908,5,False,False,7649
7650,asid_1504,2,False,False,7650
7651,asid_8988,3,False,False,7651
7652,asid_7652,1,True,False,7652
7653,asid_7653,2,True,False,7653
7654,asid_3884,6,False,False,7654
7658,asid_7658,1,True,False,7658
7661,asid_7605,2,False,False,7661
7663,asid_7663,1,True,False,7663
7665,asid_7665,1,True,False,7665
7666,asid_7666,1,True,False,7666
7667,asid_7667,1,True,False,7667
7668,asid_7668,1,True,False,7668
7672,asid_7672,1,True,False,7672
7673,asid_10709,5,False,True,4101
7674,asid_1617,3,False,False,7674
7676,asid_256,3,False,True,256
7677,asid_1526,2,False,False,7677
7678,asid_7678,1,True,False,7678
7680,asid_7176,2,True,False,7680
7682,asid_7682,1,True,False,7682
7683,asid_1418,4,False,False,7683
7684,asid_337,3,False,True,337
7685,asid_7685,1,True,False,7685
7687,asid_7687,1,True,False,7687
7689,asid_7689,1,True,False,7689
7690,asid_1980,4,False,True,1980
7693,asid_2866,3,False,True,2866
7695,asid_7695,2,False,False,7695
7696,asid_7696,1,True,False,7696
7697,asid_7697,1,True,False,7697
7700,asid_3911,2,True,False,7700
7701,asid_10735,3,True,False,7701
7702,asid_7702,1,True,False,7702
7703,asid_7703,1,True,False,7703
7704,asid_7704,1,True,False,7704
7705,asid_7705,1,True,False,7705
7706,asid_7706,1,True,False,7706
7707,asid_7339,4,False,True,7339
7708,asid_13104,5,False,False,7708
7709,asid_7709,1,True,False,7709
7711,asid_7711,2,False,False,7711
7712,asid_7712,2,True,False,7712
7713,asid_7713,2,True,False,7713
7714,asid_7714,1,True,False,7714
7715,asid_2359,3,False,True,2359
7716,asid_7716,3,False,False,7716
7717,asid_7717,1,True,False,7717
7718,asid_7718,1,True,False,7718
7720,asid_7720,1,True,False,7720
7721,asid_7721,2,False,False,7721
7722,asid_7722,1,True,False,7722
7723,asid_2923,2,False,True,2923
7727,asid_9852,2,True,False,7727
7728,asid_15836,1,True,False,7728
7729,asid_7729,1,True,False,7729
7730,asid_3764,3,True,True,3989
7731,asid_7731,3,False,False,7731
7732,asid_7732,1,True,False,7732
7735,asid_7735,1,True,False,7735
7736,asid_9302,3,False,False,7736
7737,asid_7737,4,True,False,7737
7738,asid_7738,1,True,False,7738
7742,asid_11563,11,False,True,2105
7743,asid_26562,2,False,False,7743
7744,asid_5383,10,False,False,7744
7746,asid_7746,2,True,False,7746
7749,asid_7749,1,True,False,7749
7751,asid_7751,1,True,False,7751
7752,asid_7752,1,True,False,7752
7753,asid_7753,1,True,False,7753
7754,asid_5235,2,False,False,7754
7755,asid_7755,1,True,False,7755
7756,asid_1669,4,False,False,7756
7758,asid_7758,1,True,False,7758
7759,asid_7759,1,True,False,7759
7760,asid_3858,1,True,False,7760
7761,asid_7761,1,True,False,7761
7763,asid_7763,1,True,False,7763
7764,asid_3361,3,False,False,7764
7765,asid_7765,1,True,False,7765
7766,asid_7766,1,True,False,7766
7767,asid_2142,1,True,False,7767
7768,asid_2021,4,False,False,7768
7769,asid_7769,1,True,False,7769
7770,asid_3476,5,False,True,3476
7774,asid_7774,2,False,False,7774
7775,asid_3505,1,True,False,7775
7776,asid_7776,2,False,False,7776
7779,asid_7779,1,True,False,7779
7780,asid_348,10,False,False,7780
7781,asid_1779,2,False,False,7781
7782,asid_7782,1,True,False,7782
7785,asid_7785,2,False,False,7785
7786,asid_8991,2,True,True,8991
7787,asid_7787,1,True,False,7787
7788,asid_1601,2,False,False,7788
7789,asid_7789,1,True,False,7789
7790,asid_7790,3,True,False,7790
7791,asid_7791,1,True,False,7791
7792,asid_7792,1,True,False,7792
7793,asid_50047,3,True,False,7793
7794,asid_7794,4,False,False,7794
7795,asid_7795,1,True,False,7795
7798,asid_7798,1,True,False,7798
7799,asid_7799,1,True,False,7799
7800,asid_3457,3,False,False,7800
7801,asid_7801,1,True,False,7801
7803,asid_7803,1,True,False,7803
7804,asid_7804,1,True,False,7804
7805,asid_3802,4,True,True,1028
7810,asid_1421,2,True,False,7810
7812,asid_7812,2,True,False,7812
7814,asid_7814,1,True,False,7814
7815,asid_25031,2,True,True,25031
7816,asid_7816,3,False,False,7816
7817,asid_7817,1,True,False,7817
7819,asid_599,5,False,False,7819
7820,asid_8127,4,True,False,7820
7821,asid_7821,2,False,False,7821
7823,asid_7823,1,True,False,7823
7824,asid_7824,10,False,False,7824
7825,asid_10154,2,True,True,10154
7827,asid_7827,1,True,False,7827
7828,asid_7828,1,True,False,7828
7830,asid_7830,1,True,False,7830
7831,asid_7831,3,True,False,7831
7833,asid_3434,13,True,True,3434
7834,asid_7834,2,True,False,7834
7835,asid_7835,1,True,False,7835
7836,asid_7836,3,True,False,7836
7837,asid_13118,2,True,False,7837
7838,asid_7838,1,True,False,7838
7841,asid_5294,2,True,True,5294
7842,asid_35,8,False,False,7842
7843,asid_7163,4,False,False,7843
7844,asid_4244,2,False,False,7844
7845,asid_7845,1,True,False,7845
7846,asid_111,11,True,True,111
7847,asid_427,6,False,False,7847
7848,asid_7848,1,True,False,7848
7849,asid_3512,7,False,False,7849
7850,asid_7850,3,False,False,7850
7851,asid_7851,1,True,False,7851
7853,asid_7853,1,True,False,7853
7854,asid_22721,2,True,False,7854
7855,asid_1667,1,True,False,7855
7859,asid_5596,3,False,False,7859
7862,asid_1831,10,False,False,7862
7863,asid_1587,3,False,False,7863
7865,asid_7865,1,True,False,7865
7866,asid_7866,1,True,False,7866
7867,asid_591,5,False,False,7867
7870,asid_7870,1,True,False,7870
7871,asid_3026,2,False,True,3026
7872,asid_7872,1,True,False,7872
7873,asid_621,7,False,False,7873
7874,asid_2417,3,False,False,7874
7875,asid_7875,2,True,False,7875
7876,asid_7876,1,True,False,7876
7877,asid_1122,3,False,False,7877
7878,asid_326,7,False,False,7878
7879,asid_7879,1,True,False,7879
7881,asid_7881,1,True,False,7881
7883,asid_7883,1,True,False,7883
7884,asid_2461,4,True,True,2461
7886,asid_7886,1,True,False,7886
7888,asid_7888,2,False,False,7888
7889,asid_7889,1,True,False,7889
7891,asid_7891,3,True,False,7891
7892,asid_7892,3,True,False,7892
7893,asid_7893,1,True,False,7893
7894,asid_7894,1,True,False,7894
7895,asid_7895,1,True,False,7895
7898,asid_7898,1,True,False,7898
7900,asid_7900,2,False,False,7900
7901,asid_7901,1,True,False,7901
7902,asid_7902,1,True,False,7902
7903,asid_36326,3,False,False,7903
7904,asid_28055,2,False,False,7904
7905,asid_872,6,False,False,7905
7906,asid_11783,4,True,True,11783
7907,asid_7907,1,True,False,7907
7908,asid_7908,1,True,False,7908
7910,asid_7910,1,True,False,7910
7911,asid_7911,1,True,False,7911
7912,asid_7912,1,True,False,7912
7913,asid_7913,1,True,False,7913
7915,asid_7915,1,True,False,7915
7916,asid_7916,1,True,False,7916
7917,asid_7917,1,True,False,7917
7918,asid_2359,3,False,False,7918
7919,asid_7919,2,True,False,7919
7921,asid_912,2,True,False,7921
7922,asid_7922,1,True,False,7922
7923,asid_111,11,False,False,7923
7925,asid_7925,2,True,False,7925
7926,asid_26715,7,False,False,7926
7927,asid_450,7,False,False,7927
7928,asid_872,6,False,False,7928
7929,asid_544,4,False,False,7929
7931,asid_3558,4,False,False,7931
7932,asid_7932,1,True,False,7932
7937,asid_7937,1,True,False,7937
7939,asid_7939,4,False,False,7939
7941,asid_7941,1,True,False,7941
7942,asid_7942,3,True,False,7942
7943,asid_7943,1,True,False,7943
7944,asid_7944,1,True,False,7944
7945,asid_7945,1,True,False,7945
7946,asid_7946,1,True,False,7946
7947,asid_2469,3,False,False,7947
7948,asid_2361,7,False,False,7948
7949,asid_7949,1,True,False,7949
7950,asid_7950,1,True,False,7950
7952,asid_7952,1,True,False,7952
7953,asid_7953,1,True,False,7953
7954,asid_7954,1,True,False,7954
7958,asid_9202,3,False,True,1497
7959,asid_7959,1,True,False,7959
7960,asid_7960,1,True,False,7960
7961,asid_7961,1,True,False,7961
7962,asid_7962,1,True,False,7962
7966,asid_2946,2,False,False,7966
7968,asid_7968,1,True,False,7968
7969,asid_7969,1,True,False,7969
7970,asid_7970,1,True,False,7970
7971,asid_7971,1,True,False,7971
7972,asid_7972,2,False,False,7972
7974,asid_6821,3,False,False,7974
7976,asid_549,8,False,False,7976
7977,asid_7977,1,True,False,7977
7978,asid_16715,3,True,False,7978
7979,asid_7979,1,True,False,7979
7981,asid_3249,3,False,False,7981
7982,asid_7831,3,False,False,7982
7983,asid_7983,1,True,False,7983
7985,asid_7985,1,True,False,7985
7986,asid_7986,1,True,False,7986
7987,asid_10203,1,True,False,7987
7988,asid_7988,1,True,False,7988
7992,asid_151,2,False,False,7992
7994,asid_7994,1,True,False,7994
7995,asid_6338,5,False,False,7995
7996,asid_7996,1,True,False,7996
7997,asid_7997,1,True,False,7997
8003,asid_8003,1,True,False,8003
8005,asid_8005,1,True,False,8005
8006,asid_4043,4,False,True,4043
8008,asid_2461,4,False,False,8008
8009,asid_8009,1,True,False,8009
8010,asid_274,10,False,True,790
8011,asid_64,14,False,True,238
8012,asid_8012,2,True,False,8012
8013,asid_8013,1,True,False,8013
8014,asid_3610,1,True,False,8014
8016,asid_8016,1,True,False,8016
8017,asid_8017,1,True,False,8017
8018,asid_8018,1,True,False,8018
8020,asid_5444,2,False,False,8020
8021,asid_2319,2,True,False,8021
8023,asid_8023,4,False,False,8023
8024,asid_8024,1,True,False,8024
8025,asid_8025,1,True,False,8025
8027,asid_16487,5,False,True,16487
8028,asid_6721,2,True,False,8028
8029,asid_23249,3,False,False,8029
8030,asid_19704,2,False,True,19704
8032,asid_8032,1,True,False,8032
8033,asid_8033,1,True,False,8033
8034,asid_8034,1,True,False,8034
8035,asid_11593,5,False,False,8035
8036,asid_8036,1,True,False,8036
8038,asid_8038,1,True,False,8038
8039,asid_8039,1,True,False,8039
8040,asid_1174,6,False,False,8040
8041,asid_8041,1,True,False,8041
8042,asid_8042,1,True,False,8042
8043,asid_8043,1,True,False,8043
8044,asid_8044,1,True,False,8044
8047,asid_8047,1,True,False,8047
8049,asid_2148,3,True,False,8049
8050,asid_2616,5,False,False,8050
8051,asid_616,12,False,False,8051
8052,asid_6757,5,False,False,8052
8053,asid_3879,3,False,False,8053
8055,asid_8055,1,True,False,8055
8056,asid_8056,1,True,False,8056
8058,asid_8058,2,False,False,8058
8061,asid_8061,1,True,False,8061
8062,asid_25226,2,True,False,8062
8063,asid_8063,1,True,False,8063
8064,asid_226,5,True,True,226
8066,asid_9271,2,True,False,8066
8067,asid_462,10,False,False,8067
8068,asid_8068,2,True,False,8068
8069,asid_8486,6,True,True,2891
8071,asid_1595,4,False,True,1595
8072,asid_8072,1,True,False,8072
8073,asid_8073,1,True,False,8073
8074,asid_18203,4,False,True,18203
8077,asid_4105,2,False,False,8077
8078,asid_8078,1,True,False,8078
8080,asid_8080,2,True,False,8080
8081,asid_8081,1,True,False,8081
8084,asid_8084,1,True,False,8084
8085,asid_4397,2,False,False,8085
8086,asid_8086,2,False,False,8086
8087,asid_8087,1,True,False,8087
8088,asid_8088,2,False,False,8088
8089,asid_8089,1,True,False,8089
8090,asid_214,10,False,True,234
8091,asid_10526,2,True,False,8091
8096,asid_8096,2,True,False,8096
8098,asid_8098,1,True,False,8098
8100,asid_235,20,False,True,235
8101,asid_34033,3,False,False,8101
8102,asid_8102,1,True,False,8102
8103,asid_8103,1,True,False,8103
8104,asid_8104,1,True,False,8104
8105,asid_8105,1,True,False,8105
8107,asid_5642,3,False,False,8107
8108,asid_2171,2,False,False,8108
8109,asid_8109,3,True,False,8109
8110,asid_8110,1,True,False,8110
8111,asid_8111,1,True,False,8111
8112,asid_8112,1,True,False,8112
8113,asid_10666,5,False,True,10666
8114,asid_8114,1,True,False,8114
8115,asid_8115,3,False,False,8115
8116,asid_8116,1,True,False,8116
8117,asid_8117,3,False,False,8117
8118,asid_17485,3,False,True,37223
8119,asid_8119,1,True,False,8119
8120,asid_8120,2,False,False,8120
8123,asid_8123,1,True,False,8123
8124,asid_3747,3,False,False,8124
8125,asid_8125,3,False,False,8125
8126,asid_8126,1,True,False,8126
8127,asid_8127,4,False,False,8127
8129,asid_6097,7,False,False,8129
8130,asid_8130,1,True,False,8130
8132,asid_8132,2,False,False,8132
8134,asid_8134,3,False,False,8134
8135,asid_1739,3,False,False,8135
8137,asid_8137,1,True,False,8137
8139,asid_8139,1,True,False,8139
8141,asid_8141,1,True,False,8141
8142,asid_2492,7,False,True,2529
8144,asid_8144,1,True,False,8144
8145,asid_8145,1,True,False,8145
8146,asid_5467,6,False,True,5467
8147,asid_8147,1,True,False,8147
8149,asid_8149,1,True,False,8149
8150,asid_8150,1,True,False,8150
8154,asid_14222,4,False,True,14222
8155,asid_8155,1,True,False,8155
8156,asid_8156,1,True,False,8156
8157,asid_8157,2,True,False,8157
8158,asid_8158,2,True,False,8158
8159,asid_8159,1,True,False,8159
8160,asid_317,13,False,False,8160
8161,asid_8161,2,False,False,8161
8162,asid_3600,3,False,False,8162
8164,asid_28,11,True,True,70
8167,asid_8167,1,True,False,8167
8168,asid_8168,1,True,False,8168
8169,asid_8169,3,False,False,8169
8170,asid_18711,3,False,False,8170
8172,asid_8172,1,True,False,8172
8173,asid_6800,17,False,True,1387
8175,asid_8175,1,True,False,8175
8177,asid_10479,2,True,True,10479
8178,asid_8178,1,True,False,8178
8179,asid_8179,1,True,False,8179
8181,asid_2716,7,False,True,2716
8182,asid_8182,1,True,False,8182
8183,asid_8183,2,True,False,8183
8184,asid_8184,1,True,False,8184
8186,asid_2697,3,True,True,2697
8187,asid_8187,1,True,False,8187
8188,asid_31204,2,False,True,31204
8189,asid_8189,2,False,False,8189
8190,asid_8190,3,True,False,8190
8193,asid_3950,5,False,False,8193
8194,asid_1347,10,False,True,1347
8197,asid_2778,2,False,False,8197
8199,asid_8199,1,True,False,8199
8200,asid_8200,1,True,False,8200
8203,asid_8203,1,True,False,8203
8204,asid_8204,1,True,False,8204
8205,asid_8205,1,True,False,8205
8206,asid_8206,1,True,False,8206
8207,asid_8207,1,True,False,8207
8208,asid_26562,2,True,False,8208
8209,asid_8209,1,True,False,8209
8214,asid_8214,1,True,False,8214
8215,asid_18112,1,True,False,8215
8217,asid_203,10,True,True,190
8218,asid_51,3,False,False,8218
8219,asid_2702,3,False,False,8219
8220,asid_8220,1,True,False,8220
8221,asid_6541,2,False,False,8221
8222,asid_8222,2,False,False,8222
8223,asid_8223,2,True,False,8223
8224,asid_8224,2,False,False,8224
8225,asid_8225,2,True,False,8225
8226,asid_8226,1,True,False,8226
8227,asid_8227,1,True,False,8227
8229,asid_8229,1,True,False,8229
8232,asid_8232,1,True,False,8232
8233,asid_4926,2,False,False,8233
8234,asid_8234,1,True,False,8234
8236,asid_8236,1,True,False,8236
8237,asid_8237,1,True,False,8237
8240,asid_8240,2,True,False,8240
8241,asid_11900,1,True,False,8241
8242,asid_8242,1,True,False,8242
8243,asid_4652,2,False,False,8243
8244,asid_1721,2,False,False,8244
8245,asid_8245,4,False,False,8245
8246,asid_8246,1,True,False,8246
8247,asid_2556,2,False,False,8247
8248,asid_2411,2,False,False,8248
8252,asid_8252,2,False,False,8252
8253,asid_1462,2,False,False,8253
8254,asid_8254,1,True,False,8254
8255,asid_4174,6,False,False,8255
8259,asid_553,19,False,False,8259
8260,asid_33961,2,True,False,8260
8261,asid_8261,1,True,False,8261
8262,asid_8262,1,True,False,8262
8263,asid_8263,2,False,False,8263
8264,asid_8264,1,True,False,8264
8265,asid_8265,1,True,False,8265
8266,asid_12668,5,False,False,8266
8268,asid_5772,2,True,False,8268
8269,asid_8269,2,True,False,8269
8270,asid_3652,2,False,False,8270
8273,asid_3030,7,False,False,8273
8277,asid_8277,1,True,False,8277
8278,asid_1224,12,False,False,8278
8279,asid_8279,2,True,False,8279
8281,asid_33730,3,True,False,8281
8284,asid_8284,1,True,False,8284
8286,asid_8286,1,True,False,8286
8288,asid_8288,1,True,False,8288
8289,asid_10434,3,True,True,10434
8290,asid_8290,1,True,False,8290
8291,asid_8291,1,True,False,8291
8292,asid_10733,2,False,True,10733
8294,asid_4825,4,False,True,4825
8296,asid_8296,1,True,False,8296
8297,asid_8297,1,True,False,8297
8300,asid_8300,2,False,False,8300
8301,asid_3074,1,True,False,8301
8302,asid_37227,2,False,False,8302
8303,asid_8303,1,True,False,8303
8304,asid_11563,11,False,False,8304
8306,asid_501,6,False,False,8306
8307,asid_25646,3,True,False,8307
8308,asid_8308,1,True,False,8308
8309,asid_2378,8,False,True,2378
8311,asid_8311,1,True,False,8311
8312,asid_14405,2,False,True,14405
8313,asid_8313,1,True,False,8313
8316,asid_8316,2,False,False,8316
8317,asid_8471,2,False,False,8317
8318,asid_8318,1,True,False,8318
8319,asid_8319,7,False,False,8319
8320,asid_8320,1,True,False,8320
8322,asid_553,19,False,False,8322
8323,asid_8323,1,True,False,8323
8326,asid_2423,3,False,False,8326
8327,asid_2984,3,False,False,8327
8329,asid_9559,2,False,False,8329
8330,asid_8330,1,True,False,8330
8331,asid_8331,1,True,False,8331
8332,asid_8332,2,False,False,8332
8333,asid_8333,2,True,False,8333
8334,asid_8334,1,True,False,8334
8335,asid_14344,3,False,True,14344
8340,asid_8340,1,True,False,8340
8341,asid_28635,4,False,False,8341
8343,asid_31513,1,True,False,8343
8344,asid_21650,1,True,False,8344
8345,asid_8345,2,True,False,8345
8346,asid_8745,3,True,True,8745
8347,asid_8347,1,True,False,8347
8348,asid_8348,2,False,False,8348
8349,asid_10181,4,False,True,10181
8350,asid_2112,2,False,False,8350
8354,asid_8354,1,True,False,8354
8355,asid_8355,2,True,False,8355
8356,asid_18657,3,True,True,18657
8360,asid_34996,2,True,False,8360
8362,asid_8362,3,False,False,8362
8363,asid_10666,5,False,True,10666
8364,asid_486,4,False,False,8364
8366,asid_13624,5,False,True,13624
8367,asid_2062,1,True,False,8367
8368,asid_8368,1,True,False,8368
8369,asid_8369,1,True,False,8369
8370,asid_8370,1,True,False,8370
8371,asid_8371,1,True,False,8371
8373,asid_8373,1,True,False,8373
8375,asid_8375,1,True,False,8375
8377,asid_553,19,False,True,59
8378,asid_553,19,False,True,8259
8379,asid_8379,1,True,False,8379
8380,asid_8380,1,True,False,8380
8381,asid_8381,2,False,False,8381
8383,asid_3431,7,False,False,8383
8384,asid_8384,1,True,False,8384
8385,asid_8385,1,True,False,8385
8386,asid_8386,1,True,False,8386
8388,asid_6687,4,False,True,6687
8389,asid_235,20,False,True,2634
8391,asid_35682,2,True,False,8391
8393,asid_8393,1,True,False,8393
8397,asid_8397,1,True,False,8397
8398,asid_5985,3,False,True,18013
8401,asid_32308,3,False,False,8401
8402,asid_8402,1,True,False,8402
8403,asid_8403,1,True,False,8403
8404,asid_2682,6,False,False,8404
8406,asid_8406,1,True,False,8406
8411,asid_2674,2,True,False,8411
8412,asid_3884,6,False,False,8412
8415,asid_2415,3,False,False,8415
8417,asid_8417,1,True,False,8417
8418,asid_9339,2,True,False,8418
8420,asid_8420,1,True,False,8420
8421,asid_1336,2,False,False,8421
8424,asid_8424,2,True,False,8424
8425,asid_4287,4,False,False,8425
8426,asid_8426,1,True,False,8426
8427,asid_807,3,True,True,807
8432,asid_6969,3,False,False,8432
8434,asid_348,10,False,True,348
8435,asid_8435,1,True,False,8435
8437,asid_8437,1,True,False,8437
8438,asid_8438,1,True,False,8438
8440,asid_32581,5,True,False,8440
8441,asid_8441,1,True,False,8441
8442,asid_8442,1,True,False,8442
8443,asid_8443,1,True,False,8443
8444,asid_3392,3,False,False,8444
8445,asid_8445,1,True,False,8445
8446,asid_3407,4,False,True,3407
8448,asid_462,10,False,False,8448
8452,asid_5058,5,False,False,8452
8453,asid_316,4,False,False,8453
8454,asid_36690,3,False,True,36690
8455,asid_170,10,False,False,8455
8456,asid_13755,1,True,False,8456
8458,asid_8458,1,True,False,8458
8459,asid_8459,2,True,False,8459
8461,asid_8461,2,False,False,8461
8463,asid_3392,3,False,False,8463
8464,asid_8464,1,True,False,8464
8466,asid_18891,3,True,True,18891
8468,asid_19094,2,False,True,19094
8469,asid_8469,1,True,False,8469
8471,asid_8471,2,True,False,8471
8472,asid_8472,1,True,False,8472
8474,asid_8474,1,True,False,8474
8475,asid_8475,1,True,False,8475
8476,asid_1880,7,False,False,8476
8477,asid_8477,2,True,False,8477
8478,asid_8478,1,True,False,8478
8479,asid_8479,1,True,False,8479
8481,asid_26654,4,True,True,2545
8482,asid_1494,2,False,False,8482
8483,asid_8483,2,True,False,8483
8485,asid_8349,1,True,False,8485
8486,asid_8486,6,False,False,8486
8487,asid_462,10,False,False,8487
8490,asid_8490,1,True,False,8490
8491,asid_10709,5,False,False,8491
8492,asid_8492,1,True,False,8492
8495,asid_8495,1,True,False,8495
8498,asid_6695,8,False,False,8498
8499,asid_8499,1,True,False,8499
8500,asid_4295,2,False,False,8500
8503,asid_8503,1,True,False,8503
8504,asid_8504,1,True,False,8504
8505,asid_8505,1,True,False,8505
8506,asid_8506,1,True,False,8506
8509,asid_8509,1,True,False,8509
8511,asid_8511,1,True,False,8511
8512,asid_8512,1,True,False,8512
8514,asid_8514,3,False,False,8514
8516,asid_8516,1,True,False,8516
8519,asid_8519,3,True,False,8519
8520,asid_3738,2,True,False,8520
8521,asid_41127,4,False,False,8521
8522,asid_8522,2,True,False,8522
8523,asid_8523,1,True,False,8523
8525,asid_2378,8,True,True,2378
8526,asid_4904,2,False,False,8526
8529,asid_1817,3,True,False,8529
8530,asid_522,8,False,True,522
8533,asid_11921,4,False,False,8533
8534,asid_8534,4,False,False,8534
8537,asid_2967,4,False,False,8537
8538,asid_624,4,True,True,624
8539,asid_8539,7,False,False,8539
8541,asid_5383,10,False,False,8541
8544,asid_3,13,False,False,8544
8549,asid_16579,3,False,True,16579
8552,asid_8552,1,True,False,8552
8554,asid_4250,2,False,False,8554
8555,asid_18291,2,True,False,8555
8557,asid_8557,2,False,False,8557
8559,asid_8559,1,True,False,8559
8562,asid_553,19,False,False,8562
8563,asid_15784,4,True,True,15784
8565,asid_8565,1,True,False,8565
8566,asid_22139,3,False,False,8566
8568,asid_4637,2,False,False,8568
8570,asid_8570,3,False,False,8570
8573,asid_8355,2,False,False,8573
8574,asid_2967,4,True,True,1585
8575,asid_8575,1,True,False,8575
8577,asid_5310,9,False,False,8577
8578,asid_10,14,False,False,8578
8582,asid_8582,2,False,False,8582
8583,asid_8583,1,True,False,8583
8584,asid_8584,2,True,False,8584
8585,asid_8362,3,True,False,8585
8586,asid_8586,1,True,False,8586
8589,asid_8589,1,True,False,8589
8590,asid_8590,1,True,False,8590
8591,asid_3659,8,False,False,8591
8594,asid_8594,3,False,False,8594
8597,asid_8597,1,True,False,8597
8598,asid_2353,2,False,False,8598
8599,asid_8599,1,True,False,8599
8600,asid_4827,2,False,True,4827
8601,asid_8601,1,True,False,8601
8604,asid_8604,2,True,False,8604
8606,asid_10891,5,False,False,8606
8607,asid_3129,3,False,True,3129
8608,asid_1531,5,True,True,1531
8609,asid_8609,1,True,False,8609
8612,asid_8612,3,False,False,8612
8614,asid_8614,4,False,False,8614
8615,asid_2291,6,False,True,2291
8617,asid_11312,3,False,True,11312
8618,asid_22012,2,True,False,8618
8620,asid_292,7,False,False,8620
8621,asid_8621,1,True,False,8621
8623,asid_2629,3,False,False,8623
8624,asid_8624,1,True,False,8624
8626,asid_3023,3,False,False,8626
8628,asid_8628,1,True,False,8628
8629,asid_4615,1,True,False,8629
8631,asid_8631,1,True,False,8631
8632,asid_8632,1,True,False,8632
8633,asid_8633,1,True,False,8633
8634,asid_8634,1,True,False,8634
8636,asid_8636,1,True,False,8636
8637,asid_8637,1,True,False,8637
8639,asid_8639,1,True,False,8639
8641,asid_662,2,True,False,8641
8642,asid_8757,2,True,False,8642
8643,asid_8643,1,True,False,8643
8644,asid_1418,4,False,True,1418
8645,asid_8645,1,True,False,8645
8646,asid_16195,2,True,False,8646
8647,asid_5256,5,False,True,5256
8648,asid_8648,2,True,False,8648
8650,asid_3365,4,False,False,8650
8652,asid_8652,1,True,False,8652
8653,asid_8653,2,False,False,8653
8654,asid_8654,1,True,False,8654
8655,asid_2369,5,False,False,8655
8660,asid_4365,2,False,False,8660
8661,asid_8661,2,True,False,8661
8662,asid_8662,1,True,False,8662
8663,asid_21893,2,False,True,21893
8664,asid_8664,1,True,False,8664
8667,asid_8667,1,True,False,8667
8670,asid_1408,7,False,False,8670
8672,asid_8672,1,True,False,8672
8674,asid_8674,1,True,False,8674
8675,asid_8675,1,True,False,8675
8676,asid_8676,1,True,False,8676
8677,asid_8677,1,True,False,8677
8679,asid_4944,1,True,False,8679
8683,asid_2136,3,False,False,8683
8684,asid_8684,1,True,False,8684
8685,asid_2908,5,False,False,8685
8686,asid_8686,1,True,False,8686
8689,asid_8689,1,True,False,8689
8691,asid_8691,1,True,False,8691
8695,asid_8695,1,True,False,8695
8697,asid_1846,4,False,False,8697
8698,asid_8088,2,True,False,8698
8702,asid_8702,1,True,False,8702
8704,asid_8704,2,False,False,8704
8705,asid_8705,1,True,False,8705
8706,asid_8932,3,False,False,8706
8708,asid_8539,7,False,False,8708
8709,asid_8709,1,True,False,8709
8710,asid_1023,3,False,False,8710
8711,asid_4490,4,False,False,8711
8713,asid_8713,1,True,False,8713
8714,asid_1079,3,False,True,1079
8715,asid_8715,5,False,False,8715
8717,asid_8717,1,True,False,8717
8718,asid_8718,1,True,False,8718
8720,asid_8720,1,True,False,8720
8721,asid_36398,2,True,False,8721
8722,asid_8722,1,True,False,8722
8725,asid_7564,2,True,False,8725
8726,asid_8726,3,False,False,8726
8728,asid_8728,2,False,False,8728
8729,asid_4613,4,True,False,8729
8730,asid_8730,1,True,False,8730
8731,asid_3629,2,False,False,8731
8735,asid_18413,3,True,True,18413
8736,asid_8736,1,True,False,8736
8743,asid_8743,1,True,False,8743
8744,asid_8744,1,True,False,8744
8745,asid_8745,3,False,False,8745
8746,asid_8746,1,True,False,8746
8748,asid_8748,3,False,False,8748
8749,asid_8749,1,True,False,8749
8752,asid_8752,1,True,False,8752
8753,asid_8753,1,True,False,8753
8754,asid_7341,5,False,True,7341
8755,asid_18281,3,True,True,18281
8756,asid_4987,4,False,False,8756
8757,asid_8757,2,False,False,8757
8758,asid_273,6,False,True,273
8759,asid_8759,1,True,False,8759
8761,asid_8761,1,True,False,8761
8762,asid_8762,1,True,False,8762
8764,asid_8764,1,True,False,8764
8765,asid_6863,2,True,False,8765
8766,asid_8766,1,True,False,8766
8767,asid_8767,1,True,False,8767
8769,asid_6008,2,True,True,6008
8770,asid_8770,1,True,False,8770
8771,asid_8771,1,True,False,8771
8773,asid_8773,1,True,False,8773
8774,asid_8774,6,False,False,8774
8775,asid_8775,1,True,False,8775
8776,asid_8776,1,True,False,8776
8777,asid_63,6,False,False,8777
8778,asid_8778,2,True,False,8778
8779,asid_8779,1,True,False,8779
8780,asid_8780,3,True,False,8780
8782,asid_8782,2,False,False,8782
8784,asid_8784,1,True,False,8784
8785,asid_8785,1,True,False,8785
8786,asid_5562,3,False,False,8786
8788,asid_8788,1,True,False,8788
8789,asid_8789,1,True,False,8789
8790,asid_8790,2,False,False,8790
8792,asid_10891,5,True,False,8792
8794,asid_29325,2,True,False,8794
8795,asid_8795,1,True,False,8795
8798,asid_3122,3,False,False,8798
8799,asid_861,4,False,False,8799
8800,asid_8800,2,True,False,8800
8801,asid_8801,1,True,False,8801
8804,asid_4446,3,False,False,8804
8806,asid_8806,1,True,False,8806
8808,asid_3036,3,False,False,8808
8809,asid_8809,2,True,False,8809
8816,asid_4721,6,False,True,4721
8817,asid_8817,1,True,False,8817
8820,asid_8820,1,True,False,8820
8823,asid_606,8,False,False,8823
8825,asid_93,6,False,False,8825
8826,asid_8826,1,True,False,8826
8829,asid_2618,1,True,False,8829
8831,asid_8831,1,True,False,8831
8832,asid_8832,1,True,False,8832
8834,asid_8834,1,True,False,8834
8835,asid_46427,8,False,True,46427
8836,asid_8836,1,True,False,8836
8837,asid_12936,2,False,False,8837
8838,asid_8838,1,True,False,8838
8839,asid_8839,2,True,False,8839
8843,asid_2328,2,False,False,8843
8844,asid_8844,4,False,False,8844
8845,asid_9237,2,True,False,8845
8851,asid_1170,4,False,False,8851
8854,asid_8854,1,True,False,8854
8855,asid_1435,2,False,False,8855
8857,asid_8857,2,True,False,8857
8859,asid_8859,1,True,False,8859
8860,asid_7468,4,False,False,8860
8863,asid_8863,2,True,False,8863
8864,asid_8864,1,True,False,8864
8865,asid_8865,1,True,False,8865
8867,asid_8867,1,True,False,8867
8870,asid_8870,1,True,False,8870
8871,asid_8871,1,True,False,8871
8872,asid_5674,2,False,False,8872
8873,asid_3338,3,True,False,8873
8875,asid_8875,3,True,False,8875
8880,asid_3386,5,False,False,8880
8881,asid_8881,1,True,False,8881
8883,asid_1645,3,True,False,8883
8886,asid_8886,2,True,False,8886
8887,asid_8887,1,True,False,8887
8888,asid_8888,1,True,False,8888
8889,asid_3330,2,False,False,8889
8891,asid_8891,2,False,False,8891
8893,asid_8893,1,True,False,8893
8894,asid_8894,1,True,False,8894
8895,asid_8895,1,True,False,8895
8896,asid_2904,13,False,True,123
8897,asid_25748,5,False,False,8897
8899,asid_8899,1,True,False,8899
8900,asid_9269,3,False,True,9269
8902,asid_8614,4,False,False,8902
8903,asid_3896,2,False,False,8903
8904,asid_19726,3,True,True,19726
8905,asid_8905,1,True,False,8905
8906,asid_8906,4,False,False,8906
8907,asid_3736,2,False,False,8907
8909,asid_8909,2,True,False,8909
8911,asid_8911,2,True,False,8911
8912,asid_8912,1,True,False,8912
8913,asid_8913,1,True,False,8913
8917,asid_8917,1,True,False,8917
8918,asid_8918,1,True,False,8918
8921,asid_5199,3,False,True,5199
8922,asid_8922,1,True,False,8922
8923,asid_8923,2,False,False,8923
8927,asid_8927,5,False,False,8927
8928,asid_8928,2,True,False,8928
8931,asid_8931,1,True,False,8931
8932,asid_8932,3,False,False,8932
8933,asid_3434,13,False,True,3434
8935,asid_1719,5,False,False,8935
8936,asid_15089,3,False,True,15089
8937,asid_74,32,False,False,8937
8939,asid_8939,1,True,False,8939
8940,asid_8940,1,True,False,8940
8941,asid_8941,1,True,False,8941
8944,asid_8944,1,True,False,8944
8945,asid_2758,4,False,False,8945
8947,asid_8947,1,True,False,8947
8948,asid_8948,1,True,False,8948
8950,asid_1631,3,False,False,8950
8951,asid_8951,1,True,False,8951
8952,asid_8952,2,False,False,8952
8953,asid_17408,5,False,False,8953
8954,asid_8954,1,True,False,8954
8956,asid_8956,1,True,False,8956
8957,asid_8957,1,True,False,8957
8959,asid_2100,2,True,False,8959
8960,asid_8960,1,True,False,8960
8961,asid_8961,1,True,False,8961
8963,asid_8963,1,True,False,8963
8966,asid_8966,1,True,False,8966
8967,asid_8967,1,True,False,8967
8970,asid_8970,1,True,False,8970
8971,asid_8971,2,True,False,8971
8973,asid_8973,2,True,False,8973
8974,asid_8974,1,True,False,8974
8976,asid_3404,12,False,False,8976
8977,asid_8977,1,True,False,8977
8980,asid_2097,2,True,False,8980
8981,asid_13110,4,False,False,8981
8984,asid_3879,3,False,False,8984
8985,asid_8985,2,True,False,8985
8987,asid_9131,2,False,True,9131
8988,asid_8988,3,False,False,8988
8990,asid_8990,1,True,False,8990
8991,asid_8991,2,False,False,8991
8992,asid_14207,3,False,True,14207
8993,asid_10262,8,False,True,10262
8994,asid_4842,2,False,False,8994
8996,asid_8996,1,True,False,8996
8997,asid_74,32,False,False,8997
8999,asid_2289,6,True,True,2289
9000,asid_9000,1,True,False,9000
9001,asid_9001,2,False,False,9001
9002,asid_9002,1,True,False,9002
9003,asid_3262,1,True,False,9003
9005,asid_3808,3,False,False,9005
9006,asid_9006,2,False,False,9006
9007,asid_9007,3,False,False,9007
9008,asid_2829,4,False,False,9008
9009,asid_9009,1,True,False,9009
9010,asid_9010,2,False,False,9010
9011,asid_9011,1,True,False,9011
9013,asid_9013,1,True,False,9013
9014,asid_6860,4,False,False,9014
9015,asid_9015,1,True,False,9015
9018,asid_4337,4,False,False,9018
9020,asid_9020,2,True,False,9020
9021,asid_233,6,False,False,9021
9022,asid_9022,4,False,False,9022
9027,asid_317,13,False,False,9027
9028,asid_9028,1,True,False,9028
9029,asid_9029,1,True,False,9029
9030,asid_1703,4,False,False,9030
9032,asid_9032,1,True,False,9032
9036,asid_3050,2,False,False,9036
9037,asid_144,3,False,False,9037
9038,asid_9038,1,True,False,9038
9041,asid_9041,1,True,False,9041
9046,asid_9046,1,True,False,9046
9047,asid_9047,1,True,False,9047
9049,asid_9049,1,True,False,9049
9050,asid_9050,1,True,False,9050
9051,asid_9051,1,True,False,9051
9052,asid_9052,3,False,False,9052
9053,asid_9053,1,True,False,9053
9056,asid_6227,3,False,False,9056
9058,asid_46056,4,False,False,9058
9059,asid_402,8,False,True,402
9060,asid_524,5,False,False,9060
9061,asid_3850,3,False,False,9061
9062,asid_2905,2,False,True,2905
9063,asid_10591,2,True,False,9063
9064,asid_9064,1,True,False,9064
9067,asid_9067,1,True,False,9067
9069,asid_12936,2,True,False,9069
9073,asid_26336,2,False,False,9073
9074,asid_9074,1,True,False,9074
9075,asid_235,20,False,True,235
9077,asid_9077,1,True,False,9077
9078,asid_447,4,False,False,9078
9079,asid_9079,1,True,False,9079
9080,asid_9080,2,False,False,9080
9081,asid_9081,1,True,False,9081
9084,asid_13711,3,True,False,9084
9086,asid_9086,1,True,False,9086
9087,asid_9087,1,True,False,9087
9089,asid_9089,1,True,False,9089
9090,asid_10257,2,True,True,10257
9091,asid_9091,1,True,False,9091
9092,asid_37247,3,True,True,37247
9096,asid_3278,1,True,False,9096
9097,asid_29010,4,False,True,29010
9098,asid_9098,1,True,False,9098
9100,asid_658,9,True,True,275
9101,asid_2482,2,False,False,9101
9103,asid_4653,4,False,False,9103
9104,asid_9104,1,True,False,9104
9109,asid_9109,1,True,False,9109
9110,asid_9110,1,True,False,9110
9111,asid_7939,4,False,True,7939
9113,asid_7299,4,False,False,9113
9114,asid_9114,2,True,False,9114
9117,asid_9117,1,True,False,9117
9123,asid_9123,2,True,False,9123
9124,asid_9124,1,True,False,9124
9125,asid_5839,3,False,False,9125
9126,asid_1084,7,False,False,9126
9128,asid_9128,2,False,False,9128
9129,asid_9129,2,True,False,9129
9131,asid_9131,2,True,False,9131
9133,asid_9133,1,True,False,9133
9140,asid_9052,3,False,True,9052
9141,asid_9141,1,True,False,9141
9142,asid_1058,1,True,False,9142
9143,asid_9143,1,True,False,9143
9144,asid_9144,1,True,False,9144
9145,asid_9145,1,True,False,9145
9146,asid_10440,2,True,True,6733
9147,asid_4721,6,False,True,4721
9148,asid_23581,1,True,False,9148
9149,asid_9149,2,True,False,9149
9150,asid_9150,2,True,False,9150
9151,asid_9151,5,False,False,9151
9152,asid_9152,2,True,False,9152
9153,asid_9153,2,True,False,9153
9154,asid_9154,1,True,False,9154
9156,asid_1332,4,False,True,1332
9158,asid_9158,1,True,False,9158
9159,asid_1786,2,True,False,9159
9161,asid_9161,1,True,False,9161
9162,asid_3539,1,True,False,9162
9163,asid_3845,4,False,False,9163
9164,asid_6648,4,False,True,6648
9165,asid_9165,1,True,False,9165
9166,asid_9166,1,True,False,9166
9169,asid_9169,3,True,False,9169
9170,asid_9170,1,True,False,9170
9172,asid_9172,1,True,False,9172
9174,asid_4591,2,False,True,4591
9176,asid_511,4,False,True,511
9177,asid_2288,2,False,False,9177
9178,asid_9178,1,True,False,9178
9179,asid_9179,1,True,False,9179
9184,asid_2937,6,False,True,2937
9187,asid_294,6,False,True,294
9188,asid_9188,1,True,False,9188
9191,asid_23667,1,True,False,9191
9192,asid_9192,1,True,False,9192
9195,asid_591,5,True,True,7867
9196,asid_9196,1,True,False,9196
9197,asid_9197,3,False,False,9197
9199,asid_4403,2,False,False,9199
9200,asid_9200,2,False,False,9200
9201,asid_955,5,False,True,955
9202,asid_4557,3,False,True,4557
9204,asid_12683,4,False,True,12683
9205,asid_3848,2,False,False,9205
9209,asid_6438,2,True,False,9209
9210,asid_10891,5,False,False,9210
9212,asid_9212,1,True,False,9212
9213,asid_34,5,False,False,9213
9214,asid_9214,1,True,False,9214
9215,asid_12853,5,False,False,9215
9218,asid_8132,2,True,True,8132
9220,asid_5383,10,False,False,9220
9221,asid_9221,2,True,False,9221
9222,asid_40450,7,False,False,9222
9223,asid_9223,1,True,False,9223
9226,asid_9226,1,True,False,9226
9227,asid_30216,3,True,True,30216
9229,asid_21106,2,True,False,9229
9231,asid_9231,1,True,False,9231
9234,asid_562,9,False,False,9234
9235,asid_9235,1,True,False,9235
9236,asid_231,8,False,False,9236
9237,asid_9237,2,False,False,9237
9239,asid_9239,2,True,False,9239
9241,asid_9241,2,True,False,9241
9242,asid_9242,3,False,False,9242
9243,asid_1347,10,True,True,13449
9245,asid_9245,1,True,False,9245
9246,asid_2797,5,False,False,9246
9247,asid_9247,1,True,False,9247
9250,asid_35,8,True,True,176
9251,asid_9251,1,True,False,9251
9252,asid_9252,1,True,False,9252
9253,asid_9253,4,False,False,9253
9254,asid_9254,2,True,False,9254
9255,asid_9255,1,True,False,9255
9256,asid_9256,1,True,False,9256
9257,asid_9257,2,True,False,9257
9259,asid_9259,1,True,False,9259
9260,asid_9260,1,True,False,9260
9261,asid_3287,10,False,False,9261
9263,asid_9263,1,True,False,9263
9266,asid_9266,1,True,False,9266
9267,asid_126,8,False,False,9267
9268,asid_9268,1,True,False,9268
9269,asid_9269,3,True,False,9269
9270,asid_9270,1,True,False,9270
9271,asid_9271,2,False,False,9271
9272,asid_9272,1,True,False,9272
9273,asid_9966,2,True,True,9966
9275,asid_9275,1,True,False,9275
9277,asid_26904,7,False,True,26904
9278,asid_9278,1,True,False,9278
9279,asid_9279,1,True,False,9279
9280,asid_9280,1,True,False,9280
9281,asid_9281,1,True,False,9281
9284,asid_9284,1,True,False,9284
9285,asid_9285,1,True,False,9285
9287,asid_9287,1,True,False,9287
9288,asid_7888,2,True,True,7888
9289,asid_5391,3,False,False,9289
9290,asid_1060,2,False,False,9290
9292,asid_9292,1,True,False,9292
9293,asid_5893,2,False,True,5893
9295,asid_9295,5,False,False,9295
9296,asid_9296,1,True,False,9296
9297,asid_9297,1,True,False,9297
9300,asid_3512,7,False,False,9300
9301,asid_9301,1,True,False,9301
9302,asid_9302,3,True,False,9302
9303,asid_1002,7,False,False,9303
9304,asid_9304,1,True,False,9304
9307,asid_9307,1,True,False,9307
9310,asid_9310,1,True,False,9310
9311,asid_9311,1,True,False,9311
9312,asid_9312,1,True,False,9312
9313,asid_9313,1,True,False,9313
9315,asid_9315,1,True,False,9315
9317,asid_9317,1,True,False,9317
9320,asid_4776,6,False,False,9320
9321,asid_9334,3,False,False,9321
9322,asid_27522,1,True,False,9322
9323,asid_9323,1,True,False,9323
9325,asid_9325,2,True,False,9325
9327,asid_1216,4,False,True,1216
9328,asid_9328,1,True,False,9328
9329,asid_2476,2,False,False,9329
9333,asid_2831,3,False,False,9333
9334,asid_9334,3,False,False,9334
9337,asid_9337,1,True,False,9337
9339,asid_9339,2,False,False,9339
9340,asid_9340,1,True,False,9340
9341,asid_9341,1,True,False,9341
9342,asid_25583,2,True,False,9342
9343,asid_2231,2,True,False,9343
9344,asid_792,6,True,True,792
9345,asid_9345,1,True,False,9345
9348,asid_5560,5,True,True,7492
9351,asid_9351,1,True,False,9351
9352,asid_9352,1,True,False,9352
9353,asid_9353,1,True,False,9353
9354,asid_3,13,False,False,9354
9355,asid_9355,1,True,False,9355
9356,asid_9356,1,True,False,9356
9357,asid_6800,17,False,False,9357
9358,asid_26974,2,True,False,9358
9360,asid_485,4,False,False,9360
9361,asid_3451,2,True,False,9361
9362,asid_15839,4,False,False,9362
9363,asid_25327,2,True,False,9363
9366,asid_9007,3,False,False,9366
9367,asid_9367,1,True,False,9367
9370,asid_9370,2,True,False,9370
9371,asid_9371,1,True,False,9371
9372,asid_9372,1,True,False,9372
9373,asid_4483,4,False,False,9373
9375,asid_9375,1,True,False,9375
9376,asid_9376,1,True,False,9376
9377,asid_9377,1,True,False,9377
9378,asid_640,6,False,False,9378
9379,asid_9379,2,True,False,9379
9380,asid_3312,6,False,False,9380
9381,asid_9381,4,False,False,9381
9383,asid_9383,1,True,False,9383
9384,asid_9384,1,True,False,9384
9390,asid_9390,1,True,False,9390
9391,asid_2975,2,False,False,9391
9395,asid_7137,2,True,False,9395
9396,asid_8158,2,False,False,9396
9397,asid_9397,1,True,False,9397
9399,asid_20729,3,False,False,9399
9400,asid_31208,2,True,False,9400
9401,asid_9401,1,True,False,9401
9405,asid_3601,3,True,False,9405
9407,asid_1553,6,False,False,9407
9408,asid_9408,3,True,False,9408
9410,asid_9410,2,True,False,9410
9411,asid_9411,2,False,False,9411
9412,asid_16224,2,False,True,16224
9417,asid_9417,1,True,False,9417
9420,asid_9420,1,True,False,9420
9424,asid_9424,1,True,False,9424
9426,asid_754,4,False,False,9426
9429,asid_2769,2,False,False,9429
9431,asid_9431,2,True,False,9431
9432,asid_9432,1,True,False,9432
9437,asid_2758,4,False,False,9437
9438,asid_9438,1,True,False,9438
9439,asid_1555,1,True,False,9439
9440,asid_9440,1,True,False,9440
9441,asid_10511,4,True,True,10511
9442,asid_9442,1,True,False,9442
9443,asid_9443,1,True,False,9443
9447,asid_3962,4,False,True,3962
9449,asid_9449,1,True,False,9449
9450,asid_10398,5,False,False,9450
9451,asid_2449,3,False,False,9451
9452,asid_9452,1,True,False,9452
9454,asid_9454,1,True,False,9454
9457,asid_9457,3,False,False,9457
9458,asid_9458,1,True,False,9458
9461,asid_19500,1,True,False,9461
9463,asid_235,20,False,True,2634
9467,asid_9467,1,True,False,9467
9471,asid_1519,3,True,True,1519
9472,asid_3434,13,False,True,3434
9475,asid_9475,1,True,False,9475
9476,asid_5120,4,False,False,9476
9478,asid_3830,2,False,False,9478
9479,asid_9479,5,False,False,9479
9481,asid_9481,2,True,False,9481
9482,asid_9482,1,True,False,9482
9483,asid_9483,1,True,False,9483
9484,asid_9484,5,False,False,9484
9485,asid_6438,2,False,False,9485
9487,asid_9487,2,True,False,9487
9488,asid_9488,1,True,False,9488
9490,asid_3843,4,False,False,9490
9491,asid_9491,1,True,False,9491
9492,asid_9492,1,True,False,9492
9493,asid_9493,1,True,False,9493
9496,asid_9496,1,True,False,9496
9497,asid_9497,1,True,False,9497
9501,asid_9501,1,True,False,9501
9503,asid_1854,3,False,False,9503
9504,asid_9504,1,True,False,9504
9505,asid_9505,1,True,False,9505
9506,asid_9506,2,True,False,9506
9508,asid_9508,1,True,False,9508
9510,asid_30885,1,True,False,9510
9513,asid_9513,1,True,False,9513
9514,asid_9514,1,True,False,9514
9515,asid_42,4,False,False,9515
9516,asid_9516,2,True,False,9516
9517,asid_9517,1,True,False,9517
9518,asid_3626,3,False,False,9518
9520,asid_9520,1,True,False,9520
9522,asid_9522,2,False,False,9522
9524,asid_27788,3,False,False,9524
9525,asid_4464,3,True,False,9525
9526,asid_9526,1,True,False,9526
9527,asid_9527,1,True,False,9527
9531,asid_9531,1,True,False,9531
9535,asid_2697,3,False,False,9535
9536,asid_9536,1,True,False,9536
9538,asid_6362,4,False,False,9538
9540,asid_3808,3,False,False,9540
9541,asid_9541,1,True,False,9541
9542,asid_9542,1,True,False,9542
9543,asid_9543,1,True,False,9543
9544,asid_9544,1,True,False,9544
9545,asid_9545,1,True,False,9545
9547,asid_3084,4,False,False,9547
9548,asid_9548,1,True,False,9548
9551,asid_9551,1,True,False,9551
9552,asid_9552,1,True,False,9552
9556,asid_2579,3,False,False,9556
9559,asid_9559,2,True,False,9559
9560,asid_2554,7,False,False,9560
9561,asid_9561,1,True,False,9561
9562,asid_3019,4,True,False,9562
9563,asid_6611,5,False,False,9563
9564,asid_9564,1,True,False,9564
9565,asid_9565,2,False,False,9565
9567,asid_9567,1,True,False,9567
9569,asid_9569,1,True,False,9569
9570,asid_9570,1,True,False,9570
9571,asid_9571,1,True,False,9571
9572,asid_9572,1,True,False,9572
9573,asid_9573,1,True,False,9573
9575,asid_1137,2,False,False,9575
9576,asid_9576,1,True,False,9576
9580,asid_12414,8,False,True,12414
9583,asid_9583,1,True,False,9583
9584,asid_3066,2,False,True,3066
9585,asid_9585,2,True,False,9585
9586,asid_5736,3,False,False,9586
9588,asid_9588,2,True,False,9588
9589,asid_9589,1,True,False,9589
9590,asid_9590,1,True,False,9590
9591,asid_9591,3,False,False,9591
9595,asid_3609,3,False,True,3609
9596,asid_6985,2,True,True,6985
9597,asid_9597,1,True,False,9597
9598,asid_9598,2,True,False,9598
9599,asid_9599,3,False,False,9599
9601,asid_983,5,False,True,946
9602,asid_887,3,False,False,9602
9603,asid_601,3,False,False,9603
9604,asid_5466,8,False,False,9604
9605,asid_2732,2,True,False,9605
9606,asid_9606,1,True,False,9606
9607,asid_5315,3,True,False,9607
9612,asid_9612,1,True,False,9612
9613,asid_9613,1,True,False,9613
9614,asid_9614,1,True,False,9614
9616,asid_9616,3,True,False,9616
9620,asid_9620,1,True,False,9620
9621,asid_9621,1,True,False,9621
9622,asid_14781,3,False,True,14781
9624,asid_9624,1,True,False,9624
9625,asid_9625,1,True,False,9625
9628,asid_9628,1,True,False,9628
9632,asid_6507,2,False,False,9632
9633,asid_9633,2,False,False,9633
9637,asid_9637,1,True,False,9637
9638,asid_1043,6,False,False,9638
9639,asid_6800,17,False,False,9639
9640,asid_9640,3,False,False,9640
9642,asid_9642,1,True,False,9642
9643,asid_9643,5,False,False,9643
9645,asid_4384,2,True,False,9645
9646,asid_36655,3,True,False,9646
9647,asid_9647,1,True,False,9647
9649,asid_4553,3,False,False,9649
9651,asid_9651,2,True,False,9651
9652,asid_9652,4,True,False,9652
9653,asid_3987,3,False,True,3987
9656,asid_9656,1,True,False,9656
9657,asid_9657,1,True,False,9657
9658,asid_9658,1,True,False,9658
9659,asid_9659,1,True,False,9659
9660,asid_9660,1,True,False,9660
9661,asid_9661,2,False,False,9661
9664,asid_9664,2,True,False,9664
9665,asid_1701,3,False,False,9665
9666,asid_9666,1,True,False,9666
9668,asid_10652,2,True,True,10652
9670,asid_9670,1,True,False,9670
9671,asid_9671,1,True,False,9671
9673,asid_9673,1,True,False,9673
9674,asid_9674,1,True,False,9674
9676,asid_9676,1,True,False,9676
9677,asid_9677,1,True,False,9677
9679,asid_9679,1,True,False,9679
9683,asid_9683,1,True,False,9683
9686,asid_9686,2,True,False,9686
9687,asid_76,15,False,False,9687
9688,asid_9688,1,True,False,9688
9690,asid_9690,1,True,False,9690
9694,asid_9694,2,True,False,9694
9697,asid_9697,1,True,False,9697
9698,asid_21654,3,False,True,21654
9699,asid_9699,1,True,False,9699
9701,asid_9701,1,True,False,9701
9702,asid_9702,2,False,False,9702
9704,asid_9704,1,True,False,9704
9705,asid_9705,1,True,False,9705
9706,asid_9706,1,True,False,9706
9707,asid_9707,1,True,False,9707
9709,asid_3586,2,False,False,9709
9712,asid_9712,1,True,False,9712
9714,asid_2036,4,False,False,9714
9716,asid_9716,2,False,False,9716
9718,asid_9718,3,True,False,9718
9719,asid_9719,1,True,False,9719
9720,asid_9720,2,True,False,9720
9721,asid_821,3,False,True,821
9722,asid_9722,1,True,False,9722
9723,asid_1839,5,True,False,9723
9725,asid_9725,1,True,False,9725
9727,asid_2021,4,False,False,9727
9729,asid_680,5,True,True,680
9732,asid_5768,2,False,True,5768
9733,asid_3532,8,False,False,9733
9735,asid_9735,1,True,False,9735
9737,asid_9737,1,True,False,9737
9739,asid_1081,4,False,False,9739
9740,asid_9740,1,True,False,9740
9741,asid_9741,1,True,False,9741
9742,asid_9742,1,True,False,9742
9746,asid_9746,2,True,False,9746
9748,asid_9748,1,True,False,9748
9752,asid_9752,1,True,False,9752
9753,asid_9753,1,True,False,9753
9754,asid_3344,1,True,False,9754
9755,asid_792,6,False,False,9755
9758,asid_11929,3,True,False,9758
9760,asid_68,12,False,False,9760
9761,asid_9761,1,True,False,9761
9762,asid_9762,1,True,False,9762
9763,asid_22189,5,False,False,9763
9764,asid_9764,1,True,False,9764
9765,asid_9765,2,False,False,9765
9766,asid_9766,3,False,False,9766
9767,asid_9767,1,True,False,9767
9769,asid_19100,1,True,False,9769
9771,asid_9771,1,True,False,9771
9772,asid_9772,1,True,False,9772
9776,asid_9776,1,True,False,9776
9777,asid_4695,2,False,False,9777
9780,asid_3528,5,False,True,3528
9782,asid_9782,1,True,False,9782
9785,asid_9785,2,False,False,9785
9787,asid_1756,6,False,False,9787
9788,asid_8923,2,True,True,8923
9791,asid_7776,2,True,True,7776
9792,asid_9792,1,True,False,9792
9794,asid_9794,2,True,False,9794
9803,asid_9803,1,True,False,9803
9804,asid_9804,1,True,False,9804
9805,asid_24109,2,False,True,24109
9806,asid_4540,3,False,False,9806
9809,asid_9242,3,True,False,9809
9810,asid_9810,2,False,False,9810
9812,asid_13104,5,False,True,13104
9813,asid_9813,1,True,False,9813
9814,asid_9814,1,True,False,9814
9816,asid_521,4,False,False,9816
9818,asid_10434,3,False,True,10434
9819,asid_16929,2,False,False,9819
9821,asid_1168,5,False,False,9821
9824,asid_9824,1,True,False,9824
9825,asid_9825,1,True,False,9825
9826,asid_1491,2,True,False,9826
9829,asid_5669,5,False,True,5669
9831,asid_9831,1,True,False,9831
9833,asid_240,15,False,True,3578
9834,asid_9834,1,True,False,9834
9835,asid_9835,1,True,False,9835
9836,asid_9836,4,True,False,9836
9838,asid_9838,1,True,False,9838
9840,asid_9840,1,True,False,9840
9842,asid_9842,3,False,False,9842
9843,asid_7010,2,True,False,9843
9844,asid_9844,1,True,False,9844
9847,asid_10753,2,False,True,10753
9848,asid_332,3,False,False,9848
9850,asid_9850,1,True,False,9850
9851,asid_9851,1,True,False,9851
9852,asid_9852,2,False,False,9852
9853,asid_9853,1,True,False,9853
9855,asid_9855,1,True,False,9855
9859,asid_9859,1,True,False,9859
9862,asid_9862,1,True,False,9862
9865,asid_9865,1,True,False,9865
9866,asid_12039,2,False,False,9866
9867,asid_9867,1,True,False,9867
9871,asid_2320,2,False,False,9871
9872,asid_1258,6,False,True,1258
9874,asid_2425,2,False,False,9874
9876,asid_450,7,True,True,533
9877,asid_9877,1,True,False,9877
9879,asid_10258,2,False,False,9879
9880,asid_2937,6,True,True,2937
9881,asid_1408,7,False,False,9881
9883,asid_9883,2,False,False,9883
9884,asid_9884,2,True,False,9884
9885,asid_9885,1,True,False,9885
9886,asid_9886,1,True,False,9886
9888,asid_9888,1,True,False,9888
9889,asid_9889,1,True,False,9889
9890,asid_9890,2,True,False,9890
9892,asid_9892,2,False,False,9892
9895,asid_9895,1,True,False,9895
9898,asid_9898,2,True,False,9898
9901,asid_1880,7,False,True,1880
9902,asid_1108,1,True,False,9902
9904,asid_9904,2,True,False,9904
9906,asid_9906,1,True,False,9906
9907,asid_14222,4,False,True,14222
9911,asid_9911,1,True,False,9911
9912,asid_9912,1,True,False,9912
9913,asid_9913,2,True,False,9913
9914,asid_707,3,False,False,9914
9916,asid_9916,2,True,False,9916
9918,asid_9918,3,True,False,9918
9919,asid_9919,1,True,False,9919
9920,asid_9920,1,True,False,9920
9922,asid_9922,1,True,False,9922
9923,asid_9923,1,True,False,9923
9924,asid_10865,2,True,False,9924
9926,asid_9926,1,True,False,9926
9927,asid_9927,1,True,False,9927
9931,asid_9931,2,True,False,9931
9932,asid_9932,1,True,False,9932
9934,asid_9151,5,False,True,9151
9938,asid_3987,3,False,False,9938
9940,asid_9940,1,True,False,9940
9943,asid_11592,3,True,True,11592
9944,asid_9944,1,True,False,9944
9946,asid_1242,18,False,True,3718
9947,asid_9947,1,True,False,9947
9948,asid_6757,5,False,False,9948
9949,asid_9949,1,True,False,9949
9952,asid_39,7,False,False,9952
9958,asid_9958,2,True,False,9958
9959,asid_9959,1,True,False,9959
9961,asid_3775,2,False,False,9961
9962,asid_9962,1,True,False,9962
9963,asid_5038,2,False,True,5038
9964,asid_3404,12,False,False,9964
9966,asid_9966,2,False,False,9966
9969,asid_24735,4,False,True,11507
9970,asid_9970,1,True,False,9970
9974,asid_16540,3,True,False,9974
9975,asid_13848,19,False,True,13848
9976,asid_9976,1,True,False,9976
9977,asid_8857,2,False,True,8857
9978,asid_9978,1,True,False,9978
9979,asid_9979,1,True,False,9979
9981,asid_9981,1,True,False,9981
9982,asid_36056,3,True,True,36056
9983,asid_9983,1,True,False,9983
9984,asid_9984,1,True,False,9984
9986,asid_31011,6,False,True,31011
9988,asid_3142,2,False,False,9988
9990,asid_9990,1,True,False,9990
9991,asid_9991,1,True,False,9991
9992,asid_3928,2,False,False,9992
9993,asid_9993,1,True,False,9993
9994,asid_9994,2,True,False,9994
9995,asid_9995,1,True,False,9995
10001,asid_15212,9,True,True,15212
10002,asid_10002,2,True,False,10002
10003,asid_10003,2,False,False,10003
10007,asid_1631,3,False,False,10007
10009,asid_4492,2,False,False,10009
10010,asid_10010,1,True,False,10010
10011,asid_5909,3,False,True,5909
10018,asid_10018,1,True,False,10018
10019,asid_1787,4,False,False,10019
10021,asid_10021,1,True,False,10021
10022,asid_11943,3,False,True,11943
10023,asid_24954,4,False,False,10023
10024,asid_10024,1,True,False,10024
10025,asid_10025,1,True,False,10025
10027,asid_2025,2,False,False,10027
10028,asid_3783,1,True,False,10028
10029,asid_10029,1,True,False,10029
10030,asid_749,4,False,False,10030
10032,asid_9129,2,False,True,9129
10034,asid_10034,1,True,False,10034
10035,asid_10035,1,True,False,10035
10036,asid_10036,1,True,False,10036
10037,asid_10037,1,True,False,10037
10042,asid_10042,1,True,False,10042
10045,asid_10045,1,True,False,10045
10046,asid_10046,1,True,False,10046
10047,asid_10047,1,True,False,10047
10048,asid_10048,2,False,False,10048
10049,asid_5604,2,True,False,10049
10052,asid_10052,1,True,False,10052
10055,asid_10055,1,True,False,10055
10056,asid_9479,5,False,False,10056
10058,asid_10058,1,True,False,10058
10059,asid_8648,2,False,False,10059
10060,asid_10060,1,True,False,10060
10061,asid_10061,2,True,False,10061
10063,asid_13134,1,True,False,10063
10064,asid_10064,2,False,False,10064
10066,asid_14618,11,False,False,10066
10067,asid_5442,2,False,True,5442
10068,asid_10068,1,True,False,10068
10072,asid_28725,7,True,True,28725
10073,asid_7713,2,False,False,10073
10075,asid_10075,1,True,False,10075
10077,asid_74,32,False,False,10077
10079,asid_17501,4,True,False,10079
10082,asid_10082,1,True,False,10082
10084,asid_2715,6,False,False,10084
10087,asid_22471,3,False,True,22471
10089,asid_10089,4,True,False,10089
10090,asid_10090,1,True,False,10090
10091,asid_26095,2,True,False,10091
10092,asid_10092,1,True,False,10092
10093,asid_4410,6,False,True,4410
10094,asid_10094,1,True,False,10094
10095,asid_10095,1,True,False,10095
10097,asid_10510,1,True,False,10097
10100,asid_10100,2,False,False,10100
10101,asid_10101,1,True,False,10101
10103,asid_10103,2,True,False,10103
10106,asid_4607,3,False,False,10106
10107,asid_10107,2,True,False,10107
10109,asid_45307,1,True,False,10109
10111,asid_10111,1,True,False,10111
10112,asid_614,4,False,False,10112
10115,asid_69,6,False,True,573
10117,asid_5032,3,True,True,5032
10118,asid_10118,1,True,False,10118
10119,asid_10119,2,False,False,10119
10121,asid_10121,1,True,False,10121
10122,asid_2706,1,True,False,10122
10123,asid_10123,1,True,False,10123
10125,asid_10125,2,False,False,10125
10126,asid_10126,2,False,False,10126
10127,asid_10127,1,True,False,10127
10129,asid_4881,2,True,False,10129
10131,asid_4058,2,False,False,10131
10132,asid_10132,2,True,False,10132
10133,asid_10133,1,True,False,10133
10134,asid_10134,1,True,False,10134
10135,asid_10135,2,True,False,10135
10136,asid_10136,1,True,False,10136
10137,asid_10137,1,True,False,10137
10138,asid_2832,4,False,False,10138
10141,asid_658,9,False,False,10141
10143,asid_3820,3,False,False,10143
10150,asid_18657,3,False,True,18657
10152,asid_10152,3,True,False,10152
10153,asid_15961,2,True,False,10153
10154,asid_10154,2,False,False,10154
10155,asid_2984,3,False,False,10155
10156,asid_3481,3,True,False,10156
10157,asid_10157,1,True,False,10157
10158,asid_10158,1,True,False,10158
10160,asid_10160,1,True,False,10160
10163,asid_10163,1,True,False,10163
10164,asid_3386,5,False,False,10164
10166,asid_3434,13,False,True,3434
10167,asid_10167,1,True,False,10167
10168,asid_11442,2,True,False,10168
10169,asid_10169,1,True,False,10169
10174,asid_881,6,False,False,10174
10175,asid_7834,2,False,False,10175
10176,asid_10176,2,False,False,10176
10181,asid_10181,4,False,False,10181
10183,asid_10183,1,True,False,10183
10186,asid_10186,2,False,False,10186
10187,asid_10187,1,True,False,10187
10189,asid_10189,1,True,False,10189
10190,asid_10190,1,True,False,10190
10192,asid_10192,1,True,False,10192
10194,asid_10194,1,True,False,10194
10196,asid_10196,2,True,False,10196
10198,asid_3516,4,False,False,10198
10199,asid_39,7,False,False,10199
10202,asid_7371,2,False,False,10202
10203,asid_7024,6,False,True,7024
10204,asid_6487,1,True,False,10204
10205,asid_10205,1,True,False,10205
10206,asid_10206,1,True,False,10206
10207,asid_2814,5,False,False,10207
10209,asid_46427,8,False,True,46427
10211,asid_10211,3,True,False,10211
10219,asid_10219,1,True,False,10219
10220,asid_10220,1,True,False,10220
10221,asid_2904,13,False,False,10221
10223,asid_9765,2,True,False,10223
10224,asid_10224,1,True,False,10224
10225,asid_233,6,False,True,233
10226,asid_3229,2,True,False,10226
10228,asid_4076,2,False,False,10228
10230,asid_10230,4,False,False,10230
10232,asid_10232,1,True,False,10232
10234,asid_10234,1,True,False,10234
10236,asid_2397,3,False,False,10236
10238,asid_17408,5,True,True,17408
10239,asid_8120,2,True,True,8120
10240,asid_26669,2,True,False,10240
10246,asid_10246,1,True,False,10246
10248,asid_21540,4,False,False,10248
10249,asid_10249,2,True,False,10249
10251,asid_10251,1,True,False,10251
10252,asid_4708,3,False,False,10252
10255,asid_5543,3,True,True,5543
10256,asid_10256,1,True,False,10256
10257,asid_10257,2,False,False,10257
10258,asid_10258,2,True,False,10258
10259,asid_8790,2,True,False,10259
10260,asid_5001,2,False,False,10260
10262,asid_10262,8,False,False,10262
10265,asid_4427,1,True,False,10265
10268,asid_10268,1,True,False,10268
10271,asid_10271,1,True,False,10271
10274,asid_10274,1,True,False,10274
10277,asid_10277,1,True,False,10277
10279,asid_10279,1,True,False,10279
10282,asid_10282,1,True,False,10282
10283,asid_10283,1,True,False,10283
10288,asid_10288,1,True,False,10288
10289,asid_1575,3,False,False,10289
10290,asid_276,4,False,False,10290
10291,asid_10291,2,True,False,10291
10294,asid_4711,2,False,False,10294
10295,asid_6800,17,False,False,10295
10298,asid_10298,1,True,False,10298
10300,asid_10300,2,True,False,10300
10302,asid_792,6,False,True,792
10303,asid_18300,2,True,True,18300
10305,asid_10305,1,True,False,10305
10308,asid_10308,3,True,False,10308
10309,asid_6743,2,False,True,6743
10310,asid_10310,1,True,False,10310
10312,asid_1030,5,False,False,10312
10313,asid_10313,1,True,False,10313
10314,asid_10314,3,False,False,10314
10315,asid_10315,1,True,False,10315
10316,asid_4177,2,False,False,10316
10323,asid_10323,1,True,False,10323
10326,asid_10326,1,True,False,10326
10327,asid_10327,1,True,False,10327
10329,asid_68,12,True,True,147
10335,asid_10335,1,True,False,10335
10337,asid_10337,1,True,False,10337
10339,asid_8726,3,False,True,8726
10349,asid_15779,3,False,False,10349
10351,asid_10351,2,True,False,10351
10353,asid_7939,4,True,True,7939
10354,asid_15187,2,True,False,10354
10355,asid_10355,1,True,False,10355
10356,asid_10356,1,True,False,10356
10358,asid_10358,1,True,False,10358
10359,asid_3404,12,False,False,10359
10361,asid_12955,2,False,True,12955
10363,asid_10363,1,True,False,10363
10364,asid_12853,5,False,False,10364
10365,asid_10365,1,True,False,10365
10366,asid_10376,3,True,True,10376
10368,asid_10368,3,True,False,10368
10369,asid_10369,2,True,False,10369
10372,asid_358,3,False,True,358
10373,asid_10373,1,True,False,10373
10374,asid_150,4,False,False,10374
10376,asid_10376,3,False,False,10376
10377,asid_13710,5,True,True,783
10378,asid_3892,2,False,False,10378
10379,asid_10379,3,True,False,10379
10380,asid_3376,2,False,False,10380
10384,asid_10384,1,True,False,10384
10385,asid_10385,1,True,False,10385
10386,asid_10386,1,True,False,10386
10388,asid_10388,2,True,False,10388
10389,asid_10389,1,True,False,10389
10390,asid_3636,2,False,False,10390
10392,asid_10392,1,True,False,10392
10393,asid_10393,1,True,False,10393
10395,asid_10395,2,True,False,10395
10397,asid_10397,2,False,False,10397
10398,asid_10398,5,False,False,10398
10399,asid_10399,1,True,False,10399
10400,asid_10400,1,True,False,10400
10404,asid_10404,1,True,False,10404
10407,asid_10407,2,False,False,10407
10410,asid_4759,2,True,False,10410
10412,asid_10412,1,True,False,10412
10416,asid_10416,1,True,False,10416
10417,asid_5964,5,False,False,10417
10418,asid_2934,2,False,False,10418
10421,asid_10421,1,True,False,10421
10423,asid_10423,1,True,False,10423
10425,asid_10425,1,True,False,10425
10427,asid_10427,2,False,False,10427
10428,asid_10428,2,True,False,10428
10430,asid_38108,2,True,False,10430
10431,asid_15730,1,True,False,10431
10434,asid_10434,3,False,False,10434
10437,asid_20646,4,True,False,10437
10438,asid_2565,1,True,False,10438
10439,asid_10439,1,True,False,10439
10441,asid_74,32,False,False,10441
10442,asid_10407,2,True,False,10442
10444,asid_10444,1,True,False,10444
10445,asid_10445,1,True,False,10445
10446,asid_10446,1,True,False,10446
10447,asid_6648,4,False,False,10447
10448,asid_10448,1,True,False,10448
10449,asid_10449,1,True,False,10449
10450,asid_10450,2,True,False,10450
10454,asid_10454,1,True,False,10454
10456,asid_10456,1,True,False,10456
10457,asid_10457,1,True,False,10457
10458,asid_1813,3,False,True,1813
10459,asid_10459,4,False,False,10459
10462,asid_9484,5,False,False,10462
10465,asid_10465,1,True,False,10465
10466,asid_10466,1,True,False,10466
10467,asid_6695,8,False,True,6695
10470,asid_10470,1,True,False,10470
10471,asid_10471,1,True,False,10471
10475,asid_10475,1,True,False,10475
10478,asid_10478,1,True,False,10478
10479,asid_10479,2,False,False,10479
10481,asid_36,1,True,False,10481
10484,asid_10484,1,True,False,10484
10485,asid_10485,1,True,False,10485
10486,asid_10486,1,True,False,10486
10489,asid_3435,3,False,False,10489
10490,asid_10490,1,True,False,10490
10491,asid_10491,1,True,False,10491
10492,asid_3577,4,False,True,3577
10493,asid_10493,1,True,False,10493
10496,asid_41291,3,False,False,10496
10497,asid_10497,1,True,False,10497
10498,asid_10498,1,True,False,10498
10500,asid_10500,1,True,False,10500
10501,asid_10501,1,True,False,10501
10506,asid_6800,17,False,False,10506
10508,asid_19406,2,True,False,10508
10509,asid_1609,4,True,True,1609
10511,asid_10511,4,False,False,10511
10513,asid_10513,4,False,False,10513
10515,asid_10515,2,True,False,10515
10516,asid_10516,1,True,False,10516
10519,asid_10519,1,True,False,10519
10521,asid_10521,1,True,False,10521
10523,asid_10523,1,True,False,10523
10524,asid_5178,5,False,False,10524
10526,asid_10526,2,False,False,10526
10527,asid_10527,1,True,False,10527
10528,asid_15212,9,False,True,15212
10529,asid_10529,1,True,False,10529
10530,asid_10530,1,True,False,10530
10531,asid_1356,7,False,False,10531
10532,asid_10532,1,True,False,10532
10534,asid_10534,2,False,False,10534
10535,asid_10535,1,True,False,10535
10537,asid_10537,2,False,False,10537
10538,asid_11970,2,True,False,10538
10539,asid_13239,2,True,True,13239
10543,asid_84,2,False,False,10543
10546,asid_10546,1,True,False,10546
10548,asid_10548,1,True,False,10548
10550,asid_10397,2,True,True,10397
10552,asid_10552,1,True,False,10552
10555,asid_1054,2,False,False,10555
10557,asid_3746,2,False,False,10557
10559,asid_10559,1,True,False,10559
10560,asid_3514,3,True,False,10560
10561,asid_10561,1,True,False,10561
10562,asid_10562,1,True,False,10562
10563,asid_5964,5,True,True,2972
10564,asid_11344,3,False,False,10564
10565,asid_2018,2,False,False,10565
10566,asid_10566,1,True,False,10566
10567,asid_17550,2,True,True,17550
10568,asid_1856,3,False,False,10568
10571,asid_10571,3,False,False,10571
10572,asid_450,7,False,False,10572
10575,asid_3950,5,False,False,10575
10577,asid_10577,1,True,False,10577
10578,asid_10578,1,True,False,10578
10579,asid_10579,1,True,False,10579
10580,asid_5180,4,False,False,10580
10585,asid_10585,1,True,False,10585
10586,asid_11941,2,False,True,11941
10587,asid_290,3,False,False,10587
10589,asid_402,8,False,True,402
10591,asid_10591,2,False,False,10591
10594,asid_10594,1,True,False,10594
10596,asid_10596,1,True,False,10596
10599,asid_10599,1,True,False,10599
10600,asid_10600,1,True,False,10600
10602,asid_10602,1,True,False,10602
10610,asid_651,15,False,True,323
10612,asid_10612,1,True,False,10612
10615,asid_10615,1,True,False,10615
10616,asid_4139,3,False,False,10616
10617,asid_10617,1,True,False,10617
10620,asid_10620,1,True,False,10620
10621,asid_2126,7,False,False,10621
10622,asid_10622,1,True,False,10622
10626,asid_10626,2,True,False,10626
10630,asid_10630,1,True,False,10630
10633,asid_1109,4,False,False,10633
10634,asid_10634,1,True,False,10634
10635,asid_10635,3,False,False,10635
10636,asid_21321,4,False,True,21321
10637,asid_10637,1,True,False,10637
10640,asid_3476,5,False,True,3476
10642,asid_4518,2,False,False,10642
10643,asid_1757,3,False,False,10643
10649,asid_13600,2,True,False,10649
10652,asid_10652,2,False,False,10652
10653,asid_10653,1,True,False,10653
10655,asid_9022,4,True,False,10655
10659,asid_10659,1,True,False,10659
10660,asid_10660,1,True,False,10660
10661,asid_10661,1,True,False,10661
10663,asid_10262,8,False,True,10262
10664,asid_4282,2,False,False,10664
10666,asid_10666,5,False,False,10666
10667,asid_19355,2,True,False,10667
10668,asid_10668,1,True,False,10668
10669,asid_10669,2,False,False,10669
10674,asid_10674,2,True,False,10674
10675,asid_4485,2,False,False,10675
10676,asid_10676,1,True,False,10676
10682,asid_5466,8,False,False,10682
10683,asid_9641,1,True,False,10683
10684,asid_10684,2,True,False,10684
10685,asid_10685,3,True,False,10685
10686,asid_10686,1,True,False,10686
10688,asid_10688,3,False,False,10688
10692,asid_1441,2,True,True,1441
10693,asid_10693,1,True,False,10693
10698,asid_10698,1,True,False,10698
10699,asid_10699,1,True,False,10699
10704,asid_5636,6,False,False,10704
10705,asid_10705,2,False,False,10705
10706,asid_10706,2,True,False,10706
10709,asid_10709,5,False,False,10709
10712,asid_10712,1,True,False,10712
10715,asid_32520,4,False,False,10715
10716,asid_10716,1,True,False,10716
10718,asid_4602,2,False,False,10718
10719,asid_10719,1,True,False,10719
10722,asid_10722,1,True,False,10722
10724,asid_10724,2,True,False,10724
10726,asid_10726,1,True,False,10726
10729,asid_10729,1,True,False,10729
10731,asid_10731,1,True,False,10731
10732,asid_10732,1,True,False,10732
10733,asid_10733,2,True,False,10733
10735,asid_10735,3,False,False,10735
10736,asid_10736,1,True,False,10736
10738,asid_1307,5,False,False,10738
10739,asid_24543,2,False,False,10739
10740,asid_10740,1,True,False,10740
10743,asid_10743,1,True,False,10743
10744,asid_10744,1,True,False,10744
10745,asid_10745,1,True,False,10745
10746,asid_10746,1,True,False,10746
10747,asid_10747,1,True,False,10747
10751,asid_10751,1,True,False,10751
10753,asid_10753,2,True,False,10753
10754,asid_16775,2,True,True,16775
10755,asid_10755,1,True,False,10755
10756,asid_10756,1,True,False,10756
10758,asid_40194,6,False,False,10758
10759,asid_10759,1,True,False,10759
10763,asid_10763,1,True,False,10763
10766,asid_10766,1,True,False,10766
10769,asid_792,6,False,True,792
10771,asid_5120,4,False,False,10771
10773,asid_10773,2,True,False,10773
10775,asid_10775,1,True,False,10775
10776,asid_10776,2,True,False,10776
10779,asid_10779,1,True,False,10779
10781,asid_10781,3,True,False,10781
10783,asid_12689,2,True,False,10783
10784,asid_10784,1,True,False,10784
10787,asid_10787,1,True,False,10787
10789,asid_5201,4,False,True,5201
10790,asid_10790,1,True,False,10790
10791,asid_10791,1,True,False,10791
10793,asid_10793,1,True,False,10793
10794,asid_43081,1,True,False,10794
10796,asid_10796,1,True,False,10796
10797,asid_10797,1,True,False,10797
10800,asid_10800,1,True,False,10800
10801,asid_4205,2,False,True,4205
10803,asid_1739,3,True,True,8135
10804,asid_10804,2,False,False,10804
10806,asid_4464,3,False,False,10806
10807,asid_4516,2,False,False,10807
10808,asid_10808,2,True,False,10808
10810,asid_10810,1,True,False,10810
10812,asid_3648,1,True,False,10812
10813,asid_10813,1,True,False,10813
10820,asid_10820,1,True,False,10820
10823,asid_10823,1,True,False,10823
10824,asid_10824,3,True,False,10824
10826,asid_10826,1,True,False,10826
10830,asid_10830,1,True,False,10830
10831,asid_7428,2,False,False,10831
10833,asid_5749,2,False,False,10833
10836,asid_10836,1,True,False,10836
10837,asid_10837,1,True,False,10837
10839,asid_10839,1,True,False,10839
10841,asid_20460,3,True,False,10841
10842,asid_10842,1,True,False,10842
10843,asid_10843,2,True,False,10843
10844,asid_10844,1,True,False,10844
10846,asid_4970,4,False,False,10846
10849,asid_5831,2,False,False,10849
10850,asid_10850,2,False,False,10850
10852,asid_10852,1,True,False,10852
10854,asid_6749,2,False,False,10854
10855,asid_1651,2,False,False,10855
10856,asid_10856,2,True,False,10856
10865,asid_10865,2,False,False,10865
10869,asid_5614,3,False,False,10869
10870,asid_915,5,False,False,10870
10871,asid_5006,2,False,False,10871
10872,asid_2630,2,False,False,10872
10873,asid_10873,1,True,False,10873
10874,asid_10874,1,True,False,10874
10877,asid_10877,1,True,False,10877
10880,asid_7573,5,True,True,21458
10881,asid_10881,1,True,False,10881
10883,asid_10883,2,False,False,10883
10884,asid_7625,2,False,False,10884
10886,asid_22945,4,False,True,22945
10889,asid_10889,1,True,False,10889
10890,asid_3449,2,False,False,10890
10891,asid_10891,5,False,False,10891
10895,asid_13848,19,False,True,13848
10896,asid_10896,1,True,False,10896
10897,asid_10897,2,True,False,10897
10901,asid_4698,2,False,False,10901
10902,asid_29235,3,True,False,10902
10903,asid_10903,3,False,False,10903
10907,asid_25674,3,True,True,25674
10909,asid_10909,2,True,False,10909
10913,asid_1019,6,False,False,10913
10920,asid_10920,1,True,False,10920
10921,asid_10450,2,False,False,10921
10922,asid_10922,1,True,False,10922
10923,asid_26846,2,False,False,10923
10925,asid_3994,4,False,False,10925
10927,asid_10927,1,True,False,10927
10929,asid_10929,5,False,False,10929
10932,asid_10932,1,True,False,10932
10933,asid_10933,1,True,False,10933
10934,asid_10934,3,True,False,10934
10935,asid_10935,5,False,False,10935
10936,asid_10936,1,True,False,10936
10937,asid_10937,1,True,False,10937
10938,asid_10938,1,True,False,10938
10942,asid_235,20,False,True,2634
10946,asid_10946,3,False,False,10946
10948,asid_10948,1,True,False,10948
10949,asid_72,9,False,False,10949
10951,asid_10951,1,True,False,10951
10952,asid_10952,2,True,False,10952
10954,asid_4906,4,False,False,10954
10955,asid_5238,2,False,False,10955
10957,asid_10957,1,True,False,10957
10958,asid_10958,1,True,False,10958
10959,asid_10959,1,True,False,10959
10960,asid_10960,1,True,False,10960
10963,asid_10963,1,True,False,10963
10964,asid_18971,2,True,False,10964
10965,asid_3719,1,True,False,10965
10966,asid_2528,2,True,False,10966
10967,asid_10967,1,True,False,10967
10968,asid_30765,1,True,False,10968
10971,asid_10971,1,True,False,10971
10974,asid_10974,1,True,False,10974
10978,asid_8891,2,True,True,8891
10980,asid_608,4,False,False,10980
10981,asid_3084,4,False,True,3084
10984,asid_3608,2,False,False,10984
10985,asid_690,7,False,True,690
10986,asid_10986,2,True,False,10986
10987,asid_3060,4,False,False,10987
10989,asid_10989,1,True,False,10989
10991,asid_29958,2,True,False,10991
10992,asid_9169,3,False,False,10992
10993,asid_16376,3,False,True,16376
11000,asid_11000,1,True,False,11000
11001,asid_11001,1,True,False,11001
11002,asid_9457,3,False,False,11002
11003,asid_11003,2,True,False,11003
11004,asid_11004,1,True,False,11004
11005,asid_1030,5,False,False,11005
11006,asid_524,5,False,False,11006
11007,asid_11007,1,True,False,11007
11010,asid_1001,1,True,False,11010
11015,asid_11015,1,True,False,11015
11016,asid_11016,4,True,False,11016
11018,asid_11018,1,True,False,11018
11023,asid_11023,1,True,False,11023
11024,asid_11024,1,True,False,11024
11025,asid_6695,8,False,True,6695
11026,asid_1777,1,True,False,11026
11028,asid_11028,2,True,False,11028
11029,asid_11029,1,True,False,11029
11030,asid_11030,2,False,False,11030
11031,asid_11031,1,True,False,11031
11032,asid_9842,3,False,False,11032
11033,asid_12934,2,False,False,11033
11034,asid_11034,1,True,False,11034
11035,asid_12275,3,True,False,11035
11036,asid_11036,2,True,False,11036
11037,asid_11037,1,True,False,11037
11038,asid_31450,1,True,False,11038
11039,asid_11039,1,True,False,11039
11045,asid_11045,3,True,False,11045
11046,asid_27218,3,True,True,27218
11047,asid_11047,2,True,False,11047
11051,asid_11051,2,False,False,11051
11053,asid_11053,6,False,False,11053
11054,asid_11054,1,True,False,11054
11056,asid_12916,3,False,False,11056
11058,asid_4787,3,False,True,4787
11059,asid_11059,1,True,False,11059
11060,asid_18672,4,False,False,11060
11062,asid_11062,1,True,False,11062
11064,asid_11064,1,True,False,11064
11067,asid_3748,4,False,False,11067
11068,asid_5515,3,False,True,5515
11075,asid_11075,1,True,False,11075
11076,asid_11076,1,True,False,11076
11077,asid_13766,1,True,False,11077
11078,asid_11078,1,True,False,11078
11080,asid_11080,1,True,False,11080
11083,asid_11083,2,True,False,11083
11084,asid_11084,1,True,False,11084
11089,asid_11089,1,True,False,11089
11093,asid_11093,1,True,False,11093
11098,asid_11098,1,True,False,11098
11099,asid_5938,3,False,False,11099
11101,asid_11101,1,True,False,11101
11102,asid_5998,2,True,False,11102
11103,asid_11103,1,True,False,11103
11109,asid_26379,2,True,False,11109
11110,asid_11110,2,True,False,11110
11114,asid_11114,1,True,False,11114
11116,asid_8514,3,False,True,8514
11117,asid_11117,1,True,False,11117
11121,asid_11121,1,True,False,11121
11123,asid_1468,3,False,False,11123
11124,asid_11124,1,True,False,11124
11128,asid_11128,1,True,False,11128
11129,asid_11129,1,True,False,11129
11131,asid_11131,1,True,False,11131
11132,asid_26654,4,False,False,11132
11133,asid_11133,1,True,False,11133
11134,asid_11134,1,True,False,11134
11139,asid_14006,6,False,True,14006
11140,asid_11140,1,True,False,11140
11142,asid_11142,1,True,False,11142
11143,asid_11143,2,True,False,11143
11147,asid_11147,3,False,False,11147
11148,asid_23467,2,True,False,11148
11152,asid_11152,1,True,False,11152
11159,asid_11159,3,True,False,11159
11165,asid_11165,1,True,False,11165
11166,asid_11166,1,True,False,11166
11167,asid_11167,1,True,False,11167
11172,asid_318,2,False,False,11172
11174,asid_11174,2,True,False,11174
11176,asid_3084,4,False,True,3084
11179,asid_11179,1,True,False,11179
11180,asid_11180,1,True,False,11180
11181,asid_11181,1,True,False,11181
11184,asid_11184,1,True,False,11184
11185,asid_11185,3,True,False,11185
11187,asid_11187,5,False,False,11187
11189,asid_11189,1,True,False,11189
11190,asid_11190,1,True,False,11190
11191,asid_760,2,True,True,7608
11192,asid_11192,1,True,False,11192
11193,asid_1043,6,False,False,11193
11194,asid_3824,2,True,False,11194
11195,asid_3144,1,True,False,11195
11196,asid_11196,1,True,False,11196
11198,asid_11198,1,True,False,11198
11199,asid_4623,2,False,False,11199
11200,asid_11200,1,True,False,11200
11201,asid_13534,2,True,True,13534
11202,asid_11202,1,True,False,11202
11206,asid_11206,1,True,False,11206
11207,asid_11207,1,True,False,11207
11209,asid_11209,1,True,False,11209
11211,asid_11211,2,False,False,11211
11212,asid_11212,1,True,False,11212
11214,asid_11214,1,True,False,11214
11215,asid_11215,1,True,False,11215
11218,asid_11218,1,True,False,11218
11219,asid_11219,1,True,False,11219
11223,asid_11223,5,False,False,11223
11229,asid_11229,1,True,False,11229
11232,asid_11232,1,True,False,11232
11234,asid_7695,2,True,True,7695
11236,asid_5999,2,False,False,11236
11244,asid_2233,2,False,False,11244
11245,asid_11245,2,True,False,11245
11249,asid_11249,1,True,False,11249
11250,asid_11250,1,True,False,11250
11253,asid_11253,1,True,False,11253
11255,asid_11255,1,True,False,11255
11256,asid_7299,4,True,True,7299
11257,asid_9295,5,False,True,9295
11258,asid_11258,1,True,False,11258
11259,asid_2,12,False,False,11259
11261,asid_222,10,False,True,222
11262,asid_11262,2,True,False,11262
11265,asid_11265,1,True,False,11265
11266,asid_3655,2,False,True,3655
11267,asid_11267,1,True,False,11267
11274,asid_23350,3,True,True,23350
11275,asid_11275,1,True,False,11275
11276,asid_11276,3,True,False,11276
11278,asid_42707,4,False,True,42707
11279,asid_11279,1,True,False,11279
11284,asid_11284,3,False,False,11284
11288,asid_64,14,False,True,238
11292,asid_11292,1,True,False,11292
11293,asid_11293,1,True,False,11293
11294,asid_11294,1,True,False,11294
11295,asid_11295,2,True,False,11295
11296,asid_18046,5,False,True,18046
11298,asid_11298,1,True,False,11298
11301,asid_11301,1,True,False,11301
11306,asid_11306,1,True,False,11306
11307,asid_11307,1,True,False,11307
11309,asid_9652,4,False,False,11309
11310,asid_11310,1,True,False,11310
11311,asid_11311,1,True,False,11311
11312,asid_11312,3,False,False,11312
11314,asid_4970,4,True,True,4970
11316,asid_11316,1,True,False,11316
11317,asid_25748,5,False,False,11317
11318,asid_34,5,False,False,11318
11319,asid_5901,3,False,False,11319
11321,asid_26382,3,False,False,11321
11323,asid_11323,1,True,False,11323
11325,asid_11325,1,True,False,11325
11328,asid_22363,2,False,False,11328
11330,asid_11330,1,True,False,11330
11331,asid_11331,1,True,False,11331
11332,asid_12010,3,True,True,17950
11336,asid_11336,1,True,False,11336
11339,asid_11339,1,True,False,11339
11341,asid_11341,3,True,False,11341
11344,asid_11344,3,False,False,11344
11347,asid_6741,2,False,False,11347
11355,asid_28725,7,False,False,11355
11360,asid_11360,2,False,False,11360
11363,asid_5510,4,False,False,11363
11364,asid_11364,5,False,False,11364
11365,asid_13686,2,True,False,11365
11366,asid_6312,2,True,False,11366
11370,asid_11370,1,True,False,11370
11371,asid_11371,1,True,False,11371
11372,asid_11372,1,True,False,11372
11373,asid_11373,4,False,False,11373
11376,asid_11376,1,True,False,11376
11377,asid_11783,4,False,True,11783
11380,asid_3408,4,False,False,11380
11382,asid_11382,1,True,False,11382
11387,asid_11387,1,True,False,11387
11388,asid_11388,2,False,False,11388
11389,asid_11389,1,True,False,11389
11392,asid_11392,1,True,False,11392
11393,asid_11393,1,True,False,11393
11396,asid_11396,1,True,False,11396
11398,asid_25842,2,True,False,11398
11399,asid_11399,1,True,False,11399
11402,asid_11402,1,True,False,11402
11405,asid_18256,1,True,False,11405
11409,asid_11409,1,True,False,11409
11413,asid_11413,1,True,False,11413
11414,asid_11414,1,True,False,11414
11415,asid_11415,1,True,False,11415
11421,asid_25969,2,True,True,25969
11423,asid_11423,1,True,False,11423
11424,asid_11424,1,True,False,11424
11425,asid_11425,1,True,False,11425
11428,asid_11428,1,True,False,11428
11431,asid_11431,1,True,False,11431
11435,asid_19201,1,True,False,11435
11438,asid_11438,1,True,False,11438
11439,asid_2265,2,False,False,11439
11441,asid_11441,1,True,False,11441
11442,asid_11442,2,False,False,11442
11443,asid_11443,1,True,False,11443
11448,asid_11448,1,True,False,11448
11449,asid_2299,4,False,False,11449
11451,asid_8333,2,False,True,8333
11453,asid_11453,1,True,False,11453
11454,asid_11454,1,True,False,11454
11463,asid_7587,4,False,True,7587
11464,asid_4003,3,True,True,4003
11465,asid_4896,2,False,False,11465
11466,asid_11466,1,True,False,11466
11468,asid_11468,1,True,False,11468
11473,asid_23113,2,True,False,11473
11474,asid_11474,1,True,False,11474
11475,asid_11475,1,True,False,11475
11476,asid_11476,1,True,False,11476
11477,asid_11477,1,True,False,11477
11478,asid_11478,1,True,False,11478
11484,asid_11484,1,True,False,11484
11486,asid_7145,3,True,False,11486
11488,asid_11488,3,True,False,11488
11491,asid_11491,1,True,False,11491
11492,asid_11492,1,True,False,11492
11494,asid_522,8,False,False,11494
11497,asid_11497,1,True,False,11497
11504,asid_8169,3,True,False,11504
11507,asid_24735,4,False,False,11507
11509,asid_6617,5,False,False,11509
11511,asid_9479,5,False,False,11511
11512,asid_20890,3,True,True,13950
11516,asid_11516,1,True,False,11516
11517,asid_6490,2,False,False,11517
11518,asid_11518,2,False,False,11518
11519,asid_11519,1,True,False,11519
11520,asid_4454,2,True,False,11520
11526,asid_11526,1,True,False,11526
11528,asid_5716,4,False,True,5716
11530,asid_21688,2,False,False,11530
11531,asid_11531,1,True,False,11531
11532,asid_11532,1,True,False,11532
11533,asid_11533,1,True,False,11533
11537,asid_6411,2,False,False,11537
11541,asid_11541,1,True,False,11541
11542,asid_11542,2,True,False,11542
11545,asid_11545,3,False,False,11545
11547,asid_12668,5,False,False,11547
11548,asid_651,15,False,False,11548
11549,asid_4405,2,False,False,11549
11552,asid_11552,1,True,False,11552
11555,asid_2774,4,True,True,29137
11559,asid_11559,1,True,False,11559
11560,asid_11560,1,True,False,11560
11561,asid_6321,2,False,False,11561
11563,asid_11563,11,False,False,11563
11564,asid_12183,4,False,False,11564
11565,asid_11565,1,True,False,11565
11566,asid_11566,1,True,False,11566
11568,asid_2389,4,False,False,11568
11571,asid_23948,3,True,False,11571
11574,asid_11574,1,True,False,11574
11576,asid_11576,1,True,False,11576
11578,asid_11578,1,True,False,11578
11579,asid_11579,2,True,False,11579
11580,asid_11580,2,True,False,11580
11581,asid_3366,1,True,False,11581
11582,asid_274,10,False,False,11582
11585,asid_18776,1,True,False,11585
11587,asid_13934,2,True,True,2775
11589,asid_11589,1,True,False,11589
11590,asid_7520,6,False,False,11590
11592,asid_11592,3,False,False,11592
11593,asid_11593,5,False,False,11593
11596,asid_11596,2,True,False,11596
11599,asid_3528,5,False,True,3528
11600,asid_11600,1,True,False,11600
11601,asid_11344,3,True,True,11344
11602,asid_11602,1,True,False,11602
11603,asid_11603,1,True,False,11603
11605,asid_4387,3,True,False,11605
11608,asid_23559,4,False,False,11608
11611,asid_6593,2,True,False,11611
11614,asid_11614,1,True,False,11614
11618,asid_6041,3,False,False,11618
11619,asid_11619,1,True,False,11619
11621,asid_11621,1,True,False,11621
11622,asid_11895,1,True,False,11622
11624,asid_11624,1,True,False,11624
11625,asid_11625,1,True,False,11625
11626,asid_7621,3,True,True,7621
11627,asid_11627,1,True,False,11627
11629,asid_11629,1,True,False,11629
11630,asid_787,7,False,False,11630
11631,asid_11631,1,True,False,11631
11637,asid_11637,3,True,False,11637
11639,asid_11639,1,True,False,11639
11640,asid_11640,1,True,False,11640
11645,asid_11645,1,True,False,11645
11646,asid_11646,1,True,False,11646
11647,asid_11647,1,True,False,11647
11652,asid_21708,1,True,False,11652
11653,asid_11653,1,True,False,11653
11655,asid_28767,3,False,False,11655
11656,asid_7621,3,False,True,7621
11658,asid_10089,4,False,True,10089
11659,asid_11659,1,True,False,11659
11661,asid_6067,2,False,False,11661
11664,asid_4020,2,False,True,4020
11666,asid_11666,1,True,False,11666
11668,asid_40603,2,False,True,40603
11669,asid_1839,5,False,False,11669
11671,asid_8461,2,True,False,11671
11679,asid_3447,2,False,True,3447
11686,asid_11686,1,True,False,11686
11687,asid_11687,1,True,False,11687
11689,asid_37980,3,True,True,37980
11690,asid_11690,1,True,False,11690
11692,asid_11692,1,True,False,11692
11693,asid_11693,1,True,False,11693
11695,asid_11695,1,True,False,11695
11696,asid_3022,1,True,False,11696
11697,asid_11697,1,True,False,11697
11701,asid_4573,2,False,False,11701
11703,asid_11703,1,True,False,11703
11706,asid_11706,1,True,False,11706
11710,asid_32430,2,True,False,11710
11711,asid_3335,2,False,False,11711
11714,asid_11714,1,True,False,11714
11717,asid_11717,1,True,False,11717
11719,asid_11719,1,True,False,11719
11721,asid_1591,3,False,False,11721
11722,asid_11722,1,True,False,11722
11729,asid_11729,1,True,False,11729
11733,asid_11733,1,True,False,11733
11736,asid_14618,11,False,False,11736
11738,asid_11738,1,True,False,11738
11744,asid_74,32,False,False,11744
11745,asid_11745,4,False,False,11745
11746,asid_13226,4,True,False,11746
11747,asid_2036,4,True,True,2036
11749,asid_11749,2,False,False,11749
11750,asid_11750,1,True,False,11750
11751,asid_11751,1,True,False,11751
11752,asid_11752,1,True,False,11752
11753,asid_11753,1,True,False,11753
11754,asid_11754,2,True,False,11754
11755,asid_11755,1,True,False,11755
11756,asid_31874,1,True,False,11756
11757,asid_11757,3,False,False,11757
11758,asid_4622,2,False,False,11758
11761,asid_11761,1,True,False,11761
11764,asid_11764,1,True,False,11764
11767,asid_11767,1,True,False,11767
11769,asid_9746,2,False,True,9746
11771,asid_11771,1,True,False,11771
11776,asid_20734,2,True,False,11776
11781,asid_11781,1,True,False,11781
11783,asid_11783,4,False,False,11783
11786,asid_11786,1,True,False,11786
11787,asid_11787,1,True,False,11787
11789,asid_8661,2,False,False,11789
11791,asid_11791,1,True,False,11791
11795,asid_74,32,False,False,11795
11796,asid_6140,2,False,False,11796
11798,asid_11798,1,True,False,11798
11800,asid_11800,1,True,False,11800
11804,asid_9994,2,False,False,11804
11805,asid_2144,3,False,False,11805
11807,asid_11807,1,True,False,11807
11808,asid_11808,3,True,False,11808
11811,asid_11811,1,True,False,11811
11813,asid_916,2,False,False,11813
11816,asid_11816,2,False,False,11816
11819,asid_11819,2,False,False,11819
11820,asid_6761,2,False,False,11820
11822,asid_11822,1,True,False,11822
11823,asid_11823,1,True,False,11823
11824,asid_462,10,False,False,11824
11825,asid_11825,1,True,False,11825
11829,asid_11003,2,False,True,11003
11831,asid_3276,2,False,False,11831
11832,asid_11832,1,True,False,11832
11834,asid_62,13,False,True,62
11835,asid_11835,1,True,False,11835
11837,asid_11837,1,True,False,11837
11838,asid_11838,1,True,False,11838
11840,asid_14075,4,True,False,11840
11841,asid_11841,1,True,False,11841
11843,asid_11843,1,True,False,11843
11845,asid_45690,2,True,True,45690
11846,asid_10314,3,False,False,11846
11848,asid_11848,1,True,False,11848
11851,asid_11851,1,True,False,11851
11853,asid_728,4,False,False,11853
11855,asid_11855,1,True,False,11855
11856,asid_1613,3,False,True,1613
11859,asid_11859,1,True,False,11859
11863,asid_11863,1,True,False,11863
11865,asid_11865,1,True,False,11865
11867,asid_11867,1,True,False,11867
11870,asid_11870,2,False,False,11870
11871,asid_11871,1,True,False,11871
11873,asid_11873,1,True,False,11873
11874,asid_11874,1,True,False,11874
11875,asid_1790,2,False,True,1790
11876,asid_11876,1,True,False,11876
11881,asid_11881,1,True,False,11881
11884,asid_11884,3,False,False,11884
11885,asid_11885,1,True,False,11885
11887,asid_3577,4,True,True,3577
11888,asid_11888,1,True,False,11888
11892,asid_918,7,False,False,11892
11893,asid_2284,3,False,False,11893
11896,asid_11896,1,True,False,11896
11901,asid_3039,5,False,False,11901
11906,asid_5515,3,False,False,11906
11910,asid_4493,2,False,False,11910
11911,asid_11911,1,True,False,11911
11914,asid_11914,1,True,False,11914
11915,asid_545,6,False,True,545
11916,asid_4498,2,False,True,4498
11917,asid_18203,4,False,True,18203
11919,asid_11919,1,True,False,11919
11921,asid_11921,4,False,False,11921
11926,asid_11926,1,True,False,11926
11929,asid_11929,3,False,False,11929
11930,asid_11930,1,True,False,11930
11934,asid_11934,1,True,False,11934
11936,asid_11936,4,False,False,11936
11941,asid_11941,2,True,False,11941
11943,asid_11943,3,True,False,11943
11944,asid_1890,4,False,False,11944
11945,asid_558,7,False,False,11945
11956,asid_2248,2,True,False,11956
11957,asid_6547,5,False,True,6547
11958,asid_46052,2,True,True,46052
11967,asid_11967,1,True,False,11967
11968,asid_11968,1,True,False,11968
11970,asid_11970,2,False,False,11970
11971,asid_11971,2,True,False,11971
11973,asid_11973,1,True,False,11973
11974,asid_4147,2,False,False,11974
11975,asid_11036,2,False,False,11975
11976,asid_8522,2,False,False,11976
11979,asid_10262,8,True,True,10262
11980,asid_11980,1,True,False,11980
11984,asid_11984,1,True,False,11984
11985,asid_22366,3,False,False,11985
11986,asid_11986,1,True,False,11986
11990,asid_9001,2,True,False,11990
11992,asid_35561,2,True,False,11992
11993,asid_4368,2,False,False,11993
11994,asid_11994,1,True,False,11994
11998,asid_11998,1,True,False,11998
11999,asid_11999,1,True,False,11999
12001,asid_12001,1,True,False,12001
12005,asid_12005,1,True,False,12005
12007,asid_12007,1,True,False,12007
12010,asid_12010,3,False,False,12010
12012,asid_12012,1,True,False,12012
12013,asid_12013,1,True,False,12013
12014,asid_12014,1,True,False,12014
12015,asid_12015,1,True,False,12015
12019,asid_12019,1,True,False,12019
12022,asid_3239,2,False,False,12022
12026,asid_28126,2,False,True,28126
12031,asid_12031,3,True,False,12031
12037,asid_93,6,False,False,12037
12040,asid_12040,1,True,False,12040
12041,asid_12041,1,True,False,12041
12047,asid_12047,1,True,False,12047
12053,asid_12053,1,True,False,12053
12054,asid_12054,1,True,False,12054
12055,asid_12055,1,True,False,12055
12056,asid_226,5,False,False,12056
12057,asid_12057,1,True,False,12057
12059,asid_93,6,False,False,12059
12060,asid_12060,1,True,False,12060
12063,asid_12063,1,True,False,12063
12066,asid_12066,1,True,False,12066
12067,asid_12067,1,True,False,12067
12069,asid_12069,1,True,False,12069
12071,asid_12071,1,True,False,12071
12072,asid_12072,1,True,False,12072
12077,asid_12077,1,True,False,12077
12078,asid_12078,1,True,False,12078
12079,asid_12079,1,True,False,12079
12083,asid_40194,6,False,False,12083
12084,asid_12084,1,True,False,12084
12089,asid_39591,1,True,False,12089
12091,asid_12091,1,True,False,12091
12095,asid_12095,1,True,False,12095
12096,asid_12096,1,True,False,12096
12099,asid_12099,1,True,False,12099
12101,asid_12101,1,True,False,12101
12107,asid_12107,1,True,False,12107
12108,asid_12108,1,True,False,12108
12109,asid_12109,2,True,False,12109
12112,asid_3002,3,False,True,3002
12117,asid_12117,1,True,False,12117
12123,asid_4937,1,True,False,12123
12125,asid_12125,2,False,False,12125
12126,asid_2148,3,False,False,12126
12128,asid_660,7,False,False,12128
12131,asid_12131,1,True,False,12131
12136,asid_1477,6,True,True,3871
12138,asid_12138,1,True,False,12138
12139,asid_12139,1,True,False,12139
12140,asid_45461,3,True,True,29197
12141,asid_12141,1,True,False,12141
12142,asid_4,7,False,False,12142
12144,asid_4966,2,False,False,12144
12145,asid_12145,1,True,False,12145
12147,asid_12147,1,True,False,12147
12150,asid_12150,1,True,False,12150
12152,asid_12152,1,True,False,12152
12154,asid_2008,2,False,False,12154
12157,asid_28767,3,True,False,12157
12159,asid_12159,1,True,False,12159
12160,asid_12160,1,True,False,12160
12164,asid_12164,1,True,False,12164
12165,asid_12165,1,True,False,12165
12166,asid_12166,1,True,False,12166
12168,asid_12168,1,True,False,12168
12171,asid_12171,1,True,False,12171
12175,asid_3833,3,False,False,12175
12176,asid_8459,2,False,True,8459
12177,asid_12177,4,False,False,12177
12178,asid_12178,1,True,False,12178
12179,asid_12179,1,True,False,12179
12183,asid_12183,4,True,False,12183
12186,asid_12186,1,True,False,12186
12187,asid_12187,1,True,False,12187
12188,asid_12188,1,True,False,12188
12189,asid_39407,2,True,True,39407
12190,asid_12190,2,False,False,12190
12191,asid_12191,1,True,False,12191
12192,asid_12192,3,False,False,12192
12193,asid_12193,1,True,False,12193
12194,asid_12194,1,True,False,12194
12195,asid_5192,1,True,False,12195
12201,asid_12201,1,True,False,12201
12202,asid_12202,1,True,False,12202
12204,asid_12204,1,True,False,12204
12205,asid_4508,2,True,True,6450
12206,asid_331,8,False,False,12206
12208,asid_12208,1,True,False,12208
12209,asid_4713,2,False,False,12209
12212,asid_12212,1,True,False,12212
12213,asid_12213,1,True,False,12213
12215,asid_12215,3,False,False,12215
12221,asid_12221,1,True,False,12221
12228,asid_12228,1,True,False,12228
12229,asid_12229,1,True,False,12229
12232,asid_12232,1,True,False,12232
12241,asid_31624,2,False,False,12241
12242,asid_1575,3,False,False,12242
12244,asid_48126,2,True,False,12244
12246,asid_19644,6,False,False,12246
12250,asid_12250,1,True,False,12250
12251,asid_12251,2,True,False,12251
12252,asid_6904,2,False,True,6904
12253,asid_14075,4,False,False,12253
12254,asid_12254,1,True,False,12254
12264,asid_12264,1,True,False,12264
12266,asid_23225,6,False,False,12266
12268,asid_12268,1,True,False,12268
12270,asid_12270,1,True,False,12270
12271,asid_12271,1,True,False,12271
12272,asid_12272,1,True,False,12272
12275,asid_12275,3,False,False,12275
12277,asid_4685,5,False,False,12277
12279,asid_12279,1,True,False,12279
12282,asid_12282,1,True,False,12282
12284,asid_23086,3,True,True,23086
12286,asid_12286,1,True,False,12286
12287,asid_5377,3,False,False,12287
12290,asid_16922,2,False,False,12290
12293,asid_12293,1,True,False,12293
12301,asid_12301,1,True,False,12301
12302,asid_12302,1,True,False,12302
12305,asid_11185,3,False,False,12305
12306,asid_12306,1,True,False,12306
12308,asid_12308,1,True,False,12308
12311,asid_3192,3,False,False,12311
12315,asid_12315,1,True,False,12315
12319,asid_12319,2,True,False,12319
12326,asid_8157,2,False,False,12326
12329,asid_8514,3,True,True,8514
12331,asid_3827,3,False,False,12331
12338,asid_12338,1,True,False,12338
12356,asid_33245,3,False,True,33245
12360,asid_42464,4,False,True,42464
12365,asid_12365,1,True,False,12365
12369,asid_12369,1,True,False,12369
12371,asid_12371,1,True,False,12371
12372,asid_3214,3,False,False,12372
12374,asid_14066,2,True,False,12374
12378,asid_1669,4,False,False,12378
12380,asid_12380,2,True,False,12380
12384,asid_983,5,False,False,12384
12385,asid_12385,1,True,False,12385
12386,asid_18611,2,True,False,12386
12392,asid_12392,1,True,False,12392
12395,asid_12395,1,True,False,12395
12396,asid_12396,3,True,False,12396
12397,asid_12397,1,True,False,12397
12398,asid_11593,5,True,False,12398
12402,asid_12402,1,True,False,12402
12407,asid_12407,1,True,False,12407
12409,asid_12409,2,True,False,12409
12410,asid_12410,2,True,False,12410
12414,asid_12414,8,True,False,12414
12415,asid_12415,1,True,False,12415
12417,asid_5050,3,False,False,12417
12419,asid_12419,1,True,False,12419
12422,asid_12422,1,True,False,12422
12431,asid_12431,1,True,False,12431
12434,asid_12434,1,True,False,12434
12437,asid_12437,1,True,False,12437
12438,asid_12438,1,True,False,12438
12440,asid_22284,1,True,False,12440
12443,asid_12443,1,True,False,12443
12447,asid_1646,2,True,False,12447
12448,asid_1242,18,False,False,12448
12451,asid_12451,1,True,False,12451
12456,asid_2098,2,False,False,12456
12457,asid_17674,2,True,True,17674
12459,asid_12459,1,True,False,12459
12462,asid_12462,1,True,False,12462
12464,asid_40450,7,False,True,194
12465,asid_12465,1,True,False,12465
12468,asid_12468,2,True,False,12468
12473,asid_12473,1,True,False,12473
12474,asid_12474,1,True,False,12474
12475,asid_12475,1,True,False,12475
12476,asid_9431,2,False,False,12476
12477,asid_12477,1,True,False,12477
12478,asid_12722,2,False,False,12478
12479,asid_12479,1,True,False,12479
12480,asid_14618,11,False,False,12480
12486,asid_12486,2,True,False,12486
12487,asid_8190,3,False,False,12487
12490,asid_12490,1,True,False,12490
12497,asid_5465,3,False,False,12497
12498,asid_12498,1,True,False,12498
12499,asid_1085,4,False,True,16468
12500,asid_25009,2,False,False,12500
12503,asid_12503,3,True,False,12503
12507,asid_13711,3,False,False,12507
12512,asid_12512,1,True,False,12512
12515,asid_12515,1,True,False,12515
12517,asid_3945,2,False,False,12517
12521,asid_3244,2,False,False,12521
12522,asid_5916,3,False,False,12522
12523,asid_12523,1,True,False,12523
12526,asid_8782,2,True,True,8782
12527,asid_12527,1,True,False,12527
12530,asid_14344,3,False,True,14344
12531,asid_12531,1,True,False,12531
12534,asid_12534,2,True,False,12534
12536,asid_36685,2,True,False,12536
12537,asid_12537,1,True,False,12537
12541,asid_12541,3,False,False,12541
12542,asid_11580,2,False,False,12542
12543,asid_12543,1,True,False,12543
12545,asid_12545,1,True,False,12545
12547,asid_12547,1,True,False,12547
12552,asid_12552,1,True,False,12552
12554,asid_12554,1,True,False,12554
12555,asid_14006,6,False,True,14006
12557,asid_12557,2,True,False,12557
12559,asid_12559,1,True,False,12559
12560,asid_13162,2,False,True,13162
12561,asid_12561,1,True,False,12561
12563,asid_14787,3,True,False,12563
12565,asid_12565,1,True,False,12565
12566,asid_12566,1,True,False,12566
12569,asid_12569,1,True,False,12569
12570,asid_12570,1,True,False,12570
12571,asid_12571,4,False,False,12571
12572,asid_12572,1,True,False,12572
12575,asid_12575,2,True,False,12575
12579,asid_12579,1,True,False,12579
12580,asid_12580,1,True,False,12580
12581,asid_1854,3,False,False,12581
12582,asid_12582,1,True,False,12582
12583,asid_12583,1,True,False,12583
12584,asid_12584,4,False,False,12584
12585,asid_12585,1,True,False,12585
12589,asid_12589,1,True,False,12589
12590,asid_12590,1,True,False,12590
12591,asid_12591,1,True,False,12591
12593,asid_12593,1,True,False,12593
12595,asid_651,15,False,False,12595
12597,asid_12597,1,True,False,12597
12601,asid_12601,1,True,False,12601
12602,asid_12602,1,True,False,12602
12604,asid_12604,2,True,False,12604
12608,asid_8927,5,False,False,12608
12610,asid_12610,2,False,False,12610
12613,asid_12613,1,True,False,12613
12615,asid_12615,1,True,False,12615
12616,asid_12616,2,False,False,12616
12617,asid_12617,1,True,False,12617
12618,asid_12618,1,True,False,12618
12619,asid_4653,4,False,True,4653
12623,asid_12623,1,True,False,12623
12624,asid_12624,1,True,False,12624
12625,asid_10824,3,False,False,12625
12628,asid_651,15,False,True,323
12631,asid_12631,1,True,False,12631
12632,asid_12632,1,True,False,12632
12633,asid_651,15,False,False,12633
12636,asid_3561,2,False,False,12636
12637,asid_15710,2,True,True,15710
12639,asid_12639,1,True,False,12639
12640,asid_12640,1,True,False,12640
12643,asid_553,19,False,False,12643
12648,asid_12648,2,True,False,12648
12649,asid_12649,1,True,False,12649
12650,asid_164,3,False,False,12650
12651,asid_12610,2,True,False,12651
12656,asid_4018,2,False,False,12656
12657,asid_4433,2,False,False,12657
12662,asid_4198,3,True,True,4198
12663,asid_12663,1,True,False,12663
12667,asid_12667,1,True,False,12667
12668,asid_12668,5,True,False,12668
12669,asid_12669,1,True,False,12669
12671,asid_12671,5,False,False,12671
12672,asid_5669,5,False,True,5669
12673,asid_12673,1,True,False,12673
12676,asid_12676,3,False,False,12676
12677,asid_12677,1,True,False,12677
12683,asid_12683,4,False,False,12683
12688,asid_12688,1,True,False,12688
12689,asid_12689,2,False,False,12689
12692,asid_6054,2,False,False,12692
12695,asid_5372,2,False,False,12695
12696,asid_12696,1,True,False,12696
12699,asid_12699,1,True,False,12699
12701,asid_5899,2,False,False,12701
12702,asid_2718,6,False,False,12702
12711,asid_16806,5,False,True,16806
12712,asid_6340,3,False,False,12712
12715,asid_12715,2,False,False,12715
12719,asid_12719,1,True,False,12719
12720,asid_542,3,False,False,12720
12722,asid_12722,2,True,False,12722
12725,asid_10376,3,False,False,12725
12727,asid_12727,1,True,False,12727
12729,asid_6120,9,False,False,12729
12731,asid_5445,3,True,True,5445
12735,asid_6378,3,False,False,12735
12737,asid_14141,1,True,False,12737
12738,asid_12738,1,True,False,12738
12740,asid_29010,4,True,False,12740
12742,asid_1221,5,False,False,12742
12744,asid_72,9,False,False,12744
12745,asid_6701,2,False,False,12745
12748,asid_12748,1,True,False,12748
12749,asid_12749,2,True,False,12749
12752,asid_12752,1,True,False,12752
12754,asid_14882,6,False,False,12754
12759,asid_39155,5,True,True,29156
12764,asid_11016,4,False,False,12764
12768,asid_12768,1,True,False,12768
12769,asid_12769,1,True,False,12769
12771,asid_12771,1,True,False,12771
12772,asid_12772,1,True,False,12772
12776,asid_12776,1,True,False,12776
12779,asid_38249,2,False,True,38249
12780,asid_12780,1,True,False,12780
12781,asid_5493,2,False,True,5493
12785,asid_515,5,False,False,12785
12786,asid_23871,2,False,False,12786
12792,asid_4375,2,False,False,12792
12793,asid_5436,2,False,False,12793
12794,asid_16790,3,False,False,12794
12796,asid_7056,2,True,True,7056
12798,asid_3256,2,True,False,12798
12799,asid_12799,1,True,False,12799
12801,asid_12801,2,False,False,12801
12803,asid_14258,2,True,False,12803
12807,asid_12807,2,True,False,12807
12808,asid_12808,1,True,False,12808
12810,asid_12810,1,True,False,12810
12813,asid_12813,1,True,False,12813
12815,asid_12815,1,True,False,12815
12816,asid_12816,1,True,False,12816
12817,asid_8115,3,False,False,12817
12818,asid_12818,4,False,False,12818
12819,asid_3481,3,False,False,12819
12823,asid_12823,1,True,False,12823
12826,asid_12826,2,False,False,12826
12827,asid_2027,3,False,False,12827
12828,asid_12828,1,True,False,12828
12832,asid_1174,6,False,False,12832
12835,asid_12835,1,True,False,12835
12836,asid_13974,2,True,False,12836
12837,asid_12837,1,True,False,12837
12839,asid_12839,1,True,False,12839
12841,asid_12841,1,True,False,12841
12843,asid_12843,1,True,False,12843
12844,asid_12844,2,False,False,12844
12845,asid_14822,3,True,False,12845
12846,asid_12846,1,True,False,12846
12848,asid_12848,1,True,False,12848
12853,asid_12853,5,True,False,12853
12855,asid_1248,4,False,False,12855
12858,asid_41465,2,False,True,41465
12866,asid_12866,1,True,False,12866
12867,asid_12867,1,True,False,12867
12870,asid_5058,5,False,False,12870
12875,asid_12875,1,True,False,12875
12876,asid_12876,3,False,False,12876
12878,asid_9616,3,False,True,9616
12883,asid_12883,1,True,False,12883
12886,asid_12886,1,True,False,12886
12887,asid_12887,1,True,False,12887
12890,asid_9890,2,False,False,12890
12891,asid_12891,1,True,False,12891
12893,asid_12893,1,True,False,12893
12896,asid_3060,4,False,True,3060
12897,asid_12897,1,True,False,12897
12898,asid_6463,3,False,False,12898
12900,asid_12900,1,True,False,12900
12901,asid_12901,1,True,False,12901
12903,asid_12903,4,False,False,12903
12905,asid_12905,1,True,False,12905
12907,asid_12907,1,True,False,12907
12908,asid_1156,2,False,False,12908
12909,asid_12909,1,True,False,12909
12910,asid_19644,6,False,False,12910
12913,asid_12913,1,True,False,12913
12914,asid_12914,2,True,False,12914
12915,asid_12915,1,True,False,12915
12916,asid_12916,3,False,False,12916
12923,asid_12923,1,True,False,12923
12927,asid_2868,2,False,False,12927
12929,asid_12929,1,True,False,12929
12933,asid_4560,2,False,True,4560
12934,asid_12934,2,True,False,12934
12943,asid_4660,2,False,False,12943
12950,asid_12950,1,True,False,12950
12952,asid_12952,1,True,False,12952
12953,asid_2789,3,False,True,2789
12954,asid_12954,1,True,False,12954
12955,asid_12955,2,True,False,12955
12957,asid_3422,1,True,False,12957
12960,asid_10379,3,False,False,12960
12963,asid_28725,7,False,True,1099
12964,asid_12964,2,True,False,12964
12966,asid_12966,1,True,False,12966
12967,asid_12967,1,True,False,12967
12969,asid_7731,3,False,False,12969
12971,asid_12971,1,True,False,12971
12975,asid_12975,1,True,False,12975
12982,asid_12982,1,True,False,12982
12983,asid_23429,4,True,False,12983
12986,asid_1689,7,False,False,12986
12987,asid_12987,2,True,False,12987
12989,asid_12989,1,True,False,12989
12993,asid_516,4,False,False,12993
12995,asid_12995,1,True,False,12995
12997,asid_12997,1,True,False,12997
13002,asid_13002,1,True,False,13002
13003,asid_13003,2,True,False,13003
13005,asid_13005,1,True,False,13005
13006,asid_13006,1,True,False,13006
13009,asid_13009,1,True,False,13009
13010,asid_15529,2,True,False,13010
13011,asid_11364,5,True,True,15638
13015,asid_13015,1,True,False,13015
13017,asid_240,15,False,False,13017
13019,asid_13019,1,True,False,13019
13022,asid_13022,1,True,False,13022
13023,asid_5317,3,False,False,13023
13026,asid_13026,1,True,False,13026
13032,asid_13032,1,True,False,13032
13036,asid_13036,2,True,False,13036
13039,asid_13039,2,True,False,13039
13040,asid_13040,1,True,False,13040
13043,asid_13043,1,True,False,13043
13046,asid_9766,3,True,False,13046
13047,asid_13047,1,True,False,13047
13049,asid_13049,2,False,False,13049
13050,asid_13050,1,True,False,13050
13051,asid_13051,1,True,False,13051
13053,asid_817,6,False,False,13053
13059,asid_13059,1,True,False,13059
13061,asid_13061,1,True,False,13061
13062,asid_13062,1,True,False,13062
13069,asid_27330,2,True,False,13069
13070,asid_13070,1,True,False,13070
13074,asid_13074,1,True,False,13074
13077,asid_866,3,False,False,13077
13090,asid_13090,1,True,False,13090
13093,asid_19644,6,False,False,13093
13098,asid_7653,2,False,False,13098
13100,asid_13100,1,True,False,13100
13101,asid_13101,1,True,False,13101
13102,asid_13102,1,True,False,13102
13104,asid_13104,5,False,False,13104
13106,asid_13106,1,True,False,13106
13109,asid_10011,1,True,False,13109
13114,asid_1477,6,False,False,13114
13118,asid_13118,2,False,False,13118
13121,asid_13121,1,True,False,13121
13123,asid_13123,1,True,False,13123
13125,asid_31363,3,True,True,16508
13126,asid_13126,4,False,False,13126
13128,asid_8115,3,True,True,8115
13129,asid_13129,2,True,False,13129
13133,asid_1762,2,False,False,13133
13135,asid_13135,1,True,False,13135
13136,asid_13136,1,True,False,13136
13139,asid_13139,1,True,False,13139
13140,asid_13140,1,True,False,13140
13144,asid_13144,1,True,False,13144
13146,asid_3709,4,False,False,13146
13147,asid_26574,2,True,True,26574
13148,asid_13148,1,True,False,13148
13152,asid_3122,3,False,True,3122
13153,asid_13153,1,True,False,13153
13156,asid_20057,6,False,False,13156
13159,asid_3254,4,False,False,13159
13162,asid_13162,2,True,False,13162
13163,asid_660,7,False,False,13163
13166,asid_13166,1,True,False,13166
13168,asid_13168,1,True,False,13168
13171,asid_13171,1,True,False,13171
13172,asid_13172,1,True,False,13172
13174,asid_13174,1,True,False,13174
13175,asid_13175,1,True,False,13175
13176,asid_13176,1,True,False,13176
13180,asid_13180,1,True,False,13180
13181,asid_13181,2,False,False,13181
13185,asid_13185,1,True,False,13185
13189,asid_13189,2,True,False,13189
13191,asid_203,10,False,True,190
13192,asid_977,9,False,False,13192
13196,asid_13196,1,True,False,13196
13197,asid_13197,1,True,False,13197
13198,asid_2445,1,True,False,13198
13200,asid_13200,2,True,False,13200
13201,asid_522,8,False,True,522
13202,asid_3950,5,False,False,13202
13203,asid_18855,3,True,True,18855
13208,asid_521,4,False,False,13208
13210,asid_13210,1,True,False,13210
13211,asid_13211,1,True,False,13211
13215,asid_559,2,True,False,13215
13219,asid_13219,1,True,False,13219
13223,asid_13223,1,True,False,13223
13226,asid_13226,4,False,False,13226
13231,asid_13231,1,True,False,13231
13233,asid_13233,1,True,False,13233
13235,asid_5136,3,False,False,13235
13236,asid_15152,2,True,False,13236
13239,asid_13239,2,False,False,13239
13242,asid_13242,1,True,False,13242
13246,asid_13246,1,True,False,13246
13248,asid_27453,5,False,True,27453
13249,asid_13249,1,True,False,13249
13250,asid_13250,1,True,False,13250
13251,asid_13251,1,True,False,13251
13255,asid_13255,1,True,False,13255
13256,asid_13256,1,True,False,13256
13257,asid_13257,1,True,False,13257
13259,asid_13259,1,True,False,13259
13260,asid_33012,2,True,False,13260
13261,asid_13261,1,True,False,13261
13263,asid_13263,1,True,False,13263
13264,asid_13264,1,True,False,13264
13266,asid_1322,5,False,False,13266
13272,asid_13272,1,True,False,13272
13276,asid_13276,1,True,False,13276
13278,asid_13278,1,True,False,13278
13284,asid_13284,1,True,False,13284
13287,asid_13287,1,True,False,13287
13296,asid_13296,1,True,False,13296
13298,asid_13298,1,True,False,13298
13301,asid_4089,3,False,False,13301
13302,asid_5342,2,False,False,13302
13304,asid_13304,1,True,False,13304
13312,asid_13312,1,True,False,13312
13313,asid_13313,1,True,False,13313
13318,asid_111,11,False,False,13318
13320,asid_117,8,False,False,13320
13321,asid_13321,1,True,False,13321
13322,asid_235,20,False,False,13322
13328,asid_13328,1,True,False,13328
13332,asid_13332,1,True,False,13332
13333,asid_13333,1,True,False,13333
13339,asid_4730,2,False,False,13339
13344,asid_13344,1,True,False,13344
13348,asid_11745,4,False,True,11745
13355,asid_13355,1,True,False,13355
13359,asid_1224,12,False,False,13359
13367,asid_13367,1,True,False,13367
13369,asid_13369,2,True,False,13369
13373,asid_13373,1,True,False,13373
13374,asid_13374,1,True,False,13374
13381,asid_13381,1,True,False,13381
13386,asid_13386,1,True,False,13386
13388,asid_39155,5,False,False,13388
13395,asid_13395,2,True,False,13395
13396,asid_231,8,True,True,465
13397,asid_13397,1,True,False,13397
13405,asid_10735,3,False,False,13405
13416,asid_13416,1,True,False,13416
13419,asid_13419,1,True,False,13419
13421,asid_5427,2,False,False,13421
13422,asid_13422,1,True,False,13422
13425,asid_13425,1,True,False,13425
13429,asid_13429,1,True,False,13429
13431,asid_13431,1,True,False,13431
13432,asid_13432,1,True,False,13432
13434,asid_13626,1,True,False,13434
13437,asid_4836,3,False,False,13437
13438,asid_13438,3,False,False,13438
13440,asid_69,6,False,True,13758
13441,asid_1098,3,False,False,13441
13442,asid_13442,2,True,False,13442
13444,asid_13444,1,True,False,13444
13446,asid_13446,1,True,False,13446
13448,asid_26084,2,False,False,13448
13449,asid_1347,10,False,False,13449
13450,asid_13450,1,True,False,13450
13453,asid_13453,2,True,False,13453
13454,asid_1595,4,False,False,13454
13455,asid_13455,1,True,False,13455
13457,asid_13457,2,False,False,13457
13458,asid_13458,1,True,False,13458
13459,asid_13459,1,True,False,13459
13462,asid_23113,2,False,False,13462
13463,asid_13463,1,True,False,13463
13467,asid_13467,2,True,False,13467
13470,asid_13470,2,True,False,13470
13472,asid_13472,1,True,False,13472
13473,asid_6991,6,False,False,13473
13474,asid_2902,2,False,False,13474
13475,asid_13475,1,True,False,13475
13478,asid_19283,4,True,True,19283
13485,asid_13485,1,True,False,13485
13488,asid_7177,2,False,False,13488
13489,asid_13489,1,True,False,13489
13492,asid_3277,2,False,False,13492
13494,asid_13494,4,False,False,13494
13497,asid_13497,1,True,False,13497
13498,asid_13498,2,True,False,13498
13499,asid_13499,2,False,False,13499
13503,asid_4003,3,False,True,4003
13508,asid_2126,7,False,False,13508
13516,asid_8973,2,False,False,13516
13519,asid_7824,10,False,False,13519
13522,asid_13522,1,True,False,13522
13527,asid_13527,1,True,False,13527
13528,asid_203,10,False,False,13528
13529,asid_13529,1,True,False,13529
13534,asid_13534,2,False,False,13534
13535,asid_13535,1,True,False,13535
13538,asid_5904,2,True,False,13538
13542,asid_13542,1,True,False,13542
13544,asid_3523,2,False,True,3523
13550,asid_13550,1,True,False,13550
13553,asid_13553,1,True,False,13553
13559,asid_13559,1,True,False,13559
13560,asid_11921,4,False,False,13560
13562,asid_13562,1,True,False,13562
13563,asid_3769,3,False,False,13563
13568,asid_13568,1,True,False,13568
13569,asid_34559,3,False,False,13569
13572,asid_13572,1,True,False,13572
13574,asid_13574,1,True,False,13574
13575,asid_5360,5,False,True,5360
13576,asid_13576,1,True,False,13576
13577,asid_13577,1,True,False,13577
13578,asid_13578,1,True,False,13578
13579,asid_13579,1,True,False,13579
13580,asid_13580,1,True,False,13580
13582,asid_2651,2,False,False,13582
13585,asid_27,3,True,False,13585
13586,asid_11563,11,False,True,2105
13589,asid_4661,4,False,True,4661
13597,asid_13597,1,True,False,13597
13600,asid_13600,2,False,False,13600
13601,asid_8424,2,False,False,13601
13603,asid_13603,1,True,False,13603
13604,asid_13604,1,True,False,13604
13611,asid_13611,2,True,False,13611
13614,asid_13614,1,True,False,13614
13617,asid_14446,2,False,False,13617
13618,asid_12807,2,False,False,13618
13620,asid_13620,1,True,False,13620
13621,asid_13621,2,True,False,13621
13624,asid_13624,5,False,False,13624
13625,asid_13625,2,False,False,13625
13629,asid_522,8,False,False,13629
13630,asid_8449,1,True,False,13630
13631,asid_13631,1,True,False,13631
13634,asid_13634,1,True,False,13634
13643,asid_13643,1,True,False,13643
13648,asid_3365,4,True,True,3365
13649,asid_13649,1,True,False,13649
13651,asid_13651,1,True,False,13651
13652,asid_10635,3,True,True,10635
13653,asid_13653,1,True,False,13653
13656,asid_29695,4,True,False,13656
13657,asid_13657,1,True,False,13657
13661,asid_3254,4,False,False,13661
13662,asid_13662,2,True,False,13662
13664,asid_13664,2,False,False,13664
13665,asid_13665,1,True,False,13665
13671,asid_8774,6,False,False,13671
13673,asid_13673,1,True,False,13673
13675,asid_13675,1,True,False,13675
13678,asid_13678,1,True,False,13678
13679,asid_13679,2,True,False,13679
13680,asid_13994,2,False,False,13680
13683,asid_13683,1,True,False,13683
13686,asid_13686,2,False,False,13686
13687,asid_13687,4,True,False,13687
13688,asid_13688,1,True,False,13688
13691,asid_3407,4,True,False,13691
13695,asid_13695,2,True,False,13695
13697,asid_13697,1,True,False,13697
13705,asid_13705,1,True,False,13705
13706,asid_14,9,False,False,13706
13708,asid_34523,2,True,False,13708
13709,asid_13709,2,True,False,13709
13710,asid_13710,5,False,False,13710
13711,asid_13711,3,False,False,13711
13712,asid_13712,1,True,False,13712
13713,asid_13713,1,True,False,13713
13714,asid_13714,1,True,False,13714
13715,asid_13715,2,True,False,13715
13716,asid_4358,2,False,False,13716
13722,asid_13722,1,True,False,13722
13724,asid_13724,1,True,False,13724
13727,asid_13727,1,True,False,13727
13729,asid_13729,1,True,False,13729
13731,asid_20137,3,True,True,20137
13734,asid_13734,2,True,False,13734
13737,asid_2682,6,False,False,13737
13738,asid_13738,1,True,False,13738
13740,asid_13740,1,True,False,13740
13742,asid_13742,1,True,False,13742
13744,asid_235,20,False,True,1189
13745,asid_6050,2,False,False,13745
13746,asid_13746,1,True,False,13746
13749,asid_13624,5,False,True,13624
13755,asid_12288,6,False,True,3345
13756,asid_13756,1,True,False,13756
13758,asid_69,6,False,False,13758
13759,asid_13759,2,True,False,13759
13760,asid_13760,1,True,False,13760
13763,asid_5885,3,False,True,5885
13764,asid_13764,2,True,False,13764
13767,asid_596,8,False,False,13767
13768,asid_13768,1,True,False,13768
13779,asid_13779,2,False,False,13779
13781,asid_2126,7,True,True,10621
13785,asid_13785,2,False,False,13785
13786,asid_13786,2,True,False,13786
13798,asid_4663,2,False,False,13798
13800,asid_13800,1,True,False,13800
13802,asid_7167,3,False,False,13802
13805,asid_27233,2,True,True,27233
13808,asid_13808,1,True,False,13808
13810,asid_13810,1,True,False,13810
13812,asid_13812,1,True,False,13812
13813,asid_13813,1,True,False,13813
13817,asid_37681,4,False,False,13817
13823,asid_240,15,False,False,13823
13824,asid_4632,2,True,False,13824
13828,asid_13828,1,True,False,13828
13829,asid_5669,5,False,False,13829
13830,asid_13830,1,True,False,13830
13831,asid_13831,1,True,False,13831
13832,asid_13832,1,True,False,13832
13834,asid_1356,7,False,False,13834
13841,asid_13841,1,True,False,13841
13843,asid_13189,2,False,False,13843
13845,asid_2378,8,False,True,2378
13847,asid_13847,1,True,False,13847
13848,asid_13848,19,False,False,13848
13850,asid_6611,5,False,False,13850
13854,asid_13854,1,True,False,13854
13856,asid_918,7,False,False,13856
13862,asid_7521,2,False,False,13862
13864,asid_13864,1,True,False,13864
13866,asid_13866,1,True,False,13866
13867,asid_13867,1,True,False,13867
13869,asid_13869,1,True,False,13869
13870,asid_13870,4,True,False,13870
13873,asid_13873,2,True,False,13873
13877,asid_13877,1,True,False,13877
13880,asid_13880,2,True,False,13880
13883,asid_11745,4,False,True,11745
13884,asid_13884,1,True,False,13884
13888,asid_13888,1,True,False,13888
13890,asid_18891,3,False,False,13890
13892,asid_13892,3,False,False,13892
13893,asid_13893,1,True,False,13893
13897,asid_10891,5,False,False,13897
13899,asid_1040,2,False,False,13899
13900,asid_13900,1,True,False,13900
13901,asid_13901,1,True,False,13901
13903,asid_13903,1,True,False,13903
13907,asid_76,15,False,False,13907
13908,asid_13908,1,True,False,13908
13916,asid_13916,1,True,False,13916
13917,asid_13917,1,True,False,13917
13918,asid_11295,2,False,False,13918
13919,asid_1553,6,False,False,13919
13920,asid_13920,1,True,False,13920
13926,asid_32581,5,False,False,13926
13930,asid_18376,3,True,False,13930
13932,asid_13932,1,True,False,13932
13945,asid_13945,1,True,False,13945
13949,asid_13949,1,True,False,13949
13950,asid_20890,3,False,False,13950
13953,asid_13953,1,True,False,13953
13954,asid_4598,3,False,False,13954
13956,asid_292,7,False,False,13956
13960,asid_13960,2,True,False,13960
13963,asid_3003,5,False,True,3003
13968,asid_13968,1,True,False,13968
13971,asid_13971,1,True,False,13971
13972,asid_13972,1,True,False,13972
13974,asid_13974,2,False,False,13974
13975,asid_12319,2,False,False,13975
13978,asid_13978,1,True,False,13978
13982,asid_7348,2,False,False,13982
13983,asid_13983,1,True,False,13983
13984,asid_13984,2,True,False,13984
13985,asid_46427,8,False,True,46427
13990,asid_13990,1,True,False,13990
13991,asid_13991,2,False,False,13991
13994,asid_13994,2,True,False,13994
13996,asid_13996,1,True,False,13996
13998,asid_2758,4,False,False,13998
13999,asid_13999,1,True,False,13999
14006,asid_14006,6,False,False,14006
14007,asid_14007,1,True,False,14007
14008,asid_35860,3,True,True,35860
14009,asid_14009,1,True,False,14009
14016,asid_16404,3,True,False,14016
14021,asid_14021,1,True,False,14021
14022,asid_14022,1,True,False,14022
14024,asid_16487,5,False,False,14024
14025,asid_14025,1,True,False,14025
14026,asid_14026,1,True,False,14026
14029,asid_14029,1,True,False,14029
14033,asid_15212,9,False,True,15212
14034,asid_14034,1,True,False,14034
14035,asid_8928,2,False,False,14035
14036,asid_30398,4,False,False,14036
14038,asid_14038,1,True,False,14038
14039,asid_8225,2,False,False,14039
14040,asid_14040,1,True,False,14040
14041,asid_14041,1,True,False,14041
14042,asid_1229,3,False,False,14042
14043,asid_14043,1,True,False,14043
14050,asid_14050,1,True,False,14050
14053,asid_14053,1,True,False,14053
14058,asid_6800,17,False,False,14058
14060,asid_14060,1,True,False,14060
14061,asid_14061,1,True,False,14061
14064,asid_14064,1,True,False,14064
14065,asid_8117,3,True,False,14065
14066,asid_14066,2,False,False,14066
14067,asid_14067,2,True,False,14067
14069,asid_14069,2,True,False,14069
14070,asid_14070,1,True,False,14070
14073,asid_14073,1,True,False,14073
14075,asid_14075,4,False,False,14075
14076,asid_14076,1,True,False,14076
14077,asid_14077,1,True,False,14077
14078,asid_14078,1,True,False,14078
14079,asid_6844,2,False,False,14079
14082,asid_14082,1,True,False,14082
14089,asid_14089,2,True,False,14089
14090,asid_1069,7,False,True,1069
14092,asid_13395,2,False,False,14092
14095,asid_14095,2,True,False,14095
14100,asid_14100,1,True,False,14100
14106,asid_14106,1,True,False,14106
14112,asid_14112,1,True,False,14112
14117,asid_14117,2,False,False,14117
14119,asid_15070,3,True,True,15070
14120,asid_22109,2,True,True,22109
14121,asid_14121,1,True,False,14121
14122,asid_14122,2,True,False,14122
14123,asid_9718,3,False,False,14123
14124,asid_6797,3,False,True,6797
14125,asid_14125,1,True,False,14125
14126,asid_14126,1,True,False,14126
14132,asid_14132,2,True,False,14132
14133,asid_2587,2,False,False,14133
14135,asid_14135,1,True,False,14135
14138,asid_976,3,False,False,14138
14145,asid_435,3,False,False,14145
14148,asid_14148,3,False,False,14148
14151,asid_14151,1,True,False,14151
14153,asid_8875,3,False,False,14153
14155,asid_6103,2,False,False,14155
14159,asid_14159,1,True,False,14159
14160,asid_7085,2,False,False,14160
14165,asid_15608,1,True,False,14165
14169,asid_14169,1,True,False,14169
14175,asid_14175,1,True,False,14175
14176,asid_14176,2,True,False,14176
14177,asid_14177,1,True,False,14177
14178,asid_14178,1,True,False,14178
14186,asid_14186,1,True,False,14186
14187,asid_14187,1,True,False,14187
14188,asid_14188,1,True,False,14188
14189,asid_26283,2,True,True,26283
14192,asid_5465,3,False,False,14192
14193,asid_14193,2,True,False,14193
14194,asid_14194,1,True,False,14194
14197,asid_38897,2,False,False,14197
14199,asid_14199,2,False,False,14199
14201,asid_3587,2,False,False,14201
14202,asid_14202,1,True,False,14202
14207,asid_14207,3,False,False,14207
14209,asid_14209,1,True,False,14209
14211,asid_14211,1,True,False,14211
14213,asid_14213,1,True,False,14213
14215,asid_2787,3,False,False,14215
14219,asid_12414,8,False,True,12414
14222,asid_14222,4,False,False,14222
14223,asid_14223,1,True,False,14223
14227,asid_14227,1,True,False,14227
14240,asid_14240,1,True,False,14240
14241,asid_14241,1,True,False,14241
14242,asid_2139,4,False,False,14242
14247,asid_11016,4,False,False,14247
14257,asid_14257,1,True,False,14257
14258,asid_14258,2,False,False,14258
14260,asid_14260,1,True,False,14260
14265,asid_29657,1,True,False,14265
14266,asid_240,15,False,True,3931
14271,asid_1276,2,False,False,14271
14275,asid_4219,3,True,False,14275
14277,asid_4166,1,True,False,14277
14283,asid_47487,4,False,False,14283
14290,asid_14290,1,True,False,14290
14291,asid_14291,1,True,False,14291
14292,asid_14292,1,True,False,14292
14293,asid_10152,3,False,True,10152
14294,asid_14294,1,True,False,14294
14295,asid_235,20,False,True,235
14296,asid_2579,3,True,False,14296
14299,asid_14299,1,True,False,14299
14310,asid_14310,1,True,False,14310
14312,asid_14312,1,True,False,14312
14315,asid_5470,2,False,False,14315
14319,asid_21492,1,True,False,14319
14326,asid_14326,1,True,False,14326
14333,asid_11364,5,False,False,14333
14334,asid_14334,1,True,False,14334
14339,asid_14,9,False,False,14339
14341,asid_14341,1,True,False,14341
14343,asid_14343,1,True,False,14343
14344,asid_14344,3,True,False,14344
14345,asid_2036,4,False,False,14345
14346,asid_14346,1,True,False,14346
14347,asid_14347,2,False,False,14347
14350,asid_37848,1,True,False,14350
14357,asid_10103,2,False,False,14357
14358,asid_14358,1,True,False,14358
14359,asid_14359,1,True,False,14359
14362,asid_14362,1,True,False,14362
14365,asid_14365,1,True,False,14365
14367,asid_22979,2,False,True,22979
14368,asid_14368,1,True,False,14368
14370,asid_14370,1,True,False,14370
14374,asid_14374,1,True,False,14374
14375,asid_14375,1,True,False,14375
14377,asid_14377,2,False,False,14377
14378,asid_7145,3,False,False,14378
14379,asid_14379,1,True,False,14379
14380,asid_14380,1,True,False,14380
14381,asid_223,9,False,True,527
14382,asid_4483,4,False,True,4483
14385,asid_7380,2,False,True,7380
14389,asid_46001,2,True,False,14389
14391,asid_14391,1,True,False,14391
14392,asid_4707,6,False,False,14392
14397,asid_15863,3,True,True,15863
14400,asid_14400,1,True,False,14400
14405,asid_14405,2,True,False,14405
14408,asid_14408,1,True,False,14408
14413,asid_14413,1,True,False,14413
14414,asid_14414,1,True,False,14414
14415,asid_15434,7,False,True,15434
14418,asid_14418,1,True,False,14418
14421,asid_14421,1,True,False,14421
14423,asid_14423,1,True,False,14423
14425,asid_2554,7,False,False,14425
14426,asid_14426,1,True,False,14426
14433,asid_14433,2,False,False,14433
14434,asid_13104,5,False,False,14434
14435,asid_32870,1,True,False,14435
14438,asid_19404,2,True,True,19404
14439,asid_14439,1,True,False,14439
14440,asid_14440,1,True,False,14440
14442,asid_14442,1,True,False,14442
14446,asid_14446,2,True,False,14446
14452,asid_10,14,False,False,14452
14453,asid_14453,1,True,False,14453
14458,asid_14458,1,True,False,14458
14465,asid_14465,1,True,False,14465
14468,asid_14468,1,True,False,14468
14470,asid_14470,1,True,False,14470
14471,asid_14471,1,True,False,14471
14474,asid_4998,4,False,False,14474
14478,asid_1899,3,False,False,14478
14485,asid_14485,1,True,False,14485
14486,asid_14486,1,True,False,14486
14488,asid_524,5,False,False,14488
14490,asid_5393,2,False,False,14490
14503,asid_6306,2,False,False,14503
14504,asid_15676,2,False,False,14504
14505,asid_14505,1,True,False,14505
14506,asid_14506,3,True,False,14506
14510,asid_23938,1,True,False,14510
14512,asid_9836,4,False,True,9836
14518,asid_23198,2,False,False,14518
14522,asid_3799,5,False,False,14522
14530,asid_5544,2,False,False,14530
14533,asid_14533,2,True,False,14533
14534,asid_7058,3,False,False,14534
14537,asid_14537,1,True,False,14537
14543,asid_14543,2,True,False,14543
14548,asid_14548,1,True,False,14548
14550,asid_14550,1,True,False,14550
14551,asid_14551,1,True,False,14551
14554,asid_14554,1,True,False,14554
14555,asid_14555,1,True,False,14555
14556,asid_14556,1,True,False,14556
14557,asid_14557,1,True,False,14557
14566,asid_14566,2,False,False,14566
14568,asid_2780,4,False,False,14568
14571,asid_14571,1,True,False,14571
14572,asid_14572,1,True,False,14572
14577,asid_14577,1,True,False,14577
14581,asid_14581,1,True,False,14581
14582,asid_14582,1,True,False,14582
14584,asid_10511,4,False,False,14584
14585,asid_232,10,False,False,14585
14586,asid_442,2,False,False,14586
14587,asid_14587,1,True,False,14587
14588,asid_9487,2,False,False,14588
14590,asid_14590,1,True,False,14590
14593,asid_14593,1,True,False,14593
14594,asid_853,8,True,True,3156
14595,asid_14595,1,True,False,14595
14596,asid_14596,1,True,False,14596
14599,asid_14599,1,True,False,14599
14606,asid_14606,1,True,False,14606
14610,asid_447,4,False,False,14610
14611,asid_14611,1,True,False,14611
14614,asid_14614,1,True,False,14614
14616,asid_14616,1,True,False,14616
14618,asid_14618,11,False,False,14618
14619,asid_14619,1,True,False,14619
14622,asid_14622,1,True,False,14622
14627,asid_74,32,False,False,14627
14628,asid_14628,1,True,False,14628
14630,asid_3506,1,True,False,14630
14631,asid_14631,2,True,False,14631
14632,asid_853,8,False,False,14632
14638,asid_16272,4,True,False,14638
14641,asid_27145,1,True,False,14641
14644,asid_14644,1,True,False,14644
14645,asid_6319,4,False,False,14645
14665,asid_14665,1,True,False,14665
14666,asid_14666,2,False,False,14666
14670,asid_14670,2,True,False,14670
14671,asid_14671,2,False,False,14671
14672,asid_64,14,False,False,14672
14674,asid_15895,2,False,False,14674
14675,asid_14675,1,True,False,14675
14680,asid_14680,1,True,False,14680
14683,asid_7369,2,False,False,14683
14684,asid_14684,1,True,False,14684
14685,asid_1307,5,True,True,1307
14686,asid_14686,1,True,False,14686
14701,asid_17185,2,False,True,17185
14703,asid_14703,1,True,False,14703
14714,asid_12190,2,True,False,14714
14716,asid_14716,2,True,False,14716
14718,asid_14718,1,True,False,14718
14725,asid_14725,2,True,False,14725
14726,asid_4438,4,False,False,14726
14728,asid_14728,1,True,False,14728
14729,asid_14729,1,True,False,14729
14734,asid_14734,1,True,False,14734
14736,asid_22366,3,False,False,14736
14737,asid_14737,1,True,False,14737
14738,asid_14738,1,True,False,14738
14740,asid_14740,1,True,False,14740
14741,asid_14741,1,True,False,14741
14746,asid_221,3,False,False,14746
14749,asid_19,8,False,False,14749
14752,asid_7587,4,False,True,7587
14758,asid_14758,1,True,False,14758
14760,asid_189,5,True,True,189
14763,asid_14763,2,True,False,14763
14766,asid_14766,1,True,False,14766
14767,asid_14767,2,False,False,14767
14771,asid_14771,1,True,False,14771
14773,asid_13226,4,False,False,14773
14775,asid_14775,1,True,False,14775
14776,asid_3857,2,False,True,3857
14777,asid_14777,1,True,False,14777
14778,asid_14778,1,True,False,14778
14781,asid_14781,3,True,False,14781
14787,asid_14787,3,False,False,14787
14788,asid_6166,3,False,True,6166
14789,asid_2139,4,True,True,14242
14791,asid_7551,2,False,False,14791
14801,asid_3962,4,False,False,14801
14806,asid_14806,1,True,False,14806
14808,asid_14808,2,True,False,14808
14811,asid_150,4,False,False,14811
14812,asid_15475,2,False,False,14812
14818,asid_14818,1,True,False,14818
14821,asid_14821,3,False,False,14821
14822,asid_14822,3,False,False,14822
14823,asid_35809,6,False,False,14823
14825,asid_26523,2,True,True,26523
14826,asid_28837,2,True,False,14826
14830,asid_317,13,False,False,14830
14831,asid_14831,2,True,False,14831
14835,asid_14835,2,True,False,14835
14836,asid_14836,1,True,False,14836
14837,asid_688,2,False,True,688
14840,asid_14840,1,True,False,14840
14841,asid_14841,1,True,False,14841
14842,asid_14842,1,True,False,14842
14850,asid_14850,1,True,False,14850
14853,asid_14853,5,True,False,14853
14861,asid_14861,1,True,False,14861
14862,asid_14862,1,True,False,14862
14866,asid_288,2,True,False,14866
14867,asid_14867,3,False,False,14867
14870,asid_14870,1,True,False,14870
14871,asid_7657,1,True,False,14871
14873,asid_4349,2,False,False,14873
14874,asid_14874,1,True,False,14874
14881,asid_14881,1,True,False,14881
14882,asid_14882,6,False,False,14882
14887,asid_14887,1,True,False,14887
14890,asid_789,4,False,True,789
14891,asid_14891,1,True,False,14891
14892,asid_11870,2,True,True,11870
14893,asid_14893,1,True,False,14893
14894,asid_14894,1,True,False,14894
14896,asid_14896,1,True,False,14896
14899,asid_4694,2,False,False,14899
14900,asid_14900,1,True,False,14900
14910,asid_10398,5,False,True,10398
14911,asid_14911,1,True,False,14911
14912,asid_14912,1,True,False,14912
14913,asid_1519,3,False,False,14913
14915,asid_14915,1,True,False,14915
14922,asid_14922,1,True,False,14922
14926,asid_14926,1,True,False,14926
14927,asid_14927,1,True,False,14927
14928,asid_14928,2,True,False,14928
14930,asid_14930,1,True,False,14930
14931,asid_1064,6,False,False,14931
14932,asid_14932,1,True,False,14932
14934,asid_14934,1,True,False,14934
14936,asid_14936,1,True,False,14936
14938,asid_979,2,False,False,14938
14940,asid_14940,1,True,False,14940
14943,asid_14943,1,True,False,14943
14947,asid_14947,1,True,False,14947
14948,asid_14948,1,True,False,14948
14951,asid_9931,2,False,False,14951
14952,asid_14952,1,True,False,14952
14955,asid_14955,1,True,False,14955
14956,asid_1624,3,False,True,1624
14961,asid_14961,1,True,False,14961
14962,asid_14962,1,True,False,14962
14966,asid_14966,2,False,False,14966
14968,asid_6338,5,False,False,14968
14970,asid_14970,1,True,False,14970
14974,asid_14974,1,True,False,14974
14978,asid_14978,2,True,False,14978
14980,asid_12192,3,True,False,14980
14983,asid_14983,1,True,False,14983
14988,asid_14988,2,True,False,14988
14989,asid_14989,3,True,False,14989
14992,asid_7785,2,True,True,7785
14993,asid_5636,6,False,False,14993
15001,asid_5360,5,False,True,5360
15005,asid_15005,1,True,False,15005
15006,asid_5626,2,False,False,15006
15007,asid_15007,1,True,False,15007
15008,asid_5643,1,True,False,15008
15010,asid_7603,2,False,False,15010
15011,asid_8068,2,False,False,15011
15013,asid_15013,2,True,False,15013
15015,asid_15015,1,True,False,15015
15017,asid_9052,3,True,True,9052
15018,asid_817,6,False,False,15018
15026,asid_5885,3,True,False,15026
15029,asid_15029,1,True,False,15029
15031,asid_7353,2,False,False,15031
15037,asid_15037,1,True,False,15037
15039,asid_15039,1,True,False,15039
15040,asid_15040,1,True,False,15040
15043,asid_10181,4,False,False,15043
15045,asid_15045,1,True,False,15045
15048,asid_4173,7,False,False,15048
15055,asid_13467,2,False,True,13467
15057,asid_15057,7,False,False,15057
15058,asid_5838,4,True,False,15058
15060,asid_15060,1,True,False,15060
15062,asid_15062,1,True,False,15062
15066,asid_15066,1,True,False,15066
15067,asid_11563,11,False,False,15067
15070,asid_15070,3,False,False,15070
15077,asid_15077,1,True,False,15077
15078,asid_15078,1,True,False,15078
15081,asid_15081,1,True,False,15081
15082,asid_15082,1,True,False,15082
15084,asid_15084,2,True,False,15084
15085,asid_15085,1,True,False,15085
15089,asid_15089,3,True,False,15089
15091,asid_15091,2,True,False,15091
15093,asid_15093,1,True,False,15093
15098,asid_15098,2,True,False,15098
15101,asid_15101,1,True,False,15101
15110,asid_15110,1,True,False,15110
15111,asid_15111,2,True,False,15111
15112,asid_15112,3,True,False,15112
15116,asid_15116,1,True,False,15116
15118,asid_5378,2,True,True,5378
15121,asid_16947,1,True,False,15121
15129,asid_15129,1,True,False,15129
15132,asid_15132,2,True,False,15132
15139,asid_15139,1,True,False,15139
15141,asid_15141,1,True,False,15141
15146,asid_10515,2,False,True,10515
15148,asid_20057,6,False,False,15148
15151,asid_15151,1,True,False,15151
15152,asid_15152,2,False,False,15152
15153,asid_22715,2,True,True,22715
15159,asid_3070,1,True,False,15159
15160,asid_6095,3,False,False,15160
15166,asid_15166,1,True,False,15166
15167,asid_15167,3,True,False,15167
15171,asid_9640,3,True,False,15171
15172,asid_15172,1,True,False,15172
15175,asid_10773,2,False,True,10773
15178,asid_15178,1,True,False,15178
15179,asid_8748,3,True,False,15179
15182,asid_15182,1,True,False,15182
15187,asid_15187,2,False,False,15187
15189,asid_15189,1,True,False,15189
15190,asid_13494,4,False,True,13494
15194,asid_15194,2,False,False,15194
15196,asid_15196,1,True,False,15196
15197,asid_15197,1,True,False,15197
15198,asid_9810,2,True,False,15198
15201,asid_317,13,False,False,15201
15202,asid_15202,1,True,False,15202
15203,asid_15203,1,True,False,15203
15206,asid_15206,1,True,False,15206
15207,asid_4346,2,False,False,15207
15209,asid_15209,2,True,False,15209
15210,asid_13226,4,False,False,15210
15211,asid_15211,1,True,False,15211
15212,asid_15212,9,False,False,15212
15213,asid_15213,1,True,False,15213
15219,asid_12668,5,False,False,15219
15227,asid_39702,2,True,False,15227
15230,asid_5199,3,False,False,15230
15234,asid_15234,1,True,False,15234
15235,asid_15235,1,True,False,15235
15237,asid_4613,4,False,False,15237
15244,asid_15244,1,True,False,15244
15249,asid_15249,1,True,False,15249
15250,asid_2884,3,False,False,15250
15252,asid_22509,2,True,True,22509
15254,asid_15254,1,True,False,15254
15256,asid_15256,4,False,False,15256
15259,asid_15259,1,True,False,15259
15268,asid_15268,1,True,False,15268
15274,asid_15274,1,True,False,15274
15276,asid_15276,1,True,False,15276
15277,asid_48962,4,True,False,15277
15281,asid_15281,1,True,False,15281
15282,asid_15282,1,True,False,15282
15284,asid_15284,2,True,False,15284
15292,asid_89,5,False,False,15292
15294,asid_15294,1,True,False,15294
15298,asid_15298,1,True,False,15298
15302,asid_15302,2,True,False,15302
15304,asid_4737,2,False,False,15304
15312,asid_15312,1,True,False,15312
15314,asid_15314,1,True,False,15314
15319,asid_15319,3,False,False,15319
15322,asid_5178,5,False,False,15322
15327,asid_15327,1,True,False,15327
15329,asid_15329,1,True,False,15329
15332,asid_15332,1,True,False,15332
15333,asid_35539,2,True,False,15333
15337,asid_15337,1,True,False,15337
15338,asid_15338,1,True,False,15338
15343,asid_15343,1,True,False,15343
15344,asid_11593,5,False,False,15344
15346,asid_15346,1,True,False,15346
15348,asid_15348,1,True,False,15348
15353,asid_15353,1,True,False,15353
15355,asid_15355,1,True,False,15355
15356,asid_15356,1,True,False,15356
15358,asid_15358,1,True,False,15358
15362,asid_2937,6,False,True,2937
15363,asid_15363,1,True,False,15363
15364,asid_9794,2,False,False,15364
15366,asid_15366,2,True,False,15366
15368,asid_15368,1,True,False,15368
15370,asid_15370,2,True,False,15370
15374,asid_15374,2,True,False,15374
15380,asid_15380,1,True,False,15380
15383,asid_15383,1,True,False,15383
15386,asid_15386,1,True,False,15386
15387,asid_15387,1,True,False,15387
15389,asid_15389,1,True,False,15389
15395,asid_15395,1,True,False,15395
15404,asid_15404,1,True,False,15404
15412,asid_15412,1,True,False,15412
15413,asid_15413,1,True,False,15413
15416,asid_15416,2,True,False,15416
15420,asid_331,8,True,True,2703
15428,asid_14122,2,False,True,14122
15429,asid_15429,1,True,False,15429
15434,asid_15434,7,False,False,15434
15435,asid_15435,2,True,False,15435
15437,asid_5020,1,True,False,15437
15441,asid_15441,1,True,False,15441
15445,asid_15445,1,True,False,15445
15448,asid_15448,1,True,False,15448
15452,asid_15452,1,True,False,15452
15454,asid_15454,1,True,False,15454
15455,asid_15455,1,True,False,15455
15456,asid_4836,3,False,True,4836
15461,asid_15461,1,True,False,15461
15462,asid_14853,5,False,True,14853
15466,asid_15466,1,True,False,15466
15471,asid_14006,6,False,False,15471
15473,asid_15473,1,True,False,15473
15475,asid_15475,2,True,False,15475
15476,asid_15476,1,True,False,15476
15483,asid_12818,4,True,False,15483
15485,asid_15485,1,True,False,15485
15487,asid_15487,1,True,False,15487
15491,asid_15491,1,True,False,15491
15493,asid_2307,2,False,False,15493
15496,asid_35756,4,False,False,15496
15497,asid_15497,1,True,False,15497
15499,asid_15499,2,True,False,15499
15500,asid_983,5,True,True,946
15502,asid_10684,2,False,False,15502
15504,asid_15504,1,True,False,15504
15505,asid_6274,3,False,False,15505
15506,asid_15506,3,False,False,15506
15519,asid_15519,1,True,False,15519
15520,asid_21364,2,True,False,15520
15522,asid_15522,1,True,False,15522
15525,asid_15525,1,True,False,15525
15528,asid_15528,1,True,False,15528
15529,asid_15529,2,False,False,15529
15530,asid_15530,4,False,False,15530
15534,asid_7261,1,True,False,15534
15536,asid_5901,3,False,False,15536
15538,asid_15538,1,True,False,15538
15543,asid_15543,4,True,False,15543
15544,asid_15544,2,True,False,15544
15546,asid_15546,1,True,False,15546
15549,asid_35756,4,False,False,15549
15550,asid_15550,1,True,False,15550
15553,asid_853,8,False,False,15553
15555,asid_9295,5,False,True,9295
15561,asid_15561,1,True,False,15561
15562,asid_15562,1,True,False,15562
15563,asid_15563,1,True,False,15563
15567,asid_15567,1,True,False,15567
15571,asid_193,11,False,True,3829
15573,asid_7812,2,False,False,15573
15575,asid_15575,1,True,False,15575
15578,asid_15578,1,True,False,15578
15580,asid_10459,4,False,False,15580
15581,asid_15581,1,True,False,15581
15584,asid_15584,1,True,False,15584
15585,asid_15585,1,True,False,15585
15590,asid_15590,1,True,False,15590
15593,asid_15593,1,True,False,15593
15594,asid_15594,1,True,False,15594
15597,asid_3528,5,False,False,15597
15601,asid_6647,2,True,False,15601
15604,asid_26880,3,False,False,15604
15619,asid_15619,1,True,False,15619
15627,asid_15627,1,True,False,15627
15635,asid_15635,1,True,False,15635
15636,asid_15636,1,True,False,15636
15638,asid_11364,5,False,False,15638
15645,asid_1210,2,False,True,1210
15646,asid_15646,1,True,False,15646
15647,asid_40507,2,True,False,15647
15653,asid_15653,1,True,False,15653
15654,asid_15654,1,True,False,15654
15655,asid_6791,3,False,False,15655
15657,asid_15657,1,True,False,15657
15661,asid_1477,6,False,True,1477
15665,asid_47827,2,False,True,47827
15666,asid_15666,1,True,False,15666
15669,asid_15669,2,True,False,15669
15672,asid_15672,1,True,False,15672
15674,asid_15674,1,True,False,15674
15676,asid_15676,2,True,False,15676
15677,asid_15677,1,True,False,15677
15678,asid_2774,4,False,True,29137
15682,asid_15682,1,True,False,15682
15683,asid_15683,1,True,False,15683
15685,asid_5678,3,False,True,5678
15687,asid_15687,1,True,False,15687
15691,asid_15691,2,True,False,15691
15702,asid_15702,1,True,False,15702
15705,asid_15705,3,False,False,15705
15706,asid_15706,1,True,False,15706
15709,asid_15709,1,True,False,15709
15710,asid_15710,2,False,False,15710
15712,asid_186,2,False,False,15712
15713,asid_16455,2,True,False,15713
15714,asid_789,4,False,False,15714
15718,asid_3039,5,False,False,15718
15720,asid_6064,2,False,True,6064
15739,asid_662,2,False,False,15739
15741,asid_37296,2,True,True,37296
15743,asid_13870,4,False,False,15743
15744,asid_28976,3,False,False,15744
15748,asid_2273,1,True,False,15748
15749,asid_28471,2,True,True,28471
15751,asid_8604,2,False,False,15751
15753,asid_7942,3,False,False,15753
15755,asid_15755,1,True,False,15755
15756,asid_15756,3,True,False,15756
15759,asid_15759,1,True,False,15759
15764,asid_5050,3,False,False,15764
15765,asid_15765,2,True,False,15765
15769,asid_15769,1,True,False,15769
15772,asid_15772,1,True,False,15772
15773,asid_15773,2,False,False,15773
15774,asid_5770,2,False,False,15774
15775,asid_15775,1,True,False,15775
15777,asid_15777,2,True,False,15777
15780,asid_15780,2,True,False,15780
15781,asid_24998,3,False,False,15781
15782,asid_15782,1,True,False,15782
15783,asid_14988,2,False,False,15783
15784,asid_15784,4,False,False,15784
15789,asid_15789,1,True,False,15789
15791,asid_15791,1,True,False,15791
15792,asid_15792,1,True,False,15792
15793,asid_15793,1,True,False,15793
15795,asid_15795,1,True,False,15795
15802,asid_15802,2,False,False,15802
15803,asid_15803,1,True,False,15803
15804,asid_33638,7,False,False,15804
15808,asid_15808,1,True,False,15808
15815,asid_15815,1,True,False,15815
15816,asid_15816,1,True,False,15816
15818,asid_15818,1,True,False,15818
15819,asid_5523,2,False,False,15819
15824,asid_1948,4,False,False,15824
15825,asid_15825,1,True,False,15825
15828,asid_15828,1,True,False,15828
15829,asid_15829,2,True,False,15829
15831,asid_15831,1,True,False,15831
15837,asid_15837,1,True,False,15837
15838,asid_6547,5,False,True,6547
15843,asid_4053,7,False,False,15843
15844,asid_23559,4,True,True,11608
15845,asid_15845,1,True,False,15845
15847,asid_15847,1,True,False,15847
15849,asid_15849,1,True,False,15849
15852,asid_15852,1,True,False,15852
15855,asid_5718,2,False,False,15855
15858,asid_15858,1,True,False,15858
15860,asid_15860,1,True,False,15860
15861,asid_8127,4,False,False,15861
15863,asid_15863,3,False,False,15863
15864,asid_15864,1,True,False,15864
15870,asid_15870,1,True,False,15870
15871,asid_15871,1,True,False,15871
15872,asid_15872,1,True,False,15872
15877,asid_1408,7,False,False,15877
15878,asid_15878,1,True,False,15878
15882,asid_15882,1,True,False,15882
15883,asid_15883,1,True,False,15883
15893,asid_15893,1,True,False,15893
15895,asid_15895,2,True,False,15895
15899,asid_8594,3,True,True,42412
15900,asid_15256,4,False,True,15256
15901,asid_15901,1,True,False,15901
15905,asid_15905,1,True,False,15905
15907,asid_15907,1,True,False,15907
15908,asid_15908,1,True,False,15908
15912,asid_15912,1,True,False,15912
15916,asid_15916,1,True,False,15916
15920,asid_15920,1,True,False,15920
15922,asid_15922,1,True,False,15922
15924,asid_15924,1,True,False,15924
15927,asid_15927,1,True,False,15927
15931,asid_3614,2,False,False,15931
15932,asid_15932,1,True,False,15932
15937,asid_15937,1,True,False,15937
15939,asid_15939,1,True,False,15939
15942,asid_17900,2,True,True,17900
15945,asid_8519,3,False,False,15945
15947,asid_509,4,False,False,15947
15949,asid_15949,1,True,False,15949
15950,asid_15950,1,True,False,15950
15951,asid_2450,2,False,False,15951
15953,asid_27188,5,False,False,15953
15955,asid_6633,2,False,False,15955
15958,asid_15958,1,True,False,15958
15960,asid_15960,2,True,False,15960
15961,asid_15961,2,False,False,15961
15962,asid_15962,1,True,False,15962
15963,asid_2904,13,False,False,15963
15965,asid_15965,1,True,False,15965
15971,asid_15971,1,True,False,15971
15973,asid_15973,1,True,False,15973
15978,asid_18574,2,True,False,15978
15987,asid_50047,3,False,False,15987
15990,asid_15990,3,False,False,15990
15995,asid_2419,2,False,False,15995
15996,asid_15996,1,True,False,15996
16000,asid_4410,6,False,True,4410
16004,asid_16004,1,True,False,16004
16005,asid_16005,1,True,False,16005
16011,asid_16011,1,True,False,16011
16014,asid_16014,1,True,False,16014
16020,asid_16020,2,True,False,16020
16022,asid_16022,1,True,False,16022
16024,asid_16024,1,True,False,16024
16026,asid_16026,1,True,False,16026
16029,asid_2469,3,False,False,16029
16032,asid_2389,4,True,True,11568
16033,asid_16033,1,True,False,16033
16040,asid_16040,1,True,False,16040
16041,asid_16041,1,True,False,16041
16042,asid_16582,2,False,False,16042
16045,asid_16045,1,True,False,16045
16046,asid_16046,1,True,False,16046
16048,asid_16048,1,True,False,16048
16049,asid_5571,4,False,False,16049
16050,asid_16050,1,True,False,16050
16053,asid_170,10,True,True,697
16056,asid_16056,1,True,False,16056
16057,asid_7468,4,False,False,16057
16059,asid_16059,2,False,False,16059
16060,asid_16060,1,True,False,16060
16066,asid_16066,1,True,False,16066
16067,asid_16067,1,True,False,16067
16070,asid_16070,1,True,False,16070
16071,asid_16071,1,True,False,16071
16076,asid_16076,1,True,False,16076
16078,asid_16078,1,True,False,16078
16079,asid_23195,2,False,True,23195
16080,asid_16080,1,True,False,16080
16081,asid_16081,2,False,False,16081
16086,asid_25646,3,False,False,16086
16088,asid_4832,1,True,False,16088
16095,asid_6617,5,False,False,16095
16109,asid_11545,3,True,False,16109
16110,asid_2981,2,True,True,2981
16113,asid_26715,7,False,False,16113
16115,asid_12575,2,False,False,16115
16116,asid_19693,2,True,False,16116
16118,asid_22189,5,False,False,16118
16120,asid_2378,8,False,True,2378
16125,asid_9254,2,False,False,16125
16128,asid_16128,1,True,False,16128
16132,asid_16132,1,True,False,16132
16133,asid_8582,2,True,True,8582
16134,asid_8127,4,False,False,16134
16135,asid_27352,1,True,False,16135
16139,asid_12251,2,False,False,16139
16140,asid_16140,1,True,False,16140
16142,asid_16142,1,True,False,16142
16143,asid_27188,5,False,True,15953
16147,asid_3404,12,False,False,16147
16149,asid_7942,3,False,False,16149
16150,asid_16150,1,True,False,16150
16153,asid_548,3,False,False,16153
16155,asid_16155,1,True,False,16155
16156,asid_16156,1,True,False,16156
16164,asid_16164,1,True,False,16164
16172,asid_16172,1,True,False,16172
16176,asid_16176,2,True,False,16176
16178,asid_616,12,False,False,16178
16183,asid_16183,1,True,False,16183
16185,asid_16185,1,True,False,16185
16190,asid_16190,1,True,False,16190
16191,asid_16191,1,True,False,16191
16192,asid_16192,1,True,False,16192
16195,asid_16195,2,False,False,16195
16202,asid_16202,1,True,False,16202
16205,asid_223,9,False,False,16205
16207,asid_16207,1,True,False,16207
16212,asid_10,14,False,False,16212
16215,asid_17438,1,True,False,16215
16218,asid_35145,3,True,False,16218
16222,asid_16222,2,True,False,16222
16224,asid_16224,2,True,False,16224
16225,asid_16225,1,True,False,16225
16227,asid_6045,3,False,False,16227
16228,asid_14148,3,True,False,16228
16230,asid_16230,1,True,False,16230
16231,asid_16231,1,True,False,16231
16235,asid_16235,1,True,False,16235
16236,asid_16236,1,True,False,16236
16240,asid_25217,2,True,True,25217
16243,asid_6274,3,False,False,16243
16249,asid_16249,1,True,False,16249
16254,asid_16254,3,True,False,16254
16257,asid_1084,7,False,False,16257
16259,asid_16259,1,True,False,16259
16261,asid_16261,1,True,False,16261
16263,asid_16263,2,True,False,16263
16267,asid_1242,18,False,True,1242
16268,asid_16268,1,True,False,16268
16271,asid_16271,1,True,False,16271
16272,asid_16272,4,False,False,16272
16274,asid_16274,1,True,False,16274
16276,asid_32392,2,True,True,32392
16280,asid_3827,3,True,True,26604
16287,asid_12818,4,False,False,16287
16291,asid_16291,1,True,False,16291
16293,asid_17507,2,False,False,16293
16295,asid_3365,4,False,False,16295
16299,asid_16299,1,True,False,16299
16301,asid_117,8,False,False,16301
16305,asid_16305,2,True,False,16305
16306,asid_16306,2,True,False,16306
16308,asid_16308,1,True,False,16308
16309,asid_16309,1,True,False,16309
16313,asid_16313,1,True,False,16313
16314,asid_16314,1,True,False,16314
16317,asid_16317,2,True,False,16317
16319,asid_16319,1,True,False,16319
16321,asid_16321,1,True,False,16321
16323,asid_16323,1,True,False,16323
16325,asid_16325,1,True,False,16325
16327,asid_13880,2,False,False,16327
16332,asid_20784,2,True,False,16332
16333,asid_16333,2,False,False,16333
16340,asid_5455,4,False,False,16340
16341,asid_16341,2,False,False,16341
16343,asid_5481,2,True,False,16343
16349,asid_16349,2,False,False,16349
16359,asid_9588,2,False,False,16359
16360,asid_16360,1,True,False,16360
16361,asid_7824,10,False,False,16361
16368,asid_19020,2,False,False,16368
16371,asid_16371,3,True,False,16371
16374,asid_16374,1,True,False,16374
16376,asid_16376,3,True,False,16376
16378,asid_16378,1,True,False,16378
16379,asid_8245,4,False,False,16379
16381,asid_16381,1,True,False,16381
16383,asid_22607,2,True,False,16383
16388,asid_16388,3,False,False,16388
16389,asid_16389,1,True,False,16389
16393,asid_24816,1,True,False,16393
16395,asid_29953,2,True,False,16395
16400,asid_16400,1,True,False,16400
16404,asid_16404,3,False,False,16404
16405,asid_16405,1,True,False,16405
16406,asid_16406,1,True,False,16406
16407,asid_16407,2,True,False,16407
16408,asid_5990,1,True,False,16408
16412,asid_16412,1,True,False,16412
16413,asid_16413,1,True,False,16413
16427,asid_16427,1,True,False,16427
16428,asid_16428,1,True,False,16428
16431,asid_16431,1,True,False,16431
16432,asid_7524,2,False,False,16432
16444,asid_16444,2,True,False,16444
16446,asid_16446,1,True,False,16446
16451,asid_16451,1,True,False,16451
16454,asid_16454,1,True,False,16454
16455,asid_16455,2,False,False,16455
16459,asid_16459,1,True,False,16459
16464,asid_49336,2,True,True,49336
16466,asid_16466,1,True,False,16466
16468,asid_1085,4,False,False,16468
16469,asid_16469,1,True,False,16469
16474,asid_16474,1,True,False,16474
16475,asid_16475,1,True,False,16475
16487,asid_16487,5,False,False,16487
16489,asid_16489,2,False,False,16489
16492,asid_43238,1,True,False,16492
16494,asid_16494,1,True,False,16494
16496,asid_16496,1,True,False,16496
16501,asid_16501,1,True,False,16501
16502,asid_16502,1,True,False,16502
16507,asid_16507,2,True,False,16507
16508,asid_31363,3,False,False,16508
16510,asid_48251,1,True,False,16510
16513,asid_16513,1,True,False,16513
16515,asid_16515,1,True,False,16515
16516,asid_16516,1,True,False,16516
16527,asid_2019,3,False,False,16527
16529,asid_16529,1,True,False,16529
16540,asid_16540,3,False,False,16540
16541,asid_16541,1,True,False,16541
16547,asid_16547,1,True,False,16547
16548,asid_16548,1,True,False,16548
16550,asid_16550,2,False,False,16550
16553,asid_16553,1,True,False,16553
16558,asid_16558,1,True,False,16558
16560,asid_29451,2,True,True,29451
16561,asid_16561,1,True,False,16561
16570,asid_6470,2,False,False,16570
16571,asid_16571,1,True,False,16571
16572,asid_16572,1,True,False,16572
16573,asid_9239,2,False,False,16573
16574,asid_10459,4,False,False,16574
16576,asid_16576,1,True,False,16576
16577,asid_16577,1,True,False,16577
16578,asid_7900,2,True,False,16578
16579,asid_16579,3,True,False,16579
16582,asid_16582,2,True,False,16582
16586,asid_2600,2,False,False,16586
16588,asid_16588,1,True,False,16588
16589,asid_16589,2,True,False,16589
16590,asid_16590,1,True,False,16590
16592,asid_16592,2,True,False,16592
16593,asid_34136,2,True,False,16593
16597,asid_16597,1,True,False,16597
16599,asid_16599,1,True,False,16599
16601,asid_5614,3,False,False,16601
16603,asid_27204,2,True,True,27204
16604,asid_16604,1,True,False,16604
16609,asid_16609,1,True,False,16609
16612,asid_27592,2,True,False,16612
16614,asid_6769,2,False,False,16614
16618,asid_16618,1,True,False,16618
16619,asid_16619,1,True,False,16619
16620,asid_16620,1,True,False,16620
16621,asid_16621,1,True,False,16621
16622,asid_16622,2,False,False,16622
16624,asid_17467,2,True,False,16624
16625,asid_16625,1,True,False,16625
16628,asid_16628,1,True,False,16628
16633,asid_32308,3,True,False,16633
16634,asid_12676,3,False,True,12676
16640,asid_16640,1,True,False,16640
16644,asid_16644,1,True,False,16644
16647,asid_3204,2,False,False,16647
16653,asid_16653,1,True,False,16653
16656,asid_16656,1,True,False,16656
16660,asid_33887,2,True,False,16660
16671,asid_16671,1,True,False,16671
16674,asid_16715,3,False,False,16674
16679,asid_10626,2,False,False,16679
16680,asid_16680,1,True,False,16680
16682,asid_16682,1,True,False,16682
16684,asid_16684,1,True,False,16684
16686,asid_16686,2,True,False,16686
16688,asid_16688,2,True,False,16688
16689,asid_16689,1,True,False,16689
16690,asid_5,12,False,False,16690
16692,asid_16692,2,True,False,16692
16693,asid_10808,2,False,False,16693
16701,asid_16701,1,True,False,16701
16704,asid_16704,1,True,False,16704
16706,asid_16706,1,True,False,16706
16708,asid_16708,1,True,False,16708
16711,asid_16615,1,True,False,16711
16714,asid_26904,7,False,True,26904
16715,asid_16715,3,False,False,16715
16717,asid_16717,1,True,False,16717
16723,asid_16723,1,True,False,16723
16724,asid_16724,1,True,False,16724
16739,asid_16739,1,True,False,16739
16741,asid_16741,1,True,False,16741
16749,asid_16749,2,False,False,16749
16751,asid_16751,1,True,False,16751
16761,asid_5930,4,False,False,16761
16762,asid_16762,1,True,False,16762
16765,asid_16765,1,True,False,16765
16766,asid_16766,2,True,False,16766
16771,asid_11341,3,False,False,16771
16775,asid_16775,2,False,False,16775
16777,asid_16777,2,True,False,16777
16779,asid_9269,3,False,True,9269
16780,asid_3312,6,False,True,35036
16781,asid_16781,1,True,False,16781
16785,asid_16785,1,True,False,16785
16790,asid_16790,3,False,False,16790
16796,asid_16796,1,True,False,16796
16798,asid_6891,5,False,True,6891
16799,asid_10196,2,False,False,16799
16801,asid_1727,8,True,True,1714
16802,asid_16802,1,True,False,16802
16806,asid_16806,5,False,False,16806
16807,asid_16807,1,True,False,16807
16816,asid_16816,1,True,False,16816
16817,asid_26715,7,False,False,16817
16819,asid_16819,1,True,False,16819
16825,asid_16825,1,True,False,16825
16826,asid_16826,1,True,False,16826
16827,asid_16827,1,True,False,16827
16832,asid_16832,1,True,False,16832
16833,asid_5455,4,False,False,16833
16837,asid_23350,3,False,False,16837
16840,asid_23346,1,True,False,16840
16855,asid_9522,2,True,False,16855
16857,asid_16857,1,True,False,16857
16858,asid_16858,1,True,False,16858
16859,asid_16859,1,True,False,16859
16862,asid_16862,2,True,False,16862
16874,asid_16874,1,True,False,16874
16875,asid_16875,1,True,False,16875
16876,asid_4426,1,True,False,16876
16880,asid_16880,1,True,False,16880
16886,asid_16886,1,True,False,16886
16891,asid_16891,1,True,False,16891
16892,asid_4240,3,False,False,16892
16893,asid_1760,2,False,False,16893
16897,asid_16897,1,True,False,16897
16898,asid_16898,2,True,False,16898
16899,asid_13457,2,True,True,13457
16900,asid_6646,2,False,False,16900
16901,asid_16901,1,True,False,16901
16912,asid_16912,3,True,False,16912
16916,asid_16916,1,True,False,16916
16917,asid_6911,2,False,False,16917
16921,asid_16921,1,True,False,16921
16922,asid_16922,2,True,False,16922
16925,asid_16925,1,True,False,16925
16927,asid_16927,1,True,False,16927
16929,asid_16929,2,True,False,16929
16930,asid_16930,1,True,False,16930
16931,asid_16931,2,True,False,16931
16936,asid_16936,1,True,False,16936
16937,asid_16937,1,True,False,16937
16940,asid_1887,3,False,True,1887
16943,asid_16943,1,True,False,16943
16951,asid_16951,2,True,False,16951
16960,asid_16960,1,True,False,16960
16967,asid_16967,2,True,False,16967
16975,asid_16975,1,True,False,16975
16976,asid_16976,2,True,False,16976
16980,asid_16980,3,False,False,16980
16984,asid_16984,1,True,False,16984
16987,asid_16987,1,True,False,16987
16988,asid_11596,2,False,False,16988
16989,asid_6331,2,False,False,16989
16991,asid_16991,1,True,False,16991
16993,asid_16993,1,True,False,16993
16996,asid_1332,4,False,True,1332
16999,asid_16999,1,True,False,16999
17004,asid_4069,1,True,False,17004
17005,asid_21624,3,False,False,17005
17010,asid_4,7,True,True,6948
17011,asid_17011,2,False,False,17011
17015,asid_8519,3,False,False,17015
17021,asid_17021,1,True,False,17021
17022,asid_17022,3,False,False,17022
17024,asid_17024,1,True,False,17024
17025,asid_7489,2,False,True,7489
17029,asid_17029,1,True,False,17029
17036,asid_17036,2,False,False,17036
17038,asid_17038,1,True,False,17038
17043,asid_17043,2,True,False,17043
17046,asid_17046,1,True,False,17046
17049,asid_17049,1,True,False,17049
17054,asid_17054,2,True,False,17054
17058,asid_23086,3,False,False,17058
17060,asid_235,20,False,True,235
17061,asid_17061,1,True,False,17061
17071,asid_17071,1,True,False,17071
17075,asid_14193,2,False,False,17075
17076,asid_17076,1,True,False,17076
17077,asid_17077,1,True,False,17077
17078,asid_17078,1,True,False,17078
17080,asid_17080,1,True,False,17080
17081,asid_17081,2,True,False,17081
17082,asid_6825,3,False,False,17082
17087,asid_20646,4,False,False,17087
17089,asid_17089,1,True,False,17089
17092,asid_17092,2,False,False,17092
17097,asid_17097,1,True,False,17097
17098,asid_17098,1,True,False,17098
17101,asid_17101,1,True,False,17101
17103,asid_17103,1,True,False,17103
17110,asid_17110,1,True,False,17110
17111,asid_17111,2,True,False,17111
17118,asid_17118,1,True,False,17118
17124,asid_2378,8,False,True,2378
17126,asid_17126,1,True,False,17126
17132,asid_17132,1,True,False,17132
17133,asid_17133,1,True,False,17133
17148,asid_17148,1,True,False,17148
17156,asid_17156,2,True,False,17156
17158,asid_2961,1,True,False,17158
17159,asid_17159,1,True,False,17159
17160,asid_17160,3,True,False,17160
17165,asid_17165,1,True,False,17165
17168,asid_17168,1,True,False,17168
17169,asid_42707,4,False,True,42707
17171,asid_17171,1,True,False,17171
17172,asid_17172,1,True,False,17172
17173,asid_17173,1,True,False,17173
17185,asid_17185,2,True,False,17185
17190,asid_17190,1,True,False,17190
17198,asid_651,15,True,True,323
17199,asid_17199,1,True,False,17199
17200,asid_17200,1,True,False,17200
17203,asid_17203,1,True,False,17203
17211,asid_17211,1,True,False,17211
17213,asid_19644,6,True,False,17213
17215,asid_17215,1,True,False,17215
17219,asid_1019,6,False,False,17219
17220,asid_42980,2,True,False,17220
17222,asid_17222,2,True,False,17222
17229,asid_3769,3,True,False,17229
17231,asid_17231,1,True,False,17231
17232,asid_17232,1,True,False,17232
17239,asid_17239,1,True,False,17239
17242,asid_17242,1,True,False,17242
17243,asid_17243,1,True,False,17243
17244,asid_4787,3,False,True,4787
17245,asid_17245,1,True,False,17245
17246,asid_4768,4,False,False,17246
17250,asid_17250,1,True,False,17250
17252,asid_17252,1,True,False,17252
17256,asid_17256,1,True,False,17256
17257,asid_17257,2,True,False,17257
17259,asid_41291,3,False,False,17259
17262,asid_20624,1,True,False,17262
17278,asid_6647,2,False,False,17278
17280,asid_17280,1,True,False,17280
17282,asid_17092,2,True,False,17282
17283,asid_16766,2,False,True,16766
17288,asid_17288,1,True,False,17288
17294,asid_17294,1,True,False,17294
17296,asid_17296,1,True,False,17296
17297,asid_17297,1,True,False,17297
17307,asid_17307,1,True,False,17307
17313,asid_17313,1,True,False,17313
17314,asid_17314,1,True,False,17314
17319,asid_17319,1,True,False,17319
17323,asid_26938,5,False,True,26938
17325,asid_1242,18,False,False,17325
17329,asid_17329,1,True,False,17329
17330,asid_905,2,True,True,905
17332,asid_17332,1,True,False,17332
17333,asid_17333,2,True,False,17333
17334,asid_17334,1,True,False,17334
17337,asid_17337,1,True,False,17337
17344,asid_33638,7,True,True,15804
17347,asid_17347,1,True,False,17347
17350,asid_17350,1,True,False,17350
17355,asid_17355,1,True,False,17355
17359,asid_17359,1,True,False,17359
17362,asid_17362,1,True,False,17362
17367,asid_17367,3,False,False,17367
17369,asid_17369,1,True,False,17369
17372,asid_17372,1,True,False,17372
17377,asid_8223,2,False,False,17377
17380,asid_17380,1,True,False,17380
17382,asid_17382,1,True,False,17382
17383,asid_17383,1,True,False,17383
17387,asid_17387,1,True,False,17387
17399,asid_17399,1,True,False,17399
17401,asid_17401,1,True,False,17401
17408,asid_17408,5,False,False,17408
17414,asid_9242,3,False,False,17414
17415,asid_17415,1,True,False,17415
17416,asid_17416,3,False,False,17416
17420,asid_43890,2,True,True,43890
17426,asid_17426,1,True,False,17426
17429,asid_17429,1,True,False,17429
17430,asid_19306,1,True,False,17430
17432,asid_5510,4,False,False,17432
17435,asid_30563,2,True,True,30563
17436,asid_17436,1,True,False,17436
17445,asid_17445,1,True,False,17445
17448,asid_17448,1,True,False,17448
17451,asid_17451,1,True,False,17451
17452,asid_1159,3,False,False,17452
17460,asid_17460,3,False,False,17460
17462,asid_1856,3,False,False,17462
17463,asid_17463,1,True,False,17463
17465,asid_17465,1,True,False,17465
17467,asid_17467,2,False,False,17467
17473,asid_17473,4,False,False,17473
17474,asid_17474,1,True,False,17474
17476,asid_17476,1,True,False,17476
17485,asid_17485,3,False,False,17485
17488,asid_17488,1,True,False,17488
17489,asid_17489,3,False,False,17489
17491,asid_16486,1,True,False,17491
17493,asid_17493,1,True,False,17493
17496,asid_17496,1,True,False,17496
17500,asid_17500,1,True,False,17500
17501,asid_17501,4,False,False,17501
17507,asid_17507,2,True,False,17507
17509,asid_17509,1,True,False,17509
17511,asid_17511,1,True,False,17511
17512,asid_17512,1,True,False,17512
17514,asid_8109,3,False,False,17514
17515,asid_17515,2,True,False,17515
17521,asid_12414,8,False,True,12414
17523,asid_8188,2,True,True,391
17528,asid_17528,1,True,False,17528
17533,asid_6340,3,False,False,17533
17535,asid_17535,1,True,False,17535
17538,asid_17538,1,True,False,17538
17540,asid_17540,1,True,False,17540
17541,asid_17541,1,True,False,17541
17547,asid_17547,2,True,False,17547
17548,asid_10776,2,False,False,17548
17550,asid_17550,2,False,False,17550
17552,asid_17552,1,True,False,17552
17553,asid_17553,1,True,False,17553
17559,asid_17559,1,True,False,17559
17561,asid_37720,2,True,True,37720
17562,asid_17562,1,True,False,17562
17578,asid_21573,3,True,True,21573
17579,asid_17579,1,True,False,17579
17583,asid_17583,1,True,False,17583
17585,asid_2734,4,False,False,17585
17590,asid_17590,1,True,False,17590
17599,asid_17599,1,True,False,17599
17601,asid_17601,1,True,False,17601
17603,asid_17603,1,True,False,17603
17604,asid_12571,4,True,True,2658
17606,asid_17606,1,True,False,17606
17607,asid_17607,1,True,False,17607
17608,asid_8086,2,True,False,17608
17610,asid_17610,1,True,False,17610
17612,asid_17612,1,True,False,17612
17616,asid_5310,9,False,False,17616
17622,asid_17622,1,True,False,17622
17624,asid_5564,2,False,False,17624
17628,asid_17628,1,True,False,17628
17629,asid_17629,1,True,False,17629
17632,asid_193,11,False,False,17632
17634,asid_17634,1,True,False,17634
17637,asid_17637,1,True,False,17637
17649,asid_17649,1,True,False,17649
17651,asid_35148,2,True,False,17651
17654,asid_9598,2,False,False,17654
17661,asid_28218,2,True,True,28218
17663,asid_17663,1,True,False,17663
17665,asid_17665,1,True,False,17665
17669,asid_5307,1,True,False,17669
17672,asid_17672,1,True,False,17672
17674,asid_17674,2,False,False,17674
17679,asid_17679,1,True,False,17679
17684,asid_6338,5,False,False,17684
17690,asid_17690,1,True,False,17690
17692,asid_7066,2,True,False,17692
17693,asid_17693,1,True,False,17693
17694,asid_17694,1,True,False,17694
17710,asid_3747,3,True,True,3747
17711,asid_15057,7,False,True,5363
17713,asid_17713,1,True,False,17713
17726,asid_17726,1,True,False,17726
17735,asid_17735,1,True,False,17735
17738,asid_17738,1,True,False,17738
17741,asid_17741,1,True,False,17741
17743,asid_17743,1,True,False,17743
17745,asid_17745,1,True,False,17745
17747,asid_17747,1,True,False,17747
17748,asid_17748,1,True,False,17748
17751,asid_17751,2,True,False,17751
17755,asid_34033,3,True,False,17755
17760,asid_13494,4,False,True,13494
17761,asid_17761,1,True,False,17761
17763,asid_17763,1,True,False,17763
17764,asid_17764,2,True,False,17764
17767,asid_17767,1,True,False,17767
17769,asid_4053,7,False,False,17769
17772,asid_17772,1,True,False,17772
17778,asid_17778,1,True,False,17778
17779,asid_17779,1,True,False,17779
17780,asid_16444,2,False,False,17780
17786,asid_12801,2,True,True,12801
17788,asid_17788,1,True,False,17788
17789,asid_17789,1,True,False,17789
17792,asid_12414,8,False,True,12414
17793,asid_31011,6,False,True,31011
17795,asid_17795,2,True,False,17795
17797,asid_17797,3,True,False,17797
17800,asid_17800,1,True,False,17800
17802,asid_43520,1,True,False,17802
17803,asid_17803,1,True,False,17803
17808,asid_5180,4,False,False,17808
17809,asid_6891,5,True,True,6891
17812,asid_17812,2,True,False,17812
17813,asid_17813,1,True,False,17813
17821,asid_17821,2,True,False,17821
17822,asid_17822,1,True,False,17822
17824,asid_17824,1,True,False,17824
17831,asid_17831,1,True,False,17831
17835,asid_7292,2,False,False,17835
17836,asid_50145,3,True,False,17836
17840,asid_17840,1,True,False,17840
17842,asid_16487,5,False,True,16487
17846,asid_9661,2,True,True,9661
17850,asid_17850,1,True,False,17850
17852,asid_4960,2,False,True,4960
17855,asid_17855,1,True,False,17855
17857,asid_17857,1,True,False,17857
17858,asid_17858,1,True,False,17858
17864,asid_19644,6,False,False,17864
17865,asid_17865,1,True,False,17865
17866,asid_1141,6,False,False,17866
17868,asid_17868,1,True,False,17868
17871,asid_17871,1,True,False,17871
17877,asid_17877,1,True,False,17877
17878,asid_17878,1,True,False,17878
17881,asid_17881,2,True,False,17881
17885,asid_33606,3,False,True,33606
17893,asid_17893,1,True,False,17893
17895,asid_17895,1,True,False,17895
17900,asid_17900,2,False,False,17900
17909,asid_17909,1,True,False,17909
17919,asid_17919,1,True,False,17919
17928,asid_17928,2,True,False,17928
17930,asid_17930,1,True,False,17930
17932,asid_17932,1,True,False,17932
17938,asid_13126,4,False,False,17938
17943,asid_17943,1,True,False,17943
17946,asid_2702,3,False,False,17946
17950,asid_12010,3,False,False,17950
17953,asid_48822,2,False,True,48822
17960,asid_17960,1,True,False,17960
17967,asid_17967,1,True,False,17967
17973,asid_1037,3,False,False,17973
17981,asid_17981,1,True,False,17981
17986,asid_7125,2,False,False,17986
17989,asid_17989,1,True,False,17989
17993,asid_9918,3,False,False,17993
18007,asid_21121,3,False,False,18007
18012,asid_18012,1,True,False,18012
18013,asid_5985,3,False,False,18013
18016,asid_18016,1,True,False,18016
18018,asid_18018,1,True,False,18018
18021,asid_28289,2,True,True,28289
18022,asid_18022,1,True,False,18022
18026,asid_8809,2,False,False,18026
18030,asid_18030,1,True,False,18030
18032,asid_18032,2,True,False,18032
18035,asid_35578,2,False,True,35578
18038,asid_18038,1,True,False,18038
18046,asid_18046,5,False,False,18046
18048,asid_18048,1,True,False,18048
18052,asid_977,9,False,False,18052
18056,asid_18056,1,True,False,18056
18059,asid_18059,1,True,False,18059
18061,asid_1591,3,False,False,18061
18068,asid_18068,1,True,False,18068
18070,asid_18070,1,True,False,18070
18072,asid_18072,1,True,False,18072
18074,asid_18074,2,False,False,18074
18079,asid_18079,1,True,False,18079
18082,asid_18082,1,True,False,18082
18083,asid_3312,6,False,False,18083
18090,asid_14716,2,False,False,18090
18093,asid_18093,1,True,False,18093
18095,asid_18095,1,True,False,18095
18100,asid_31430,2,True,True,31430
18101,asid_18101,1,True,False,18101
18102,asid_18102,1,True,False,18102
18107,asid_18107,1,True,False,18107
18110,asid_18110,1,True,False,18110
18111,asid_12192,3,False,False,18111
18112,asid_1553,6,False,True,13919
18115,asid_447,4,False,False,18115
18117,asid_18117,1,True,False,18117
18119,asid_18119,1,True,False,18119
18122,asid_18122,2,False,False,18122
18124,asid_138,4,False,False,18124
18127,asid_50145,3,False,False,18127
18131,asid_18131,1,True,False,18131
18132,asid_4273,2,False,False,18132
18136,asid_18136,1,True,False,18136
18138,asid_18138,1,True,False,18138
18145,asid_18145,1,True,False,18145
18151,asid_18151,1,True,False,18151
18154,asid_18154,1,True,False,18154
18157,asid_18157,2,True,False,18157
18163,asid_18163,1,True,False,18163
18172,asid_18172,1,True,False,18172
18173,asid_18173,1,True,False,18173
18176,asid_18176,1,True,False,18176
18177,asid_18177,1,True,False,18177
18178,asid_18178,1,True,False,18178
18185,asid_18185,1,True,False,18185
18186,asid_18186,3,False,False,18186
18187,asid_18187,1,True,False,18187
18188,asid_549,8,False,False,18188
18191,asid_18191,1,True,False,18191
18194,asid_18194,1,True,False,18194
18195,asid_18195,1,True,False,18195
18197,asid_13611,2,False,False,18197
18202,asid_26904,7,False,True,26904
18203,asid_18203,4,False,False,18203
18209,asid_18209,1,True,False,18209
18212,asid_685,4,False,False,18212
18214,asid_4708,3,False,False,18214
18215,asid_7468,4,False,False,18215
18216,asid_18216,1,True,False,18216
18217,asid_12031,3,False,True,12031
18227,asid_18227,1,True,False,18227
18228,asid_18228,1,True,False,18228
18229,asid_18229,1,True,False,18229
18232,asid_18232,1,True,False,18232
18234,asid_18234,1,True,False,18234
18237,asid_28824,2,True,False,18237
18239,asid_6004,2,False,False,18239
18241,asid_24721,2,True,False,18241
18244,asid_18244,2,True,False,18244
18249,asid_18249,1,True,False,18249
18250,asid_1828,12,False,False,18250
18253,asid_18253,1,True,False,18253
18257,asid_18257,3,False,False,18257
18259,asid_14148,3,False,False,18259
18260,asid_18260,1,True,False,18260
18261,asid_18261,1,True,False,18261
18272,asid_21720,1,True,False,18272
18274,asid_18274,1,True,False,18274
18276,asid_18276,1,True,False,18276
18281,asid_18281,3,False,False,18281
18282,asid_18282,1,True,False,18282
18286,asid_18286,1,True,False,18286
18288,asid_18288,1,True,False,18288
18289,asid_18289,2,False,False,18289
18291,asid_18291,2,False,False,18291
18294,asid_18294,1,True,False,18294
18297,asid_18297,1,True,False,18297
18298,asid_18298,1,True,False,18298
18300,asid_18300,2,False,False,18300
18301,asid_18301,1,True,False,18301
18307,asid_18307,1,True,False,18307
18309,asid_713,5,False,False,18309
18310,asid_640,6,False,False,18310
18319,asid_18319,1,True,False,18319
18321,asid_18321,1,True,False,18321
18323,asid_5565,2,False,False,18323
18328,asid_18328,1,True,False,18328
18329,asid_18329,1,True,False,18329
18334,asid_28702,2,False,False,18334
18349,asid_18349,1,True,False,18349
18351,asid_18351,1,True,False,18351
18353,asid_18353,1,True,False,18353
18367,asid_18367,1,True,False,18367
18368,asid_18368,1,True,False,18368
18369,asid_18369,1,True,False,18369
18372,asid_18372,1,True,False,18372
18375,asid_41127,4,False,False,18375
18376,asid_18376,3,False,False,18376
18380,asid_18380,1,True,False,18380
18382,asid_2143,3,False,False,18382
18384,asid_18384,1,True,False,18384
18390,asid_18390,3,True,False,18390
18392,asid_18392,1,True,False,18392
18394,asid_616,12,False,True,616
18398,asid_10706,2,False,False,18398
18406,asid_273,6,False,False,18406
18410,asid_14618,11,True,True,3964
18412,asid_18412,1,True,False,18412
18413,asid_18413,3,False,False,18413
18417,asid_18417,1,True,False,18417
18425,asid_6025,2,True,True,6900
18428,asid_18428,1,True,False,18428
18430,asid_977,9,False,True,977
18436,asid_18436,1,True,False,18436
18438,asid_14867,3,False,False,18438
18445,asid_18445,1,True,False,18445
18450,asid_18450,1,True,False,18450
18452,asid_17011,2,True,True,17011
18457,asid_18457,1,True,False,18457
18459,asid_14067,2,False,True,14067
18465,asid_18465,1,True,False,18465
18468,asid_18468,1,True,False,18468
18478,asid_18478,1,True,False,18478
18479,asid_18479,1,True,False,18479
18482,asid_18482,1,True,False,18482
18485,asid_18485,1,True,False,18485
18489,asid_18489,1,True,False,18489
18490,asid_18490,1,True,False,18490
18492,asid_18492,1,True,False,18492
18497,asid_18497,1,True,False,18497
18500,asid_18500,2,True,False,18500
18508,asid_18508,1,True,False,18508
18509,asid_18509,1,True,False,18509
18511,asid_18511,1,True,False,18511
18512,asid_18512,1,True,False,18512
18513,asid_31394,2,True,True,31394
18516,asid_3446,3,True,True,3446
18518,asid_2466,3,False,False,18518
18520,asid_18520,2,True,False,18520
18532,asid_10089,4,False,True,10089
18533,asid_18533,1,True,False,18533
18537,asid_18537,1,True,False,18537
18538,asid_18538,1,True,False,18538
18540,asid_18540,1,True,False,18540
18543,asid_9408,3,False,False,18543
18546,asid_11545,3,False,True,16109
18547,asid_18547,1,True,False,18547
18555,asid_18555,1,True,False,18555
18557,asid_11016,4,False,True,14247
18559,asid_17160,3,False,False,18559
18561,asid_8161,2,True,True,8161
18564,asid_18564,1,True,False,18564
18565,asid_18565,1,True,False,18565
18566,asid_18566,2,True,False,18566
18570,asid_18570,1,True,False,18570
18574,asid_18574,2,False,False,18574
18577,asid_18577,1,True,False,18577
18583,asid_18583,1,True,False,18583
18590,asid_18590,1,True,False,18590
18595,asid_18595,1,True,False,18595
18597,asid_18597,1,True,False,18597
18598,asid_18598,1,True,False,18598
18611,asid_18611,2,False,False,18611
18612,asid_5930,4,False,False,18612
18614,asid_18614,3,True,False,18614
18615,asid_18615,1,True,False,18615
18616,asid_18616,1,True,False,18616
18617,asid_18617,1,True,False,18617
18618,asid_18618,2,False,False,18618
18619,asid_18619,1,True,False,18619
18624,asid_18624,1,True,False,18624
18625,asid_18625,1,True,False,18625
18626,asid_18626,1,True,False,18626
18629,asid_18629,2,True,False,18629
18631,asid_32189,2,True,True,32189
18634,asid_30151,4,True,False,18634
18641,asid_18641,1,True,False,18641
18642,asid_15319,3,False,False,18642
18647,asid_18647,1,True,False,18647
18649,asid_24730,2,True,False,18649
18650,asid_9591,3,False,False,18650
18651,asid_5638,2,False,False,18651
18653,asid_18653,1,True,False,18653
18657,asid_18657,3,False,False,18657
18659,asid_11518,2,True,True,11518
18661,asid_18661,1,True,False,18661
18662,asid_18662,2,False,False,18662
18663,asid_18663,1,True,False,18663
18664,asid_18664,1,True,False,18664
18669,asid_18669,1,True,False,18669
18674,asid_18674,1,True,False,18674
18677,asid_18677,1,True,False,18677
18679,asid_18679,1,True,False,18679
18690,asid_18690,1,True,False,18690
18691,asid_18691,1,True,False,18691
18695,asid_18695,1,True,False,18695
18697,asid_18697,1,True,False,18697
18700,asid_18700,1,True,False,18700
18701,asid_18701,1,True,False,18701
18707,asid_18707,1,True,False,18707
18708,asid_232,10,False,False,18708
18711,asid_18711,3,True,False,18711
18715,asid_18715,1,True,False,18715
18716,asid_20178,2,True,False,18716
18718,asid_18718,1,True,False,18718
18724,asid_18724,1,True,False,18724
18727,asid_18727,1,True,False,18727
18728,asid_18728,1,True,False,18728
18734,asid_18734,1,True,False,18734
18736,asid_18736,1,True,False,18736
18742,asid_20729,3,True,False,18742
18744,asid_18744,1,True,False,18744
18749,asid_17751,2,False,False,18749
18756,asid_18756,1,True,False,18756
18760,asid_3287,10,True,True,1629
18761,asid_18761,1,True,False,18761
18767,asid_18767,1,True,False,18767
18769,asid_18769,1,True,False,18769
18770,asid_18770,1,True,False,18770
18780,asid_18780,1,True,False,18780
18785,asid_18909,4,False,False,18785
18786,asid_18786,1,True,False,18786
18793,asid_998,2,False,False,18793
18799,asid_18799,1,True,False,18799
18804,asid_3833,3,False,True,3833
18812,asid_18812,1,True,False,18812
18815,asid_18815,1,True,False,18815
18828,asid_18828,1,True,False,18828
18835,asid_18835,1,True,False,18835
18840,asid_18840,1,True,False,18840
18845,asid_18845,1,True,False,18845
18848,asid_18848,1,True,False,18848
18850,asid_9943,1,True,False,18850
18852,asid_18852,1,True,False,18852
18855,asid_18855,3,False,False,18855
18856,asid_18856,1,True,False,18856
18866,asid_18866,1,True,False,18866
18868,asid_18868,1,True,False,18868
18871,asid_1109,4,False,False,18871
18885,asid_18885,1,True,False,18885
18889,asid_18889,1,True,False,18889
18890,asid_18890,2,True,False,18890
18891,asid_18891,3,False,False,18891
18894,asid_4,7,False,True,12142
18897,asid_18897,1,True,False,18897
18901,asid_18901,1,True,False,18901
18906,asid_17460,3,False,False,18906
18907,asid_1242,18,False,True,403
18910,asid_18910,1,True,False,18910
18923,asid_18923,2,True,False,18923
18924,asid_26000,3,True,True,26000
18935,asid_18935,1,True,False,18935
18936,asid_18936,1,True,False,18936
18937,asid_18937,1,True,False,18937
18942,asid_18942,1,True,False,18942
18944,asid_9958,2,False,False,18944
18945,asid_18945,1,True,False,18945
18946,asid_1806,3,False,False,18946
18947,asid_8904,1,True,False,18947
18956,asid_10666,5,False,True,10666
18957,asid_18957,1,True,False,18957
18962,asid_18962,1,True,False,18962
18963,asid_5916,3,False,False,18963
18970,asid_18970,1,True,False,18970
18971,asid_18971,2,False,False,18971
18978,asid_18978,1,True,False,18978
18982,asid_1294,5,False,False,18982
18987,asid_18987,1,True,False,18987
18988,asid_18988,1,True,False,18988
18998,asid_18998,2,True,False,18998
19001,asid_32,17,False,False,19001
19002,asid_19002,1,True,False,19002
19003,asid_19003,1,True,False,19003
19006,asid_19006,1,True,False,19006
19008,asid_19008,1,True,False,19008
19014,asid_19014,1,True,False,19014
19015,asid_19015,1,True,False,19015
19020,asid_19020,2,True,False,19020
19026,asid_19026,1,True,False,19026
19029,asid_19029,1,True,False,19029
19031,asid_19031,1,True,False,19031
19033,asid_8614,4,False,False,19033
19038,asid_19038,1,True,False,19038
19040,asid_4540,3,False,False,19040
19044,asid_676,3,False,False,19044
19046,asid_19046,2,True,False,19046
19051,asid_19051,1,True,False,19051
19054,asid_2117,4,True,True,2117
19055,asid_6038,2,False,False,19055
19058,asid_19058,3,False,False,19058
19061,asid_28740,2,True,False,19061
19066,asid_32,17,False,False,19066
19076,asid_7824,10,False,False,19076
19083,asid_19083,1,True,False,19083
19089,asid_19089,1,True,False,19089
19093,asid_19093,1,True,False,19093
19094,asid_19094,2,True,False,19094
19096,asid_19096,1,True,False,19096
19098,asid_19098,1,True,False,19098
19112,asid_19112,1,True,False,19112
19115,asid_19115,3,True,False,19115
19116,asid_19116,1,True,False,19116
19117,asid_19117,1,True,False,19117
19118,asid_19118,1,True,False,19118
19121,asid_19121,1,True,False,19121
19123,asid_19123,1,True,False,19123
19124,asid_19124,1,True,False,19124
19127,asid_19127,2,True,False,19127
19128,asid_19128,1,True,False,19128
19130,asid_19130,1,True,False,19130
19134,asid_620,3,False,False,19134
19149,asid_21321,4,False,True,21321
19157,asid_19157,1,True,False,19157
19161,asid_19161,1,True,False,19161
19162,asid_19162,1,True,False,19162
19164,asid_19164,1,True,False,19164
19166,asid_7742,2,True,False,19166
19167,asid_19167,1,True,False,19167
19179,asid_1553,6,False,False,19179
19180,asid_3234,2,False,False,19180
19193,asid_19193,1,True,False,19193
19196,asid_20176,3,True,False,19196
19205,asid_20597,2,True,True,20597
19206,asid_19206,1,True,False,19206
19211,asid_29917,4,True,True,29917
19216,asid_19216,1,True,False,19216
19220,asid_19220,1,True,False,19220
19235,asid_7437,2,False,False,19235
19241,asid_8886,2,False,False,19241
19244,asid_19244,1,True,False,19244
19246,asid_19490,2,True,False,19246
19248,asid_19248,3,False,False,19248
19254,asid_19254,1,True,False,19254
19256,asid_19256,1,True,False,19256
19257,asid_19257,1,True,False,19257
19260,asid_19260,1,True,False,19260
19262,asid_19262,1,True,False,19262
19264,asid_19264,1,True,False,19264
19267,asid_19267,1,True,False,19267
19271,asid_19271,1,True,False,19271
19272,asid_19272,2,True,False,19272
19275,asid_16540,3,False,False,19275
19283,asid_19283,4,False,False,19283
19285,asid_19285,1,True,False,19285
19291,asid_10883,2,True,True,10883
19293,asid_385,5,False,False,19293
19294,asid_624,4,False,False,19294
19296,asid_19296,2,True,False,19296
19298,asid_5409,3,False,False,19298
19299,asid_37498,2,False,True,37498
19300,asid_19300,1,True,False,19300
19310,asid_19310,1,True,False,19310
19311,asid_19311,1,True,False,19311
19312,asid_19312,1,True,False,19312
19330,asid_2810,7,False,True,21619
19332,asid_29374,2,True,False,19332
19340,asid_18413,3,False,False,19340
19344,asid_22270,3,True,False,19344
19349,asid_19349,1,True,False,19349
19351,asid_19351,1,True,False,19351
19352,asid_19352,2,True,False,19352
19355,asid_19355,2,False,False,19355
19360,asid_19360,1,True,False,19360
19363,asid_5969,2,False,False,19363
19367,asid_19367,1,True,False,19367
19369,asid_3361,3,True,False,19369
19376,asid_19376,1,True,False,19376
19379,asid_19379,1,True,False,19379
19380,asid_18924,1,True,False,19380
19384,asid_6463,3,True,False,19384
19386,asid_19386,1,True,False,19386
19394,asid_19394,1,True,False,19394
19397,asid_23593,3,True,False,19397
19398,asid_19398,1,True,False,19398
19399,asid_2117,4,False,True,2117
19402,asid_19402,1,True,False,19402
19404,asid_19404,2,False,False,19404
19406,asid_19406,2,False,False,19406
19407,asid_19407,1,True,False,19407
19409,asid_10781,3,False,False,19409
19425,asid_4764,3,False,True,4764
19438,asid_19438,1,True,False,19438
19439,asid_19439,1,True,False,19439
19442,asid_19442,2,True,False,19442
19444,asid_19444,1,True,False,19444
19445,asid_19445,1,True,False,19445
19446,asid_24083,2,True,False,19446
19447,asid_19447,1,True,False,19447
19453,asid_5801,2,False,False,19453
19454,asid_19454,1,True,False,19454
19455,asid_19455,1,True,False,19455
19459,asid_19459,1,True,False,19459
19462,asid_42464,4,False,True,42464
19463,asid_19463,1,True,False,19463
19466,asid_19466,1,True,False,19466
19469,asid_19469,1,True,False,19469
19474,asid_19474,1,True,False,19474
19476,asid_19476,1,True,False,19476
19480,asid_38545,1,True,False,19480
19490,asid_19490,2,False,False,19490
19496,asid_19496,1,True,False,19496
19505,asid_1149,2,False,False,19505
19508,asid_19508,1,True,False,19508
19518,asid_19518,1,True,False,19518
19526,asid_19526,1,True,False,19526
19527,asid_19527,1,True,False,19527
19530,asid_19530,1,True,False,19530
19532,asid_651,15,False,False,19532
19534,asid_19534,2,True,False,19534
19537,asid_19537,1,True,False,19537
19538,asid_19538,1,True,False,19538
19547,asid_6097,7,False,True,6097
19554,asid_7523,2,True,False,19554
19562,asid_6502,2,False,True,6502
19567,asid_19567,1,True,False,19567
19572,asid_19572,1,True,False,19572
19573,asid_19573,2,True,False,19573
19574,asid_19574,1,True,False,19574
19579,asid_19579,1,True,False,19579
19580,asid_19580,1,True,False,19580
19601,asid_14787,3,False,False,19601
19604,asid_19604,1,True,False,19604
19605,asid_19605,1,True,False,19605
19606,asid_19606,1,True,False,19606
19609,asid_19609,3,False,False,19609
19612,asid_19612,1,True,False,19612
19618,asid_16254,3,False,False,19618
19621,asid_19621,2,True,False,19621
19623,asid_19623,1,True,False,19623
19631,asid_19631,1,True,False,19631
19632,asid_19632,1,True,False,19632
19637,asid_49736,2,True,True,49736
19641,asid_19641,1,True,False,19641
19644,asid_19644,6,False,False,19644
19647,asid_19647,1,True,False,19647
19651,asid_6891,5,False,False,19651
19653,asid_19653,2,False,False,19653
19659,asid_19659,1,True,False,19659
19678,asid_19678,1,True,False,19678
19686,asid_19686,1,True,False,19686
19692,asid_41224,3,True,True,31393
19693,asid_19693,2,False,False,19693
19699,asid_15013,2,False,False,19699
19703,asid_19703,2,True,False,19703
19704,asid_19704,2,True,False,19704
19713,asid_713,5,True,True,713
19720,asid_19720,1,True,False,19720
19723,asid_19723,2,True,False,19723
19724,asid_2278,2,False,False,19724
19726,asid_19726,3,False,False,19726
19728,asid_3187,2,False,False,19728
19732,asid_19732,1,True,False,19732
19737,asid_19737,1,True,False,19737
19738,asid_19738,2,False,False,19738
19747,asid_19747,1,True,False,19747
19748,asid_7378,2,False,False,19748
19750,asid_19750,1,True,False,19750
19751,asid_19751,1,True,False,19751
19752,asid_19752,2,True,False,19752
19758,asid_3149,5,False,False,19758
19763,asid_19763,1,True,False,19763
19767,asid_19767,1,True,False,19767
19772,asid_19772,1,True,False,19772
19784,asid_19784,1,True,False,19784
19785,asid_19785,1,True,False,19785
19786,asid_19786,1,True,False,19786
19790,asid_19790,1,True,False,19790
19797,asid_2126,7,False,False,19797
19800,asid_5996,2,False,False,19800
19806,asid_19806,1,True,False,19806
19814,asid_19814,1,True,False,19814
19817,asid_19817,1,True,False,19817
19818,asid_19818,1,True,False,19818
19824,asid_19824,1,True,False,19824
19827,asid_19827,1,True,False,19827
19844,asid_8839,2,False,False,19844
19847,asid_28725,7,False,False,19847
19851,asid_19851,1,True,False,19851
19856,asid_660,7,True,True,7429
19859,asid_19859,1,True,False,19859
19860,asid_19860,2,True,False,19860
19868,asid_19868,1,True,False,19868
19874,asid_8911,2,False,False,19874
19878,asid_19878,1,True,False,19878
19882,asid_18614,3,False,False,19882
19884,asid_19884,1,True,False,19884
19887,asid_19887,2,True,False,19887
19888,asid_19888,1,True,False,19888
19895,asid_19895,1,True,False,19895
19898,asid_19898,1,True,False,19898
19900,asid_19900,1,True,False,19900
19902,asid_12683,4,False,True,12683
19906,asid_5642,3,False,False,19906
19907,asid_19907,1,True,False,19907
19908,asid_16333,2,True,False,19908
19911,asid_19911,3,True,False,19911
19914,asid_19914,1,True,False,19914
19926,asid_4768,4,True,False,19926
19928,asid_19928,1,True,False,19928
19931,asid_21337,2,True,False,19931
19932,asid_18281,3,False,False,19932
19938,asid_7892,3,False,False,19938
19942,asid_19942,1,True,False,19942
19945,asid_10952,2,False,False,19945
19951,asid_8748,3,False,False,19951
19965,asid_19965,1,True,False,19965
19967,asid_24987,2,False,False,19967
19969,asid_19969,1,True,False,19969
19975,asid_19975,1,True,False,19975
19977,asid_19977,1,True,False,19977
19980,asid_19980,1,True,False,19980
19982,asid_19982,1,True,False,19982
19984,asid_19984,1,True,False,19984
19985,asid_19985,1,True,False,19985
19987,asid_19987,2,True,False,19987
19992,asid_19992,1,True,False,19992
19993,asid_19993,1,True,False,19993
19997,asid_19997,1,True,False,19997
19999,asid_19999,1,True,False,19999
20006,asid_20006,1,True,False,20006
20007,asid_20007,1,True,False,20007
20013,asid_462,10,False,False,20013
20017,asid_20017,1,True,False,20017
20018,asid_20018,1,True,False,20018
20020,asid_9898,2,False,False,20020
20027,asid_20027,1,True,False,20027
20028,asid_20028,1,True,False,20028
20037,asid_20037,1,True,False,20037
20038,asid_20038,1,True,False,20038
20039,asid_864,5,False,False,20039
20042,asid_20042,1,True,False,20042
20049,asid_20049,1,True,False,20049
20051,asid_20051,1,True,False,20051
20053,asid_20053,1,True,False,20053
20054,asid_20054,1,True,False,20054
20057,asid_20057,6,False,False,20057
20061,asid_20061,1,True,False,20061
20062,asid_20062,1,True,False,20062
20065,asid_4910,5,False,False,20065
20067,asid_977,9,False,True,977
20071,asid_1002,7,False,False,20071
20078,asid_14763,2,False,False,20078
20082,asid_6514,2,False,False,20082
20085,asid_20085,1,True,False,20085
20087,asid_20087,1,True,False,20087
20096,asid_20096,1,True,False,20096
20097,asid_20097,1,True,False,20097
20109,asid_20109,1,True,False,20109
20123,asid_20123,1,True,False,20123
20124,asid_20124,1,True,False,20124
20133,asid_20133,1,True,False,20133
20137,asid_20137,3,False,False,20137
20139,asid_8780,3,False,False,20139
20142,asid_20142,1,True,False,20142
20144,asid_20144,1,True,False,20144
20145,asid_32097,2,True,False,20145
20146,asid_20146,1,True,False,20146
20165,asid_47262,2,True,True,47262
20172,asid_20172,1,True,False,20172
20173,asid_20173,1,True,False,20173
20176,asid_20176,3,False,False,20176
20178,asid_20178,2,False,False,20178
20180,asid_22471,3,False,True,22471
20184,asid_20184,1,True,False,20184
20186,asid_11147,3,True,False,20186
20192,asid_22139,3,True,True,22590
20193,asid_20193,1,True,False,20193
20200,asid_17093,1,True,False,20200
20205,asid_20205,1,True,False,20205
20211,asid_20211,2,False,False,20211
20216,asid_16749,2,True,False,20216
20222,asid_20222,1,True,False,20222
20224,asid_20224,1,True,False,20224
20226,asid_20226,1,True,False,20226
20242,asid_4970,4,False,True,4970
20243,asid_20243,1,True,False,20243
20249,asid_20249,1,True,False,20249
20252,asid_6671,3,False,True,6671
20262,asid_32888,1,True,False,20262
20263,asid_20263,1,True,False,20263
20269,asid_20269,1,True,False,20269
20274,asid_20274,1,True,False,20274
20282,asid_20282,1,True,False,20282
20283,asid_20283,1,True,False,20283
20288,asid_20288,1,True,False,20288
20290,asid_20290,1,True,False,20290
20293,asid_20293,1,True,False,20293
20297,asid_20297,1,True,False,20297
20299,asid_20299,1,True,False,20299
20304,asid_20304,1,True,False,20304
20305,asid_20305,1,True,False,20305
20306,asid_16898,2,False,True,16898
20307,asid_11936,4,False,False,20307
20309,asid_24950,5,False,False,20309
20312,asid_3481,3,False,True,10156
20316,asid_10152,3,False,True,10152
20319,asid_36365,2,True,True,36365
20336,asid_20336,1,True,False,20336
20338,asid_20338,2,False,False,20338
20349,asid_20349,1,True,False,20349
20356,asid_14543,2,False,True,14543
20358,asid_20358,1,True,False,20358
20359,asid_12818,4,False,False,20359
20360,asid_20360,1,True,False,20360
20369,asid_76,15,False,False,20369
20370,asid_20370,2,True,False,20370
20372,asid_20372,1,True,False,20372
20373,asid_20373,1,True,False,20373
20375,asid_20375,2,True,False,20375
20376,asid_74,32,False,False,20376
20379,asid_20379,2,True,False,20379
20380,asid_7285,1,True,False,20380
20384,asid_20384,1,True,False,20384
20388,asid_20388,1,True,False,20388
20392,asid_616,12,False,False,20392
20396,asid_20396,1,True,False,20396
20403,asid_43431,2,True,False,20403
20413,asid_1224,12,False,True,1224
20415,asid_1394,3,False,True,1394
20416,asid_20416,3,False,False,20416
20426,asid_20426,1,True,False,20426
20427,asid_20427,1,True,False,20427
20428,asid_20428,1,True,False,20428
20432,asid_20432,1,True,False,20432
20444,asid_43770,2,False,False,20444
20446,asid_20446,1,True,False,20446
20449,asid_20449,1,True,False,20449
20451,asid_20451,1,True,False,20451
20458,asid_20458,2,True,False,20458
20459,asid_20459,1,True,False,20459
20460,asid_20460,3,False,False,20460
20461,asid_20461,1,True,False,20461
20465,asid_20465,1,True,False,20465
20466,asid_20466,1,True,False,20466
20467,asid_20467,1,True,False,20467
20470,asid_20470,1,True,False,20470
20471,asid_12584,4,False,False,20471
20473,asid_20473,1,True,False,20473
20475,asid_20475,1,True,False,20475
20476,asid_145,7,True,True,607
20479,asid_20479,1,True,False,20479
20485,asid_14767,2,True,False,20485
20486,asid_7215,3,False,False,20486
20490,asid_4225,2,True,False,20490
20503,asid_20503,1,True,False,20503
20507,asid_20507,1,True,False,20507
20511,asid_17473,4,True,True,17473
20515,asid_18890,2,False,False,20515
20517,asid_20517,1,True,False,20517
20521,asid_15416,2,False,False,20521
20523,asid_20523,1,True,False,20523
20534,asid_29607,1,True,False,20534
20544,asid_20544,1,True,False,20544
20545,asid_20545,1,True,False,20545
20547,asid_20547,1,True,False,20547
20551,asid_20551,1,True,False,20551
20553,asid_20553,1,True,False,20553
20555,asid_1294,5,False,False,20555
20561,asid_15057,7,False,False,20561
20562,asid_20562,3,True,False,20562
20563,asid_20563,1,True,False,20563
20564,asid_2461,4,False,False,20564
20569,asid_20569,1,True,False,20569
20570,asid_20570,1,True,False,20570
20578,asid_483,3,False,False,20578
20581,asid_20581,2,True,False,20581
20586,asid_20586,1,True,False,20586
20590,asid_20590,2,False,False,20590
20592,asid_10856,2,False,False,20592
20593,asid_32520,4,False,True,3905
20596,asid_20596,2,True,False,20596
20597,asid_20597,2,False,False,20597
20603,asid_8252,2,True,False,20603
20609,asid_20609,1,True,False,20609
20628,asid_20628,2,True,False,20628
20629,asid_20629,1,True,False,20629
20630,asid_20630,1,True,False,20630
20636,asid_20636,1,True,False,20636
20638,asid_23429,4,False,False,20638
20644,asid_4707,6,True,True,3728
20646,asid_20646,4,False,False,20646
20654,asid_20654,2,True,False,20654
20656,asid_6451,2,False,False,20656
20661,asid_20661,1,True,False,20661
20664,asid_20664,1,True,False,20664
20667,asid_20667,1,True,False,20667
20672,asid_20672,1,True,False,20672
20674,asid_20674,1,True,False,20674
20679,asid_20679,1,True,False,20679
20682,asid_20682,1,True,False,20682
20683,asid_20683,1,True,False,20683
20685,asid_20685,1,True,False,20685
20688,asid_7341,5,False,False,20688
20689,asid_25803,2,True,False,20689
20690,asid_20690,1,True,False,20690
20691,asid_203,10,False,False,20691
20695,asid_20695,1,True,False,20695
20702,asid_25629,1,True,False,20702
20709,asid_348,10,False,True,348
20715,asid_20715,1,True,False,20715
20720,asid_20720,2,True,False,20720
20721,asid_20721,1,True,False,20721
20723,asid_20723,1,True,False,20723
20725,asid_351,3,False,False,20725
20727,asid_20727,1,True,False,20727
20728,asid_20728,1,True,False,20728
20729,asid_20729,3,False,False,20729
20731,asid_20731,1,True,False,20731
20734,asid_20734,2,False,False,20734
20737,asid_20737,2,False,False,20737
20742,asid_20742,1,True,False,20742
20745,asid_9151,5,False,False,20745
20748,asid_20748,1,True,False,20748
20757,asid_20757,1,True,False,20757
20758,asid_1955,6,False,False,20758
20766,asid_20766,1,True,False,20766
20768,asid_24735,4,True,True,11507
20777,asid_20777,1,True,False,20777
20784,asid_20784,2,False,False,20784
20786,asid_20786,1,True,False,20786
20787,asid_10934,3,False,False,20787
20789,asid_16980,3,False,False,20789
20792,asid_9241,2,False,False,20792
20803,asid_35250,3,False,False,20803
20804,asid_20804,1,True,False,20804
20806,asid_12749,2,False,False,20806
20808,asid_20808,1,True,False,20808
20809,asid_20737,2,True,False,20809
20815,asid_3190,2,False,True,3190
20825,asid_33804,2,True,True,33804
20831,asid_20831,1,True,False,20831
20832,asid_20832,1,True,False,20832
20833,asid_20833,1,True,False,20833
20834,asid_20834,1,True,False,20834
20838,asid_20838,1,True,False,20838
20841,asid_20841,1,True,False,20841
20846,asid_20846,1,True,False,20846
20847,asid_37980,3,False,True,37980
20852,asid_1828,12,False,True,903
20853,asid_8952,2,True,False,20853
20857,asid_2227,3,False,True,2227
20859,asid_20859,1,True,False,20859
20861,asid_18257,3,False,False,20861
20881,asid_20881,1,True,False,20881
20887,asid_20887,1,True,False,20887
20890,asid_20890,3,False,False,20890
20897,asid_20897,1,True,False,20897
20908,asid_20908,1,True,False,20908
20910,asid_20910,1,True,False,20910
20916,asid_20916,1,True,False,20916
20917,asid_20917,1,True,False,20917
20919,asid_20919,1,True,False,20919
20925,asid_33730,3,False,False,20925
20928,asid_20928,1,True,False,20928
20937,asid_20937,1,True,False,20937
20939,asid_6097,7,False,True,6097
20942,asid_28632,4,True,True,28632
20943,asid_20943,1,True,False,20943
20944,asid_8319,7,False,False,20944
20945,asid_20945,1,True,False,20945
20947,asid_20947,1,True,False,20947
20951,asid_9022,4,False,False,20951
20960,asid_486,4,False,True,486
20963,asid_317,13,False,False,20963
20970,asid_20970,1,True,False,20970
20971,asid_2561,2,True,True,2561
20974,asid_20974,1,True,False,20974
20979,asid_20979,1,True,False,20979
20990,asid_428,4,False,False,20990
20994,asid_20994,1,True,False,20994
20995,asid_20995,1,True,False,20995
20997,asid_23003,3,True,True,23003
21000,asid_21000,1,True,False,21000
21007,asid_21007,1,True,False,21007
21011,asid_21011,1,True,False,21011
21014,asid_8780,3,False,False,21014
21019,asid_21019,1,True,False,21019
21021,asid_30258,2,False,False,21021
21032,asid_21032,1,True,False,21032
21039,asid_21039,1,True,False,21039
21044,asid_6578,4,False,False,21044
21046,asid_21046,1,True,False,21046
21048,asid_21048,1,True,False,21048
21050,asid_21050,1,True,False,21050
21053,asid_21053,1,True,False,21053
21055,asid_21055,1,True,False,21055
21063,asid_21063,1,True,False,21063
21068,asid_21068,1,True,False,21068
21074,asid_23003,3,False,True,23003
21077,asid_21077,1,True,False,21077
21078,asid_8584,2,False,False,21078
21085,asid_17489,3,False,False,21085
21098,asid_21098,1,True,False,21098
21100,asid_21100,1,True,False,21100
21103,asid_21103,1,True,False,21103
21105,asid_21105,1,True,False,21105
21106,asid_34710,2,False,True,34710
21108,asid_21108,1,True,False,21108
21111,asid_21111,1,True,False,21111
21114,asid_621,7,False,False,21114
21116,asid_21116,1,True,False,21116
21117,asid_17460,3,True,False,21117
21121,asid_21121,3,True,False,21121
21135,asid_21135,1,True,False,21135
21136,asid_21136,1,True,False,21136
21139,asid_21139,1,True,False,21139
21143,asid_864,5,False,False,21143
21160,asid_21160,1,True,False,21160
21161,asid_21161,1,True,False,21161
21166,asid_21166,1,True,False,21166
21168,asid_21168,1,True,False,21168
21170,asid_11143,2,False,False,21170
21181,asid_21181,1,True,False,21181
21182,asid_3003,5,False,False,21182
21185,asid_21185,1,True,False,21185
21188,asid_21188,1,True,False,21188
21190,asid_10824,3,False,True,10824
21198,asid_21198,1,True,False,21198
21203,asid_21203,2,True,False,21203
21207,asid_21207,1,True,False,21207
21209,asid_21209,1,True,False,21209
21215,asid_21215,1,True,False,21215
21221,asid_16592,2,False,False,21221
21222,asid_21222,2,False,False,21222
21227,asid_21227,1,True,False,21227
21228,asid_2322,2,True,True,2322
21230,asid_21230,1,True,False,21230
21231,asid_15435,2,False,False,21231
21232,asid_21232,1,True,False,21232
21242,asid_21242,1,True,False,21242
21249,asid_21249,1,True,False,21249
21250,asid_6800,17,False,False,21250
21258,asid_28635,4,False,True,2990
21261,asid_21261,1,True,False,21261
21266,asid_21266,1,True,False,21266
21268,asid_32150,1,True,False,21268
21270,asid_21270,2,True,False,21270
21272,asid_21272,1,True,False,21272
21279,asid_21279,1,True,False,21279
21280,asid_28450,2,True,False,21280
21292,asid_21292,1,True,False,21292
21298,asid_21298,1,True,False,21298
21303,asid_21303,1,True,False,21303
21304,asid_21304,1,True,False,21304
21311,asid_21311,1,True,False,21311
21313,asid_10897,2,False,False,21313
21315,asid_21315,1,True,False,21315
21321,asid_21321,4,False,False,21321
21326,asid_21326,1,True,False,21326
21329,asid_20562,3,False,True,20562
21335,asid_596,8,False,False,21335
21337,asid_21337,2,False,False,21337
21338,asid_12174,1,True,False,21338
21355,asid_21355,1,True,False,21355
21357,asid_1878,3,False,False,21357
21358,asid_21358,1,True,False,21358
21364,asid_21364,2,False,False,21364
21366,asid_21366,1,True,False,21366
21372,asid_21372,1,True,False,21372
21374,asid_21374,1,True,False,21374
21379,asid_21379,2,True,False,21379
21389,asid_3376,2,True,False,21389
21392,asid_21392,1,True,False,21392
21394,asid_21394,1,True,False,21394
21398,asid_21398,1,True,False,21398
21399,asid_21399,1,True,False,21399
21400,asid_21400,1,True,False,21400
21404,asid_23468,3,False,False,21404
21407,asid_235,20,False,True,235
21410,asid_19,8,False,True,115
21413,asid_21413,3,True,False,21413
21414,asid_21414,1,True,False,21414
21424,asid_12125,2,True,False,21424
21433,asid_19335,1,True,False,21433
21438,asid_3274,3,False,False,21438
21444,asid_21444,1,True,False,21444
21445,asid_17156,2,False,False,21445
21446,asid_21446,1,True,False,21446
21448,asid_21448,1,True,False,21448
21458,asid_7573,5,False,False,21458
21461,asid_14,9,False,False,21461
21465,asid_21465,2,True,False,21465
21469,asid_21469,1,True,False,21469
21471,asid_21471,1,True,False,21471
21473,asid_21473,1,True,False,21473
21476,asid_16388,3,False,False,21476
21488,asid_21488,1,True,False,21488
21499,asid_21499,1,True,False,21499
21503,asid_21503,1,True,False,21503
21508,asid_977,9,False,False,21508
21516,asid_21516,1,True,False,21516
21520,asid_4225,2,False,False,21520
21527,asid_21527,1,True,False,21527
21532,asid_21532,1,True,False,21532
21540,asid_21540,4,False,False,21540
21547,asid_21547,1,True,False,21547
21549,asid_7619,1,True,False,21549
21553,asid_21553,1,True,False,21553
21556,asid_8240,2,False,False,21556
21557,asid_21557,1,True,False,21557
21560,asid_21560,1,True,False,21560
21564,asid_21564,1,True,False,21564
21567,asid_21567,1,True,False,21567
21572,asid_21572,1,True,False,21572
21573,asid_21573,3,False,False,21573
21574,asid_13664,2,True,False,21574
21582,asid_21582,1,True,False,21582
21585,asid_21585,1,True,False,21585
21586,asid_21586,1,True,False,21586
21591,asid_21654,3,False,False,21591
21593,asid_21593,1,True,False,21593
21597,asid_21597,1,True,False,21597
21598,asid_2559,3,False,False,21598
21601,asid_21601,1,True,False,21601
21608,asid_21608,1,True,False,21608
21616,asid_21616,1,True,False,21616
21618,asid_21618,1,True,False,21618
21619,asid_2810,7,False,False,21619
21621,asid_21621,1,True,False,21621
21624,asid_21624,3,False,False,21624
21627,asid_21627,1,True,False,21627
21629,asid_1671,2,False,False,21629
21630,asid_21630,1,True,False,21630
21637,asid_21637,1,True,False,21637
21640,asid_21640,1,True,False,21640
21646,asid_6236,3,False,False,21646
21651,asid_272,2,False,True,272
21654,asid_21654,3,True,False,21654
21656,asid_21656,2,True,False,21656
21663,asid_1468,3,True,False,21663
21664,asid_21664,1,True,False,21664
21676,asid_39586,1,True,False,21676
21680,asid_16020,2,False,False,21680
21695,asid_21695,1,True,False,21695
21702,asid_18390,3,False,False,21702
21703,asid_21703,1,True,False,21703
21710,asid_21710,3,False,False,21710
21715,asid_21715,1,True,False,21715
21717,asid_21717,1,True,False,21717
21718,asid_21718,1,True,False,21718
21720,asid_29877,3,False,True,29877
21737,asid_21737,1,True,False,21737
21743,asid_518,3,False,False,21743
21745,asid_21745,1,True,False,21745
21746,asid_21746,1,True,False,21746
21752,asid_15990,3,False,False,21752
21753,asid_21753,1,True,False,21753
21757,asid_4906,4,False,False,21757
21759,asid_9633,2,True,True,9633
21762,asid_11341,3,False,False,21762
21769,asid_15057,7,False,False,21769
21782,asid_21782,1,True,False,21782
21789,asid_21789,1,True,False,21789
21790,asid_21790,2,False,False,21790
21792,asid_21792,2,True,False,21792
21794,asid_21794,1,True,False,21794
21797,asid_21797,1,True,False,21797
21799,asid_21799,1,True,False,21799
21818,asid_21818,1,True,False,21818
21819,asid_21819,1,True,False,21819
21823,asid_21823,1,True,False,21823
21825,asid_21825,1,True,False,21825
21826,asid_32677,4,True,False,21826
21828,asid_16317,2,False,False,21828
21830,asid_21830,1,True,False,21830
21845,asid_6764,3,False,False,21845
21848,asid_12648,2,False,False,21848
21853,asid_19283,4,False,True,19283
21856,asid_23148,2,True,False,21856
21857,asid_21857,1,True,False,21857
21860,asid_21860,1,True,False,21860
21869,asid_11563,11,False,False,21869
21876,asid_21876,1,True,False,21876
21877,asid_21877,1,True,False,21877
21878,asid_21878,1,True,False,21878
21885,asid_21885,1,True,False,21885
21887,asid_21887,1,True,False,21887
21889,asid_21889,1,True,False,21889
21890,asid_21890,1,True,False,21890
21892,asid_21892,1,True,False,21892
21893,asid_21893,2,True,False,21893
21894,asid_21894,1,True,False,21894
21902,asid_21902,1,True,False,21902
21910,asid_2810,7,True,True,21619
21913,asid_21913,3,True,False,21913
21918,asid_21918,1,True,False,21918
21921,asid_10993,2,False,False,21921
21926,asid_21926,1,True,False,21926
21932,asid_21932,1,True,False,21932
21935,asid_21935,1,True,False,21935
21937,asid_5521,2,False,False,21937
21940,asid_21940,1,True,False,21940
21944,asid_21944,1,True,False,21944
21957,asid_21957,1,True,False,21957
21961,asid_21961,1,True,False,21961
21964,asid_21964,1,True,False,21964
21978,asid_21978,1,True,False,21978
21981,asid_21981,1,True,False,21981
21985,asid_21985,1,True,False,21985
21986,asid_21986,1,True,False,21986
21989,asid_21989,1,True,False,21989
21998,asid_21998,1,True,False,21998
22000,asid_22000,1,True,False,22000
22004,asid_22004,1,True,False,22004
22010,asid_22010,1,True,False,22010
22012,asid_22012,2,False,False,22012
22014,asid_22014,1,True,False,22014
22019,asid_9257,2,False,False,22019
22022,asid_22022,1,True,False,22022
22024,asid_22024,1,True,False,22024
22026,asid_22026,1,True,False,22026
22029,asid_22029,2,True,False,22029
22032,asid_9766,3,False,False,22032
22036,asid_22036,1,True,False,22036
22041,asid_22041,1,True,False,22041
22046,asid_2139,4,False,False,22046
22052,asid_22052,1,True,False,22052
22053,asid_22053,1,True,False,22053
22059,asid_22059,1,True,False,22059
22064,asid_22064,1,True,False,22064
22066,asid_22066,1,True,False,22066
22067,asid_22067,1,True,False,22067
22069,asid_22069,1,True,False,22069
22074,asid_22074,1,True,False,22074
22085,asid_22085,4,True,False,22085
22086,asid_22086,1,True,False,22086
22087,asid_22087,1,True,False,22087
22089,asid_8774,6,False,False,22089
22093,asid_506,3,False,False,22093
22096,asid_22096,2,True,False,22096
22097,asid_22097,1,True,False,22097
22101,asid_22101,1,True,False,22101
22104,asid_22104,1,True,False,22104
22105,asid_18257,3,True,True,18257
22106,asid_8451,1,True,False,22106
22107,asid_22107,1,True,False,22107
22109,asid_22109,2,False,False,22109
22110,asid_9720,2,False,False,22110
22125,asid_22125,1,True,False,22125
22135,asid_22135,1,True,False,22135
22138,asid_22138,1,True,False,22138
22152,asid_22152,2,True,False,22152
22161,asid_22161,1,True,False,22161
22162,asid_22162,1,True,False,22162
22163,asid_789,4,False,True,789
22170,asid_22170,1,True,False,22170
22175,asid_22175,1,True,False,22175
22177,asid_22177,1,True,False,22177
22178,asid_2000,3,False,False,22178
22181,asid_32646,2,True,True,32646
22183,asid_22183,1,True,False,22183
22187,asid_22187,1,True,False,22187
22189,asid_22189,5,False,False,22189
22217,asid_22217,1,True,False,22217
22218,asid_22218,1,True,False,22218
22222,asid_22222,1,True,False,22222
22223,asid_22223,1,True,False,22223
22227,asid_8183,2,False,False,22227
22230,asid_22230,1,True,False,22230
22232,asid_22232,1,True,False,22232
22242,asid_22242,1,True,False,22242
22245,asid_22245,1,True,False,22245
22249,asid_42076,1,True,False,22249
22252,asid_9918,3,False,False,22252
22253,asid_22253,1,True,False,22253
22260,asid_22260,1,True,False,22260
22262,asid_22262,1,True,False,22262
22263,asid_22263,2,False,False,22263
22270,asid_22270,3,False,False,22270
22274,asid_22274,1,True,False,22274
22277,asid_22277,1,True,False,22277
22280,asid_22280,1,True,False,22280
22286,asid_22286,2,True,False,22286
22287,asid_22287,1,True,False,22287
22295,asid_22295,1,True,False,22295
22303,asid_18390,3,False,True,18390
22314,asid_22314,1,True,False,22314
22315,asid_22315,1,True,False,22315
22322,asid_22322,2,False,False,22322
22325,asid_558,7,False,False,22325
22326,asid_22326,1,True,False,22326
22336,asid_22336,1,True,False,22336
22338,asid_19046,2,False,False,22338
22341,asid_22341,2,True,False,22341
22352,asid_22352,1,True,False,22352
22363,asid_22363,2,True,False,22363
22365,asid_22365,1,True,False,22365
22366,asid_22366,3,True,False,22366
22371,asid_22371,1,True,False,22371
22378,asid_22378,1,True,False,22378
22386,asid_22386,1,True,False,22386
22387,asid_22387,2,False,False,22387
22391,asid_22391,1,True,False,22391
22393,asid_2797,5,False,False,22393
22394,asid_1248,4,True,True,12855
22398,asid_22398,1,True,False,22398
22399,asid_22399,2,True,False,22399
22408,asid_5564,2,True,True,17624
22413,asid_22413,1,True,False,22413
22418,asid_22418,1,True,False,22418
22419,asid_22419,1,True,False,22419
22425,asid_22425,1,True,False,22425
22427,asid_22427,1,True,False,22427
22434,asid_22434,1,True,False,22434
22436,asid_22436,1,True,False,22436
22445,asid_22445,1,True,False,22445
22447,asid_22447,2,True,False,22447
22453,asid_22453,1,True,False,22453
22454,asid_5839,3,False,False,22454
22455,asid_22919,2,True,False,22455
22459,asid_22459,1,True,False,22459
22465,asid_22465,1,True,False,22465
22471,asid_22471,3,True,False,22471
22475,asid_22475,2,True,False,22475
22480,asid_22480,1,True,False,22480
22483,asid_22483,1,True,False,22483
22484,asid_22484,1,True,False,22484
22490,asid_11936,4,True,True,11936
22492,asid_22492,1,True,False,22492
22493,asid_8728,2,True,False,22493
22499,asid_22499,1,True,False,22499
22509,asid_22509,2,False,False,22509
22511,asid_22511,1,True,False,22511
22515,asid_23327,2,False,False,22515
22521,asid_22521,1,True,False,22521
22524,asid_22524,1,True,False,22524
22534,asid_317,13,False,False,22534
22539,asid_22539,1,True,False,22539
22542,asid_3697,3,False,False,22542
22545,asid_31220,3,False,False,22545
22547,asid_22547,2,True,False,22547
22549,asid_22549,1,True,False,22549
22555,asid_22555,1,True,False,22555
22557,asid_22557,1,True,False,22557
22560,asid_25883,2,False,False,22560
22564,asid_22564,1,True,False,22564
22571,asid_2291,6,False,False,22571
22572,asid_22572,1,True,False,22572
22584,asid_22584,1,True,False,22584
22588,asid_13003,2,False,True,13003
22590,asid_22139,3,False,False,22590
22598,asid_22598,1,True,False,22598
22602,asid_22602,1,True,False,22602
22604,asid_22604,2,True,False,22604
22607,asid_22607,2,False,False,22607
22616,asid_3431,7,False,True,3431
22618,asid_6828,3,True,True,6828
22629,asid_22629,1,True,False,22629
22631,asid_41225,2,True,False,22631
22632,asid_6698,2,False,False,22632
22634,asid_22634,1,True,False,22634
22635,asid_22635,1,True,False,22635
22642,asid_616,12,False,False,22642
22648,asid_22648,1,True,False,22648
22650,asid_13695,2,False,False,22650
22661,asid_37355,1,True,False,22661
22664,asid_22664,1,True,False,22664
22665,asid_22665,1,True,False,22665
22667,asid_62,13,False,False,22667
22669,asid_22669,1,True,False,22669
22672,asid_8778,2,False,False,22672
22675,asid_22675,1,True,False,22675
22677,asid_22677,1,True,False,22677
22689,asid_22689,3,False,False,22689
22691,asid_25510,2,False,False,22691
22697,asid_22697,1,True,False,22697
22698,asid_22698,1,True,False,22698
22705,asid_22705,1,True,False,22705
22715,asid_22715,2,False,False,22715
22721,asid_22721,2,False,False,22721
22723,asid_22723,1,True,False,22723
22724,asid_76,15,False,False,22724
22726,asid_22726,1,True,False,22726
22729,asid_22729,1,True,False,22729
22730,asid_22730,2,False,False,22730
22734,asid_17501,4,False,False,22734
22736,asid_22736,1,True,False,22736
22741,asid_22741,1,True,False,22741
22744,asid_22744,1,True,False,22744
22746,asid_22746,1,True,False,22746
22748,asid_918,7,False,False,22748
22758,asid_22758,1,True,False,22758
22763,asid_22763,1,True,False,22763
22765,asid_13764,2,False,False,22765
22770,asid_22770,1,True,False,22770
22772,asid_10850,2,True,False,22772
22775,asid_22775,1,True,False,22775
22780,asid_22780,1,True,False,22780
22782,asid_915,5,True,True,915
22792,asid_22792,2,True,False,22792
22796,asid_13499,2,True,False,22796
22798,asid_22798,1,True,False,22798
22802,asid_22802,1,True,False,22802
22808,asid_22808,1,True,False,22808
22809,asid_1477,6,False,False,22809
22810,asid_6378,3,False,False,22810
22813,asid_22813,1,True,False,22813
22822,asid_22822,1,True,False,22822
22830,asid_22830,1,True,False,22830
22834,asid_22834,1,True,False,22834
22837,asid_24862,1,True,False,22837
22840,asid_22840,1,True,False,22840
22842,asid_22842,1,True,False,22842
22845,asid_19058,3,True,False,22845
22853,asid_9643,5,False,True,24934
22855,asid_4849,3,False,False,22855
22862,asid_22862,1,True,False,22862
22864,asid_22864,1,True,False,22864
22870,asid_22870,1,True,False,22870
22871,asid_22871,1,True,False,22871
22876,asid_22876,1,True,False,22876
22880,asid_38108,2,False,True,10430
22891,asid_22891,2,True,False,22891
22897,asid_22897,1,True,False,22897
22898,asid_4387,3,False,False,22898
22910,asid_22910,1,True,False,22910
22915,asid_10368,3,False,False,22915
22919,asid_22919,2,False,False,22919
22922,asid_22922,1,True,False,22922
22926,asid_5856,2,False,True,5856
22929,asid_11808,3,False,False,22929
22930,asid_22930,1,True,False,22930
22936,asid_22936,1,True,False,22936
22942,asid_19248,3,True,False,22942
22944,asid_22944,1,True,False,22944
22945,asid_22945,4,True,False,22945
22963,asid_22963,1,True,False,22963
22971,asid_22971,1,True,False,22971
22972,asid_22972,1,True,False,22972
22977,asid_1224,12,False,True,1224
22979,asid_22979,2,True,False,22979
22985,asid_22985,1,True,False,22985
23003,asid_23003,3,False,False,23003
23008,asid_5058,5,False,False,23008
23022,asid_27188,5,False,True,15953
23024,asid_23024,1,True,False,23024
23027,asid_23027,1,True,False,23027
23028,asid_23028,1,True,False,23028
23039,asid_9506,2,False,False,23039
23043,asid_23043,1,True,False,23043
23046,asid_23046,1,True,False,23046
23048,asid_23048,1,True,False,23048
23049,asid_24066,1,True,False,23049
23056,asid_23056,1,True,False,23056
23061,asid_1002,7,False,True,1002
23063,asid_23063,1,True,False,23063
23064,asid_12503,3,False,False,23064
23065,asid_23065,1,True,False,23065
23075,asid_23075,1,True,False,23075
23077,asid_3924,2,False,False,23077
23082,asid_23082,2,True,False,23082
23084,asid_709,6,False,False,23084
23086,asid_23086,3,False,False,23086
23095,asid_2908,5,False,False,23095
23103,asid_19653,2,True,False,23103
23107,asid_23107,1,True,False,23107
23116,asid_1609,4,False,False,23116
23125,asid_23125,1,True,False,23125
23131,asid_23131,1,True,False,23131
23133,asid_23133,1,True,False,23133
23138,asid_23138,1,True,False,23138
23139,asid_23139,1,True,False,23139
23147,asid_23147,1,True,False,23147
23148,asid_23148,2,False,False,23148
23153,asid_23153,1,True,False,23153
23157,asid_34089,3,True,True,51163
23164,asid_23164,1,True,False,23164
23166,asid_23166,1,True,False,23166
23168,asid_23168,1,True,False,23168
23178,asid_23178,1,True,False,23178
23180,asid_23180,2,True,False,23180
23184,asid_329,3,False,False,23184
23188,asid_5391,3,False,False,23188
23195,asid_23195,2,True,False,23195
23197,asid_23197,1,True,False,23197
23198,asid_23198,2,True,False,23198
23214,asid_23214,1,True,False,23214
23217,asid_23217,1,True,False,23217
23221,asid_23221,2,True,False,23221
23224,asid_23224,1,True,False,23224
23226,asid_23226,1,True,False,23226
23238,asid_23238,2,True,False,23238
23241,asid_23241,2,True,False,23241
23249,asid_23249,3,False,False,23249
23260,asid_23260,2,True,False,23260
23264,asid_23264,1,True,False,23264
23265,asid_23265,1,True,False,23265
23270,asid_23270,1,True,False,23270
23276,asid_6396,4,True,True,6373
23277,asid_23277,1,True,False,23277
23281,asid_23281,1,True,False,23281
23283,asid_21222,2,True,True,21222
23284,asid_23284,1,True,False,23284
23290,asid_23290,1,True,False,23290
23291,asid_23291,1,True,False,23291
23295,asid_23295,1,True,False,23295
23296,asid_28191,2,False,False,23296
23299,asid_23299,1,True,False,23299
23301,asid_23301,1,True,False,23301
23315,asid_23315,1,True,False,23315
23326,asid_23326,1,True,False,23326
23327,asid_23327,2,True,False,23327
23336,asid_50145,3,False,False,23336
23345,asid_23345,2,True,False,23345
23346,asid_616,12,False,True,616
23350,asid_23350,3,False,False,23350
23365,asid_23365,1,True,False,23365
23367,asid_23367,1,True,False,23367
23371,asid_23371,1,True,False,23371
23372,asid_23372,1,True,False,23372
23384,asid_23384,2,False,False,23384
23388,asid_11592,3,False,False,23388
23408,asid_76,15,True,True,1821
23414,asid_23414,1,True,False,23414
23416,asid_21792,2,False,True,21792
23420,asid_23420,2,False,False,23420
23422,asid_23422,1,True,False,23422
23423,asid_23423,1,True,False,23423
23424,asid_23424,2,True,False,23424
23427,asid_47426,2,True,False,23427
23434,asid_23434,1,True,False,23434
23440,asid_5838,4,False,True,33093
23441,asid_1865,3,False,False,23441
23442,asid_5448,3,False,False,23442
23447,asid_7440,2,False,False,23447
23448,asid_2141,4,False,False,23448
23452,asid_23452,1,True,False,23452
23453,asid_23453,3,True,False,23453
23454,asid_23454,1,True,False,23454
23456,asid_23456,1,True,False,23456
23457,asid_23457,1,True,False,23457
23461,asid_6338,5,True,True,6338
23463,asid_23463,1,True,False,23463
23465,asid_3318,3,False,False,23465
23466,asid_23466,2,True,False,23466
23467,asid_23467,2,False,False,23467
23468,asid_23468,3,False,False,23468
23471,asid_23471,1,True,False,23471
23473,asid_23473,1,True,False,23473
23477,asid_23477,1,True,False,23477
23484,asid_3730,3,False,True,3730
23488,asid_23488,1,True,False,23488
23494,asid_15434,7,False,False,23494
23501,asid_23501,1,True,False,23501
23503,asid_23503,5,False,False,23503
23507,asid_47487,4,True,True,14283
23508,asid_23508,1,True,False,23508
23510,asid_9022,4,False,False,23510
23511,asid_14882,6,False,False,23511
23512,asid_23512,1,True,False,23512
23531,asid_27,3,False,False,23531
23532,asid_23532,1,True,False,23532
23534,asid_23534,1,True,False,23534
23536,asid_26281,1,True,False,23536
23541,asid_23541,1,True,False,23541
23559,asid_23559,4,False,False,23559
23562,asid_23562,1,True,False,23562
23563,asid_23563,1,True,False,23563
23565,asid_23565,4,False,False,23565
23570,asid_23570,1,True,False,23570
23571,asid_33582,2,True,False,23571
23574,asid_23574,1,True,False,23574
23580,asid_23580,1,True,False,23580
23586,asid_23586,1,True,False,23586
23593,asid_23593,3,False,False,23593
23596,asid_10711,1,True,False,23596
23597,asid_23597,1,True,False,23597
23598,asid_2554,7,True,True,2554
23600,asid_23600,1,True,False,23600
23610,asid_3063,1,True,False,23610
23612,asid_23612,1,True,False,23612
23618,asid_23618,1,True,False,23618
23629,asid_4685,5,False,False,23629
23630,asid_1242,18,True,True,1242
23637,asid_23637,1,True,False,23637
23640,asid_23640,1,True,False,23640
23641,asid_23641,1,True,False,23641
23652,asid_23652,1,True,False,23652
23654,asid_23654,1,True,False,23654
23665,asid_23665,1,True,False,23665
23678,asid_23678,1,True,False,23678
23679,asid_23679,1,True,False,23679
23695,asid_23695,1,True,False,23695
23705,asid_23705,1,True,False,23705
23709,asid_11083,2,False,False,23709
23710,asid_23710,1,True,False,23710
23719,asid_23719,1,True,False,23719
23721,asid_23721,1,True,False,23721
23728,asid_16686,2,False,True,16686
23737,asid_10308,3,False,False,23737
23738,asid_23738,1,True,False,23738
23744,asid_3940,3,False,False,23744
23756,asid_23756,1,True,False,23756
23760,asid_9221,2,False,False,23760
23763,asid_7790,3,False,False,23763
23771,asid_23771,1,True,False,23771
23776,asid_23776,1,True,False,23776
23780,asid_23780,1,True,False,23780
23781,asid_1322,5,False,True,1322
23782,asid_11637,3,False,False,23782
23786,asid_23786,1,True,False,23786
23787,asid_14621,1,True,False,23787
23788,asid_20057,6,True,True,13156
23789,asid_11174,2,False,False,23789
23790,asid_20628,2,False,False,23790
23792,asid_23792,1,True,False,23792
23810,asid_23810,1,True,False,23810
23813,asid_23813,1,True,False,23813
23823,asid_23823,1,True,False,23823
23828,asid_23828,1,True,False,23828
23835,asid_17022,3,False,False,23835
23843,asid_23843,1,True,False,23843
23844,asid_20562,3,False,True,20562
23845,asid_23845,1,True,False,23845
23846,asid_23846,1,True,False,23846
23851,asid_23851,1,True,False,23851
23853,asid_23853,1,True,False,23853
23868,asid_23868,1,True,False,23868
23876,asid_11262,2,False,False,23876
23880,asid_23880,2,True,False,23880
23881,asid_23881,2,True,False,23881
23884,asid_23884,1,True,False,23884
23890,asid_23890,1,True,False,23890
23894,asid_23894,2,False,False,23894
23914,asid_23914,1,True,False,23914
23920,asid_23920,1,True,False,23920
23932,asid_40087,2,True,False,23932
23934,asid_27218,3,False,True,27218
23936,asid_23936,1,True,False,23936
23941,asid_23941,1,True,False,23941
23948,asid_23948,3,False,False,23948
23950,asid_23950,1,True,False,23950
23955,asid_23955,1,True,False,23955
23960,asid_23960,2,False,False,23960
23966,asid_23966,1,True,False,23966
23968,asid_23968,1,True,False,23968
23972,asid_23972,1,True,False,23972
23974,asid_1084,7,False,False,23974
23982,asid_23982,1,True,False,23982
23983,asid_23983,1,True,False,23983
23995,asid_4173,7,False,False,23995
23997,asid_23997,1,True,False,23997
24000,asid_24000,1,True,False,24000
24005,asid_24005,1,True,False,24005
24012,asid_24012,1,True,False,24012
24023,asid_12177,4,False,False,24023
24028,asid_24028,1,True,False,24028
24032,asid_9123,2,False,False,24032
24034,asid_8844,4,False,False,24034
24044,asid_24044,1,True,False,24044
24048,asid_24048,1,True,False,24048
24054,asid_24054,1,True,False,24054
24057,asid_10061,2,False,False,24057
24062,asid_24062,1,True,False,24062
24080,asid_2699,2,False,False,24080
24083,asid_24083,2,False,False,24083
24084,asid_46427,8,False,True,46427
24091,asid_24091,1,True,False,24091
24104,asid_24104,1,True,False,24104
24109,asid_24109,2,True,False,24109
24122,asid_24122,1,True,False,24122
24125,asid_4139,3,False,False,24125
24126,asid_24126,1,True,False,24126
24128,asid_24128,1,True,False,24128
24133,asid_24133,1,True,False,24133
24139,asid_203,10,False,False,24139
24145,asid_24145,4,False,False,24145
24146,asid_24146,1,True,False,24146
24151,asid_24151,1,True,False,24151
24166,asid_24166,1,True,False,24166
24169,asid_24169,1,True,False,24169
24183,asid_13898,1,True,False,24183
24184,asid_1799,3,False,False,24184
24193,asid_24193,1,True,False,24193
24198,asid_16254,3,False,False,24198
24204,asid_24204,1,True,False,24204
24214,asid_7573,5,False,False,24214
24221,asid_24221,1,True,False,24221
24226,asid_24226,1,True,False,24226
24234,asid_24234,1,True,False,24234
24248,asid_24248,1,True,False,24248
24249,asid_10107,2,False,False,24249
24254,asid_2646,4,False,False,24254
24255,asid_14046,1,True,False,24255
24258,asid_24258,1,True,False,24258
24270,asid_24270,1,True,False,24270
24282,asid_13892,3,False,False,24282
24284,asid_24284,1,True,False,24284
24289,asid_24289,1,True,False,24289
24294,asid_24294,1,True,False,24294
24299,asid_24299,1,True,False,24299
24302,asid_24302,1,True,False,24302
24309,asid_24309,1,True,False,24309
24310,asid_24310,1,True,False,24310
24312,asid_24312,1,True,False,24312
24315,asid_16306,2,False,False,24315
24329,asid_34847,2,True,False,24329
24337,asid_24337,1,True,False,24337
24340,asid_444,2,False,True,444
24350,asid_1347,10,False,True,1347
24352,asid_24352,1,True,False,24352
24361,asid_25604,2,False,True,25604
24365,asid_24365,1,True,False,24365
24371,asid_15610,1,True,False,24371
24381,asid_24381,1,True,False,24381
24396,asid_24396,1,True,False,24396
24400,asid_18855,3,False,False,24400
24424,asid_24424,1,True,False,24424
24426,asid_24426,1,True,False,24426
24427,asid_24427,1,True,False,24427
24446,asid_24446,1,True,False,24446
24449,asid_11754,2,False,False,24449
24450,asid_290,3,False,False,24450
24453,asid_25848,2,True,True,25848
24463,asid_3725,2,False,False,24463
24474,asid_24474,1,True,False,24474
24476,asid_24476,1,True,False,24476
24478,asid_24478,1,True,False,24478
24494,asid_24494,2,True,False,24494
24495,asid_24495,1,True,False,24495
24497,asid_222,10,False,False,24497
24499,asid_24499,1,True,False,24499
24507,asid_24507,2,True,False,24507
24510,asid_24510,1,True,False,24510
24514,asid_24514,1,True,False,24514
24522,asid_24522,1,True,False,24522
24531,asid_24531,1,True,False,24531
24534,asid_24534,1,True,False,24534
24536,asid_24536,1,True,False,24536
24538,asid_3641,3,True,True,3641
24544,asid_9020,2,False,False,24544
24555,asid_24555,1,True,False,24555
24556,asid_24556,1,True,False,24556
24557,asid_24557,1,True,False,24557
24558,asid_24558,1,True,False,24558
24560,asid_24560,1,True,False,24560
24570,asid_24570,1,True,False,24570
24573,asid_24573,1,True,False,24573
24580,asid_24580,1,True,False,24580
24594,asid_24594,1,True,False,24594
24602,asid_2559,3,True,True,21598
24610,asid_24610,1,True,False,24610
24616,asid_8446,1,True,False,24616
24630,asid_24630,1,True,False,24630
24632,asid_24632,2,True,False,24632
24652,asid_24652,1,True,False,24652
24659,asid_24659,1,True,False,24659
24665,asid_24665,1,True,False,24665
24671,asid_2793,2,False,True,2793
24677,asid_24677,1,True,False,24677
24678,asid_24678,1,True,False,24678
24680,asid_24680,1,True,False,24680
24685,asid_8096,2,False,True,8096
24692,asid_9151,5,True,True,9151
24699,asid_24699,1,True,False,24699
24708,asid_24708,1,True,False,24708
24713,asid_24713,1,True,False,24713
24718,asid_12183,4,False,False,24718
24720,asid_7891,3,False,False,24720
24721,asid_24721,2,False,False,24721
24730,asid_24730,2,False,False,24730
24733,asid_24733,2,True,False,24733
24734,asid_24734,1,True,False,24734
24735,asid_24735,4,False,False,24735
24738,asid_24738,1,True,False,24738
24745,asid_22604,2,False,False,24745
24752,asid_24752,1,True,False,24752
24753,asid_5530,2,False,True,5530
24756,asid_24756,1,True,False,24756
24762,asid_12414,8,False,True,12414
24766,asid_24766,1,True,False,24766
24771,asid_24771,1,True,False,24771
24776,asid_24776,1,True,False,24776
24777,asid_24777,1,True,False,24777
24782,asid_9651,2,False,False,24782
24783,asid_24783,1,True,False,24783
24789,asid_14,9,False,False,24789
24792,asid_18998,2,False,False,24792
24798,asid_24798,1,True,False,24798
24810,asid_24810,1,True,False,24810
24811,asid_24811,1,True,False,24811
24820,asid_24820,1,True,False,24820
24825,asid_24825,1,True,False,24825
24837,asid_24837,1,True,False,24837
24839,asid_24839,1,True,False,24839
24847,asid_7737,4,False,True,7737
24848,asid_24848,1,True,False,24848
24854,asid_1347,10,False,True,1347
24856,asid_24856,1,True,False,24856
24860,asid_24860,1,True,False,24860
24866,asid_24866,1,True,False,24866
24867,asid_24867,1,True,False,24867
24878,asid_9901,1,True,False,24878
24885,asid_24885,2,True,False,24885
24894,asid_24894,1,True,False,24894
24897,asid_24897,1,True,False,24897
24899,asid_11808,3,False,False,24899
24901,asid_24901,1,True,False,24901
24909,asid_24909,1,True,False,24909
24911,asid_24911,1,True,False,24911
24912,asid_24912,1,True,False,24912
24918,asid_24918,1,True,False,24918
24923,asid_24923,1,True,False,24923
24931,asid_24931,1,True,False,24931
24934,asid_9643,5,False,False,24934
24935,asid_6638,2,False,False,24935
24937,asid_24937,1,True,False,24937
24941,asid_24941,1,True,False,24941
24942,asid_24942,1,True,False,24942
24947,asid_6673,2,False,False,24947
24950,asid_24950,5,False,False,24950
24953,asid_24953,1,True,False,24953
24954,asid_24954,4,False,False,24954
24959,asid_15691,2,False,False,24959
24960,asid_24960,1,True,False,24960
24980,asid_24980,1,True,False,24980
24984,asid_24984,1,True,False,24984
24987,asid_24987,2,True,False,24987
24991,asid_9152,2,False,False,24991
24996,asid_24996,1,True,False,24996
24998,asid_24998,3,False,False,24998
25000,asid_25000,1,True,False,25000
25003,asid_25003,1,True,False,25003
25005,asid_25005,1,True,False,25005
25008,asid_10986,2,False,False,25008
25016,asid_25016,1,True,False,25016
25018,asid_9884,2,False,False,25018
25021,asid_25021,1,True,False,25021
25022,asid_25022,1,True,False,25022
25027,asid_25027,1,True,False,25027
25029,asid_25504,2,False,False,25029
25031,asid_25031,2,False,False,25031
25032,asid_25032,1,True,False,25032
25042,asid_28791,1,True,False,25042
25045,asid_9585,2,False,False,25045
25047,asid_222,10,False,True,222
25052,asid_25052,1,True,False,25052
25059,asid_25059,1,True,False,25059
25062,asid_3994,4,True,True,10925
25063,asid_25063,1,True,False,25063
25079,asid_25079,1,True,False,25079
25085,asid_25085,1,True,False,25085
25090,asid_25090,1,True,False,25090
25092,asid_549,8,False,False,25092
25097,asid_19887,2,False,True,19887
25101,asid_25101,1,True,False,25101
25107,asid_5704,2,False,False,25107
25114,asid_25114,1,True,False,25114
25118,asid_25118,1,True,False,25118
25123,asid_25123,1,True,False,25123
25130,asid_232,10,True,True,6144
25131,asid_25131,1,True,False,25131
25147,asid_25147,1,True,False,25147
25148,asid_4053,7,False,False,25148
25155,asid_25155,1,True,False,25155
25163,asid_25163,1,True,False,25163
25165,asid_25165,1,True,False,25165
25170,asid_25170,1,True,False,25170
25172,asid_25172,1,True,False,25172
25176,asid_25176,1,True,False,25176
25181,asid_25181,1,True,False,25181
25194,asid_25194,2,True,False,25194
25200,asid_25200,1,True,False,25200
25206,asid_25206,1,True,False,25206
25213,asid_4607,3,False,False,25213
25217,asid_25217,2,False,False,25217
25226,asid_25226,2,False,False,25226
25233,asid_25233,1,True,False,25233
25237,asid_25237,1,True,False,25237
25238,asid_25238,1,True,False,25238
25242,asid_25242,1,True,False,25242
25245,asid_25245,1,True,False,25245
25247,asid_20370,2,False,True,20370
25254,asid_25254,1,True,False,25254
25257,asid_7354,1,True,False,25257
25258,asid_25258,1,True,False,25258
25259,asid_25259,1,True,False,25259
25263,asid_25263,1,True,False,25263
25270,asid_3253,4,False,False,25270
25271,asid_25271,1,True,False,25271
25272,asid_418,4,False,False,25272
25277,asid_25277,1,True,False,25277
25299,asid_25299,1,True,False,25299
25305,asid_25305,1,True,False,25305
25307,asid_25307,1,True,False,25307
25313,asid_25313,1,True,False,25313
25327,asid_25327,2,False,False,25327
25335,asid_25335,2,True,False,25335
25338,asid_25338,1,True,False,25338
25341,asid_25341,1,True,False,25341
25348,asid_25348,1,True,False,25348
25351,asid_25351,1,True,False,25351
25358,asid_816,5,False,False,25358
25367,asid_7737,4,False,False,25367
25379,asid_20646,4,False,False,25379
25390,asid_3845,4,False,False,25390
25391,asid_25391,1,True,False,25391
25392,asid_25392,1,True,False,25392
25398,asid_25398,1,True,False,25398
25399,asid_9883,2,True,True,9883
25403,asid_25403,1,True,False,25403
25404,asid_25404,1,True,False,25404
25408,asid_25408,1,True,False,25408
25411,asid_25411,1,True,False,25411
25420,asid_25420,1,True,False,25420
25428,asid_25428,1,True,False,25428
25431,asid_25431,1,True,False,25431
25433,asid_25433,1,True,False,25433
25441,asid_25441,1,True,False,25441
25445,asid_25445,1,True,False,25445
25451,asid_15543,4,False,True,15543
25458,asid_1828,12,False,True,903
25481,asid_3709,4,False,False,25481
25482,asid_25482,1,True,False,25482
25483,asid_25483,1,True,False,25483
25490,asid_4116,1,True,False,25490
25504,asid_25504,2,True,False,25504
25505,asid_25505,1,True,False,25505
25510,asid_25510,2,True,False,25510
25512,asid_25512,1,True,False,25512
25516,asid_1701,3,False,False,25516
25520,asid_25520,1,True,False,25520
25523,asid_25523,1,True,False,25523
25525,asid_25525,1,True,False,25525
25529,asid_25529,1,True,False,25529
25531,asid_26183,2,True,False,25531
25533,asid_25533,1,True,False,25533
25535,asid_5222,3,True,True,5222
25541,asid_17036,2,True,True,17036
25547,asid_6736,3,True,True,39685
25548,asid_25548,1,True,False,25548
25555,asid_25555,1,True,False,25555
25558,asid_25558,1,True,False,25558
25562,asid_25562,1,True,False,25562
25568,asid_25568,1,True,False,25568
25574,asid_25574,1,True,False,25574
25578,asid_25578,1,True,False,25578
25579,asid_4263,2,False,True,4263
25581,asid_2608,3,False,False,25581
25582,asid_25582,1,True,False,25582
25583,asid_25583,2,False,False,25583
25584,asid_25584,1,True,False,25584
25588,asid_25588,1,True,False,25588
25596,asid_12109,2,False,False,25596
25602,asid_25602,1,True,False,25602
25604,asid_25604,2,True,False,25604
25607,asid_25607,1,True,False,25607
25613,asid_25613,1,True,False,25613
25614,asid_25614,1,True,False,25614
25619,asid_25619,1,True,False,25619
25623,asid_16371,3,False,True,16371
25629,asid_23593,3,False,True,19397
25634,asid_25634,1,True,False,25634
25638,asid_14831,2,False,False,25638
25646,asid_25646,3,False,False,25646
25652,asid_15194,2,True,False,25652
25654,asid_25654,1,True,False,25654
25656,asid_3030,7,False,False,25656
25663,asid_25663,1,True,False,25663
25666,asid_25666,1,True,False,25666
25668,asid_25668,1,True,False,25668
25674,asid_25674,3,False,False,25674
25683,asid_25683,1,True,False,25683
25685,asid_25685,1,True,False,25685
25697,asid_25697,1,True,False,25697
25699,asid_25699,1,True,False,25699
25705,asid_12557,2,False,False,25705
25713,asid_25713,2,False,False,25713
25714,asid_25714,2,True,False,25714
25722,asid_25722,1,True,False,25722
25735,asid_25735,2,True,False,25735
25738,asid_25738,1,True,False,25738
25741,asid_25741,1,True,False,25741
25744,asid_25744,1,True,False,25744
25748,asid_25748,5,False,False,25748
25750,asid_25750,1,True,False,25750
25754,asid_25754,1,True,False,25754
25762,asid_25762,2,True,False,25762
25766,asid_317,13,True,True,1941
25771,asid_25771,1,True,False,25771
25775,asid_25775,1,True,False,25775
25793,asid_25793,1,True,False,25793
25797,asid_12183,4,False,False,25797
25798,asid_3643,6,False,True,3643
25802,asid_25802,1,True,False,25802
25803,asid_25803,2,False,False,25803
25811,asid_25811,1,True,False,25811
25813,asid_25813,1,True,False,25813
25817,asid_25817,1,True,False,25817
25818,asid_25818,1,True,False,25818
25820,asid_43519,2,True,False,25820
25831,asid_25831,1,True,False,25831
25840,asid_25840,1,True,False,25840
25842,asid_25842,2,False,False,25842
25845,asid_2372,5,False,True,46955
25848,asid_25848,2,False,False,25848
25849,asid_15784,4,False,False,25849
25873,asid_1242,18,False,True,1242
25881,asid_25881,1,True,False,25881
25883,asid_25883,2,True,False,25883
25884,asid_25884,1,True,False,25884
25885,asid_25885,1,True,False,25885
25888,asid_14618,11,False,True,503
25893,asid_25893,2,True,False,25893
25896,asid_25896,1,True,False,25896
25902,asid_25902,1,True,False,25902
25904,asid_16862,2,False,False,25904
25905,asid_2734,4,True,True,2734
25920,asid_25920,1,True,False,25920
25921,asid_25921,1,True,False,25921
25923,asid_25923,1,True,False,25923
25926,asid_25926,1,True,False,25926
25935,asid_25935,1,True,False,25935
25936,asid_22399,2,False,False,25936
25942,asid_25942,1,True,False,25942
25945,asid_25945,1,True,False,25945
25946,asid_25946,1,True,False,25946
25947,asid_25947,1,True,False,25947
25969,asid_25969,2,False,False,25969
25972,asid_25972,1,True,False,25972
25974,asid_25974,1,True,False,25974
25975,asid_25975,2,True,False,25975
25978,asid_25978,2,False,False,25978
25984,asid_25984,1,True,False,25984
25990,asid_25990,1,True,False,25990
25995,asid_25995,1,True,False,25995
25998,asid_25998,1,True,False,25998
26000,asid_26000,3,False,False,26000
26002,asid_26002,1,True,False,26002
26008,asid_6076,2,True,False,26008
26024,asid_26024,1,True,False,26024
26028,asid_651,15,False,False,26028
26032,asid_13709,2,False,False,26032
26034,asid_26034,1,True,False,26034
26039,asid_23559,4,False,True,11608
26042,asid_26042,1,True,False,26042
26046,asid_26046,6,False,False,26046
26055,asid_10666,5,True,True,10666
26056,asid_26056,1,True,False,26056
26059,asid_26059,1,True,False,26059
26060,asid_21106,2,False,False,26060
26075,asid_26075,1,True,False,26075
26083,asid_26083,1,True,False,26083
26084,asid_26084,2,True,False,26084
26087,asid_26087,1,True,False,26087
26088,asid_26088,1,True,False,26088
26093,asid_26093,1,True,False,26093
26095,asid_26095,2,False,False,26095
26100,asid_26100,1,True,False,26100
26101,asid_26101,1,True,False,26101
26105,asid_26105,1,True,False,26105
26110,asid_26110,1,True,False,26110
26126,asid_26126,2,True,False,26126
26131,asid_26131,1,True,False,26131
26133,asid_26133,1,True,False,26133
26138,asid_26138,3,False,False,26138
26139,asid_26139,2,True,False,26139
26140,asid_26140,1,True,False,26140
26141,asid_26141,1,True,False,26141
26143,asid_26143,1,True,False,26143
26144,asid_26144,1,True,False,26144
26151,asid_4721,6,False,True,4721
26159,asid_26159,1,True,False,26159
26161,asid_26161,2,True,False,26161
26167,asid_26167,1,True,False,26167
26170,asid_26170,1,True,False,26170
26177,asid_26177,1,True,False,26177
26179,asid_26179,1,True,False,26179
26182,asid_26182,1,True,False,26182
26183,asid_26183,2,False,False,26183
26184,asid_26184,1,True,False,26184
26186,asid_26186,1,True,False,26186
26187,asid_26187,1,True,False,26187
26199,asid_1727,8,False,False,26199
26202,asid_26202,1,True,False,26202
26209,asid_26209,1,True,False,26209
26223,asid_26223,1,True,False,26223
26230,asid_23453,3,False,False,26230
26235,asid_26235,1,True,False,26235
26240,asid_26240,1,True,False,26240
26248,asid_26248,1,True,False,26248
26249,asid_15802,2,True,True,15802
26253,asid_15543,4,False,True,15543
26256,asid_26256,1,True,False,26256
26261,asid_26663,6,False,False,26261
26268,asid_26268,1,True,False,26268
26271,asid_26271,1,True,False,26271
26283,asid_26283,2,False,False,26283
26291,asid_26291,1,True,False,26291
26297,asid_1002,7,False,False,26297
26300,asid_26300,1,True,False,26300
26305,asid_26305,1,True,False,26305
26310,asid_13200,2,False,False,26310
26323,asid_26323,2,False,False,26323
26325,asid_26325,1,True,False,26325
26327,asid_26327,1,True,False,26327
26340,asid_26340,1,True,False,26340
26341,asid_26341,1,True,False,26341
26348,asid_6800,17,False,False,26348
26356,asid_26356,1,True,False,26356
26368,asid_26368,1,True,False,26368
26370,asid_26370,1,True,False,26370
26371,asid_26371,1,True,False,26371
26379,asid_26379,2,False,False,26379
26381,asid_26381,1,True,False,26381
26382,asid_26382,3,False,False,26382
26384,asid_15773,2,True,False,26384
26386,asid_6454,2,False,False,26386
26393,asid_28725,7,False,False,26393
26394,asid_1242,18,False,True,3718
26395,asid_45279,2,True,False,26395
26397,asid_26397,1,True,False,26397
26403,asid_26403,1,True,False,26403
26408,asid_26408,2,False,False,26408
26416,asid_26416,1,True,False,26416
26420,asid_26420,1,True,False,26420
26426,asid_26426,1,True,False,26426
26444,asid_12486,2,False,False,26444
26459,asid_26459,1,True,False,26459
26470,asid_26470,1,True,False,26470
26471,asid_26471,1,True,False,26471
26472,asid_5180,4,False,False,26472
26474,asid_19621,2,False,False,26474
26483,asid_26483,1,True,False,26483
26484,asid_505,5,False,False,26484
26485,asid_26485,1,True,False,26485
26489,asid_26489,1,True,False,26489
26495,asid_26495,1,True,False,26495
26507,asid_26507,1,True,False,26507
26512,asid_26512,1,True,False,26512
26523,asid_26523,2,False,False,26523
26524,asid_193,11,False,True,3829
26532,asid_27647,3,False,False,26532
26538,asid_4740,2,False,False,26538
26542,asid_26542,1,True,False,26542
26543,asid_26543,1,True,False,26543
26550,asid_26550,1,True,False,26550
26552,asid_26552,1,True,False,26552
26554,asid_74,32,False,False,26554
26558,asid_26558,1,True,False,26558
26566,asid_8985,2,False,False,26566
26574,asid_26574,2,False,False,26574
26575,asid_26575,1,True,False,26575
26579,asid_26579,1,True,False,26579
26581,asid_26581,1,True,False,26581
26591,asid_26591,1,True,False,26591
26598,asid_26598,1,True,False,26598
26604,asid_3827,3,False,False,26604
26607,asid_26607,2,True,False,26607
26616,asid_26616,1,True,False,26616
26625,asid_3884,6,False,False,26625
26630,asid_26630,1,True,False,26630
26631,asid_6715,4,False,False,26631
26634,asid_39748,2,True,False,26634
26638,asid_26638,1,True,False,26638
26639,asid_26639,1,True,False,26639
26640,asid_26640,1,True,False,26640
26647,asid_26647,1,True,False,26647
26656,asid_1727,8,False,False,26656
26658,asid_26658,1,True,False,26658
26662,asid_26662,1,True,False,26662
26663,asid_26663,6,False,False,26663
26664,asid_26664,2,True,False,26664
26669,asid_26669,2,False,False,26669
26670,asid_26670,1,True,False,26670
26673,asid_26673,1,True,False,26673
26683,asid_7194,3,False,False,26683
26686,asid_26686,1,True,False,26686
26695,asid_26695,2,True,False,26695
26699,asid_26699,1,True,False,26699
26700,asid_26700,2,True,False,26700
26701,asid_26701,1,True,False,26701
26703,asid_26703,1,True,False,26703
26713,asid_26713,1,True,False,26713
26714,asid_26714,1,True,False,26714
26715,asid_26715,7,False,False,26715
26720,asid_2810,7,False,True,21619
26721,asid_26721,1,True,False,26721
26724,asid_3514,3,False,False,26724
26730,asid_651,15,False,False,26730
26738,asid_26738,1,True,False,26738
26740,asid_26740,1,True,False,26740
26753,asid_26753,1,True,False,26753
26757,asid_26757,1,True,False,26757
26758,asid_20590,2,True,False,26758
26760,asid_12914,2,False,False,26760
26761,asid_35,8,False,False,26761
26762,asid_26762,1,True,False,26762
26764,asid_26764,1,True,False,26764
26772,asid_26772,1,True,False,26772
26786,asid_26786,1,True,False,26786
26790,asid_1865,3,False,False,26790
26797,asid_26797,1,True,False,26797
26818,asid_26818,1,True,False,26818
26820,asid_26820,1,True,False,26820
26822,asid_26822,1,True,False,26822
26823,asid_6991,6,False,False,26823
26831,asid_26831,1,True,False,26831
26840,asid_26840,1,True,False,26840
26844,asid_26844,2,True,False,26844
26859,asid_26859,1,True,False,26859
26866,asid_26866,1,True,False,26866
26871,asid_26871,1,True,False,26871
26878,asid_26878,2,True,False,26878
26880,asid_26880,3,True,False,26880
26892,asid_15212,9,False,True,15212
26893,asid_15839,4,True,True,3351
26896,asid_26896,1,True,False,26896
26902,asid_5560,5,False,True,7492
26904,asid_26904,7,True,False,26904
26926,asid_13679,2,False,False,26926
26927,asid_4853,2,False,False,26927
26928,asid_1242,18,False,True,403
26929,asid_13781,1,True,False,26929
26938,asid_26938,5,False,False,26938
26942,asid_26942,1,True,False,26942
26952,asid_418,4,False,False,26952
26970,asid_26970,1,True,False,26970
26972,asid_26972,1,True,False,26972
26974,asid_26974,2,False,False,26974
26979,asid_26979,1,True,False,26979
26981,asid_26981,1,True,False,26981
26992,asid_26992,3,False,False,26992
26999,asid_19013,1,True,False,26999
27001,asid_27001,1,True,False,27001
27012,asid_27012,2,True,False,27012
27021,asid_27021,1,True,False,27021
27022,asid_2141,4,True,True,2141
27038,asid_27038,1,True,False,27038
27041,asid_27041,1,True,False,27041
27042,asid_16305,2,False,False,27042
27045,asid_27045,2,True,False,27045
27046,asid_27046,1,True,False,27046
27054,asid_22270,3,False,False,27054
27061,asid_27061,1,True,False,27061
27069,asid_14506,3,False,False,27069
27075,asid_34523,2,False,True,13708
27089,asid_27089,1,True,False,27089
27092,asid_9812,1,True,False,27092
27095,asid_9716,2,True,False,27095
27111,asid_27111,1,True,False,27111
27121,asid_1703,4,False,False,27121
27122,asid_27122,1,True,False,27122
27126,asid_27126,1,True,False,27126
27130,asid_1831,10,True,True,2217
27132,asid_27132,1,True,False,27132
27135,asid_12726,1,True,False,27135
27147,asid_27147,1,True,False,27147
27160,asid_27160,1,True,False,27160
27161,asid_6891,5,False,False,27161
27163,asid_26046,6,False,True,26046
27164,asid_27164,1,True,False,27164
27170,asid_27170,1,True,False,27170
27176,asid_18566,2,False,False,27176
27179,asid_27179,1,True,False,27179
27185,asid_26700,2,False,True,26700
27189,asid_17547,2,False,False,27189
27194,asid_29695,4,False,False,27194
27196,asid_27196,1,True,False,27196
27204,asid_27204,2,False,False,27204
27205,asid_27205,1,True,False,27205
27206,asid_27206,1,True,False,27206
27210,asid_1358,2,False,False,27210
27218,asid_27218,3,False,False,27218
27222,asid_42435,2,True,False,27222
27225,asid_27225,1,True,False,27225
27233,asid_27233,2,False,False,27233
27243,asid_27243,1,True,False,27243
27247,asid_21913,3,False,False,27247
27258,asid_27258,1,True,False,27258
27260,asid_10003,2,True,False,27260
27261,asid_27261,1,True,False,27261
27275,asid_27275,1,True,False,27275
27278,asid_27278,1,True,False,27278
27279,asid_27279,1,True,False,27279
27280,asid_3149,5,False,False,27280
27285,asid_27285,1,True,False,27285
27289,asid_27289,1,True,False,27289
27293,asid_27293,1,True,False,27293
27298,asid_27298,1,True,False,27298
27300,asid_27300,1,True,False,27300
27321,asid_27321,1,True,False,27321
27330,asid_44876,2,False,True,44876
27332,asid_27332,2,False,False,27332
27334,asid_27334,1,True,False,27334
27346,asid_27346,1,True,False,27346
27349,asid_27349,1,True,False,27349
27370,asid_27370,1,True,False,27370
27376,asid_27376,1,True,False,27376
27401,asid_27401,1,True,False,27401
27413,asid_27413,1,True,False,27413
27421,asid_473,3,False,False,27421
27438,asid_27438,1,True,False,27438
27441,asid_27441,1,True,False,27441
27443,asid_27443,1,True,False,27443
27452,asid_11045,3,False,False,27452
27453,asid_27453,5,False,False,27453
27460,asid_12671,5,False,True,12671
27461,asid_27461,1,True,False,27461
27464,asid_27464,1,True,False,27464
27466,asid_27466,1,True,False,27466
27469,asid_10379,3,False,False,27469
27475,asid_35671,1,True,False,27475
27478,asid_27478,1,True,False,27478
27479,asid_7816,3,True,True,7816
27483,asid_27483,1,True,False,27483
27486,asid_13442,2,False,False,27486
27490,asid_27490,1,True,False,27490
27491,asid_35103,1,True,False,27491
27494,asid_19573,2,False,False,27494
27499,asid_13715,2,False,False,27499
27506,asid_27506,1,True,False,27506
27507,asid_27507,1,True,False,27507
27512,asid_27512,1,True,False,27512
27515,asid_27515,1,True,False,27515
27516,asid_27516,1,True,False,27516
27526,asid_9149,2,False,False,27526
27538,asid_27538,1,True,False,27538
27547,asid_27547,1,True,False,27547
27548,asid_22447,2,False,True,22447
27551,asid_27551,1,True,False,27551
27565,asid_1347,10,False,True,1347
27567,asid_27567,1,True,False,27567
27571,asid_27571,1,True,False,27571
27572,asid_4219,3,False,False,27572
27576,asid_27576,1,True,False,27576
27584,asid_27584,1,True,False,27584
27589,asid_27589,1,True,False,27589
27592,asid_27592,2,False,False,27592
27597,asid_27597,1,True,False,27597
27609,asid_27609,1,True,False,27609
27621,asid_37247,3,False,True,37247
27628,asid_27628,1,True,False,27628
27630,asid_27630,1,True,False,27630
27636,asid_27636,1,True,False,27636
27640,asid_33638,7,False,False,27640
27642,asid_27642,1,True,False,27642
27647,asid_27647,3,False,False,27647
27648,asid_27648,1,True,False,27648
27650,asid_27650,1,True,False,27650
27655,asid_27655,1,True,False,27655
27665,asid_27665,1,True,False,27665
27668,asid_26000,3,False,False,27668
27676,asid_27676,1,True,False,27676
27678,asid_27678,1,True,False,27678
27682,asid_27682,1,True,False,27682
27685,asid_321,2,False,False,27685
27688,asid_27688,1,True,False,27688
27689,asid_27689,1,True,False,27689
27695,asid_27695,1,True,False,27695
27696,asid_27696,1,True,False,27696
27699,asid_317,13,False,False,27699
27701,asid_27701,1,True,False,27701
27723,asid_27723,1,True,False,27723
27728,asid_27728,1,True,False,27728
27729,asid_27729,1,True,False,27729
27736,asid_3532,8,False,True,4957
27739,asid_27739,1,True,False,27739
27740,asid_8080,2,False,False,27740
27741,asid_27741,1,True,False,27741
27742,asid_27742,1,True,False,27742
27747,asid_27747,1,True,False,27747
27751,asid_27751,1,True,False,27751
27755,asid_27755,1,True,False,27755
27762,asid_27762,1,True,False,27762
27766,asid_16263,2,False,False,27766
27782,asid_27782,2,True,False,27782
27783,asid_27783,1,True,False,27783
27786,asid_27786,1,True,False,27786
27800,asid_27800,1,True,False,27800
27803,asid_46105,3,False,False,27803
27807,asid_27807,1,True,False,27807
27820,asid_27820,1,True,False,27820
27821,asid_27821,1,True,False,27821
27824,asid_27824,1,True,False,27824
27826,asid_27826,1,True,False,27826
27828,asid_27828,1,True,False,27828
27833,asid_27833,1,True,False,27833
27841,asid_32024,2,True,False,27841
27842,asid_27842,1,True,False,27842
27845,asid_27845,1,True,False,27845
27849,asid_27849,1,True,False,27849
27850,asid_27850,1,True,False,27850
27862,asid_9836,4,False,True,9836
27884,asid_3532,8,False,True,4718
27888,asid_29876,2,False,True,29876
27889,asid_27889,1,True,False,27889
27890,asid_27890,1,True,False,27890
27894,asid_27894,1,True,False,27894
27895,asid_4613,4,False,False,27895
27900,asid_27900,1,True,False,27900
27905,asid_27905,1,True,False,27905
27907,asid_317,13,False,False,27907
27911,asid_27911,1,True,False,27911
27916,asid_27916,1,True,False,27916
27922,asid_27922,1,True,False,27922
27926,asid_27926,1,True,False,27926
27928,asid_616,12,False,False,27928
27931,asid_27931,1,True,False,27931
27935,asid_18629,2,False,False,27935
27944,asid_27944,1,True,False,27944
27946,asid_15960,2,False,False,27946
27963,asid_27963,1,True,False,27963
27966,asid_27966,1,True,False,27966
27976,asid_27976,1,True,False,27976
27984,asid_27984,3,True,False,27984
27998,asid_5510,4,False,False,27998
28002,asid_5682,3,True,True,5682
28005,asid_28005,1,True,False,28005
28018,asid_28018,1,True,False,28018
28019,asid_28019,2,True,False,28019
28026,asid_18618,2,True,False,28026
28027,asid_554,2,False,True,554
28029,asid_35129,2,True,False,28029
28032,asid_28032,1,True,False,28032
28038,asid_28038,1,True,False,28038
28041,asid_28041,1,True,False,28041
28061,asid_8927,5,True,True,8927
28065,asid_28065,1,True,False,28065
28070,asid_28070,1,True,False,28070
28077,asid_28077,1,True,False,28077
28079,asid_28079,1,True,False,28079
28083,asid_28083,1,True,False,28083
28098,asid_2829,4,False,False,28098
28104,asid_2810,7,False,False,28104
28108,asid_28108,1,True,False,28108
28110,asid_41075,2,False,False,28110
28126,asid_28126,2,True,False,28126
28133,asid_28133,1,True,False,28133
28139,asid_28139,1,True,False,28139
28142,asid_3404,12,False,True,7084
28143,asid_28143,1,True,False,28143
28156,asid_5485,1,True,False,28156
28157,asid_28157,1,True,False,28157
28203,asid_28203,1,True,False,28203
28204,asid_14989,3,False,False,28204
28207,asid_12396,3,False,False,28207
28211,asid_16272,4,False,False,28211
28214,asid_28214,1,True,False,28214
28217,asid_28217,1,True,False,28217
28218,asid_28218,2,False,False,28218
28221,asid_28221,1,True,False,28221
28236,asid_22096,2,False,True,22096
28238,asid_28238,1,True,False,28238
28252,asid_4685,5,False,True,4685
28256,asid_28256,1,True,False,28256
28262,asid_28262,1,True,False,28262
28264,asid_28264,1,True,False,28264
28286,asid_157,2,False,False,28286
28289,asid_28289,2,False,False,28289
28299,asid_4125,6,False,True,4125
28303,asid_28303,1,True,False,28303
28313,asid_28313,1,True,False,28313
28316,asid_28316,1,True,False,28316
28317,asid_28317,1,True,False,28317
28328,asid_28328,1,True,False,28328
28330,asid_28330,1,True,False,28330
28332,asid_28332,1,True,False,28332
28335,asid_28335,1,True,False,28335
28338,asid_3235,4,False,False,28338
28344,asid_11159,3,False,False,28344
28351,asid_9694,2,False,False,28351
28354,asid_28354,1,True,False,28354
28355,asid_3249,3,False,False,28355
28376,asid_13126,4,False,False,28376
28384,asid_28384,1,True,False,28384
28400,asid_26992,3,True,True,1946
28402,asid_28402,1,True,False,28402
28403,asid_28403,1,True,False,28403
28409,asid_28409,1,True,False,28409
28416,asid_28416,1,True,False,28416
28420,asid_28420,1,True,False,28420
28425,asid_6563,2,False,False,28425
28428,asid_28428,1,True,False,28428
28429,asid_6728,2,False,False,28429
28435,asid_28435,1,True,False,28435
28437,asid_28437,1,True,False,28437
28450,asid_28450,2,False,False,28450
28453,asid_28453,1,True,False,28453
28460,asid_28460,1,True,False,28460
28461,asid_28461,1,True,False,28461
28462,asid_5887,2,False,False,28462
28471,asid_28471,2,False,False,28471
28474,asid_28474,2,True,False,28474
28484,asid_22341,2,False,False,28484
28488,asid_8715,5,False,True,8715
28489,asid_28489,1,True,False,28489
28490,asid_28490,1,True,False,28490
28493,asid_28493,1,True,False,28493
28498,asid_4845,1,True,False,28498
28500,asid_28500,1,True,False,28500
28506,asid_28506,1,True,False,28506
28510,asid_28510,1,True,False,28510
28511,asid_28511,2,True,False,28511
28513,asid_28513,1,True,False,28513
28515,asid_2797,5,False,False,28515
28522,asid_28522,1,True,False,28522
28552,asid_28552,1,True,False,28552
28564,asid_39294,4,True,True,37390
28567,asid_28567,1,True,False,28567
28606,asid_28606,1,True,False,28606
28609,asid_27012,2,False,True,27012
28614,asid_28614,1,True,False,28614
28617,asid_15434,7,False,False,28617
28632,asid_28632,4,False,False,28632
28634,asid_16176,2,False,False,28634
28635,asid_28635,4,True,False,28635
28640,asid_3287,10,False,False,28640
28642,asid_39525,2,True,False,28642
28651,asid_28651,1,True,False,28651
28658,asid_14618,11,False,False,28658
28659,asid_26695,2,False,False,28659
28672,asid_28672,1,True,False,28672
28679,asid_28679,1,True,False,28679
28691,asid_28691,2,True,False,28691
28692,asid_28692,1,True,False,28692
28702,asid_28702,2,True,False,28702
28706,asid_7167,3,False,False,28706
28707,asid_28707,1,True,False,28707
28715,asid_28715,1,True,False,28715
28725,asid_28725,7,False,False,28725
28727,asid_28727,1,True,False,28727
28730,asid_28730,1,True,False,28730
28735,asid_28735,1,True,False,28735
28740,asid_28740,2,False,False,28740
28749,asid_3003,5,True,True,3003
28757,asid_2011,2,False,False,28757
28760,asid_28760,1,True,False,28760
28766,asid_28766,1,True,False,28766
28767,asid_28767,3,False,False,28767
28770,asid_28770,1,True,False,28770
28771,asid_28771,1,True,False,28771
28780,asid_6586,2,False,False,28780
28783,asid_31011,6,False,True,31011
28785,asid_41384,2,True,False,28785
28792,asid_28792,1,True,False,28792
28796,asid_28796,1,True,False,28796
28805,asid_28805,2,True,False,28805
28810,asid_28810,1,True,False,28810
28813,asid_29111,2,True,False,28813
28817,asid_28817,2,True,False,28817
28824,asid_28824,2,False,False,28824
28829,asid_28829,1,True,False,28829
28832,asid_28832,1,True,False,28832
28837,asid_28837,2,False,False,28837
28838,asid_15366,2,False,True,15366
28840,asid_28840,1,True,False,28840
28841,asid_37495,3,True,False,28841
28853,asid_28853,1,True,False,28853
28880,asid_28880,1,True,False,28880
28885,asid_28885,1,True,False,28885
28893,asid_28893,1,True,False,28893
28895,asid_6097,7,False,False,28895
28899,asid_28899,1,True,False,28899
28907,asid_28907,2,True,False,28907
28915,asid_28915,1,True,False,28915
28929,asid_29948,1,True,False,28929
28936,asid_28936,1,True,False,28936
28942,asid_28942,1,True,False,28942
28956,asid_15091,2,False,False,28956
28958,asid_28958,1,True,False,28958
28967,asid_28967,1,True,False,28967
28977,asid_28977,1,True,False,28977
28978,asid_28978,1,True,False,28978
28987,asid_15544,2,False,False,28987
28989,asid_28989,1,True,False,28989
29007,asid_29007,1,True,False,29007
29010,asid_29010,4,False,False,29010
29017,asid_27224,1,True,False,29017
29018,asid_5273,3,False,False,29018
29030,asid_29030,1,True,False,29030
29034,asid_29034,1,True,False,29034
29042,asid_29042,1,True,False,29042
29062,asid_29062,1,True,False,29062
29063,asid_29063,1,True,False,29063
29071,asid_29071,1,True,False,29071
29077,asid_29077,2,True,False,29077
29078,asid_29078,1,True,False,29078
29082,asid_8362,3,False,False,29082
29083,asid_29083,1,True,False,29083
29084,asid_16272,4,False,False,29084
29088,asid_29088,1,True,False,29088
29101,asid_29101,1,True,False,29101
29111,asid_29111,2,False,False,29111
29113,asid_29113,1,True,False,29113
29122,asid_29122,1,True,False,29122
29124,asid_29124,1,True,False,29124
29134,asid_48224,2,True,False,29134
29135,asid_29135,2,False,False,29135
29137,asid_2774,4,False,False,29137
29156,asid_39155,5,False,False,29156
29162,asid_29162,1,True,False,29162
29170,asid_6597,1,True,False,29170
29174,asid_9643,5,False,False,29174
29175,asid_29175,1,True,False,29175
29183,asid_14,9,False,False,29183
29185,asid_29185,1,True,False,29185
29191,asid_29191,1,True,False,29191
29195,asid_29195,1,True,False,29195
29197,asid_45461,3,False,False,29197
29201,asid_72,9,False,False,29201
29204,asid_29204,1,True,False,29204
29209,asid_29209,3,False,False,29209
29222,asid_29222,1,True,False,29222
29224,asid_29224,1,True,False,29224
29235,asid_29235,3,False,False,29235
29241,asid_29241,1,True,False,29241
29249,asid_12534,2,False,False,29249
29261,asid_29261,1,True,False,29261
29263,asid_30802,2,False,False,29263
29265,asid_29265,1,True,False,29265
29269,asid_29269,2,True,False,29269
29270,asid_4019,2,False,False,29270
29279,asid_29279,1,True,False,29279
29283,asid_29283,2,True,False,29283
29288,asid_29288,1,True,False,29288
29307,asid_29307,1,True,False,29307
29308,asid_29308,1,True,False,29308
29316,asid_29316,1,True,False,29316
29318,asid_29318,1,True,False,29318
29319,asid_29319,1,True,False,29319
29322,asid_29322,1,True,False,29322
29325,asid_29325,2,False,False,29325
29328,asid_9916,2,False,False,29328
29331,asid_3730,3,False,True,3730
29346,asid_29346,1,True,False,29346
29348,asid_3131,6,False,True,3131
29351,asid_29351,1,True,False,29351
29356,asid_29356,1,True,False,29356
29360,asid_29360,1,True,False,29360
29372,asid_29372,1,True,False,29372
29374,asid_29374,2,False,False,29374
29378,asid_29378,1,True,False,29378
29391,asid_29391,1,True,False,29391
29396,asid_29396,1,True,False,29396
29405,asid_9904,2,False,False,29405
29412,asid_5847,2,False,True,5847
29420,asid_29420,1,True,False,29420
29424,asid_29424,1,True,False,29424
29433,asid_29433,1,True,False,29433
29434,asid_29434,2,False,False,29434
29436,asid_29436,1,True,False,29436
29444,asid_29444,1,True,False,29444
29448,asid_29448,1,True,False,29448
29451,asid_29451,2,False,False,29451
29454,asid_29454,2,True,False,29454
29459,asid_11276,3,False,False,29459
29470,asid_35007,2,False,True,35007
29475,asid_29475,1,True,False,29475
29482,asid_3994,4,False,False,29482
29488,asid_29488,1,True,False,29488
29494,asid_8118,1,True,False,29494
29495,asid_553,19,False,False,29495
29502,asid_26046,6,False,True,26046
29511,asid_22085,4,False,False,29511
29520,asid_18122,2,True,False,29520
29524,asid_29524,1,True,False,29524
29525,asid_29525,1,True,False,29525
29531,asid_29531,1,True,False,29531
29532,asid_29532,1,True,False,29532
29548,asid_2554,7,False,False,29548
29550,asid_29550,1,True,False,29550
29552,asid_14989,3,False,False,29552
29559,asid_29559,1,True,False,29559
29560,asid_29560,1,True,False,29560
29566,asid_22547,2,False,False,29566
29572,asid_29572,1,True,False,29572
29584,asid_29584,1,True,False,29584
29585,asid_29585,1,True,False,29585
29586,asid_29586,2,True,False,29586
29588,asid_29588,1,True,False,29588
29599,asid_29599,1,True,False,29599
29606,asid_29606,1,True,False,29606
29610,asid_29610,1,True,False,29610
29613,asid_8971,2,False,False,29613
29618,asid_2682,6,False,False,29618
29627,asid_8012,2,False,False,29627
29628,asid_1145,5,False,False,29628
29630,asid_26126,2,False,True,26126
29634,asid_29634,1,True,False,29634
29637,asid_29637,1,True,False,29637
29639,asid_29639,1,True,False,29639
29650,asid_29650,1,True,False,29650
29652,asid_29652,1,True,False,29652
29654,asid_29654,1,True,False,29654
29659,asid_32337,2,False,False,29659
29665,asid_29665,1,True,False,29665
29670,asid_29670,1,True,False,29670
29674,asid_29674,1,True,False,29674
29676,asid_29676,1,True,False,29676
29677,asid_7892,3,False,True,7892
29695,asid_29695,4,False,False,29695
29696,asid_18244,2,False,False,29696
29697,asid_29697,1,True,False,29697
29708,asid_29708,1,True,False,29708
29715,asid_29715,1,True,False,29715
29718,asid_29718,1,True,False,29718
29719,asid_29719,1,True,False,29719
29720,asid_29720,1,True,False,29720
29731,asid_29731,1,True,False,29731
29748,asid_29748,1,True,False,29748
29751,asid_29751,1,True,False,29751
29758,asid_16059,2,True,False,29758
29759,asid_29759,1,True,False,29759
29767,asid_29767,1,True,False,29767
29769,asid_29769,1,True,False,29769
29776,asid_29776,1,True,False,29776
29780,asid_13734,2,False,False,29780
29785,asid_1703,4,False,False,29785
29787,asid_29787,1,True,False,29787
29789,asid_29789,1,True,False,29789
29790,asid_12414,8,False,True,12414
29791,asid_19115,3,False,False,29791
29792,asid_29792,1,True,False,29792
29794,asid_29794,1,True,False,29794
29797,asid_29797,1,True,False,29797
29800,asid_29800,1,True,False,29800
29820,asid_29820,1,True,False,29820
29821,asid_1548,1,True,False,29821
29824,asid_29824,1,True,False,29824
29829,asid_134,6,True,True,134
29833,asid_29833,1,True,False,29833
29855,asid_29855,1,True,False,29855
29862,asid_29862,1,True,False,29862
29867,asid_22475,2,False,False,29867
29871,asid_29871,1,True,False,29871
29873,asid_29873,1,True,False,29873
29874,asid_29874,1,True,False,29874
29876,asid_29876,2,True,False,29876
29877,asid_29877,3,True,False,29877
29883,asid_29883,1,True,False,29883
29887,asid_18923,2,False,False,29887
29891,asid_17821,2,False,False,29891
29896,asid_29896,1,True,False,29896
29898,asid_29898,1,True,False,29898
29903,asid_29903,1,True,False,29903
29906,asid_29906,1,True,False,29906
29907,asid_29907,1,True,False,29907
29910,asid_29910,1,True,False,29910
29917,asid_29917,4,False,False,29917
29926,asid_29926,1,True,False,29926
29952,asid_27045,2,False,False,29952
29953,asid_29953,2,False,False,29953
29958,asid_29958,2,False,False,29958
29962,asid_29962,1,True,False,29962
29965,asid_29965,1,True,False,29965
29966,asid_29966,1,True,False,29966
29977,asid_29977,1,True,False,29977
29980,asid_29980,1,True,False,29980
29982,asid_29982,1,True,False,29982
29983,asid_29983,1,True,False,29983
29986,asid_29986,1,True,False,29986
29992,asid_8875,3,False,False,29992
30002,asid_30002,1,True,False,30002
30003,asid_31566,2,False,False,30003
30004,asid_30004,1,True,False,30004
30015,asid_30015,2,False,False,30015
30018,asid_30018,1,True,False,30018
30020,asid_30020,1,True,False,30020
30024,asid_4707,6,False,True,3728
30025,asid_240,15,False,False,30025
30027,asid_3643,6,False,True,3643
30031,asid_14822,3,False,False,30031
30036,asid_30036,1,True,False,30036
30038,asid_3516,4,False,False,30038
30041,asid_30041,1,True,False,30041
30046,asid_12468,2,False,False,30046
30047,asid_41174,1,True,False,30047
30050,asid_30050,1,True,False,30050
30062,asid_30062,1,True,False,30062
30063,asid_30063,1,True,False,30063
30064,asid_30064,1,True,False,30064
30068,asid_30068,2,True,False,30068
30070,asid_30070,1,True,False,30070
30072,asid_30072,1,True,False,30072
30073,asid_30073,1,True,False,30073
30080,asid_30080,1,True,False,30080
30081,asid_63,6,False,False,30081
30086,asid_30086,1,True,False,30086
30095,asid_46056,4,False,False,30095
30121,asid_30121,1,True,False,30121
30129,asid_29917,4,False,True,29917
30136,asid_30136,1,True,False,30136
30141,asid_30141,1,True,False,30141
30142,asid_30142,1,True,False,30142
30144,asid_30144,1,True,False,30144
30150,asid_30150,1,True,False,30150
30151,asid_30151,4,False,False,30151
30160,asid_30160,1,True,False,30160
30161,asid_30161,1,True,False,30161
30168,asid_30168,1,True,False,30168
30170,asid_30170,1,True,False,30170
30171,asid_30171,1,True,False,30171
30190,asid_12275,3,False,False,30190
30191,asid_4174,6,False,False,30191
30193,asid_30193,1,True,False,30193
30196,asid_30196,3,False,False,30196
30200,asid_30200,1,True,False,30200
30211,asid_30211,1,True,False,30211
30216,asid_30216,3,False,False,30216
30226,asid_30226,1,True,False,30226
30232,asid_14978,2,False,False,30232
30247,asid_30247,1,True,False,30247
30252,asid_30252,1,True,False,30252
30258,asid_30258,2,True,False,30258
30267,asid_30267,1,True,False,30267
30272,asid_30272,1,True,False,30272
30275,asid_30196,3,True,True,30196
30276,asid_30276,4,False,False,30276
30278,asid_30278,1,True,False,30278
30285,asid_1507,3,False,True,1507
30288,asid_35927,2,True,False,30288
30290,asid_18614,3,False,False,30290
30315,asid_30315,1,True,False,30315
30319,asid_11936,4,False,False,30319
30321,asid_977,9,False,False,30321
30335,asid_30335,1,True,False,30335
30346,asid_30346,1,True,False,30346
30355,asid_30355,1,True,False,30355
30356,asid_30356,1,True,False,30356
30361,asid_15209,2,False,False,30361
30363,asid_30363,1,True,False,30363
30376,asid_30376,1,True,False,30376
30384,asid_30384,1,True,False,30384
30398,asid_30398,4,False,False,30398
30405,asid_36344,2,True,False,30405
30410,asid_30410,1,True,False,30410
30412,asid_30412,1,True,False,30412
30432,asid_30432,1,True,False,30432
30434,asid_30434,1,True,False,30434
30443,asid_232,10,False,False,30443
30444,asid_30444,1,True,False,30444
30447,asid_3398,3,False,False,30447
30452,asid_30452,1,True,False,30452
30454,asid_30454,1,True,False,30454
30457,asid_30457,1,True,False,30457
30462,asid_30462,1,True,False,30462
30465,asid_30465,1,True,False,30465
30474,asid_30474,1,True,False,30474
30477,asid_30477,1,True,False,30477
30483,asid_30483,1,True,False,30483
30490,asid_14132,2,False,False,30490
30508,asid_35453,1,True,False,30508
30511,asid_30511,1,True,False,30511
30514,asid_30514,1,True,False,30514
30518,asid_30518,1,True,False,30518
30550,asid_30550,1,True,False,30550
30561,asid_15829,2,False,False,30561
30563,asid_30563,2,False,False,30563
30566,asid_3131,6,False,True,3131
30570,asid_30570,1,True,False,30570
30572,asid_26607,2,False,False,30572
30573,asid_30573,1,True,False,30573
30582,asid_30582,1,True,False,30582
30583,asid_30583,1,True,False,30583
30594,asid_1880,7,False,True,1880
30600,asid_1043,6,True,True,1043
30606,asid_30606,1,True,False,30606
30610,asid_30610,1,True,False,30610
30611,asid_30611,1,True,False,30611
30613,asid_30613,1,True,False,30613
30614,asid_30614,1,True,False,30614
30615,asid_30615,1,True,False,30615
30639,asid_30639,1,True,False,30639
30640,asid_30640,1,True,False,30640
30648,asid_30648,1,True,False,30648
30652,asid_30652,1,True,False,30652
30653,asid_30653,1,True,False,30653
30656,asid_30656,1,True,False,30656
30659,asid_30659,1,True,False,30659
30660,asid_30660,1,True,False,30660
30661,asid_30661,1,True,False,30661
30662,asid_1022,4,False,False,30662
30678,asid_11278,1,True,False,30678
30680,asid_30680,2,True,False,30680
30681,asid_30681,1,True,False,30681
30686,asid_30686,2,True,False,30686
30689,asid_30689,1,True,False,30689
30692,asid_30692,1,True,False,30692
30693,asid_30693,1,True,False,30693
30695,asid_31,10,True,True,421
30702,asid_30702,1,True,False,30702
30710,asid_30710,1,True,False,30710
30711,asid_21379,2,False,True,21379
30716,asid_30716,1,True,False,30716
30720,asid_30720,1,True,False,30720
30723,asid_30723,1,True,False,30723
30728,asid_273,6,False,False,30728
30737,asid_30737,1,True,False,30737
30738,asid_881,6,False,False,30738
30742,asid_30742,1,True,False,30742
30743,asid_30743,1,True,False,30743
30744,asid_12177,4,True,True,12177
30756,asid_30756,1,True,False,30756
30760,asid_30760,1,True,False,30760
30782,asid_8134,3,True,True,8134
30802,asid_30802,2,True,False,30802
30808,asid_30808,1,True,False,30808
30841,asid_30841,1,True,False,30841
30850,asid_30850,1,True,False,30850
30863,asid_30863,1,True,False,30863
30870,asid_13619,2,False,False,30870
30883,asid_30883,1,True,False,30883
30890,asid_30890,1,True,False,30890
30898,asid_30898,1,True,False,30898
30901,asid_30901,1,True,False,30901
30904,asid_30904,1,True,False,30904
30914,asid_6123,6,True,True,1314
30920,asid_30920,1,True,False,30920
30921,asid_30921,1,True,False,30921
30923,asid_30923,1,True,False,30923
30940,asid_30940,1,True,False,30940
30947,asid_30947,1,True,False,30947
30951,asid_30951,2,True,False,30951
30966,asid_30966,1,True,False,30966
30972,asid_30972,1,True,False,30972
30983,asid_30983,1,True,False,30983
30989,asid_30989,1,True,False,30989
30990,asid_30990,1,True,False,30990
30991,asid_30991,1,True,False,30991
31002,asid_21465,2,False,False,31002
31003,asid_31003,1,True,False,31003
31011,asid_31011,6,False,False,31011
31022,asid_31022,1,True,False,31022
31025,asid_31025,1,True,False,31025
31029,asid_8134,3,False,False,31029
31033,asid_31033,1,True,False,31033
31041,asid_31041,1,True,False,31041
31047,asid_31047,1,True,False,31047
31055,asid_31055,1,True,False,31055
31061,asid_31061,1,True,False,31061
31067,asid_31067,1,True,False,31067
31076,asid_31076,1,True,False,31076
31081,asid_31081,1,True,False,31081
31083,asid_31083,1,True,False,31083
31092,asid_13687,4,False,True,13687
31096,asid_31096,1,True,False,31096
31101,asid_31101,1,True,False,31101
31125,asid_31125,2,False,False,31125
31127,asid_12380,2,False,False,31127
31138,asid_31138,1,True,False,31138
31147,asid_31147,1,True,False,31147
31159,asid_31159,1,True,False,31159
31182,asid_3030,7,False,False,31182
31184,asid_31184,1,True,False,31184
31195,asid_31195,1,True,False,31195
31199,asid_13960,2,False,False,31199
31204,asid_31204,2,True,False,31204
31208,asid_31208,2,False,False,31208
31211,asid_31211,2,True,False,31211
31218,asid_31218,1,True,False,31218
31220,asid_31220,3,False,False,31220
31229,asid_31229,1,True,False,31229
31230,asid_31230,1,True,False,31230
31235,asid_31235,3,False,False,31235
31238,asid_31238,1,True,False,31238
31239,asid_2739,3,False,False,31239
31267,asid_28907,2,False,False,31267
31268,asid_31268,1,True,False,31268
31272,asid_31272,1,True,False,31272
31273,asid_14089,2,False,False,31273
31278,asid_27332,2,True,False,31278
31296,asid_31296,1,True,False,31296
31315,asid_31315,1,True,False,31315
31318,asid_31318,1,True,False,31318
31328,asid_4910,5,False,False,31328
31344,asid_31344,1,True,False,31344
31354,asid_31354,1,True,False,31354
31363,asid_31363,3,False,False,31363
31364,asid_31364,1,True,False,31364
31365,asid_31365,1,True,False,31365
31378,asid_31378,1,True,False,31378
31385,asid_31385,1,True,False,31385
31391,asid_240,15,False,False,31391
31393,asid_41224,3,False,False,31393
31394,asid_31394,2,False,False,31394
31396,asid_31396,1,True,False,31396
31419,asid_7875,2,False,False,31419
31426,asid_31426,1,True,False,31426
31429,asid_31429,1,True,False,31429
31430,asid_31430,2,False,False,31430
31434,asid_31434,1,True,False,31434
31435,asid_31435,1,True,False,31435
31452,asid_31452,1,True,False,31452
31457,asid_31457,1,True,False,31457
31461,asid_31461,1,True,False,31461
31470,asid_31470,1,True,False,31470
31486,asid_31486,1,True,False,31486
31487,asid_31487,1,True,False,31487
31507,asid_40388,2,False,False,31507
31509,asid_31509,1,True,False,31509
31518,asid_31518,1,True,False,31518
31529,asid_1880,7,False,False,31529
31536,asid_31536,1,True,False,31536
31538,asid_31538,1,True,False,31538
31561,asid_31561,1,True,False,31561
31566,asid_31566,2,True,False,31566
31580,asid_31580,1,True,False,31580
31588,asid_31588,1,True,False,31588
31594,asid_31594,1,True,False,31594
31598,asid_6567,2,False,False,31598
31605,asid_31605,1,True,False,31605
31615,asid_31615,1,True,False,31615
31622,asid_31622,1,True,False,31622
31624,asid_31624,2,True,False,31624
31631,asid_31631,1,True,False,31631
31632,asid_31632,1,True,False,31632
31641,asid_31641,1,True,False,31641
31646,asid_17043,2,False,False,31646
31654,asid_31654,1,True,False,31654
31660,asid_31660,1,True,False,31660
31683,asid_31683,1,True,False,31683
31687,asid_31687,1,True,False,31687
31688,asid_31688,1,True,False,31688
31690,asid_31690,1,True,False,31690
31691,asid_31691,1,True,False,31691
31698,asid_3287,10,False,False,31698
31700,asid_31700,1,True,False,31700
31703,asid_31703,1,True,False,31703
31705,asid_31705,1,True,False,31705
31709,asid_23565,4,False,False,31709
31716,asid_31716,1,True,False,31716
31726,asid_31726,1,True,False,31726
31727,asid_10934,3,False,False,31727
31737,asid_5120,4,False,False,31737
31751,asid_1313,2,True,False,31751
31759,asid_31759,2,True,False,31759
31770,asid_31770,1,True,False,31770
31782,asid_16349,2,True,False,31782
31783,asid_31783,1,True,False,31783
31794,asid_31794,1,True,False,31794
31795,asid_31795,1,True,False,31795
31798,asid_31798,1,True,False,31798
31803,asid_31803,1,True,False,31803
31804,asid_31804,1,True,False,31804
31807,asid_31807,1,True,False,31807
31811,asid_31811,1,True,False,31811
31812,asid_31812,1,True,False,31812
31814,asid_31814,2,False,False,31814
31815,asid_31815,1,True,False,31815
31818,asid_793,2,False,False,31818
31819,asid_31819,1,True,False,31819
31825,asid_15132,2,False,False,31825
31826,asid_31826,1,True,False,31826
31827,asid_31827,1,True,False,31827
31834,asid_31834,1,True,False,31834
31837,asid_26138,3,False,False,31837
31845,asid_31845,1,True,False,31845
31847,asid_31847,1,True,False,31847
31863,asid_31863,1,True,False,31863
31898,asid_1347,10,False,True,1347
31900,asid_31900,1,True,False,31900
31915,asid_4042,3,False,False,31915
31921,asid_728,4,True,True,4680
31927,asid_3019,4,False,False,31927
31950,asid_31950,1,True,False,31950
31954,asid_31954,1,True,False,31954
31957,asid_31957,2,True,False,31957
31972,asid_31972,1,True,False,31972
31981,asid_31981,1,True,False,31981
31982,asid_31982,2,True,False,31982
32002,asid_32002,1,True,False,32002
32005,asid_32005,1,True,False,32005
32011,asid_23565,4,False,False,32011
32014,asid_32014,1,True,False,32014
32024,asid_32024,2,False,False,32024
32042,asid_32042,1,True,False,32042
32056,asid_32056,1,True,False,32056
32057,asid_32057,1,True,False,32057
32063,asid_32063,1,True,False,32063
32077,asid_4583,5,False,False,32077
32097,asid_32097,2,False,False,32097
32098,asid_32098,1,True,False,32098
32102,asid_32102,1,True,False,32102
32106,asid_32106,1,True,False,32106
32107,asid_32107,1,True,False,32107
32114,asid_32114,1,True,False,32114
32126,asid_32126,1,True,False,32126
32129,asid_9664,2,False,False,32129
32132,asid_32132,1,True,False,32132
32141,asid_32141,1,True,False,32141
32143,asid_32143,1,True,False,32143
32169,asid_42082,3,True,False,32169
32176,asid_32176,1,True,False,32176
32177,asid_32177,1,True,False,32177
32184,asid_32184,1,True,False,32184
32189,asid_32189,2,False,False,32189
32194,asid_10398,5,True,True,10398
32199,asid_32199,1,True,False,32199
32202,asid_32202,1,True,False,32202
32213,asid_32213,1,True,False,32213
32217,asid_32217,1,True,False,32217
32221,asid_32221,1,True,False,32221
32226,asid_14928,2,False,False,32226
32227,asid_32227,1,True,False,32227
32232,asid_9408,3,False,False,32232
32234,asid_32234,1,True,False,32234
32236,asid_34471,2,False,False,32236
32249,asid_32249,1,True,False,32249
32251,asid_32251,1,True,False,32251
32256,asid_32256,1,True,False,32256
32260,asid_32260,1,True,False,32260
32261,asid_32261,1,True,False,32261
32264,asid_32264,1,True,False,32264
32266,asid_32266,1,True,False,32266
32271,asid_32271,1,True,False,32271
32282,asid_32282,1,True,False,32282
32283,asid_32283,1,True,False,32283
32294,asid_1242,18,False,True,3718
32300,asid_32300,1,True,False,32300
32302,asid_15111,2,False,False,32302
32308,asid_32308,3,False,False,32308
32319,asid_12584,4,True,True,12584
32321,asid_32321,1,True,False,32321
32328,asid_32328,1,True,False,32328
32331,asid_32331,1,True,False,32331
32333,asid_2810,7,False,True,21619
32336,asid_32336,1,True,False,32336
32337,asid_32337,2,True,False,32337
32338,asid_2646,4,False,False,32338
32339,asid_29135,2,True,False,32339
32347,asid_32347,1,True,False,32347
32359,asid_32359,1,True,False,32359
32368,asid_32368,2,False,False,32368
32376,asid_32376,3,False,False,32376
32388,asid_32388,1,True,False,32388
32392,asid_32392,2,False,False,32392
32397,asid_32397,1,True,False,32397
32409,asid_32409,1,True,False,32409
32417,asid_32417,1,True,False,32417
32418,asid_32418,1,True,False,32418
32422,asid_24145,4,True,True,24145
32423,asid_32423,1,True,False,32423
32426,asid_32426,1,True,False,32426
32430,asid_32430,2,False,False,32430
32437,asid_32437,1,True,False,32437
32444,asid_32444,1,True,False,32444
32450,asid_32450,1,True,False,32450
32452,asid_32452,1,True,False,32452
32459,asid_32459,1,True,False,32459
32461,asid_32461,1,True,False,32461
32476,asid_7742,2,False,False,32476
32496,asid_32496,1,True,False,32496
32500,asid_32500,1,True,False,32500
32506,asid_32506,1,True,False,32506
32509,asid_32509,1,True,False,32509
32511,asid_32511,1,True,False,32511
32514,asid_11845,1,True,False,32514
32521,asid_23384,2,True,False,32521
32523,asid_32523,1,True,False,32523
32534,asid_32534,1,True,False,32534
32540,asid_32540,1,True,False,32540
32549,asid_32549,1,True,False,32549
32552,asid_32552,2,True,False,32552
32568,asid_32568,1,True,False,32568
32571,asid_32571,2,True,False,32571
32578,asid_13873,2,False,False,32578
32580,asid_26715,7,False,True,16113
32583,asid_32583,1,True,False,32583
32584,asid_32584,1,True,False,32584
32593,asid_32593,1,True,False,32593
32596,asid_17489,3,True,False,32596
32612,asid_32612,1,True,False,32612
32638,asid_30398,4,True,True,30398
32641,asid_32641,1,True,False,32641
32642,asid_32642,1,True,False,32642
32645,asid_32645,1,True,False,32645
32646,asid_32646,2,False,False,32646
32658,asid_32658,1,True,False,32658
32664,asid_32664,1,True,False,32664
32668,asid_6396,4,False,True,6396
32670,asid_32670,1,True,False,32670
32677,asid_32677,4,False,False,32677
32687,asid_15530,4,False,False,32687
32690,asid_32690,1,True,False,32690
32697,asid_32697,2,True,False,32697
32703,asid_26161,2,False,True,26161
32710,asid_6342,3,False,True,3552
32711,asid_32711,1,True,False,32711
32715,asid_32715,1,True,False,32715
32729,asid_32729,1,True,False,32729
32732,asid_1347,10,False,True,13449
32735,asid_2899,1,True,False,32735
32741,asid_32741,1,True,False,32741
32743,asid_32743,1,True,False,32743
32746,asid_32746,1,True,False,32746
32747,asid_21020,1,True,False,32747
32749,asid_32749,1,True,False,32749
32754,asid_32754,1,True,False,32754
32756,asid_14416,1,True,False,32756
32772,asid_32772,1,True,False,32772
32776,asid_32776,1,True,False,32776
32777,asid_10209,1,True,False,32777
32779,asid_41070,2,True,False,32779
32782,asid_2616,5,True,True,1936
32787,asid_32787,1,True,False,32787
32799,asid_1084,7,False,False,32799
32803,asid_32803,1,True,False,32803
32821,asid_32821,1,True,False,32821
32822,asid_32822,1,True,False,32822
32830,asid_23221,2,False,True,23221
32832,asid_32832,1,True,False,32832
32842,asid_32842,1,True,False,32842
32848,asid_10048,2,True,True,10048
32852,asid_32852,1,True,False,32852
32853,asid_14,9,False,False,32853
32854,asid_32854,1,True,False,32854
32869,asid_32869,1,True,False,32869
32872,asid_232,10,False,True,14585
32874,asid_10308,3,False,False,32874
32882,asid_11488,3,False,False,32882
32885,asid_32885,1,True,False,32885
32886,asid_32886,1,True,False,32886
32890,asid_32890,1,True,False,32890
32891,asid_32891,1,True,False,32891
32892,asid_32892,1,True,False,32892
32893,asid_32893,1,True,False,32893
32896,asid_32896,1,True,False,32896
32897,asid_32897,1,True,False,32897
32905,asid_28538,1,True,False,32905
32915,asid_32915,1,True,False,32915
32941,asid_32941,1,True,False,32941
32947,asid_32947,1,True,False,32947
32948,asid_32948,1,True,False,32948
32962,asid_32962,1,True,False,32962
32975,asid_7500,3,False,True,7500
32997,asid_32997,1,True,False,32997
33002,asid_8800,2,False,False,33002
33004,asid_33004,1,True,False,33004
33005,asid_33005,1,True,False,33005
33012,asid_33012,2,False,False,33012
33014,asid_33014,1,True,False,33014
33018,asid_19115,3,False,False,33018
33023,asid_33023,1,True,False,33023
33027,asid_33027,1,True,False,33027
33031,asid_1224,12,False,False,33031
33043,asid_2141,4,False,False,33043
33056,asid_13039,2,False,False,33056
33070,asid_33070,1,True,False,33070
33072,asid_33072,1,True,False,33072
33076,asid_15370,2,False,False,33076
33080,asid_33080,1,True,False,33080
33093,asid_5838,4,False,False,33093
33097,asid_33097,1,True,False,33097
33098,asid_33098,1,True,False,33098
33102,asid_33102,1,True,False,33102
33109,asid_193,11,True,True,193
33114,asid_33114,1,True,False,33114
33115,asid_33115,1,True,False,33115
33120,asid_33120,1,True,False,33120
33130,asid_33130,1,True,False,33130
33136,asid_13759,2,False,False,33136
33151,asid_33151,1,True,False,33151
33159,asid_33159,1,True,False,33159
33165,asid_33165,1,True,False,33165
33166,asid_33166,1,True,False,33166
33170,asid_33170,1,True,False,33170
33171,asid_33171,1,True,False,33171
33173,asid_33173,1,True,False,33173
33183,asid_29917,4,False,True,29917
33186,asid_33186,1,True,False,33186
33189,asid_33189,1,True,False,33189
33196,asid_33196,1,True,False,33196
33202,asid_33202,1,True,False,33202
33220,asid_33220,1,True,False,33220
33224,asid_33224,1,True,False,33224
33225,asid_33225,1,True,False,33225
33228,asid_33228,1,True,False,33228
33245,asid_33245,3,True,False,33245
33248,asid_33248,1,True,False,33248
33249,asid_33249,1,True,False,33249
33258,asid_15780,2,False,False,33258
33264,asid_33264,2,False,False,33264
33274,asid_33274,1,True,False,33274
33279,asid_43644,2,False,True,43644
33285,asid_33285,1,True,False,33285
33290,asid_33290,1,True,False,33290
33292,asid_33292,1,True,False,33292
33296,asid_33296,1,True,False,33296
33306,asid_33306,1,True,False,33306
33317,asid_52572,2,False,True,52572
33322,asid_33322,1,True,False,33322
33338,asid_33338,1,True,False,33338
33344,asid_15284,2,False,True,15284
33357,asid_33357,1,True,False,33357
33362,asid_33362,1,True,False,33362
33377,asid_33377,1,True,False,33377
33401,asid_33401,1,True,False,33401
33406,asid_33406,1,True,False,33406
33413,asid_33413,2,False,False,33413
33415,asid_33415,1,True,False,33415
33418,asid_33418,1,True,False,33418
33422,asid_27453,5,False,True,27453
33435,asid_15863,3,False,True,15863
33440,asid_10211,3,False,True,10211
33446,asid_33446,1,True,False,33446
33456,asid_33456,1,True,False,33456
33463,asid_3014,2,False,False,33463
33470,asid_33470,1,True,False,33470
33480,asid_33480,1,True,False,33480
33487,asid_3847,1,True,False,33487
33492,asid_33492,1,True,False,33492
33506,asid_33506,1,True,False,33506
33507,asid_33507,1,True,False,33507
33511,asid_33511,1,True,False,33511
33514,asid_33514,1,True,False,33514
33517,asid_3949,3,False,True,3949
33519,asid_33519,1,True,False,33519
33527,asid_33527,1,True,False,33527
33531,asid_33531,2,True,False,33531
33547,asid_33547,1,True,False,33547
33548,asid_33548,1,True,False,33548
33549,asid_33549,1,True,False,33549
33553,asid_33553,1,True,False,33553
33555,asid_33555,1,True,False,33555
33568,asid_15506,3,False,False,33568
33581,asid_33581,1,True,False,33581
33582,asid_33582,2,False,False,33582
33583,asid_33583,1,True,False,33583
33592,asid_33592,1,True,False,33592
33596,asid_6800,17,True,True,1387
33603,asid_33603,1,True,False,33603
33606,asid_33606,3,False,False,33606
33610,asid_15765,2,False,False,33610
33615,asid_33615,1,True,False,33615
33622,asid_33622,1,True,False,33622
33627,asid_33627,1,True,False,33627
33638,asid_33638,7,False,False,33638
33649,asid_14631,2,False,False,33649
33675,asid_33675,1,True,False,33675
33677,asid_33677,1,True,False,33677
33681,asid_826,5,False,False,33681
33684,asid_33684,1,True,False,33684
33725,asid_33725,1,True,False,33725
33728,asid_13870,4,False,False,33728
33730,asid_33730,3,False,False,33730
33734,asid_23960,2,True,False,33734
33740,asid_33740,1,True,False,33740
33755,asid_2674,2,False,False,33755
33759,asid_33759,1,True,False,33759
33771,asid_33771,1,True,False,33771
33772,asid_33772,1,True,False,33772
33776,asid_33776,1,True,False,33776
33777,asid_33777,1,True,False,33777
33783,asid_12876,3,True,True,12876
33803,asid_8927,5,False,False,33803
33804,asid_33804,2,False,False,33804
33818,asid_10929,5,False,False,33818
33819,asid_33819,1,True,False,33819
33828,asid_33828,1,True,False,33828
33835,asid_33835,1,True,False,33835
33838,asid_3641,3,False,False,33838
33844,asid_33844,1,True,False,33844
33858,asid_33858,1,True,False,33858
33861,asid_33861,1,True,False,33861
33887,asid_33887,2,False,False,33887
33891,asid_4212,2,False,False,33891
33902,asid_33902,1,True,False,33902
33915,asid_16222,2,False,False,33915
33916,asid_33916,1,True,False,33916
33923,asid_35379,3,False,False,33923
33927,asid_33927,1,True,False,33927
33929,asid_33929,1,True,False,33929
33931,asid_33931,1,True,False,33931
33940,asid_11958,1,True,False,33940
33949,asid_33949,1,True,False,33949
33955,asid_33955,1,True,False,33955
33957,asid_33957,1,True,False,33957
33959,asid_33959,1,True,False,33959
33960,asid_33960,1,True,False,33960
33961,asid_33961,2,False,False,33961
33966,asid_33966,1,True,False,33966
33972,asid_33972,1,True,False,33972
33990,asid_4707,6,False,True,4707
33995,asid_33995,1,True,False,33995
34004,asid_8844,4,True,True,8844
34008,asid_34008,1,True,False,34008
34009,asid_28511,2,False,True,28511
34010,asid_34010,1,True,False,34010
34014,asid_2350,3,False,True,2350
34015,asid_34015,1,True,False,34015
34033,asid_34033,3,False,False,34033
34037,asid_34037,1,True,False,34037
34045,asid_34045,1,True,False,34045
34063,asid_30276,4,False,False,34063
34065,asid_34065,1,True,False,34065
34067,asid_13621,2,False,False,34067
34070,asid_34070,1,True,False,34070
34075,asid_18376,3,False,False,34075
34088,asid_14808,2,False,False,34088
34089,asid_34089,3,False,False,34089
34099,asid_34099,1,True,False,34099
34116,asid_34116,1,True,False,34116
34119,asid_1727,8,False,True,1714
34125,asid_34125,1,True,False,34125
34128,asid_29695,4,False,False,34128
34130,asid_34130,1,True,False,34130
34136,asid_34136,2,False,False,34136
34140,asid_14618,11,False,False,34140
34151,asid_1955,6,True,True,3174
34180,asid_34180,2,False,False,34180
34189,asid_34189,1,True,False,34189
34196,asid_974,2,False,False,34196
34209,asid_34209,1,True,False,34209
34214,asid_34214,1,True,False,34214
34226,asid_16931,2,False,False,34226
34233,asid_34233,1,True,False,34233
34261,asid_5178,5,False,False,34261
34277,asid_34277,1,True,False,34277
34278,asid_34278,1,True,False,34278
34292,asid_34292,1,True,False,34292
34311,asid_34311,1,True,False,34311
34313,asid_34313,1,True,False,34313
34318,asid_11045,3,False,False,34318
34326,asid_34326,1,True,False,34326
34340,asid_34340,1,True,False,34340
34355,asid_34355,1,True,False,34355
34357,asid_32677,4,False,False,34357
34359,asid_34359,2,False,False,34359
34363,asid_34363,1,True,False,34363
34382,asid_34382,1,True,False,34382
34388,asid_22286,2,False,False,34388
34395,asid_21413,3,False,False,34395
34403,asid_34403,1,True,False,34403
34404,asid_34404,1,True,False,34404
34410,asid_408,3,False,False,34410
34416,asid_34416,1,True,False,34416
34452,asid_28019,2,False,False,34452
34457,asid_34457,1,True,False,34457
34470,asid_34470,1,True,False,34470
34471,asid_34471,2,True,False,34471
34472,asid_34472,1,True,False,34472
34473,asid_34473,1,True,False,34473
34478,asid_15543,4,False,True,15543
34480,asid_34480,1,True,False,34480
34481,asid_34481,1,True,False,34481
34482,asid_34482,1,True,False,34482
34488,asid_34488,1,True,False,34488
34498,asid_317,13,False,True,15201
34500,asid_34500,1,True,False,34500
34524,asid_34524,1,True,False,34524
34529,asid_34529,1,True,False,34529
34531,asid_21540,4,False,False,34531
34535,asid_34535,1,True,False,34535
34541,asid_34541,1,True,False,34541
34546,asid_34546,1,True,False,34546
34549,asid_34549,1,True,False,34549
34557,asid_32376,3,False,False,34557
34559,asid_34559,3,False,False,34559
34570,asid_34570,1,True,False,34570
34574,asid_4125,6,False,True,813
34585,asid_34585,1,True,False,34585
34587,asid_34587,1,True,False,34587
34593,asid_34593,1,True,False,34593
34598,asid_34598,1,True,False,34598
34601,asid_34601,1,True,False,34601
34603,asid_34603,1,True,False,34603
34604,asid_34604,1,True,False,34604
34608,asid_34608,1,True,False,34608
34609,asid_34609,1,True,False,34609
34612,asid_34612,1,True,False,34612
34619,asid_34619,1,True,False,34619
34631,asid_34631,1,True,False,34631
34640,asid_10369,2,False,False,34640
34643,asid_34643,1,True,False,34643
34658,asid_14853,5,False,True,14853
34661,asid_34661,1,True,False,34661
34665,asid_34665,1,True,False,34665
34680,asid_17501,4,False,False,34680
34698,asid_34698,1,True,False,34698
34701,asid_34701,1,True,False,34701
34703,asid_34703,1,True,False,34703
34709,asid_34709,1,True,False,34709
34710,asid_34710,2,True,False,34710
34712,asid_34712,1,True,False,34712
34728,asid_34728,1,True,False,34728
34729,asid_2787,3,False,False,34729
34736,asid_34736,1,True,False,34736
34741,asid_34741,1,True,False,34741
34747,asid_34747,1,True,False,34747
34754,asid_34754,1,True,False,34754
34767,asid_34767,1,True,False,34767
34769,asid_3601,3,False,False,34769
34771,asid_34771,1,True,False,34771
34773,asid_4214,2,False,False,34773
34779,asid_13870,4,False,False,34779
34782,asid_34782,1,True,False,34782
34784,asid_34784,1,True,False,34784
34788,asid_34788,1,True,False,34788
34793,asid_12853,5,False,False,34793
34795,asid_34795,1,True,False,34795
34825,asid_34825,1,True,False,34825
34826,asid_34826,1,True,False,34826
34845,asid_34845,1,True,False,34845
34847,asid_34847,2,False,False,34847
34857,asid_34857,1,True,False,34857
34868,asid_34868,1,True,False,34868
34875,asid_34875,1,True,False,34875
34888,asid_15756,3,False,False,34888
34915,asid_3404,12,True,True,7084
34916,asid_34916,1,True,False,34916
34917,asid_34917,1,True,False,34917
34921,asid_26046,6,False,True,26046
34926,asid_16276,1,True,False,34926
34928,asid_34928,1,True,False,34928
34934,asid_1553,6,False,False,34934
34936,asid_34936,1,True,False,34936
34938,asid_385,5,False,False,34938
34944,asid_34944,1,True,False,34944
34974,asid_34974,1,True,False,34974
34976,asid_34976,3,False,False,34976
34980,asid_7712,2,False,False,34980
34992,asid_3235,4,False,False,34992
34996,asid_34996,2,False,False,34996
34998,asid_34998,1,True,False,34998
35001,asid_35001,1,True,False,35001
35006,asid_35006,1,True,False,35006
35007,asid_35007,2,True,False,35007
35009,asid_35009,1,True,False,35009
35013,asid_35013,1,True,False,35013
35014,asid_3176,2,False,False,35014
35021,asid_35021,1,True,False,35021
35023,asid_35023,1,True,False,35023
35025,asid_35025,1,True,False,35025
35030,asid_35030,1,True,False,35030
35036,asid_3312,6,False,False,35036
35047,asid_35047,1,True,False,35047
35061,asid_31235,3,False,False,35061
35066,asid_35066,1,True,False,35066
35077,asid_35077,1,True,False,35077
35088,asid_7790,3,False,False,35088
35091,asid_6123,6,False,False,35091
35107,asid_35107,1,True,False,35107
35119,asid_36326,3,True,True,36326
35125,asid_35125,1,True,False,35125
35129,asid_35129,2,False,False,35129
35145,asid_35145,3,False,False,35145
35147,asid_35147,1,True,False,35147
35148,asid_35148,2,False,False,35148
35151,asid_35151,1,True,False,35151
35161,asid_7891,3,False,False,35161
35167,asid_26904,7,False,True,26904
35170,asid_35170,2,False,False,35170
35171,asid_35171,1,True,False,35171
35189,asid_35189,1,True,False,35189
35192,asid_36661,2,True,True,36661
35195,asid_52581,1,True,False,35195
35213,asid_30196,3,False,True,30196
35244,asid_35244,1,True,False,35244
35247,asid_35247,1,True,False,35247
35250,asid_35250,3,False,False,35250
35251,asid_35251,1,True,False,35251
35252,asid_35252,1,True,False,35252
35255,asid_3185,1,True,False,35255
35263,asid_35263,1,True,False,35263
35264,asid_35264,1,True,False,35264
35271,asid_22730,2,True,True,22730
35276,asid_35276,1,True,False,35276
35297,asid_35297,1,True,False,35297
35298,asid_35298,1,True,False,35298
35317,asid_35317,1,True,False,35317
35327,asid_35327,1,True,False,35327
35328,asid_35328,2,True,False,35328
35337,asid_35337,1,True,False,35337
35340,asid_35340,1,True,False,35340
35358,asid_16341,2,True,False,35358
35360,asid_35360,1,True,False,35360
35364,asid_35364,1,True,False,35364
35370,asid_35370,1,True,False,35370
35371,asid_35371,1,True,False,35371
35379,asid_35379,3,True,False,35379
35382,asid_35382,1,True,False,35382
35386,asid_23424,2,False,True,23424
35401,asid_8483,2,False,True,8483
35405,asid_4685,5,False,True,4685
35407,asid_23345,2,False,False,35407
35408,asid_14853,5,False,True,14853
35414,asid_35414,1,True,False,35414
35417,asid_35417,1,True,False,35417
35420,asid_35420,1,True,False,35420
35430,asid_35430,1,True,False,35430
35431,asid_35431,1,True,False,35431
35433,asid_35433,1,True,False,35433
35445,asid_34256,1,True,False,35445
35450,asid_2884,3,False,False,35450
35455,asid_35455,1,True,False,35455
35457,asid_35457,1,True,False,35457
35460,asid_20460,3,False,False,35460
35461,asid_35461,1,True,False,35461
35464,asid_14835,2,False,False,35464
35467,asid_35467,1,True,False,35467
35469,asid_35469,1,True,False,35469
35482,asid_35482,1,True,False,35482
35486,asid_35486,1,True,False,35486
35491,asid_35491,1,True,False,35491
35493,asid_35493,1,True,False,35493
35506,asid_35506,1,True,False,35506
35513,asid_35513,1,True,False,35513
35535,asid_35535,1,True,False,35535
35539,asid_35539,2,False,False,35539
35540,asid_35540,1,True,False,35540
35552,asid_35552,2,False,False,35552
35560,asid_35560,1,True,False,35560
35561,asid_35561,2,False,False,35561
35569,asid_35569,1,True,False,35569
35574,asid_35574,1,True,False,35574
35575,asid_35575,1,True,False,35575
35578,asid_35578,2,True,False,35578
35579,asid_2148,3,False,False,35579
35581,asid_19296,2,False,True,19296
35589,asid_35589,1,True,False,35589
35614,asid_35614,1,True,False,35614
35615,asid_35615,1,True,False,35615
35620,asid_35620,1,True,False,35620
35631,asid_35631,1,True,False,35631
35637,asid_35637,1,True,False,35637
35641,asid_35641,1,True,False,35641
35644,asid_35644,1,True,False,35644
35647,asid_35647,1,True,False,35647
35658,asid_35658,1,True,False,35658
35666,asid_10843,2,False,False,35666
35675,asid_27330,2,False,False,35675
35682,asid_35682,2,False,False,35682
35688,asid_35688,1,True,False,35688
35694,asid_35694,1,True,False,35694
35700,asid_35700,1,True,False,35700
35709,asid_35709,2,True,False,35709
35715,asid_35715,2,True,False,35715
35717,asid_35717,1,True,False,35717
35739,asid_11159,3,False,False,35739
35748,asid_35748,1,True,False,35748
35750,asid_35750,1,True,False,35750
35752,asid_74,32,False,True,44
35756,asid_35756,4,False,False,35756
35760,asid_35760,1,True,False,35760
35769,asid_41692,2,False,True,41692
35771,asid_35771,1,True,False,35771
35776,asid_35776,1,True,False,35776
35777,asid_35777,2,True,False,35777
35783,asid_35783,1,True,False,35783
35793,asid_35793,1,True,False,35793
35795,asid_6095,3,False,False,35795
35797,asid_35797,1,True,False,35797
35801,asid_35801,1,True,False,35801
35812,asid_13369,2,False,False,35812
35813,asid_35813,1,True,False,35813
35825,asid_35825,1,True,False,35825
35828,asid_35828,1,True,False,35828
35830,asid_35830,1,True,False,35830
35841,asid_14966,2,True,False,35841
35847,asid_35847,1,True,False,35847
35854,asid_35854,1,True,False,35854
35857,asid_35857,1,True,False,35857
35860,asid_35860,3,False,False,35860
35870,asid_35870,1,True,False,35870
35877,asid_12604,2,False,False,35877
35893,asid_35893,1,True,False,35893
35897,asid_35897,1,True,False,35897
35901,asid_35901,1,True,False,35901
35903,asid_35903,1,True,False,35903
35905,asid_35905,1,True,False,35905
35910,asid_35910,1,True,False,35910
35918,asid_11276,3,False,True,11276
35921,asid_35921,1,True,False,35921
35924,asid_35924,1,True,False,35924
35925,asid_5273,3,False,False,35925
35926,asid_35926,1,True,False,35926
35931,asid_35931,1,True,False,35931
35932,asid_35932,1,True,False,35932
35941,asid_35941,1,True,False,35941
35976,asid_35976,1,True,False,35976
35980,asid_35980,1,True,False,35980
35987,asid_35250,3,True,True,20803
35994,asid_6681,1,True,False,35994
35995,asid_35995,1,True,False,35995
35996,asid_35996,1,True,False,35996
36002,asid_36002,1,True,False,36002
36007,asid_4269,2,False,False,36007
36010,asid_36010,1,True,False,36010
36011,asid_36011,1,True,False,36011
36020,asid_36020,1,True,False,36020
36029,asid_36029,1,True,False,36029
36036,asid_36036,1,True,False,36036
36038,asid_36038,1,True,False,36038
36043,asid_36043,1,True,False,36043
36045,asid_36045,1,True,False,36045
36056,asid_36056,3,False,False,36056
36062,asid_36062,1,True,False,36062
36084,asid_36084,2,True,False,36084
36092,asid_36092,1,True,False,36092
36099,asid_36099,1,True,False,36099
36109,asid_19987,2,False,False,36109
36114,asid_36114,1,True,False,36114
36120,asid_36120,1,True,False,36120
36137,asid_36137,1,True,False,36137
36140,asid_179,7,False,False,36140
36154,asid_36154,1,True,False,36154
36174,asid_36174,1,True,False,36174
36176,asid_11563,11,False,False,36176
36178,asid_36178,1,True,False,36178
36182,asid_30015,2,True,False,36182
36187,asid_36187,1,True,False,36187
36195,asid_36195,1,True,False,36195
36197,asid_36197,1,True,False,36197
36211,asid_36211,1,True,False,36211
36232,asid_36232,1,True,False,36232
36243,asid_6860,4,False,True,9014
36253,asid_36253,1,True,False,36253
36255,asid_38385,2,False,False,36255
36256,asid_36256,1,True,False,36256
36258,asid_29235,3,False,False,36258
36269,asid_36269,1,True,False,36269
36275,asid_7573,5,False,True,21458
36289,asid_36289,1,True,False,36289
36290,asid_32407,2,False,False,36290
36293,asid_36293,1,True,False,36293
36295,asid_36295,1,True,False,36295
36298,asid_36298,2,True,False,36298
36314,asid_36314,1,True,False,36314
36326,asid_36326,3,False,False,36326
36333,asid_36333,1,True,False,36333
36344,asid_36344,2,False,False,36344
36348,asid_16507,2,False,True,16507
36353,asid_36353,1,True,False,36353
36359,asid_36359,1,True,False,36359
36361,asid_36361,1,True,False,36361
36365,asid_36365,2,False,False,36365
36368,asid_36368,1,True,False,36368
36374,asid_36374,1,True,False,36374
36375,asid_36375,1,True,False,36375
36382,asid_22322,2,True,False,36382
36386,asid_50944,2,False,True,50944
36387,asid_20375,2,False,False,36387
36388,asid_36388,1,True,False,36388
36390,asid_31329,1,True,False,36390
36398,asid_36398,2,False,False,36398
36408,asid_36408,1,True,False,36408
36409,asid_36409,1,True,False,36409
36414,asid_36351,1,True,False,36414
36422,asid_36422,1,True,False,36422
36433,asid_36779,2,False,True,36779
36444,asid_36444,1,True,False,36444
36452,asid_36452,2,True,False,36452
36453,asid_36453,2,True,False,36453
36456,asid_36456,1,True,False,36456
36463,asid_36463,1,True,False,36463
36475,asid_36475,1,True,False,36475
36476,asid_36476,1,True,False,36476
36480,asid_36480,1,True,False,36480
36492,asid_36492,1,True,False,36492
36495,asid_36495,1,True,False,36495
36496,asid_36496,1,True,False,36496
36498,asid_7058,3,False,False,36498
36503,asid_36503,1,True,False,36503
36505,asid_36505,1,True,False,36505
36508,asid_36508,1,True,False,36508
36521,asid_36521,1,True,False,36521
36538,asid_36538,1,True,False,36538
36540,asid_36540,1,True,False,36540
36547,asid_36547,1,True,False,36547
36557,asid_36557,1,True,False,36557
36566,asid_36566,1,True,False,36566
36568,asid_36568,1,True,False,36568
36571,asid_36571,1,True,False,36571
36573,asid_22792,2,False,False,36573
36591,asid_36591,1,True,False,36591
36604,asid_23429,4,False,False,36604
36605,asid_19860,2,False,False,36605
36613,asid_36613,1,True,False,36613
36615,asid_18500,2,False,False,36615
36618,asid_36618,1,True,False,36618
36621,asid_34180,2,True,False,36621
36624,asid_36624,1,True,False,36624
36628,asid_36628,1,True,False,36628
36633,asid_36633,1,True,False,36633
36639,asid_36639,1,True,False,36639
36640,asid_36640,1,True,False,36640
36655,asid_36655,3,False,False,36655
36658,asid_36658,1,True,False,36658
36660,asid_36660,1,True,False,36660
36661,asid_36661,2,False,False,36661
36666,asid_36666,1,True,False,36666
36670,asid_36670,1,True,False,36670
36679,asid_36679,1,True,False,36679
36682,asid_36682,1,True,False,36682
36685,asid_36685,2,False,False,36685
36687,asid_36687,2,True,False,36687
36688,asid_6800,17,False,False,36688
36690,asid_36690,3,False,False,36690
36694,asid_36694,1,True,False,36694
36695,asid_36695,1,True,False,36695
36699,asid_36699,1,True,False,36699
36705,asid_36705,1,True,False,36705
36719,asid_36719,1,True,False,36719
36725,asid_36725,1,True,False,36725
36747,asid_36747,1,True,False,36747
36751,asid_734,3,False,True,734
36752,asid_36752,1,True,False,36752
36753,asid_36753,1,True,False,36753
36760,asid_36760,1,True,False,36760
36775,asid_36775,1,True,False,36775
36779,asid_36779,2,True,False,36779
36789,asid_36789,1,True,False,36789
36791,asid_36791,1,True,False,36791
36798,asid_17852,1,True,False,36798
36816,asid_20596,2,False,False,36816
36826,asid_36826,1,True,False,36826
36831,asid_36831,1,True,False,36831
36857,asid_36857,1,True,False,36857
36881,asid_36881,1,True,False,36881
36885,asid_31957,2,False,False,36885
36890,asid_32677,4,False,False,36890
36899,asid_36899,1,True,False,36899
36904,asid_36904,1,True,False,36904
36916,asid_36916,1,True,False,36916
36917,asid_853,8,False,True,3156
36921,asid_4583,5,True,True,6759
36926,asid_36926,1,True,False,36926
36938,asid_36938,1,True,False,36938
36945,asid_36945,1,True,False,36945
36947,asid_36947,1,True,False,36947
36953,asid_36953,1,True,False,36953
36958,asid_21270,2,False,False,36958
36960,asid_6671,3,False,False,36960
36962,asid_52587,2,True,True,52587
36969,asid_36969,1,True,False,36969
36970,asid_24632,2,False,False,36970
36973,asid_36973,1,True,False,36973
37002,asid_37002,1,True,False,37002
37003,asid_74,32,False,True,44
37010,asid_37010,2,False,False,37010
37018,asid_37018,1,True,False,37018
37021,asid_37021,1,True,False,37021
37026,asid_37026,1,True,False,37026
37036,asid_13470,2,False,False,37036
37038,asid_37038,1,True,False,37038
37070,asid_37070,1,True,False,37070
37072,asid_39990,2,False,False,37072
37080,asid_37080,1,True,False,37080
37091,asid_37091,1,True,False,37091
37092,asid_44159,2,True,False,37092
37097,asid_37097,1,True,False,37097
37101,asid_37101,2,False,False,37101
37108,asid_37108,1,True,False,37108
37109,asid_5930,4,True,True,5930
37116,asid_37116,1,True,False,37116
37119,asid_22152,2,False,False,37119
37127,asid_37127,1,True,False,37127
37128,asid_37128,1,True,False,37128
37158,asid_37158,1,True,False,37158
37160,asid_37160,1,True,False,37160
37165,asid_37165,2,False,False,37165
37171,asid_37171,1,True,False,37171
37174,asid_37174,1,True,False,37174
37184,asid_23453,3,False,False,37184
37199,asid_37199,1,True,False,37199
37202,asid_37202,1,True,False,37202
37215,asid_37215,1,True,False,37215
37219,asid_232,10,False,False,37219
37223,asid_17485,3,True,False,37223
37228,asid_37228,1,True,False,37228
37229,asid_222,10,False,False,37229
37231,asid_37231,1,True,False,37231
37240,asid_37240,1,True,False,37240
37247,asid_37247,3,False,False,37247
37250,asid_37250,1,True,False,37250
37251,asid_37251,2,False,False,37251
37266,asid_37266,1,True,False,37266
37286,asid_6611,5,False,False,37286
37293,asid_37293,1,True,False,37293
37295,asid_37295,2,True,False,37295
37296,asid_37296,2,False,False,37296
37311,asid_37311,1,True,False,37311
37321,asid_37321,1,True,False,37321
37328,asid_12409,2,False,False,37328
37331,asid_37331,1,True,False,37331
37334,asid_37334,1,True,False,37334
37348,asid_37348,1,True,False,37348
37349,asid_37349,1,True,False,37349
37352,asid_37352,1,True,False,37352
37358,asid_37358,1,True,False,37358
37359,asid_37359,1,True,False,37359
37360,asid_37360,1,True,False,37360
37363,asid_37363,1,True,False,37363
37365,asid_37365,1,True,False,37365
37367,asid_37367,2,False,False,37367
37369,asid_17812,2,False,False,37369
37378,asid_36298,2,False,False,37378
37380,asid_37380,1,True,False,37380
37383,asid_37383,1,True,False,37383
37390,asid_39294,4,False,False,37390
37399,asid_37399,1,True,False,37399
37409,asid_37409,1,True,False,37409
37413,asid_37413,1,True,False,37413
37420,asid_37420,1,True,False,37420
37423,asid_37423,1,True,False,37423
37429,asid_37429,1,True,False,37429
37432,asid_37432,1,True,False,37432
37433,asid_37433,1,True,False,37433
37440,asid_37440,1,True,False,37440
37469,asid_37469,1,True,False,37469
37479,asid_37479,1,True,False,37479
37482,asid_37482,1,True,False,37482
37483,asid_37483,1,True,False,37483
37495,asid_37495,3,False,False,37495
37498,asid_37498,2,True,False,37498
37501,asid_37501,1,True,False,37501
37502,asid_37502,1,True,False,37502
37504,asid_37504,1,True,False,37504
37531,asid_37531,1,True,False,37531
37551,asid_37551,1,True,False,37551
37552,asid_37552,1,True,False,37552
37557,asid_42554,3,False,False,37557
37561,asid_37561,1,True,False,37561
37575,asid_37575,1,True,False,37575
37576,asid_37576,1,True,False,37576
37580,asid_37580,1,True,False,37580
37583,asid_37583,1,True,False,37583
37591,asid_4766,2,False,True,4766
37592,asid_16912,3,False,False,37592
37594,asid_37594,1,True,False,37594
37601,asid_37601,1,True,False,37601
37615,asid_562,9,False,False,37615
37632,asid_37632,1,True,False,37632
37641,asid_37641,1,True,False,37641
37652,asid_37652,1,True,False,37652
37659,asid_37659,1,True,False,37659
37662,asid_37662,1,True,False,37662
37690,asid_37690,1,True,False,37690
37695,asid_37695,1,True,False,37695
37720,asid_37720,2,False,False,37720
37722,asid_37722,1,True,False,37722
37729,asid_37729,1,True,False,37729
37735,asid_26138,3,True,True,26138
37739,asid_37739,1,True,False,37739
37749,asid_2829,4,False,False,37749
37750,asid_17764,2,False,False,37750
37754,asid_37754,2,True,False,37754
37757,asid_37757,1,True,False,37757
37773,asid_37773,1,True,False,37773
37776,asid_37776,1,True,False,37776
37779,asid_37779,1,True,False,37779
37799,asid_6822,2,False,False,37799
37800,asid_40194,6,True,True,40194
37808,asid_37808,1,True,False,37808
37812,asid_37812,1,True,False,37812
37839,asid_37839,1,True,False,37839
37840,asid_34359,2,True,False,37840
37851,asid_37851,1,True,False,37851
37872,asid_37872,1,True,False,37872
37874,asid_37874,1,True,False,37874
37880,asid_1081,4,True,False,37880
37892,asid_37892,1,True,False,37892
37899,asid_37899,1,True,False,37899
37908,asid_37908,1,True,False,37908
37915,asid_37915,1,True,False,37915
37919,asid_37919,1,True,False,37919
37922,asid_38312,3,True,False,37922
37924,asid_37924,1,True,False,37924
37926,asid_37926,1,True,False,37926
37927,asid_37927,1,True,False,37927
37948,asid_37948,1,True,False,37948
37951,asid_37951,1,True,False,37951
37970,asid_817,6,False,False,37970
37971,asid_5708,2,True,True,5708
37973,asid_51946,1,True,False,37973
37977,asid_37977,1,True,False,37977
37980,asid_37980,3,False,False,37980
37983,asid_37983,1,True,False,37983
38015,asid_38015,1,True,False,38015
38026,asid_38026,1,True,False,38026
38029,asid_38029,1,True,False,38029
38037,asid_38037,1,True,False,38037
38045,asid_38045,1,True,False,38045
38048,asid_38048,1,True,False,38048
38052,asid_38052,1,True,False,38052
38055,asid_38055,1,True,False,38055
38065,asid_38065,1,True,False,38065
38074,asid_38074,1,True,False,38074
38077,asid_4998,4,False,False,38077
38092,asid_38092,1,True,False,38092
38110,asid_38110,1,True,False,38110
38133,asid_38133,2,True,False,38133
38140,asid_74,32,True,True,44
38147,asid_19703,2,False,False,38147
38168,asid_38168,1,True,False,38168
38172,asid_38172,1,True,False,38172
38174,asid_38174,1,True,False,38174
38176,asid_38176,1,True,False,38176
38178,asid_38178,1,True,False,38178
38181,asid_23260,2,False,False,38181
38182,asid_11637,3,False,False,38182
38186,asid_38186,1,True,False,38186
38191,asid_17257,2,False,False,38191
38200,asid_38200,1,True,False,38200
38201,asid_36690,3,True,True,36690
38205,asid_38205,1,True,False,38205
38222,asid_38222,1,True,False,38222
38225,asid_38225,1,True,False,38225
38226,asid_38226,1,True,False,38226
38228,asid_38228,1,True,False,38228
38235,asid_38235,1,True,False,38235
38236,asid_30951,2,False,False,38236
38249,asid_38249,2,True,False,38249
38252,asid_38252,1,True,False,38252
38263,asid_38263,1,True,False,38263
38270,asid_38270,1,True,False,38270
38288,asid_38288,1,True,False,38288
38308,asid_38308,1,True,False,38308
38312,asid_38312,3,False,False,38312
38331,asid_38331,1,True,False,38331
38338,asid_38338,1,True,False,38338
38344,asid_38344,1,True,False,38344
38364,asid_23140,1,True,False,38364
38376,asid_38376,1,True,False,38376
38385,asid_38385,2,True,False,38385
38389,asid_14506,3,False,False,38389
38400,asid_38400,1,True,False,38400
38403,asid_18520,2,False,False,38403
38404,asid_38404,1,True,False,38404
38425,asid_38425,1,True,False,38425
38435,asid_38435,1,True,False,38435
38441,asid_31814,2,True,False,38441
38444,asid_38444,1,True,False,38444
38451,asid_12964,2,False,False,38451
38466,asid_38466,1,True,False,38466
38478,asid_38478,1,True,False,38478
38503,asid_38503,1,True,False,38503
38510,asid_38510,1,True,False,38510
38514,asid_38514,1,True,False,38514
38516,asid_38516,1,True,False,38516
38528,asid_38528,1,True,False,38528
38533,asid_38533,1,True,False,38533
38535,asid_38535,1,True,False,38535
38560,asid_38560,1,True,False,38560
38564,asid_38564,1,True,False,38564
38580,asid_38580,1,True,False,38580
38588,asid_38588,1,True,False,38588
38604,asid_38604,1,True,False,38604
38611,asid_38611,1,True,False,38611
38641,asid_38641,1,True,False,38641
38644,asid_38644,1,True,False,38644
38670,asid_38670,2,True,False,38670
38675,asid_38675,1,True,False,38675
38680,asid_38680,1,True,False,38680
38706,asid_38706,1,True,False,38706
38707,asid_38707,1,True,False,38707
38712,asid_38712,1,True,False,38712
38721,asid_38721,1,True,False,38721
38725,asid_38725,1,True,False,38725
38741,asid_38741,1,True,False,38741
38742,asid_38742,1,True,False,38742
38751,asid_38751,1,True,False,38751
38764,asid_29454,2,False,False,38764
38766,asid_12853,5,False,False,38766
38769,asid_55,3,False,False,38769
38773,asid_38773,1,True,False,38773
38774,asid_38774,1,True,False,38774
38779,asid_19058,3,False,False,38779
38789,asid_31220,3,True,True,31220
38799,asid_33638,7,False,False,38799
38803,asid_38803,1,True,False,38803
38809,asid_38809,1,True,False,38809
38813,asid_48962,4,False,True,15277
38819,asid_38819,1,True,False,38819
38821,asid_38821,1,True,False,38821
38833,asid_38833,1,True,False,38833
38841,asid_38841,1,True,False,38841
38844,asid_38844,1,True,False,38844
38868,asid_38868,1,True,False,38868
38887,asid_38887,1,True,False,38887
38897,asid_38897,2,True,False,38897
38899,asid_38899,6,False,False,38899
38905,asid_38905,1,True,False,38905
38920,asid_38920,1,True,False,38920
38922,asid_38922,1,True,False,38922
38933,asid_38933,1,True,False,38933
38948,asid_38948,1,True,False,38948
38954,asid_23880,2,False,True,23880
38961,asid_37495,3,False,False,38961
38977,asid_38977,1,True,False,38977
38979,asid_1224,12,False,False,38979
38980,asid_38980,1,True,False,38980
38984,asid_38984,1,True,False,38984
38998,asid_38998,1,True,False,38998
39010,asid_39010,1,True,False,39010
39011,asid_39011,1,True,False,39011
39017,asid_39017,1,True,False,39017
39030,asid_9153,2,False,False,39030
39048,asid_39048,1,True,False,39048
39049,asid_18289,2,True,False,39049
39075,asid_39075,1,True,False,39075
39076,asid_39076,1,True,False,39076
39077,asid_39077,1,True,False,39077
39087,asid_39087,1,True,False,39087
39098,asid_39098,1,True,False,39098
39136,asid_39136,1,True,False,39136
39140,asid_39140,1,True,False,39140
39141,asid_15506,3,True,False,39141
39155,asid_39155,5,False,False,39155
39180,asid_36453,2,False,False,39180
39186,asid_39186,1,True,False,39186
39201,asid_39201,1,True,False,39201
39209,asid_39209,1,True,False,39209
39210,asid_27453,5,False,False,39210
39236,asid_39236,1,True,False,39236
39237,asid_39237,1,True,False,39237
39241,asid_39241,1,True,False,39241
39244,asid_39244,1,True,False,39244
39252,asid_39252,1,True,False,39252
39254,asid_39254,1,True,False,39254
39255,asid_12396,3,False,False,39255
39257,asid_39257,1,True,False,39257
39260,asid_16912,3,False,False,39260
39271,asid_39271,1,True,False,39271
39276,asid_16806,5,False,True,16806
39280,asid_39280,1,True,False,39280
39285,asid_39285,1,True,False,39285
39291,asid_39291,1,True,False,39291
39294,asid_39294,4,False,False,39294
39312,asid_39312,1,True,False,39312
39318,asid_39318,1,True,False,39318
39325,asid_3287,10,False,False,39325
39342,asid_39342,1,True,False,39342
39344,asid_39344,1,True,False,39344
39362,asid_39362,1,True,False,39362
39382,asid_39382,1,True,False,39382
39384,asid_40194,6,False,False,39384
39385,asid_39385,1,True,False,39385
39390,asid_39390,1,True,False,39390
39391,asid_193,11,False,True,3829
39399,asid_39399,1,True,False,39399
39400,asid_39400,1,True,False,39400
39406,asid_13498,2,False,True,13498
39407,asid_39407,2,False,False,39407
39409,asid_39409,1,True,False,39409
39412,asid_39412,2,True,False,39412
39417,asid_39417,1,True,False,39417
39436,asid_39436,1,True,False,39436
39443,asid_8169,3,False,False,39443
39453,asid_39453,1,True,False,39453
39477,asid_10781,3,False,False,39477
39484,asid_39484,1,True,False,39484
39495,asid_39495,1,True,False,39495
39513,asid_37754,2,False,True,37754
39516,asid_22085,4,False,False,39516
39524,asid_39524,1,True,False,39524
39525,asid_39525,2,False,False,39525
39544,asid_39544,1,True,False,39544
39559,asid_3884,6,True,True,8412
39576,asid_39576,1,True,False,39576
39577,asid_39577,1,True,False,39577
39582,asid_39582,1,True,False,39582
39584,asid_37251,2,True,False,39584
39594,asid_39594,1,True,False,39594
39608,asid_39608,1,True,False,39608
39609,asid_39609,2,True,False,39609
39610,asid_39610,1,True,False,39610
39611,asid_39611,1,True,False,39611
39629,asid_39629,1,True,False,39629
39646,asid_39646,1,True,False,39646
39650,asid_39650,1,True,False,39650
39651,asid_39651,1,True,False,39651
39655,asid_39655,1,True,False,39655
39660,asid_39660,1,True,False,39660
39661,asid_39661,1,True,False,39661
39663,asid_39663,1,True,False,39663
39673,asid_39673,1,True,False,39673
39682,asid_39682,1,True,False,39682
39685,asid_6736,3,False,False,39685
39700,asid_39700,1,True,False,39700
39702,asid_39702,2,False,False,39702
39703,asid_35328,2,False,False,39703
39705,asid_10428,2,False,False,39705
39710,asid_39710,1,True,False,39710
39737,asid_39737,1,True,False,39737
39738,asid_39738,1,True,False,39738
39748,asid_39748,2,False,False,39748
39751,asid_39751,1,True,False,39751
39781,asid_39781,1,True,False,39781
39793,asid_39793,1,True,False,39793
39810,asid_3253,4,False,False,39810
39824,asid_39824,1,True,False,39824
39830,asid_5136,3,False,False,39830
39834,asid_39834,1,True,False,39834
39837,asid_22029,2,False,False,39837
39845,asid_39845,1,True,False,39845
39855,asid_39855,1,True,False,39855
39861,asid_39861,1,True,False,39861
39868,asid_39868,1,True,False,39868
39869,asid_39869,1,True,False,39869
39871,asid_17416,3,False,False,39871
39872,asid_32368,2,True,False,39872
39873,asid_39873,1,True,False,39873
39877,asid_5571,4,True,True,5571
39881,asid_39881,1,True,False,39881
39900,asid_39900,1,True,False,39900
39904,asid_6991,6,False,False,39904
39909,asid_39909,1,True,False,39909
39924,asid_39924,1,True,False,39924
39928,asid_39928,1,True,False,39928
39932,asid_39932,1,True,False,39932
39934,asid_39934,1,True,False,39934
39935,asid_39935,1,True,False,39935
39938,asid_17797,3,False,False,39938
39940,asid_35145,3,False,False,39940
39947,asid_39947,1,True,False,39947
39950,asid_39950,1,True,False,39950
39951,asid_2459,2,False,False,39951
39955,asid_39955,1,True,False,39955
39958,asid_39958,1,True,False,39958
39960,asid_39960,2,True,False,39960
39962,asid_39962,1,True,False,39962
39972,asid_39972,1,True,False,39972
39976,asid_39976,1,True,False,39976
39979,asid_39979,1,True,False,39979
39985,asid_39985,1,True,False,39985
39990,asid_39990,2,True,False,39990
40012,asid_40012,1,True,False,40012
40023,asid_40023,1,True,False,40023
40032,asid_29010,4,False,False,40032
40036,asid_4595,2,False,False,40036
40037,asid_40037,1,True,False,40037
40039,asid_40039,1,True,False,40039
40045,asid_40045,1,True,False,40045
40049,asid_40049,1,True,False,40049
40051,asid_40051,1,True,False,40051
40052,asid_558,7,False,True,7411
40055,asid_28632,4,False,True,28632
40057,asid_33413,2,True,False,40057
40061,asid_40061,1,True,False,40061
40069,asid_40069,1,True,False,40069
40083,asid_40083,1,True,False,40083
40087,asid_40087,2,False,False,40087
40090,asid_40090,1,True,False,40090
40097,asid_40097,1,True,False,40097
40118,asid_40118,1,True,False,40118
40120,asid_8715,5,False,False,40120
40124,asid_40124,1,True,False,40124
40146,asid_40146,1,True,False,40146
40148,asid_40148,1,True,False,40148
40165,asid_31125,2,True,False,40165
40168,asid_40168,1,True,False,40168
40176,asid_48892,2,True,False,40176
40177,asid_40177,1,True,False,40177
40194,asid_40194,6,False,False,40194
40204,asid_38670,2,False,False,40204
40209,asid_40209,1,True,False,40209
40212,asid_40212,1,True,False,40212
40219,asid_40219,1,True,False,40219
40225,asid_40225,1,True,False,40225
40232,asid_40232,1,True,False,40232
40250,asid_40250,1,True,False,40250
40253,asid_40253,1,True,False,40253
40257,asid_40257,2,True,False,40257
40264,asid_749,4,False,False,40264
40265,asid_40265,1,True,False,40265
40269,asid_40269,1,True,False,40269
40287,asid_40287,1,True,False,40287
40292,asid_40292,1,True,False,40292
40307,asid_40307,1,True,False,40307
40310,asid_13786,2,False,False,40310
40311,asid_40311,1,True,False,40311
40316,asid_22891,2,False,False,40316
40320,asid_40320,1,True,False,40320
40325,asid_40325,1,True,False,40325
40327,asid_40327,1,True,False,40327
40329,asid_40329,1,True,False,40329
40332,asid_16404,3,False,False,40332
40340,asid_11047,2,False,False,40340
40346,asid_40346,1,True,False,40346
40348,asid_40348,1,True,False,40348
40350,asid_40350,1,True,False,40350
40361,asid_40361,1,True,False,40361
40364,asid_40364,1,True,False,40364
40372,asid_40372,1,True,False,40372
40388,asid_40388,2,True,False,40388
40402,asid_40402,1,True,False,40402
40409,asid_21656,2,False,False,40409
40410,asid_40410,1,True,False,40410
40425,asid_40425,1,True,False,40425
40426,asid_40426,1,True,False,40426
40428,asid_40428,1,True,False,40428
40433,asid_40433,1,True,False,40433
40440,asid_39960,2,False,True,39960
40447,asid_15777,2,False,False,40447
40458,asid_40458,1,True,False,40458
40461,asid_40461,1,True,False,40461
40471,asid_40471,1,True,False,40471
40502,asid_24954,4,False,False,40502
40504,asid_40504,1,True,False,40504
40506,asid_40506,1,True,False,40506
40507,asid_40507,2,False,False,40507
40525,asid_40525,1,True,False,40525
40539,asid_40539,1,True,False,40539
40544,asid_40544,1,True,False,40544
40567,asid_40567,1,True,False,40567
40584,asid_1799,3,False,False,40584
40585,asid_40585,1,True,False,40585
40588,asid_49661,2,True,False,40588
40603,asid_40603,2,True,False,40603
40606,asid_40606,1,True,False,40606
40607,asid_40607,1,True,False,40607
40610,asid_16053,1,True,False,40610
40613,asid_40613,1,True,False,40613
40620,asid_40620,1,True,False,40620
40624,asid_19442,2,False,False,40624
40632,asid_40632,1,True,False,40632
40645,asid_40645,1,True,False,40645
40656,asid_40656,1,True,False,40656
40668,asid_40668,1,True,False,40668
40679,asid_232,10,False,False,40679
40683,asid_40683,1,True,False,40683
40707,asid_40707,1,True,False,40707
40708,asid_40708,1,True,False,40708
40718,asid_13984,2,False,False,40718
40719,asid_40719,1,True,False,40719
40725,asid_40725,1,True,False,40725
40740,asid_40740,1,True,False,40740
40752,asid_40752,1,True,False,40752
40755,asid_47579,2,True,False,40755
40757,asid_40757,1,True,False,40757
40770,asid_40770,1,True,False,40770
40779,asid_40779,1,True,False,40779
40785,asid_40785,1,True,False,40785
40802,asid_40802,1,True,False,40802
40808,asid_1828,12,True,True,903
40809,asid_40809,1,True,False,40809
40816,asid_1356,7,False,False,40816
40823,asid_19752,2,False,True,19752
40826,asid_40826,1,True,False,40826
40842,asid_40842,2,True,False,40842
40873,asid_40873,1,True,False,40873
40874,asid_40874,1,True,False,40874
40879,asid_40879,1,True,False,40879
40884,asid_40884,1,True,False,40884
40891,asid_40891,1,True,False,40891
40902,asid_40902,1,True,False,40902
40913,asid_40913,1,True,False,40913
40923,asid_40923,1,True,False,40923
40925,asid_40925,1,True,False,40925
40955,asid_35809,6,True,True,6762
40957,asid_40957,1,True,False,40957
40988,asid_40988,1,True,False,40988
40991,asid_40991,1,True,False,40991
41011,asid_41011,1,True,False,41011
41022,asid_41022,1,True,False,41022
41056,asid_6578,4,True,False,41056
41057,asid_41057,1,True,False,41057
41065,asid_41065,1,True,False,41065
41070,asid_41070,2,False,False,41070
41084,asid_41084,2,True,False,41084
41087,asid_41087,1,True,False,41087
41093,asid_41093,1,True,False,41093
41121,asid_17797,3,False,False,41121
41123,asid_47209,3,True,False,41123
41127,asid_41127,4,False,False,41127
41134,asid_14725,2,False,False,41134
41149,asid_41149,1,True,False,41149
41157,asid_41157,1,True,False,41157
41161,asid_41161,1,True,False,41161
41163,asid_41163,1,True,False,41163
41170,asid_41170,1,True,False,41170
41171,asid_2718,6,False,True,2718
41179,asid_41179,1,True,False,41179
41183,asid_41183,1,True,False,41183
41185,asid_41185,1,True,False,41185
41186,asid_41186,1,True,False,41186
41189,asid_2427,2,False,True,2427
41193,asid_41193,1,True,False,41193
41201,asid_41201,1,True,False,41201
41204,asid_41204,1,True,False,41204
41209,asid_41209,1,True,False,41209
41225,asid_41225,2,False,False,41225
41228,asid_2554,7,False,True,2554
41234,asid_41234,1,True,False,41234
41235,asid_46623,1,True,False,41235
41240,asid_41240,1,True,False,41240
41241,asid_41241,1,True,False,41241
41242,asid_41242,1,True,False,41242
41244,asid_41244,1,True,False,41244
41246,asid_41246,1,True,False,41246
41256,asid_4621,2,False,False,41256
41258,asid_41258,1,True,False,41258
41273,asid_41273,1,True,False,41273
41292,asid_41292,1,True,False,41292
41296,asid_5058,5,True,True,5058
41297,asid_41297,1,True,False,41297
41301,asid_41301,1,True,False,41301
41307,asid_41307,1,True,False,41307
41308,asid_19911,3,False,False,41308
41309,asid_41309,1,True,False,41309
41314,asid_41314,1,True,False,41314
41317,asid_41317,1,True,False,41317
41318,asid_41318,1,True,False,41318
41330,asid_41330,1,True,False,41330
41340,asid_41340,1,True,False,41340
41343,asid_41343,1,True,False,41343
41344,asid_3456,3,False,False,41344
41347,asid_41347,1,True,False,41347
41348,asid_41348,1,True,False,41348
41358,asid_41358,1,True,False,41358
41360,asid_41360,1,True,False,41360
41371,asid_41371,1,True,False,41371
41383,asid_6460,2,False,False,41383
41384,asid_41384,2,False,False,41384
41386,asid_41386,1,True,False,41386
41389,asid_41389,1,True,False,41389
41392,asid_41392,1,True,False,41392
41396,asid_16371,3,False,True,16371
41398,asid_41398,1,True,False,41398
41400,asid_41400,1,True,False,41400
41407,asid_41407,1,True,False,41407
41409,asid_41409,1,True,False,41409
41412,asid_14433,2,True,True,14433
41436,asid_41436,1,True,False,41436
41437,asid_41437,1,True,False,41437
41442,asid_41442,1,True,False,41442
41458,asid_41458,1,True,False,41458
41465,asid_41465,2,True,False,41465
41474,asid_41474,1,True,False,41474
41484,asid_9785,2,True,False,41484
41488,asid_41488,1,True,False,41488
41500,asid_41500,1,True,False,41500
41517,asid_41517,1,True,False,41517
41525,asid_15070,3,False,False,41525
41534,asid_41534,1,True,False,41534
41535,asid_17928,2,False,False,41535
41551,asid_20720,2,False,False,41551
41556,asid_41556,2,False,False,41556
41570,asid_41570,1,True,False,41570
41574,asid_41574,1,True,False,41574
41575,asid_23565,4,True,True,32011
41580,asid_41580,1,True,False,41580
41584,asid_41584,1,True,False,41584
41601,asid_41601,1,True,False,41601
41610,asid_41610,1,True,False,41610
41629,asid_41629,1,True,False,41629
41641,asid_41641,1,True,False,41641
41646,asid_41646,1,True,False,41646
41664,asid_41664,1,True,False,41664
41690,asid_41690,1,True,False,41690
41692,asid_41692,2,True,False,41692
41693,asid_41693,1,True,False,41693
41699,asid_41699,1,True,False,41699
41712,asid_41712,1,True,False,41712
41725,asid_16951,2,False,False,41725
41740,asid_41740,1,True,False,41740
41748,asid_41748,1,True,False,41748
41755,asid_41755,1,True,False,41755
41756,asid_41756,1,True,False,41756
41760,asid_41760,1,True,False,41760
41770,asid_41770,1,True,False,41770
41772,asid_41772,1,True,False,41772
41773,asid_41773,1,True,False,41773
41778,asid_41778,1,True,False,41778
41779,asid_41779,1,True,False,41779
41780,asid_41780,1,True,False,41780
41783,asid_6764,3,False,False,41783
41789,asid_915,5,False,False,41789
41790,asid_41790,1,True,False,41790
41800,asid_41800,1,True,False,41800
41806,asid_41806,1,True,False,41806
41807,asid_41807,1,True,False,41807
41809,asid_41809,1,True,False,41809
41819,asid_41819,1,True,False,41819
41834,asid_41834,1,True,False,41834
41838,asid_41838,1,True,False,41838
41841,asid_7831,3,False,False,41841
41842,asid_17081,2,False,False,41842
41845,asid_41845,1,True,False,41845
41850,asid_12987,2,False,True,12987
41855,asid_41855,1,True,False,41855
41856,asid_41856,1,True,False,41856
41858,asid_41858,1,True,False,41858
41864,asid_44351,2,False,True,44351
41885,asid_41885,1,True,False,41885
41897,asid_41897,1,True,False,41897
41901,asid_41901,1,True,False,41901
41903,asid_12584,4,False,True,12584
41914,asid_41914,1,True,False,41914
41919,asid_41919,1,True,False,41919
41922,asid_41922,1,True,False,41922
41929,asid_41929,1,True,False,41929
41935,asid_41935,1,True,False,41935
41937,asid_41937,1,True,False,41937
41944,asid_41944,1,True,False,41944
41946,asid_41946,1,True,False,41946
41948,asid_41948,2,True,False,41948
41949,asid_41949,1,True,False,41949
41958,asid_41958,1,True,False,41958
41961,asid_25978,2,True,False,41961
41979,asid_41979,1,True,False,41979
41994,asid_41994,1,True,False,41994
41997,asid_41997,1,True,False,41997
42000,asid_42000,1,True,False,42000
42006,asid_42006,1,True,False,42006
42026,asid_42026,1,True,False,42026
42037,asid_42037,1,True,False,42037
42038,asid_42038,1,True,False,42038
42040,asid_37165,2,True,False,42040
42049,asid_42049,1,True,False,42049
42052,asid_42052,1,True,False,42052
42067,asid_19534,2,False,False,42067
42081,asid_42081,1,True,False,42081
42082,asid_42082,3,False,False,42082
42085,asid_42085,2,True,False,42085
42090,asid_42090,1,True,False,42090
42098,asid_42098,1,True,False,42098
42116,asid_42116,1,True,False,42116
42118,asid_42118,1,True,False,42118
42128,asid_42128,1,True,False,42128
42161,asid_42161,1,True,False,42161
42173,asid_42173,1,True,False,42173
42203,asid_42203,1,True,False,42203
42218,asid_42218,1,True,False,42218
42232,asid_6800,17,False,False,42232
42240,asid_42240,1,True,False,42240
42242,asid_15530,4,True,True,32687
42246,asid_42246,1,True,False,42246
42261,asid_42261,1,True,False,42261
42265,asid_42265,1,True,False,42265
42267,asid_42267,1,True,False,42267
42268,asid_42268,1,True,False,42268
42276,asid_42276,1,True,False,42276
42277,asid_42277,1,True,False,42277
42299,asid_42299,1,True,False,42299
42340,asid_42340,1,True,False,42340
42344,asid_42344,1,True,False,42344
42351,asid_42351,1,True,False,42351
42364,asid_42364,1,True,False,42364
42365,asid_42365,1,True,False,42365
42366,asid_9599,3,True,True,9599
42368,asid_42368,1,True,False,42368
42371,asid_42371,1,True,False,42371
42373,asid_42373,1,True,False,42373
42376,asid_39609,2,False,False,42376
42392,asid_42392,1,True,False,42392
42393,asid_19352,2,False,False,42393
42397,asid_6825,3,False,False,42397
42405,asid_42405,1,True,False,42405
42412,asid_8594,3,False,False,42412
42413,asid_14069,2,False,False,42413
42422,asid_42422,1,True,False,42422
42423,asid_42423,1,True,False,42423
42428,asid_42428,2,False,False,42428
42431,asid_42431,1,True,False,42431
42435,asid_42435,2,False,False,42435
42439,asid_1224,12,False,False,42439
42452,asid_42452,1,True,False,42452
42464,asid_42464,4,False,False,42464
42473,asid_42473,1,True,False,42473
42482,asid_12177,4,False,False,42482
42489,asid_42489,1,True,False,42489
42492,asid_42492,1,True,False,42492
42501,asid_42501,1,True,False,42501
42520,asid_42520,1,True,False,42520
42545,asid_42545,1,True,False,42545
42546,asid_42546,1,True,False,42546
42554,asid_42554,3,False,False,42554
42566,asid_42566,2,True,False,42566
42579,asid_26880,3,False,False,42579
42587,asid_42587,1,True,False,42587
42615,asid_42615,1,True,False,42615
42628,asid_33264,2,True,False,42628
42630,asid_42630,1,True,False,42630
42655,asid_42655,1,True,False,42655
42657,asid_42657,1,True,False,42657
42663,asid_42663,1,True,False,42663
42699,asid_42699,1,True,False,42699
42705,asid_42705,1,True,False,42705
42706,asid_42706,1,True,False,42706
42707,asid_42707,4,False,False,42707
42713,asid_44189,2,True,False,42713
42720,asid_42720,1,True,False,42720
42737,asid_7341,5,False,False,42737
42738,asid_42738,1,True,False,42738
42770,asid_42770,1,True,False,42770
42777,asid_42777,1,True,False,42777
42785,asid_23241,2,False,False,42785
42795,asid_42795,1,True,False,42795
42808,asid_42808,1,True,False,42808
42811,asid_42811,1,True,False,42811
42817,asid_42817,1,True,False,42817
42828,asid_42828,1,True,False,42828
42845,asid_42845,1,True,False,42845
42850,asid_16777,2,False,False,42850
42853,asid_42853,1,True,False,42853
42879,asid_42879,1,True,False,42879
42897,asid_42897,1,True,False,42897
42898,asid_42898,1,True,False,42898
42903,asid_23238,2,False,False,42903
42904,asid_42904,1,True,False,42904
42906,asid_42906,1,True,False,42906
42907,asid_42907,1,True,False,42907
42918,asid_42918,1,True,False,42918
42926,asid_42926,1,True,False,42926
42932,asid_42932,1,True,False,42932
42933,asid_42933,1,True,False,42933
42938,asid_42938,1,True,False,42938
42946,asid_42946,1,True,False,42946
42962,asid_42962,1,True,False,42962
42968,asid_42968,1,True,False,42968
42970,asid_47487,4,False,False,42970
42971,asid_42971,1,True,False,42971
42972,asid_42972,1,True,False,42972
42979,asid_42979,1,True,False,42979
42980,asid_42980,2,False,False,42980
42991,asid_15669,2,False,False,42991
42992,asid_42992,1,True,False,42992
42993,asid_42993,1,True,False,42993
42994,asid_42994,1,True,False,42994
42998,asid_29283,2,False,False,42998
43011,asid_43011,1,True,False,43011
43013,asid_41948,2,False,False,43013
43020,asid_43020,1,True,False,43020
43028,asid_15756,3,False,False,43028
43044,asid_43044,1,True,False,43044
43060,asid_43060,1,True,False,43060
43065,asid_43065,1,True,False,43065
43073,asid_43073,1,True,False,43073
43083,asid_43083,1,True,False,43083
43087,asid_43087,1,True,False,43087
43090,asid_43090,1,True,False,43090
43094,asid_8844,4,False,False,43094
43095,asid_43095,1,True,False,43095
43101,asid_43101,1,True,False,43101
43104,asid_43104,1,True,False,43104
43108,asid_43108,1,True,False,43108
43111,asid_43111,1,True,False,43111
43120,asid_43120,1,True,False,43120
43129,asid_43129,1,True,False,43129
43132,asid_43132,1,True,False,43132
43135,asid_43135,1,True,False,43135
43141,asid_32697,2,False,False,43141
43150,asid_43150,1,True,False,43150
43156,asid_16841,1,True,False,43156
43169,asid_43169,1,True,False,43169
43173,asid_43173,1,True,False,43173
43194,asid_43194,1,True,False,43194
43204,asid_43204,1,True,False,43204
43207,asid_43207,1,True,False,43207
43234,asid_6611,5,False,False,43234
43236,asid_43236,1,True,False,43236
43248,asid_43248,1,True,False,43248
43252,asid_9643,5,True,True,24934
43265,asid_43265,1,True,False,43265
43266,asid_43266,1,True,False,43266
43275,asid_43275,1,True,False,43275
43280,asid_43280,1,True,False,43280
43293,asid_43293,1,True,False,43293
43295,asid_43295,1,True,False,43295
43297,asid_43297,1,True,False,43297
43303,asid_23466,2,False,False,43303
43305,asid_43305,1,True,False,43305
43307,asid_43307,1,True,False,43307
43309,asid_43309,1,True,False,43309
43318,asid_43318,1,True,False,43318
43324,asid_43324,1,True,False,43324
43333,asid_43333,1,True,False,43333
43348,asid_43348,1,True,False,43348
43353,asid_43353,2,False,False,43353
43358,asid_43358,1,True,False,43358
43369,asid_43369,1,True,False,43369
43372,asid_43372,1,True,False,43372
43380,asid_43380,1,True,False,43380
43389,asid_43389,1,True,False,43389
43394,asid_23503,5,False,False,43394
43398,asid_43398,1,True,False,43398
43415,asid_43415,1,True,False,43415
43431,asid_43431,2,False,False,43431
43447,asid_43447,1,True,False,43447
43455,asid_43455,1,True,False,43455
43472,asid_43472,1,True,False,43472
43481,asid_43481,1,True,False,43481
43492,asid_43492,1,True,False,43492
43512,asid_20176,3,False,False,43512
43519,asid_43519,2,False,False,43519
43532,asid_43532,1,True,False,43532
43555,asid_43555,1,True,False,43555
43556,asid_27782,2,False,False,43556
43564,asid_43564,1,True,False,43564
43584,asid_43584,1,True,False,43584
43592,asid_1523,1,True,False,43592
43600,asid_43600,1,True,False,43600
43603,asid_43603,1,True,False,43603
43617,asid_2144,3,False,False,43617
43620,asid_43620,1,True,False,43620
43621,asid_36452,2,False,False,43621
43625,asid_43625,1,True,False,43625
43627,asid_43627,1,True,False,43627
43644,asid_43644,2,True,False,43644
43653,asid_43653,1,True,False,43653
43667,asid_24950,5,False,False,43667
43677,asid_43677,1,True,False,43677
43679,asid_1141,6,False,True,1141
43680,asid_43680,1,True,False,43680
43704,asid_43704,1,True,False,43704
43705,asid_43705,1,True,False,43705
43706,asid_43706,1,True,False,43706
43720,asid_42428,2,True,False,43720
43723,asid_43723,1,True,False,43723
43740,asid_43740,1,True,False,43740
43742,asid_43742,1,True,False,43742
43767,asid_43767,1,True,False,43767
43780,asid_43780,1,True,False,43780
43781,asid_43781,1,True,False,43781
43793,asid_43793,1,True,False,43793
43796,asid_43796,1,True,False,43796
43799,asid_43799,1,True,False,43799
43804,asid_43804,1,True,False,43804
43813,asid_43813,1,True,False,43813
43816,asid_240,15,False,False,43816
43830,asid_37295,2,False,False,43830
43848,asid_43848,1,True,False,43848
43855,asid_43855,1,True,False,43855
43863,asid_43863,1,True,False,43863
43873,asid_7746,2,False,False,43873
43886,asid_43886,1,True,False,43886
43890,asid_43890,2,False,False,43890
43916,asid_17160,3,False,False,43916
43927,asid_43927,1,True,False,43927
43945,asid_43945,1,True,False,43945
43952,asid_43952,2,False,False,43952
43960,asid_43960,1,True,False,43960
43968,asid_43968,1,True,False,43968
43976,asid_43976,1,True,False,43976
44000,asid_44000,1,True,False,44000
44036,asid_44036,1,True,False,44036
44041,asid_44041,1,True,False,44041
44048,asid_44048,1,True,False,44048
44060,asid_44060,1,True,False,44060
44113,asid_44113,1,True,False,44113
44121,asid_44121,1,True,False,44121
44144,asid_25762,2,False,True,25762
44145,asid_16692,2,False,False,44145
44148,asid_37101,2,True,False,44148
44158,asid_44158,1,True,False,44158
44159,asid_44159,2,False,False,44159
44166,asid_44166,1,True,False,44166
44169,asid_44169,1,True,False,44169
44177,asid_4174,6,True,True,2603
44179,asid_44179,1,True,False,44179
44184,asid_49207,1,True,False,44184
44186,asid_44186,1,True,False,44186
44189,asid_44189,2,False,False,44189
44193,asid_44193,1,True,False,44193
44201,asid_44201,1,True,False,44201
44223,asid_44223,1,True,False,44223
44232,asid_44232,1,True,False,44232
44235,asid_44235,1,True,False,44235
44251,asid_462,10,False,False,44251
44255,asid_44255,1,True,False,44255
44256,asid_44256,1,True,False,44256
44259,asid_44259,1,True,False,44259
44265,asid_44265,1,True,False,44265
44278,asid_44278,1,True,False,44278
44281,asid_44281,1,True,False,44281
44290,asid_30068,2,False,False,44290
44295,asid_44295,1,True,False,44295
44297,asid_44297,1,True,False,44297
44299,asid_44299,1,True,False,44299
44306,asid_44306,1,True,False,44306
44322,asid_44322,1,True,False,44322
44347,asid_44347,1,True,False,44347
44351,asid_44351,2,True,False,44351
44355,asid_44355,1,True,False,44355
44358,asid_44358,1,True,False,44358
44367,asid_44367,1,True,False,44367
44383,asid_38133,2,False,False,44383
44388,asid_44388,1,True,False,44388
44390,asid_44390,1,True,False,44390
44391,asid_8319,7,False,False,44391
44393,asid_44393,1,True,False,44393
44401,asid_44401,1,True,False,44401
44404,asid_44404,1,True,False,44404
44440,asid_44440,1,True,False,44440
44442,asid_44442,1,True,False,44442
44446,asid_44446,1,True,False,44446
44465,asid_44465,1,True,False,44465
44469,asid_44469,1,True,False,44469
44476,asid_42085,2,False,False,44476
44478,asid_44478,1,True,False,44478
44492,asid_44492,1,True,False,44492
44493,asid_44493,1,True,False,44493
44505,asid_44505,1,True,False,44505
44520,asid_44520,1,True,False,44520
44537,asid_7815,1,True,False,44537
44538,asid_44538,1,True,False,44538
44541,asid_44541,1,True,False,44541
44543,asid_562,9,False,False,44543
44551,asid_44551,1,True,False,44551
44552,asid_44552,1,True,False,44552
44558,asid_44558,1,True,False,44558
44568,asid_44568,1,True,False,44568
44575,asid_44575,1,True,False,44575
44577,asid_44577,1,True,False,44577
44579,asid_44579,1,True,False,44579
44581,asid_44581,1,True,False,44581
44586,asid_44586,1,True,False,44586
44598,asid_44598,1,True,False,44598
44610,asid_74,32,False,True,44
44617,asid_12876,3,False,False,44617
44618,asid_44618,1,True,False,44618
44629,asid_44629,1,True,False,44629
44630,asid_44630,1,True,False,44630
44632,asid_44632,1,True,False,44632
44639,asid_44639,1,True,False,44639
44644,asid_44644,1,True,False,44644
44648,asid_44648,1,True,False,44648
44650,asid_44650,1,True,False,44650
44657,asid_44657,1,True,False,44657
44662,asid_43870,1,True,False,44662
44671,asid_44671,1,True,False,44671
44676,asid_44676,1,True,False,44676
44680,asid_44680,1,True,False,44680
44717,asid_44717,1,True,False,44717
44724,asid_44724,1,True,False,44724
44725,asid_44725,1,True,False,44725
44745,asid_44745,1,True,False,44745
44749,asid_44749,1,True,False,44749
44751,asid_44751,1,True,False,44751
44759,asid_44759,1,True,False,44759
44784,asid_44784,1,True,False,44784
44789,asid_44789,1,True,False,44789
44790,asid_44790,1,True,False,44790
44800,asid_21412,1,True,False,44800
44801,asid_44801,1,True,False,44801
44802,asid_44802,2,True,False,44802
44808,asid_33531,2,False,False,44808
44822,asid_44822,3,False,False,44822
44824,asid_44824,1,True,False,44824
44831,asid_44831,1,True,False,44831
44849,asid_44849,1,True,False,44849
44859,asid_44859,1,True,False,44859
44864,asid_44864,1,True,False,44864
44871,asid_44871,1,True,False,44871
44876,asid_44876,2,True,False,44876
44897,asid_44897,1,True,False,44897
44903,asid_44903,1,True,False,44903
44904,asid_31011,6,False,True,31011
44906,asid_44906,1,True,False,44906
44907,asid_44907,1,True,False,44907
44922,asid_44922,1,True,False,44922
44925,asid_44925,1,True,False,44925
44927,asid_5025,2,False,False,44927
44928,asid_44928,1,True,False,44928
44930,asid_44930,1,True,False,44930
44934,asid_44934,1,True,False,44934
44943,asid_44943,1,True,False,44943
44964,asid_44964,1,True,False,44964
44969,asid_44969,1,True,False,44969
44970,asid_9652,4,False,False,44970
44983,asid_44983,1,True,False,44983
44984,asid_26408,2,True,False,44984
44987,asid_44987,1,True,False,44987
44992,asid_44992,1,True,False,44992
45003,asid_32571,2,False,False,45003
45013,asid_45013,1,True,False,45013
45044,asid_45044,1,True,False,45044
45045,asid_45045,1,True,False,45045
45069,asid_45069,1,True,False,45069
45074,asid_45074,1,True,False,45074
45077,asid_45077,1,True,False,45077
45081,asid_45081,1,True,False,45081
45089,asid_45089,1,True,False,45089
45091,asid_45091,1,True,False,45091
45096,asid_45096,1,True,False,45096
45109,asid_45109,1,True,False,45109
45117,asid_45117,1,True,False,45117
45118,asid_45118,1,True,False,45118
45130,asid_45130,1,True,False,45130
45147,asid_4217,2,False,False,45147
45154,asid_45154,1,True,False,45154
45165,asid_45165,1,True,False,45165
45172,asid_45172,1,True,False,45172
45178,asid_45178,1,True,False,45178
45184,asid_45184,1,True,False,45184
45186,asid_45186,1,True,False,45186
45199,asid_45199,1,True,False,45199
45202,asid_44802,2,False,False,45202
45209,asid_45209,1,True,False,45209
45216,asid_45216,1,True,False,45216
45228,asid_45228,1,True,False,45228
45233,asid_45233,1,True,False,45233
45234,asid_45234,1,True,False,45234
45237,asid_45237,1,True,False,45237
45247,asid_45247,1,True,False,45247
45257,asid_45257,1,True,False,45257
45279,asid_45279,2,False,False,45279
45288,asid_45288,1,True,False,45288
45298,asid_45298,1,True,False,45298
45299,asid_45299,1,True,False,45299
45300,asid_45300,1,True,False,45300
45305,asid_45305,1,True,False,45305
45311,asid_16148,1,True,False,45311
45316,asid_45316,1,True,False,45316
45329,asid_45329,1,True,False,45329
45342,asid_45342,1,True,False,45342
45343,asid_45343,1,True,False,45343
45347,asid_45347,1,True,False,45347
45353,asid_45353,1,True,False,45353
45356,asid_12503,3,False,False,45356
45360,asid_45360,1,True,False,45360
45361,asid_45361,1,True,False,45361
45368,asid_45368,1,True,False,45368
45375,asid_45375,1,True,False,45375
45378,asid_45378,1,True,False,45378
45379,asid_45379,1,True,False,45379
45387,asid_45387,1,True,False,45387
45388,asid_45388,1,True,False,45388
45398,asid_45398,1,True,False,45398
45412,asid_45412,1,True,False,45412
45421,asid_45421,1,True,False,45421
45422,asid_45422,1,True,False,45422
45431,asid_45431,1,True,False,45431
45438,asid_45438,1,True,False,45438
45445,asid_45445,1,True,False,45445
45447,asid_45447,1,True,False,45447
45453,asid_45453,1,True,False,45453
45456,asid_45456,1,True,False,45456
45461,asid_45461,3,False,False,45461
45474,asid_45474,1,True,False,45474
45515,asid_45515,1,True,False,45515
45518,asid_45518,1,True,False,45518
45529,asid_45529,1,True,False,45529
45532,asid_45532,1,True,False,45532
45545,asid_16967,2,False,False,45545
45546,asid_45546,1,True,False,45546
45561,asid_45561,1,True,False,45561
45568,asid_45568,1,True,False,45568
45583,asid_45583,1,True,False,45583
45592,asid_45592,1,True,False,45592
45594,asid_35379,3,False,False,45594
45603,asid_45603,1,True,False,45603
45604,asid_45604,1,True,False,45604
45638,asid_45638,1,True,False,45638
45653,asid_25893,2,False,False,45653
45658,asid_45658,1,True,False,45658
45659,asid_45659,1,True,False,45659
45677,asid_45677,1,True,False,45677
45689,asid_45689,1,True,False,45689
45690,asid_45690,2,False,False,45690
45716,asid_45716,1,True,False,45716
45720,asid_30680,2,False,True,30680
45723,asid_45723,1,True,False,45723
45725,asid_45725,1,True,False,45725
45726,asid_26938,5,False,True,26938
45730,asid_45730,1,True,False,45730
45738,asid_45738,1,True,False,45738
45776,asid_45776,1,True,False,45776
45778,asid_45778,1,True,False,45778
45781,asid_45781,1,True,False,45781
45783,asid_45783,1,True,False,45783
45785,asid_45785,1,True,False,45785
45788,asid_45788,1,True,False,45788
45790,asid_45790,1,True,False,45790
45792,asid_45792,1,True,False,45792
45812,asid_45812,1,True,False,45812
45817,asid_45817,1,True,False,45817
45839,asid_45839,1,True,False,45839
45842,asid_45842,1,True,False,45842
45853,asid_45853,1,True,False,45853
45855,asid_45855,1,True,False,45855
45862,asid_45862,1,True,False,45862
45875,asid_45875,1,True,False,45875
45881,asid_45881,1,True,False,45881
45897,asid_45897,1,True,False,45897
45901,asid_274,10,False,True,274
45910,asid_45910,1,True,False,45910
45917,asid_45917,1,True,False,45917
45925,asid_45925,1,True,False,45925
45944,asid_45944,1,True,False,45944
45950,asid_45950,1,True,False,45950
45956,asid_18186,3,False,False,45956
45958,asid_45958,1,True,False,45958
45961,asid_1880,7,False,False,45961
45963,asid_45963,1,True,False,45963
45980,asid_45980,1,True,False,45980
45997,asid_45997,1,True,False,45997
45998,asid_45998,2,False,False,45998
46001,asid_46001,2,False,False,46001
46003,asid_9481,2,False,False,46003
46004,asid_46004,1,True,False,46004
46010,asid_29077,2,False,False,46010
46019,asid_46019,1,True,False,46019
46020,asid_46020,1,True,False,46020
46052,asid_46052,2,False,False,46052
46054,asid_46054,1,True,False,46054
46056,asid_46056,4,False,False,46056
46063,asid_46063,1,True,False,46063
46070,asid_46070,1,True,False,46070
46087,asid_46087,1,True,False,46087
46094,asid_46094,1,True,False,46094
46097,asid_46097,1,True,False,46097
46103,asid_46103,1,True,False,46103
46109,asid_3884,6,False,True,7654
46111,asid_46111,1,True,False,46111
46121,asid_39412,2,False,False,46121
46135,asid_46135,1,True,False,46135
46138,asid_46138,1,True,False,46138
46143,asid_46143,1,True,False,46143
46147,asid_46147,1,True,False,46147
46150,asid_46150,1,True,False,46150
46162,asid_49275,2,True,True,49275
46179,asid_46179,1,True,False,46179
46186,asid_48962,4,False,False,46186
46198,asid_46198,1,True,False,46198
46202,asid_46202,1,True,False,46202
46229,asid_46229,1,True,False,46229
46238,asid_46238,1,True,False,46238
46239,asid_46239,1,True,False,46239
46244,asid_46244,1,True,False,46244
46248,asid_46248,1,True,False,46248
46249,asid_46249,1,True,False,46249
46251,asid_46251,1,True,False,46251
46265,asid_179,7,True,True,179
46277,asid_46277,1,True,False,46277
46314,asid_46314,1,True,False,46314
46315,asid_46315,1,True,False,46315
46319,asid_46319,1,True,False,46319
46328,asid_46328,1,True,False,46328
46347,asid_45998,2,True,False,46347
46351,asid_46351,1,True,False,46351
46366,asid_46366,1,True,False,46366
46373,asid_46373,1,True,False,46373
46377,asid_46377,1,True,False,46377
46384,asid_46384,1,True,False,46384
46385,asid_46385,1,True,False,46385
46389,asid_4910,5,True,True,31328
46408,asid_46408,1,True,False,46408
46412,asid_46412,1,True,False,46412
46427,asid_46427,8,False,False,46427
46436,asid_46436,1,True,False,46436
46445,asid_31235,3,True,True,35061
46451,asid_46451,1,True,False,46451
46465,asid_46465,1,True,False,46465
46480,asid_46480,1,True,False,46480
46482,asid_51366,2,False,True,51366
46485,asid_46485,1,True,False,46485
46506,asid_46506,1,True,False,46506
46511,asid_46511,1,True,False,46511
46521,asid_46521,1,True,False,46521
46523,asid_46523,1,True,False,46523
46536,asid_895,4,True,True,895
46541,asid_18032,2,False,False,46541
46560,asid_28474,2,False,False,46560
46562,asid_46562,1,True,False,46562
46575,asid_17111,2,False,False,46575
46576,asid_46576,1,True,False,46576
46579,asid_193,11,False,True,193
46583,asid_46583,1,True,False,46583
46592,asid_46592,1,True,False,46592
46616,asid_42554,3,True,True,37557
46618,asid_46618,1,True,False,46618
46642,asid_46642,1,True,False,46642
46645,asid_46645,1,True,False,46645
46658,asid_46658,1,True,False,46658
46667,asid_46667,1,True,False,46667
46679,asid_46679,1,True,False,46679
46685,asid_46685,1,True,False,46685
46687,asid_21121,3,False,False,46687
46691,asid_46691,1,True,False,46691
46695,asid_46695,1,True,False,46695
46710,asid_46710,1,True,False,46710
46717,asid_46717,1,True,False,46717
46729,asid_46729,1,True,False,46729
46737,asid_46737,1,True,False,46737
46744,asid_3149,5,False,False,46744
46761,asid_46761,1,True,False,46761
46764,asid_15530,4,False,False,46764
46767,asid_46767,1,True,False,46767
46769,asid_46769,1,True,False,46769
46790,asid_25335,2,False,False,46790
46791,asid_1356,7,False,False,46791
46792,asid_46792,1,True,False,46792
46797,asid_46797,1,True,False,46797
46800,asid_2837,4,False,True,2837
46810,asid_46810,1,True,False,46810
46811,asid_46811,1,True,False,46811
46820,asid_46820,1,True,False,46820
46821,asid_46821,1,True,False,46821
46826,asid_46826,1,True,False,46826
46831,asid_46831,1,True,False,46831
46843,asid_46843,1,True,False,46843
46868,asid_46868,1,True,False,46868
46869,asid_46869,1,True,False,46869
46879,asid_46879,1,True,False,46879
46913,asid_46913,1,True,False,46913
46927,asid_46927,1,True,False,46927
46928,asid_9652,4,False,False,46928
46943,asid_46943,1,True,False,46943
46952,asid_23429,4,False,False,46952
46955,asid_2372,5,False,False,46955
46968,asid_46968,1,True,False,46968
46970,asid_46970,1,True,False,46970
46972,asid_46972,1,True,False,46972
46991,asid_46991,1,True,False,46991
46993,asid_46993,1,True,False,46993
46994,asid_46994,1,True,False,46994
46995,asid_46995,1,True,False,46995
47012,asid_19127,2,False,True,19127
47017,asid_47017,1,True,False,47017
47025,asid_47025,1,True,False,47025
47033,asid_2718,6,False,True,2718
47040,asid_47040,1,True,False,47040
47043,asid_47043,1,True,False,47043
47053,asid_47053,1,True,False,47053
47059,asid_47059,1,True,False,47059
47062,asid_47062,1,True,False,47062
47064,asid_47064,1,True,False,47064
47085,asid_47085,1,True,False,47085
47087,asid_47087,1,True,False,47087
47096,asid_47096,1,True,False,47096
47102,asid_47102,1,True,False,47102
47104,asid_47104,1,True,False,47104
47108,asid_47108,1,True,False,47108
47124,asid_47124,1,True,False,47124
47126,asid_47126,1,True,False,47126
47127,asid_47127,1,True,False,47127
47130,asid_47130,1,True,False,47130
47141,asid_47141,1,True,False,47141
47151,asid_47151,1,True,False,47151
47208,asid_21413,3,False,False,47208
47209,asid_47209,3,False,False,47209
47215,asid_47215,1,True,False,47215
47221,asid_47221,1,True,False,47221
47224,asid_36084,2,False,False,47224
47227,asid_47227,1,True,False,47227
47239,asid_47239,1,True,False,47239
47244,asid_47244,1,True,False,47244
47246,asid_47246,1,True,False,47246
47248,asid_47248,1,True,False,47248
47249,asid_47249,1,True,False,47249
47251,asid_47251,2,True,False,47251
47256,asid_47256,1,True,False,47256
47261,asid_47261,1,True,False,47261
47262,asid_47262,2,False,False,47262
47292,asid_47292,1,True,False,47292
47303,asid_47303,1,True,False,47303
47304,asid_47304,1,True,False,47304
47309,asid_15057,7,False,True,5363
47311,asid_47311,1,True,False,47311
47313,asid_47313,1,True,False,47313
47324,asid_47324,1,True,False,47324
47342,asid_47342,1,True,False,47342
47351,asid_47351,1,True,False,47351
47358,asid_47358,1,True,False,47358
47361,asid_47361,1,True,False,47361
47366,asid_47366,1,True,False,47366
47368,asid_47368,1,True,False,47368
47376,asid_6236,3,False,False,47376
47378,asid_47378,1,True,False,47378
47391,asid_47391,1,True,False,47391
47397,asid_47397,1,True,False,47397
47398,asid_47398,1,True,False,47398
47405,asid_47405,1,True,False,47405
47414,asid_47414,1,True,False,47414
47424,asid_47424,1,True,False,47424
47426,asid_47426,2,False,False,47426
47430,asid_47430,1,True,False,47430
47441,asid_11723,1,True,False,47441
47451,asid_47451,1,True,False,47451
47456,asid_47456,1,True,False,47456
47460,asid_47460,1,True,False,47460
47473,asid_47473,1,True,False,47473
47486,asid_47486,1,True,False,47486
47487,asid_47487,4,False,False,47487
47503,asid_47503,1,True,False,47503
47515,asid_47515,1,True,False,47515
47518,asid_47518,1,True,False,47518
47579,asid_47579,2,False,False,47579
47582,asid_47582,1,True,False,47582
47597,asid_47597,1,True,False,47597
47607,asid_47607,2,True,False,47607
47610,asid_47610,1,True,False,47610
47617,asid_31982,2,False,False,47617
47621,asid_47621,1,True,False,47621
47627,asid_47627,1,True,False,47627
47628,asid_47628,1,True,False,47628
47629,asid_47629,1,True,False,47629
47645,asid_47645,1,True,False,47645
47650,asid_47650,1,True,False,47650
47668,asid_47668,1,True,False,47668
47676,asid_25975,2,False,False,47676
47680,asid_47680,1,True,False,47680
47682,asid_47682,1,True,False,47682
47698,asid_47698,1,True,False,47698
47708,asid_47708,1,True,False,47708
47709,asid_47709,1,True,False,47709
47734,asid_47734,1,True,False,47734
47740,asid_47740,1,True,False,47740
47751,asid_47751,1,True,False,47751
47768,asid_47768,1,True,False,47768
47769,asid_47769,1,True,False,47769
47773,asid_41084,2,False,False,47773
47787,asid_47787,1,True,False,47787
47789,asid_22387,2,True,True,22387
47793,asid_47793,1,True,False,47793
47796,asid_47796,1,True,False,47796
47797,asid_47797,1,True,False,47797
47801,asid_47801,1,True,False,47801
47824,asid_47824,1,True,False,47824
47827,asid_47827,2,True,False,47827
47845,asid_47845,1,True,False,47845
47856,asid_42082,3,False,False,47856
47859,asid_24885,2,False,False,47859
47874,asid_47874,1,True,False,47874
47913,asid_47913,1,True,False,47913
47914,asid_47914,1,True,False,47914
47931,asid_16407,2,False,False,47931
47937,asid_9963,1,True,False,47937
47946,asid_47946,1,True,False,47946
47951,asid_47951,1,True,False,47951
47975,asid_47975,1,True,False,47975
47989,asid_47989,1,True,False,47989
48004,asid_48004,1,True,False,48004
48006,asid_48006,1,True,False,48006
48020,asid_48020,1,True,False,48020
48051,asid_48051,1,True,False,48051
48070,asid_48070,1,True,False,48070
48081,asid_48081,1,True,False,48081
48101,asid_48101,1,True,False,48101
48115,asid_28691,2,False,True,28691
48126,asid_48126,2,False,False,48126
48128,asid_48128,1,True,False,48128
48129,asid_48129,1,True,False,48129
48145,asid_48145,1,True,False,48145
48147,asid_48147,1,True,False,48147
48153,asid_48153,1,True,False,48153
48157,asid_48157,1,True,False,48157
48169,asid_48169,1,True,False,48169
48170,asid_48170,1,True,False,48170
48182,asid_48182,1,True,False,48182
48197,asid_48197,1,True,False,48197
48219,asid_48219,1,True,False,48219
48224,asid_48224,2,False,False,48224
48232,asid_48232,1,True,False,48232
48238,asid_48238,1,True,False,48238
48253,asid_48253,1,True,False,48253
48255,asid_48255,1,True,False,48255
48256,asid_48256,1,True,False,48256
48258,asid_48258,1,True,False,48258
48270,asid_48270,1,True,False,48270
48278,asid_48278,1,True,False,48278
48285,asid_48285,1,True,False,48285
48288,asid_48288,1,True,False,48288
48304,asid_48304,1,True,False,48304
48313,asid_17416,3,True,True,39871
48314,asid_48314,1,True,False,48314
48319,asid_48319,1,True,False,48319
48325,asid_3287,10,False,False,48325
48343,asid_48343,1,True,False,48343
48391,asid_48391,1,True,False,48391
48395,asid_48395,1,True,False,48395
48398,asid_48398,1,True,False,48398
48405,asid_48405,1,True,False,48405
48408,asid_48408,1,True,False,48408
48412,asid_48412,3,False,False,48412
48414,asid_48414,1,True,False,48414
48422,asid_48422,1,True,False,48422
48429,asid_48429,1,True,False,48429
48442,asid_48442,1,True,False,48442
48447,asid_48447,1,True,False,48447
48486,asid_27,3,False,False,48486
48489,asid_48489,1,True,False,48489
48493,asid_48493,1,True,False,48493
48496,asid_48496,1,True,False,48496
48510,asid_48510,1,True,False,48510
48514,asid_48514,1,True,False,48514
48525,asid_48525,1,True,False,48525
48531,asid_48531,1,True,False,48531
48551,asid_48551,1,True,False,48551
48556,asid_48556,1,True,False,48556
48560,asid_48560,1,True,False,48560
48562,asid_48562,1,True,False,48562
48563,asid_48563,1,True,False,48563
48583,asid_48583,1,True,False,48583
48601,asid_48601,1,True,False,48601
48605,asid_48605,1,True,False,48605
48607,asid_48607,1,True,False,48607
48618,asid_48618,1,True,False,48618
48621,asid_47209,3,False,False,48621
48634,asid_48634,1,True,False,48634
48642,asid_48642,1,True,False,48642
48650,asid_48650,1,True,False,48650
48669,asid_48669,1,True,False,48669
48670,asid_49658,1,True,False,48670
48691,asid_48691,1,True,False,48691
48692,asid_48692,1,True,False,48692
48698,asid_48698,1,True,False,48698
48702,asid_48702,1,True,False,48702
48722,asid_48722,1,True,False,48722
48724,asid_48724,1,True,False,48724
48727,asid_7210,1,True,False,48727
48736,asid_48736,1,True,False,48736
48744,asid_48744,1,True,False,48744
48751,asid_48751,1,True,False,48751
48766,asid_48766,1,True,False,48766
48775,asid_48529,1,True,False,48775
48794,asid_48794,1,True,False,48794
48798,asid_48798,1,True,False,48798
48803,asid_17795,2,False,False,48803
48810,asid_48810,1,True,False,48810
48822,asid_48822,2,True,False,48822
48828,asid_48828,1,True,False,48828
48831,asid_48831,1,True,False,48831
48835,asid_48835,1,True,False,48835
48839,asid_48839,1,True,False,48839
48846,asid_48846,1,True,False,48846
48848,asid_48848,1,True,False,48848
48861,asid_48861,1,True,False,48861
48869,asid_48869,1,True,False,48869
48891,asid_48891,1,True,False,48891
48892,asid_48892,2,False,False,48892
48895,asid_26663,6,False,False,48895
48896,asid_48896,1,True,False,48896
48904,asid_48904,1,True,False,48904
48934,asid_48934,1,True,False,48934
48946,asid_48946,1,True,False,48946
48950,asid_48950,1,True,False,48950
48951,asid_48951,1,True,False,48951
48962,asid_48962,4,False,False,48962
48966,asid_48966,1,True,False,48966
48971,asid_48971,1,True,False,48971
48977,asid_48977,1,True,False,48977
48990,asid_48990,1,True,False,48990
48994,asid_48994,1,True,False,48994
49005,asid_49005,1,True,False,49005
49033,asid_49033,1,True,False,49033
49037,asid_49037,1,True,False,49037
49038,asid_49038,1,True,False,49038
49061,asid_49061,1,True,False,49061
49064,asid_49064,1,True,False,49064
49072,asid_49072,1,True,False,49072
49081,asid_49081,1,True,False,49081
49091,asid_49091,1,True,False,49091
49103,asid_853,8,False,True,853
49113,asid_49113,1,True,False,49113
49130,asid_49130,1,True,False,49130
49162,asid_49162,1,True,False,49162
49170,asid_49170,1,True,False,49170
49172,asid_49172,1,True,False,49172
49174,asid_49174,1,True,False,49174
49177,asid_49177,1,True,False,49177
49178,asid_49178,1,True,False,49178
49183,asid_49183,1,True,False,49183
49219,asid_49219,1,True,False,49219
49253,asid_49253,1,True,False,49253
49275,asid_49275,2,False,False,49275
49277,asid_49277,1,True,False,49277
49286,asid_49286,1,True,False,49286
49290,asid_49290,1,True,False,49290
49307,asid_49307,1,True,False,49307
49319,asid_49319,1,True,False,49319
49325,asid_49325,1,True,False,49325
49329,asid_49329,1,True,False,49329
49331,asid_49331,1,True,False,49331
49336,asid_49336,2,False,False,49336
49347,asid_49347,1,True,False,49347
49352,asid_8319,7,False,False,49352
49363,asid_49363,1,True,False,49363
49377,asid_49377,1,True,False,49377
49382,asid_49382,1,True,False,49382
49392,asid_49392,1,True,False,49392
49407,asid_49407,2,False,False,49407
49420,asid_49420,1,True,False,49420
49434,asid_49434,1,True,False,49434
49440,asid_49440,1,True,False,49440
49445,asid_49445,1,True,False,49445
49472,asid_49472,1,True,False,49472
49478,asid_49478,1,True,False,49478
49479,asid_49479,1,True,False,49479
49489,asid_49489,1,True,False,49489
49491,asid_49491,1,True,False,49491
49510,asid_49510,1,True,False,49510
49522,asid_3175,4,False,True,3175
49552,asid_49552,1,True,False,49552
49559,asid_15374,2,False,False,49559
49578,asid_49578,1,True,False,49578
49596,asid_49596,1,True,False,49596
49598,asid_49598,1,True,False,49598
49612,asid_49612,1,True,False,49612
49620,asid_49620,1,True,False,49620
49621,asid_8616,1,True,False,49621
49624,asid_49624,1,True,False,49624
49626,asid_49626,1,True,False,49626
49629,asid_49629,1,True,False,49629
49639,asid_49639,1,True,False,49639
49643,asid_5505,2,False,False,49643
49649,asid_49649,1,True,False,49649
49653,asid_49653,1,True,False,49653
49657,asid_49657,1,True,False,49657
49661,asid_49661,2,False,False,49661
49663,asid_49663,1,True,False,49663
49667,asid_49667,1,True,False,49667
49675,asid_49675,1,True,False,49675
49679,asid_49679,1,True,False,49679
49682,asid_49682,1,True,False,49682
49689,asid_49689,1,True,False,49689
49691,asid_49691,1,True,False,49691
49692,asid_49692,1,True,False,49692
49699,asid_32552,2,False,False,49699
49708,asid_49708,1,True,False,49708
49710,asid_49710,1,True,False,49710
49712,asid_49712,1,True,False,49712
49734,asid_49734,1,True,False,49734
49736,asid_49736,2,False,False,49736
49739,asid_22085,4,False,False,49739
49744,asid_49744,1,True,False,49744
49753,asid_49753,1,True,False,49753
49785,asid_49785,1,True,False,49785
49799,asid_49799,1,True,False,49799
49804,asid_49804,1,True,False,49804
49843,asid_41075,2,True,False,49843
49852,asid_49852,1,True,False,49852
49854,asid_49854,1,True,False,49854
49862,asid_49862,1,True,False,49862
49866,asid_49866,1,True,False,49866
49881,asid_49881,1,True,False,49881
49883,asid_49883,1,True,False,49883
49886,asid_49886,1,True,False,49886
49889,asid_49889,1,True,False,49889
49891,asid_49891,1,True,False,49891
49907,asid_49907,1,True,False,49907
49910,asid_49910,1,True,False,49910
49919,asid_49919,1,True,False,49919
49932,asid_1719,5,True,True,1693
49944,asid_49944,1,True,False,49944
49945,asid_49945,1,True,False,49945
49963,asid_49963,1,True,False,49963
49972,asid_49972,1,True,False,49972
49977,asid_49977,1,True,False,49977
49997,asid_49997,1,True,False,49997
49999,asid_49999,1,True,False,49999
50005,asid_50005,1,True,False,50005
50006,asid_50006,1,True,False,50006
50007,asid_50007,1,True,False,50007
50017,asid_50017,1,True,False,50017
50020,asid_50020,1,True,False,50020
50030,asid_11488,3,False,False,50030
50045,asid_50045,1,True,False,50045
50047,asid_50047,3,False,False,50047
50050,asid_50050,1,True,False,50050
50059,asid_48412,3,False,False,50059
50062,asid_50062,1,True,False,50062
50065,asid_50065,1,True,False,50065
50069,asid_50069,1,True,False,50069
50072,asid_50072,1,True,False,50072
50073,asid_50073,1,True,False,50073
50103,asid_50103,1,True,False,50103
50119,asid_50119,1,True,False,50119
50125,asid_50125,1,True,False,50125
50126,asid_50126,1,True,False,50126
50146,asid_14,9,True,True,29183
50157,asid_50157,1,True,False,50157
50184,asid_50184,1,True,False,50184
50188,asid_50188,1,True,False,50188
50192,asid_50192,1,True,False,50192
50202,asid_50202,1,True,False,50202
50210,asid_50210,1,True,False,50210
50211,asid_50211,1,True,False,50211
50221,asid_50221,1,True,False,50221
50226,asid_50226,1,True,False,50226
50234,asid_50234,1,True,False,50234
50258,asid_50258,1,True,False,50258
50270,asid_50270,1,True,False,50270
50274,asid_50274,1,True,False,50274
50280,asid_50280,1,True,False,50280
50284,asid_50284,1,True,False,50284
50289,asid_50289,1,True,False,50289
50298,asid_50298,1,True,False,50298
50306,asid_50306,1,True,False,50306
50309,asid_5043,2,False,False,50309
50310,asid_50310,1,True,False,50310
50312,asid_50312,1,True,False,50312
50324,asid_50324,1,True,False,50324
50327,asid_50327,1,True,False,50327
50344,asid_50344,1,True,False,50344
50350,asid_50350,1,True,False,50350
50363,asid_50363,1,True,False,50363
50370,asid_50370,1,True,False,50370
50376,asid_50376,1,True,False,50376
50401,asid_50401,1,True,False,50401
50407,asid_50407,1,True,False,50407
50422,asid_29434,2,True,True,29434
50464,asid_50464,1,True,False,50464
50470,asid_50470,1,True,False,50470
50472,asid_50472,1,True,False,50472
50474,asid_50474,1,True,False,50474
50479,asid_50479,1,True,False,50479
50480,asid_50480,1,True,False,50480
50481,asid_50481,1,True,False,50481
50500,asid_50500,1,True,False,50500
50508,asid_50508,1,True,False,50508
50523,asid_50523,1,True,False,50523
50524,asid_50524,1,True,False,50524
50543,asid_50543,1,True,False,50543
50560,asid_50560,1,True,False,50560
50568,asid_50568,1,True,False,50568
50582,asid_50582,1,True,False,50582
50585,asid_50585,1,True,False,50585
50589,asid_46423,1,True,False,50589
50594,asid_50594,1,True,False,50594
50601,asid_50601,1,True,False,50601
50606,asid_50606,1,True,False,50606
50611,asid_50611,1,True,False,50611
50618,asid_50618,1,True,False,50618
50634,asid_50634,1,True,False,50634
50635,asid_50635,1,True,False,50635
50652,asid_50652,1,True,False,50652
50655,asid_50655,1,True,False,50655
50657,asid_50657,1,True,False,50657
50675,asid_50675,1,True,False,50675
50680,asid_50680,1,True,False,50680
50699,asid_50699,1,True,False,50699
50707,asid_50707,1,True,False,50707
50709,asid_50709,1,True,False,50709
50711,asid_50711,1,True,False,50711
50721,asid_50721,1,True,False,50721
50733,asid_50733,1,True,False,50733
50736,asid_50736,1,True,False,50736
50737,asid_38312,3,False,False,50737
50743,asid_50743,1,True,False,50743
50752,asid_50752,1,True,False,50752
50753,asid_50753,1,True,False,50753
50754,asid_50754,1,True,False,50754
50755,asid_50755,1,True,False,50755
50759,asid_50759,2,False,False,50759
50767,asid_3446,3,False,False,50767
50769,asid_50769,1,True,False,50769
50771,asid_50771,1,True,False,50771
50774,asid_50774,1,True,False,50774
50784,asid_462,10,False,False,50784
50787,asid_50787,1,True,False,50787
50797,asid_50797,1,True,False,50797
50807,asid_50807,1,True,False,50807
50811,asid_50811,1,True,False,50811
50814,asid_50814,1,True,False,50814
50821,asid_50821,1,True,False,50821
50841,asid_50841,1,True,False,50841
50850,asid_50850,1,True,False,50850
50854,asid_50854,1,True,False,50854
50859,asid_50859,1,True,False,50859
50861,asid_50861,1,True,False,50861
50863,asid_50863,1,True,False,50863
50875,asid_50875,1,True,False,50875
50876,asid_50876,1,True,False,50876
50883,asid_50883,1,True,False,50883
50894,asid_50894,1,True,False,50894
50915,asid_14,9,False,False,50915
50916,asid_50916,1,True,False,50916
50930,asid_50930,1,True,False,50930
50944,asid_50944,2,True,False,50944
50957,asid_50957,1,True,False,50957
50982,asid_50982,1,True,False,50982
50991,asid_50991,1,True,False,50991
51003,asid_51003,1,True,False,51003
51004,asid_51004,1,True,False,51004
51012,asid_51012,1,True,False,51012
51015,asid_51015,1,True,False,51015
51017,asid_51017,1,True,False,51017
51029,asid_51029,1,True,False,51029
51031,asid_3796,2,False,False,51031
51040,asid_51040,1,True,False,51040
51050,asid_51050,1,True,False,51050
51066,asid_51066,1,True,False,51066
51074,asid_51074,1,True,False,51074
51075,asid_51075,1,True,False,51075
51091,asid_51091,1,True,False,51091
51094,asid_51094,1,True,False,51094
51126,asid_51126,1,True,False,51126
51130,asid_51130,1,True,False,51130
51134,asid_40842,2,False,True,40842
51152,asid_51152,1,True,False,51152
51163,asid_34089,3,False,False,51163
51167,asid_51167,1,True,False,51167
51174,asid_51174,1,True,False,51174
51183,asid_51183,2,True,False,51183
51185,asid_51185,1,True,False,51185
51205,asid_51205,1,True,False,51205
51210,asid_51210,1,True,False,51210
51229,asid_51229,1,True,False,51229
51250,asid_51250,1,True,False,51250
51259,asid_51259,1,True,False,51259
51260,asid_51260,1,True,False,51260
51263,asid_51263,1,True,False,51263
51268,asid_51268,1,True,False,51268
51279,asid_51279,1,True,False,51279
51287,asid_51287,1,True,False,51287
51294,asid_51294,1,True,False,51294
51298,asid_51298,1,True,False,51298
51303,asid_51303,1,True,False,51303
51320,asid_38899,6,False,False,51320
51338,asid_51338,1,True,False,51338
51346,asid_51346,1,True,False,51346
51349,asid_51349,1,True,False,51349
51358,asid_51358,1,True,False,51358
51366,asid_51366,2,True,False,51366
51392,asid_51392,1,True,False,51392
51395,asid_51395,1,True,False,51395
51408,asid_51408,1,True,False,51408
51412,asid_51412,1,True,False,51412
51423,asid_51423,1,True,False,51423
51431,asid_15434,7,False,False,51431
51459,asid_51459,1,True,False,51459
51466,asid_51466,1,True,False,51466
51488,asid_51488,1,True,False,51488
51501,asid_51501,1,True,False,51501
51503,asid_51503,1,True,False,51503
51510,asid_51510,1,True,False,51510
51525,asid_51525,1,True,False,51525
51526,asid_51526,1,True,False,51526
51532,asid_51532,1,True,False,51532
51539,asid_51539,1,True,False,51539
51568,asid_51568,1,True,False,51568
51575,asid_51575,3,True,False,51575
51578,asid_51578,1,True,False,51578
51583,asid_51583,1,True,False,51583
51627,asid_51627,1,True,False,51627
51628,asid_51628,1,True,False,51628
51632,asid_51632,1,True,False,51632
51671,asid_51671,1,True,False,51671
51680,asid_51680,1,True,False,51680
51689,asid_51689,1,True,False,51689
51698,asid_51698,1,True,False,51698
51712,asid_51712,1,True,False,51712
51715,asid_51715,1,True,False,51715
51718,asid_51718,1,True,False,51718
51726,asid_51726,1,True,False,51726
51746,asid_51746,1,True,False,51746
51764,asid_51764,1,True,False,51764
51782,asid_51782,1,True,False,51782
51789,asid_10368,3,False,False,51789
51792,asid_51792,1,True,False,51792
51808,asid_51808,1,True,False,51808
51826,asid_51826,1,True,False,51826
51828,asid_51828,1,True,False,51828
51845,asid_51845,1,True,False,51845
51850,asid_51850,1,True,False,51850
51856,asid_51856,1,True,False,51856
51867,asid_51867,1,True,False,51867
51882,asid_51882,1,True,False,51882
51891,asid_51891,1,True,False,51891
51892,asid_51892,1,True,False,51892
51897,asid_51897,1,True,False,51897
51902,asid_51902,1,True,False,51902
51904,asid_51904,1,True,False,51904
51906,asid_51906,1,True,False,51906
51915,asid_51915,1,True,False,51915
51920,asid_51920,1,True,False,51920
51921,asid_872,6,False,False,51921
51930,asid_51930,1,True,False,51930
51938,asid_51938,1,True,False,51938
51945,asid_36687,2,False,False,51945
51949,asid_51949,1,True,False,51949
51951,asid_51951,1,True,False,51951
51959,asid_51959,1,True,False,51959
51960,asid_51960,1,True,False,51960
51962,asid_51962,1,True,False,51962
51977,asid_51977,1,True,False,51977
51978,asid_51978,1,True,False,51978
51984,asid_51984,1,True,False,51984
52025,asid_52025,1,True,False,52025
52030,asid_52030,1,True,False,52030
52032,asid_52032,1,True,False,52032
52040,asid_52040,1,True,False,52040
52044,asid_52044,1,True,False,52044
52046,asid_52046,1,True,False,52046
52060,asid_23082,2,False,False,52060
52063,asid_52063,1,True,False,52063
52076,asid_52076,1,True,False,52076
52082,asid_52082,1,True,False,52082
52094,asid_52094,1,True,False,52094
52098,asid_52098,1,True,False,52098
52100,asid_52100,1,True,False,52100
52129,asid_52129,1,True,False,52129
52137,asid_52137,1,True,False,52137
52139,asid_52139,1,True,False,52139
52141,asid_35777,2,False,False,52141
52166,asid_52166,1,True,False,52166
52183,asid_52183,1,True,False,52183
52187,asid_52187,1,True,False,52187
52199,asid_52199,1,True,False,52199
52200,asid_28805,2,False,False,52200
52204,asid_52204,1,True,False,52204
52211,asid_52211,1,True,False,52211
52225,asid_52225,1,True,False,52225
52229,asid_52229,1,True,False,52229
52231,asid_52231,1,True,False,52231
52244,asid_52244,1,True,False,52244
52255,asid_52255,1,True,False,52255
52269,asid_52269,1,True,False,52269
52270,asid_52270,1,True,False,52270
52278,asid_52278,1,True,False,52278
52280,asid_52280,1,True,False,52280
52310,asid_52310,1,True,False,52310
52316,asid_52316,1,True,False,52316
52322,asid_52322,1,True,False,52322
52336,asid_52336,1,True,False,52336
52342,asid_52342,1,True,False,52342
52363,asid_52363,1,True,False,52363
52372,asid_52372,1,True,False,52372
52408,asid_52408,1,True,False,52408
52420,asid_52420,1,True,False,52420
52421,asid_52421,1,True,False,52421
52422,asid_52422,1,True,False,52422
52423,asid_52423,1,True,False,52423
52427,asid_52427,1,True,False,52427
52429,asid_8345,2,False,False,52429
52430,asid_52430,1,True,False,52430
52434,asid_52434,1,True,False,52434
52451,asid_52451,1,True,False,52451
52456,asid_52456,1,True,False,52456
52464,asid_52464,1,True,False,52464
52467,asid_52467,1,True,False,52467
52468,asid_52468,1,True,False,52468
52471,asid_52471,1,True,False,52471
52483,asid_52483,1,True,False,52483
52488,asid_7215,3,True,True,7215
52496,asid_52496,1,True,False,52496
52501,asid_52501,1,True,False,52501
52505,asid_5571,4,False,True,5571
52506,asid_52506,1,True,False,52506
52507,asid_52507,1,True,False,52507
52516,asid_52516,1,True,False,52516
52517,asid_52517,1,True,False,52517
52530,asid_52530,1,True,False,52530
52531,asid_52531,1,True,False,52531
52536,asid_52536,1,True,False,52536
52538,asid_52538,1,True,False,52538
52546,asid_52546,1,True,False,52546
52547,asid_52547,1,True,False,52547
52554,asid_52554,1,True,False,52554
52555,asid_52555,1,True,False,52555
52559,asid_52559,1,True,False,52559
52572,asid_52572,2,True,False,52572
52587,asid_52587,2,False,False,52587
52591,asid_52591,1,True,False,52591
52593,asid_52593,1,True,False,52593
52597,asid_52597,1,True,False,52597
52607,asid_52607,1,True,False,52607
52613,asid_52613,1,True,False,52613
52621,asid_52621,1,True,False,52621
52622,asid_52622,1,True,False,52622
52625,asid_52625,1,True,False,52625
52636,asid_52636,1,True,False,52636
52643,asid_52643,1,True,False,52643
52650,asid_8319,7,True,True,8319
52654,asid_52654,1,True,False,52654
52655,asid_52655,1,True,False,52655
52657,asid_52657,1,True,False,52657
52661,asid_52661,1,True,False,52661
52662,asid_52662,1,True,False,52662
52665,asid_52665,1,True,False,52665
52668,asid_52668,1,True,False,52668
52669,asid_52669,1,True,False,52669
52670,asid_52670,1,True,False,52670
52676,asid_52676,1,True,False,52676
52689,asid_52689,1,True,False,52689
52696,asid_52696,1,True,False,52696
52710,asid_52710,1,True,False,52710
52714,asid_52714,1,True,False,52714
52725,asid_52725,1,True,False,52725
52733,asid_52733,1,True,False,52733
52737,asid_52737,1,True,False,52737
52738,asid_52738,1,True,False,52738
52739,asid_52739,1,True,False,52739
52740,asid_52740,1,True,False,52740
52752,asid_52752,1,True,False,52752
52756,asid_52756,1,True,False,52756
52762,asid_52762,1,True,False,52762
52765,asid_52765,1,True,False,52765
52772,asid_52772,1,True,False,52772
52774,asid_52774,1,True,False,52774
52776,asid_52776,1,True,False,52776
52778,asid_52778,1,True,False,52778
52784,asid_52784,1,True,False,52784
52788,asid_52788,1,True,False,52788
52799,asid_52799,1,True,False,52799
52809,asid_52809,1,True,False,52809
52810,asid_52810,1,True,False,52810
52813,asid_52813,1,True,False,52813
52815,asid_52815,1,True,False,52815
52818,asid_52818,1,True,False,52818
52820,asid_52820,1,True,False,52820
52823,asid_52823,1,True,False,52823
52825,asid_52825,1,True,False,52825
52836,asid_52836,1,True,False,52836
52837,asid_52837,1,True,False,52837
52840,asid_52840,1,True,False,52840
52864,asid_52864,1,True,False,52864
52867,asid_52867,1,True,False,52867
52868,asid_52868,1,True,False,52868
52870,asid_52870,1,True,False,52870
52877,asid_52877,1,True,False,52877
52879,asid_52879,1,True,False,52879
52886,asid_52886,1,True,False,52886
52889,asid_52889,1,True,False,52889
52898,asid_52898,1,True,False,52898
52901,asid_52901,1,True,False,52901
52902,asid_52902,1,True,False,52902
52913,asid_52913,1,True,False,52913
52915,asid_52915,1,True,False,52915
52916,asid_52916,1,True,False,52916
52917,asid_52917,1,True,False,52917
52930,asid_52930,1,True,False,52930
52936,asid_52936,1,True,False,52936
52947,asid_52947,1,True,False,52947
52963,asid_52963,1,True,False,52963
53003,asid_53003,1,True,False,53003
53011,asid_53011,1,True,False,53011
53017,asid_53017,1,True,False,53017
53031,asid_53031,1,True,False,53031
