ComponentIndex	component_n_members	n_identified	identities	component_traits	curated_only	report_reason	stats_by_trait
1	11	7	[2-hydroxy-3-[(9Z,11E,13E)-octadeca-9,11,13-trienoyl]oxypropyl] 2-(trimethylazaniumyl)ethyl phosphate; 2-amino-3-[[3-decanoyloxy-2-[(Z)-hexadec-9-enoyl]oxypropoxy]-hydroxyphosphoryl]oxypropanoic acid; 2-[2-[2-[2-[2-(2-Undecoxyethoxy)ethoxy]ethoxy]ethoxy]ethoxy]acetic acid; Spectral Match to Phe-Trp from NIST14 M+H; Spectral Match to Ile-Pro-Ile from NIST14 M+H; 3-(hydroxymethyl)-9,15-bis(2-methylp	color_C_cell	False	color_C_cell	growth_cell rho=0.162 es_fdr=0.671 mx_fdr=0.318; growth_supernatant rho=0.146 es_fdr=0.532 mx_fdr=0.232; color_a_cell rho=0.257 es_fdr=0.423 mx_fdr=0.177; color_a_supernatant rho=0.138 es_fdr=0.989 mx_fdr=0.497; color_C_cell rho=0.274 es_fdr=0.659 mx_fdr=0.000; color_C_supernatant rho=0.154 es_fdr=0.997 mx_fdr=0.502
19	23	10	PC(18:2/20:4); [M+H]+ C46H81N1O8P1 M+H; 1260665-09-5 [M+H]+; (1S,3R,4Z,12R,13R)-3-ethyl-15-[(2R)-1-hydroxy-3-methylbutan-2-yl]-18-pentan-2-yl-2,10-dioxa-15,18-diazatetracyclo[11.8.0.01,16.03,12]henicosa-4,20-diene-11,14,17-trione; 2,2',2'',2'''-[Methanetetrayltetrakis(methyleneoxy)]tetrakis(acetic acid tert-butyl) ester; Spectral Match to Ile-Pro-Ile from NIST14 M+H; Cyclo(Trp-Ala); Spectral Match	growth_supernatant	False	growth_supernatant	growth_cell rho=0.157 es_fdr=0.626 mx_fdr=0.341; growth_supernatant rho=0.214 es_fdr=0.034 mx_fdr=0.067; color_a_cell rho=0.127 es_fdr=0.856 mx_fdr=0.416; color_a_supernatant rho=0.140 es_fdr=0.989 mx_fdr=0.497; color_C_cell rho=0.139 es_fdr=0.980 mx_fdr=0.443; color_C_supernatant rho=0.151 es_fdr=0.997 mx_fdr=0.502
20	43	25	Decyl 4-(decanoylamino)benzoate; H-DL-xiIle-DL-Pro-DL-Val-DL-Leu-OH; Neogen [CCS=204.1726531982422] [M+H]+; H-DL-Glu-DL-Val-DL-Leu-DL-Tyr-DL-Arg-OH; 4-[2-[(4E,7E)-hexadeca-4,7-dienoyl]oxy-3-[(E)-undec-4-enoyl]oxypropoxy]-2-(trimethylazaniumyl)butanoate; C21H40N8O7 (formula only); H-Gly-Val-Phe-Ile-Cha-Ala-OH; Spectral Match to Phe-Gly-Phe from NIST14 M+H; H-Ala-Val-Pro-Ile-Ala-Gln-al; PS(18:0/0:0)	growth_supernatant	False	growth_supernatant	growth_cell rho=0.163 es_fdr=0.687 mx_fdr=0.369; growth_supernatant rho=0.269 es_fdr=0.026 mx_fdr=0.017; color_a_cell rho=0.253 es_fdr=0.645 mx_fdr=0.144; color_a_supernatant rho=0.189 es_fdr=0.989 mx_fdr=0.478; color_C_cell rho=0.239 es_fdr=0.900 mx_fdr=0.280; color_C_supernatant rho=0.157 es_fdr=0.997 mx_fdr=0.502
25	5	3	Phytoceramide C2 CollisionEnergy:102040 M+H; 4-Amino-5-[[1-[(1-carboxy-2-phenylethyl)amino]-3-methyl-1-oxopentan-2-yl]amino]-5-oxopentanoic acid; Glycidyl oleate, (R)-	growth_supernatant	False	growth_supernatant	growth_cell rho=0.075 es_fdr=0.889 mx_fdr=0.455; growth_supernatant rho=0.218 es_fdr=0.056 mx_fdr=0.025; color_a_cell rho=0.070 es_fdr=0.908 mx_fdr=0.460; color_a_supernatant rho=0.118 es_fdr=0.989 mx_fdr=0.497; color_C_cell rho=0.072 es_fdr=0.986 mx_fdr=0.488; color_C_supernatant rho=0.134 es_fdr=0.997 mx_fdr=0.502
36	4	1	rickiol a2	growth_supernatant	False	growth_supernatant	growth_cell rho=0.113 es_fdr=0.626 mx_fdr=0.365; growth_supernatant rho=0.186 es_fdr=0.258 mx_fdr=0.040; color_a_cell rho=0.108 es_fdr=0.644 mx_fdr=0.352; color_a_supernatant rho=0.101 es_fdr=0.989 mx_fdr=0.497; color_C_cell rho=0.112 es_fdr=0.833 mx_fdr=0.424; color_C_supernatant rho=0.078 es_fdr=0.997 mx_fdr=0.502
38	28	8	C55H84N4O6 (formula only); N-{[4,8a-dimethyl-6-(prop-1-en-2-yl)-1,5,6,7,8,8a-hexahydronaphthalen-2-yl]methyl}-1-methylcyclopentan-1-amine; AKOS027472137 [M+H]+; [(2R)-2,3-di(hexadec-9-enoyloxy)propyl] 2-(trimethylazaniumyl)ethyl phosphate; 5-Methoxy-6,7-Methylenedioxyflavone; Spectral Match to Ile-Pro-Lys from NIST14 M+H; C39H56O4 (formula only); [1-[(7E,9E,11E,13E)-hexadeca-7,9,11,13-tetraenoyl]o	growth_supernatant	False	growth_supernatant	growth_cell rho=0.104 es_fdr=0.946 mx_fdr=0.470; growth_supernatant rho=0.208 es_fdr=0.034 mx_fdr=0.065; color_a_cell rho=0.201 es_fdr=0.627 mx_fdr=0.218; color_a_supernatant rho=0.201 es_fdr=0.989 mx_fdr=0.414; color_C_cell rho=0.185 es_fdr=0.874 mx_fdr=0.364; color_C_supernatant rho=0.170 es_fdr=0.997 mx_fdr=0.502
44	2	1	ALARELIN [M+H]+	growth_supernatant	False	growth_supernatant	growth_cell rho=0.114 es_fdr=0.609 mx_fdr=0.311; growth_supernatant rho=0.231 es_fdr=0.017 mx_fdr=0.011; color_a_cell rho=0.029 es_fdr=0.936 mx_fdr=0.477; color_a_supernatant rho=0.083 es_fdr=0.989 mx_fdr=0.497; color_C_cell rho=0.011 es_fdr=1.000 mx_fdr=0.502; color_C_supernatant rho=0.082 es_fdr=0.997 mx_fdr=0.502
52	13	6	Phytosphingosine; 1-(1Z-hexadecenyl)-glycero-3-phospho-(1'-myo-inositol); 2-[[2-[2-[[2-[Bis(carboxymethyl)amino]-2-oxoethyl]-(2-tetradecanoyloxyethyl)amino]ethyl-(2-tetradecanoyloxyethyl)amino]acetyl]-(carboxymethyl)amino]acetic acid; Dipalmitoyl-s-glyceryl cysteine; (2S)-2-amino-3-[hydroxy-[(2R)-2-[(6E,9E,12E)-octadeca-6,9,12-trienoyl]oxy-3-tridecanoyloxypropoxy]phosphoryl]oxypropanoic acid; C20H	growth_supernatant	False	growth_supernatant	growth_cell rho=0.227 es_fdr=0.684 mx_fdr=0.092; growth_supernatant rho=0.219 es_fdr=0.054 mx_fdr=0.034; color_a_cell rho=0.180 es_fdr=0.653 mx_fdr=0.232; color_a_supernatant rho=0.090 es_fdr=0.989 mx_fdr=0.497; color_C_cell rho=0.130 es_fdr=0.939 mx_fdr=0.443; color_C_supernatant rho=0.087 es_fdr=0.997 mx_fdr=0.502
66	3	2	[2-[(Z)-heptadec-9-enoyl]oxy-3-[(Z)-hexadec-9-enoyl]oxypropyl] 2-(trimethylazaniumyl)ethyl phosphate; C33H54O5 (formula only)	growth_supernatant	False	growth_supernatant	growth_cell rho=0.193 es_fdr=0.467 mx_fdr=0.128; growth_supernatant rho=0.206 es_fdr=0.078 mx_fdr=0.022; color_a_cell rho=0.055 es_fdr=0.956 mx_fdr=0.470; color_a_supernatant rho=0.075 es_fdr=0.989 mx_fdr=0.497; color_C_cell rho=0.072 es_fdr=0.956 mx_fdr=0.461; color_C_supernatant rho=0.034 es_fdr=0.997 mx_fdr=0.502
77	2	0		growth_supernatant	False	growth_supernatant	growth_cell rho=0.085 es_fdr=0.641 mx_fdr=0.326; growth_supernatant rho=0.197 es_fdr=0.017 mx_fdr=0.000; color_a_cell rho=0.072 es_fdr=0.663 mx_fdr=0.342; color_a_supernatant rho=0.043 es_fdr=0.989 mx_fdr=0.497; color_C_cell rho=0.040 es_fdr=0.919 mx_fdr=0.454; color_C_supernatant rho=0.055 es_fdr=0.997 mx_fdr=0.502
86	2	2	(2R,2'R,3'S,4S,4a'R,6'R,7a'S,8a'R,9'S,10'S,10a'S,13'S,14'S,14a'R,15a'S,16a'R,17a'S)-3'-(hydroxymethyl)-3',6',9',13',14'-pentamethylicosahydro-1'H,3H-spiro[furan-2,12'-pyrano[3,2-b]pyrano[2'',3'':6',7']oxepino[2',3':5,6]pyrano[2,3-g]oxocine]-2',4,10'-triol; H-DL-Ala-DL-Leu-DL-Pro-DL-Phe-OH	growth_supernatant	False	growth_supernatant	growth_cell rho=0.081 es_fdr=0.752 mx_fdr=0.369; growth_supernatant rho=0.229 es_fdr=0.000 mx_fdr=0.000; color_a_cell rho=0.076 es_fdr=0.789 mx_fdr=0.379; color_a_supernatant rho=0.030 es_fdr=0.993 mx_fdr=0.497; color_C_cell rho=0.072 es_fdr=0.943 mx_fdr=0.444; color_C_supernatant rho=0.023 es_fdr=0.997 mx_fdr=0.502
94	19	11	2-{[2-(4a-methyl-8-methylidene-6-{[3,4,5-trihydroxy-6-(hydroxymethyl)oxan-2-yl]oxy}-decahydronaphthalen-2-yl)propan-2-yl]oxy}-6-(hydroxymethyl)oxane-3,4,5-triol; C58H111N9O10 (formula only); Spectral Match to Ile-Arg from NIST14 M+H; H-Asp-Leu-Thr-Arg-Pro-al; Polidocanol [M+NH4]+; Pro-Phe-Gly; 2-(2-{[1-(2-amino-3-phenylpropanoyl)pyrrolidin-2-yl]formamido}-3-(1H-indol-3-yl)propanamido)-4-methylpent	growth_supernatant	False	growth_supernatant	growth_cell rho=0.191 es_fdr=0.467 mx_fdr=0.260; growth_supernatant rho=0.223 es_fdr=0.000 mx_fdr=0.040; color_a_cell rho=0.156 es_fdr=0.743 mx_fdr=0.331; color_a_supernatant rho=0.116 es_fdr=0.989 mx_fdr=0.497; color_C_cell rho=0.109 es_fdr=0.948 mx_fdr=0.480; color_C_supernatant rho=0.102 es_fdr=0.997 mx_fdr=0.502
106	2	1	H-Val-Ala-Val-His-Val-Phe-OH	growth_supernatant	False	growth_supernatant	growth_cell rho=0.073 es_fdr=0.795 mx_fdr=0.390; growth_supernatant rho=0.210 es_fdr=0.037 mx_fdr=0.011; color_a_cell rho=0.070 es_fdr=0.810 mx_fdr=0.396; color_a_supernatant rho=0.057 es_fdr=0.989 mx_fdr=0.497; color_C_cell rho=0.068 es_fdr=0.948 mx_fdr=0.458; color_C_supernatant rho=0.059 es_fdr=0.997 mx_fdr=0.502
108	2	1	Spectral Match to Ile-Pro-Lys from NIST14 M+2H	growth_supernatant	False	growth_supernatant	growth_cell rho=0.085 es_fdr=0.662 mx_fdr=0.364; growth_supernatant rho=0.177 es_fdr=0.045 mx_fdr=0.042; color_a_cell rho=0.024 es_fdr=0.959 mx_fdr=0.477; color_a_supernatant rho=0.026 es_fdr=1.000 mx_fdr=0.499; color_C_cell rho=0.021 es_fdr=0.986 mx_fdr=0.502; color_C_supernatant rho=0.055 es_fdr=0.997 mx_fdr=0.502
129	2	1	N-benzyl-4,4-dimethyl-8-(propan-2-yl)-octahydro-1H-[1,4]diazino[1,2-a]pyrazine-2-carboxamide	growth_supernatant	False	growth_supernatant	growth_cell rho=0.128 es_fdr=0.626 mx_fdr=0.291; growth_supernatant rho=0.186 es_fdr=0.086 mx_fdr=0.036; color_a_cell rho=0.075 es_fdr=0.818 mx_fdr=0.380; color_a_supernatant rho=0.128 es_fdr=0.989 mx_fdr=0.460; color_C_cell rho=0.069 es_fdr=0.948 mx_fdr=0.460; color_C_supernatant rho=0.178 es_fdr=0.997 mx_fdr=0.502
135	6	1	C58H118O21 (formula only)	growth_supernatant	False	growth_supernatant	growth_cell rho=0.116 es_fdr=0.786 mx_fdr=0.369; growth_supernatant rho=0.206 es_fdr=0.030 mx_fdr=0.025; color_a_cell rho=0.140 es_fdr=0.530 mx_fdr=0.325; color_a_supernatant rho=0.127 es_fdr=0.989 mx_fdr=0.497; color_C_cell rho=0.139 es_fdr=0.760 mx_fdr=0.386; color_C_supernatant rho=0.097 es_fdr=0.997 mx_fdr=0.502
138	2	0		growth_supernatant	False	growth_supernatant	growth_cell rho=0.094 es_fdr=0.757 mx_fdr=0.353; growth_supernatant rho=0.240 es_fdr=0.026 mx_fdr=0.000; color_a_cell rho=0.117 es_fdr=0.645 mx_fdr=0.316; color_a_supernatant rho=0.060 es_fdr=0.989 mx_fdr=0.497; color_C_cell rho=0.131 es_fdr=0.833 mx_fdr=0.364; color_C_supernatant rho=0.048 es_fdr=0.997 mx_fdr=0.502
169	2	1	N-[(E)-1,3-dihydroxyoctadec-4-en-2-yl]-3-hydroxyoctadecanamide	growth_supernatant	False	growth_supernatant	growth_cell rho=0.093 es_fdr=0.738 mx_fdr=0.353; growth_supernatant rho=0.229 es_fdr=0.000 mx_fdr=0.000; color_a_cell rho=0.024 es_fdr=0.992 mx_fdr=0.488; color_a_supernatant rho=0.119 es_fdr=0.989 mx_fdr=0.432; color_C_cell rho=0.051 es_fdr=0.956 mx_fdr=0.479; color_C_supernatant rho=0.119 es_fdr=0.997 mx_fdr=0.502
184	2	0		growth_supernatant	False	growth_supernatant	growth_cell rho=0.018 es_fdr=0.916 mx_fdr=0.457; growth_supernatant rho=0.198 es_fdr=0.062 mx_fdr=0.022; color_a_cell rho=0.017 es_fdr=0.919 mx_fdr=0.467; color_a_supernatant rho=0.064 es_fdr=0.989 mx_fdr=0.497; color_C_cell rho=0.030 es_fdr=0.939 mx_fdr=0.461; color_C_supernatant rho=0.067 es_fdr=0.997 mx_fdr=0.502
297	32	15	Spectral Match to 1-Octadecanoyl-2-octadecenoyl-sn-glycero-3-phosphocholine from NIST14 M+Na; 3,4,5-trihydroxy-6-(hydroxymethyl)oxan-2-yl 13-[(3,5-dihydroxy-6-methyloxan-2-yl)oxy]tetradecanoate; Spectral Match to 1-Decanoyl-2-hydroxy-sn-glycero-3-phosphocholine from NIST14 M+H; Cyclo-(D-Pipecolinyl-L-Isoleucine); 2-Methyl-1,4,7-triazonane-1,4,7-tricarbaldehyde; [(9E)-12-[(E)-9-aminooxy-7-hydroxy-4	growth_supernatant	False	growth_supernatant	growth_cell rho=0.225 es_fdr=0.467 mx_fdr=0.162; growth_supernatant rho=0.231 es_fdr=0.034 mx_fdr=0.038; color_a_cell rho=0.160 es_fdr=0.665 mx_fdr=0.350; color_a_supernatant rho=0.168 es_fdr=0.989 mx_fdr=0.497; color_C_cell rho=0.148 es_fdr=0.948 mx_fdr=0.450; color_C_supernatant rho=0.142 es_fdr=0.997 mx_fdr=0.502
300	3	1	(2S)-2-[[(2S)-1-[(2S)-4-methyl-2-[[(2S)-1-[2-[[(2S)-pyrrolidin-1-ium-2-carbonyl]amino]acetyl]pyrrolidine-2-carbonyl]amino]pentanoyl]pyrrolidine-2-carbonyl]amino]propanoate	growth_supernatant	False	growth_supernatant	growth_cell rho=0.113 es_fdr=0.683 mx_fdr=0.326; growth_supernatant rho=0.198 es_fdr=0.110 mx_fdr=0.031; color_a_cell rho=0.076 es_fdr=0.818 mx_fdr=0.425; color_a_supernatant rho=0.048 es_fdr=0.993 mx_fdr=0.497; color_C_cell rho=0.061 es_fdr=0.948 mx_fdr=0.479; color_C_supernatant rho=0.058 es_fdr=0.997 mx_fdr=0.502
350	13	8	2-(3,4-dihydroxyoxolan-2-yl)-2-hydroxyethyl octadec-9-enoate; tert-butyl N-[(2S)-1-[(2S)-2-[[(1R)-4-(diaminomethylideneamino)-1-[(1S,2S,6R)-2,9,9-trimethyl-3,5-dioxa-4-boratricyclo[6.1.1.02,6]decan-4-yl]butyl]carbamoyl]pyrrolidin-1-yl]-1-oxo-3-trimethylsilylpropan-2-yl]carbamate; Maculosin; Kynurenic acid M+H; 3-(2,5-dioxopyrrol-1-yl)-N-[5-[3-(2,5-dioxopyrrol-1-yl)propanoylamino]-3,3-bis(2-hydroxy	growth_supernatant	False	growth_supernatant	growth_cell rho=0.114 es_fdr=0.753 mx_fdr=0.412; growth_supernatant rho=0.200 es_fdr=0.099 mx_fdr=0.042; color_a_cell rho=0.123 es_fdr=0.743 mx_fdr=0.395; color_a_supernatant rho=0.140 es_fdr=0.989 mx_fdr=0.497; color_C_cell rho=0.133 es_fdr=0.893 mx_fdr=0.443; color_C_supernatant rho=0.091 es_fdr=0.997 mx_fdr=0.502
351	3	3	1-(1Z-eicosenyl)-glycero-3-phosphoserine; Spectral Match to Ile-Trp from NIST14 M+H; C34H54N6O15 (formula only)	growth_supernatant	False	growth_supernatant	growth_cell rho=0.130 es_fdr=0.610 mx_fdr=0.319; growth_supernatant rho=0.199 es_fdr=0.060 mx_fdr=0.029; color_a_cell rho=0.121 es_fdr=0.552 mx_fdr=0.327; color_a_supernatant rho=0.076 es_fdr=0.989 mx_fdr=0.497; color_C_cell rho=0.128 es_fdr=0.780 mx_fdr=0.374; color_C_supernatant rho=0.051 es_fdr=0.997 mx_fdr=0.502
352	3	2	(S)-tert-butyl 1-(cyclopentylamino)-8-(hydroxyamino)-1,8-dioxooctan-2-ylcarbamate; STL303337 [M+H]+	growth_supernatant	False	growth_supernatant	growth_cell rho=0.070 es_fdr=0.799 mx_fdr=0.384; growth_supernatant rho=0.218 es_fdr=0.040 mx_fdr=0.025; color_a_cell rho=0.163 es_fdr=0.493 mx_fdr=0.216; color_a_supernatant rho=0.085 es_fdr=0.989 mx_fdr=0.497; color_C_cell rho=0.157 es_fdr=0.766 mx_fdr=0.342; color_C_supernatant rho=0.090 es_fdr=0.997 mx_fdr=0.502
365	2	0		growth_supernatant	False	growth_supernatant	growth_cell rho=0.115 es_fdr=0.608 mx_fdr=0.263; growth_supernatant rho=0.188 es_fdr=0.034 mx_fdr=0.022; color_a_cell rho=0.107 es_fdr=0.569 mx_fdr=0.290; color_a_supernatant rho=0.113 es_fdr=0.989 mx_fdr=0.492; color_C_cell rho=0.078 es_fdr=0.854 mx_fdr=0.413; color_C_supernatant rho=0.099 es_fdr=0.997 mx_fdr=0.502
366	2	0		growth_supernatant	False	growth_supernatant	growth_cell rho=0.070 es_fdr=0.837 mx_fdr=0.395; growth_supernatant rho=0.190 es_fdr=0.089 mx_fdr=0.031; color_a_cell rho=0.068 es_fdr=0.698 mx_fdr=0.398; color_a_supernatant rho=0.048 es_fdr=0.989 mx_fdr=0.497; color_C_cell rho=0.064 es_fdr=0.919 mx_fdr=0.460; color_C_supernatant rho=0.042 es_fdr=0.997 mx_fdr=0.502
367	2	1	Spectral Match to Ile-Pro-Lys from NIST14 M+2H	growth_supernatant	False	growth_supernatant	growth_cell rho=0.041 es_fdr=0.819 mx_fdr=0.408; growth_supernatant rho=0.163 es_fdr=0.135 mx_fdr=0.047; color_a_cell rho=0.008 es_fdr=0.967 mx_fdr=0.481; color_a_supernatant rho=0.071 es_fdr=0.989 mx_fdr=0.497; color_C_cell rho=0.027 es_fdr=0.948 mx_fdr=0.461; color_C_supernatant rho=0.046 es_fdr=0.997 mx_fdr=0.502
368	2	1	Massbank:ET201705 PRZ_M477 M+H	growth_supernatant	False	growth_supernatant	growth_cell rho=0.055 es_fdr=0.892 mx_fdr=0.453; growth_supernatant rho=0.208 es_fdr=0.040 mx_fdr=0.029; color_a_cell rho=0.123 es_fdr=0.644 mx_fdr=0.307; color_a_supernatant rho=0.049 es_fdr=0.989 mx_fdr=0.497; color_C_cell rho=0.117 es_fdr=0.824 mx_fdr=0.372; color_C_supernatant rho=0.042 es_fdr=0.997 mx_fdr=0.502
370	31	14	2-[[1-(2-Amino-4-methylpentanoyl)pyrrolidine-2-carbonyl]amino]-3-phenylpropanoic acid; C36H65NO4 (formula only); Myocol; C62H108N8O8 (formula only); 2-({6-amino-4-[(4-amino-2-hydroxybutyl)amino]-3-{[4-amino-3,5-dihydroxy-6-(hydroxymethyl)oxan-2-yl]oxy}-2-hydroxycyclohexyl}oxy)-6-(aminomethyl)oxane-3,4,5-triol; 3-hydroxyundecanoyl amylamine [M+H]+ [M+H]+; Spectral Match to Leucine Enkephalin from N	growth_supernatant	False	growth_supernatant	growth_cell rho=0.176 es_fdr=0.712 mx_fdr=0.310; growth_supernatant rho=0.215 es_fdr=0.030 mx_fdr=0.049; color_a_cell rho=0.133 es_fdr=0.649 mx_fdr=0.437; color_a_supernatant rho=0.184 es_fdr=0.989 mx_fdr=0.452; color_C_cell rho=0.121 es_fdr=0.897 mx_fdr=0.489; color_C_supernatant rho=0.158 es_fdr=0.997 mx_fdr=0.502
373	2	1	Spectral Match to Lys-Pro from NIST14 M+H	growth_supernatant	False	growth_supernatant	growth_cell rho=0.114 es_fdr=0.610 mx_fdr=0.266; growth_supernatant rho=0.225 es_fdr=0.045 mx_fdr=0.011; color_a_cell rho=0.151 es_fdr=0.423 mx_fdr=0.211; color_a_supernatant rho=0.123 es_fdr=0.989 mx_fdr=0.460; color_C_cell rho=0.132 es_fdr=0.760 mx_fdr=0.360; color_C_supernatant rho=0.118 es_fdr=0.997 mx_fdr=0.502
427	4	3	Trans-3-Indoleacrylic Acid; 14,15-Dihydroxyirpexan; Spectral Match to Ile-Val-Lys from NIST14 M+H	growth_supernatant	False	growth_supernatant	growth_cell rho=0.134 es_fdr=0.610 mx_fdr=0.320; growth_supernatant rho=0.190 es_fdr=0.026 mx_fdr=0.040; color_a_cell rho=0.110 es_fdr=0.663 mx_fdr=0.342; color_a_supernatant rho=0.124 es_fdr=0.989 mx_fdr=0.497; color_C_cell rho=0.096 es_fdr=0.908 mx_fdr=0.444; color_C_supernatant rho=0.079 es_fdr=0.997 mx_fdr=0.502
429	4	3	Spectral Match to Glu-Val-Phe from NIST14 M+H; Massbank:ET201705 PRZ_M477 M+H; octanoyl-Gly-Ala-Leu-D-Iva-Ala-Ile-Leu-ol	color_a_supernatant	False	color_a_supernatant	growth_cell rho=0.140 es_fdr=0.642 mx_fdr=0.263; growth_supernatant rho=0.186 es_fdr=0.085 mx_fdr=0.050; color_a_cell rho=0.056 es_fdr=0.919 mx_fdr=0.467; color_a_supernatant rho=0.255 es_fdr=0.738 mx_fdr=0.000; color_C_cell rho=0.069 es_fdr=0.962 mx_fdr=0.465; color_C_supernatant rho=0.210 es_fdr=0.997 mx_fdr=0.502
441	2	1	(2S,3S)-2-[[(2S)-1-[(2S)-2-[[(2S)-2-amino-3-hydroxypropanoyl]amino]-3-methylbutanoyl]pyrrolidine-2-carbonyl]amino]-3-methylpentanoic acid	growth_supernatant	False	growth_supernatant	growth_cell rho=0.004 es_fdr=0.993 mx_fdr=0.499; growth_supernatant rho=0.182 es_fdr=0.092 mx_fdr=0.031; color_a_cell rho=0.007 es_fdr=0.968 mx_fdr=0.477; color_a_supernatant rho=0.082 es_fdr=0.989 mx_fdr=0.497; color_C_cell rho=0.017 es_fdr=0.962 mx_fdr=0.480; color_C_supernatant rho=0.045 es_fdr=0.997 mx_fdr=0.502
444	8	4	2,3-bis[[(Z)-heptadec-9-enoyl]oxy]propyl 2-(trimethylazaniumyl)ethyl phosphate; H-DL-Pyr-Phe-Tyr-OH; Neuromedin N [M+H]+; 1,2-DIDECANOYL-SN-GLYCERO-3-PHOSPHOCHOLINE M+H	growth_supernatant	False	growth_supernatant	growth_cell rho=0.127 es_fdr=0.678 mx_fdr=0.366; growth_supernatant rho=0.216 es_fdr=0.060 mx_fdr=0.017; color_a_cell rho=0.152 es_fdr=0.621 mx_fdr=0.323; color_a_supernatant rho=0.187 es_fdr=0.989 mx_fdr=0.414; color_C_cell rho=0.116 es_fdr=0.908 mx_fdr=0.444; color_C_supernatant rho=0.159 es_fdr=0.997 mx_fdr=0.502
499	51	32	2-(6-aminopurin-9-yl)-5-(methylsulfanylmethyl)oxolane-3,4-diol [M+H]+; Stearyldiethanolamine [M+H]+; C37H59NO6 (formula only); Desmethyldestruxin A; Spectral Match to Phe-Val-Lys from NIST14 M+2H; N-Icosyl-D-gluconamide; 2-[(12-hydroxy-3,7,11,15-tetramethyl-16-{[3,4,5-trihydroxy-6-(hydroxymethyl)oxan-2-yl]oxy}hexadeca-1,6,10,14-tetraen-3-yl)oxy]-6-(hydroxymethyl)oxane-3,4,5-triol; (2S)-2-acetamido	growth_supernatant	False	growth_supernatant	growth_cell rho=0.202 es_fdr=0.559 mx_fdr=0.270; growth_supernatant rho=0.301 es_fdr=0.017 mx_fdr=0.000; color_a_cell rho=0.227 es_fdr=0.579 mx_fdr=0.216; color_a_supernatant rho=0.147 es_fdr=0.989 mx_fdr=0.497; color_C_cell rho=0.196 es_fdr=0.854 mx_fdr=0.364; color_C_supernatant rho=0.146 es_fdr=0.997 mx_fdr=0.502
506	4	4	2-[[1-(2-Amino-3-methylpentanoyl)pyrrolidine-2-carbonyl]amino]-3-(4-hydroxyphenyl)propanoic acid; H-Thr-Thr-Ile-Pro-Met-Asp-al; Diathin F; 4-Hydroxycinnamoyl-glycyl-glycyl-phenylalanyl-leucine	growth_supernatant	False	growth_supernatant	growth_cell rho=0.101 es_fdr=0.626 mx_fdr=0.326; growth_supernatant rho=0.194 es_fdr=0.030 mx_fdr=0.034; color_a_cell rho=0.051 es_fdr=0.828 mx_fdr=0.426; color_a_supernatant rho=0.073 es_fdr=0.989 mx_fdr=0.497; color_C_cell rho=0.027 es_fdr=0.995 mx_fdr=0.494; color_C_supernatant rho=0.069 es_fdr=0.997 mx_fdr=0.502
512	2	2	6-(3-aminopropyl)-13-(6-ethylnonyl)-3-(propan-2-yl)-1,4,7,10-tetraazacyclotrideca-1,4,7,10-tetraene-2,5,8,11-tetrol; EiM07-16975 [M+H]+	growth_supernatant	False	growth_supernatant	growth_cell rho=0.080 es_fdr=0.789 mx_fdr=0.373; growth_supernatant rho=0.171 es_fdr=0.053 mx_fdr=0.047; color_a_cell rho=0.029 es_fdr=0.968 mx_fdr=0.489; color_a_supernatant rho=0.097 es_fdr=0.989 mx_fdr=0.497; color_C_cell rho=0.042 es_fdr=0.956 mx_fdr=0.480; color_C_supernatant rho=0.116 es_fdr=0.997 mx_fdr=0.502
515	2	2	Spectral Match to Glu-Val-Phe from NIST14 M+H; H-Phe-Leu-Glu-Lys-OH	growth_supernatant	False	growth_supernatant	growth_cell rho=0.091 es_fdr=0.649 mx_fdr=0.351; growth_supernatant rho=0.159 es_fdr=0.113 mx_fdr=0.049; color_a_cell rho=0.083 es_fdr=0.653 mx_fdr=0.351; color_a_supernatant rho=0.191 es_fdr=0.738 mx_fdr=0.136; color_C_cell rho=0.091 es_fdr=0.861 mx_fdr=0.421; color_C_supernatant rho=0.132 es_fdr=0.997 mx_fdr=0.502
518	3	2	N-(2-hydroxyphenyl)acetamide M+H; PC(18:2/20:4); [M+H]+ C46H81N1O8P1 M+H	growth_supernatant	False	growth_supernatant	growth_cell rho=0.127 es_fdr=0.744 mx_fdr=0.310; growth_supernatant rho=0.234 es_fdr=0.000 mx_fdr=0.000; color_a_cell rho=0.090 es_fdr=0.652 mx_fdr=0.379; color_a_supernatant rho=0.062 es_fdr=0.989 mx_fdr=0.497; color_C_cell rho=0.105 es_fdr=0.860 mx_fdr=0.424; color_C_supernatant rho=0.074 es_fdr=0.997 mx_fdr=0.502
521	5	1	Spectral Match to Ile-Pro-Ile from NIST14 M+H	growth_supernatant	False	growth_supernatant	growth_cell rho=0.156 es_fdr=0.608 mx_fdr=0.260; growth_supernatant rho=0.201 es_fdr=0.085 mx_fdr=0.031; color_a_cell rho=0.128 es_fdr=0.673 mx_fdr=0.331; color_a_supernatant rho=0.069 es_fdr=1.000 mx_fdr=0.497; color_C_cell rho=0.084 es_fdr=0.938 mx_fdr=0.461; color_C_supernatant rho=0.053 es_fdr=0.997 mx_fdr=0.502
526	17	9	2-{2-[2-amino-4-(methylsulfanyl)butanamido]-3-methylpentanamido}-5-[(diaminomethylidene)amino]pentanoic acid; Spectral Match to Tyr-Pro-Phe from NIST14 M+H; Thr-Trp; 2-amino-2-[(octadec-9-enoyloxy)methyl]butyl octadec-9-enoate; [2,8-bis(acetyloxy)-7-hydroxy-11a-methyl-1-(6-methylheptan-2-yl)-1H,2H,3H,3aH,3bH,4H,6H,7H,8H,9H,9aH,9bH,10H,11H,11aH-cyclopenta[a]phenanthren-9a-yl]methyl acetate; H-DL-Tr	growth_supernatant	False	growth_supernatant	growth_cell rho=0.132 es_fdr=0.768 mx_fdr=0.372; growth_supernatant rho=0.257 es_fdr=0.017 mx_fdr=0.000; color_a_cell rho=0.137 es_fdr=0.676 mx_fdr=0.351; color_a_supernatant rho=0.163 es_fdr=0.989 mx_fdr=0.478; color_C_cell rho=0.122 es_fdr=0.939 mx_fdr=0.451; color_C_supernatant rho=0.106 es_fdr=0.997 mx_fdr=0.502
529	32	13	Spectral Match to Ile-Pro-Lys from NIST14 M+2H; 2-[5,14-dihydroxy-4-(1-hydroxy-10-methyl-6-methylideneundeca-2,4,9-trien-2-yl)-8-(2-hydroxyethyl)-14-methyltetracyclo[9.2.2.0¹,⁵.0⁸,¹³]pentadec-9-en-12-ylidene]propanal; (5R)-5-acetamido-2-[[(4R,6R)-5-acetamido-3,4-dihydroxy-6-methyloxan-2-yl]methoxy]-4-hydroxy-6-[(1R,2R)-1,2,3-trihydroxypropyl]oxane-2-carboxylic acid; aGSA[16,6P]; 3-{[4,5-dimethoxy-	color_C_cell	False	color_C_cell	growth_cell rho=0.208 es_fdr=0.467 mx_fdr=0.253; growth_supernatant rho=0.218 es_fdr=0.066 mx_fdr=0.056; color_a_cell rho=0.261 es_fdr=0.463 mx_fdr=0.177; color_a_supernatant rho=0.148 es_fdr=0.989 mx_fdr=0.497; color_C_cell rho=0.260 es_fdr=0.760 mx_fdr=0.000; color_C_supernatant rho=0.131 es_fdr=0.997 mx_fdr=0.502
572	29	21	Spectral Match to PAF C-16 from NIST14 M+H; PC(16:0/20:5); [M+H]+ C44H79N1O8P1 M+H; 10-Oxo-nonadecanoic acid; N-[(3R,4R,5S,6R)-3,4-dihydroxy-6-(hydroxymethyl)-5-[(2S,3R,4S,5R,6R)-3,4,5-trihydroxy-6-(hydroxymethyl)oxan-2-yl]oxyoxan-2-yl]octadecanamide; DG(18:3/18:3/0:0); [M+NH4]+ C39H68N1O5 M+NH4; Spectral Match to Arachidonoylthio-PC from NIST14 M+H; Dehydrolysylnorleucine; [2-[(7E,9E,11E,13E)-hex	growth_supernatant	False	growth_supernatant	growth_cell rho=0.177 es_fdr=0.626 mx_fdr=0.319; growth_supernatant rho=0.215 es_fdr=0.042 mx_fdr=0.049; color_a_cell rho=0.203 es_fdr=0.582 mx_fdr=0.229; color_a_supernatant rho=0.152 es_fdr=0.989 mx_fdr=0.497; color_C_cell rho=0.177 es_fdr=0.864 mx_fdr=0.386; color_C_supernatant rho=0.149 es_fdr=0.997 mx_fdr=0.502
574	6	5	PEFA - D-mannitol-tetraacetate-3-(acetyloxy)-octadecanoate derivative  M+Na; 2-(2-amino-3-phenylpropanamido)-3-(4-hydroxyphenyl)propanoic acid; (3S,9S,14Ar)-9-Benzyl-6,6-Dimethyl-3-(6-Oxooctyl)Decahydro-Pyrrolo[1,2-A][1,4,7,10]Tetraazacyclododecine-1,4,7,10-Tetraone; C28H53N5O4 (formula only); N-[2-(Alanylthio)ethyl]octadecanamide	growth_supernatant	False	growth_supernatant	growth_cell rho=0.098 es_fdr=0.758 mx_fdr=0.414; growth_supernatant rho=0.233 es_fdr=0.062 mx_fdr=0.000; color_a_cell rho=0.069 es_fdr=0.942 mx_fdr=0.481; color_a_supernatant rho=0.074 es_fdr=1.000 mx_fdr=0.499; color_C_cell rho=0.067 es_fdr=0.995 mx_fdr=0.494; color_C_supernatant rho=0.085 es_fdr=0.997 mx_fdr=0.502
576	3	3	N,N',N'',N'''-Tetrabutylsilanetetramine; cyclo-(Leu-Leu) M+H; 2-[3-(2-azaniumylethyl)-1'-phenyl-4-(undec-4-en-1-yl)-[1,1'-bi(cyclohexane)]-2-yl]-3-hydroxybutanoate	color_a_cell	False	color_a_cell	growth_cell rho=0.098 es_fdr=0.752 mx_fdr=0.366; growth_supernatant rho=0.124 es_fdr=0.552 mx_fdr=0.182; color_a_cell rho=0.241 es_fdr=0.001 mx_fdr=0.000; color_a_supernatant rho=0.126 es_fdr=0.989 mx_fdr=0.478; color_C_cell rho=0.199 es_fdr=0.682 mx_fdr=0.280; color_C_supernatant rho=0.148 es_fdr=0.997 mx_fdr=0.502
589	3	2	2-[2-[(3aR,4S,5S,6aS)-5-hydroxy-4-(3-hydroxy-5-methylnon-1-enyl)-1,2,3,3a,4,5,6,6a-octahydropentalen-2-yl]ethoxy]acetic acid; Spectral Match to Ile-Pro-Ile from NIST14 M+H	growth_supernatant	False	growth_supernatant	growth_cell rho=0.097 es_fdr=0.687 mx_fdr=0.346; growth_supernatant rho=0.201 es_fdr=0.026 mx_fdr=0.029; color_a_cell rho=0.032 es_fdr=0.972 mx_fdr=0.495; color_a_supernatant rho=0.045 es_fdr=0.993 mx_fdr=0.498; color_C_cell rho=0.045 es_fdr=0.948 mx_fdr=0.468; color_C_supernatant rho=0.037 es_fdr=0.997 mx_fdr=0.502
595	2	1	(2R)-6-[(2-methylpropan-2-yl)oxycarbonylamino]-2-[[(2R)-1-[(2R)-2-[[(2R)-2-[(2-methylpropan-2-yl)oxycarbonylamino]-3-phenylpropanoyl]amino]-3-phenylbut-3-enoyl]pyrrolidine-2-carbonyl]amino]hexanoic acid	color_a_supernatant	False	color_a_supernatant	growth_cell rho=0.075 es_fdr=0.820 mx_fdr=0.376; growth_supernatant rho=0.068 es_fdr=0.549 mx_fdr=0.335; color_a_cell rho=0.017 es_fdr=0.996 mx_fdr=0.503; color_a_supernatant rho=0.224 es_fdr=0.577 mx_fdr=0.000; color_C_cell rho=0.053 es_fdr=0.919 mx_fdr=0.469; color_C_supernatant rho=0.176 es_fdr=0.997 mx_fdr=0.502
597	7	3	Spectral Match to Phe-Gly-Phe from NIST14 M+H; 12-(butan-2-yl)-15-[(4-hydroxyphenyl)methyl]-6-(2-methylpropyl)-9-(propan-2-yl)-icosahydropyrrolo[1,2-a]1,4,7,10,13,16-hexaazacyclooctadecane-1,4,7,10,13,16-hexone; 2-[[2-[(2-Aminoacetyl)amino]-3-(4-hydroxyphenyl)propanoyl]amino]-3-methylpentanoic acid	growth_supernatant	False	growth_supernatant	growth_cell rho=0.158 es_fdr=0.559 mx_fdr=0.278; growth_supernatant rho=0.202 es_fdr=0.122 mx_fdr=0.040; color_a_cell rho=0.122 es_fdr=0.649 mx_fdr=0.352; color_a_supernatant rho=0.100 es_fdr=0.989 mx_fdr=0.497; color_C_cell rho=0.133 es_fdr=0.897 mx_fdr=0.389; color_C_supernatant rho=0.119 es_fdr=0.997 mx_fdr=0.502
598	5	2	4,6-dimethyl-N-(4-nitrophenyl)pyrimidin-2-amine; C24H46NO9P (formula only)	growth_supernatant	False	growth_supernatant	growth_cell rho=0.102 es_fdr=0.898 mx_fdr=0.403; growth_supernatant rho=0.232 es_fdr=0.056 mx_fdr=0.017; color_a_cell rho=0.116 es_fdr=0.663 mx_fdr=0.351; color_a_supernatant rho=0.068 es_fdr=1.000 mx_fdr=0.497; color_C_cell rho=0.104 es_fdr=0.860 mx_fdr=0.444; color_C_supernatant rho=0.060 es_fdr=0.997 mx_fdr=0.502
602	2	1	Spectral Match to Pro-Leu from NIST14 M+H	growth_supernatant	False	growth_supernatant	growth_cell rho=0.068 es_fdr=0.817 mx_fdr=0.403; growth_supernatant rho=0.227 es_fdr=0.017 mx_fdr=0.000; color_a_cell rho=0.050 es_fdr=0.872 mx_fdr=0.441; color_a_supernatant rho=0.048 es_fdr=0.989 mx_fdr=0.497; color_C_cell rho=0.048 es_fdr=0.956 mx_fdr=0.473; color_C_supernatant rho=0.051 es_fdr=0.997 mx_fdr=0.502
604	2	1	H-DL-Leu-DL-Ser-DL-Ala-DL-Leu-OH	growth_supernatant	False	growth_supernatant	growth_cell rho=0.125 es_fdr=0.584 mx_fdr=0.310; growth_supernatant rho=0.180 es_fdr=0.037 mx_fdr=0.031; color_a_cell rho=0.056 es_fdr=0.789 mx_fdr=0.426; color_a_supernatant rho=0.066 es_fdr=0.989 mx_fdr=0.497; color_C_cell rho=0.040 es_fdr=0.986 mx_fdr=0.489; color_C_supernatant rho=0.046 es_fdr=0.997 mx_fdr=0.502
616	2	0		growth_supernatant	False	growth_supernatant	growth_cell rho=0.051 es_fdr=0.864 mx_fdr=0.426; growth_supernatant rho=0.205 es_fdr=0.026 mx_fdr=0.029; color_a_cell rho=0.082 es_fdr=0.652 mx_fdr=0.356; color_a_supernatant rho=0.038 es_fdr=0.993 mx_fdr=0.497; color_C_cell rho=0.097 es_fdr=0.860 mx_fdr=0.422; color_C_supernatant rho=0.017 es_fdr=0.997 mx_fdr=0.502
655	4	2	2-[2-[3-(3-Sulfopropyl)-5-chlorobenzoxazole-2(3H)-ylidenemethyl]-1-butenyl]-3-(3-sulfonatopropyl)-5-chlorobenzoxazole-3-ium; 2-(2-amino-3-phenylpropanamido)-N-{4-carbamimidamido-1-[(1-carbamoyl-2-phenylethyl)carbamoyl]butyl}-4-methylpentanamide	growth_supernatant	False	growth_supernatant	growth_cell rho=0.153 es_fdr=0.610 mx_fdr=0.255; growth_supernatant rho=0.203 es_fdr=0.072 mx_fdr=0.031; color_a_cell rho=0.020 es_fdr=1.000 mx_fdr=0.503; color_a_supernatant rho=0.138 es_fdr=0.989 mx_fdr=0.461; color_C_cell rho=0.017 es_fdr=1.000 mx_fdr=0.516; color_C_supernatant rho=0.098 es_fdr=0.997 mx_fdr=0.502
718	2	1	H-Gly-Ile-Val-Gly-Pro-Leu-OH	growth_supernatant	False	growth_supernatant	growth_cell rho=0.073 es_fdr=0.681 mx_fdr=0.340; growth_supernatant rho=0.199 es_fdr=0.017 mx_fdr=0.022; color_a_cell rho=0.017 es_fdr=0.919 mx_fdr=0.446; color_a_supernatant rho=0.193 es_fdr=0.739 mx_fdr=0.115; color_C_cell rho=0.010 es_fdr=0.986 mx_fdr=0.489; color_C_supernatant rho=0.139 es_fdr=0.997 mx_fdr=0.502
730	2	0		growth_supernatant	False	growth_supernatant	growth_cell rho=0.043 es_fdr=0.882 mx_fdr=0.450; growth_supernatant rho=0.232 es_fdr=0.040 mx_fdr=0.011; color_a_cell rho=0.051 es_fdr=0.907 mx_fdr=0.437; color_a_supernatant rho=0.087 es_fdr=0.989 mx_fdr=0.497; color_C_cell rho=0.066 es_fdr=0.948 mx_fdr=0.459; color_C_supernatant rho=0.070 es_fdr=0.997 mx_fdr=0.502
735	30	10	C37H51N3O6 (formula only); Acidiphilamide B; Neocopiamycin B; H-DL-Asp-DL-xiIle-DL-Phe-DL-Lys-OH; Spectral Match to Tyr-Pro-Phe from NIST14 M+H; 301353-36-6 [M+H]+; Spectral Match to Ile-Pro-Lys from NIST14 M+2H; 2-Decyl-1,4,7,10,13-pentaoxacyclopentadecane; diprotin A [M+H]+; 1-[N-(22-{N-[2-(acetyloxy)-3-acetamidopropyl]acetamido}docosyl)acetamido]-3-acetamidopropan-2-yl acetate	growth_supernatant	False	growth_supernatant	growth_cell rho=0.136 es_fdr=0.626 mx_fdr=0.404; growth_supernatant rho=0.234 es_fdr=0.026 mx_fdr=0.025; color_a_cell rho=0.211 es_fdr=0.569 mx_fdr=0.211; color_a_supernatant rho=0.200 es_fdr=0.989 mx_fdr=0.414; color_C_cell rho=0.168 es_fdr=0.780 mx_fdr=0.403; color_C_supernatant rho=0.149 es_fdr=0.997 mx_fdr=0.502
752	3	0		growth_supernatant	False	growth_supernatant	growth_cell rho=0.124 es_fdr=0.646 mx_fdr=0.291; growth_supernatant rho=0.235 es_fdr=0.000 mx_fdr=0.000; color_a_cell rho=0.152 es_fdr=0.518 mx_fdr=0.216; color_a_supernatant rho=0.126 es_fdr=0.989 mx_fdr=0.478; color_C_cell rho=0.117 es_fdr=0.783 mx_fdr=0.372; color_C_supernatant rho=0.136 es_fdr=0.997 mx_fdr=0.502
783	2	2	N6-isopentyl adenosine CollisionEnergy:102040 M+H; Spectral Match to Ile-Pro-Lys from NIST14 M+2H	growth_supernatant	False	growth_supernatant	growth_cell rho=0.000 es_fdr=1.000 mx_fdr=1.000; growth_supernatant rho=0.200 es_fdr=0.000 mx_fdr=0.025; color_a_cell rho=0.000 es_fdr=1.000 mx_fdr=1.000; color_a_supernatant rho=0.069 es_fdr=0.989 mx_fdr=0.497; color_C_cell rho=0.000 es_fdr=1.000 mx_fdr=1.000; color_C_supernatant rho=0.092 es_fdr=0.997 mx_fdr=0.502
785	2	2	Spectral Match to Leu-Leu from NIST14 M+H; (2S,3R)-2-Azaniumyl-3-hydroxyicosyl hydrogen phosphate	growth_supernatant	False	growth_supernatant	growth_cell rho=0.127 es_fdr=0.511 mx_fdr=0.307; growth_supernatant rho=0.188 es_fdr=0.030 mx_fdr=0.025; color_a_cell rho=0.059 es_fdr=0.895 mx_fdr=0.421; color_a_supernatant rho=0.102 es_fdr=0.989 mx_fdr=0.497; color_C_cell rho=0.024 es_fdr=0.986 mx_fdr=0.494; color_C_supernatant rho=0.104 es_fdr=0.997 mx_fdr=0.502
787	2	0		growth_supernatant	False	growth_supernatant	growth_cell rho=0.059 es_fdr=0.793 mx_fdr=0.403; growth_supernatant rho=0.226 es_fdr=0.017 mx_fdr=0.011; color_a_cell rho=0.021 es_fdr=0.992 mx_fdr=0.495; color_a_supernatant rho=0.058 es_fdr=0.989 mx_fdr=0.497; color_C_cell rho=0.025 es_fdr=0.980 mx_fdr=0.499; color_C_supernatant rho=0.077 es_fdr=0.997 mx_fdr=0.502
821	7	5	cyclo-[Tyr-(4-hydroxy-Pro)] M+H; N-(cyclopropylmethyl)-2-[(2-oxo-2-piperidin-1-ylethyl)amino]acetamide; (2S,3S)-2-[[(2S)-2-[[(2S)-1-(6-amino-3-benzylhexanoyl)pyrrolidine-2-carbonyl]amino]-3-(4-hydroxyphenyl)propanoyl]amino]-3-methylpentanoic acid; Spectral Match to Phe-Val-Lys from NIST14 M+2H; Spectral Match to Ile-Pro-Lys from NIST14 M+2H	growth_supernatant	False	growth_supernatant	growth_cell rho=0.188 es_fdr=0.511 mx_fdr=0.231; growth_supernatant rho=0.197 es_fdr=0.030 mx_fdr=0.049; color_a_cell rho=0.078 es_fdr=0.942 mx_fdr=0.448; color_a_supernatant rho=0.142 es_fdr=0.989 mx_fdr=0.492; color_C_cell rho=0.057 es_fdr=0.986 mx_fdr=0.494; color_C_supernatant rho=0.134 es_fdr=0.997 mx_fdr=0.502
866	2	0		growth_cell; growth_supernatant	False	growth_cell; growth_supernatant	growth_cell rho=0.205 es_fdr=0.467 mx_fdr=0.000; growth_supernatant rho=0.255 es_fdr=0.000 mx_fdr=0.011; color_a_cell rho=0.191 es_fdr=0.423 mx_fdr=0.185; color_a_supernatant rho=0.085 es_fdr=0.989 mx_fdr=0.497; color_C_cell rho=0.166 es_fdr=0.760 mx_fdr=0.316; color_C_supernatant rho=0.077 es_fdr=0.997 mx_fdr=0.502
874	24	7	182912-74-9 [CCS=240.5872802734375] [M+H]+; taurocholic acid 2M+H; Ditridecyl azelate; H-Phe(4-NO2)-Glu-Ala-Ala-NH2; 6,12-dibenzyl-4,10-dimethyl-3,9-bis(propan-2-yl)-1,7-dioxa-4,10-diazacyclododecane-2,5,8,11-tetrone; Massbank:ET201705 PRZ_M477 M+H; C39H64O7 (formula only)	growth_supernatant	False	growth_supernatant	growth_cell rho=0.177 es_fdr=0.610 mx_fdr=0.307; growth_supernatant rho=0.184 es_fdr=0.037 mx_fdr=0.121; color_a_cell rho=0.152 es_fdr=0.665 mx_fdr=0.352; color_a_supernatant rho=0.119 es_fdr=0.989 mx_fdr=0.497; color_C_cell rho=0.138 es_fdr=0.897 mx_fdr=0.460; color_C_supernatant rho=0.171 es_fdr=0.997 mx_fdr=0.502
878	5	1	C75H128N8O7 (formula only)	growth_supernatant	False	growth_supernatant	growth_cell rho=0.092 es_fdr=0.916 mx_fdr=0.400; growth_supernatant rho=0.229 es_fdr=0.000 mx_fdr=0.011; color_a_cell rho=0.100 es_fdr=0.897 mx_fdr=0.385; color_a_supernatant rho=0.058 es_fdr=0.999 mx_fdr=0.497; color_C_cell rho=0.090 es_fdr=0.986 mx_fdr=0.459; color_C_supernatant rho=0.062 es_fdr=0.997 mx_fdr=0.502
879	5	1	H-DL-Leu-DL-Pro-DL-xiIle-DL-Pro-OH	growth_supernatant	False	growth_supernatant	growth_cell rho=0.141 es_fdr=0.626 mx_fdr=0.310; growth_supernatant rho=0.210 es_fdr=0.000 mx_fdr=0.040; color_a_cell rho=0.196 es_fdr=0.423 mx_fdr=0.210; color_a_supernatant rho=0.108 es_fdr=0.989 mx_fdr=0.497; color_C_cell rho=0.169 es_fdr=0.682 mx_fdr=0.364; color_C_supernatant rho=0.065 es_fdr=0.997 mx_fdr=0.502
882	2	1	2-{[3a-hydroxy-9a,11a-dimethyl-1-(5-oxo-2,5-dihydrofuran-3-yl)-hexadecahydro-1H-cyclopenta[a]phenanthren-7-yl]oxy}-4-methoxy-6-methyl-5-{[3,4,5-trihydroxy-6-(hydroxymethyl)oxan-2-yl]oxy}oxan-3-yl acetate	growth_supernatant	False	growth_supernatant	growth_cell rho=0.106 es_fdr=0.675 mx_fdr=0.326; growth_supernatant rho=0.218 es_fdr=0.054 mx_fdr=0.017; color_a_cell rho=0.055 es_fdr=0.827 mx_fdr=0.427; color_a_supernatant rho=0.049 es_fdr=0.989 mx_fdr=0.497; color_C_cell rho=0.054 es_fdr=0.948 mx_fdr=0.461; color_C_supernatant rho=0.013 es_fdr=0.997 mx_fdr=0.507
887	46	27	glycodeoxycholic acid M-2(H2O)+H; Methylthioadenosine; 8-N-[(4-aminophenyl)methyl]-1-N-[(4-methylphenyl)methyl]-3,6,10,13,16,19-hexazabicyclo[6.6.6]icosane-1,8-diamine; daidzein CollisionEnergy:102040 M+H; Spectral Match to Leu-Gly-Leu from NIST14 M+H; C24H50O7 (formula only); 1,4-Bis((2-ethoxy-4-propylphenoxy)acetyl)piperazine; Spectral Match to Ile-Ile-Lys from NIST14 M+H; tert-butyl N-(1-{4-[(1	growth_supernatant	False	growth_supernatant	growth_cell rho=0.163 es_fdr=0.631 mx_fdr=0.365; growth_supernatant rho=0.223 es_fdr=0.037 mx_fdr=0.063; color_a_cell rho=0.173 es_fdr=0.644 mx_fdr=0.331; color_a_supernatant rho=0.185 es_fdr=0.989 mx_fdr=0.492; color_C_cell rho=0.156 es_fdr=0.862 mx_fdr=0.443; color_C_supernatant rho=0.191 es_fdr=0.997 mx_fdr=0.502
890	2	1	Spectral Match to Pro-Phe from NIST14 M+H	growth_cell	False	growth_cell	growth_cell rho=0.221 es_fdr=0.288 mx_fdr=0.000; growth_supernatant rho=0.165 es_fdr=0.155 mx_fdr=0.058; color_a_cell rho=0.112 es_fdr=0.493 mx_fdr=0.325; color_a_supernatant rho=0.136 es_fdr=0.989 mx_fdr=0.432; color_C_cell rho=0.076 es_fdr=0.860 mx_fdr=0.444; color_C_supernatant rho=0.076 es_fdr=0.997 mx_fdr=0.502
891	3	3	Glptgg; Ac-L-Val-L-Val-[(3S)-2-Oxo-3-amino*pentanoyl]-D-Leu-L-Val-OH; (4E,5R)-5-(4-ethylphenyl)-4-[hydroxy-(3-methyl-4-propan-2-yloxyphenyl)methylidene]-1-(3-morpholin-4-ylpropyl)pyrrolidine-2,3-dione	growth_supernatant	False	growth_supernatant	growth_cell rho=0.153 es_fdr=0.494 mx_fdr=0.255; growth_supernatant rho=0.176 es_fdr=0.144 mx_fdr=0.047; color_a_cell rho=0.096 es_fdr=0.621 mx_fdr=0.340; color_a_supernatant rho=0.239 es_fdr=0.739 mx_fdr=0.136; color_C_cell rho=0.103 es_fdr=0.780 mx_fdr=0.403; color_C_supernatant rho=0.229 es_fdr=0.997 mx_fdr=0.502
899	18	6	Spectral Match to Tyr-Pro-Phe from NIST14 M+H; (5R)-5-(2,3-dihydroxyoctadecanoyl)-3-[(3R,4S,5S,6R)-3,4,5-trihydroxy-6-(hydroxymethyl)oxan-2-yl]oxyoxolane-2,4-dione; 4-[(4,5-dihydroxy-4,6-dimethyloxan-2-yl)oxy]-14-ethyl-6,7,9,12-tetrahydroxy-3,5,7,9,11,13-hexamethyl-1-oxacyclotetradecane-2,10-dione; Spectral Match to Monopalmitolein (9c) from NIST14 M+H-H2O; (2S)-2-[[(2S)-2-[[(2S)-2-[[(2S)-3-carbox	growth_supernatant	False	growth_supernatant	growth_cell rho=0.197 es_fdr=0.610 mx_fdr=0.255; growth_supernatant rho=0.220 es_fdr=0.063 mx_fdr=0.036; color_a_cell rho=0.225 es_fdr=0.463 mx_fdr=0.185; color_a_supernatant rho=0.123 es_fdr=0.989 mx_fdr=0.497; color_C_cell rho=0.237 es_fdr=0.760 mx_fdr=0.280; color_C_supernatant rho=0.136 es_fdr=0.997 mx_fdr=0.502
900	2	1	N2-methyl-5-nitro-N4-phenylpyrimidine-2,4,6-triamine	growth_supernatant	False	growth_supernatant	growth_cell rho=0.064 es_fdr=0.852 mx_fdr=0.400; growth_supernatant rho=0.182 es_fdr=0.077 mx_fdr=0.045; color_a_cell rho=0.113 es_fdr=0.644 mx_fdr=0.322; color_a_supernatant rho=0.048 es_fdr=0.989 mx_fdr=0.497; color_C_cell rho=0.129 es_fdr=0.780 mx_fdr=0.364; color_C_supernatant rho=0.034 es_fdr=0.997 mx_fdr=0.502
913	44	20	C63H89N3O8 (formula only); Spectral Match to Leucine Enkephalin from NIST14 M+H-C11H12N2O3; C39H76N3O11P (formula only); PEFA - D-mannitol-2,3,6-triacetate-3-(acetyloxy)-hexadecanoate  M+Na; PC(16:0/5-Hepe); 2,6-Ditert-butyl-4-[2-(3,5-ditert-butyl-4-hydroxyphenyl)prop-1-enyl]phenol; Acidiphilamide B; Prolyl-glycyl-alanyl-isoleucyl-prolyl-glycine; (1R,3R)-5-[2-[(1S,7aS)-1-[(2S,5R)-2-hydroxy-5,6-dim	growth_supernatant	False	growth_supernatant	growth_cell rho=0.248 es_fdr=0.511 mx_fdr=0.115; growth_supernatant rho=0.264 es_fdr=0.080 mx_fdr=0.017; color_a_cell rho=0.176 es_fdr=0.596 mx_fdr=0.331; color_a_supernatant rho=0.146 es_fdr=0.989 mx_fdr=0.497; color_C_cell rho=0.139 es_fdr=0.860 mx_fdr=0.473; color_C_supernatant rho=0.164 es_fdr=0.997 mx_fdr=0.502
914	9	4	8-({6-[(acetyloxy)methyl]-3,4,5-trihydroxyoxan-2-yl}oxy)icosanoic acid; 2,3-bis[[(E)-octadec-16-enoyl]oxy]propyl 2-(trimethylazaniumyl)ethyl phosphate; cyclo(L-Val-L-Pro) M+H; C41H64O4 (formula only)	growth_supernatant	False	growth_supernatant	growth_cell rho=0.162 es_fdr=0.757 mx_fdr=0.310; growth_supernatant rho=0.233 es_fdr=0.071 mx_fdr=0.017; color_a_cell rho=0.106 es_fdr=0.863 mx_fdr=0.417; color_a_supernatant rho=0.074 es_fdr=0.989 mx_fdr=0.499; color_C_cell rho=0.124 es_fdr=0.956 mx_fdr=0.438; color_C_supernatant rho=0.087 es_fdr=0.997 mx_fdr=0.502
915	3	0		growth_supernatant	False	growth_supernatant	growth_cell rho=0.115 es_fdr=0.649 mx_fdr=0.335; growth_supernatant rho=0.214 es_fdr=0.026 mx_fdr=0.034; color_a_cell rho=0.060 es_fdr=0.778 mx_fdr=0.458; color_a_supernatant rho=0.092 es_fdr=0.989 mx_fdr=0.497; color_C_cell rho=0.057 es_fdr=0.948 mx_fdr=0.480; color_C_supernatant rho=0.093 es_fdr=0.997 mx_fdr=0.502
916	26	12	[2-[6,6-bis[(Z)-oct-3-enoxy]hexanoyloxymethyl]-3-[(1-ethylpiperidin-3-yl)methoxycarbonyloxy]propyl] 6-[(Z)-hept-3-enoxy]-6-[(Z)-oct-3-enoxy]hexanoate; Spectral Match to Ile-Val-Lys from NIST14 M+H; H-DL-Ala-DL-Leu-DL-xiIle-DL-Arg-OH; Neuromedin N [M+H]+; C11H10O5 (formula only); o-acetyl serine_ribose (known isomers: 0; isobaric peaks in run: 3) [M+H]+; Massbank:ET201705 PRZ_M477 M+H; Spectral Mat	growth_supernatant	False	growth_supernatant	growth_cell rho=0.142 es_fdr=0.626 mx_fdr=0.371; growth_supernatant rho=0.218 es_fdr=0.045 mx_fdr=0.052; color_a_cell rho=0.191 es_fdr=0.423 mx_fdr=0.229; color_a_supernatant rho=0.152 es_fdr=0.989 mx_fdr=0.497; color_C_cell rho=0.155 es_fdr=0.760 mx_fdr=0.411; color_C_supernatant rho=0.139 es_fdr=0.997 mx_fdr=0.502
918	47	23	(5-oxo-1,4-dioxacyclopentacosan-2-yl)methyl 3-(4-hydroxy-3-methoxyphenyl)prop-2-enoate; glycohyodeoxycholic acid 2M+H; [(2S)-2-decanoyloxy-3-[(2R,3R,4S,5R,6R)-3,4,5-trihydroxy-6-(hydroxymethyl)oxan-2-yl]oxypropyl] decanoate; Candidate Tyramine-C18:3 (delta mass:260.2143) M+H; Pentamethylene Bisacetamide; [(2R)-2-hydroxy-3-[(9E,11E)-octadeca-9,11-dienoyl]oxypropyl] 2-(trimethylazaniumyl)ethyl phosp	growth_supernatant	False	growth_supernatant	growth_cell rho=0.228 es_fdr=0.549 mx_fdr=0.231; growth_supernatant rho=0.276 es_fdr=0.034 mx_fdr=0.011; color_a_cell rho=0.200 es_fdr=0.511 mx_fdr=0.290; color_a_supernatant rho=0.150 es_fdr=0.989 mx_fdr=0.497; color_C_cell rho=0.169 es_fdr=0.883 mx_fdr=0.424; color_C_supernatant rho=0.124 es_fdr=0.997 mx_fdr=0.502
919	9	4	Methylhistamine_cis-4-heptenal (known isomers: 0; isobaric peaks in run: 1) [M+Na]+; n-methyl taurine_Hexadecanal (known isomers: 0; isobaric peaks in run: 2) [M+H]+; 6-bromo-5-(methylamino)-2-[[(3R,5R,8S,9S)-3,5,9-trimethyl-2-[(2S)-1-oxo-1-(1H-pyrrol-2-yl)propan-2-yl]-1,7-dioxaspiro[5.5]undecan-8-yl]methyl]-1,3-benzoxazole-4-carboxylic acid; 5,11,17,23-Tetra-tert-butyl-25,27-bis(propargyloxy)-26,	growth_supernatant	False	growth_supernatant	growth_cell rho=0.156 es_fdr=0.467 mx_fdr=0.319; growth_supernatant rho=0.216 es_fdr=0.000 mx_fdr=0.031; color_a_cell rho=0.107 es_fdr=0.696 mx_fdr=0.415; color_a_supernatant rho=0.179 es_fdr=0.989 mx_fdr=0.414; color_C_cell rho=0.094 es_fdr=0.956 mx_fdr=0.479; color_C_supernatant rho=0.174 es_fdr=0.997 mx_fdr=0.502
920	2	1	C37H51N3O6 (formula only)	growth_supernatant	False	growth_supernatant	growth_cell rho=0.064 es_fdr=0.798 mx_fdr=0.410; growth_supernatant rho=0.211 es_fdr=0.062 mx_fdr=0.022; color_a_cell rho=0.103 es_fdr=0.588 mx_fdr=0.331; color_a_supernatant rho=0.060 es_fdr=0.989 mx_fdr=0.497; color_C_cell rho=0.108 es_fdr=0.780 mx_fdr=0.387; color_C_supernatant rho=0.093 es_fdr=0.997 mx_fdr=0.502
924	5	2	Spectral Match to Leu-His from NIST14 M+H; C31H46N2O6 (formula only)	growth_supernatant	False	growth_supernatant	growth_cell rho=0.135 es_fdr=0.626 mx_fdr=0.324; growth_supernatant rho=0.267 es_fdr=0.030 mx_fdr=0.000; color_a_cell rho=0.102 es_fdr=0.663 mx_fdr=0.395; color_a_supernatant rho=0.114 es_fdr=0.989 mx_fdr=0.497; color_C_cell rho=0.098 es_fdr=0.909 mx_fdr=0.450; color_C_supernatant rho=0.117 es_fdr=0.997 mx_fdr=0.502
940	4	1	6-[(8a-carboxy-4,4,6a,6b,11,11,14b-heptamethyl-1,2,3,4,4a,5,6,6a,6b,7,8,8a,9,10,11,12,12a,14,14a,14b-icosahydropicen-3-yl)oxy]-4-[carboxy(carboxymethoxy)methoxy]-3,5-dihydroxyoxane-2-carboxylic acid	growth_supernatant	False	growth_supernatant	growth_cell rho=0.132 es_fdr=0.626 mx_fdr=0.321; growth_supernatant rho=0.169 es_fdr=0.042 mx_fdr=0.040; color_a_cell rho=0.143 es_fdr=0.463 mx_fdr=0.307; color_a_supernatant rho=0.061 es_fdr=0.989 mx_fdr=0.497; color_C_cell rho=0.098 es_fdr=0.806 mx_fdr=0.444; color_C_supernatant rho=0.040 es_fdr=0.997 mx_fdr=0.502
963	6	4	Spectral Match to Ile-Pro-Lys from NIST14 M+H; [2-Octanoyloxy-3-[3,4,5-trihydroxy-6-[[3,4,5-trihydroxy-6-(hydroxymethyl)oxan-2-yl]oxymethyl]oxan-2-yl]oxypropyl] octanoate; Ethyl 2-(2-oxohexadecanamido)acetate; Spergualin	growth_supernatant	False	growth_supernatant	growth_cell rho=0.174 es_fdr=0.467 mx_fdr=0.231; growth_supernatant rho=0.217 es_fdr=0.056 mx_fdr=0.025; color_a_cell rho=0.096 es_fdr=0.889 mx_fdr=0.415; color_a_supernatant rho=0.111 es_fdr=0.989 mx_fdr=0.497; color_C_cell rho=0.065 es_fdr=0.986 mx_fdr=0.487; color_C_supernatant rho=0.085 es_fdr=0.997 mx_fdr=0.502
972	2	1	N,N-Dimethyl-9-[12-(thymine-1-yl)dodecyl]-9H-purine-6-amine	growth_supernatant	False	growth_supernatant	growth_cell rho=0.105 es_fdr=0.677 mx_fdr=0.335; growth_supernatant rho=0.238 es_fdr=0.017 mx_fdr=0.011; color_a_cell rho=0.141 es_fdr=0.453 mx_fdr=0.244; color_a_supernatant rho=0.058 es_fdr=0.989 mx_fdr=0.497; color_C_cell rho=0.130 es_fdr=0.760 mx_fdr=0.364; color_C_supernatant rho=0.053 es_fdr=0.997 mx_fdr=0.502
985	39	23	Ac-Ser-Thr-Thr-Ala-Val-OH; N~1~-[3-(dodecanoylamino)-5-nitrophenyl]dodecanamide; Cyclo-VPPIFY M+H; PE(18:3/18:3); [M+H]+ C41H71N1O8P1 M+H; 2-[[(2S)-2-[[2-[[(2S)-1-[(2S)-2-amino-4-methylpentanoyl]pyrrolidine-2-carbonyl]amino]acetyl]amino]-3-methylbutanoyl]amino]acetic acid; FCE 20696 [CCS=168.3914031982422] [M+H]+; H-DL-Asp-DL-Leu-DL-Phe-DL-His-OH; (2S)-2-[[2-[(2-amino-3-methylpentanoyl)amino]-3-me	growth_supernatant	False	growth_supernatant	growth_cell rho=0.129 es_fdr=0.753 mx_fdr=0.445; growth_supernatant rho=0.202 es_fdr=0.049 mx_fdr=0.085; color_a_cell rho=0.151 es_fdr=0.707 mx_fdr=0.371; color_a_supernatant rho=0.254 es_fdr=0.989 mx_fdr=0.136; color_C_cell rho=0.154 es_fdr=0.919 mx_fdr=0.436; color_C_supernatant rho=0.211 es_fdr=0.997 mx_fdr=0.502
986	5	1	PE(18:2/18:2); [M+H]+ C41H75N1O8P1 M+H	growth_supernatant	False	growth_supernatant	growth_cell rho=0.111 es_fdr=0.811 mx_fdr=0.369; growth_supernatant rho=0.212 es_fdr=0.066 mx_fdr=0.025; color_a_cell rho=0.119 es_fdr=0.582 mx_fdr=0.325; color_a_supernatant rho=0.146 es_fdr=0.989 mx_fdr=0.455; color_C_cell rho=0.109 es_fdr=0.806 mx_fdr=0.444; color_C_supernatant rho=0.114 es_fdr=0.997 mx_fdr=0.502
987	3	1	PC(16:0/20:4); [M+H]+ C44H81N1O8P1 M+H	growth_supernatant	False	growth_supernatant	growth_cell rho=0.036 es_fdr=0.927 mx_fdr=0.474; growth_supernatant rho=0.178 es_fdr=0.040 mx_fdr=0.022; color_a_cell rho=0.084 es_fdr=0.657 mx_fdr=0.372; color_a_supernatant rho=0.070 es_fdr=0.989 mx_fdr=0.497; color_C_cell rho=0.112 es_fdr=0.833 mx_fdr=0.389; color_C_supernatant rho=0.073 es_fdr=0.997 mx_fdr=0.502
988	17	5	H-Asp-Leu-Thr-Arg-Pro-al; H-DL-Asn-DL-Leu-DL-Phe-DL-Ser-OH; Polidocanol [M+NH4]+; 3-[[9-[3,4-Dihydroxy-5-(hydroxymethyl)oxolan-2-yl]purin-6-yl]amino]propanoic acid; tert-butyl N-[4-(1-ethoxypropan-2-ylamino)-5-methoxypentyl]carbamate	growth_supernatant	False	growth_supernatant	growth_cell rho=0.122 es_fdr=0.830 mx_fdr=0.405; growth_supernatant rho=0.217 es_fdr=0.017 mx_fdr=0.038; color_a_cell rho=0.131 es_fdr=0.663 mx_fdr=0.389; color_a_supernatant rho=0.089 es_fdr=0.993 mx_fdr=0.499; color_C_cell rho=0.117 es_fdr=0.909 mx_fdr=0.466; color_C_supernatant rho=0.110 es_fdr=0.997 mx_fdr=0.502
1025	2	1	Spectral Match to Phe-Trp from NIST14 M+H	growth_supernatant	False	growth_supernatant	growth_cell rho=0.075 es_fdr=0.826 mx_fdr=0.373; growth_supernatant rho=0.207 es_fdr=0.045 mx_fdr=0.011; color_a_cell rho=0.088 es_fdr=0.663 mx_fdr=0.352; color_a_supernatant rho=0.074 es_fdr=0.989 mx_fdr=0.497; color_C_cell rho=0.096 es_fdr=0.875 mx_fdr=0.424; color_C_supernatant rho=0.069 es_fdr=0.997 mx_fdr=0.502
1034	24	18	Corticatic Acid D; [(2R,3R,4S,5R)-3,4,5,6-tetrahydroxyoxan-2-yl]methyl 16-deuteriohexadecanoate; Spectral Match to 1-(9Z-Octadecenoyl)-sn-glycero-3-phosphoethanolamine from NIST14 M+Na; H-Ala-Thr-Phe-Tyr-Val-Ala-al; H-Leu-Glu-Ala-Cys-Ala-Phe-OH; Spectral Match to 1-Stearoyl-2-myristoyl-sn-glycero-3-phosphocholine from NIST14 M+H; C58H112N6O11 (formula only); Spectral Match to Ile-Arg from NIST14 M	growth_supernatant	False	growth_supernatant	growth_cell rho=0.161 es_fdr=0.683 mx_fdr=0.358; growth_supernatant rho=0.219 es_fdr=0.042 mx_fdr=0.038; color_a_cell rho=0.196 es_fdr=0.556 mx_fdr=0.222; color_a_supernatant rho=0.120 es_fdr=0.989 mx_fdr=0.497; color_C_cell rho=0.214 es_fdr=0.780 mx_fdr=0.316; color_C_supernatant rho=0.140 es_fdr=0.997 mx_fdr=0.502
1035	13	5	H-Ala-Arg-Thr-Lys(Me3)-Gln-Thr-Ala-Arg(Me,Me)-al; (1R,5S)-N-[(2S)-4-amino-1-cyclopropyl-3,4-dioxobutan-2-yl]-3-[2-(tert-butylcarbamoylamino)-2-cyclohexylacetyl]-6,6-dimethyl-3-azabicyclo[3.1.0]hexane-2-carboxamide; C41H59N3O6 (formula only); Spectral Match to Ile-Pro-Lys from NIST14 M+2H; [3,5,5-trimethyl-4-[(3E,5E,7E,9E,11E,13E,15E,17E)-3,7,12,16-tetramethyl-2-oxononadeca-3,5,7,9,11,13,15,17-octa		True	curated (not significant)	growth_cell rho=0.155 es_fdr=0.626 mx_fdr=0.326; growth_supernatant rho=0.113 es_fdr=0.418 mx_fdr=0.386; color_a_cell rho=0.144 es_fdr=0.590 mx_fdr=0.342; color_a_supernatant rho=0.086 es_fdr=0.989 mx_fdr=0.509; color_C_cell rho=0.167 es_fdr=0.780 mx_fdr=0.365; color_C_supernatant rho=0.117 es_fdr=0.997 mx_fdr=0.502
1036	6	4	3a,8-dihydroxy-9a,11a-dimethyl-5-oxo-1-(2,3,6-trihydroxy-6-methylheptan-2-yl)-1H,2H,3H,3aH,5H,5aH,6H,7H,8H,9H,9aH,9bH,10H,11H,11aH-cyclopenta[a]phenanthren-7-yl acetate; Spectral Match to Leu-Phe from NIST14 M+H; C81H132O9 (formula only); H-Gly-Ala-Ile-Ile-Gly-Leu-OH	growth_supernatant	False	growth_supernatant	growth_cell rho=0.086 es_fdr=0.786 mx_fdr=0.423; growth_supernatant rho=0.250 es_fdr=0.026 mx_fdr=0.011; color_a_cell rho=0.127 es_fdr=0.652 mx_fdr=0.331; color_a_supernatant rho=0.081 es_fdr=0.989 mx_fdr=0.497; color_C_cell rho=0.117 es_fdr=0.875 mx_fdr=0.430; color_C_supernatant rho=0.085 es_fdr=0.997 mx_fdr=0.502
1062	2	1	C49H76NO7P (formula only)	growth_supernatant	False	growth_supernatant	growth_cell rho=0.137 es_fdr=0.626 mx_fdr=0.266; growth_supernatant rho=0.180 es_fdr=0.042 mx_fdr=0.029; color_a_cell rho=0.077 es_fdr=0.804 mx_fdr=0.379; color_a_supernatant rho=0.102 es_fdr=0.989 mx_fdr=0.497; color_C_cell rho=0.013 es_fdr=1.000 mx_fdr=0.502; color_C_supernatant rho=0.076 es_fdr=0.997 mx_fdr=0.502
1068	28	10	Spectral Match to 1-(9Z-Octadecenoyl)-sn-glycero-3-phosphocholine from NIST14 M+H; 2-[[1-amino-1-[2-(1-aminobutylideneamino)ethylimino]butan-2-yl]diazenyl]-N'-[2-(1-aminobutylideneamino)ethyl]butanimidamide; (E)-2-Undecenedioic acid [M-H]-; C13H14Br3N3O5S (formula only); Spectral Match to Leu-Phe from NIST14 M+H; Spectral Match to Ile-Ile-Lys from NIST14 M+H; Ex229 [M+H]+; C52H78NO7P (formula only	growth_supernatant	False	growth_supernatant	growth_cell rho=0.201 es_fdr=0.678 mx_fdr=0.263; growth_supernatant rho=0.218 es_fdr=0.072 mx_fdr=0.034; color_a_cell rho=0.236 es_fdr=0.423 mx_fdr=0.177; color_a_supernatant rho=0.119 es_fdr=0.989 mx_fdr=0.497; color_C_cell rho=0.199 es_fdr=0.766 mx_fdr=0.364; color_C_supernatant rho=0.138 es_fdr=0.997 mx_fdr=0.502
1069	3	1	H-DL-Arg-DL-Arg-DL-Ala-DL-Ala-OH	growth_supernatant	False	growth_supernatant	growth_cell rho=0.152 es_fdr=0.502 mx_fdr=0.263; growth_supernatant rho=0.203 es_fdr=0.054 mx_fdr=0.017; color_a_cell rho=0.104 es_fdr=0.663 mx_fdr=0.352; color_a_supernatant rho=0.214 es_fdr=0.621 mx_fdr=0.115; color_C_cell rho=0.052 es_fdr=0.956 mx_fdr=0.489; color_C_supernatant rho=0.155 es_fdr=0.997 mx_fdr=0.502
1075	8	3	Sevadicin M+H; C22H40O (formula only); Phenylalanyl-leucyl-arginyl-phenylalanine	growth_supernatant	False	growth_supernatant	growth_cell rho=0.064 es_fdr=1.000 mx_fdr=0.495; growth_supernatant rho=0.212 es_fdr=0.026 mx_fdr=0.031; color_a_cell rho=0.150 es_fdr=0.644 mx_fdr=0.323; color_a_supernatant rho=0.102 es_fdr=0.989 mx_fdr=0.497; color_C_cell rho=0.139 es_fdr=0.854 mx_fdr=0.376; color_C_supernatant rho=0.106 es_fdr=0.997 mx_fdr=0.502
1096	7	3	(2S)-N-tert-butyl-1-[2-methyl-1-(methylamino)-1-oxopropan-2-yl]pyrrolidine-2-carboxamide; H-Ala-Pro-Thr-Gly-Phe-Phe-Ala-Val-Arg-NH2; Bis[8-[(2-methylpropan-2-yl)oxycarbonylamino]octyl] carbonate	growth_supernatant	False	growth_supernatant	growth_cell rho=0.111 es_fdr=0.804 mx_fdr=0.385; growth_supernatant rho=0.205 es_fdr=0.017 mx_fdr=0.031; color_a_cell rho=0.139 es_fdr=0.579 mx_fdr=0.325; color_a_supernatant rho=0.074 es_fdr=0.993 mx_fdr=0.497; color_C_cell rho=0.126 es_fdr=0.760 mx_fdr=0.405; color_C_supernatant rho=0.079 es_fdr=0.997 mx_fdr=0.502
1109	30	14	[2-[[3-Butanoyloxy-2,2-bis(butanoyloxymethyl)propoxy]methyl]-2-(butanoyloxymethyl)butyl] butanoate; Spectral Match to Tris(2-butoxyethyl) phosphate from NIST14 2M+Na; Ile-Ile-Ile-Pro; GPLGIAGQ [M+H]+; N~1~-(1-naphthyl)docosanamide; Spectral Match to PyroGlu-Ile-Arg from NIST14 M+H; 3,5-bis(acetyloxy)-2-[(acetyloxy)methyl]-6-(2,3,4-trihydroxybutoxy)oxan-4-yl dodecanoate; C32H48NO8P (formula only); 	growth_cell; growth_supernatant	False	growth_cell; growth_supernatant	growth_cell rho=0.260 es_fdr=0.675 mx_fdr=0.000; growth_supernatant rho=0.220 es_fdr=0.037 mx_fdr=0.052; color_a_cell rho=0.140 es_fdr=0.579 mx_fdr=0.395; color_a_supernatant rho=0.105 es_fdr=1.000 mx_fdr=0.499; color_C_cell rho=0.144 es_fdr=0.881 mx_fdr=0.444; color_C_supernatant rho=0.116 es_fdr=0.997 mx_fdr=0.502
1110	27	10	Spectral Match to 1-Lignoceroyl-2-hydroxy-sn-glycero-3-phosphocholine from NIST14 M+H; Spectral Match to Phe-Leu from NIST14 M+H; Tyrosyl-isoleucyl-phenylalanyl-valine; 21-Amino-6,9,18-tris(2-aminoethyl)-3-(1-hydroxyethyl)-12,15-bis(2-methylpropyl)-1,4,7,10,13,16,19-heptazacyclotricosane-2,5,8,11,14,17,20-heptone; Spectral Match to Phe-Val-Lys from NIST14 M+2H; Spectral Match to Leu-Phe from NIST1	growth_supernatant	False	growth_supernatant	growth_cell rho=0.133 es_fdr=0.840 mx_fdr=0.419; growth_supernatant rho=0.258 es_fdr=0.058 mx_fdr=0.011; color_a_cell rho=0.177 es_fdr=0.799 mx_fdr=0.313; color_a_supernatant rho=0.140 es_fdr=0.989 mx_fdr=0.497; color_C_cell rho=0.190 es_fdr=0.939 mx_fdr=0.364; color_C_supernatant rho=0.159 es_fdr=0.997 mx_fdr=0.502
1112	2	1	3-benzyl-6-(hydroxymethyl)piperazine-2,5-dione	growth_supernatant	False	growth_supernatant	growth_cell rho=0.083 es_fdr=0.675 mx_fdr=0.337; growth_supernatant rho=0.227 es_fdr=0.017 mx_fdr=0.000; color_a_cell rho=0.075 es_fdr=0.692 mx_fdr=0.342; color_a_supernatant rho=0.092 es_fdr=0.989 mx_fdr=0.497; color_C_cell rho=0.051 es_fdr=0.909 mx_fdr=0.460; color_C_supernatant rho=0.080 es_fdr=0.997 mx_fdr=0.502
1120	8	5	Massbank:ET201705 PRZ_M477 M+H; Spectral Match to Leu-His from NIST14 M+H; C24H45N3O (formula only); Spectral Match to Phe-Val-Lys from NIST14 M+2H; ethyl 3-phenyl-2-(phenylcarbonylamino)propanoate CollisionEnergy:205060 M+H	growth_supernatant	False	growth_supernatant	growth_cell rho=0.111 es_fdr=0.580 mx_fdr=0.400; growth_supernatant rho=0.194 es_fdr=0.063 mx_fdr=0.042; color_a_cell rho=0.152 es_fdr=0.714 mx_fdr=0.312; color_a_supernatant rho=0.063 es_fdr=1.000 mx_fdr=0.499; color_C_cell rho=0.160 es_fdr=0.833 mx_fdr=0.364; color_C_supernatant rho=0.081 es_fdr=0.997 mx_fdr=0.502
1125	2	1	Spectral Match to Leu-Phe from NIST14 M+H	growth_supernatant	False	growth_supernatant	growth_cell rho=0.028 es_fdr=0.911 mx_fdr=0.445; growth_supernatant rho=0.167 es_fdr=0.086 mx_fdr=0.045; color_a_cell rho=0.111 es_fdr=0.511 mx_fdr=0.244; color_a_supernatant rho=0.213 es_fdr=0.621 mx_fdr=0.157; color_C_cell rho=0.113 es_fdr=0.760 mx_fdr=0.337; color_C_supernatant rho=0.195 es_fdr=0.997 mx_fdr=0.502
1147	28	17	(2E,4E)-N-[(2S,3R)-1-[[(4R,5S,8S,10S)-4,10-dihydroxy-5-methyl-2,7-dioxo-1,6-diazacyclododec-8-yl]amino]-3-hydroxy-1-oxobutan-2-yl]dodeca-2,4-dienamide; tert-butyl N-[(5R)-6-[[(2S)-1-amino-3-methyl-1-oxobutan-2-yl]amino]-5-benzyl-3-hydroxy-6-oxo-1-phenylhexan-2-yl]carbamate; N-(1,3-dihydroxynonadecan-2-yl)acetamide; PC(14:0/20:4); [M+H]+ C42H77N1O8P1 M+H; Spectral Match to Phe-Leu from NIST14 M+H; 	growth_supernatant	False	growth_supernatant	growth_cell rho=0.255 es_fdr=0.671 mx_fdr=0.082; growth_supernatant rho=0.210 es_fdr=0.053 mx_fdr=0.047; color_a_cell rho=0.202 es_fdr=0.582 mx_fdr=0.216; color_a_supernatant rho=0.132 es_fdr=0.989 mx_fdr=0.497; color_C_cell rho=0.240 es_fdr=0.785 mx_fdr=0.280; color_C_supernatant rho=0.099 es_fdr=0.997 mx_fdr=0.503
1149	2	1	H-D-Ala-D-Phe-D-Phe-D-Val-D-Leu-NH2	growth_supernatant	False	growth_supernatant	growth_cell rho=0.033 es_fdr=0.982 mx_fdr=0.479; growth_supernatant rho=0.181 es_fdr=0.078 mx_fdr=0.031; color_a_cell rho=0.080 es_fdr=0.698 mx_fdr=0.395; color_a_supernatant rho=0.064 es_fdr=0.989 mx_fdr=0.497; color_C_cell rho=0.066 es_fdr=0.919 mx_fdr=0.459; color_C_supernatant rho=0.075 es_fdr=0.997 mx_fdr=0.502
1151	13	7	1-[(2-azaniumylethyl phosphonato)oxy]-3-(octadeca-9,12,15-trienoyloxy)propan-2-yl octadeca-9,12,15-trienoate; Spectral Match to Glu-Val-Phe from NIST14 M+H; cyclo(L-Val-L-Pro) M+H; PC(P-16:0/20:5); [M+H]+ C44H79N1O7P1 M+H; gln-leu-val-pro; 182912-74-9 [CCS=240.5872802734375] [M+H]+; cyclo(Phe-4-hydroxy-Pro) M+H	growth_supernatant	False	growth_supernatant	growth_cell rho=0.165 es_fdr=0.626 mx_fdr=0.310; growth_supernatant rho=0.229 es_fdr=0.066 mx_fdr=0.022; color_a_cell rho=0.208 es_fdr=0.511 mx_fdr=0.186; color_a_supernatant rho=0.195 es_fdr=0.989 mx_fdr=0.413; color_C_cell rho=0.134 es_fdr=0.780 mx_fdr=0.428; color_C_supernatant rho=0.159 es_fdr=0.997 mx_fdr=0.502
1162	10	7	Hexanoic acid, 2-ethyl-, 32-hydroxy-3,6,9,12,15,18,21,24,27,30-decaoxadotriacont-1-yl ester; Spectral Match to PyroGlu-Ile-Arg from NIST14 M+H; Spectral Match to Phe-Ile-Lys from NIST14 M+2H; Spectral Match to Ile-Pro-Lys from NIST14 M+2H; CO11 (formula only); 1-[(1S,3S,4S)-3-(4-fluorophenyl)-4-(4-methylpiperazine-1-carbonyl)cyclopentyl]-3-propan-2-ylurea; [4,6,8,9-tetrakis(acetyloxy)-2,10-dihydro	growth_supernatant	False	growth_supernatant	growth_cell rho=0.149 es_fdr=0.671 mx_fdr=0.319; growth_supernatant rho=0.318 es_fdr=0.000 mx_fdr=0.000; color_a_cell rho=0.147 es_fdr=0.652 mx_fdr=0.322; color_a_supernatant rho=0.191 es_fdr=0.989 mx_fdr=0.414; color_C_cell rho=0.144 es_fdr=0.860 mx_fdr=0.389; color_C_supernatant rho=0.151 es_fdr=0.997 mx_fdr=0.502
1163	10	3	AC1L1X1Z CollisionEnergy:102040 M+Na; Spectral Match to Leu-Leu from NIST14 M+H; Cbz-aIle-Glu(OtBu)-Ala-Leu-al	growth_supernatant	False	growth_supernatant	growth_cell rho=0.120 es_fdr=0.768 mx_fdr=0.378; growth_supernatant rho=0.181 es_fdr=0.037 mx_fdr=0.099; color_a_cell rho=0.115 es_fdr=0.621 mx_fdr=0.399; color_a_supernatant rho=0.172 es_fdr=0.989 mx_fdr=0.432; color_C_cell rho=0.095 es_fdr=0.875 mx_fdr=0.479; color_C_supernatant rho=0.104 es_fdr=0.997 mx_fdr=0.502
1182	6	0		growth_supernatant	False	growth_supernatant	growth_cell rho=0.079 es_fdr=0.752 mx_fdr=0.430; growth_supernatant rho=0.300 es_fdr=0.017 mx_fdr=0.000; color_a_cell rho=0.119 es_fdr=0.493 mx_fdr=0.342; color_a_supernatant rho=0.155 es_fdr=0.989 mx_fdr=0.448; color_C_cell rho=0.114 es_fdr=0.766 mx_fdr=0.424; color_C_supernatant rho=0.145 es_fdr=0.997 mx_fdr=0.502
1185	81	43	3a,5a-dihydroxy-7-[(4-methoxy-6-methyl-5-{[3,4,5-trihydroxy-6-(hydroxymethyl)oxan-2-yl]oxy}oxan-2-yl)oxy]-11a-methyl-1-(5-oxo-2,5-dihydrofuran-3-yl)-hexadecahydro-1H-cyclopenta[a]phenanthrene-9a-carbaldehyde; ay476 M+H; 3-Amino-4-[[1-[(1-carboxy-2-phenylethyl)amino]-1-oxo-3-phenylpropan-2-yl]amino]-4-oxobutanoic acid; Candidate GABA-C18:3 (delta mass:260.2134) M+H; C11H26N12O5 (formula only); Spec	growth_supernatant	False	growth_supernatant	growth_cell rho=0.137 es_fdr=0.687 mx_fdr=0.463; growth_supernatant rho=0.262 es_fdr=0.034 mx_fdr=0.011; color_a_cell rho=0.167 es_fdr=0.740 mx_fdr=0.371; color_a_supernatant rho=0.220 es_fdr=0.989 mx_fdr=0.414; color_C_cell rho=0.186 es_fdr=0.909 mx_fdr=0.407; color_C_supernatant rho=0.176 es_fdr=0.997 mx_fdr=0.502
1186	4	2	Z-Gly-Pro-Leu-Gly; 7,7-difluoro-9a,11a-dimethyl-hexadecahydro-1H-cyclopenta[a]phenanthren-1-yl acetate	growth_supernatant	False	growth_supernatant	growth_cell rho=0.107 es_fdr=0.674 mx_fdr=0.353; growth_supernatant rho=0.176 es_fdr=0.000 mx_fdr=0.075; color_a_cell rho=0.104 es_fdr=0.697 mx_fdr=0.350; color_a_supernatant rho=0.109 es_fdr=0.989 mx_fdr=0.497; color_C_cell rho=0.096 es_fdr=0.881 mx_fdr=0.432; color_C_supernatant rho=0.133 es_fdr=0.997 mx_fdr=0.502
1189	3	1	C24H48O6 (formula only)	growth_supernatant	False	growth_supernatant	growth_cell rho=0.001 es_fdr=1.000 mx_fdr=0.500; growth_supernatant rho=0.195 es_fdr=0.065 mx_fdr=0.038; color_a_cell rho=0.124 es_fdr=0.552 mx_fdr=0.271; color_a_supernatant rho=0.089 es_fdr=0.989 mx_fdr=0.497; color_C_cell rho=0.101 es_fdr=0.780 mx_fdr=0.364; color_C_supernatant rho=0.056 es_fdr=0.997 mx_fdr=0.502
1190	2	0		growth_supernatant	False	growth_supernatant	growth_cell rho=0.057 es_fdr=0.753 mx_fdr=0.373; growth_supernatant rho=0.182 es_fdr=0.017 mx_fdr=0.022; color_a_cell rho=0.040 es_fdr=0.810 mx_fdr=0.402; color_a_supernatant rho=0.034 es_fdr=0.999 mx_fdr=0.497; color_C_cell rho=0.049 es_fdr=0.908 mx_fdr=0.444; color_C_supernatant rho=0.053 es_fdr=0.997 mx_fdr=0.502
1191	3	1	Spectral Match to Phe-Leu from NIST14 M+H	growth_supernatant	False	growth_supernatant	growth_cell rho=0.123 es_fdr=0.626 mx_fdr=0.324; growth_supernatant rho=0.200 es_fdr=0.037 mx_fdr=0.040; color_a_cell rho=0.071 es_fdr=0.916 mx_fdr=0.417; color_a_supernatant rho=0.093 es_fdr=0.989 mx_fdr=0.497; color_C_cell rho=0.035 es_fdr=0.986 mx_fdr=0.496; color_C_supernatant rho=0.093 es_fdr=0.997 mx_fdr=0.502
1200	5	3	2-[2-[(2-Amino-3-methylbutanoyl)amino]propanoylamino]-3-phenylpropanoic acid; 1-Palmitoyl-sn-glycero-3-phosphoserine(1-); C38H70O7 (formula only)	growth_supernatant	False	growth_supernatant	growth_cell rho=0.122 es_fdr=0.738 mx_fdr=0.362; growth_supernatant rho=0.202 es_fdr=0.084 mx_fdr=0.047; color_a_cell rho=0.110 es_fdr=0.743 mx_fdr=0.362; color_a_supernatant rho=0.104 es_fdr=0.989 mx_fdr=0.497; color_C_cell rho=0.126 es_fdr=0.877 mx_fdr=0.413; color_C_supernatant rho=0.066 es_fdr=0.997 mx_fdr=0.502
1217	2	1	2-Pentadecyl-2-oxazoline	growth_supernatant	False	growth_supernatant	growth_cell rho=0.003 es_fdr=0.995 mx_fdr=0.487; growth_supernatant rho=0.219 es_fdr=0.037 mx_fdr=0.000; color_a_cell rho=0.100 es_fdr=0.644 mx_fdr=0.342; color_a_supernatant rho=0.063 es_fdr=0.989 mx_fdr=0.497; color_C_cell rho=0.130 es_fdr=0.760 mx_fdr=0.364; color_C_supernatant rho=0.095 es_fdr=0.997 mx_fdr=0.502
1223	8	2	C28H45ClFNO7 (formula only); (2R)-2-[[2-[(2S,5S)-5-benzyl-3,6-dioxopiperazin-2-yl]acetyl]amino]-3-phenylpropanoic acid	growth_supernatant	False	growth_supernatant	growth_cell rho=0.123 es_fdr=0.752 mx_fdr=0.346; growth_supernatant rho=0.237 es_fdr=0.053 mx_fdr=0.022; color_a_cell rho=0.137 es_fdr=0.663 mx_fdr=0.323; color_a_supernatant rho=0.137 es_fdr=0.989 mx_fdr=0.497; color_C_cell rho=0.159 es_fdr=0.833 mx_fdr=0.364; color_C_supernatant rho=0.109 es_fdr=0.997 mx_fdr=0.502
1260	2	0		growth_supernatant	False	growth_supernatant	growth_cell rho=0.073 es_fdr=0.794 mx_fdr=0.397; growth_supernatant rho=0.195 es_fdr=0.037 mx_fdr=0.017; color_a_cell rho=0.071 es_fdr=0.790 mx_fdr=0.400; color_a_supernatant rho=0.026 es_fdr=0.993 mx_fdr=0.497; color_C_cell rho=0.079 es_fdr=0.897 mx_fdr=0.443; color_C_supernatant rho=0.022 es_fdr=0.997 mx_fdr=0.504
1266	5	2	H-Lys-Leu-Leu-Phe-al; L-Leucine, N-[(phenylmethoxy)carbonyl]-L-leucyl-L-leucyl-	growth_supernatant	False	growth_supernatant	growth_cell rho=0.095 es_fdr=0.817 mx_fdr=0.402; growth_supernatant rho=0.252 es_fdr=0.000 mx_fdr=0.000; color_a_cell rho=0.103 es_fdr=0.896 mx_fdr=0.380; color_a_supernatant rho=0.059 es_fdr=1.000 mx_fdr=0.497; color_C_cell rho=0.106 es_fdr=0.956 mx_fdr=0.444; color_C_supernatant rho=0.048 es_fdr=0.997 mx_fdr=0.503
1273	2	1	Spectral Match to Leu-Phe from NIST14 M+H	growth_supernatant	False	growth_supernatant	growth_cell rho=0.054 es_fdr=0.753 mx_fdr=0.369; growth_supernatant rho=0.180 es_fdr=0.075 mx_fdr=0.025; color_a_cell rho=0.042 es_fdr=0.790 mx_fdr=0.395; color_a_supernatant rho=0.076 es_fdr=0.989 mx_fdr=0.497; color_C_cell rho=0.013 es_fdr=0.986 mx_fdr=0.489; color_C_supernatant rho=0.082 es_fdr=0.997 mx_fdr=0.502
1275	2	2	Oxiran-2-ylmethyl tetradecanoate; PC(0:0/18:0); [M+H]+ C26H55N1O7P1 M+H	growth_supernatant	False	growth_supernatant	growth_cell rho=0.093 es_fdr=0.728 mx_fdr=0.358; growth_supernatant rho=0.232 es_fdr=0.017 mx_fdr=0.000; color_a_cell rho=0.139 es_fdr=0.512 mx_fdr=0.271; color_a_supernatant rho=0.178 es_fdr=0.621 mx_fdr=0.157; color_C_cell rho=0.105 es_fdr=0.780 mx_fdr=0.405; color_C_supernatant rho=0.164 es_fdr=0.997 mx_fdr=0.502
1283	15	8	6-{[4-(dimethylamino)-3,5-dihydroxy-6-methyloxan-2-yl]oxy}-16-ethyl-4-hydroxy-15-(hydroxymethyl)-5,7,9,13-tetramethyl-1-oxacyclohexadeca-11,13-diene-2,10-dione; Ditridecyl azelate; C68H119N3O28 (formula only); H-DL-Ala-DL-Leu-DL-Glu-DL-Pro-OH; [2-hydroxy-3-[3,4,5-trihydroxy-6-(hydroxymethyl)oxan-2-yl]oxypropyl] (5Z,8Z,11Z,14Z,17Z)-icosa-5,8,11,14,17-pentaenoate; C9H19NO (formula only); 2-Methyl-7-	growth_supernatant	False	growth_supernatant	growth_cell rho=0.134 es_fdr=0.626 mx_fdr=0.366; growth_supernatant rho=0.231 es_fdr=0.026 mx_fdr=0.022; color_a_cell rho=0.155 es_fdr=0.621 mx_fdr=0.326; color_a_supernatant rho=0.120 es_fdr=0.989 mx_fdr=0.497; color_C_cell rho=0.165 es_fdr=0.854 mx_fdr=0.364; color_C_supernatant rho=0.111 es_fdr=0.997 mx_fdr=0.502
1298	5	4	Spectral Match to Pro-Phe from NIST14 M+H; 2-amino-3-({hydroxy[2-(tetradec-9-enoyloxy)-3-(tetradecanoyloxy)propoxy]phosphoryl}oxy)propanoic acid; Spectral Match to Ile-Leu from NIST14 M+H; 13-{[5-(dimethylamino)-6-methyloxan-2-yl]oxy}-4-ethyl-14-methyl-9-propyl-2-[(3,4,5-trimethoxy-6-methyloxan-2-yl)oxy]-1H,2H,3H,3aH,5aH,5bH,6H,7H,9H,10H,11H,12H,13H,14H,15H,16aH,16bH-as-indaceno[3,2-d]oxacyclodode	growth_supernatant	False	growth_supernatant	growth_cell rho=0.121 es_fdr=0.720 mx_fdr=0.353; growth_supernatant rho=0.189 es_fdr=0.045 mx_fdr=0.042; color_a_cell rho=0.118 es_fdr=0.645 mx_fdr=0.353; color_a_supernatant rho=0.077 es_fdr=0.989 mx_fdr=0.497; color_C_cell rho=0.091 es_fdr=0.860 mx_fdr=0.465; color_C_supernatant rho=0.117 es_fdr=0.997 mx_fdr=0.502
1324	6	2	Spectral Match to Ile-Pro-Lys from NIST14 M+H; 2-{3-[6-(acetyloxy)-2-hydroxy-6-methyl-3-oxohept-4-en-2-yl]-6-(carboxymethyl)-2-hydroxy-3a,5a,9b-trimethyl-5-oxo-1H,2H,3H,3aH,4H,5H,5aH,6H,9H,9aH,9bH-cyclopenta[a]naphthalen-7-yl}-2-methylpropanoic acid	growth_supernatant	False	growth_supernatant	growth_cell rho=0.090 es_fdr=0.679 mx_fdr=0.400; growth_supernatant rho=0.201 es_fdr=0.056 mx_fdr=0.034; color_a_cell rho=0.130 es_fdr=0.683 mx_fdr=0.325; color_a_supernatant rho=0.104 es_fdr=0.989 mx_fdr=0.497; color_C_cell rho=0.111 es_fdr=0.909 mx_fdr=0.425; color_C_supernatant rho=0.116 es_fdr=0.997 mx_fdr=0.502
1328	5	2	Betulone; 4-(5-{1-[(furan-2-yl)methyl]pyrrolidin-3-yl}-1,3,4-oxadiazol-2-yl)pyridine	growth_supernatant	False	growth_supernatant	growth_cell rho=0.142 es_fdr=0.467 mx_fdr=0.291; growth_supernatant rho=0.224 es_fdr=0.000 mx_fdr=0.022; color_a_cell rho=0.117 es_fdr=0.644 mx_fdr=0.342; color_a_supernatant rho=0.064 es_fdr=0.993 mx_fdr=0.497; color_C_cell rho=0.082 es_fdr=0.860 mx_fdr=0.458; color_C_supernatant rho=0.053 es_fdr=0.997 mx_fdr=0.502
1337	4	2	Spectral Match to Leu-Val from NIST14 M+H; (2S,3S)-2-[[(2S)-1-[(2S)-2-[[(2S)-2-amino-3-hydroxypropanoyl]amino]-3-methylbutanoyl]pyrrolidine-2-carbonyl]amino]-3-methylpentanoic acid	growth_supernatant	False	growth_supernatant	growth_cell rho=0.081 es_fdr=0.757 mx_fdr=0.420; growth_supernatant rho=0.198 es_fdr=0.151 mx_fdr=0.036; color_a_cell rho=0.128 es_fdr=0.743 mx_fdr=0.331; color_a_supernatant rho=0.182 es_fdr=0.989 mx_fdr=0.367; color_C_cell rho=0.104 es_fdr=0.909 mx_fdr=0.443; color_C_supernatant rho=0.176 es_fdr=0.997 mx_fdr=0.502
1357	15	7	Spectral Match to Leu-Leu from NIST14 M+H; [(2S)-2-decanoyloxy-3-[(2R,3R,4S,5R,6R)-3,4,5-trihydroxy-6-(hydroxymethyl)oxan-2-yl]oxypropyl] decanoate; Spectral Match to Tyr-Pro-Phe from NIST14 M+H; cyclo(tyrosyl-prolyl) [M+H]+; Oon-PE; 2-[[2-[4-(Ethenoxymethyl)triazol-1-yl]acetyl]amino]-4-methylpentanoic acid; C6 Dihydroceramide	growth_supernatant	False	growth_supernatant	growth_cell rho=0.138 es_fdr=0.626 mx_fdr=0.368; growth_supernatant rho=0.226 es_fdr=0.058 mx_fdr=0.022; color_a_cell rho=0.201 es_fdr=0.561 mx_fdr=0.214; color_a_supernatant rho=0.169 es_fdr=0.989 mx_fdr=0.461; color_C_cell rho=0.201 es_fdr=0.760 mx_fdr=0.316; color_C_supernatant rho=0.155 es_fdr=0.997 mx_fdr=0.502
1361	6	4	[(2R)-1-[2-aminoethoxy(hydroxy)phosphoryl]oxy-3-[(E)-octadec-1-enoxy]propan-2-yl] (E)-heptadec-9-enoate; Pyridoxal; Glycocholic Acid [M+NH4]+; Veraguamide A	growth_supernatant	False	growth_supernatant	growth_cell rho=0.092 es_fdr=0.791 mx_fdr=0.420; growth_supernatant rho=0.223 es_fdr=0.065 mx_fdr=0.011; color_a_cell rho=0.141 es_fdr=0.530 mx_fdr=0.331; color_a_supernatant rho=0.081 es_fdr=0.993 mx_fdr=0.497; color_C_cell rho=0.128 es_fdr=0.854 mx_fdr=0.420; color_C_supernatant rho=0.054 es_fdr=0.997 mx_fdr=0.502
1363	8	4	Butanamide, 2-[2,4-bis(1,1-dimethylpropyl)phenoxy]-N-[4-[4,5-dihydro-5-oxo-3-(1-pyrrolidinyl)-1H-pyrazol-1-yl]phenyl]-; H-Lys-Pro-Ser-Leu-Leu-OH; C34H66NO10P (formula only); Spectral Match to Ile-Trp from NIST14 M+H	growth_supernatant	False	growth_supernatant	growth_cell rho=0.100 es_fdr=0.836 mx_fdr=0.401; growth_supernatant rho=0.208 es_fdr=0.320 mx_fdr=0.036; color_a_cell rho=0.105 es_fdr=0.839 mx_fdr=0.388; color_a_supernatant rho=0.132 es_fdr=0.989 mx_fdr=0.497; color_C_cell rho=0.123 es_fdr=0.900 mx_fdr=0.415; color_C_supernatant rho=0.144 es_fdr=0.997 mx_fdr=0.502
1402	7	1	Aspergillusenes A M+H	growth_supernatant	False	growth_supernatant	growth_cell rho=0.121 es_fdr=0.687 mx_fdr=0.358; growth_supernatant rho=0.243 es_fdr=0.017 mx_fdr=0.000; color_a_cell rho=0.140 es_fdr=0.511 mx_fdr=0.327; color_a_supernatant rho=0.095 es_fdr=0.993 mx_fdr=0.497; color_C_cell rho=0.119 es_fdr=0.833 mx_fdr=0.428; color_C_supernatant rho=0.103 es_fdr=0.997 mx_fdr=0.502
1443	2	1	C78H144O3 (formula only)	growth_supernatant	False	growth_supernatant	growth_cell rho=0.093 es_fdr=0.626 mx_fdr=0.369; growth_supernatant rho=0.257 es_fdr=0.000 mx_fdr=0.000; color_a_cell rho=0.111 es_fdr=0.645 mx_fdr=0.323; color_a_supernatant rho=0.037 es_fdr=0.989 mx_fdr=0.497; color_C_cell rho=0.119 es_fdr=0.833 mx_fdr=0.364; color_C_supernatant rho=0.042 es_fdr=0.997 mx_fdr=0.502
1444	2	2	Ac-Phe-Val-Phe-OH; Butyl 2-[[1,3-bis[(2-butoxy-2-oxoethyl)-propan-2-ylamino]-2-methylpropan-2-yl]-(2-butoxy-2-oxoethyl)amino]acetate	growth_supernatant	False	growth_supernatant	growth_cell rho=0.057 es_fdr=0.786 mx_fdr=0.428; growth_supernatant rho=0.243 es_fdr=0.042 mx_fdr=0.011; color_a_cell rho=0.079 es_fdr=0.736 mx_fdr=0.375; color_a_supernatant rho=0.038 es_fdr=0.993 mx_fdr=0.497; color_C_cell rho=0.083 es_fdr=0.909 mx_fdr=0.444; color_C_supernatant rho=0.048 es_fdr=0.997 mx_fdr=0.502
1445	14	4	N-(2,2-Dichloro-1-hydroxyethyl)acetamide; D-Phenylalanyl-L-leucyl-D-phenylalanine; 6-amino-2-[2-(2-amino-4-methylpentanamido)-3-phenylpropanamido]hexanoic acid; Spectral Match to 1-(9Z-Octadecenoyl)-2-tetradecanoyl-sn-glycero-3-phosphocholine from NIST14 M+H	growth_supernatant	False	growth_supernatant	growth_cell rho=0.177 es_fdr=0.584 mx_fdr=0.254; growth_supernatant rho=0.236 es_fdr=0.017 mx_fdr=0.011; color_a_cell rho=0.157 es_fdr=0.535 mx_fdr=0.323; color_a_supernatant rho=0.166 es_fdr=0.989 mx_fdr=0.458; color_C_cell rho=0.130 es_fdr=0.860 mx_fdr=0.427; color_C_supernatant rho=0.151 es_fdr=0.997 mx_fdr=0.502
1456	2	0		growth_cell	False	growth_cell	growth_cell rho=0.236 es_fdr=0.000 mx_fdr=0.000; growth_supernatant rho=0.070 es_fdr=0.485 mx_fdr=0.252; color_a_cell rho=0.093 es_fdr=0.631 mx_fdr=0.323; color_a_supernatant rho=0.058 es_fdr=0.989 mx_fdr=0.497; color_C_cell rho=0.136 es_fdr=0.758 mx_fdr=0.321; color_C_supernatant rho=0.072 es_fdr=0.997 mx_fdr=0.502
1458	5	4	N-[2-oxo-2-[(2Z)-2-[(E)-4-phenylbut-3-en-2-ylidene]hydrazinyl]ethyl]tetradecanamide; Spectral Match to Ile-Pro-Lys from NIST14 M+2H; 3-methyl-2-[(1,2,3,4-tetrahydroisoquinolin-3-yl)formamido]pentanoic acid; Massbank:ET201705 PRZ_M477 M+H	growth_supernatant	False	growth_supernatant	growth_cell rho=0.039 es_fdr=0.982 mx_fdr=0.487; growth_supernatant rho=0.203 es_fdr=0.087 mx_fdr=0.034; color_a_cell rho=0.135 es_fdr=0.663 mx_fdr=0.325; color_a_supernatant rho=0.095 es_fdr=0.989 mx_fdr=0.497; color_C_cell rho=0.114 es_fdr=0.856 mx_fdr=0.424; color_C_supernatant rho=0.105 es_fdr=0.997 mx_fdr=0.502
1470	7	3	C18H38O4 (formula only); 182912-74-9 [CCS=241.95765686035156] [M+H]+; Aspergillide F	growth_supernatant	False	growth_supernatant	growth_cell rho=0.122 es_fdr=0.770 mx_fdr=0.359; growth_supernatant rho=0.237 es_fdr=0.000 mx_fdr=0.022; color_a_cell rho=0.115 es_fdr=0.615 mx_fdr=0.368; color_a_supernatant rho=0.104 es_fdr=0.989 mx_fdr=0.497; color_C_cell rho=0.104 es_fdr=0.874 mx_fdr=0.449; color_C_supernatant rho=0.107 es_fdr=0.997 mx_fdr=0.502
1482	4	3	H-Gly-Ala-Ala-Gly-Ala-al; 17-Octadecen-14-YN-1-OL; Contaminant vial septum ThermoFisher C5000-44B 2M+NH4	growth_supernatant	False	growth_supernatant	growth_cell rho=0.124 es_fdr=0.816 mx_fdr=0.333; growth_supernatant rho=0.169 es_fdr=0.030 mx_fdr=0.072; color_a_cell rho=0.109 es_fdr=0.655 mx_fdr=0.360; color_a_supernatant rho=0.165 es_fdr=0.989 mx_fdr=0.414; color_C_cell rho=0.112 es_fdr=0.780 mx_fdr=0.425; color_C_supernatant rho=0.139 es_fdr=0.997 mx_fdr=0.502
1491	3	0		growth_supernatant	False	growth_supernatant	growth_cell rho=0.062 es_fdr=0.837 mx_fdr=0.453; growth_supernatant rho=0.152 es_fdr=0.045 mx_fdr=0.088; color_a_cell rho=0.100 es_fdr=0.698 mx_fdr=0.369; color_a_supernatant rho=0.046 es_fdr=0.989 mx_fdr=0.498; color_C_cell rho=0.096 es_fdr=0.860 mx_fdr=0.430; color_C_supernatant rho=0.048 es_fdr=0.997 mx_fdr=0.502
1506	2	2	2-(1,3-Didodecoxypropan-2-yloxy)ethanamine; 2-[2-(butylamino)-7-hydroxy-8-(hydroxymethyl)-4a,8-dimethyl-2,3,3a,4,5,6,7,8a,9,9a-decahydronaphtho[2,3-d][1,3]thiazol-3-ium-4-yl]-N-(2-morpholin-4-ylethyl)acetamide	growth_supernatant	False	growth_supernatant	growth_cell rho=0.119 es_fdr=0.610 mx_fdr=0.310; growth_supernatant rho=0.181 es_fdr=0.071 mx_fdr=0.034; color_a_cell rho=0.095 es_fdr=0.652 mx_fdr=0.342; color_a_supernatant rho=0.060 es_fdr=0.989 mx_fdr=0.497; color_C_cell rho=0.079 es_fdr=0.909 mx_fdr=0.434; color_C_supernatant rho=0.068 es_fdr=0.997 mx_fdr=0.502
1537	13	6	Cyclo-Ile-Pro-diketopiperazine [M+H]+; C8H11Br4FN2O2 (formula only); Neuromedin N [M+H]+; Di-O-Tetradecylphophatidylcholine; C41H78N7O9P (formula only); Spectral Match to Ile-Leu from NIST14 M+H	growth_supernatant	False	growth_supernatant	growth_cell rho=0.134 es_fdr=0.873 mx_fdr=0.358; growth_supernatant rho=0.227 es_fdr=0.054 mx_fdr=0.025; color_a_cell rho=0.095 es_fdr=0.764 mx_fdr=0.449; color_a_supernatant rho=0.109 es_fdr=0.989 mx_fdr=0.497; color_C_cell rho=0.113 es_fdr=0.908 mx_fdr=0.460; color_C_supernatant rho=0.115 es_fdr=0.997 mx_fdr=0.502
1543	5	3	4-[2-(3-Benzyloxycarbonylamino-4-cyclohexyl-1-hydroxy-2-oxo-butylamino)-5-guanidino-pentanoylamino]-4-(1-carboxy-2-cyclohexyl-ethylcarbamoyl)-butyric acid; C6H5AsI2 (formula only); Spectral Match to PyroGlu-Ile-Arg from NIST14 M+H	growth_supernatant	False	growth_supernatant	growth_cell rho=0.082 es_fdr=0.800 mx_fdr=0.420; growth_supernatant rho=0.239 es_fdr=0.000 mx_fdr=0.000; color_a_cell rho=0.094 es_fdr=0.790 mx_fdr=0.371; color_a_supernatant rho=0.078 es_fdr=0.989 mx_fdr=0.497; color_C_cell rho=0.096 es_fdr=0.860 mx_fdr=0.428; color_C_supernatant rho=0.089 es_fdr=0.997 mx_fdr=0.502
1544	2	1	C20H42O5 (formula only)	growth_supernatant	False	growth_supernatant	growth_cell rho=0.103 es_fdr=0.626 mx_fdr=0.307; growth_supernatant rho=0.228 es_fdr=0.000 mx_fdr=0.000; color_a_cell rho=0.113 es_fdr=0.569 mx_fdr=0.286; color_a_supernatant rho=0.002 es_fdr=1.000 mx_fdr=0.499; color_C_cell rho=0.111 es_fdr=0.780 mx_fdr=0.364; color_C_supernatant rho=0.034 es_fdr=0.997 mx_fdr=0.502
1547	10	5	D-Glucitol mono(12-hydroxystearate); (2R)-2-[di(hexadecanoyl)amino]-2-(2,3-dihydroxypropylsulfanylmethyl)-3-oxooctadecanoic acid; 2-N,4-N-bis(2-ethylhexyl)-1,3,5-triazine-2,4-diamine; N'-{[4-({[(3,5-dihydroxyphenyl)formamido]imino}methyl)phenyl]methylidene}-3,5-dihydroxybenzohydrazide; 11-[[(1S,3aS,5aR,5bR,7aS,9S,11aR,11bR,13aR,13bR)-9-hydroxy-5a,5b,8,8,11a-pentamethyl-1-prop-1-en-2-yl-1,2,3,4,5,6	color_a_supernatant	False	color_a_supernatant	growth_cell rho=0.155 es_fdr=0.511 mx_fdr=0.319; growth_supernatant rho=0.178 es_fdr=0.056 mx_fdr=0.101; color_a_cell rho=0.138 es_fdr=0.663 mx_fdr=0.342; color_a_supernatant rho=0.255 es_fdr=0.989 mx_fdr=0.000; color_C_cell rho=0.157 es_fdr=0.860 mx_fdr=0.364; color_C_supernatant rho=0.204 es_fdr=0.997 mx_fdr=0.502
1551	3	2	Cyclo(L-Leu-L-Arg); C49H70NO4P (formula only)	growth_supernatant	False	growth_supernatant	growth_cell rho=0.138 es_fdr=0.467 mx_fdr=0.291; growth_supernatant rho=0.179 es_fdr=0.069 mx_fdr=0.022; color_a_cell rho=0.120 es_fdr=0.584 mx_fdr=0.331; color_a_supernatant rho=0.055 es_fdr=0.995 mx_fdr=0.497; color_C_cell rho=0.111 es_fdr=0.875 mx_fdr=0.415; color_C_supernatant rho=0.048 es_fdr=0.997 mx_fdr=0.502
1564	3	2	Spectral Match to Ile-Pro-Lys from NIST14 M+2H; N-(1-{[1-({4-carbamimidamido-1-[(1-carbamoyl-2-phenylethyl)carbamoyl]butyl}carbamoyl)-2-methylbutyl]carbamoyl}-2-phenylethyl)-2-{[1-(2,6-diaminohexanoyl)pyrrolidin-2-yl]formamido}butanediamide	growth_cell; growth_supernatant	False	growth_cell; growth_supernatant	growth_cell rho=0.254 es_fdr=0.000 mx_fdr=0.000; growth_supernatant rho=0.207 es_fdr=0.034 mx_fdr=0.031; color_a_cell rho=0.093 es_fdr=0.621 mx_fdr=0.325; color_a_supernatant rho=0.064 es_fdr=0.989 mx_fdr=0.497; color_C_cell rho=0.047 es_fdr=0.909 mx_fdr=0.450; color_C_supernatant rho=0.066 es_fdr=0.997 mx_fdr=0.502
1567	13	8	Spectral Match to Nonaethylene glycol from NIST14 M+H; N'-[6-(2-aminoethyl)-10-[5-(2-{4-hydroxy-3-[2-hydroxy-2-(4-{[(2-hydroxypropyl)amino]methyl}-1H,4H,4aH,5H,6H,7H,7aH,8H,9H-azuleno[6,5-b]pyrrol-2-yl)ethoxy]phenyl}ethyl)-3-(hydroxymethyl)furan-2-yl]-2-methyldecyl]-N-methylguanidine; N-Acetyl-leu-leu-tyr-amide; Spectral Match to Ile-Ile-Lys from NIST14 M+H; H-Tyr-Pro-Phe-Val-Glu-Pro-Ile-OH [M+H]+	growth_supernatant	False	growth_supernatant	growth_cell rho=0.235 es_fdr=0.467 mx_fdr=0.092; growth_supernatant rho=0.205 es_fdr=0.054 mx_fdr=0.042; color_a_cell rho=0.150 es_fdr=0.423 mx_fdr=0.335; color_a_supernatant rho=0.115 es_fdr=0.989 mx_fdr=0.497; color_C_cell rho=0.114 es_fdr=0.780 mx_fdr=0.460; color_C_supernatant rho=0.115 es_fdr=0.997 mx_fdr=0.502
1600	2	2	1-(3,5-Ditert-butyl-4-hydroxyphenyl)-2-tritioethanone; C21H43O6 (formula only)	growth_supernatant	False	growth_supernatant	growth_cell rho=0.119 es_fdr=0.626 mx_fdr=0.310; growth_supernatant rho=0.233 es_fdr=0.017 mx_fdr=0.011; color_a_cell rho=0.127 es_fdr=0.590 mx_fdr=0.307; color_a_supernatant rho=0.036 es_fdr=0.989 mx_fdr=0.497; color_C_cell rho=0.116 es_fdr=0.780 mx_fdr=0.372; color_C_supernatant rho=0.040 es_fdr=0.997 mx_fdr=0.502
1603	4	0		growth_supernatant	False	growth_supernatant	growth_cell rho=0.105 es_fdr=0.738 mx_fdr=0.371; growth_supernatant rho=0.188 es_fdr=0.233 mx_fdr=0.042; color_a_cell rho=0.146 es_fdr=0.652 mx_fdr=0.311; color_a_supernatant rho=0.104 es_fdr=0.989 mx_fdr=0.497; color_C_cell rho=0.137 es_fdr=0.862 mx_fdr=0.372; color_C_supernatant rho=0.108 es_fdr=0.997 mx_fdr=0.502
1604	55	27	C35H65N3O2 (formula only); Spectral Match to Leu-Gly-Leu from NIST14 M+H; Ac-DL-Phe-DL-Arg-DL-Phe-NH2; Spectral Match to 1-Lignoceroyl-2-hydroxy-sn-glycero-3-phosphocholine from NIST14 M+H; 3-benzyl-6-(hydroxymethyl)piperazine-2,5-dione; 9-(3-Fluorooxan-4-yl)-7-methyl-2-methylsulfanylpurin-8-one; Spectral Match to 1-(1Z-Octadecenyl)-2-(9Z-octadecenoyl)-sn-glycero-3-phosphocholine from NIST14 M+H; 	growth_supernatant	False	growth_supernatant	growth_cell rho=0.192 es_fdr=0.467 mx_fdr=0.310; growth_supernatant rho=0.291 es_fdr=0.030 mx_fdr=0.000; color_a_cell rho=0.140 es_fdr=0.652 mx_fdr=0.433; color_a_supernatant rho=0.175 es_fdr=0.999 mx_fdr=0.497; color_C_cell rho=0.131 es_fdr=0.939 mx_fdr=0.489; color_C_supernatant rho=0.119 es_fdr=0.997 mx_fdr=0.502
1605	3	3	Spectral Match to N-Oleoyl-D-erythro-sphingosylphosphorylcholine from NIST14 M+Na; Neuromedin N [M+H]+; 2-[[2-[(2-Aminoacetyl)amino]-3-carboxypropanoyl]amino]butanedioic acid	growth_supernatant	False	growth_supernatant	growth_cell rho=0.085 es_fdr=0.755 mx_fdr=0.366; growth_supernatant rho=0.194 es_fdr=0.042 mx_fdr=0.022; color_a_cell rho=0.162 es_fdr=0.463 mx_fdr=0.216; color_a_supernatant rho=0.110 es_fdr=0.989 mx_fdr=0.497; color_C_cell rho=0.140 es_fdr=0.783 mx_fdr=0.364; color_C_supernatant rho=0.080 es_fdr=0.997 mx_fdr=0.502
1606	7	3	N'-[(3-{4-[2-(1,3-dihydroxycyclohexyl)ethyl]-4',12'-dimethyl-9'-methylidene-5'-oxaspiro[cyclopentane-1,7'-tricyclo[8.2.0.0⁴,⁶]dodecan]-12'-yl}cyclopentyl)methyl]-N-methylguanidine; taurocholic acid 2M+H; C12H15FN2O4 (formula only)	growth_supernatant	False	growth_supernatant	growth_cell rho=0.073 es_fdr=0.931 mx_fdr=0.450; growth_supernatant rho=0.200 es_fdr=0.069 mx_fdr=0.036; color_a_cell rho=0.084 es_fdr=0.838 mx_fdr=0.408; color_a_supernatant rho=0.142 es_fdr=0.989 mx_fdr=0.491; color_C_cell rho=0.076 es_fdr=0.948 mx_fdr=0.461; color_C_supernatant rho=0.091 es_fdr=0.997 mx_fdr=0.502
1607	4	3	N-(4-Chloro-3-nitrophenyl)-N-(2,3-dihydro-1H-inden-2-YL)urea; 1-[3,5-dihydroxy-3-(1-hydroxyethyl)-6-methoxyoxan-2-yl]pentane-2,3,4-triol; Polidocanol [M+NH4]+	growth_supernatant	False	growth_supernatant	growth_cell rho=0.174 es_fdr=0.626 mx_fdr=0.231; growth_supernatant rho=0.242 es_fdr=0.030 mx_fdr=0.000; color_a_cell rho=0.071 es_fdr=0.968 mx_fdr=0.449; color_a_supernatant rho=0.118 es_fdr=0.989 mx_fdr=0.497; color_C_cell rho=0.054 es_fdr=0.979 mx_fdr=0.491; color_C_supernatant rho=0.125 es_fdr=0.997 mx_fdr=0.502
1610	2	1	6-Ethyl-tetradecanoic acid	growth_supernatant	False	growth_supernatant	growth_cell rho=0.063 es_fdr=0.757 mx_fdr=0.407; growth_supernatant rho=0.181 es_fdr=0.089 mx_fdr=0.047; color_a_cell rho=0.100 es_fdr=0.560 mx_fdr=0.342; color_a_supernatant rho=0.089 es_fdr=0.989 mx_fdr=0.497; color_C_cell rho=0.098 es_fdr=0.769 mx_fdr=0.424; color_C_supernatant rho=0.107 es_fdr=0.997 mx_fdr=0.502
1611	12	8	6,6'-(6-Phenyl-1,3,5-triazine-2,4-diyl)bis(N,N-dioctylpyridine-2-carboxamide); C32H47N7O6 (formula only); xefoampeptide d; (2S)-2-acetamido-N-[(6S,9S,12S)-6-benzyl-9-(2-methylpropyl)-2,5,8,11-tetraoxo-1,4,7,10-tetrazacyclohexadec-16-en-12-yl]-5-(diaminomethylideneamino)pentanamide; H-DL-Asp-DL-Leu-DL-Leu-DL-Val-OH; PS(18:0/18:2); [M+H]+ C42H79N1O10P1 M+H; 1-(5-ethyl-6-methylhepta-3,6-dien-2-yl)-9a	growth_supernatant	False	growth_supernatant	growth_cell rho=0.145 es_fdr=0.738 mx_fdr=0.359; growth_supernatant rho=0.264 es_fdr=0.026 mx_fdr=0.011; color_a_cell rho=0.106 es_fdr=0.917 mx_fdr=0.440; color_a_supernatant rho=0.121 es_fdr=0.989 mx_fdr=0.497; color_C_cell rho=0.089 es_fdr=0.986 mx_fdr=0.489; color_C_supernatant rho=0.125 es_fdr=0.997 mx_fdr=0.502
1617	4	0		growth_supernatant	False	growth_supernatant	growth_cell rho=0.099 es_fdr=0.826 mx_fdr=0.366; growth_supernatant rho=0.196 es_fdr=0.219 mx_fdr=0.034; color_a_cell rho=0.065 es_fdr=0.895 mx_fdr=0.439; color_a_supernatant rho=0.086 es_fdr=0.989 mx_fdr=0.497; color_C_cell rho=0.103 es_fdr=0.909 mx_fdr=0.428; color_C_supernatant rho=0.082 es_fdr=0.997 mx_fdr=0.502
1619	5	2	Dimethyl dichloromalonate; 2-[2-[2-[2-[2-[2-[2-[2-[2-(2-Propoxypropoxy)propoxy]propoxy]propoxy]propoxy]propoxy]propoxy]propoxy]propoxy]propan-1-ol	growth_supernatant	False	growth_supernatant	growth_cell rho=0.111 es_fdr=0.826 mx_fdr=0.354; growth_supernatant rho=0.245 es_fdr=0.017 mx_fdr=0.000; color_a_cell rho=0.110 es_fdr=0.653 mx_fdr=0.342; color_a_supernatant rho=0.063 es_fdr=0.989 mx_fdr=0.497; color_C_cell rho=0.135 es_fdr=0.760 mx_fdr=0.364; color_C_supernatant rho=0.065 es_fdr=0.997 mx_fdr=0.502
1642	3	3	Lumichrome; His-Phe-Pro-Gly-Pro; N-cyclopentyl-3-[2-[2-[2-[2-[2-[2-[2-[2-[2-[2-[2-[2-(2-prop-2-ynoxyethoxy)ethoxy]ethoxy]ethoxy]ethoxy]ethoxy]ethoxy]ethoxy]ethoxy]ethoxy]ethoxy]ethoxy]ethoxy]propanamide	growth_supernatant	False	growth_supernatant	growth_cell rho=0.158 es_fdr=0.467 mx_fdr=0.255; growth_supernatant rho=0.342 es_fdr=0.000 mx_fdr=0.000; color_a_cell rho=0.175 es_fdr=0.511 mx_fdr=0.214; color_a_supernatant rho=0.163 es_fdr=0.989 mx_fdr=0.414; color_C_cell rho=0.123 es_fdr=0.783 mx_fdr=0.372; color_C_supernatant rho=0.154 es_fdr=0.997 mx_fdr=0.502
1646	3	1	lysoDGTS 14:0 M+H	growth_supernatant	False	growth_supernatant	growth_cell rho=0.174 es_fdr=0.448 mx_fdr=0.092; growth_supernatant rho=0.151 es_fdr=0.090 mx_fdr=0.045; color_a_cell rho=0.017 es_fdr=0.919 mx_fdr=0.451; color_a_supernatant rho=0.117 es_fdr=0.989 mx_fdr=0.478; color_C_cell rho=0.018 es_fdr=0.960 mx_fdr=0.473; color_C_supernatant rho=0.113 es_fdr=0.997 mx_fdr=0.502
1672	2	2	Cbz-Gly-D-Pro-Leu-Gly-Pro-OH; 6-amino-2-[4-(methylsulfanyl)-2-[(5-oxopyrrolidin-2-yl)formamido]butanamido]hexanoic acid	growth_supernatant	False	growth_supernatant	growth_cell rho=0.059 es_fdr=0.786 mx_fdr=0.410; growth_supernatant rho=0.156 es_fdr=0.026 mx_fdr=0.038; color_a_cell rho=0.036 es_fdr=0.968 mx_fdr=0.466; color_a_supernatant rho=0.168 es_fdr=0.621 mx_fdr=0.288; color_C_cell rho=0.012 es_fdr=1.000 mx_fdr=0.503; color_C_supernatant rho=0.165 es_fdr=0.997 mx_fdr=0.502
1676	3	2	Spectral Match to Tyr-Leu from NIST14 M+H; Boc-L-gammaalphaGlu-(OMe)-S-Butyryl-L-Cys-Gly-OMe	growth_supernatant	False	growth_supernatant	growth_cell rho=0.169 es_fdr=0.486 mx_fdr=0.231; growth_supernatant rho=0.253 es_fdr=0.053 mx_fdr=0.011; color_a_cell rho=0.106 es_fdr=0.678 mx_fdr=0.345; color_a_supernatant rho=0.045 es_fdr=0.999 mx_fdr=0.499; color_C_cell rho=0.067 es_fdr=0.953 mx_fdr=0.469; color_C_supernatant rho=0.057 es_fdr=0.997 mx_fdr=0.502
1689	22	14	H-DL-Ala-DL-Val-DL-Pro-DL-Phe-OH; PC(14:0/20:4); [M+H]+ C42H77N1O8P1 M+H; dodecyl N-[2-(dodecoxycarbonylamino)ethenyl]carbamate; H-Leu-Ser-Leu-Asp-Val-Ser-OH; (2S)-2-[[2-[3-(cyclopropanecarbonylamino)phenoxy]acetyl]amino]-3-phenylpropanoic acid; Spectral Match to 1,2-Dipalmitoleoyl-sn-glycero-3-phosphocholine from NIST14 M+H; Spectral Match to Ile-Pro-Lys from NIST14 M+2H; NCGC00380334-01_C34H42O1	growth_supernatant	False	growth_supernatant	growth_cell rho=0.113 es_fdr=0.864 mx_fdr=0.463; growth_supernatant rho=0.242 es_fdr=0.078 mx_fdr=0.022; color_a_cell rho=0.137 es_fdr=0.649 mx_fdr=0.407; color_a_supernatant rho=0.205 es_fdr=0.989 mx_fdr=0.399; color_C_cell rho=0.134 es_fdr=0.900 mx_fdr=0.458; color_C_supernatant rho=0.143 es_fdr=0.997 mx_fdr=0.502
1696	4	3	Candidate Valine-C3:0 (delta mass:56.0293) M+H; 3-(1H-indol-3-yl)-2-[[3-phenyl-2-(pyrrolidine-2-carbonylamino)propanoyl]amino]propanoic acid; C52H66O12 (formula only)	growth_supernatant	False	growth_supernatant	growth_cell rho=0.121 es_fdr=0.628 mx_fdr=0.335; growth_supernatant rho=0.219 es_fdr=0.075 mx_fdr=0.011; color_a_cell rho=0.113 es_fdr=0.511 mx_fdr=0.345; color_a_supernatant rho=0.233 es_fdr=0.989 mx_fdr=0.192; color_C_cell rho=0.130 es_fdr=0.760 mx_fdr=0.386; color_C_supernatant rho=0.194 es_fdr=0.997 mx_fdr=0.502
1715	3	1	C48H77N3O6 (formula only)	growth_supernatant	False	growth_supernatant	growth_cell rho=0.080 es_fdr=0.753 mx_fdr=0.369; growth_supernatant rho=0.228 es_fdr=0.034 mx_fdr=0.011; color_a_cell rho=0.097 es_fdr=0.645 mx_fdr=0.342; color_a_supernatant rho=0.062 es_fdr=0.989 mx_fdr=0.497; color_C_cell rho=0.121 es_fdr=0.833 mx_fdr=0.372; color_C_supernatant rho=0.045 es_fdr=0.997 mx_fdr=0.502
1716	2	0		color_a_supernatant	False	color_a_supernatant	growth_cell rho=0.056 es_fdr=0.752 mx_fdr=0.366; growth_supernatant rho=0.004 es_fdr=0.964 mx_fdr=0.483; color_a_cell rho=0.023 es_fdr=0.901 mx_fdr=0.446; color_a_supernatant rho=0.195 es_fdr=0.621 mx_fdr=0.000; color_C_cell rho=0.010 es_fdr=0.986 mx_fdr=0.489; color_C_supernatant rho=0.151 es_fdr=0.997 mx_fdr=0.502
1727	17	10	C32H67N5O (formula only); Z2769205127 [M+H]+; 1-adamantanecarboxylic-acid [CCS=144.474609375] [M+H]+; delta-Opioidreceptorpeptidetrifluoroacetatesalt; Spectral Match to Leu-His from NIST14 M+H; butanoyl-N(Me)Dha-N(Me)Leu-Val-N(Me)Leu-Ala-D-Ala-N(Me)Leu-NHMe; Spectral Match to Ile-Pro-Lys from NIST14 M+2H; 2-(3-hydroxy-4a,8-dimethyl-1,2,3,4,4a,5,6,7-octahydronaphthalen-2-yl)prop-2-enoic acid; 2-(2-	growth_supernatant	False	growth_supernatant	growth_cell rho=0.160 es_fdr=0.701 mx_fdr=0.326; growth_supernatant rho=0.212 es_fdr=0.066 mx_fdr=0.047; color_a_cell rho=0.173 es_fdr=0.692 mx_fdr=0.310; color_a_supernatant rho=0.119 es_fdr=0.989 mx_fdr=0.497; color_C_cell rho=0.135 es_fdr=0.860 mx_fdr=0.444; color_C_supernatant rho=0.127 es_fdr=0.997 mx_fdr=0.502
1730	2	0		growth_supernatant	False	growth_supernatant	growth_cell rho=0.074 es_fdr=0.753 mx_fdr=0.402; growth_supernatant rho=0.175 es_fdr=0.137 mx_fdr=0.040; color_a_cell rho=0.049 es_fdr=0.893 mx_fdr=0.436; color_a_supernatant rho=0.082 es_fdr=0.989 mx_fdr=0.497; color_C_cell rho=0.028 es_fdr=0.995 mx_fdr=0.497; color_C_supernatant rho=0.063 es_fdr=0.997 mx_fdr=0.502
1742	2	1	2-amino-3-[2,3-bis[[(Z)-tridec-9-enoyl]oxy]propoxy-hydroxyphosphoryl]oxypropanoic acid	growth_supernatant	False	growth_supernatant	growth_cell rho=0.169 es_fdr=0.502 mx_fdr=0.192; growth_supernatant rho=0.186 es_fdr=0.053 mx_fdr=0.034; color_a_cell rho=0.020 es_fdr=0.968 mx_fdr=0.503; color_a_supernatant rho=0.080 es_fdr=0.989 mx_fdr=0.497; color_C_cell rho=0.053 es_fdr=0.909 mx_fdr=0.461; color_C_supernatant rho=0.082 es_fdr=0.997 mx_fdr=0.502
1756	18	10	somalimycin; Foresticine; 4-(3,4-dihydroxyphenyl)-7-hydroxy-5-[(2S,3R,4S,5S,6R)-3,4,5-trihydroxy-6-(hydroxymethyl)oxan-2-yl]oxychromen-2-one [M+Na]+; Massbank:ET201705 PRZ_M477 M+H; 4-{7-[(3,5-dihydroxy-4-methoxy-6-methyloxan-2-yl)oxy]-3a,5a,10-trihydroxy-9a,11a-dimethyl-hexadecahydro-1H-cyclopenta[a]phenanthren-1-yl}-2,5-dihydrofuran-2-one; 3,4-dihydroxy-6-{[9-hydroxy-4-(hydroxymethyl)-4,6a,6b,8a	growth_supernatant	False	growth_supernatant	growth_cell rho=0.118 es_fdr=0.794 mx_fdr=0.445; growth_supernatant rho=0.277 es_fdr=0.058 mx_fdr=0.000; color_a_cell rho=0.169 es_fdr=0.536 mx_fdr=0.322; color_a_supernatant rho=0.121 es_fdr=0.989 mx_fdr=0.497; color_C_cell rho=0.142 es_fdr=0.780 mx_fdr=0.428; color_C_supernatant rho=0.119 es_fdr=0.997 mx_fdr=0.502
1757	9	5	dopamine - 30.0 eV M+H; C31H58O15 (formula only); N,N'-Bis[8-(5-amino-1,3,4-oxadiazole-2-yl)-1-(7-hydroxyheptyl)octyl]succinamide; Cycloleonuripeptide E; 1-Stearidonoyl-2-myristoyl-3-stearidonoyl-glycerol	growth_supernatant	False	growth_supernatant	growth_cell rho=0.149 es_fdr=0.641 mx_fdr=0.319; growth_supernatant rho=0.247 es_fdr=0.000 mx_fdr=0.011; color_a_cell rho=0.131 es_fdr=0.778 mx_fdr=0.342; color_a_supernatant rho=0.062 es_fdr=1.000 mx_fdr=0.499; color_C_cell rho=0.139 es_fdr=0.833 mx_fdr=0.403; color_C_supernatant rho=0.073 es_fdr=0.997 mx_fdr=0.502
1768	13	9	[(4E,6Z,8R,9R,10E,12R,13S,14R,16R)-19-anilino-13-hydroxy-8,14-dimethoxy-4,10,12,16-tetramethyl-3,20,22-trioxo-2-azabicyclo[16.3.1]docosa-1(21),4,6,10,18-pentaen-9-yl] carbamate; PC(18:3/0:0); [M+H]+ C26H49N1O7P1 M+H; Taurodeoxycholic acid - 40.0 eV M+H; Spectral Match to Ile-Arg from NIST14 M+H; H-DL-Trp-DL-Met-DL-Asp-DL-Trp-OH; C3H6Cl2NO2 (formula only); 2-[[1-[2-(2-Aminopropanoylamino)-3-methylb	growth_supernatant	False	growth_supernatant	growth_cell rho=0.153 es_fdr=0.684 mx_fdr=0.335; growth_supernatant rho=0.234 es_fdr=0.042 mx_fdr=0.000; color_a_cell rho=0.156 es_fdr=0.603 mx_fdr=0.330; color_a_supernatant rho=0.109 es_fdr=0.989 mx_fdr=0.497; color_C_cell rho=0.142 es_fdr=0.890 mx_fdr=0.415; color_C_supernatant rho=0.107 es_fdr=0.997 mx_fdr=0.502
1772	2	1	Spectral Match to Leu-Leu from NIST14 2M+H	growth_supernatant	False	growth_supernatant	growth_cell rho=0.191 es_fdr=0.288 mx_fdr=0.115; growth_supernatant rho=0.205 es_fdr=0.030 mx_fdr=0.017; color_a_cell rho=0.045 es_fdr=0.908 mx_fdr=0.441; color_a_supernatant rho=0.059 es_fdr=0.989 mx_fdr=0.497; color_C_cell rho=0.020 es_fdr=0.986 mx_fdr=0.498; color_C_supernatant rho=0.041 es_fdr=0.997 mx_fdr=0.502
1783	3	1	Spectral Match to Pro-Pro-Lys from NIST14 M+H	growth_supernatant	False	growth_supernatant	growth_cell rho=0.082 es_fdr=0.826 mx_fdr=0.403; growth_supernatant rho=0.223 es_fdr=0.078 mx_fdr=0.017; color_a_cell rho=0.099 es_fdr=0.743 mx_fdr=0.352; color_a_supernatant rho=0.086 es_fdr=0.989 mx_fdr=0.497; color_C_cell rho=0.050 es_fdr=0.948 mx_fdr=0.488; color_C_supernatant rho=0.079 es_fdr=0.997 mx_fdr=0.502
1791	2	0		growth_supernatant	False	growth_supernatant	growth_cell rho=0.070 es_fdr=0.758 mx_fdr=0.378; growth_supernatant rho=0.187 es_fdr=0.071 mx_fdr=0.036; color_a_cell rho=0.030 es_fdr=0.905 mx_fdr=0.461; color_a_supernatant rho=0.091 es_fdr=0.989 mx_fdr=0.497; color_C_cell rho=0.043 es_fdr=0.957 mx_fdr=0.475; color_C_supernatant rho=0.083 es_fdr=0.997 mx_fdr=0.502
1797	21	13	TRAP-6 [M+H]+; 4-(3,4-dihydroxyphenyl)-7-hydroxy-5-[(2S,3R,4S,5S,6R)-3,4,5-trihydroxy-6-(hydroxymethyl)oxan-2-yl]oxychromen-2-one [M+Na]+; Hippuric acid - 40.0 eV M+H; 2,3-Bis(acetylperoxy)propyl 3,8-diacetyloxyicosanoate; 2-[(2,3,6-tribromo-4,5-dihydroxyphenyl)methyl]-octahydropyrrolo[1,2-a]pyrazine-1,4-dione; Spectral Match to Ile-Pro-Lys from NIST14 M+H; H-Val-Tyr-Gln-Phe-OH; 5,7-Diethyl-9-meth	growth_supernatant	False	growth_supernatant	growth_cell rho=0.142 es_fdr=0.639 mx_fdr=0.376; growth_supernatant rho=0.219 es_fdr=0.026 mx_fdr=0.038; color_a_cell rho=0.104 es_fdr=0.891 mx_fdr=0.480; color_a_supernatant rho=0.149 es_fdr=0.989 mx_fdr=0.497; color_C_cell rho=0.105 es_fdr=0.996 mx_fdr=0.493; color_C_supernatant rho=0.125 es_fdr=0.997 mx_fdr=0.502
1829	13	7	Ac-Lys-Ala-Asp-Ala-Ala-His-Ala-Lys-NH2; C19H37N3O2 (formula only); PE(18:2/18:3); [M+H]+ C41H73N1O8P1 M+H; 2-[(1-{2-[2-amino-3-(4-hydroxyphenyl)propanamido]-3-methylbutanoyl}pyrrolidin-2-yl)formamido]-4-methylpentanoic acid; Cyclo[L-Leu-[(2S,8S)-1,9-dioxo-2-isobutyl-8-amino*-9-hydroxy-3,6-metheno-3,4,5-triaza-4-nonene-1-yl]-L-Leu-L-Leu-[(2S,8S)-1,9-dioxo-2-isobutyl-8-amino*-9-hydroxy-3,6-metheno-3	growth_supernatant	False	growth_supernatant	growth_cell rho=0.149 es_fdr=0.610 mx_fdr=0.346; growth_supernatant rho=0.192 es_fdr=0.037 mx_fdr=0.075; color_a_cell rho=0.248 es_fdr=0.419 mx_fdr=0.144; color_a_supernatant rho=0.162 es_fdr=0.957 mx_fdr=0.460; color_C_cell rho=0.203 es_fdr=0.659 mx_fdr=0.280; color_C_supernatant rho=0.168 es_fdr=0.997 mx_fdr=0.502
1835	13	9	Asn-Leu-Phe-Asp; PEFA - D-mannitol-tetraacetate-3-(acetyloxy)-octadecanoate derivative  M+Na; 23-methyl-6-[4-methyl-5-(methylamino)pentyl]-11-[(methylamino)methyl]-10-azaheptacyclo[19.3.1.0²,¹⁶.0⁴,⁸.0⁴,¹⁶.0⁹,¹⁴.0¹⁸,²³]pentacos-19-ene-1,17-diol; H-Val-Ala-Leu-Thr-Pro-Pro-al; Bisphenol A bis(diphenyl phosphate) M+H; 4-[16-(4-hydroxy-2,6,6-trimethylcyclohex-1-en-1-yl)hexadeca-1,3,5,7,9,11,13,15-octae	growth_supernatant	False	growth_supernatant	growth_cell rho=0.211 es_fdr=0.626 mx_fdr=0.192; growth_supernatant rho=0.260 es_fdr=0.017 mx_fdr=0.000; color_a_cell rho=0.166 es_fdr=0.553 mx_fdr=0.302; color_a_supernatant rho=0.091 es_fdr=0.989 mx_fdr=0.499; color_C_cell rho=0.166 es_fdr=0.780 mx_fdr=0.364; color_C_supernatant rho=0.063 es_fdr=0.997 mx_fdr=0.513
1857	8	4	2-[[2-[(2-Amino-3-carboxypropanoyl)amino]-3-methylbutanoyl]amino]-4-methylpentanoic acid; 18'-amino-19'-(hydroxymethyl)-24'-methyl-24'-(3-{4-[1-(methylamino)propan-2-yl]-1H-pyrrol-2-yl}cyclohexyl)-25'-oxaspiro[cyclopentane-1,4'-hexacyclo[20.3.1.1²,⁶.0¹,¹⁷.0⁸,¹³.0¹⁸,²³]heptacosane]-8',10',12'-trien-15'-yn-11'-ol; (2S)-2-(octadeca-9,12-dienoylamino)pentanedioic acid; Spectral Match to Ile-Pro-Lys fr	growth_supernatant	False	growth_supernatant	growth_cell rho=0.206 es_fdr=0.467 mx_fdr=0.138; growth_supernatant rho=0.247 es_fdr=0.000 mx_fdr=0.011; color_a_cell rho=0.118 es_fdr=0.644 mx_fdr=0.364; color_a_supernatant rho=0.192 es_fdr=0.989 mx_fdr=0.357; color_C_cell rho=0.113 es_fdr=0.860 mx_fdr=0.444; color_C_supernatant rho=0.217 es_fdr=0.997 mx_fdr=0.502
1862	5	2	C14H18Br4N4O6 (formula only); DGTSA(14:0/16:0); [M+H]+ C40H78N1O7 M+H	growth_supernatant	False	growth_supernatant	growth_cell rho=0.079 es_fdr=0.799 mx_fdr=0.402; growth_supernatant rho=0.166 es_fdr=0.049 mx_fdr=0.063; color_a_cell rho=0.165 es_fdr=0.423 mx_fdr=0.216; color_a_supernatant rho=0.049 es_fdr=0.993 mx_fdr=0.499; color_C_cell rho=0.142 es_fdr=0.760 mx_fdr=0.364; color_C_supernatant rho=0.050 es_fdr=0.997 mx_fdr=0.502
1879	3	1	2-aminodocosa-4,8-diene-1,3-diol	growth_supernatant	False	growth_supernatant	growth_cell rho=0.131 es_fdr=0.687 mx_fdr=0.310; growth_supernatant rho=0.184 es_fdr=0.054 mx_fdr=0.045; color_a_cell rho=0.191 es_fdr=0.423 mx_fdr=0.182; color_a_supernatant rho=0.160 es_fdr=0.989 mx_fdr=0.414; color_C_cell rho=0.173 es_fdr=0.682 mx_fdr=0.316; color_C_supernatant rho=0.174 es_fdr=0.997 mx_fdr=0.502
1900	8	4	Polidocanol [M+NH4]+; 1-(1Z-hexadecenyl)-2-tridecanoyl-glycero-3-phospho-(1'-sn-glycerol); Spectral Match to Trp-Phe from NIST14 M+H; C47H72O8 (formula only)	growth_supernatant	False	growth_supernatant	growth_cell rho=0.175 es_fdr=0.580 mx_fdr=0.255; growth_supernatant rho=0.272 es_fdr=0.034 mx_fdr=0.000; color_a_cell rho=0.106 es_fdr=0.828 mx_fdr=0.409; color_a_supernatant rho=0.145 es_fdr=0.989 mx_fdr=0.492; color_C_cell rho=0.148 es_fdr=0.881 mx_fdr=0.386; color_C_supernatant rho=0.131 es_fdr=0.997 mx_fdr=0.502
1905	4	2	N-(10-Aminodecanoyl)-L-Seryl-N-(2-Cyclohexylethyl)-L-Lysinamide; Indolokine A3	growth_supernatant	False	growth_supernatant	growth_cell rho=0.085 es_fdr=0.836 mx_fdr=0.421; growth_supernatant rho=0.193 es_fdr=0.079 mx_fdr=0.036; color_a_cell rho=0.115 es_fdr=0.579 mx_fdr=0.335; color_a_supernatant rho=0.103 es_fdr=0.989 mx_fdr=0.497; color_C_cell rho=0.095 es_fdr=0.860 mx_fdr=0.444; color_C_supernatant rho=0.140 es_fdr=0.997 mx_fdr=0.502
1910	5	3	Candidate Glutamic acid-C18:1 (delta mass:264.2449) M+H; [(2R,3S,4R,5R)-3-hydroxy-2-(hydroxymethyl)-6-phenylmethoxy-5-(2-tetradecanoyloxytetradecanoylamino)oxan-4-yl] tetradecanoate; Anthocyanone A	growth_supernatant	False	growth_supernatant	growth_cell rho=0.122 es_fdr=0.642 mx_fdr=0.354; growth_supernatant rho=0.187 es_fdr=0.090 mx_fdr=0.036; color_a_cell rho=0.128 es_fdr=0.651 mx_fdr=0.331; color_a_supernatant rho=0.084 es_fdr=0.989 mx_fdr=0.497; color_C_cell rho=0.135 es_fdr=0.780 mx_fdr=0.387; color_C_supernatant rho=0.068 es_fdr=0.997 mx_fdr=0.502
1919	4	2	H-Ser-Pro-Ala-Thr-Val-Lys-OH; C40H70O10 (formula only)	growth_supernatant	False	growth_supernatant	growth_cell rho=0.125 es_fdr=0.626 mx_fdr=0.310; growth_supernatant rho=0.251 es_fdr=0.040 mx_fdr=0.000; color_a_cell rho=0.115 es_fdr=0.665 mx_fdr=0.325; color_a_supernatant rho=0.127 es_fdr=0.989 mx_fdr=0.497; color_C_cell rho=0.088 es_fdr=0.874 mx_fdr=0.427; color_C_supernatant rho=0.108 es_fdr=0.997 mx_fdr=0.502
1927	4	4	C30H62O10 (formula only); [(3R,4Z)-3-hydroxy-4-[(3E,5E,7E,9E,11E,15E)-18-[(1S,4S,6R)-4-hydroxy-2,2,6-trimethyl-7-oxabicyclo[4.1.0]heptan-1-yl]-3,7,12,16-tetramethyl-17-oxooctadeca-3,5,7,9,11,15-hexaenylidene]-3,5,5-trimethylcyclohexen-1-yl] acetate; 2-[({[4-({[(4-fluorophenyl)methyl]carbamoyl}methyl)-3-methyl-6-(propan-2-yl)cyclohex-2-en-1-yl]methyl}carbamoyl)methoxy]acetic acid; C54H84O7 (formula	growth_supernatant	False	growth_supernatant	growth_cell rho=0.170 es_fdr=0.467 mx_fdr=0.244; growth_supernatant rho=0.180 es_fdr=0.042 mx_fdr=0.052; color_a_cell rho=0.111 es_fdr=0.679 mx_fdr=0.342; color_a_supernatant rho=0.079 es_fdr=0.989 mx_fdr=0.497; color_C_cell rho=0.134 es_fdr=0.854 mx_fdr=0.372; color_C_supernatant rho=0.040 es_fdr=0.997 mx_fdr=0.513
1929	4	1	But-2-ene-2,3-disulfonamide	growth_supernatant	False	growth_supernatant	growth_cell rho=0.220 es_fdr=0.467 mx_fdr=0.092; growth_supernatant rho=0.209 es_fdr=0.063 mx_fdr=0.011; color_a_cell rho=0.125 es_fdr=0.644 mx_fdr=0.335; color_a_supernatant rho=0.038 es_fdr=0.993 mx_fdr=0.502; color_C_cell rho=0.113 es_fdr=0.833 mx_fdr=0.422; color_C_supernatant rho=0.040 es_fdr=0.997 mx_fdr=0.502
1932	3	2	DIDECANOYL-GLYCEROPHOSPHOCHOLINE M+H; (2R,3R,4R,5R,6S)-2-[[(2R,3S,4S,5R,6R)-6-[1,7-bis(4-hydroxyphenyl)heptan-3-yloxy]-3,4,5-trihydroxyoxan-2-yl]methoxy]-6-methyloxane-3,4,5-triol [M+H]+	growth_supernatant	False	growth_supernatant	growth_cell rho=0.098 es_fdr=0.626 mx_fdr=0.366; growth_supernatant rho=0.177 es_fdr=0.037 mx_fdr=0.040; color_a_cell rho=0.112 es_fdr=0.663 mx_fdr=0.342; color_a_supernatant rho=0.108 es_fdr=0.989 mx_fdr=0.497; color_C_cell rho=0.094 es_fdr=0.833 mx_fdr=0.443; color_C_supernatant rho=0.062 es_fdr=0.997 mx_fdr=0.502
1950	2	0		growth_supernatant	False	growth_supernatant	growth_cell rho=0.000 es_fdr=1.000 mx_fdr=1.000; growth_supernatant rho=0.183 es_fdr=0.085 mx_fdr=0.025; color_a_cell rho=0.000 es_fdr=1.000 mx_fdr=1.000; color_a_supernatant rho=0.064 es_fdr=0.989 mx_fdr=0.497; color_C_cell rho=0.000 es_fdr=1.000 mx_fdr=1.000; color_C_supernatant rho=0.052 es_fdr=0.997 mx_fdr=0.502
1952	3	1	2-[[11-Hydroxy-3-(4-hydroxy-3,5-dimethoxycyclohexyl)-8-oxa-2-oxoniatricyclo[7.3.1.05,13]tridecan-4-yl]oxy]-6-(hydroxymethyl)oxane-3,4,5-triol	growth_supernatant	False	growth_supernatant	growth_cell rho=0.127 es_fdr=0.626 mx_fdr=0.310; growth_supernatant rho=0.164 es_fdr=0.030 mx_fdr=0.065; color_a_cell rho=0.038 es_fdr=0.897 mx_fdr=0.465; color_a_supernatant rho=0.086 es_fdr=0.989 mx_fdr=0.497; color_C_cell rho=0.021 es_fdr=0.986 mx_fdr=0.494; color_C_supernatant rho=0.085 es_fdr=0.997 mx_fdr=0.502
1966	2	0		growth_supernatant	False	growth_supernatant	growth_cell rho=0.035 es_fdr=0.820 mx_fdr=0.405; growth_supernatant rho=0.172 es_fdr=0.030 mx_fdr=0.025; color_a_cell rho=0.108 es_fdr=0.569 mx_fdr=0.292; color_a_supernatant rho=0.074 es_fdr=0.989 mx_fdr=0.497; color_C_cell rho=0.106 es_fdr=0.783 mx_fdr=0.364; color_C_supernatant rho=0.067 es_fdr=0.997 mx_fdr=0.502
1970	3	1	[(2R)-2-[(6E,9E,12E)-octadeca-6,9,12-trienoyl]oxy-3-tetradecanoyloxypropyl] 2-(trimethylazaniumyl)ethyl phosphate	growth_supernatant	False	growth_supernatant	growth_cell rho=0.041 es_fdr=0.890 mx_fdr=0.464; growth_supernatant rho=0.190 es_fdr=0.072 mx_fdr=0.025; color_a_cell rho=0.060 es_fdr=0.895 mx_fdr=0.416; color_a_supernatant rho=0.069 es_fdr=0.993 mx_fdr=0.497; color_C_cell rho=0.055 es_fdr=0.956 mx_fdr=0.461; color_C_supernatant rho=0.040 es_fdr=0.997 mx_fdr=0.507
1975	8	2	Spectral Match to Leu-Phe from NIST14 M+H; (E)-Pseudoxylallemycin F	growth_supernatant	False	growth_supernatant	growth_cell rho=0.159 es_fdr=0.641 mx_fdr=0.263; growth_supernatant rho=0.242 es_fdr=0.017 mx_fdr=0.000; color_a_cell rho=0.102 es_fdr=0.652 mx_fdr=0.433; color_a_supernatant rho=0.073 es_fdr=0.989 mx_fdr=0.497; color_C_cell rho=0.122 es_fdr=0.860 mx_fdr=0.428; color_C_supernatant rho=0.085 es_fdr=0.997 mx_fdr=0.502
1980	3	1	Spectral Match to p-tert-Octylphenol nonaglycol ether from NIST14 M+H	growth_supernatant	False	growth_supernatant	growth_cell rho=0.138 es_fdr=0.467 mx_fdr=0.260; growth_supernatant rho=0.216 es_fdr=0.000 mx_fdr=0.017; color_a_cell rho=0.102 es_fdr=0.729 mx_fdr=0.362; color_a_supernatant rho=0.143 es_fdr=0.989 mx_fdr=0.460; color_C_cell rho=0.066 es_fdr=0.934 mx_fdr=0.479; color_C_supernatant rho=0.097 es_fdr=0.997 mx_fdr=0.502
1984	6	2	C32H66O10 (formula only); Spectral Match to Ile-Pro-Lys from NIST14 M+H	growth_supernatant	False	growth_supernatant	growth_cell rho=0.215 es_fdr=0.346 mx_fdr=0.082; growth_supernatant rho=0.179 es_fdr=0.040 mx_fdr=0.076; color_a_cell rho=0.188 es_fdr=0.423 mx_fdr=0.211; color_a_supernatant rho=0.165 es_fdr=0.989 mx_fdr=0.432; color_C_cell rho=0.185 es_fdr=0.737 mx_fdr=0.316; color_C_supernatant rho=0.167 es_fdr=0.997 mx_fdr=0.502
1987	5	1	1-Propanaminium, N-(carboxymethyl)-N,N-dimethyl-3-[(1-oxooctadecyl)amino]-, inner salt	growth_supernatant	False	growth_supernatant	growth_cell rho=0.111 es_fdr=0.775 mx_fdr=0.369; growth_supernatant rho=0.195 es_fdr=0.090 mx_fdr=0.047; color_a_cell rho=0.081 es_fdr=0.787 mx_fdr=0.430; color_a_supernatant rho=0.070 es_fdr=0.993 mx_fdr=0.497; color_C_cell rho=0.061 es_fdr=0.956 mx_fdr=0.487; color_C_supernatant rho=0.098 es_fdr=0.997 mx_fdr=0.502
1988	2	1	N-Acetyl-leu-leu-leu-leu-tyr-amide	growth_supernatant	False	growth_supernatant	growth_cell rho=0.010 es_fdr=0.960 mx_fdr=0.477; growth_supernatant rho=0.174 es_fdr=0.077 mx_fdr=0.034; color_a_cell rho=0.071 es_fdr=0.665 mx_fdr=0.342; color_a_supernatant rho=0.048 es_fdr=0.989 mx_fdr=0.497; color_C_cell rho=0.047 es_fdr=0.908 mx_fdr=0.445; color_C_supernatant rho=0.068 es_fdr=0.997 mx_fdr=0.502
1999	3	2	2-(2-Amino-3,5-ditritiophenyl)-4,6-ditritioaniline; C23H28O5 (formula only)	growth_supernatant	False	growth_supernatant	growth_cell rho=0.078 es_fdr=0.753 mx_fdr=0.397; growth_supernatant rho=0.174 es_fdr=0.058 mx_fdr=0.045; color_a_cell rho=0.125 es_fdr=0.644 mx_fdr=0.322; color_a_supernatant rho=0.124 es_fdr=0.989 mx_fdr=0.492; color_C_cell rho=0.110 es_fdr=0.874 mx_fdr=0.413; color_C_supernatant rho=0.128 es_fdr=0.997 mx_fdr=0.502
2007	6	6	2-[2-(2-amino-4-methylpentanamido)-3-methylbutanamido]-5-carbamimidamidopentanoic acid; Spectral Match to Ile-Pro-Lys from NIST14 M+2H; 2-[[(3R)-3,5,5-trimethyl-6-[2-(2-methylprop-2-enoyloxy)ethoxycarbonylamino]hexyl]carbamoyloxy]ethyl 2-methylprop-2-enoate; C20H42O4 (formula only); (2R)-2-hydroxy-3-({8-[(2S,3R)-3-octyloxiran-2-yl]octanoyl}oxy)propyl 2-(trimethylazaniumyl)ethyl phosphate; Massbank	color_a_supernatant; growth_supernatant	False	color_a_supernatant; growth_supernatant	growth_cell rho=0.113 es_fdr=0.690 mx_fdr=0.365; growth_supernatant rho=0.179 es_fdr=0.105 mx_fdr=0.047; color_a_cell rho=0.115 es_fdr=0.743 mx_fdr=0.352; color_a_supernatant rho=0.249 es_fdr=0.751 mx_fdr=0.000; color_C_cell rho=0.115 es_fdr=0.939 mx_fdr=0.425; color_C_supernatant rho=0.185 es_fdr=0.997 mx_fdr=0.502
2014	2	0		growth_supernatant	False	growth_supernatant	growth_cell rho=0.071 es_fdr=0.753 mx_fdr=0.402; growth_supernatant rho=0.232 es_fdr=0.037 mx_fdr=0.022; color_a_cell rho=0.100 es_fdr=0.692 mx_fdr=0.345; color_a_supernatant rho=0.095 es_fdr=0.989 mx_fdr=0.497; color_C_cell rho=0.096 es_fdr=0.908 mx_fdr=0.425; color_C_supernatant rho=0.116 es_fdr=0.997 mx_fdr=0.502
2038	4	4	(2S)-5-amino-N-[1-[(4-fluorophenyl)methylamino]-3-methyl-1-oxopentan-2-yl]-2-(1-hydroxyethyl)-6-[[3-(3-methoxypropoxy)-4-methylphenyl]methoxy]hexanamide; tert-butyl N-[3-(1H-indol-3-yl)-1-oxo-1-(4-{[1-(propylcarbamoyl)ethyl]carbamoyl}piperidin-1-yl)propan-2-yl]carbamate; 4,5-bis(acetyloxy)-6-({25-[4-(acetyloxy)-2,6,6-trimethyl-3-oxocyclohex-1-en-1-yl]-2-hydroxy-2,6,10,14,19,23-hexamethylpentacosa-	growth_cell; growth_supernatant	False	growth_cell; growth_supernatant	growth_cell rho=0.211 es_fdr=0.467 mx_fdr=0.000; growth_supernatant rho=0.209 es_fdr=0.030 mx_fdr=0.022; color_a_cell rho=0.123 es_fdr=0.653 mx_fdr=0.331; color_a_supernatant rho=0.109 es_fdr=0.989 mx_fdr=0.497; color_C_cell rho=0.091 es_fdr=0.870 mx_fdr=0.444; color_C_supernatant rho=0.078 es_fdr=0.997 mx_fdr=0.502
2044	8	2	C21H35NO8 (formula only); [6-[[5,7-dihydroxy-2-(4-hydroxycyclohexyl)-3,4,4a,5,6,7,8,8a-octahydro-2H-chromen-1-ium-3-yl]oxy]-3,4,5-trihydroxyoxan-2-yl]methyl acetate	growth_supernatant	False	growth_supernatant	growth_cell rho=0.137 es_fdr=0.793 mx_fdr=0.346; growth_supernatant rho=0.251 es_fdr=0.026 mx_fdr=0.000; color_a_cell rho=0.148 es_fdr=0.426 mx_fdr=0.327; color_a_supernatant rho=0.121 es_fdr=0.989 mx_fdr=0.497; color_C_cell rho=0.135 es_fdr=0.760 mx_fdr=0.413; color_C_supernatant rho=0.110 es_fdr=0.997 mx_fdr=0.502
2052	17	8	cyclo[D-Ala-Leu-Phe-Unk-N(COcBu)Gly]; H-Ser-Gly-Lys(Ac)-Val-Nle-al; Massbank:ET201705 PRZ_M477 M+H; Spectral Match to Ile-Pro-Lys from NIST14 M+2H; Spectral Match to Phe-Pro-Lys from NIST14 M+2H; C23 3a, 7a_4-hydroxybenzaldehyde [CCS=232.69866943359375] [M+H]+; Polidocanol [M+NH4]+; STL303337 [M+H]+	growth_supernatant	False	growth_supernatant	growth_cell rho=0.149 es_fdr=0.648 mx_fdr=0.346; growth_supernatant rho=0.243 es_fdr=0.017 mx_fdr=0.000; color_a_cell rho=0.125 es_fdr=0.645 mx_fdr=0.399; color_a_supernatant rho=0.161 es_fdr=0.993 mx_fdr=0.491; color_C_cell rho=0.130 es_fdr=0.908 mx_fdr=0.446; color_C_supernatant rho=0.095 es_fdr=0.997 mx_fdr=0.502
2079	2	1	Spectral Match to Ile-Pro-Lys from NIST14 M+H	growth_supernatant	False	growth_supernatant	growth_cell rho=0.013 es_fdr=0.946 mx_fdr=0.473; growth_supernatant rho=0.198 es_fdr=0.063 mx_fdr=0.025; color_a_cell rho=0.004 es_fdr=0.992 mx_fdr=0.497; color_a_supernatant rho=0.148 es_fdr=0.989 mx_fdr=0.414; color_C_cell rho=0.035 es_fdr=0.939 mx_fdr=0.460; color_C_supernatant rho=0.114 es_fdr=0.997 mx_fdr=0.502
2100	2	1	SCHEMBL20255818 [M+H]+	growth_supernatant	False	growth_supernatant	growth_cell rho=0.139 es_fdr=0.502 mx_fdr=0.231; growth_supernatant rho=0.229 es_fdr=0.017 mx_fdr=0.000; color_a_cell rho=0.003 es_fdr=0.999 mx_fdr=0.511; color_a_supernatant rho=0.106 es_fdr=0.989 mx_fdr=0.497; color_C_cell rho=0.003 es_fdr=0.997 mx_fdr=0.494; color_C_supernatant rho=0.118 es_fdr=0.997 mx_fdr=0.502
2126	3	2	(2-chloro-1-hydroxyethenyl)phosphonic acid; Tert-butyl 2-[[7,15,23,31-tetratert-butyl-34,35,36-tris[2-[(2-methylpropan-2-yl)oxy]-2-oxoethoxy]-33-pentacyclo[27.3.1.15,9.113,17.121,25]hexatriaconta-1(32),5,7,9(36),13,15,17(35),21(34),22,24,29(33),30-dodecaenyl]oxy]acetate	growth_supernatant	False	growth_supernatant	growth_cell rho=0.034 es_fdr=0.979 mx_fdr=0.492; growth_supernatant rho=0.221 es_fdr=0.037 mx_fdr=0.011; color_a_cell rho=0.133 es_fdr=0.644 mx_fdr=0.322; color_a_supernatant rho=0.022 es_fdr=1.000 mx_fdr=0.501; color_C_cell rho=0.107 es_fdr=0.833 mx_fdr=0.424; color_C_supernatant rho=0.011 es_fdr=0.998 mx_fdr=0.502
2133	5	1	(2S)-1-[(2S)-2-[(2-cyclohexylacetyl)amino]-3,3-dimethylbutanoyl]-N-[(3S)-1-(cyclopropylamino)-2-imino-1-oxohexan-3-yl]-4-methylidenepyrrolidine-2-carboxamide	growth_supernatant	False	growth_supernatant	growth_cell rho=0.119 es_fdr=0.687 mx_fdr=0.346; growth_supernatant rho=0.185 es_fdr=0.063 mx_fdr=0.047; color_a_cell rho=0.129 es_fdr=0.511 mx_fdr=0.331; color_a_supernatant rho=0.084 es_fdr=0.989 mx_fdr=0.497; color_C_cell rho=0.130 es_fdr=0.833 mx_fdr=0.387; color_C_supernatant rho=0.092 es_fdr=0.997 mx_fdr=0.502
2144	8	2	Spectral Match to DL-Phenylalanine from NIST14 M+H; Dihydrotachysterol3	growth_supernatant	False	growth_supernatant	growth_cell rho=0.161 es_fdr=0.610 mx_fdr=0.305; growth_supernatant rho=0.219 es_fdr=0.053 mx_fdr=0.017; color_a_cell rho=0.130 es_fdr=0.811 mx_fdr=0.353; color_a_supernatant rho=0.080 es_fdr=0.993 mx_fdr=0.497; color_C_cell rho=0.109 es_fdr=0.939 mx_fdr=0.454; color_C_supernatant rho=0.082 es_fdr=0.997 mx_fdr=0.502
2196	2	1	Polidocanol [M+NH4]+	growth_supernatant	False	growth_supernatant	growth_cell rho=0.083 es_fdr=0.789 mx_fdr=0.366; growth_supernatant rho=0.228 es_fdr=0.017 mx_fdr=0.000; color_a_cell rho=0.070 es_fdr=0.810 mx_fdr=0.396; color_a_supernatant rho=0.069 es_fdr=0.989 mx_fdr=0.497; color_C_cell rho=0.056 es_fdr=0.958 mx_fdr=0.461; color_C_supernatant rho=0.057 es_fdr=0.997 mx_fdr=0.502
2205	3	2	Spectral Match to Phe-Leu-Lys from NIST14 M+2H; 3-(2H-1,3-benzodioxol-5-yl)-5,7-dihydroxy-4H-chromen-4-one	growth_supernatant	False	growth_supernatant	growth_cell rho=0.039 es_fdr=0.979 mx_fdr=0.494; growth_supernatant rho=0.189 es_fdr=0.060 mx_fdr=0.034; color_a_cell rho=0.050 es_fdr=0.919 mx_fdr=0.466; color_a_supernatant rho=0.143 es_fdr=0.989 mx_fdr=0.432; color_C_cell rho=0.092 es_fdr=0.890 mx_fdr=0.443; color_C_supernatant rho=0.092 es_fdr=0.997 mx_fdr=0.502
2207	3	2	Butylparaben; 6-[(3S,9S,14aR)-9-benzyl-6,6-dimethyl-1,4,7,10-tetraoxo-tetradecahydropyrrolo[1,2-a][,,,]cyclododecan-3-yl]hexanal	growth_supernatant	False	growth_supernatant	growth_cell rho=0.004 es_fdr=1.000 mx_fdr=0.504; growth_supernatant rho=0.205 es_fdr=0.062 mx_fdr=0.029; color_a_cell rho=0.146 es_fdr=0.636 mx_fdr=0.244; color_a_supernatant rho=0.069 es_fdr=0.989 mx_fdr=0.497; color_C_cell rho=0.106 es_fdr=0.908 mx_fdr=0.413; color_C_supernatant rho=0.059 es_fdr=0.997 mx_fdr=0.502
2224	2	2	3-oxohexadecyl acetate; Ethanone, 1-(3-nitro-4-(pentyloxy)phenyl)-(1-(3-nitro-4-(pentyloxy)phenyl)ethylidene)hydrazone	growth_supernatant	False	growth_supernatant	growth_cell rho=0.076 es_fdr=0.752 mx_fdr=0.392; growth_supernatant rho=0.198 es_fdr=0.060 mx_fdr=0.022; color_a_cell rho=0.086 es_fdr=0.746 mx_fdr=0.369; color_a_supernatant rho=0.026 es_fdr=0.993 mx_fdr=0.497; color_C_cell rho=0.053 es_fdr=0.909 mx_fdr=0.460; color_C_supernatant rho=0.071 es_fdr=0.997 mx_fdr=0.502
2234	6	5	1-[(4-methoxyphenyl)methyl]-4-(2-{[4-(pyridin-2-yl)piperazin-1-yl]methyl}-1,3-thiazol-4-yl)piperidin-4-ol; C22H36O (formula only); 2253638-46-7 [M+H]+; 2-[(E)-2-[(E)-2-[(Z)-2-hydroxyethenoxy]ethenoxy]ethenoxy]ethanol; Propanenitrile, 3-[bis[3-(dimethylamino)propyl]amino]-	growth_supernatant	False	growth_supernatant	growth_cell rho=0.192 es_fdr=0.502 mx_fdr=0.217; growth_supernatant rho=0.250 es_fdr=0.026 mx_fdr=0.011; color_a_cell rho=0.148 es_fdr=0.621 mx_fdr=0.312; color_a_supernatant rho=0.101 es_fdr=0.993 mx_fdr=0.497; color_C_cell rho=0.126 es_fdr=0.875 mx_fdr=0.422; color_C_supernatant rho=0.068 es_fdr=0.997 mx_fdr=0.502
2249	6	5	Spectral Match to Phe-Pro from NIST14 M+H; (2R)-N-[(2R,3S)-1-amino-3-methyl-1-oxopentan-2-yl]-5-oxopyrrolidine-2-carboxamide; Spectral Match to 1-Hexadecanoyl-2-(9Z-octadecenoyl)-sn-glycero-3-phosphocholine from NIST14 M+H; Spectral Match to Ile-Val-Lys from NIST14 M+H; Spectral Match to Ile-Pro-Lys from NIST14 M+2H	growth_supernatant	False	growth_supernatant	growth_cell rho=0.158 es_fdr=0.467 mx_fdr=0.255; growth_supernatant rho=0.209 es_fdr=0.040 mx_fdr=0.017; color_a_cell rho=0.102 es_fdr=0.791 mx_fdr=0.395; color_a_supernatant rho=0.106 es_fdr=0.989 mx_fdr=0.497; color_C_cell rho=0.048 es_fdr=0.986 mx_fdr=0.498; color_C_supernatant rho=0.087 es_fdr=0.997 mx_fdr=0.502
2262	5	3	9-[(3R,4S,5R)-3,4-dihydroxy-5-(hydroxymethyl)oxolan-2-yl]-1-methyl-3H-purine-2,6-dione; 13-ethyl-6-ethylidene-12-hydroxy-9-(1-hydroxy-6-oxo-decahydronaphthalen-1-yl)-4-[3-(hydroxymethyl)-5-[(2-hydroxypropyl)amino]phenyl]-8,15-dioxatricyclo[9.6.2.0¹⁴,¹⁸]nonadeca-11(19),12,14(18)-trien-2-yne-7,16-dione; C44H64NO4P (formula only)	growth_supernatant	False	growth_supernatant	growth_cell rho=0.113 es_fdr=0.836 mx_fdr=0.371; growth_supernatant rho=0.324 es_fdr=0.000 mx_fdr=0.000; color_a_cell rho=0.132 es_fdr=0.789 mx_fdr=0.331; color_a_supernatant rho=0.036 es_fdr=1.000 mx_fdr=0.509; color_C_cell rho=0.101 es_fdr=0.949 mx_fdr=0.451; color_C_supernatant rho=0.041 es_fdr=0.997 mx_fdr=0.502
2284	2	1	Led ovm myotropic peptide	growth_supernatant	False	growth_supernatant	growth_cell rho=0.051 es_fdr=0.931 mx_fdr=0.437; growth_supernatant rho=0.177 es_fdr=0.078 mx_fdr=0.036; color_a_cell rho=0.006 es_fdr=1.000 mx_fdr=0.505; color_a_supernatant rho=0.169 es_fdr=0.980 mx_fdr=0.280; color_C_cell rho=0.051 es_fdr=0.958 mx_fdr=0.465; color_C_supernatant rho=0.150 es_fdr=0.997 mx_fdr=0.502
2313	11	5	Spectral Match to Leu-Gly-Leu from NIST14 M+H; C2H3BClNO3 (formula only); Monomethyl karbutilate; C38H55NO5 (formula only); 3-methyl-2-[(pyrrolidin-2-yl)formamido]pentanoic acid	growth_supernatant	False	growth_supernatant	growth_cell rho=0.128 es_fdr=0.598 mx_fdr=0.388; growth_supernatant rho=0.252 es_fdr=0.000 mx_fdr=0.000; color_a_cell rho=0.133 es_fdr=0.719 mx_fdr=0.368; color_a_supernatant rho=0.173 es_fdr=0.989 mx_fdr=0.441; color_C_cell rho=0.133 es_fdr=0.881 mx_fdr=0.434; color_C_supernatant rho=0.158 es_fdr=0.997 mx_fdr=0.502
2315	2	1	(E,2R,3R,4R)-2-[[(2S)-2-[[(2S)-2-[[(2R)-2-[[(2R)-2-[[(2S)-2-[[(2R)-2-[[(2S)-2-[[(2R)-2-aminopropanoyl]amino]propanoyl]-methylamino]propanoyl]amino]propanoyl]amino]propanoyl]-methylamino]-5-hydroxy-4-methylpentanoyl]amino]propanoyl]-methylamino]propanoyl]-methylamino]-3-hydroxy-N-[(2S,3R)-3-hydroxy-1-[methyl(2-oxopropyl)amino]-1-oxobutan-2-yl]-4-methyloct-6-enamide	color_a_cell; growth_supernatant	False	color_a_cell; growth_supernatant	growth_cell rho=0.073 es_fdr=0.715 mx_fdr=0.397; growth_supernatant rho=0.180 es_fdr=0.042 mx_fdr=0.022; color_a_cell rho=0.208 es_fdr=0.001 mx_fdr=0.182; color_a_supernatant rho=0.016 es_fdr=0.993 mx_fdr=0.497; color_C_cell rho=0.186 es_fdr=0.494 mx_fdr=0.280; color_C_supernatant rho=0.025 es_fdr=0.997 mx_fdr=0.502
2319	5	2	H-Ala-Thr-Phe-Tyr-Val-Ala-al; L-alanyl-gamma-D-glutamyl-L-lysyl-D-alanyl-D-alanine	growth_supernatant	False	growth_supernatant	growth_cell rho=0.084 es_fdr=0.862 mx_fdr=0.420; growth_supernatant rho=0.218 es_fdr=0.058 mx_fdr=0.025; color_a_cell rho=0.111 es_fdr=0.809 mx_fdr=0.371; color_a_supernatant rho=0.050 es_fdr=1.000 mx_fdr=0.499; color_C_cell rho=0.132 es_fdr=0.909 mx_fdr=0.383; color_C_supernatant rho=0.035 es_fdr=0.997 mx_fdr=0.502
2320	2	1	Spectral Match to Tyr-Pro-Phe from NIST14 M+H	growth_supernatant	False	growth_supernatant	growth_cell rho=0.070 es_fdr=0.800 mx_fdr=0.384; growth_supernatant rho=0.179 es_fdr=0.065 mx_fdr=0.036; color_a_cell rho=0.108 es_fdr=0.644 mx_fdr=0.325; color_a_supernatant rho=0.057 es_fdr=0.989 mx_fdr=0.497; color_C_cell rho=0.082 es_fdr=0.909 mx_fdr=0.425; color_C_supernatant rho=0.036 es_fdr=0.997 mx_fdr=0.502
2333	4	2	Spectral Match to Leu-Val from NIST14 M+H; N-(4-acetamidobutyl)acetamide	growth_supernatant	False	growth_supernatant	growth_cell rho=0.124 es_fdr=0.666 mx_fdr=0.326; growth_supernatant rho=0.233 es_fdr=0.058 mx_fdr=0.017; color_a_cell rho=0.081 es_fdr=0.819 mx_fdr=0.410; color_a_supernatant rho=0.110 es_fdr=0.989 mx_fdr=0.497; color_C_cell rho=0.049 es_fdr=0.986 mx_fdr=0.494; color_C_supernatant rho=0.097 es_fdr=0.997 mx_fdr=0.502
2343	4	3	Spectral Match to Leu-Phe from NIST14 M+H; 2-[2,2-bis(docosa-1,3,5,7,9,11-hexaenyl)-1,3-dioxol-4-yl]-N,N-dimethylethanamine; Spectral Match to Pro-Phe from NIST14 M+H	growth_supernatant	False	growth_supernatant	growth_cell rho=0.112 es_fdr=0.635 mx_fdr=0.363; growth_supernatant rho=0.231 es_fdr=0.083 mx_fdr=0.000; color_a_cell rho=0.071 es_fdr=0.897 mx_fdr=0.441; color_a_supernatant rho=0.015 es_fdr=1.000 mx_fdr=0.512; color_C_cell rho=0.052 es_fdr=0.986 mx_fdr=0.489; color_C_supernatant rho=0.019 es_fdr=1.000 mx_fdr=0.510
2371	3	1	[2-Acetyloxy-3-[2-(2-decoxyethoxy)ethoxy]propyl] 2-(trimethylazaniumyl)ethyl phosphate	growth_supernatant	False	growth_supernatant	growth_cell rho=0.038 es_fdr=0.933 mx_fdr=0.488; growth_supernatant rho=0.176 es_fdr=0.107 mx_fdr=0.025; color_a_cell rho=0.067 es_fdr=0.848 mx_fdr=0.396; color_a_supernatant rho=0.104 es_fdr=0.989 mx_fdr=0.497; color_C_cell rho=0.077 es_fdr=0.909 mx_fdr=0.438; color_C_supernatant rho=0.134 es_fdr=0.997 mx_fdr=0.502
2390	2	1	2-hydroxy-N-(3-hydroxy-9-methyl-1-{[3,4,5-trihydroxy-6-(hydroxymethyl)oxan-2-yl]oxy}octadeca-4,8,10-trien-2-yl)hexadecanamide	growth_supernatant	False	growth_supernatant	growth_cell rho=0.104 es_fdr=0.683 mx_fdr=0.329; growth_supernatant rho=0.183 es_fdr=0.092 mx_fdr=0.040; color_a_cell rho=0.165 es_fdr=0.423 mx_fdr=0.214; color_a_supernatant rho=0.048 es_fdr=0.989 mx_fdr=0.497; color_C_cell rho=0.138 es_fdr=0.760 mx_fdr=0.364; color_C_supernatant rho=0.024 es_fdr=0.997 mx_fdr=0.502
2406	4	4	Wss2217; H-Pro-Met-Leu-Leu-OH; Spectral Match to Glu-Val-Phe from NIST14 M+H; 10-[(3R)-3,5-dihydroxy-2-oxopentyl]-7,8-dimethylbenzo[g]pteridine-2,4-dione	growth_supernatant	False	growth_supernatant	growth_cell rho=0.206 es_fdr=0.467 mx_fdr=0.115; growth_supernatant rho=0.179 es_fdr=0.065 mx_fdr=0.049; color_a_cell rho=0.086 es_fdr=0.864 mx_fdr=0.409; color_a_supernatant rho=0.103 es_fdr=0.989 mx_fdr=0.497; color_C_cell rho=0.051 es_fdr=1.000 mx_fdr=0.489; color_C_supernatant rho=0.083 es_fdr=0.997 mx_fdr=0.502
2409	5	3	eudesmin [M+NH4]+; H-Gly(Unk)-Cit-Leu-Ile-Phe(4-F)-NH2; Boc-DL-Gly(tBu)-Leu-Ala(cBu)-CONH2	growth_supernatant	False	growth_supernatant	growth_cell rho=0.164 es_fdr=0.626 mx_fdr=0.231; growth_supernatant rho=0.199 es_fdr=0.042 mx_fdr=0.031; color_a_cell rho=0.142 es_fdr=0.463 mx_fdr=0.315; color_a_supernatant rho=0.062 es_fdr=0.993 mx_fdr=0.497; color_C_cell rho=0.092 es_fdr=0.833 mx_fdr=0.461; color_C_supernatant rho=0.052 es_fdr=0.997 mx_fdr=0.502
2449	3	1	Spectral Match to Phe-Tyr from NIST14 M+H	growth_supernatant	False	growth_supernatant	growth_cell rho=0.083 es_fdr=0.758 mx_fdr=0.408; growth_supernatant rho=0.189 es_fdr=0.198 mx_fdr=0.036; color_a_cell rho=0.108 es_fdr=0.652 mx_fdr=0.342; color_a_supernatant rho=0.099 es_fdr=0.989 mx_fdr=0.497; color_C_cell rho=0.120 es_fdr=0.780 mx_fdr=0.399; color_C_supernatant rho=0.058 es_fdr=0.997 mx_fdr=0.502
2459	4	3	Barbituric acid, 5-ethyl-5-vinyl-; C18H41B6NO2Si (formula only); Spectral Match to Ile-Trp from NIST14 M+H	growth_supernatant	False	growth_supernatant	growth_cell rho=0.103 es_fdr=0.706 mx_fdr=0.365; growth_supernatant rho=0.210 es_fdr=0.069 mx_fdr=0.022; color_a_cell rho=0.102 es_fdr=0.644 mx_fdr=0.352; color_a_supernatant rho=0.058 es_fdr=0.993 mx_fdr=0.497; color_C_cell rho=0.081 es_fdr=0.908 mx_fdr=0.460; color_C_supernatant rho=0.052 es_fdr=0.997 mx_fdr=0.502
2472	2	0		growth_supernatant	False	growth_supernatant	growth_cell rho=0.121 es_fdr=0.610 mx_fdr=0.310; growth_supernatant rho=0.144 es_fdr=0.085 mx_fdr=0.049; color_a_cell rho=0.161 es_fdr=0.463 mx_fdr=0.218; color_a_supernatant rho=0.065 es_fdr=0.989 mx_fdr=0.497; color_C_cell rho=0.140 es_fdr=0.785 mx_fdr=0.364; color_C_supernatant rho=0.082 es_fdr=0.997 mx_fdr=0.502
2518	2	2	Spectral Match to p-tert-Octylphenol pentaglycol ether from NIST14 M+Na; Desmethyldestruxin B2	growth_supernatant	False	growth_supernatant	growth_cell rho=0.126 es_fdr=0.610 mx_fdr=0.307; growth_supernatant rho=0.206 es_fdr=0.058 mx_fdr=0.011; color_a_cell rho=0.118 es_fdr=0.606 mx_fdr=0.323; color_a_supernatant rho=0.094 es_fdr=0.989 mx_fdr=0.497; color_C_cell rho=0.077 es_fdr=0.908 mx_fdr=0.443; color_C_supernatant rho=0.069 es_fdr=0.997 mx_fdr=0.502
2544	2	1	Polidocanol [M+NH4]+	growth_supernatant	False	growth_supernatant	growth_cell rho=0.120 es_fdr=0.671 mx_fdr=0.310; growth_supernatant rho=0.274 es_fdr=0.000 mx_fdr=0.000; color_a_cell rho=0.071 es_fdr=0.790 mx_fdr=0.391; color_a_supernatant rho=0.114 es_fdr=0.989 mx_fdr=0.491; color_C_cell rho=0.061 es_fdr=0.939 mx_fdr=0.461; color_C_supernatant rho=0.108 es_fdr=0.997 mx_fdr=0.502
2552	2	2	2-[[(2R)-2-azaniumyl-3-phenylpropanoyl]amino]acetate; 2-Cyanoethane-1-sulfonyl chloride	growth_supernatant	False	growth_supernatant	growth_cell rho=0.139 es_fdr=0.626 mx_fdr=0.255; growth_supernatant rho=0.194 es_fdr=0.026 mx_fdr=0.036; color_a_cell rho=0.149 es_fdr=0.493 mx_fdr=0.222; color_a_supernatant rho=0.057 es_fdr=0.989 mx_fdr=0.497; color_C_cell rho=0.125 es_fdr=0.797 mx_fdr=0.364; color_C_supernatant rho=0.043 es_fdr=0.997 mx_fdr=0.502
2554	4	3	Spectral Match to Ile-Pro-Lys from NIST14 M+2H; Spectral Match to Leu-His from NIST14 M+H	growth_supernatant	False	growth_supernatant	growth_cell rho=0.081 es_fdr=0.757 mx_fdr=0.400; growth_supernatant rho=0.195 es_fdr=0.040 mx_fdr=0.022; color_a_cell rho=0.088 es_fdr=0.743 mx_fdr=0.372; color_a_supernatant rho=0.156 es_fdr=0.989 mx_fdr=0.428; color_C_cell rho=0.035 es_fdr=0.995 mx_fdr=0.494; color_C_supernatant rho=0.145 es_fdr=0.997 mx_fdr=0.502
2556	2	0		growth_supernatant	False	growth_supernatant	growth_cell rho=0.114 es_fdr=0.610 mx_fdr=0.270; growth_supernatant rho=0.163 es_fdr=0.060 mx_fdr=0.042; color_a_cell rho=0.056 es_fdr=0.763 mx_fdr=0.379; color_a_supernatant rho=0.015 es_fdr=1.000 mx_fdr=0.497; color_C_cell rho=0.092 es_fdr=0.833 mx_fdr=0.374; color_C_supernatant rho=0.007 es_fdr=0.997 mx_fdr=0.508
2568	2	1	Candidate Alanine/Sarcosine-C18:2 (delta mass:262.229) M+H	growth_cell; growth_supernatant	False	growth_cell; growth_supernatant	growth_cell rho=0.206 es_fdr=0.000 mx_fdr=0.000; growth_supernatant rho=0.168 es_fdr=0.026 mx_fdr=0.000; color_a_cell rho=0.145 es_fdr=0.461 mx_fdr=0.216; color_a_supernatant rho=0.135 es_fdr=0.989 mx_fdr=0.432; color_C_cell rho=0.130 es_fdr=0.760 mx_fdr=0.327; color_C_supernatant rho=0.131 es_fdr=0.997 mx_fdr=0.502
2572	4	0		growth_supernatant	False	growth_supernatant	growth_cell rho=0.077 es_fdr=0.771 mx_fdr=0.400; growth_supernatant rho=0.189 es_fdr=0.054 mx_fdr=0.040; color_a_cell rho=0.075 es_fdr=0.916 mx_fdr=0.422; color_a_supernatant rho=0.156 es_fdr=0.785 mx_fdr=0.441; color_C_cell rho=0.054 es_fdr=0.986 mx_fdr=0.485; color_C_supernatant rho=0.146 es_fdr=0.997 mx_fdr=0.502
2579	9	4	C5H7Br4NO3 (formula only); H-DL-Tyr-DL-Pro-DL-Leu-Gly-OH; Citreoviridin M+Na; C64H122O17S (formula only)	growth_supernatant	False	growth_supernatant	growth_cell rho=0.172 es_fdr=0.511 mx_fdr=0.255; growth_supernatant rho=0.226 es_fdr=0.037 mx_fdr=0.025; color_a_cell rho=0.166 es_fdr=0.423 mx_fdr=0.271; color_a_supernatant rho=0.135 es_fdr=0.989 mx_fdr=0.497; color_C_cell rho=0.148 es_fdr=0.760 mx_fdr=0.372; color_C_supernatant rho=0.084 es_fdr=0.997 mx_fdr=0.502
2582	3	2	Massbank:ET201705 PRZ_M477 M+H; C76H133N7O7 (formula only)	growth_supernatant	False	growth_supernatant	growth_cell rho=0.064 es_fdr=0.914 mx_fdr=0.460; growth_supernatant rho=0.226 es_fdr=0.042 mx_fdr=0.011; color_a_cell rho=0.117 es_fdr=0.582 mx_fdr=0.323; color_a_supernatant rho=0.050 es_fdr=0.993 mx_fdr=0.497; color_C_cell rho=0.063 es_fdr=0.948 mx_fdr=0.480; color_C_supernatant rho=0.046 es_fdr=0.997 mx_fdr=0.502
2584	16	10	C55H90N6O12 (formula only); Spectral Match to Tyr-Leu-Lys from NIST14 M+2H; Spectral Match to Leu-Phe from NIST14 M+H; C9H19NO (formula only); 3(p-tolyl)propionic-acid_6-heptynoic-acid_L-asparagine [CCS=194.7860870361328] [M+H]+; Asperiamide C; C23H42N6O10 (formula only); C37H60O12 (formula only); C34H71N5O (formula only); Kynurenic acid M+H	growth_supernatant	False	growth_supernatant	growth_cell rho=0.157 es_fdr=0.641 mx_fdr=0.322; growth_supernatant rho=0.221 es_fdr=0.000 mx_fdr=0.031; color_a_cell rho=0.216 es_fdr=0.511 mx_fdr=0.210; color_a_supernatant rho=0.116 es_fdr=0.989 mx_fdr=0.497; color_C_cell rho=0.208 es_fdr=0.780 mx_fdr=0.307; color_C_supernatant rho=0.124 es_fdr=0.997 mx_fdr=0.502
2598	2	2	Polidocanol [M+NH4]+; H-Gly-Asn-Leu-Val-Ser-OH	growth_supernatant	False	growth_supernatant	growth_cell rho=0.112 es_fdr=0.626 mx_fdr=0.324; growth_supernatant rho=0.278 es_fdr=0.000 mx_fdr=0.000; color_a_cell rho=0.127 es_fdr=0.586 mx_fdr=0.286; color_a_supernatant rho=0.069 es_fdr=0.989 mx_fdr=0.497; color_C_cell rho=0.100 es_fdr=0.890 mx_fdr=0.415; color_C_supernatant rho=0.060 es_fdr=0.997 mx_fdr=0.502
2605	2	1	Spectral Match to Cyclic adenosine diphosphate ribose from NIST14 M+H	growth_supernatant	False	growth_supernatant	growth_cell rho=0.090 es_fdr=0.641 mx_fdr=0.366; growth_supernatant rho=0.153 es_fdr=0.034 mx_fdr=0.065; color_a_cell rho=0.060 es_fdr=0.830 mx_fdr=0.417; color_a_supernatant rho=0.043 es_fdr=0.989 mx_fdr=0.497; color_C_cell rho=0.060 es_fdr=0.948 mx_fdr=0.461; color_C_supernatant rho=0.078 es_fdr=0.997 mx_fdr=0.502
2626	2	1	C7H5Br2Cl4NO (formula only)	growth_supernatant	False	growth_supernatant	growth_cell rho=0.059 es_fdr=0.752 mx_fdr=0.366; growth_supernatant rho=0.167 es_fdr=0.080 mx_fdr=0.042; color_a_cell rho=0.060 es_fdr=0.727 mx_fdr=0.368; color_a_supernatant rho=0.169 es_fdr=0.989 mx_fdr=0.288; color_C_cell rho=0.038 es_fdr=0.931 mx_fdr=0.454; color_C_supernatant rho=0.122 es_fdr=0.997 mx_fdr=0.502
2627	4	3	2-Nitroethenesulfonyl chloride; 1-[(1-hydroxy-2-oxoazepan-3-yl)carbamoyl]-1-methylbutan-2-yl 2-{[2-(2-hydroxy-6-methylphenyl)-4,5-dihydro-1,3-oxazol-4-yl]formamido}-6-(N-hydroxyoctadec-2-enamido)hexanoate; Ala Ala Gly Ala	growth_supernatant	False	growth_supernatant	growth_cell rho=0.209 es_fdr=0.511 mx_fdr=0.115; growth_supernatant rho=0.188 es_fdr=0.080 mx_fdr=0.047; color_a_cell rho=0.095 es_fdr=0.729 mx_fdr=0.395; color_a_supernatant rho=0.106 es_fdr=0.989 mx_fdr=0.497; color_C_cell rho=0.128 es_fdr=0.908 mx_fdr=0.403; color_C_supernatant rho=0.061 es_fdr=0.997 mx_fdr=0.502
2634	13	6	Clavatustide C; C43H69N11O3 (formula only); N'-[(3-{4-[2-(1,3-dihydroxycyclohexyl)ethyl]-4',12'-dimethyl-9'-methylidene-5'-oxaspiro[cyclopentane-1,7'-tricyclo[8.2.0.0⁴,⁶]dodecan]-12'-yl}cyclopentyl)methyl]-N-{4-oxatricyclo[7.5.0.0²,⁶]tetradeca-1(9),2,5,7-tetraen-13-yl}guanidine; H-DL-Tyr-DL-Pro-DL-Ala-DL-Leu-OH; Candidate Arginine-C8:0 (delta mass:126.1041) M+H; C41H73NO9 (formula only)	growth_supernatant	False	growth_supernatant	growth_cell rho=0.176 es_fdr=0.608 mx_fdr=0.263; growth_supernatant rho=0.260 es_fdr=0.045 mx_fdr=0.011; color_a_cell rho=0.162 es_fdr=0.511 mx_fdr=0.321; color_a_supernatant rho=0.092 es_fdr=0.989 mx_fdr=0.497; color_C_cell rho=0.161 es_fdr=0.780 mx_fdr=0.374; color_C_supernatant rho=0.113 es_fdr=0.997 mx_fdr=0.502
2636	2	0		growth_supernatant	False	growth_supernatant	growth_cell rho=0.076 es_fdr=0.770 mx_fdr=0.390; growth_supernatant rho=0.192 es_fdr=0.063 mx_fdr=0.031; color_a_cell rho=0.137 es_fdr=0.582 mx_fdr=0.237; color_a_supernatant rho=0.091 es_fdr=0.989 mx_fdr=0.497; color_C_cell rho=0.131 es_fdr=0.833 mx_fdr=0.364; color_C_supernatant rho=0.060 es_fdr=0.997 mx_fdr=0.502
2648	5	2	Boc-DL-Chg-Pro-DL-Nva-Unk-Gly-NHBn; Polidocanol [M+NH4]+	growth_supernatant	False	growth_supernatant	growth_cell rho=0.040 es_fdr=0.996 mx_fdr=0.501; growth_supernatant rho=0.269 es_fdr=0.042 mx_fdr=0.000; color_a_cell rho=0.053 es_fdr=0.895 mx_fdr=0.499; color_a_supernatant rho=0.045 es_fdr=1.000 mx_fdr=0.499; color_C_cell rho=0.067 es_fdr=0.979 mx_fdr=0.479; color_C_supernatant rho=0.054 es_fdr=0.997 mx_fdr=0.502
2709	29	14	4-Hydroxycinnamoyl-glycyl-glycyl-phenylalanyl-leucine; 7-[(4,5-dihydroxy-3-methoxyoxan-2-yl)oxy]-1-(7-hydroxy-6-methylheptan-2-yl)-9a,11a-dimethyl-hexadecahydro-1H-cyclopenta[a]phenanthrene-2,3,3b,4,5-pentol; Spectral Match to Ile-Pro-Ile from NIST14 M+H; xue M+H; H-Ala-Leu-Phe-Gln-OH; 1-(1Z-octadecenyl)-2-eicosanoyl-glycero-3-phosphate; biliverdin CollisionEnergy:102040 M+H; (2S)-2-amino-3-[3-[(Z	growth_supernatant	False	growth_supernatant	growth_cell rho=0.179 es_fdr=0.288 mx_fdr=0.320; growth_supernatant rho=0.227 es_fdr=0.037 mx_fdr=0.040; color_a_cell rho=0.134 es_fdr=0.856 mx_fdr=0.436; color_a_supernatant rho=0.123 es_fdr=0.989 mx_fdr=0.497; color_C_cell rho=0.139 es_fdr=0.919 mx_fdr=0.460; color_C_supernatant rho=0.136 es_fdr=0.997 mx_fdr=0.502
2716	3	1	Spectral Match to Phe-Phe from NIST14 M+H	growth_supernatant	False	growth_supernatant	growth_cell rho=0.129 es_fdr=0.626 mx_fdr=0.231; growth_supernatant rho=0.227 es_fdr=0.030 mx_fdr=0.011; color_a_cell rho=0.111 es_fdr=0.695 mx_fdr=0.323; color_a_supernatant rho=0.125 es_fdr=0.989 mx_fdr=0.491; color_C_cell rho=0.113 es_fdr=0.860 mx_fdr=0.364; color_C_supernatant rho=0.086 es_fdr=0.997 mx_fdr=0.502
2736	2	0		growth_supernatant	False	growth_supernatant	growth_cell rho=0.014 es_fdr=0.951 mx_fdr=0.470; growth_supernatant rho=0.197 es_fdr=0.079 mx_fdr=0.017; color_a_cell rho=0.030 es_fdr=0.867 mx_fdr=0.417; color_a_supernatant rho=0.111 es_fdr=0.989 mx_fdr=0.492; color_C_cell rho=0.000 es_fdr=1.000 mx_fdr=0.502; color_C_supernatant rho=0.103 es_fdr=0.997 mx_fdr=0.502
2743	4	3	4-Amino-5-[[1-[(1-carboxy-2-phenylethyl)amino]-1-oxo-3-phenylpropan-2-yl]amino]-5-oxopentanoic acid; 3-methyl-2-[[2-(methylamino)-1-oxopropyl]amino]-N-[1-oxo-1-(phenylhydrazo)propan-2-yl]butanamide; DGTS/DGTA (32:2) M+H	growth_supernatant	False	growth_supernatant	growth_cell rho=0.063 es_fdr=0.927 mx_fdr=0.457; growth_supernatant rho=0.228 es_fdr=0.000 mx_fdr=0.000; color_a_cell rho=0.116 es_fdr=0.621 mx_fdr=0.331; color_a_supernatant rho=0.063 es_fdr=0.989 mx_fdr=0.497; color_C_cell rho=0.122 es_fdr=0.833 mx_fdr=0.386; color_C_supernatant rho=0.070 es_fdr=0.997 mx_fdr=0.502
2744	11	7	[O-[1-O-[(9Z,12Z,15Z)-1-Oxo-9,12,15-octadecatrienyl]-2-O-(9-oxononanoyl)-L-glycero-3-phospho]choline]anion; 4-[16-(4-hydroxy-2,6,6-trimethylcyclohex-1-en-1-yl)hexadeca-1,3,5,7,9,11,13,15-octaen-1-yl]-3,5,5-trimethylcyclohex-3-en-1-ol; PEFA - D-mannitol-2,3,6-triacetate-3-(acetyloxy)-hexadecanoate  M+Na; (2S)-2-acetamido-N-[(2S)-1-[[(2S)-5-(diaminomethylideneamino)-1-sulfanylpentan-2-yl]amino]-4-me	growth_supernatant	False	growth_supernatant	growth_cell rho=0.158 es_fdr=0.610 mx_fdr=0.307; growth_supernatant rho=0.182 es_fdr=0.000 mx_fdr=0.050; color_a_cell rho=0.219 es_fdr=0.423 mx_fdr=0.182; color_a_supernatant rho=0.154 es_fdr=0.989 mx_fdr=0.478; color_C_cell rho=0.143 es_fdr=0.806 mx_fdr=0.413; color_C_supernatant rho=0.109 es_fdr=0.997 mx_fdr=0.502
2745	7	3	2-({2-[(2-{[3a,3b,6,6,9a-pentamethyl-1-(2,5,6-trihydroxy-6-methylheptan-2-yl)-hexadecahydro-1H-cyclopenta[a]phenanthren-7-yl]oxy}-3,5-dihydroxy-6-(hydroxymethyl)oxan-4-yl)oxy]-4,5-dihydroxy-6-methyloxan-3-yl}oxy)-6-methyloxane-3,4,5-triol; 1-Palmitoylglycerophosphocholine [M]+; Polidocanol [M+NH4]+	growth_supernatant	False	growth_supernatant	growth_cell rho=0.111 es_fdr=0.602 mx_fdr=0.375; growth_supernatant rho=0.269 es_fdr=0.045 mx_fdr=0.000; color_a_cell rho=0.166 es_fdr=0.649 mx_fdr=0.229; color_a_supernatant rho=0.104 es_fdr=0.993 mx_fdr=0.497; color_C_cell rho=0.137 es_fdr=0.860 mx_fdr=0.389; color_C_supernatant rho=0.120 es_fdr=0.997 mx_fdr=0.502
2776	3	0		growth_supernatant	False	growth_supernatant	growth_cell rho=0.090 es_fdr=0.898 mx_fdr=0.400; growth_supernatant rho=0.186 es_fdr=0.085 mx_fdr=0.036; color_a_cell rho=0.112 es_fdr=0.797 mx_fdr=0.331; color_a_supernatant rho=0.100 es_fdr=0.989 mx_fdr=0.497; color_C_cell rho=0.116 es_fdr=0.909 mx_fdr=0.374; color_C_supernatant rho=0.113 es_fdr=0.997 mx_fdr=0.502
2781	2	2	H-D-Ala-D-Phe-D-Phe-D-Leu-D-Leu-NH2; Diethyl 2-((((2-ethoxy-1-(ethoxycarbonyl)-2-oxoethyl)amino)carbonyl)amino)malonate	growth_supernatant	False	growth_supernatant	growth_cell rho=0.046 es_fdr=0.868 mx_fdr=0.447; growth_supernatant rho=0.171 es_fdr=0.042 mx_fdr=0.036; color_a_cell rho=0.054 es_fdr=0.831 mx_fdr=0.434; color_a_supernatant rho=0.053 es_fdr=0.989 mx_fdr=0.497; color_C_cell rho=0.042 es_fdr=0.974 mx_fdr=0.480; color_C_supernatant rho=0.066 es_fdr=0.997 mx_fdr=0.502
2789	2	1	Spectral Match to Ile-Gly-Ile from NIST14 M+H	growth_supernatant	False	growth_supernatant	growth_cell rho=0.192 es_fdr=0.470 mx_fdr=0.108; growth_supernatant rho=0.224 es_fdr=0.040 mx_fdr=0.011; color_a_cell rho=0.100 es_fdr=0.653 mx_fdr=0.325; color_a_supernatant rho=0.065 es_fdr=0.989 mx_fdr=0.497; color_C_cell rho=0.052 es_fdr=0.944 mx_fdr=0.461; color_C_supernatant rho=0.057 es_fdr=0.997 mx_fdr=0.502
2796	2	2	2-[(16,17-dimethoxy-19-oxo-1-aza-11-azoniapentacyclo[10.7.1.02,7.08,20.013,18]icosan-5-yl)oxy]-N-(4-propan-2-ylcyclohexyl)propanamide; C44H65N7O3 (formula only)	growth_supernatant	False	growth_supernatant	growth_cell rho=0.071 es_fdr=0.816 mx_fdr=0.400; growth_supernatant rho=0.178 es_fdr=0.054 mx_fdr=0.042; color_a_cell rho=0.123 es_fdr=0.511 mx_fdr=0.311; color_a_supernatant rho=0.025 es_fdr=0.999 mx_fdr=0.499; color_C_cell rho=0.137 es_fdr=0.682 mx_fdr=0.364; color_C_supernatant rho=0.005 es_fdr=1.000 mx_fdr=0.514
2806	17	12	Carboxymethyl-bis(2-hydroxyethyl)-(2-octadecanoyloxyethyl)azanium; Spectral Match to Ile-Pro-Ile from NIST14 M+H; 2-[4,7,10,13-Tetrakis[2-[(2-methylpropan-2-yl)oxy]-2-oxoethyl]-1,4,7,10,13-pentazacyclopentadec-1-yl]acetic acid; 4,4'-[1,6-Hexanediylbis(formylimino)]bis[2,2,6,6-tetramethyl-1-piperidinyloxy]; H-DL-Arg-DL-Met-DL-Met-OH; Spectral Match to 1-(9Z-Octadecenoyl)-sn-glycero-3-phosphocholine	growth_supernatant	False	growth_supernatant	growth_cell rho=0.276 es_fdr=0.467 mx_fdr=0.082; growth_supernatant rho=0.216 es_fdr=0.034 mx_fdr=0.017; color_a_cell rho=0.200 es_fdr=0.423 mx_fdr=0.216; color_a_supernatant rho=0.151 es_fdr=0.989 mx_fdr=0.497; color_C_cell rho=0.193 es_fdr=0.760 mx_fdr=0.364; color_C_supernatant rho=0.124 es_fdr=0.997 mx_fdr=0.502
2807	2	0		growth_supernatant	False	growth_supernatant	growth_cell rho=0.060 es_fdr=0.769 mx_fdr=0.403; growth_supernatant rho=0.221 es_fdr=0.049 mx_fdr=0.011; color_a_cell rho=0.082 es_fdr=0.663 mx_fdr=0.360; color_a_supernatant rho=0.034 es_fdr=0.989 mx_fdr=0.497; color_C_cell rho=0.062 es_fdr=0.908 mx_fdr=0.459; color_C_supernatant rho=0.048 es_fdr=0.997 mx_fdr=0.502
2823	14	6	[3-[(9Z,12Z)-heptadeca-9,12-dienoyl]oxy-2-hydroxypropyl] 2-(trimethylazaniumyl)ethyl phosphate; zincphyrin iv; DGTSA(18:1/18:1); [M+H]+ C46H86N1O7 M+H; Phenylalanyl-leucyl-arginyl-phenylalanine; gamma-aminobutyrocholic acid (GABA-CA) synthetic M+H; (1-Hexadecanoyloxy-1,3,5-trihydroxypentyl) hexadecanoate	growth_supernatant	False	growth_supernatant	growth_cell rho=0.254 es_fdr=0.467 mx_fdr=0.082; growth_supernatant rho=0.216 es_fdr=0.026 mx_fdr=0.034; color_a_cell rho=0.195 es_fdr=0.423 mx_fdr=0.216; color_a_supernatant rho=0.125 es_fdr=0.989 mx_fdr=0.497; color_C_cell rho=0.200 es_fdr=0.760 mx_fdr=0.280; color_C_supernatant rho=0.106 es_fdr=0.997 mx_fdr=0.502
2850	2	2	H-Ile-Phe-Ala-Glu-Asp-Val-OH; 5-methoxy-1,3,4-thiadiazol-2(3H)-one	growth_supernatant	False	growth_supernatant	growth_cell rho=0.094 es_fdr=0.685 mx_fdr=0.354; growth_supernatant rho=0.157 es_fdr=0.049 mx_fdr=0.061; color_a_cell rho=0.099 es_fdr=0.697 mx_fdr=0.340; color_a_supernatant rho=0.059 es_fdr=0.989 mx_fdr=0.497; color_C_cell rho=0.092 es_fdr=0.900 mx_fdr=0.424; color_C_supernatant rho=0.074 es_fdr=0.997 mx_fdr=0.502
2888	2	1	[O-[1-O-Stearoyl-2-O-(9-oxononanoyl)-L-glycero-3-phospho]choline]anion	growth_supernatant	False	growth_supernatant	growth_cell rho=0.080 es_fdr=0.752 mx_fdr=0.371; growth_supernatant rho=0.169 es_fdr=0.045 mx_fdr=0.029; color_a_cell rho=0.092 es_fdr=0.644 mx_fdr=0.356; color_a_supernatant rho=0.088 es_fdr=0.989 mx_fdr=0.497; color_C_cell rho=0.105 es_fdr=0.860 mx_fdr=0.403; color_C_supernatant rho=0.087 es_fdr=0.997 mx_fdr=0.502
2902	4	2	H-DL-Leu-DL-Ser-DL-Ala-DL-Leu-OH; 5,6-dihydroxy-2,6-bis(3-methylbut-2-en-1-yl)-4-(3-methylbutanoyl)cyclohex-4-ene-1,3-dione	growth_supernatant	False	growth_supernatant	growth_cell rho=0.115 es_fdr=0.626 mx_fdr=0.346; growth_supernatant rho=0.210 es_fdr=0.040 mx_fdr=0.029; color_a_cell rho=0.073 es_fdr=0.916 mx_fdr=0.456; color_a_supernatant rho=0.121 es_fdr=0.989 mx_fdr=0.497; color_C_cell rho=0.061 es_fdr=0.958 mx_fdr=0.485; color_C_supernatant rho=0.126 es_fdr=0.997 mx_fdr=0.502
2912	9	4	Candidate Tryptophan-C18:1 (delta mass:264.2444) M+H; H-Gly-Phe-Leu-Gly-Gly-OH; AKOS033958453 [M+H]+; PC(16:0/22:6); [M+H]+ C46H81N1O8P1 M+H	growth_supernatant	False	growth_supernatant	growth_cell rho=0.093 es_fdr=0.836 mx_fdr=0.410; growth_supernatant rho=0.176 es_fdr=0.030 mx_fdr=0.096; color_a_cell rho=0.098 es_fdr=0.797 mx_fdr=0.396; color_a_supernatant rho=0.104 es_fdr=0.989 mx_fdr=0.497; color_C_cell rho=0.092 es_fdr=0.948 mx_fdr=0.460; color_C_supernatant rho=0.102 es_fdr=0.997 mx_fdr=0.502
2917	3	2	Spectral Match to Leu-His from NIST14 M+H; octadeca-9,17-dienal	growth_supernatant	False	growth_supernatant	growth_cell rho=0.104 es_fdr=0.725 mx_fdr=0.358; growth_supernatant rho=0.191 es_fdr=0.040 mx_fdr=0.031; color_a_cell rho=0.055 es_fdr=0.968 mx_fdr=0.451; color_a_supernatant rho=0.114 es_fdr=0.989 mx_fdr=0.497; color_C_cell rho=0.085 es_fdr=0.956 mx_fdr=0.459; color_C_supernatant rho=0.111 es_fdr=0.997 mx_fdr=0.502
2924	2	2	AC-Ile-tyr-gly-glu-phe-NH2; (2S)-2-[[(2S)-2-acetamido-4-methylpentanoyl]amino]-5-(diaminomethylideneamino)pentanoic acid	growth_supernatant	False	growth_supernatant	growth_cell rho=0.071 es_fdr=0.779 mx_fdr=0.400; growth_supernatant rho=0.223 es_fdr=0.030 mx_fdr=0.000; color_a_cell rho=0.060 es_fdr=0.810 mx_fdr=0.420; color_a_supernatant rho=0.153 es_fdr=0.989 mx_fdr=0.414; color_C_cell rho=0.100 es_fdr=0.854 mx_fdr=0.407; color_C_supernatant rho=0.107 es_fdr=0.997 mx_fdr=0.502
2990	7	5	Spectral Match to Ile-Pro-Lys from NIST14 M+2H; Arginylglutamic acid; (2S,3S)-2-[[(2S)-1-[(2S)-2-[[(2S)-2-amino-3-hydroxypropanoyl]amino]-3-methylbutanoyl]pyrrolidine-2-carbonyl]amino]-3-methylpentanoic acid; 2-Aminoisobutyric Acid - 40.0 eV M+H; H-Phe-Gly-Leu-Gln	growth_supernatant	False	growth_supernatant	growth_cell rho=0.135 es_fdr=0.753 mx_fdr=0.335; growth_supernatant rho=0.229 es_fdr=0.103 mx_fdr=0.034; color_a_cell rho=0.089 es_fdr=0.889 mx_fdr=0.434; color_a_supernatant rho=0.131 es_fdr=0.989 mx_fdr=0.497; color_C_cell rho=0.070 es_fdr=0.986 mx_fdr=0.485; color_C_supernatant rho=0.151 es_fdr=0.997 mx_fdr=0.502
3015	6	4	2,2,3-Trideuterio-3-hexanoyloxy-4-(trimethylazaniumyl)butanoate; 1-(9E,11E,13E,15E-octadecatetraenoyl)-sn-glycero-3-phosphocholine; 3,6,9,12,15-Pentaazaheptadecane-1,17-diol; (S)-2-((S)-2-((S)-2-Amino-4-methylpentanamido)-3-(1H-imidazol-4-yl)Propanamido)-4-methylpentanoic acid	growth_supernatant	False	growth_supernatant	growth_cell rho=0.068 es_fdr=0.871 mx_fdr=0.469; growth_supernatant rho=0.226 es_fdr=0.030 mx_fdr=0.025; color_a_cell rho=0.121 es_fdr=0.644 mx_fdr=0.342; color_a_supernatant rho=0.115 es_fdr=0.989 mx_fdr=0.497; color_C_cell rho=0.110 es_fdr=0.909 mx_fdr=0.438; color_C_supernatant rho=0.101 es_fdr=0.997 mx_fdr=0.502
3016	2	2	PE(16:0/22:6); [M+H]+ C43H75N1O8P1 M+H; Phenylalanine_acetoacetamide (known isomers: 0; isobaric peaks in run: 2) [M+H]+	growth_supernatant	False	growth_supernatant	growth_cell rho=0.183 es_fdr=0.486 mx_fdr=0.155; growth_supernatant rho=0.216 es_fdr=0.034 mx_fdr=0.011; color_a_cell rho=0.104 es_fdr=0.579 mx_fdr=0.331; color_a_supernatant rho=0.036 es_fdr=0.993 mx_fdr=0.497; color_C_cell rho=0.064 es_fdr=0.875 mx_fdr=0.454; color_C_supernatant rho=0.027 es_fdr=0.997 mx_fdr=0.502
3030	2	0		growth_supernatant	False	growth_supernatant	growth_cell rho=0.152 es_fdr=0.626 mx_fdr=0.255; growth_supernatant rho=0.168 es_fdr=0.086 mx_fdr=0.042; color_a_cell rho=0.092 es_fdr=0.645 mx_fdr=0.352; color_a_supernatant rho=0.058 es_fdr=0.989 mx_fdr=0.497; color_C_cell rho=0.045 es_fdr=0.939 mx_fdr=0.471; color_C_supernatant rho=0.074 es_fdr=0.997 mx_fdr=0.502
3033	3	1	Massbank:ET201705 PRZ_M477 M+H	growth_supernatant	False	growth_supernatant	growth_cell rho=0.114 es_fdr=0.738 mx_fdr=0.337; growth_supernatant rho=0.235 es_fdr=0.030 mx_fdr=0.011; color_a_cell rho=0.149 es_fdr=0.561 mx_fdr=0.237; color_a_supernatant rho=0.066 es_fdr=0.989 mx_fdr=0.497; color_C_cell rho=0.148 es_fdr=0.737 mx_fdr=0.364; color_C_supernatant rho=0.049 es_fdr=0.997 mx_fdr=0.502
3037	4	1	C6H6Br3Cl (formula only)	growth_supernatant	False	growth_supernatant	growth_cell rho=0.091 es_fdr=0.671 mx_fdr=0.378; growth_supernatant rho=0.248 es_fdr=0.017 mx_fdr=0.011; color_a_cell rho=0.138 es_fdr=0.560 mx_fdr=0.310; color_a_supernatant rho=0.164 es_fdr=0.989 mx_fdr=0.414; color_C_cell rho=0.138 es_fdr=0.833 mx_fdr=0.364; color_C_supernatant rho=0.163 es_fdr=0.997 mx_fdr=0.502
3040	4	0		growth_supernatant	False	growth_supernatant	growth_cell rho=0.160 es_fdr=0.549 mx_fdr=0.254; growth_supernatant rho=0.180 es_fdr=0.040 mx_fdr=0.047; color_a_cell rho=0.057 es_fdr=0.965 mx_fdr=0.439; color_a_supernatant rho=0.106 es_fdr=0.989 mx_fdr=0.497; color_C_cell rho=0.064 es_fdr=0.948 mx_fdr=0.473; color_C_supernatant rho=0.096 es_fdr=0.997 mx_fdr=0.502
3047	2	1	Z1503489654 [M+H]+	growth_supernatant	False	growth_supernatant	growth_cell rho=0.030 es_fdr=0.965 mx_fdr=0.488; growth_supernatant rho=0.178 es_fdr=0.066 mx_fdr=0.025; color_a_cell rho=0.107 es_fdr=0.737 mx_fdr=0.323; color_a_supernatant rho=0.117 es_fdr=0.989 mx_fdr=0.460; color_C_cell rho=0.106 es_fdr=0.860 mx_fdr=0.403; color_C_supernatant rho=0.091 es_fdr=0.997 mx_fdr=0.502
3068	2	1	Phenylalanine_Phenylpyruvate (known isomers: 0; isobaric peaks in run: 1) [M+H]+	growth_supernatant	False	growth_supernatant	growth_cell rho=0.003 es_fdr=1.000 mx_fdr=0.502; growth_supernatant rho=0.195 es_fdr=0.054 mx_fdr=0.011; color_a_cell rho=0.029 es_fdr=0.866 mx_fdr=0.431; color_a_supernatant rho=0.084 es_fdr=0.989 mx_fdr=0.497; color_C_cell rho=0.043 es_fdr=0.919 mx_fdr=0.460; color_C_supernatant rho=0.096 es_fdr=0.997 mx_fdr=0.502
3125	2	1	DEOXYCYTIDINE [M+H]+	growth_supernatant	False	growth_supernatant	growth_cell rho=0.000 es_fdr=1.000 mx_fdr=1.000; growth_supernatant rho=0.223 es_fdr=0.037 mx_fdr=0.017; color_a_cell rho=0.000 es_fdr=1.000 mx_fdr=1.000; color_a_supernatant rho=0.037 es_fdr=0.993 mx_fdr=0.497; color_C_cell rho=0.000 es_fdr=1.000 mx_fdr=1.000; color_C_supernatant rho=0.038 es_fdr=0.997 mx_fdr=0.502
3131	18	4	Candidate 2-phenethylamine-C18:3 (delta mass:260.2174) M+H; 3-[(4-{4,7,11-trihydroxy-9a,11a-dimethyl-hexadecahydro-1H-cyclopenta[a]phenanthren-1-yl}pentyl)azaniumyl]propane-1-sulfonate; 6-amino-2-{2-[2-(2-amino-3-methylpentanamido)-4-carboxybutanamido]propanamido}hexanoic acid; 2-(2-(Dodecyloxy)-ethoxy)-ethylamine	growth_supernatant	False	growth_supernatant	growth_cell rho=0.188 es_fdr=0.626 mx_fdr=0.255; growth_supernatant rho=0.224 es_fdr=0.045 mx_fdr=0.038; color_a_cell rho=0.129 es_fdr=0.768 mx_fdr=0.400; color_a_supernatant rho=0.147 es_fdr=0.989 mx_fdr=0.497; color_C_cell rho=0.151 es_fdr=0.931 mx_fdr=0.415; color_C_supernatant rho=0.149 es_fdr=0.997 mx_fdr=0.502
3133	2	2	Spectral Match to Ile-Ile-Lys from NIST14 M+H; Methyl 5-amino-1H-1,2,4-triazole-3-carboxylate	growth_supernatant	False	growth_supernatant	growth_cell rho=0.082 es_fdr=0.671 mx_fdr=0.366; growth_supernatant rho=0.166 es_fdr=0.137 mx_fdr=0.049; color_a_cell rho=0.145 es_fdr=0.582 mx_fdr=0.227; color_a_supernatant rho=0.033 es_fdr=0.993 mx_fdr=0.497; color_C_cell rho=0.133 es_fdr=0.833 mx_fdr=0.364; color_C_supernatant rho=0.033 es_fdr=0.997 mx_fdr=0.502
3135	35	22	Combreglucoside; Spectral Match to Tyr-Pro-Phe from NIST14 M+H; (4S)-4-[[(3R)-3-hydroxytetradecanoyl]amino]-5-[(3R)-3-tetradecanoyloxytetradecanoyl]oxypentanoic acid; 2-[[2-[(2-Amino-4-methylpentanoyl)amino]-3-methylbutanoyl]amino]-3-methylpentanamide; Ac-Ser-Leu-Asn-Phe-OH; 2-[[(2S)-2-acetamido-4-phenylbutanoyl]amino]-4-methyl-N-[(2S)-1-[[4-methyl-1-(1-methylcyclopropyl)-1-oxopentan-2-yl]amino]-1	growth_supernatant	False	growth_supernatant	growth_cell rho=0.171 es_fdr=0.683 mx_fdr=0.335; growth_supernatant rho=0.250 es_fdr=0.030 mx_fdr=0.017; color_a_cell rho=0.151 es_fdr=0.743 mx_fdr=0.370; color_a_supernatant rho=0.281 es_fdr=0.989 mx_fdr=0.115; color_C_cell rho=0.184 es_fdr=0.862 mx_fdr=0.364; color_C_supernatant rho=0.237 es_fdr=0.997 mx_fdr=0.502
3145	27	15	C62H111N3O13 (formula only); Spectral Match to Leu-Gly-Leu from NIST14 M+H; H-DL-Ala-DL-Leu-DL-Pro-DL-Phe-OH; Cyclo(Phe-Leu); 8-(4-tert-butylphenyl)-N-[4-(trifluoromethyl)phenyl]-5,6-dihydroindolizine-7-carboxamide; 2-hydroxy-3-{[3,4,5-trihydroxy-6-(hydroxymethyl)oxan-2-yl]oxy}propyl octadeca-9,11-dienoate; 3-hydroxyhexadecanoyl GABA [M+H]+ [M+H]+; Spectral Match to 1-(9Z-Octadecenoyl)-sn-glycero-	growth_supernatant	False	growth_supernatant	growth_cell rho=0.195 es_fdr=0.916 mx_fdr=0.263; growth_supernatant rho=0.254 es_fdr=0.042 mx_fdr=0.011; color_a_cell rho=0.178 es_fdr=0.582 mx_fdr=0.310; color_a_supernatant rho=0.208 es_fdr=0.741 mx_fdr=0.392; color_C_cell rho=0.146 es_fdr=0.854 mx_fdr=0.444; color_C_supernatant rho=0.161 es_fdr=0.997 mx_fdr=0.502
3162	4	2	Spectral Match to Leu-Phe from NIST14 M+H; cyclo-(Leu-Leu) M+H	growth_supernatant	False	growth_supernatant	growth_cell rho=0.156 es_fdr=0.467 mx_fdr=0.255; growth_supernatant rho=0.212 es_fdr=0.112 mx_fdr=0.029; color_a_cell rho=0.170 es_fdr=0.423 mx_fdr=0.218; color_a_supernatant rho=0.056 es_fdr=0.999 mx_fdr=0.497; color_C_cell rho=0.149 es_fdr=0.760 mx_fdr=0.364; color_C_supernatant rho=0.030 es_fdr=0.997 mx_fdr=0.502
3164	2	0		growth_supernatant	False	growth_supernatant	growth_cell rho=0.050 es_fdr=0.761 mx_fdr=0.382; growth_supernatant rho=0.201 es_fdr=0.063 mx_fdr=0.025; color_a_cell rho=0.030 es_fdr=0.868 mx_fdr=0.426; color_a_supernatant rho=0.072 es_fdr=0.989 mx_fdr=0.497; color_C_cell rho=0.028 es_fdr=0.948 mx_fdr=0.476; color_C_supernatant rho=0.075 es_fdr=0.997 mx_fdr=0.502
3172	3	1	C22H44O6 (formula only)	growth_supernatant	False	growth_supernatant	growth_cell rho=0.136 es_fdr=0.626 mx_fdr=0.255; growth_supernatant rho=0.195 es_fdr=0.026 mx_fdr=0.022; color_a_cell rho=0.121 es_fdr=0.560 mx_fdr=0.312; color_a_supernatant rho=0.077 es_fdr=0.989 mx_fdr=0.497; color_C_cell rho=0.097 es_fdr=0.780 mx_fdr=0.424; color_C_supernatant rho=0.092 es_fdr=0.997 mx_fdr=0.502
3190	7	4	Spectral Match to Glu-Val-Phe from NIST14 M+H; Urea, 1-acetyl-3-(2,2-dichloroethyl)-; Massbank:ET201705 PRZ_M477 M+H; (2R)-2-ethyldecanoate	growth_supernatant	False	growth_supernatant	growth_cell rho=0.104 es_fdr=0.964 mx_fdr=0.402; growth_supernatant rho=0.264 es_fdr=0.034 mx_fdr=0.017; color_a_cell rho=0.142 es_fdr=0.569 mx_fdr=0.330; color_a_supernatant rho=0.139 es_fdr=0.989 mx_fdr=0.497; color_C_cell rho=0.144 es_fdr=0.854 mx_fdr=0.386; color_C_supernatant rho=0.130 es_fdr=0.997 mx_fdr=0.502
3196	8	4	(2S)-2-[[(2S)-2-[3-[2-(2-aminoethoxy)ethoxy]propanoylamino]-3-methylbutanoyl]amino]propanoic acid; Be 18257B; Spectral Match to Ile-Pro-Lys from NIST14 M+2H; N-pentadecanoyl-15-methylhexadecasphinganine	growth_supernatant	False	growth_supernatant	growth_cell rho=0.156 es_fdr=0.517 mx_fdr=0.263; growth_supernatant rho=0.236 es_fdr=0.122 mx_fdr=0.017; color_a_cell rho=0.124 es_fdr=0.560 mx_fdr=0.331; color_a_supernatant rho=0.108 es_fdr=0.989 mx_fdr=0.497; color_C_cell rho=0.123 es_fdr=0.737 mx_fdr=0.415; color_C_supernatant rho=0.082 es_fdr=0.997 mx_fdr=0.502
3197	3	1	[(5S)-5-[[(2S)-2-[[(2S)-2-[[(2S)-2-amino-4-carboxybutanoyl]amino]-3-hydroxypropanoyl]amino]-3-methylbutanoyl]amino]-6-[[(1S,2S)-1-carboxy-2-methylbutyl]amino]-6-oxohexyl]azanium	growth_supernatant	False	growth_supernatant	growth_cell rho=0.102 es_fdr=0.776 mx_fdr=0.366; growth_supernatant rho=0.163 es_fdr=0.040 mx_fdr=0.065; color_a_cell rho=0.094 es_fdr=0.696 mx_fdr=0.372; color_a_supernatant rho=0.132 es_fdr=0.989 mx_fdr=0.460; color_C_cell rho=0.075 es_fdr=0.897 mx_fdr=0.460; color_C_supernatant rho=0.140 es_fdr=0.997 mx_fdr=0.502
3207	3	2	shandong university M+H; Acedoben	growth_supernatant	False	growth_supernatant	growth_cell rho=0.126 es_fdr=0.678 mx_fdr=0.326; growth_supernatant rho=0.213 es_fdr=0.026 mx_fdr=0.022; color_a_cell rho=0.101 es_fdr=0.665 mx_fdr=0.358; color_a_supernatant rho=0.074 es_fdr=0.989 mx_fdr=0.497; color_C_cell rho=0.103 es_fdr=0.854 mx_fdr=0.432; color_C_supernatant rho=0.086 es_fdr=0.997 mx_fdr=0.502
3211	3	2	17-hydroxy-14-oxo-4-(prop-2-en-1-yl)-12-oxa-4-azapentacyclo[9.6.1.0¹,¹³.0⁵,¹⁷.0⁷,¹⁸]octadeca-7,9,11(18)-trien-10-yl hexadecanoate; Polidocanol [M+NH4]+	growth_supernatant	False	growth_supernatant	growth_cell rho=0.109 es_fdr=0.701 mx_fdr=0.365; growth_supernatant rho=0.186 es_fdr=0.173 mx_fdr=0.042; color_a_cell rho=0.084 es_fdr=0.663 mx_fdr=0.391; color_a_supernatant rho=0.102 es_fdr=0.989 mx_fdr=0.497; color_C_cell rho=0.089 es_fdr=0.860 mx_fdr=0.444; color_C_supernatant rho=0.119 es_fdr=0.997 mx_fdr=0.502
3214	10	6	Spectral Match to Glu-Val-Phe from NIST14 M+H; C8H17Br4N3O4 (formula only); 13-(beta-D-glucosyloxy)docosanoic acid; 22-[bis[(2S,5S)-5-(hydroxymethyl)-1-methyl-3-oxo-2-propan-2-yl-2,4,5,6-tetrahydro-1,4-benzodiazocin-8-yl]amino]-22-oxodocosanoic acid; H-Asn-Pro-Phe-Glu-Val-Phe-Leu-OH	growth_supernatant	False	growth_supernatant	growth_cell rho=0.139 es_fdr=0.826 mx_fdr=0.346; growth_supernatant rho=0.208 es_fdr=0.054 mx_fdr=0.040; color_a_cell rho=0.133 es_fdr=0.663 mx_fdr=0.342; color_a_supernatant rho=0.103 es_fdr=0.989 mx_fdr=0.497; color_C_cell rho=0.185 es_fdr=0.833 mx_fdr=0.316; color_C_supernatant rho=0.090 es_fdr=0.997 mx_fdr=0.502
3228	2	0		growth_supernatant	False	growth_supernatant	growth_cell rho=0.056 es_fdr=0.752 mx_fdr=0.366; growth_supernatant rho=0.203 es_fdr=0.056 mx_fdr=0.022; color_a_cell rho=0.106 es_fdr=0.569 mx_fdr=0.286; color_a_supernatant rho=0.086 es_fdr=0.989 mx_fdr=0.497; color_C_cell rho=0.093 es_fdr=0.824 mx_fdr=0.372; color_C_supernatant rho=0.075 es_fdr=0.997 mx_fdr=0.502
3240	5	4	Massbank:ET201705 PRZ_M477 M+H; H-DL-Val-DL-Val-DL-Tyr-DL-Pro-DL-Asp-OH; L-Alanine, L-valyl-L-leucyl-L-prolyl-L-alanyl-L-leucyl-L-prolyl-; Spectral Match to Ile-Pro-Lys from NIST14 M+2H	growth_supernatant	False	growth_supernatant	growth_cell rho=0.105 es_fdr=0.712 mx_fdr=0.366; growth_supernatant rho=0.197 es_fdr=0.040 mx_fdr=0.036; color_a_cell rho=0.088 es_fdr=0.828 mx_fdr=0.416; color_a_supernatant rho=0.102 es_fdr=0.989 mx_fdr=0.497; color_C_cell rho=0.066 es_fdr=0.974 mx_fdr=0.487; color_C_supernatant rho=0.113 es_fdr=0.997 mx_fdr=0.502
3249	22	10	Spectral Match to Ile-Val-Lys from NIST14 M+H; 2-Oxo-heneicosanoic acid; H-DL-Asp-DL-Leu-DL-Leu-DL-Val-OH; 2,6-Dimethyl-2,3,5,6-tetrabromo-4-heptanone; Spectral Match to Ile-Ile-Lys from NIST14 M+H; [2-hydroxy-3-[(3Z,6Z,9Z,12Z,15Z)-octadeca-3,6,9,12,15-pentaenoxy]propyl] 2-(trimethylazaniumyl)ethyl phosphate; Massbank:ET201705 PRZ_M477 M+H; C16H20BBr4N3O4 (formula only); Spectral Match to Ile-Pro-	growth_supernatant	False	growth_supernatant	growth_cell rho=0.172 es_fdr=0.448 mx_fdr=0.319; growth_supernatant rho=0.232 es_fdr=0.066 mx_fdr=0.038; color_a_cell rho=0.110 es_fdr=0.852 mx_fdr=0.467; color_a_supernatant rho=0.204 es_fdr=0.989 mx_fdr=0.368; color_C_cell rho=0.130 es_fdr=0.995 mx_fdr=0.460; color_C_supernatant rho=0.169 es_fdr=0.997 mx_fdr=0.502
3270	6	4	Spectral Match to Ile-Leu from NIST14 M+H; 3,5,7,15-tetraacetoxy-2-hydroxy-8-tigloyloxy-9,14-dioxojatropha-6(17),11E-diene M+Na; Candidate Valine-C3:0 (delta mass:56.0293) M+H; AP1 Metabolite	growth_supernatant	False	growth_supernatant	growth_cell rho=0.166 es_fdr=0.687 mx_fdr=0.255; growth_supernatant rho=0.215 es_fdr=0.030 mx_fdr=0.017; color_a_cell rho=0.121 es_fdr=0.868 mx_fdr=0.365; color_a_supernatant rho=0.067 es_fdr=0.989 mx_fdr=0.497; color_C_cell rho=0.096 es_fdr=0.956 mx_fdr=0.466; color_C_supernatant rho=0.065 es_fdr=0.997 mx_fdr=0.502
3281	3	1	C50H76O5 (formula only)	growth_supernatant	False	growth_supernatant	growth_cell rho=0.108 es_fdr=0.641 mx_fdr=0.354; growth_supernatant rho=0.182 es_fdr=0.017 mx_fdr=0.031; color_a_cell rho=0.068 es_fdr=0.913 mx_fdr=0.434; color_a_supernatant rho=0.130 es_fdr=0.989 mx_fdr=0.441; color_C_cell rho=0.062 es_fdr=0.986 mx_fdr=0.469; color_C_supernatant rho=0.071 es_fdr=0.997 mx_fdr=0.502
3323	6	4	Spectral Match to Phe-Trp from NIST14 M+H; Massbank:ET201705 PRZ_M477 M+H; N-[2-[(6bS,7'aR,11aS)-3',6',10,11b-tetramethyl-3-oxospiro[1,2,4,6,6a,6b,7,8,11,11a-decahydrobenzo[a]fluorene-9,2'-3,3a,5,6,7,7a-hexahydrofuro[3,2-b]pyridine]-4'-yl]ethyl]-6-(3-phenylpropanoylamino)hexanamide	growth_supernatant	False	growth_supernatant	growth_cell rho=0.115 es_fdr=0.729 mx_fdr=0.366; growth_supernatant rho=0.201 es_fdr=0.034 mx_fdr=0.040; color_a_cell rho=0.127 es_fdr=0.675 mx_fdr=0.335; color_a_supernatant rho=0.157 es_fdr=0.989 mx_fdr=0.452; color_C_cell rho=0.095 es_fdr=0.908 mx_fdr=0.460; color_C_supernatant rho=0.159 es_fdr=0.997 mx_fdr=0.502
3335	12	6	2-[[1-[2-(2-Aminopropanoylamino)-3-methylbutanoyl]pyrrolidine-2-carbonyl]amino]-3-methylpentanoic acid; [(2R)-2,3-di(hexadec-9-enoyloxy)propyl] 2-(trimethylazaniumyl)ethyl phosphate; (2S,3R,4R,5S)-3-ethenoxy-6-(hydroxymethyl)oxane-2,4,5-triol; PC(18:3/0:0); [M+H]+ C26H49N1O7P1 M+H; Cj-15,208; tert-butyl N-[2-cyclopentyl-2-(2,6-dimethylheptan-4-ylamino)ethyl]carbamate	growth_supernatant	False	growth_supernatant	growth_cell rho=0.139 es_fdr=0.641 mx_fdr=0.355; growth_supernatant rho=0.210 es_fdr=0.000 mx_fdr=0.040; color_a_cell rho=0.122 es_fdr=0.818 mx_fdr=0.391; color_a_supernatant rho=0.097 es_fdr=0.989 mx_fdr=0.497; color_C_cell rho=0.104 es_fdr=0.996 mx_fdr=0.465; color_C_supernatant rho=0.130 es_fdr=0.997 mx_fdr=0.502
3336	2	1	Candidate Arginine-C14:0 (delta mass:210.1974) M+H	color_C_cell	False	color_C_cell	growth_cell rho=0.132 es_fdr=0.635 mx_fdr=0.294; growth_supernatant rho=0.028 es_fdr=0.781 mx_fdr=0.382; color_a_cell rho=0.157 es_fdr=0.561 mx_fdr=0.218; color_a_supernatant rho=0.051 es_fdr=0.989 mx_fdr=0.497; color_C_cell rho=0.232 es_fdr=0.577 mx_fdr=0.000; color_C_supernatant rho=0.039 es_fdr=0.997 mx_fdr=0.502
3339	6	4	DGTS/DGTA 28:1 M+H; C3H5Br3O3 (formula only); N-(1-{[4-(aminomethyl)phenyl]sulfonyl}piperidin-4-yl)-5-cyclopropyl-1,2-oxazole-3-carboxamide; [(2S)-3-[(2R)-2-amino-3-oxopropyl]sulfanyl-2-hexadecanoyloxypropyl] hexadecanoate	growth_supernatant	False	growth_supernatant	growth_cell rho=0.222 es_fdr=0.467 mx_fdr=0.092; growth_supernatant rho=0.193 es_fdr=0.034 mx_fdr=0.036; color_a_cell rho=0.159 es_fdr=0.507 mx_fdr=0.275; color_a_supernatant rho=0.119 es_fdr=0.989 mx_fdr=0.497; color_C_cell rho=0.151 es_fdr=0.760 mx_fdr=0.364; color_C_supernatant rho=0.119 es_fdr=0.997 mx_fdr=0.502
3349	2	1	H-Thr-Ala-Val-Val-Thr-Asn-OH	growth_supernatant	False	growth_supernatant	growth_cell rho=0.128 es_fdr=0.511 mx_fdr=0.231; growth_supernatant rho=0.218 es_fdr=0.066 mx_fdr=0.031; color_a_cell rho=0.128 es_fdr=0.511 mx_fdr=0.234; color_a_supernatant rho=0.136 es_fdr=0.989 mx_fdr=0.441; color_C_cell rho=0.101 es_fdr=0.783 mx_fdr=0.364; color_C_supernatant rho=0.095 es_fdr=0.997 mx_fdr=0.502
3373	2	2	6-amino-2-[2-(2-amino-3-phenylpropanamido)-3-carbamoylpropanamido]hexanoic acid; H-DL-Asp-DL-Leu-DL-Phe-DL-Val-OH	growth_supernatant	False	growth_supernatant	growth_cell rho=0.104 es_fdr=0.626 mx_fdr=0.327; growth_supernatant rho=0.183 es_fdr=0.075 mx_fdr=0.029; color_a_cell rho=0.026 es_fdr=0.942 mx_fdr=0.484; color_a_supernatant rho=0.096 es_fdr=0.989 mx_fdr=0.497; color_C_cell rho=0.010 es_fdr=0.997 mx_fdr=0.512; color_C_supernatant rho=0.083 es_fdr=0.997 mx_fdr=0.502
3374	3	0		growth_supernatant	False	growth_supernatant	growth_cell rho=0.094 es_fdr=0.753 mx_fdr=0.362; growth_supernatant rho=0.233 es_fdr=0.017 mx_fdr=0.017; color_a_cell rho=0.054 es_fdr=0.895 mx_fdr=0.461; color_a_supernatant rho=0.074 es_fdr=0.989 mx_fdr=0.497; color_C_cell rho=0.043 es_fdr=0.979 mx_fdr=0.488; color_C_supernatant rho=0.067 es_fdr=0.997 mx_fdr=0.502
3381	3	1	(2-aminoethoxy)[2,3-bis(octadeca-6,9,12,15-tetraenoyloxy)propoxy]phosphinic acid	growth_supernatant	False	growth_supernatant	growth_cell rho=0.033 es_fdr=0.979 mx_fdr=0.463; growth_supernatant rho=0.188 es_fdr=0.072 mx_fdr=0.036; color_a_cell rho=0.093 es_fdr=0.717 mx_fdr=0.345; color_a_supernatant rho=0.134 es_fdr=0.989 mx_fdr=0.457; color_C_cell rho=0.080 es_fdr=0.909 mx_fdr=0.439; color_C_supernatant rho=0.139 es_fdr=0.997 mx_fdr=0.502
3416	9	5	3,6,9,12,15,18-Hexaoxanonacosan-1-ol; Spectral Match to 1,2-Di-(9Z,12Z,15Z-octadecatrienoyl)-sn-glycero-3-phosphocholine from NIST14 M+H; Phosphoric acid [2-(5-oxopentanoyloxy)-3-(palmitoyloxy)propyl](2-aminoethyl) ester; C28H50N4O5S (formula only); Spectral Match to 1-Hexadecanoyl-2-(9Z-octadecenoyl)-sn-glycero-3-phosphocholine from NIST14 M+Na	growth_supernatant	False	growth_supernatant	growth_cell rho=0.154 es_fdr=0.631 mx_fdr=0.319; growth_supernatant rho=0.209 es_fdr=0.063 mx_fdr=0.029; color_a_cell rho=0.187 es_fdr=0.423 mx_fdr=0.216; color_a_supernatant rho=0.125 es_fdr=0.989 mx_fdr=0.497; color_C_cell rho=0.162 es_fdr=0.682 mx_fdr=0.364; color_C_supernatant rho=0.168 es_fdr=0.997 mx_fdr=0.502
3426	3	1	2-[2-[2-[2-[2-[2-[2-(Dodecylamino)ethoxy]ethoxy]ethoxy]ethoxy]ethoxy]ethoxy]ethanol	growth_supernatant	False	growth_supernatant	growth_cell rho=0.061 es_fdr=0.795 mx_fdr=0.406; growth_supernatant rho=0.199 es_fdr=0.049 mx_fdr=0.036; color_a_cell rho=0.030 es_fdr=0.925 mx_fdr=0.483; color_a_supernatant rho=0.051 es_fdr=0.998 mx_fdr=0.498; color_C_cell rho=0.098 es_fdr=0.875 mx_fdr=0.413; color_C_supernatant rho=0.056 es_fdr=0.997 mx_fdr=0.502
3432	5	3	Spectral Match to 1-(9Z-Octadecenoyl)-sn-glycero-3-phosphoethanolamine from NIST14 M+H; 6-[6-benzyl-9-(butan-2-yl)-1,4,7,10-tetraoxo-tetradecahydro-1H-pyrido[1,2-a]1,4,7,10-tetraazacyclododecan-3-yl]hexanoic acid; Spectral Match to Pro-Leu from NIST14 M+H	growth_supernatant	False	growth_supernatant	growth_cell rho=0.109 es_fdr=0.626 mx_fdr=0.371; growth_supernatant rho=0.196 es_fdr=0.053 mx_fdr=0.029; color_a_cell rho=0.234 es_fdr=0.385 mx_fdr=0.144; color_a_supernatant rho=0.078 es_fdr=0.993 mx_fdr=0.497; color_C_cell rho=0.195 es_fdr=0.737 mx_fdr=0.281; color_C_supernatant rho=0.060 es_fdr=0.997 mx_fdr=0.502
3441	4	3	Polidocanol [M+NH4]+; [(2S,3R,4S,5R,6R)-6-[[(2R,3S,4S,5R,6R)-3,4-dihydroxy-6-[(2E,6E,10E)-3,7,11,15-tetramethylhexadeca-2,6,10,14-tetraenoxy]-5-[(2S,3R,4R,5S,6S)-3,4,5-triacetyloxy-6-methyloxan-2-yl]oxyoxan-2-yl]methoxy]-4,5-dihydroxy-2-methyloxan-3-yl] acetate [M+NH4]+; C20H40O5 (formula only)	growth_supernatant	False	growth_supernatant	growth_cell rho=0.161 es_fdr=0.626 mx_fdr=0.231; growth_supernatant rho=0.208 es_fdr=0.017 mx_fdr=0.022; color_a_cell rho=0.046 es_fdr=0.916 mx_fdr=0.468; color_a_supernatant rho=0.028 es_fdr=1.000 mx_fdr=0.499; color_C_cell rho=0.058 es_fdr=0.956 mx_fdr=0.479; color_C_supernatant rho=0.026 es_fdr=1.000 mx_fdr=0.502
3477	2	1	3-{[(1R,2S,5S)-3-[(2S)-2-{[tert-butyl(methyl)carbamoyl]amino}-3,3-dimethylbutanoyl]-6,6-dimethyl-3-azabicyclo[3.1.0]hexan-2-yl]formamido}-4-cyclobutyl-2-oxobutanamide	growth_supernatant	False	growth_supernatant	growth_cell rho=0.034 es_fdr=0.830 mx_fdr=0.406; growth_supernatant rho=0.228 es_fdr=0.030 mx_fdr=0.000; color_a_cell rho=0.078 es_fdr=0.652 mx_fdr=0.331; color_a_supernatant rho=0.071 es_fdr=0.989 mx_fdr=0.497; color_C_cell rho=0.082 es_fdr=0.844 mx_fdr=0.404; color_C_supernatant rho=0.063 es_fdr=0.997 mx_fdr=0.502
3478	9	3	Polidocanol [M+NH4]+; Spectral Match to Ile-Gly-Ile from NIST14 M+H; 2-(2-{2-[2-(2-{2-[2-(2-amino-3-hydroxybutanamido)-3-methylpentanamido]-3-hydroxybutanamido}-4-methylpentanamido)-4-(methylsulfanyl)butanamido]-4-methylpentanamido}-5-carbamimidamidopentanamido)-5-carbamimidamidopentanoic acid	growth_supernatant	False	growth_supernatant	growth_cell rho=0.054 es_fdr=0.987 mx_fdr=0.486; growth_supernatant rho=0.233 es_fdr=0.034 mx_fdr=0.031; color_a_cell rho=0.207 es_fdr=0.423 mx_fdr=0.210; color_a_supernatant rho=0.188 es_fdr=0.989 mx_fdr=0.414; color_C_cell rho=0.149 es_fdr=0.760 mx_fdr=0.364; color_C_supernatant rho=0.122 es_fdr=0.997 mx_fdr=0.502
3480	2	2	Spectral Match to Phe-Val-Lys from NIST14 M+2H; N6-isopentyl adenosine CollisionEnergy:205060 M+H	growth_supernatant	False	growth_supernatant	growth_cell rho=0.031 es_fdr=0.958 mx_fdr=0.486; growth_supernatant rho=0.188 es_fdr=0.077 mx_fdr=0.029; color_a_cell rho=0.016 es_fdr=0.995 mx_fdr=0.495; color_a_supernatant rho=0.071 es_fdr=0.989 mx_fdr=0.497; color_C_cell rho=0.020 es_fdr=0.995 mx_fdr=0.494; color_C_supernatant rho=0.074 es_fdr=0.997 mx_fdr=0.502
3484	4	2	Spectral Match to Tris(2-butoxyethyl) phosphate from NIST14 M+H; C66H127N2O20P (formula only)	growth_supernatant	False	growth_supernatant	growth_cell rho=0.071 es_fdr=0.841 mx_fdr=0.432; growth_supernatant rho=0.219 es_fdr=0.087 mx_fdr=0.017; color_a_cell rho=0.123 es_fdr=0.765 mx_fdr=0.331; color_a_supernatant rho=0.064 es_fdr=0.997 mx_fdr=0.497; color_C_cell rho=0.130 es_fdr=0.875 mx_fdr=0.365; color_C_supernatant rho=0.065 es_fdr=0.997 mx_fdr=0.502
3556	16	6	(2-aminoethoxy)[3-(heptadecanoyloxy)-2-(undec-9-enoyloxy)propoxy]phosphinic acid; Spectral Match to Ile-Pro-Lys from NIST14 M+2H; Spectral Match to Val-Asp from NIST14 M+H-H2O; 2-[[2-[(2-Amino-3-methylbutanoyl)amino]-4-methylpentanoyl]amino]-3-methylbutanoic acid; C75H135N11O12 (formula only); 3-Hexadecyl-1,1-bis(2-hydroxyethyl)urea	growth_supernatant	False	growth_supernatant	growth_cell rho=0.163 es_fdr=0.720 mx_fdr=0.321; growth_supernatant rho=0.261 es_fdr=0.026 mx_fdr=0.022; color_a_cell rho=0.148 es_fdr=0.653 mx_fdr=0.342; color_a_supernatant rho=0.135 es_fdr=0.989 mx_fdr=0.497; color_C_cell rho=0.148 es_fdr=0.785 mx_fdr=0.422; color_C_supernatant rho=0.112 es_fdr=0.997 mx_fdr=0.502
3566	2	1	2-{[1-(2-{[(tert-butoxy)carbonyl]amino}propanoyl)piperidin-4-yl]formamido}-3-methylbutanoic acid	growth_supernatant	False	growth_supernatant	growth_cell rho=0.092 es_fdr=0.772 mx_fdr=0.366; growth_supernatant rho=0.205 es_fdr=0.034 mx_fdr=0.017; color_a_cell rho=0.091 es_fdr=0.797 mx_fdr=0.364; color_a_supernatant rho=0.109 es_fdr=0.989 mx_fdr=0.497; color_C_cell rho=0.092 es_fdr=0.909 mx_fdr=0.434; color_C_supernatant rho=0.095 es_fdr=0.997 mx_fdr=0.502
3572	8	4	2-[[(2R)-2-hydroperoxy-3-[(9Z,12Z,15Z)-octadeca-9,12,15-trienoyl]oxypropoxy]-hydroxyphosphoryl]oxyethyl-trimethylazanium; Spectral Match to Tyr-Pro-Phe from NIST14 M+H; Polidocanol [M+NH4]+; Spectral Match to PyroGlu-Ile-Arg from NIST14 M+H	growth_supernatant	False	growth_supernatant	growth_cell rho=0.126 es_fdr=0.626 mx_fdr=0.365; growth_supernatant rho=0.190 es_fdr=0.049 mx_fdr=0.061; color_a_cell rho=0.138 es_fdr=0.621 mx_fdr=0.331; color_a_supernatant rho=0.071 es_fdr=0.993 mx_fdr=0.499; color_C_cell rho=0.122 es_fdr=0.908 mx_fdr=0.428; color_C_supernatant rho=0.082 es_fdr=0.997 mx_fdr=0.502
3573	11	5	C39H67O4 (formula only); [(2R)-3-[2-aminoethoxy(hydroxy)phosphoryl]oxy-2-trideca-3,6-dienoyloxypropyl] trideca-3,6-dienoate; [3,4-bis(acetyloxy)-5-hydroxy-6-[4-hydroxy-2-(9-hydroxy-3,7,11-trimethyldodeca-2,6,10-trien-1-yl)-5-methylphenoxy]oxan-2-yl]methyl acetate; Spectral Match to Ile-Pro-Lys from NIST14 M+H; Massbank:ET201705 PRZ_M477 M+H	growth_supernatant	False	growth_supernatant	growth_cell rho=0.154 es_fdr=0.626 mx_fdr=0.310; growth_supernatant rho=0.193 es_fdr=0.034 mx_fdr=0.069; color_a_cell rho=0.103 es_fdr=0.765 mx_fdr=0.437; color_a_supernatant rho=0.172 es_fdr=0.989 mx_fdr=0.441; color_C_cell rho=0.088 es_fdr=0.971 mx_fdr=0.489; color_C_supernatant rho=0.159 es_fdr=0.997 mx_fdr=0.502
3578	2	2	tert-butyl N-[(S)-{[(1S)-1-[(1-{[(benzylcarbamoyl)methyl]carbamoyl}-1-oxopentan-2-yl)carbamoyl]-3-methylbutyl]carbamoyl}(cyclohexyl)methyl]carbamate; Massbank:ET201705 PRZ_M477 M+H	growth_supernatant	False	growth_supernatant	growth_cell rho=0.077 es_fdr=0.678 mx_fdr=0.375; growth_supernatant rho=0.302 es_fdr=0.000 mx_fdr=0.000; color_a_cell rho=0.109 es_fdr=0.663 mx_fdr=0.326; color_a_supernatant rho=0.083 es_fdr=0.989 mx_fdr=0.497; color_C_cell rho=0.090 es_fdr=0.854 mx_fdr=0.428; color_C_supernatant rho=0.065 es_fdr=0.997 mx_fdr=0.502
3620	2	0		growth_supernatant	False	growth_supernatant	growth_cell rho=0.080 es_fdr=0.753 mx_fdr=0.366; growth_supernatant rho=0.169 es_fdr=0.083 mx_fdr=0.045; color_a_cell rho=0.114 es_fdr=0.525 mx_fdr=0.323; color_a_supernatant rho=0.102 es_fdr=0.989 mx_fdr=0.497; color_C_cell rho=0.121 es_fdr=0.760 mx_fdr=0.365; color_C_supernatant rho=0.061 es_fdr=0.997 mx_fdr=0.502
3634	5	2	Phytoceramide C2 CollisionEnergy:205060 M+H; Sarmentoside B M+H	growth_supernatant	False	growth_supernatant	growth_cell rho=0.157 es_fdr=0.612 mx_fdr=0.270; growth_supernatant rho=0.201 es_fdr=0.042 mx_fdr=0.036; color_a_cell rho=0.127 es_fdr=0.644 mx_fdr=0.335; color_a_supernatant rho=0.096 es_fdr=0.989 mx_fdr=0.497; color_C_cell rho=0.109 es_fdr=0.908 mx_fdr=0.444; color_C_supernatant rho=0.097 es_fdr=0.997 mx_fdr=0.502
3682	33	18	Spectral Match to Ile-Pro-Lys from NIST14 M+2H; (2R,3R,4S,5S,6R)-2-[(2R,3S,4R,5R,6R)-4,5-dihydroxy-2-(hydroxymethyl)-6-[(2R)-2-[[(2R,3R,4S,5R)-3,4,5-trihydroxyoxan-2-yl]oxymethyl]hexoxy]oxan-3-yl]oxy-6-(hydroxymethyl)oxane-3,4,5-triol; N-(2-octadecanamidoethyl)octadecanamide; [2-[(4Z,7Z,10Z,13Z,16Z,19Z)-docosa-4,7,10,13,16,19-hexaenoyl]oxy-3-nonoxypropyl] 2-(trimethylazaniumyl)ethyl phosphate; Spe	growth_supernatant	False	growth_supernatant	growth_cell rho=0.159 es_fdr=0.635 mx_fdr=0.358; growth_supernatant rho=0.286 es_fdr=0.040 mx_fdr=0.011; color_a_cell rho=0.147 es_fdr=0.652 mx_fdr=0.391; color_a_supernatant rho=0.150 es_fdr=0.989 mx_fdr=0.497; color_C_cell rho=0.144 es_fdr=0.864 mx_fdr=0.454; color_C_supernatant rho=0.125 es_fdr=0.997 mx_fdr=0.502
3690	4	1	C45H68O7 (formula only)	growth_supernatant	False	growth_supernatant	growth_cell rho=0.067 es_fdr=0.826 mx_fdr=0.429; growth_supernatant rho=0.232 es_fdr=0.060 mx_fdr=0.011; color_a_cell rho=0.130 es_fdr=0.579 mx_fdr=0.325; color_a_supernatant rho=0.102 es_fdr=0.989 mx_fdr=0.497; color_C_cell rho=0.120 es_fdr=0.833 mx_fdr=0.403; color_C_supernatant rho=0.103 es_fdr=0.997 mx_fdr=0.502
3708	23	7	2-[[3-Carboxy-3-(methylamino)propyl]amino]-4-methylpentanoic acid; C21H25Br4N3O6 (formula only); Spectral Match to 1-Hexadecyl-2-(9Z-octadecenoyl)-sn-glycero-3-phosphocholine from NIST14 M+H; 1-[4-(4-methylpent-3-en-1-yl)cyclohex-3-en-1-yl]ethan-1-one; Neomaclafungin E; 1-(1H-Imidazo[4,5-b]pyridin-2-yl)ethanone; Thr Tyr Gly Gly	growth_supernatant	False	growth_supernatant	growth_cell rho=0.134 es_fdr=0.626 mx_fdr=0.400; growth_supernatant rho=0.194 es_fdr=0.017 mx_fdr=0.078; color_a_cell rho=0.188 es_fdr=0.569 mx_fdr=0.271; color_a_supernatant rho=0.152 es_fdr=0.989 mx_fdr=0.497; color_C_cell rho=0.120 es_fdr=0.948 mx_fdr=0.479; color_C_supernatant rho=0.143 es_fdr=0.997 mx_fdr=0.502
3727	2	2	1-[2-({1-[(tert-butoxy)carbonyl]-4-phenylpiperidin-4-yl}formamido)-3-methylpentanoyl]pyrrolidine-2-carboxylic acid; H-Arg-Ala-Arg-al	growth_supernatant	False	growth_supernatant	growth_cell rho=0.056 es_fdr=0.820 mx_fdr=0.420; growth_supernatant rho=0.172 es_fdr=0.115 mx_fdr=0.040; color_a_cell rho=0.066 es_fdr=0.789 mx_fdr=0.401; color_a_supernatant rho=0.048 es_fdr=0.989 mx_fdr=0.497; color_C_cell rho=0.038 es_fdr=0.974 mx_fdr=0.480; color_C_supernatant rho=0.047 es_fdr=0.997 mx_fdr=0.502
3739	2	1	C38H41N3O5 (formula only)	growth_supernatant	False	growth_supernatant	growth_cell rho=0.079 es_fdr=0.675 mx_fdr=0.378; growth_supernatant rho=0.192 es_fdr=0.080 mx_fdr=0.031; color_a_cell rho=0.095 es_fdr=0.631 mx_fdr=0.340; color_a_supernatant rho=0.076 es_fdr=0.989 mx_fdr=0.497; color_C_cell rho=0.112 es_fdr=0.833 mx_fdr=0.386; color_C_supernatant rho=0.089 es_fdr=0.997 mx_fdr=0.502
3744	4	2	H-Leu-Val-Phe-Pro-Asp-OH; [(4E,6Z,8S,9S,10E,12S,13R,14S,16R,20E)-13-hydroxy-8,14,19-trimethoxy-4,10,12,16-tetramethyl-3,22-dioxo-20-propan-2-yloxyimino-2-azabicyclo[16.3.1]docosa-1(21),4,6,10,18-pentaen-9-yl] carbamate	growth_supernatant	False	growth_supernatant	growth_cell rho=0.022 es_fdr=0.994 mx_fdr=0.506; growth_supernatant rho=0.220 es_fdr=0.017 mx_fdr=0.011; color_a_cell rho=0.089 es_fdr=0.697 mx_fdr=0.373; color_a_supernatant rho=0.058 es_fdr=0.993 mx_fdr=0.497; color_C_cell rho=0.088 es_fdr=0.909 mx_fdr=0.444; color_C_supernatant rho=0.073 es_fdr=0.997 mx_fdr=0.502
3786	2	1	Massbank:RP030602 N6-Isopentenyladenosine|Riboprine|(2R,3S,4R,5R)-2-(hydroxymethyl)-5-[6-(3-methylbut-2-enylamino)purin-9-yl]oxolane-3,4-diol M+H	growth_supernatant	False	growth_supernatant	growth_cell rho=0.136 es_fdr=0.501 mx_fdr=0.231; growth_supernatant rho=0.167 es_fdr=0.087 mx_fdr=0.038; color_a_cell rho=0.001 es_fdr=1.000 mx_fdr=0.520; color_a_supernatant rho=0.059 es_fdr=0.989 mx_fdr=0.497; color_C_cell rho=0.020 es_fdr=0.956 mx_fdr=0.480; color_C_supernatant rho=0.053 es_fdr=0.997 mx_fdr=0.502
3787	3	2	Ac-L-Val-L-Val-[(3S)-2-Oxo-3-amino*pentanoyl]-D-Leu-L-Val-OH; Spectral Match to Phe-Leu from NIST14 M+H	growth_supernatant	False	growth_supernatant	growth_cell rho=0.087 es_fdr=0.775 mx_fdr=0.366; growth_supernatant rho=0.180 es_fdr=0.078 mx_fdr=0.031; color_a_cell rho=0.107 es_fdr=0.611 mx_fdr=0.327; color_a_supernatant rho=0.084 es_fdr=0.989 mx_fdr=0.497; color_C_cell rho=0.079 es_fdr=0.902 mx_fdr=0.444; color_C_supernatant rho=0.060 es_fdr=0.997 mx_fdr=0.502
3831	13	10	C27H40O5 (formula only); Spectral Match to Phe-Gly-Phe from NIST14 M+H; Benzyloxycarbonylalanyl-leucyl-arginine-2-naphthylamide; Polidocanol [M+NH4]+; 3-hydroxylauroyl amylamine [M+H]+ [M+H]+; (3-Hexadecanoyloxy-2-hydroperoxypropyl) 2-(trimethylazaniumyl)ethyl phosphate; CB29 (derivative 14); Psi-Baptigenin; 2-amino-3-[3-(2-amino-2-carboxyethyl)phenyl]propanoic acid; Spectral Match to Phe-Val-Lys 	growth_supernatant	False	growth_supernatant	growth_cell rho=0.212 es_fdr=0.467 mx_fdr=0.162; growth_supernatant rho=0.254 es_fdr=0.026 mx_fdr=0.000; color_a_cell rho=0.143 es_fdr=0.584 mx_fdr=0.342; color_a_supernatant rho=0.103 es_fdr=0.993 mx_fdr=0.497; color_C_cell rho=0.162 es_fdr=0.860 mx_fdr=0.365; color_C_supernatant rho=0.097 es_fdr=0.997 mx_fdr=0.502
3843	4	1	tert-butyl N-[(2S,3S,5S)-3-hydroxy-6-[[(1S,2R)-2-hydroxy-2,3-dihydro-1H-inden-1-yl]amino]-5-[(4-methylphenyl)methyl]-6-oxo-1-phenylhexan-2-yl]carbamate	growth_supernatant	False	growth_supernatant	growth_cell rho=0.056 es_fdr=0.892 mx_fdr=0.411; growth_supernatant rho=0.216 es_fdr=0.126 mx_fdr=0.022; color_a_cell rho=0.025 es_fdr=0.968 mx_fdr=0.493; color_a_supernatant rho=0.063 es_fdr=0.992 mx_fdr=0.497; color_C_cell rho=0.039 es_fdr=0.986 mx_fdr=0.487; color_C_supernatant rho=0.050 es_fdr=0.997 mx_fdr=0.502
3848	2	0		growth_supernatant	False	growth_supernatant	growth_cell rho=0.081 es_fdr=0.681 mx_fdr=0.385; growth_supernatant rho=0.171 es_fdr=0.077 mx_fdr=0.045; color_a_cell rho=0.103 es_fdr=0.582 mx_fdr=0.331; color_a_supernatant rho=0.089 es_fdr=0.989 mx_fdr=0.497; color_C_cell rho=0.101 es_fdr=0.860 mx_fdr=0.415; color_C_supernatant rho=0.100 es_fdr=0.997 mx_fdr=0.502
3870	6	2	3,4-dihydroxy-6-{[9-hydroxy-4-(hydroxymethyl)-4,6a,6b,8a,11,11,14b-heptamethyl-1,2,3,4,4a,5,6,6a,6b,7,8,8a,9,10,11,12,12a,14,14a,14b-icosahydropicen-3-yl]oxy}-5-{[3,4,5-trihydroxy-6-(hydroxymethyl)oxan-2-yl]oxy}oxane-2-carboxylic acid; Acetamide, N-(4-hexyl-1-cyclohexyl)-	growth_supernatant	False	growth_supernatant	growth_cell rho=0.153 es_fdr=0.610 mx_fdr=0.266; growth_supernatant rho=0.218 es_fdr=0.037 mx_fdr=0.011; color_a_cell rho=0.114 es_fdr=0.463 mx_fdr=0.352; color_a_supernatant rho=0.119 es_fdr=0.989 mx_fdr=0.497; color_C_cell rho=0.105 es_fdr=0.833 mx_fdr=0.443; color_C_supernatant rho=0.103 es_fdr=0.997 mx_fdr=0.502
3883	13	9	N(6)-(L-homocysteinyl)-L-lysyl-L-lysyl-L-lysyl-L-lysine; Spectral Match to Ile-Pro-Lys from NIST14 M+H; Spectral Match to Ile-Val-Lys from NIST14 M+H; 3-[[4-(Aminomethyl)phenyl]methylamino]-2-methylpropanoic acid; [2-hydroxy-3-[(9Z,11E,13E)-octadeca-9,11,13-trienoyl]oxypropyl] 2-(trimethylazaniumyl)ethyl phosphate; Spectral Match to Leu-Phe from NIST14 M+H; Spectral Match to Phe-Pro from NIST14 M+	growth_supernatant	False	growth_supernatant	growth_cell rho=0.116 es_fdr=0.820 mx_fdr=0.397; growth_supernatant rho=0.218 es_fdr=0.030 mx_fdr=0.034; color_a_cell rho=0.156 es_fdr=0.423 mx_fdr=0.323; color_a_supernatant rho=0.120 es_fdr=0.989 mx_fdr=0.497; color_C_cell rho=0.154 es_fdr=0.692 mx_fdr=0.386; color_C_supernatant rho=0.123 es_fdr=0.997 mx_fdr=0.502
3896	2	0		growth_supernatant	False	growth_supernatant	growth_cell rho=0.040 es_fdr=0.890 mx_fdr=0.463; growth_supernatant rho=0.197 es_fdr=0.056 mx_fdr=0.025; color_a_cell rho=0.121 es_fdr=0.645 mx_fdr=0.310; color_a_supernatant rho=0.040 es_fdr=0.993 mx_fdr=0.497; color_C_cell rho=0.141 es_fdr=0.785 mx_fdr=0.364; color_C_supernatant rho=0.063 es_fdr=0.997 mx_fdr=0.502
3919	4	3	Massbank:ET201705 PRZ_M477 M+H; C62H110N15O12P (formula only)	growth_supernatant	False	growth_supernatant	growth_cell rho=0.103 es_fdr=0.644 mx_fdr=0.386; growth_supernatant rho=0.227 es_fdr=0.017 mx_fdr=0.017; color_a_cell rho=0.029 es_fdr=1.000 mx_fdr=0.503; color_a_supernatant rho=0.189 es_fdr=0.738 mx_fdr=0.256; color_C_cell rho=0.045 es_fdr=0.997 mx_fdr=0.502; color_C_supernatant rho=0.156 es_fdr=0.997 mx_fdr=0.502
3926	2	1	Aspergillusenes A M+H	growth_supernatant	False	growth_supernatant	growth_cell rho=0.037 es_fdr=0.960 mx_fdr=0.468; growth_supernatant rho=0.226 es_fdr=0.017 mx_fdr=0.000; color_a_cell rho=0.076 es_fdr=0.770 mx_fdr=0.391; color_a_supernatant rho=0.072 es_fdr=0.989 mx_fdr=0.497; color_C_cell rho=0.116 es_fdr=0.860 mx_fdr=0.372; color_C_supernatant rho=0.075 es_fdr=0.997 mx_fdr=0.502
3950	2	2	Pyridoxal; Polidocanol [M+NH4]+	growth_supernatant	False	growth_supernatant	growth_cell rho=0.055 es_fdr=0.795 mx_fdr=0.426; growth_supernatant rho=0.202 es_fdr=0.030 mx_fdr=0.000; color_a_cell rho=0.114 es_fdr=0.634 mx_fdr=0.323; color_a_supernatant rho=0.053 es_fdr=0.989 mx_fdr=0.497; color_C_cell rho=0.070 es_fdr=0.908 mx_fdr=0.444; color_C_supernatant rho=0.068 es_fdr=0.997 mx_fdr=0.502
3951	4	4	Spectral Match to Ile-Pro-Lys from NIST14 M+H; 2-((3-Methylundecyl)amino)ethyl methacrylate; 186534-01-0 [M+H]+; Spectral Match to Hexapropylene glycol from NIST14 M+H	growth_supernatant	False	growth_supernatant	growth_cell rho=0.109 es_fdr=0.626 mx_fdr=0.363; growth_supernatant rho=0.210 es_fdr=0.089 mx_fdr=0.036; color_a_cell rho=0.158 es_fdr=0.652 mx_fdr=0.232; color_a_supernatant rho=0.073 es_fdr=0.993 mx_fdr=0.497; color_C_cell rho=0.134 es_fdr=0.860 mx_fdr=0.365; color_C_supernatant rho=0.067 es_fdr=0.997 mx_fdr=0.502
3952	3	1	N-(5Z,8Z,11Z,14Z-tetracosatetraenoyl)-ethanolamine	growth_supernatant	False	growth_supernatant	growth_cell rho=0.089 es_fdr=0.752 mx_fdr=0.392; growth_supernatant rho=0.181 es_fdr=0.118 mx_fdr=0.036; color_a_cell rho=0.066 es_fdr=0.948 mx_fdr=0.422; color_a_supernatant rho=0.064 es_fdr=0.993 mx_fdr=0.497; color_C_cell rho=0.041 es_fdr=0.958 mx_fdr=0.489; color_C_supernatant rho=0.074 es_fdr=0.997 mx_fdr=0.502
3969	2	1	Spectral Match to Ile-Val-Lys from NIST14 M+H	growth_supernatant	False	growth_supernatant	growth_cell rho=0.093 es_fdr=0.626 mx_fdr=0.310; growth_supernatant rho=0.172 es_fdr=0.118 mx_fdr=0.049; color_a_cell rho=0.054 es_fdr=0.742 mx_fdr=0.371; color_a_supernatant rho=0.078 es_fdr=0.989 mx_fdr=0.497; color_C_cell rho=0.019 es_fdr=0.960 mx_fdr=0.484; color_C_supernatant rho=0.085 es_fdr=0.997 mx_fdr=0.502
4009	2	2	1,1,1-Tris(fluoromethoxy)-2-methoxyethane; N-(1H-indol-5-yl)-1-[3-methyl-2-[[2-(methylamino)-1-oxopropyl]amino]-1-oxobutyl]-2-pyrrolidinecarboxamide	growth_supernatant	False	growth_supernatant	growth_cell rho=0.111 es_fdr=0.752 mx_fdr=0.326; growth_supernatant rho=0.233 es_fdr=0.017 mx_fdr=0.011; color_a_cell rho=0.029 es_fdr=0.956 mx_fdr=0.480; color_a_supernatant rho=0.047 es_fdr=0.993 mx_fdr=0.497; color_C_cell rho=0.061 es_fdr=0.908 mx_fdr=0.460; color_C_supernatant rho=0.051 es_fdr=0.997 mx_fdr=0.502
4010	7	7	C8H13Br4NO4 (formula only); Spectral Match to Leu-His from NIST14 M+H; Spectral Match to Ile-Pro-Lys from NIST14 M+2H; (S)-N,N'-Didecyl-2-((4-(((2,4-diamino-6-pteridinyl)methyl)methylamino)benzoyl)amino)pentanediamide; Spectral Match to 1-Hexadecyl-2-(9Z-octadecenoyl)-sn-glycero-3-phosphocholine from NIST14 M+H; cyclo(tyrosyl-prolyl) [M+H]+; Massbank:NA000358 Lupinine|[(1R,9aR)-2,3,4,6,7,8,9,9a-oc	growth_supernatant	False	growth_supernatant	growth_cell rho=0.130 es_fdr=0.626 mx_fdr=0.326; growth_supernatant rho=0.152 es_fdr=0.042 mx_fdr=0.151; color_a_cell rho=0.104 es_fdr=0.815 mx_fdr=0.401; color_a_supernatant rho=0.100 es_fdr=0.989 mx_fdr=0.497; color_C_cell rho=0.081 es_fdr=0.971 mx_fdr=0.486; color_C_supernatant rho=0.107 es_fdr=0.997 mx_fdr=0.502
4025	8	2	[2-[(7E,9E,11E,13E)-hexadeca-7,9,11,13-tetraenoyl]oxy-3-[(E)-undec-4-enoyl]oxypropyl] 2-(trimethylazaniumyl)ethyl phosphate; 4-(2-Methylpropoxycarbonyl)benzoate	growth_supernatant	False	growth_supernatant	growth_cell rho=0.090 es_fdr=0.965 mx_fdr=0.463; growth_supernatant rho=0.240 es_fdr=0.034 mx_fdr=0.011; color_a_cell rho=0.103 es_fdr=0.857 mx_fdr=0.430; color_a_supernatant rho=0.123 es_fdr=0.989 mx_fdr=0.497; color_C_cell rho=0.091 es_fdr=0.958 mx_fdr=0.479; color_C_supernatant rho=0.103 es_fdr=0.997 mx_fdr=0.502
4035	2	0		growth_supernatant	False	growth_supernatant	growth_cell rho=0.167 es_fdr=0.580 mx_fdr=0.224; growth_supernatant rho=0.252 es_fdr=0.000 mx_fdr=0.000; color_a_cell rho=0.042 es_fdr=0.916 mx_fdr=0.450; color_a_supernatant rho=0.049 es_fdr=0.989 mx_fdr=0.497; color_C_cell rho=0.041 es_fdr=0.979 mx_fdr=0.480; color_C_supernatant rho=0.029 es_fdr=0.997 mx_fdr=0.502
4053	7	1	Polidocanol [M+NH4]+	growth_supernatant	False	growth_supernatant	growth_cell rho=0.075 es_fdr=0.779 mx_fdr=0.469; growth_supernatant rho=0.237 es_fdr=0.000 mx_fdr=0.011; color_a_cell rho=0.130 es_fdr=0.828 mx_fdr=0.331; color_a_supernatant rho=0.105 es_fdr=0.989 mx_fdr=0.497; color_C_cell rho=0.108 es_fdr=0.948 mx_fdr=0.444; color_C_supernatant rho=0.106 es_fdr=0.997 mx_fdr=0.502
4070	2	2	4-(2-{4-[2-(2-acetamido-3-methylbutanamido)-3-methylbutanamido]-3-hydroxy-6-methylheptanamido}propanamido)-3,7-dihydroxy-6-methylheptanoic acid; C40H83N3O2 (formula only)	growth_supernatant	False	growth_supernatant	growth_cell rho=0.050 es_fdr=0.858 mx_fdr=0.444; growth_supernatant rho=0.220 es_fdr=0.042 mx_fdr=0.017; color_a_cell rho=0.117 es_fdr=0.645 mx_fdr=0.322; color_a_supernatant rho=0.099 es_fdr=0.989 mx_fdr=0.497; color_C_cell rho=0.086 es_fdr=0.908 mx_fdr=0.428; color_C_supernatant rho=0.067 es_fdr=0.997 mx_fdr=0.502
4074	4	2	Spectral Match to Ile-Val-Lys from NIST14 M+H; N(6)-(L-homocysteinyl)-L-lysyl-L-lysyl-L-lysyl-L-lysine	growth_supernatant	False	growth_supernatant	growth_cell rho=0.091 es_fdr=0.642 mx_fdr=0.324; growth_supernatant rho=0.211 es_fdr=0.054 mx_fdr=0.000; color_a_cell rho=0.060 es_fdr=0.728 mx_fdr=0.369; color_a_supernatant rho=0.119 es_fdr=0.989 mx_fdr=0.497; color_C_cell rho=0.076 es_fdr=0.860 mx_fdr=0.413; color_C_supernatant rho=0.128 es_fdr=0.997 mx_fdr=0.502
4078	4	1	Glycine_2-Heptanone (known isomers: 0; isobaric peaks in run: 1) [M+H]+	growth_supernatant	False	growth_supernatant	growth_cell rho=0.091 es_fdr=0.757 mx_fdr=0.359; growth_supernatant rho=0.204 es_fdr=0.034 mx_fdr=0.025; color_a_cell rho=0.124 es_fdr=0.511 mx_fdr=0.310; color_a_supernatant rho=0.114 es_fdr=0.989 mx_fdr=0.497; color_C_cell rho=0.116 es_fdr=0.760 mx_fdr=0.372; color_C_supernatant rho=0.118 es_fdr=0.997 mx_fdr=0.502
4096	2	1	Polidocanol [M+NH4]+	growth_supernatant	False	growth_supernatant	growth_cell rho=0.090 es_fdr=0.642 mx_fdr=0.326; growth_supernatant rho=0.275 es_fdr=0.000 mx_fdr=0.000; color_a_cell rho=0.032 es_fdr=0.838 mx_fdr=0.409; color_a_supernatant rho=0.106 es_fdr=0.989 mx_fdr=0.497; color_C_cell rho=0.011 es_fdr=0.986 mx_fdr=0.494; color_C_supernatant rho=0.121 es_fdr=0.997 mx_fdr=0.502
4136	11	5	1,3-Propanedione, 1,3-bis(4-methyl-1-piperazinyl)-; Benzyl gentiobioside [M+NH4]+; tert-butyl N-[(2S)-1-[(2S)-2-[(1-amino-5,5-dimethyl-1,2-dioxohexan-3-yl)carbamoyl]-6,6-dimethyl-3-azabicyclo[3.1.0]hexan-3-yl]-3,3-dimethyl-1-oxobutan-2-yl]carbamate; 2-(3-methyl-2-{[(2,3,4,5-tetrahydroxyoxan-2-yl)methyl]amino}pentanamido)pentanedioic acid; Spectral Match to 1-(9Z-Octadecenoyl)-2-tetradecanoyl-sn-gl	growth_supernatant	False	growth_supernatant	growth_cell rho=0.132 es_fdr=0.610 mx_fdr=0.366; growth_supernatant rho=0.205 es_fdr=0.078 mx_fdr=0.042; color_a_cell rho=0.124 es_fdr=0.582 mx_fdr=0.387; color_a_supernatant rho=0.113 es_fdr=0.989 mx_fdr=0.497; color_C_cell rho=0.119 es_fdr=0.833 mx_fdr=0.454; color_C_supernatant rho=0.109 es_fdr=0.997 mx_fdr=0.502
4138	2	1	Polidocanol [M+NH4]+	growth_supernatant	False	growth_supernatant	growth_cell rho=0.061 es_fdr=0.890 mx_fdr=0.406; growth_supernatant rho=0.191 es_fdr=0.054 mx_fdr=0.029; color_a_cell rho=0.102 es_fdr=0.698 mx_fdr=0.331; color_a_supernatant rho=0.106 es_fdr=0.989 mx_fdr=0.497; color_C_cell rho=0.104 es_fdr=0.854 mx_fdr=0.389; color_C_supernatant rho=0.100 es_fdr=0.997 mx_fdr=0.502
4230	2	1	Tetradecyl isocyanate	color_a_cell	False	color_a_cell	growth_cell rho=0.057 es_fdr=0.871 mx_fdr=0.426; growth_supernatant rho=0.102 es_fdr=0.546 mx_fdr=0.206; color_a_cell rho=0.253 es_fdr=0.419 mx_fdr=0.000; color_a_supernatant rho=0.081 es_fdr=0.989 mx_fdr=0.497; color_C_cell rho=0.218 es_fdr=0.659 mx_fdr=0.177; color_C_supernatant rho=0.059 es_fdr=0.997 mx_fdr=0.502
4232	2	1	Spectral Match to Ile-Val-Lys from NIST14 M+H	growth_supernatant	False	growth_supernatant	growth_cell rho=0.202 es_fdr=0.467 mx_fdr=0.092; growth_supernatant rho=0.179 es_fdr=0.045 mx_fdr=0.040; color_a_cell rho=0.102 es_fdr=0.697 mx_fdr=0.331; color_a_supernatant rho=0.142 es_fdr=0.989 mx_fdr=0.414; color_C_cell rho=0.114 es_fdr=0.860 mx_fdr=0.378; color_C_supernatant rho=0.144 es_fdr=0.997 mx_fdr=0.502
4237	6	3	H-Lys-Gly-Ala-Ile-Ile-Gly-Leu-Met-al; Cyclo(prolyl-naphthylalanyl-isoleucyl-pipecolyl-pipecolyl-histidyl); Polidocanol [M+NH4]+	color_C_cell; color_a_cell; growth_supernatant	False	color_C_cell; color_a_cell; growth_supernatant	growth_cell rho=0.067 es_fdr=0.979 mx_fdr=0.477; growth_supernatant rho=0.224 es_fdr=0.026 mx_fdr=0.011; color_a_cell rho=0.255 es_fdr=0.385 mx_fdr=0.000; color_a_supernatant rho=0.061 es_fdr=0.993 mx_fdr=0.497; color_C_cell rho=0.217 es_fdr=0.659 mx_fdr=0.000; color_C_supernatant rho=0.086 es_fdr=0.997 mx_fdr=0.502
4244	2	2	(2R)-2-(diaminomethylideneamino)-N-[2-oxo-2-[[(2S)-3-oxo-1-[4-(2-phenylethynyl)phenyl]butan-2-yl]amino]ethyl]-3-phenylpropanamide; 2,2-Dinitropropanol	growth_supernatant	False	growth_supernatant	growth_cell rho=0.113 es_fdr=0.626 mx_fdr=0.319; growth_supernatant rho=0.187 es_fdr=0.065 mx_fdr=0.038; color_a_cell rho=0.130 es_fdr=0.566 mx_fdr=0.288; color_a_supernatant rho=0.020 es_fdr=0.999 mx_fdr=0.509; color_C_cell rho=0.130 es_fdr=0.797 mx_fdr=0.364; color_C_supernatant rho=0.035 es_fdr=0.997 mx_fdr=0.502
4270	3	1	Spectral Match to Diethyltoluamide from NIST14 M+H	growth_supernatant	False	growth_supernatant	growth_cell rho=0.111 es_fdr=0.482 mx_fdr=0.335; growth_supernatant rho=0.178 es_fdr=0.040 mx_fdr=0.049; color_a_cell rho=0.084 es_fdr=0.896 mx_fdr=0.401; color_a_supernatant rho=0.027 es_fdr=0.993 mx_fdr=0.510; color_C_cell rho=0.098 es_fdr=0.884 mx_fdr=0.432; color_C_supernatant rho=0.055 es_fdr=0.997 mx_fdr=0.502
4279	2	1	1-(7-hydroxy-6-methylheptan-2-yl)-9a,11a-dimethyl-hexadecahydro-1H-cyclopenta[a]phenanthrene-2,3,3b,5,6,7-hexol	growth_supernatant	False	growth_supernatant	growth_cell rho=0.112 es_fdr=0.716 mx_fdr=0.326; growth_supernatant rho=0.191 es_fdr=0.000 mx_fdr=0.011; color_a_cell rho=0.085 es_fdr=0.652 mx_fdr=0.345; color_a_supernatant rho=0.028 es_fdr=0.993 mx_fdr=0.497; color_C_cell rho=0.077 es_fdr=0.900 mx_fdr=0.443; color_C_supernatant rho=0.063 es_fdr=0.997 mx_fdr=0.502
4280	4	1	Z2351725570 [M-H]-	growth_supernatant	False	growth_supernatant	growth_cell rho=0.093 es_fdr=0.641 mx_fdr=0.402; growth_supernatant rho=0.193 es_fdr=0.040 mx_fdr=0.031; color_a_cell rho=0.084 es_fdr=0.743 mx_fdr=0.403; color_a_supernatant rho=0.128 es_fdr=0.989 mx_fdr=0.492; color_C_cell rho=0.071 es_fdr=0.919 mx_fdr=0.480; color_C_supernatant rho=0.117 es_fdr=0.997 mx_fdr=0.502
4363	6	1	DGTSA(14:0/16:0); [M+H]+ C40H78N1O7 M+H	growth_supernatant	False	growth_supernatant	growth_cell rho=0.105 es_fdr=0.752 mx_fdr=0.371; growth_supernatant rho=0.185 es_fdr=0.084 mx_fdr=0.038; color_a_cell rho=0.155 es_fdr=0.556 mx_fdr=0.288; color_a_supernatant rho=0.080 es_fdr=0.989 mx_fdr=0.497; color_C_cell rho=0.134 es_fdr=0.783 mx_fdr=0.365; color_C_supernatant rho=0.070 es_fdr=0.997 mx_fdr=0.502
4364	2	1	6-amino-2-[2-(2-amino-4-methylpentanamido)-4-carboxybutanamido]hexanoic acid	growth_supernatant	False	growth_supernatant	growth_cell rho=0.033 es_fdr=0.965 mx_fdr=0.474; growth_supernatant rho=0.174 es_fdr=0.054 mx_fdr=0.047; color_a_cell rho=0.070 es_fdr=0.851 mx_fdr=0.397; color_a_supernatant rho=0.023 es_fdr=1.000 mx_fdr=0.499; color_C_cell rho=0.054 es_fdr=0.956 mx_fdr=0.461; color_C_supernatant rho=0.014 es_fdr=0.998 mx_fdr=0.515
4377	5	2	C31H48O (formula only); C30H57N3O3 (formula only)	growth_supernatant	False	growth_supernatant	growth_cell rho=0.142 es_fdr=0.701 mx_fdr=0.310; growth_supernatant rho=0.168 es_fdr=0.049 mx_fdr=0.073; color_a_cell rho=0.130 es_fdr=0.536 mx_fdr=0.331; color_a_supernatant rho=0.172 es_fdr=0.741 mx_fdr=0.357; color_C_cell rho=0.088 es_fdr=0.860 mx_fdr=0.459; color_C_supernatant rho=0.173 es_fdr=0.997 mx_fdr=0.502
4389	2	0		growth_supernatant	False	growth_supernatant	growth_cell rho=0.099 es_fdr=0.683 mx_fdr=0.346; growth_supernatant rho=0.234 es_fdr=0.037 mx_fdr=0.011; color_a_cell rho=0.040 es_fdr=0.916 mx_fdr=0.464; color_a_supernatant rho=0.031 es_fdr=0.993 mx_fdr=0.497; color_C_cell rho=0.019 es_fdr=0.997 mx_fdr=0.494; color_C_supernatant rho=0.031 es_fdr=0.997 mx_fdr=0.502
4426	2	1	C78H76N6O8 (formula only)	growth_supernatant	False	growth_supernatant	growth_cell rho=0.199 es_fdr=0.419 mx_fdr=0.082; growth_supernatant rho=0.182 es_fdr=0.045 mx_fdr=0.029; color_a_cell rho=0.028 es_fdr=0.891 mx_fdr=0.434; color_a_supernatant rho=0.132 es_fdr=0.989 mx_fdr=0.432; color_C_cell rho=0.007 es_fdr=0.986 mx_fdr=0.499; color_C_supernatant rho=0.145 es_fdr=0.997 mx_fdr=0.502
4433	2	0		growth_supernatant	False	growth_supernatant	growth_cell rho=0.091 es_fdr=0.641 mx_fdr=0.324; growth_supernatant rho=0.189 es_fdr=0.056 mx_fdr=0.025; color_a_cell rho=0.079 es_fdr=0.653 mx_fdr=0.331; color_a_supernatant rho=0.057 es_fdr=0.989 mx_fdr=0.497; color_C_cell rho=0.080 es_fdr=0.833 mx_fdr=0.386; color_C_supernatant rho=0.066 es_fdr=0.997 mx_fdr=0.502
4452	2	1	1,1'-Hexane-1,6-diylbis[3-(6-hydroxyhexyl)urea]	growth_supernatant	False	growth_supernatant	growth_cell rho=0.130 es_fdr=0.626 mx_fdr=0.278; growth_supernatant rho=0.179 es_fdr=0.080 mx_fdr=0.025; color_a_cell rho=0.140 es_fdr=0.511 mx_fdr=0.254; color_a_supernatant rho=0.030 es_fdr=0.993 mx_fdr=0.499; color_C_cell rho=0.133 es_fdr=0.766 mx_fdr=0.364; color_C_supernatant rho=0.050 es_fdr=0.997 mx_fdr=0.502
4455	3	1	C19H34O7 (formula only)	growth_supernatant	False	growth_supernatant	growth_cell rho=0.055 es_fdr=0.798 mx_fdr=0.428; growth_supernatant rho=0.189 es_fdr=0.042 mx_fdr=0.029; color_a_cell rho=0.029 es_fdr=0.967 mx_fdr=0.476; color_a_supernatant rho=0.069 es_fdr=0.989 mx_fdr=0.497; color_C_cell rho=0.069 es_fdr=0.875 mx_fdr=0.444; color_C_supernatant rho=0.068 es_fdr=0.997 mx_fdr=0.502
4480	3	1	5-[(4-Fluorophenyl)diazenyl]-6-hydroxy-1,3-dimethylpyrimidine-2,4-dione	growth_supernatant	False	growth_supernatant	growth_cell rho=0.131 es_fdr=0.494 mx_fdr=0.307; growth_supernatant rho=0.179 es_fdr=0.200 mx_fdr=0.036; color_a_cell rho=0.033 es_fdr=0.974 mx_fdr=0.463; color_a_supernatant rho=0.068 es_fdr=0.989 mx_fdr=0.497; color_C_cell rho=0.048 es_fdr=0.939 mx_fdr=0.473; color_C_supernatant rho=0.090 es_fdr=0.997 mx_fdr=0.502
4486	2	0		growth_supernatant	False	growth_supernatant	growth_cell rho=0.054 es_fdr=0.817 mx_fdr=0.422; growth_supernatant rho=0.205 es_fdr=0.063 mx_fdr=0.017; color_a_cell rho=0.018 es_fdr=0.974 mx_fdr=0.498; color_a_supernatant rho=0.065 es_fdr=0.989 mx_fdr=0.497; color_C_cell rho=0.027 es_fdr=0.986 mx_fdr=0.489; color_C_supernatant rho=0.052 es_fdr=0.997 mx_fdr=0.502
4501	3	0		growth_supernatant	False	growth_supernatant	growth_cell rho=0.061 es_fdr=0.928 mx_fdr=0.430; growth_supernatant rho=0.201 es_fdr=0.034 mx_fdr=0.017; color_a_cell rho=0.071 es_fdr=0.743 mx_fdr=0.401; color_a_supernatant rho=0.126 es_fdr=0.989 mx_fdr=0.460; color_C_cell rho=0.084 es_fdr=0.854 mx_fdr=0.438; color_C_supernatant rho=0.131 es_fdr=0.997 mx_fdr=0.502
4522	2	2	salicortin [M+NH4]+; Fortuneine C	growth_supernatant	False	growth_supernatant	growth_cell rho=0.062 es_fdr=0.881 mx_fdr=0.410; growth_supernatant rho=0.227 es_fdr=0.030 mx_fdr=0.011; color_a_cell rho=0.104 es_fdr=0.649 mx_fdr=0.331; color_a_supernatant rho=0.086 es_fdr=0.989 mx_fdr=0.497; color_C_cell rho=0.104 es_fdr=0.860 mx_fdr=0.405; color_C_supernatant rho=0.095 es_fdr=0.997 mx_fdr=0.502
4573	2	1	2-Ethylhexyl cyclopentanecarboxylate	growth_supernatant	False	growth_supernatant	growth_cell rho=0.085 es_fdr=0.706 mx_fdr=0.366; growth_supernatant rho=0.173 es_fdr=0.101 mx_fdr=0.034; color_a_cell rho=0.088 es_fdr=0.653 mx_fdr=0.352; color_a_supernatant rho=0.035 es_fdr=0.989 mx_fdr=0.497; color_C_cell rho=0.106 es_fdr=0.860 mx_fdr=0.389; color_C_supernatant rho=0.036 es_fdr=0.997 mx_fdr=0.502
4587	2	1	H-Arg-4MbetaNA [M+H]+	growth_supernatant	False	growth_supernatant	growth_cell rho=0.041 es_fdr=0.804 mx_fdr=0.402; growth_supernatant rho=0.233 es_fdr=0.030 mx_fdr=0.011; color_a_cell rho=0.029 es_fdr=0.871 mx_fdr=0.439; color_a_supernatant rho=0.119 es_fdr=0.989 mx_fdr=0.460; color_C_cell rho=0.022 es_fdr=0.956 mx_fdr=0.479; color_C_supernatant rho=0.117 es_fdr=0.997 mx_fdr=0.502
4589	2	0		growth_supernatant	False	growth_supernatant	growth_cell rho=0.000 es_fdr=1.000 mx_fdr=1.000; growth_supernatant rho=0.182 es_fdr=0.060 mx_fdr=0.029; color_a_cell rho=0.000 es_fdr=1.000 mx_fdr=1.000; color_a_supernatant rho=0.155 es_fdr=0.989 mx_fdr=0.414; color_C_cell rho=0.000 es_fdr=1.000 mx_fdr=1.000; color_C_supernatant rho=0.136 es_fdr=0.997 mx_fdr=0.502
4640	4	1	H-Val-Glu-Gln-Val-OH	growth_supernatant	False	growth_supernatant	growth_cell rho=0.081 es_fdr=0.684 mx_fdr=0.405; growth_supernatant rho=0.218 es_fdr=0.042 mx_fdr=0.017; color_a_cell rho=0.070 es_fdr=0.844 mx_fdr=0.439; color_a_supernatant rho=0.098 es_fdr=0.993 mx_fdr=0.497; color_C_cell rho=0.093 es_fdr=0.874 mx_fdr=0.454; color_C_supernatant rho=0.084 es_fdr=0.997 mx_fdr=0.502
4764	2	1	3-(butan-2-yl)-1-(3-hydroxydodecanoyl)-9-(1-hydroxyethyl)-12-(hydroxymethyl)-6,15-bis(2-methylpropyl)-1,4,7,10,13-pentaazacyclopentadecane-2,5,8,11,14-pentone	growth_supernatant	False	growth_supernatant	growth_cell rho=0.002 es_fdr=0.996 mx_fdr=0.494; growth_supernatant rho=0.241 es_fdr=0.042 mx_fdr=0.017; color_a_cell rho=0.166 es_fdr=0.423 mx_fdr=0.186; color_a_supernatant rho=0.082 es_fdr=0.989 mx_fdr=0.497; color_C_cell rho=0.160 es_fdr=0.682 mx_fdr=0.316; color_C_supernatant rho=0.092 es_fdr=0.997 mx_fdr=0.502
